epoch,accuracy,loss,val_accuracy,val_loss,val_precision,val_recall,val_f1
0,0.004082031082361937,11.141199111938477,0.0044531249441206455,10.582574844360352,0.0034210915657775075,0.004456601438217075,0.0034439524631285625
1,0.0063671874813735485,10.71977424621582,0.005546874832361937,10.3247652053833,0.005211388391307042,0.005473491010768947,0.005137336397565166
2,0.008554687723517418,10.40427017211914,0.004843750037252903,10.106481552124023,0.00465796569926626,0.004718317329161812,0.004429414679818647
3,0.010546875186264515,10.085122108459473,0.006718750111758709,9.899127006530762,0.006312255023293003,0.006558416462404733,0.006093303362075983
4,0.01308593712747097,9.797922134399414,0.006718750111758709,9.698227882385254,0.006995837812113779,0.006583496301146839,0.006360170513846109
5,0.017558593302965164,9.522989273071289,0.008437500335276127,9.500809669494629,0.008134085534265919,0.008267738421114893,0.007952427064422226
6,0.022324219346046448,9.244519233703613,0.009531250223517418,9.306917190551758,0.009422404773624408,0.00940390149973726,0.009067628982043989
7,0.02685546875,8.9805326461792,0.012031249701976776,9.109664916992188,0.012510379951298549,0.011914041392158993,0.01172555757263585
8,0.03638671711087227,8.709712982177734,0.014453125186264515,8.904216766357422,0.014703761566556577,0.014224084226800066,0.013834798161248177
9,0.044414062052965164,8.438602447509766,0.01835937425494194,8.686385154724121,0.017404550780136384,0.018045632682997068,0.0169452036552213
10,0.058476563543081284,8.15554428100586,0.02460937574505806,8.449344635009766,0.024129773664201548,0.024161493120561053,0.022769185608890664
11,0.07593750208616257,7.845597743988037,0.03125,8.184564590454102,0.030324995102072955,0.03067180498827175,0.02839393698355818
12,0.09763672202825546,7.5345587730407715,0.045390624552965164,7.898548603057861,0.045424430959905227,0.04451919945176336,0.04143035163409947
13,0.12708984315395355,7.199567794799805,0.06187500059604645,7.592328071594238,0.06065607248391811,0.06078584002027013,0.056150699759797806
14,0.15878906846046448,6.852205753326416,0.09367187321186066,7.258261203765869,0.09294484651070112,0.09202212250999914,0.08585841499370417
15,0.19816406071186066,6.491601467132568,0.12867186963558197,6.897546768188477,0.12892756328423774,0.1266375609617729,0.11908181431929976
16,0.2528320252895355,6.095846652984619,0.18062500655651093,6.504559516906738,0.18527598578071464,0.17805879765251742,0.17004373634054454
17,0.30757811665534973,5.707726955413818,0.24640625715255737,6.088152885437012,0.25215270604962936,0.24324835294427266,0.2349404571233508
18,0.3757031261920929,5.2971296310424805,0.32093751430511475,5.663559436798096,0.32994593591858445,0.3177572690798487,0.3102524521712268
19,0.43904295563697815,4.9166035652160645,0.40335938334465027,5.247666835784912,0.4130865411549891,0.39974465332377734,0.3940057395729885
20,0.509082019329071,4.548064708709717,0.48679688572883606,4.858830451965332,0.4985844976159829,0.48336666429250624,0.4788854840161981
21,0.5641015768051147,4.217588424682617,0.5578906536102295,4.496582984924316,0.5670863166482296,0.5544123552799765,0.5509395653834688
22,0.6187304854393005,3.9169936180114746,0.6288281083106995,4.171640396118164,0.6378921714045493,0.6257197045332301,0.6238039581140966
23,0.6671289205551147,3.6465160846710205,0.6859375238418579,3.8783130645751953,0.6951644063947728,0.6829490164674414,0.6818809832835923
24,0.7071484327316284,3.4098761081695557,0.733203113079071,3.620358467102051,0.7419344639888832,0.7306271364611718,0.7303698844634019
25,0.7403711080551147,3.2037477493286133,0.7721093893051147,3.3858065605163574,0.77943193054989,0.7700488190012585,0.7703443842446569
26,0.7727148532867432,3.0071816444396973,0.8050781488418579,3.176206350326538,0.8107545136546377,0.8032463937992385,0.8034539307390707
27,0.7988476753234863,2.8349814414978027,0.8279687762260437,2.985591411590576,0.833293680912095,0.8266464381545416,0.8267863136149101
28,0.8202539086341858,2.675938367843628,0.8450000286102295,2.8160924911499023,0.8501112308773449,0.8436552778901818,0.8440367594615881
29,0.8403515815734863,2.5377249717712402,0.8622656464576721,2.6620779037475586,0.8658402941076093,0.8613734844613048,0.8616914124714268
30,0.8525781035423279,2.4139084815979004,0.8732030987739563,2.5225541591644287,0.8765651880862142,0.8723970859072754,0.8726715601920916
31,0.8687695264816284,2.28721284866333,0.8843749761581421,2.391953229904175,0.8871944509780343,0.883737876781459,0.8840102609513355
32,0.8788866996765137,2.1795949935913086,0.8930468559265137,2.2710797786712646,0.8955391455969757,0.8922367805148849,0.8925590088736657
33,0.8904492259025574,2.0725152492523193,0.8957812786102295,2.1608705520629883,0.8985921031371198,0.895214225235921,0.8954564840158448
34,0.8997656106948853,1.9808028936386108,0.9024999737739563,2.0558600425720215,0.9049370182401042,0.9020497469987652,0.9022799241325856
35,0.9083593487739563,1.8869396448135376,0.9040625095367432,1.9648280143737793,0.9068247396508875,0.9035751190230807,0.9038859697013917
36,0.9131445288658142,1.8060734272003174,0.908984363079071,1.8750357627868652,0.9108802918662573,0.908519828709079,0.908683945527681
37,0.9190624952316284,1.7276257276535034,0.9125781059265137,1.787400484085083,0.9145085111205977,0.9120187275120378,0.9123353672572287
38,0.9258008003234863,1.6498723030090332,0.9146093726158142,1.7115998268127441,0.9162863621312665,0.9142079578505196,0.9144040033428524
39,0.9320703148841858,1.5751330852508545,0.919140636920929,1.6340984106063843,0.9209838338442535,0.9187111213512635,0.9189580737294898
40,0.9343163967132568,1.5101605653762817,0.9214843511581421,1.566483736038208,0.9230602698326348,0.9209052584754488,0.921210423326477
41,0.9392969012260437,1.4460238218307495,0.9258593916893005,1.4945929050445557,0.9271845175279023,0.9255938561746401,0.9256733472711933
42,0.9408398270606995,1.3909919261932373,0.9260937571525574,1.4372936487197876,0.9278482890762755,0.9258906791392414,0.926031770845435
43,0.9460155963897705,1.3287676572799683,0.9292187690734863,1.3768905401229858,0.9307969007041754,0.9290694192702202,0.9291764911328575
44,0.9471874833106995,1.2784554958343506,0.9290624856948853,1.3217499256134033,0.9306279883595402,0.9287797341481951,0.9288680214450313
45,0.9477929472923279,1.230534315109253,0.9321093559265137,1.2634806632995605,0.9337887191878192,0.9316113046298401,0.9318878622015518
46,0.95068359375,1.1814663410186768,0.9315624833106995,1.2188786268234253,0.932984318232994,0.9310898253711668,0.9313181971857958
47,0.950390636920929,1.1405971050262451,0.9351562261581421,1.1681866645812988,0.9364732081423979,0.9347121553730936,0.9349022123215396
48,0.9537890553474426,1.0938738584518433,0.9317187666893005,1.1269611120224,0.9334520927689745,0.9314128055842874,0.9315335805920353
49,0.9518359303474426,1.0601516962051392,0.9368749856948853,1.0850532054901123,0.9382275274471302,0.9364934482661755,0.9366765639519709
50,0.9550976753234863,1.0171767473220825,0.9368749856948853,1.0442464351654053,0.9382670955298508,0.936568145214461,0.9367731112572271
51,0.955859363079071,0.984568178653717,0.9377343654632568,1.008395791053772,0.9390080402215673,0.9375989966119236,0.9377423614992767
52,0.9571093916893005,0.9514129757881165,0.9393749833106995,0.9736295938491821,0.9407890045790186,0.9390041673749178,0.9391706534960415
53,0.9578515887260437,0.9185583591461182,0.9369531273841858,0.9435501098632812,0.9384333933184228,0.9367286487999734,0.9368774971212342
54,0.9568750262260437,0.8929597735404968,0.9410156011581421,0.910793662071228,0.9423293774445818,0.9407416345768216,0.9408542703085655
55,0.9594922065734863,0.8626043796539307,0.9399999976158142,0.8792100548744202,0.941428392073385,0.9397473091809452,0.9399486927016663
56,0.9600195288658142,0.8329235911369324,0.9396874904632568,0.85399329662323,0.9409460974035586,0.9394315252692752,0.9395471607109999
57,0.9581640362739563,0.8145203590393066,0.9403125047683716,0.830564022064209,0.9414532105707167,0.9400554166958247,0.9401171516203362
58,0.959277331829071,0.7908873558044434,0.9424218535423279,0.8026567101478577,0.9436000833880649,0.9421757133726693,0.9423465086819016
59,0.9593750238418579,0.7689647078514099,0.936328113079071,0.7921539545059204,0.9381030944246831,0.9361066526960062,0.9362918118773622
60,0.9577538967132568,0.7512523531913757,0.9380468726158142,0.767732560634613,0.9395647174635291,0.9377716779368561,0.9379641854256381
61,0.9589257836341858,0.7332226634025574,0.9385156035423279,0.7476294040679932,0.9399058429346664,0.9380523237125078,0.9382691795147218
62,0.9614062309265137,0.7119365930557251,0.9404687285423279,0.7322670221328735,0.9416052682551929,0.940183240346081,0.9402838000702007
63,0.9610156416893005,0.6932157278060913,0.939453125,0.7166233658790588,0.9404890844072478,0.9392201361598618,0.9393156931136124
64,0.9608984589576721,0.6784774661064148,0.9392187595367432,0.7004009485244751,0.9405455257182481,0.9389874887907743,0.9391334883720701
65,0.9627344012260437,0.66217440366745,0.9467187523841858,0.6690329909324646,0.9476207767607073,0.9463511118560816,0.9464477420711302
66,0.96240234375,0.6475675106048584,0.9442187547683716,0.6630197167396545,0.9455211683385292,0.9439596473493004,0.9440638150382002
67,0.9611914157867432,0.6349828839302063,0.9444531202316284,0.6470764875411987,0.9456931494706025,0.9442284256504385,0.9443797806518945
68,0.9594140648841858,0.628537118434906,0.9442187547683716,0.6411795616149902,0.9454938534353462,0.943861937853493,0.9440431818693451
69,0.9601367115974426,0.6188027262687683,0.940234363079071,0.63594651222229,0.941643271092689,0.9400311686530713,0.9401558203107605
70,0.9596288800239563,0.6073766946792603,0.9435155987739563,0.6212048530578613,0.9448869194943129,0.9430792404568317,0.9432765734144953
71,0.9593359231948853,0.5996553301811218,0.942187488079071,0.6059324145317078,0.9433901702727506,0.9419765617212413,0.9420569467257188
72,0.9617578387260437,0.5829408168792725,0.9446094036102295,0.5950326323509216,0.9457077103618161,0.9443011027113859,0.944441951153023
73,0.9605273604393005,0.5762175917625427,0.9431250095367432,0.5908817052841187,0.9444222561565861,0.9426855526763488,0.9429067620794258
74,0.9592382907867432,0.5705363750457764,0.9446874856948853,0.5808839201927185,0.9461183380062809,0.9443986716104662,0.9445562282991287
75,0.9606640338897705,0.5588341355323792,0.9454687237739563,0.5702518224716187,0.9469489524787182,0.9451480106613882,0.9453598496859523
76,0.9587500095367432,0.5573285818099976,0.9446874856948853,0.5654342770576477,0.9455238266210996,0.9444159977868232,0.9445237460903445
77,0.9593164324760437,0.5477162599563599,0.9439843893051147,0.561816930770874,0.9451702529520944,0.9438828863214801,0.9438920735776064
78,0.96142578125,0.5402051210403442,0.9457031488418579,0.5490927696228027,0.9472983771596923,0.9453871156063995,0.9455026883912023
79,0.9607812762260437,0.5309538841247559,0.943359375,0.5485288500785828,0.9449581171559138,0.9432097777967006,0.9431990265961865
80,0.9616601467132568,0.5240076184272766,0.9435155987739563,0.5399583578109741,0.9450357310341106,0.9434217533174041,0.9433814309080152
81,0.9608007669448853,0.5199423432350159,0.9490625262260437,0.5276575684547424,0.9501410508384571,0.9488230533672403,0.9489297669003537
82,0.9604687690734863,0.5160655379295349,0.9456250071525574,0.5290130972862244,0.9464222915722457,0.9453815265610237,0.9453709373734742
83,0.9640820026397705,0.5032965540885925,0.9475781321525574,0.5224000811576843,0.9488085810499418,0.9473380229258486,0.9474234178385638
84,0.9636523723602295,0.4988411068916321,0.946093738079071,0.5141441822052002,0.947324248336726,0.9458481150663977,0.9459275292534466
85,0.9627148509025574,0.4954398274421692,0.946093738079071,0.5114609003067017,0.9470314432746885,0.9458612679772305,0.9459465846405103
86,0.9610937237739563,0.49361076951026917,0.9457812309265137,0.5051062107086182,0.9469080481337288,0.9455816135515329,0.9456535420630048
87,0.9615820050239563,0.49047255516052246,0.9483593702316284,0.5014088153839111,0.9492683814218068,0.9481449786439435,0.9482039352535891
88,0.962597668170929,0.4847530424594879,0.9488281011581421,0.4941898286342621,0.9502130107657558,0.9484964180339588,0.9486913993246084
89,0.9647851586341858,0.47678303718566895,0.9496093988418579,0.4921077787876129,0.9507946386461789,0.9493585991754603,0.9495074969131868
90,0.9650976657867432,0.47001346945762634,0.9478906393051147,0.4915829598903656,0.9489340700377661,0.947584064508652,0.9477107841207235
91,0.9617578387260437,0.4717622995376587,0.9442187547683716,0.4953843355178833,0.9451373552015694,0.9440133599388215,0.9440704899493059
92,0.9616015553474426,0.47016119956970215,0.9469531178474426,0.49301859736442566,0.9481696834049826,0.9468349072429567,0.94689339181077
93,0.9608789086341858,0.47027814388275146,0.9478124976158142,0.4825018048286438,0.9490385550938785,0.9475891142857755,0.9476960472134354
94,0.9617578387260437,0.4659842550754547,0.9482031464576721,0.48146939277648926,0.9493371484663214,0.9478068710442489,0.9479748396428513
95,0.964160144329071,0.4579865336418152,0.9502343535423279,0.47439906001091003,0.951368783638477,0.9499804794064024,0.9501274768829526
96,0.9619531035423279,0.46028241515159607,0.9476562738418579,0.4767536222934723,0.9488735394662009,0.947390636045499,0.9475302426939349
97,0.9614453315734863,0.4606233835220337,0.950390636920929,0.4757695496082306,0.9513461784085517,0.9502053388022179,0.95029107330506
98,0.9649218916893005,0.4494746923446655,0.9489062428474426,0.4712916612625122,0.950264670188954,0.948697072938507,0.9487985633973104
99,0.9618164300918579,0.45309707522392273,0.9477343559265137,0.4708682596683502,0.948681555069618,0.9475228696012652,0.9476447343759176
100,0.962695300579071,0.4490204155445099,0.952343761920929,0.4619155824184418,0.9535320871496374,0.952129710870706,0.952320697874057
101,0.9637890458106995,0.44562315940856934,0.9492968916893005,0.4621308445930481,0.9500896325160098,0.9492430021762482,0.9491982922237228
102,0.9641211032867432,0.44123148918151855,0.9524219036102295,0.45865872502326965,0.9535394025790438,0.9522631377839318,0.9523000120581862
103,0.9627344012260437,0.44168949127197266,0.9464062452316284,0.4647432565689087,0.9479118961000275,0.9462529975924707,0.9462569437621284
104,0.9620312452316284,0.4417840838432312,0.9467187523841858,0.46433886885643005,0.9477396197364094,0.9464989466921071,0.9465708943920643
105,0.9606835842132568,0.44588688015937805,0.9446874856948853,0.4768166244029999,0.9459375240322047,0.9445122042862979,0.9445697880843855
106,0.9624218940734863,0.44124844670295715,0.9497656226158142,0.4555307626724243,0.9508645839709333,0.9495048558110881,0.9496124010987039
107,0.96240234375,0.4381800591945648,0.946093738079071,0.46572360396385193,0.9472905567217758,0.9458726064175118,0.9459704440345833
108,0.9614062309265137,0.439163476228714,0.9490625262260437,0.45548659563064575,0.9501296924537794,0.9489003792162847,0.9489555629475668
109,0.9635937213897705,0.43150779604911804,0.9482812285423279,0.45420101284980774,0.9497648419988916,0.9480278906046233,0.9481232912540245
110,0.963085949420929,0.43200168013572693,0.9485937356948853,0.4548857510089874,0.9495014105985283,0.9483933105234652,0.9484921817936558
111,0.9626758098602295,0.43081942200660706,0.9485156536102295,0.45639610290527344,0.9498132500068279,0.948274208533468,0.9484378751028144
112,0.9641406536102295,0.42488232254981995,0.9455468654632568,0.4521281123161316,0.9465589964603515,0.9452457967907171,0.9453684812687494
113,0.9623633027076721,0.42976418137550354,0.9474999904632568,0.45792996883392334,0.9487782882954587,0.947248763533042,0.9474522835915049
114,0.9615820050239563,0.4301139712333679,0.9462500214576721,0.4553252160549164,0.9473718757437367,0.9459475506712021,0.9461114041883216
115,0.9641406536102295,0.42167654633522034,0.9478124976158142,0.4484246075153351,0.9487891607617636,0.9476273290052843,0.9477156214737096
116,0.9634570479393005,0.42205125093460083,0.9494531154632568,0.44910305738449097,0.9504661275287462,0.9492655195181801,0.9493637929380837
117,0.9623827934265137,0.4232204556465149,0.9477343559265137,0.4519472122192383,0.9489158435131082,0.9474504689517449,0.9475628710778661
118,0.96484375,0.4184558391571045,0.9488281011581421,0.45070087909698486,0.9501305781203042,0.9488263365102337,0.9488376575139662
119,0.9636914134025574,0.4191306233406067,0.9482812285423279,0.44959554076194763,0.949473581459461,0.9479680857804549,0.9481276238451581
120,0.9633984565734863,0.41904276609420776,0.9496093988418579,0.4439030587673187,0.950629889006374,0.949446891708722,0.9494436105243554
121,0.9621679782867432,0.4206004738807678,0.9495312571525574,0.44962310791015625,0.9509647111446715,0.9492505239307569,0.9493791405903003
122,0.9634960889816284,0.41708904504776,0.9501562714576721,0.4401540458202362,0.951079670555544,0.949985394153476,0.9500770806604997
123,0.9629101753234863,0.4193134307861328,0.951171875,0.4466686546802521,0.9520990565628283,0.9510356545227439,0.9509870650946262
124,0.9636328220367432,0.41705647110939026,0.9517187476158142,0.43909046053886414,0.9527973023668113,0.9514718030410787,0.9516157784605156
125,0.962597668170929,0.41749104857444763,0.9514062404632568,0.43790140748023987,0.9523038472362407,0.9512748701078301,0.951278189946514
126,0.9618359208106995,0.4185572564601898,0.952343761920929,0.4361540675163269,0.9534800515499597,0.952176081016745,0.9522739211743945
127,0.9625195264816284,0.41497519612312317,0.9471874833106995,0.447988361120224,0.9485466681836144,0.9470059317632227,0.9471378936214649
128,0.9645898342132568,0.4108656048774719,0.949999988079071,0.4378276765346527,0.9510671208647743,0.9498310407104307,0.9499181713302984
129,0.9649609327316284,0.4096757769584656,0.949999988079071,0.43843886256217957,0.9510929667994801,0.949754343655044,0.9498536506717368
130,0.9649609327316284,0.4076366126537323,0.9506250023841858,0.4450453221797943,0.9516704271473104,0.9502966654061928,0.9504358029465426
131,0.9617968797683716,0.41422969102859497,0.9530468583106995,0.42431744933128357,0.9539925153998381,0.9525880454100375,0.9527787274877291
132,0.9642578363418579,0.40712788701057434,0.953125,0.4253128170967102,0.9541521829808008,0.9529659991914969,0.9530425135949154
133,0.9608984589576721,0.4129243791103363,0.9516406059265137,0.43003106117248535,0.9525812844520305,0.9513637909653134,0.9514710687972429
134,0.9640820026397705,0.4082992970943451,0.9492968916893005,0.4385448098182678,0.9501965407949984,0.9492069799072309,0.9492664166317502
135,0.9620507955551147,0.41070547699928284,0.9517968893051147,0.4285200834274292,0.9527498011804534,0.9516079971881527,0.9516875852361913
136,0.9633203148841858,0.4102365970611572,0.951953113079071,0.43377673625946045,0.952892475520672,0.9519400559522565,0.9518656365221022
137,0.9643164277076721,0.4063962996006012,0.9500781297683716,0.4359103739261627,0.9512073989581784,0.9499454012639315,0.9500519609263354
138,0.9638671875,0.40688857436180115,0.9486718773841858,0.43642163276672363,0.9497446339784259,0.9484611562399099,0.9485049691201035
139,0.9643164277076721,0.4055188000202179,0.9507031440734863,0.43428975343704224,0.9515226417039173,0.950521519895416,0.950523589459501
140,0.9642187356948853,0.40362027287483215,0.9532031416893005,0.43082982301712036,0.9542917311929967,0.953076803158133,0.9531893253002164
141,0.9627734422683716,0.4034079313278198,0.949999988079071,0.43198275566101074,0.951128695666402,0.949842992649313,0.949902823860017
142,0.9639648199081421,0.4034135341644287,0.9522656202316284,0.42506957054138184,0.9533321685722811,0.9521313331020731,0.9521260419023814
143,0.9641406536102295,0.40207239985466003,0.9517187476158142,0.4304713308811188,0.9526991110380837,0.951588688559965,0.9516983549679787
144,0.9630273580551147,0.40414533019065857,0.9504687786102295,0.431610643863678,0.9516387263351522,0.9503701085859526,0.950444753315462
145,0.9642578363418579,0.40278270840644836,0.9522656202316284,0.43223580718040466,0.9531940161619087,0.9519458871990946,0.9521086050004055
146,0.9635546803474426,0.4042292535305023,0.9512500166893005,0.4304174780845642,0.9523952539687645,0.9510018574915089,0.9511545085675811
147,0.9629296660423279,0.405392050743103,0.9518749713897705,0.4299655854701996,0.9530141611145762,0.9515468688525619,0.9517052158395061
148,0.961718738079071,0.4052453339099884,0.9496874809265137,0.4348459541797638,0.9505790034392838,0.9494906362370688,0.949553973835918
149,0.9637890458106995,0.403825581073761,0.9521874785423279,0.42579883337020874,0.9529504041484835,0.9521148648451734,0.9520918562942795
150,0.96435546875,0.40066540241241455,0.9481250047683716,0.436543732881546,0.9491935522808557,0.9479507607705724,0.9479667953847757
151,0.9656054973602295,0.3973614573478699,0.9501562714576721,0.43078315258026123,0.9511833635634142,0.9499593167434555,0.9500073559748814
152,0.965136706829071,0.3970987796783447,0.9530468583106995,0.42149117588996887,0.9538669677576015,0.9528126242864257,0.9528963890473862
153,0.9627344012260437,0.4026605188846588,0.9534375071525574,0.4251934289932251,0.9542799940273199,0.9532077624885975,0.9533224006484153
154,0.9645312428474426,0.3979707658290863,0.9557031393051147,0.4163121283054352,0.9566694149076662,0.9555431749277499,0.9556871304964809
155,0.9660937786102295,0.3938879072666168,0.9535937309265137,0.425891637802124,0.9547589098513558,0.9535271214853757,0.9535617836254349
156,0.9658984541893005,0.3927375376224518,0.9494531154632568,0.4320176839828491,0.9509919073573054,0.9493125827813342,0.9493938288083714
157,0.9664843678474426,0.38940730690956116,0.951171875,0.42785289883613586,0.9521883233546854,0.9510979266963224,0.9511614065069486
158,0.9646875262260437,0.3941877484321594,0.9518749713897705,0.4263532757759094,0.9530207448376534,0.9517369836694071,0.9518194325540441
159,0.9647656083106995,0.3938310742378235,0.953906238079071,0.4142494201660156,0.9545654165286312,0.9537057312806737,0.9536934057286489
160,0.9625585675239563,0.39951184391975403,0.9488281011581421,0.42354071140289307,0.9497975830569099,0.948606833552253,0.9486618211491206
161,0.965136706829071,0.3942548632621765,0.9553124904632568,0.41477975249290466,0.9564414244068302,0.9551648204891195,0.9552941835026056
162,0.9630078077316284,0.39813727140426636,0.9512500166893005,0.42717787623405457,0.9525009459082759,0.9511163166163976,0.9511128030403366
163,0.9635937213897705,0.39932841062545776,0.9529687762260437,0.41901639103889465,0.9541670618261726,0.9529118865843442,0.9529730901643871
164,0.9616015553474426,0.4029580056667328,0.9510937333106995,0.42710408568382263,0.9522412257228692,0.9508208139668399,0.9510076021401059
165,0.9626171588897705,0.40153244137763977,0.9541406035423279,0.41986510157585144,0.9551180342785023,0.9539936196824117,0.9540983836951505
166,0.9653906226158142,0.3938658833503723,0.9536718726158142,0.42009952664375305,0.9548092292695587,0.9534457370515295,0.9535913037291789
167,0.9664843678474426,0.3891570568084717,0.9549999833106995,0.4159878194332123,0.9561787885078022,0.9548715293396328,0.954917291301943
168,0.9668164253234863,0.3881227374076843,0.9525781273841858,0.4146859049797058,0.9535767828098796,0.9523514707891237,0.9524560693600952
169,0.965039074420929,0.3915078639984131,0.9528906345367432,0.4181378483772278,0.9538331077449855,0.9527369509265107,0.9528422613564874
170,0.9651172161102295,0.39313802123069763,0.9546874761581421,0.41612499952316284,0.9557269015958624,0.9544411057198587,0.9546091589443704
171,0.9639257788658142,0.392121285200119,0.9530468583106995,0.41624000668525696,0.9539161116881744,0.9528379585705948,0.9530029677303478
172,0.9636328220367432,0.3928343653678894,0.9516406059265137,0.4241344928741455,0.9525523320667157,0.9515839101833699,0.9516076473144492
173,0.9636132717132568,0.39461439847946167,0.9553906321525574,0.4152933359146118,0.9563264869226382,0.9551446732907176,0.9552849908940872
174,0.9616601467132568,0.3967669606208801,0.9528124928474426,0.4179760217666626,0.953778049217687,0.9527630920831531,0.9527985120264244
175,0.9617382884025574,0.39846786856651306,0.9548437595367432,0.41970062255859375,0.9557782477966043,0.9546601231724867,0.9547517990772141
176,0.9643359184265137,0.3914440870285034,0.9537500143051147,0.41884317994117737,0.9547173979845741,0.953665924760696,0.9536716598733299
177,0.9657031297683716,0.39016079902648926,0.9552343487739563,0.4145573377609253,0.9563143412490526,0.9550085913473223,0.955151349869663
178,0.9659374952316284,0.3874792754650116,0.9540625214576721,0.41600272059440613,0.9550508809822151,0.9537652535734645,0.9539359847786495
179,0.9651562571525574,0.39039862155914307,0.9551562666893005,0.4156104326248169,0.9560094084100588,0.9548744028214055,0.9550193449290285
180,0.9673047065734863,0.38365229964256287,0.9556249976158142,0.41448670625686646,0.9565617665584049,0.9553836721671976,0.9555279662929417
181,0.9664843678474426,0.3840174078941345,0.9553124904632568,0.4113662838935852,0.9564174007845898,0.9551019473168398,0.9552011713526405
182,0.9640820026397705,0.3896315097808838,0.9540625214576721,0.41715729236602783,0.9550446843027646,0.9537327370184426,0.9539097218687387
183,0.9631054401397705,0.3919946551322937,0.9555468559265137,0.4163419008255005,0.956463891838241,0.9553398804671489,0.9554899561744379
184,0.9644922018051147,0.39207229018211365,0.9556249976158142,0.41692131757736206,0.9567506190023374,0.9554636193071826,0.9554655179902707
185,0.9646679759025574,0.3897431194782257,0.9553906321525574,0.4110334515571594,0.9562306427911818,0.9551806034163542,0.955207162784321
186,0.9661718606948853,0.38628697395324707,0.9563281536102295,0.40468594431877136,0.957347673570865,0.956207600688606,0.9562745848557128
187,0.963183581829071,0.39110538363456726,0.9556249976158142,0.40747883915901184,0.9568337314704478,0.9554983621424694,0.955600223425552
188,0.9652343988418579,0.38753655552864075,0.9546093940734863,0.4124017357826233,0.9554358736889897,0.9543686349079255,0.9544279772337592
189,0.96337890625,0.3927004635334015,0.9569531083106995,0.4065622389316559,0.9577734898542895,0.956743387107549,0.9568329506747901
190,0.9646093845367432,0.38737255334854126,0.9568750262260437,0.4101969599723816,0.9577607448353577,0.9566311518515952,0.9567103874452869
191,0.9648827910423279,0.38745203614234924,0.9582812786102295,0.40148675441741943,0.9590189620555469,0.9580545059997669,0.9581618673578861
192,0.9652343988418579,0.3860839903354645,0.9514843821525574,0.43146228790283203,0.9522673465264075,0.9514026750623001,0.9514206499756201
193,0.9639062285423279,0.3888901472091675,0.9551562666893005,0.40696480870246887,0.9559689904970585,0.9550514447244817,0.9550767856800039
194,0.9651172161102295,0.3867417573928833,0.9549219012260437,0.40770241618156433,0.9556254422654425,0.9548078158224157,0.9547782834174985
195,0.9655078053474426,0.3853541910648346,0.9557812213897705,0.4094192087650299,0.9565300282417728,0.955576039328071,0.9556676372269182
196,0.9646093845367432,0.38651031255722046,0.9568750262260437,0.4051065742969513,0.957663770326015,0.9566437967363718,0.956718955559312
197,0.9662890434265137,0.38548728823661804,0.9561718702316284,0.4011955261230469,0.9571002187232867,0.955936612031215,0.9560114708846075
198,0.9647461175918579,0.3850368857383728,0.955859363079071,0.40590572357177734,0.9568555587627625,0.955779001367443,0.9558394082146866
199,0.9659765362739563,0.38218075037002563,0.9534375071525574,0.41264426708221436,0.9545580194051246,0.9531905360578269,0.9533018624307663
200,0.9659570455551147,0.3835424780845642,0.9536718726158142,0.4102494418621063,0.9547041562042735,0.9533290578562492,0.9534247656163616
201,0.9655859470367432,0.38377583026885986,0.9537500143051147,0.4194942116737366,0.9548116505366814,0.9536137344832488,0.9536715259492292
202,0.9630663990974426,0.3866894841194153,0.951953113079071,0.41983139514923096,0.9527050381523627,0.9517786380451546,0.9517943058994436
203,0.9666992425918579,0.3796120584011078,0.9563281536102295,0.40644654631614685,0.9573109598376064,0.956195699091797,0.9562189938129173
204,0.9661523699760437,0.3834259510040283,0.9545312523841858,0.4087226986885071,0.9556467784535716,0.9544167052672873,0.9544533316309587
205,0.9677734375,0.3780443072319031,0.9568750262260437,0.4019138216972351,0.9577073067444779,0.9566751943440518,0.9567479308085575
206,0.9640820026397705,0.38481804728507996,0.9542187452316284,0.4153997004032135,0.9553231430327194,0.9539475592133193,0.954118678707419
207,0.9656835794448853,0.3811189532279968,0.9545312523841858,0.41843047738075256,0.9554034441214654,0.9543773497586769,0.9544116483674802
208,0.9660546779632568,0.37929728627204895,0.9542187452316284,0.4071904718875885,0.9551510596597116,0.9540992539737909,0.9541209545432122
209,0.9654687643051147,0.3832659423351288,0.9538280963897705,0.40972599387168884,0.9549932627239469,0.9537170562517258,0.9537453629418369
210,0.9655468463897705,0.3818179965019226,0.9549999833106995,0.4076105058193207,0.9559497932201028,0.9549131564387624,0.9548889289048826
211,0.9672656059265137,0.3770478367805481,0.9504687786102295,0.41640594601631165,0.9519589457662274,0.950250289069765,0.9504081161983243
212,0.9649609327316284,0.3821229636669159,0.9552343487739563,0.41016441583633423,0.9562177254782942,0.9551020192335349,0.955133181978812
213,0.9641015529632568,0.3849177956581116,0.9518749713897705,0.418523907661438,0.9530708133189666,0.951625877814131,0.9517486129502888
214,0.9615234136581421,0.3878656029701233,0.9553906321525574,0.40988388657569885,0.956491966426128,0.9553282189176783,0.9553565202951284
215,0.9660351276397705,0.38142022490501404,0.9567968845367432,0.40096911787986755,0.9577897307178491,0.9566458950238803,0.9567354638737487
216,0.9654101729393005,0.3818150758743286,0.954296886920929,0.4064949154853821,0.9554626174646439,0.9540734222286074,0.9542300132518968
217,0.962597668170929,0.38687121868133545,0.9541406035423279,0.4102145731449127,0.9551911860953581,0.9539286292656846,0.9540594778770272
218,0.9646875262260437,0.3837701678276062,0.9526562690734863,0.42210638523101807,0.9537188228086404,0.9524292390049243,0.9524436943997988
219,0.9660351276397705,0.37916338443756104,0.9578906297683716,0.3966130316257477,0.9587116612235445,0.9576551056399509,0.9577567937869816
220,0.9657226800918579,0.3792908191680908,0.9539843797683716,0.40523451566696167,0.9550250081096968,0.9538963654402398,0.9539202016057525
221,0.9647656083106995,0.378635048866272,0.955078125,0.4076576232910156,0.9558654529019133,0.9549547719738205,0.9549822372455623
222,0.9660742282867432,0.3785442113876343,0.9553906321525574,0.40475890040397644,0.9562562430367382,0.9552184640576209,0.9552523363753718
223,0.9668750166893005,0.37567630410194397,0.958984375,0.3970263600349426,0.9598565719643803,0.9588428793259965,0.9589600244311258
224,0.9692187309265137,0.3703818619251251,0.9578906297683716,0.4014906585216522,0.9589494440792041,0.9577665808781743,0.9578904303500044
225,0.9673437476158142,0.3716101050376892,0.9560156464576721,0.4010091722011566,0.9568749103142964,0.9558421681334439,0.9559161658477149
226,0.9677929878234863,0.37221312522888184,0.9546874761581421,0.4006372392177582,0.9556387611037496,0.9545374992966253,0.9545642569755154
227,0.9660351276397705,0.3758923411369324,0.9559375047683716,0.400170236825943,0.956681097075245,0.9558579488526666,0.9558252965479536
228,0.9650781154632568,0.3811511993408203,0.9559375047683716,0.39746034145355225,0.9566675564331388,0.9556305851263212,0.9557772922111216
229,0.96533203125,0.3787047564983368,0.9541406035423279,0.40799036622047424,0.9553087942499823,0.9538317791478488,0.9539250855022815
230,0.9654492139816284,0.3786657452583313,0.9556249976158142,0.40623676776885986,0.9566716398864981,0.9554663783625896,0.9555824820809562
231,0.9656445384025574,0.3771885931491852,0.9565625190734863,0.40258657932281494,0.9575761545132888,0.9563680739774265,0.9564819161230543
232,0.9650195240974426,0.37977439165115356,0.9552343487739563,0.4025340974330902,0.9560343451745097,0.9549950321315333,0.9550025967841818
233,0.966113269329071,0.3766288757324219,0.9543750286102295,0.40978631377220154,0.9553962773396067,0.9541795961217907,0.9542704733732964
234,0.9668164253234863,0.37376224994659424,0.9555468559265137,0.4031603932380676,0.9565535402673281,0.9553695189745757,0.9554700620755613
235,0.966601550579071,0.37530362606048584,0.9569531083106995,0.3967139422893524,0.957929916839265,0.956820537745315,0.9569122763199753
236,0.966601550579071,0.37532439827919006,0.9548437595367432,0.401418000459671,0.9557143054519435,0.9546431372261597,0.9547373518855939
237,0.9668554663658142,0.3745509684085846,0.95703125,0.3998699188232422,0.9580024161520284,0.9568674233039556,0.9569658346760621
238,0.9675586223602295,0.37370774149894714,0.9599218964576721,0.3867987096309662,0.960875173945386,0.9596265388537153,0.9598164997212347
239,0.9671484231948853,0.37191852927207947,0.9546093940734863,0.39917686581611633,0.955732385098637,0.9543940846134762,0.9545509954938278
240,0.9671093821525574,0.37257859110832214,0.9566406011581421,0.40290114283561707,0.9574976090744693,0.9563893940463715,0.9565120891889077
241,0.9644336104393005,0.376739501953125,0.9587500095367432,0.3936523497104645,0.9596647622299341,0.9586238032751797,0.958727007476713
242,0.9663476347923279,0.376088947057724,0.9565625190734863,0.39523398876190186,0.9574617596706778,0.9563905824061322,0.9564922251331398
243,0.9670507907867432,0.37241414189338684,0.9567968845367432,0.39370793104171753,0.9576849285778066,0.9566465535718566,0.9567072084272081
244,0.966503918170929,0.37245577573776245,0.9595312476158142,0.3958101272583008,0.9604194644042585,0.9594047161746014,0.9595171657248411
245,0.9674023389816284,0.3712654411792755,0.9586718678474426,0.3919127583503723,0.9598827900407164,0.9585980503779372,0.9586788996701033
246,0.9665820598602295,0.3718038499355316,0.9551562666893005,0.4031625986099243,0.9561186520916982,0.9550538646553601,0.9551198349720513
247,0.9655663967132568,0.3735411465167999,0.9574999809265137,0.3961211144924164,0.95818855903481,0.9573374850549902,0.9574165886822239
248,0.9654492139816284,0.3739902377128601,0.9577343463897705,0.39016762375831604,0.9587140325865559,0.9576101034457017,0.957679849522629
249,0.9662890434265137,0.3720325827598572,0.9571874737739563,0.39662066102027893,0.958019709077053,0.9570166595036032,0.9570769838735482
250,0.9672461152076721,0.3712824285030365,0.9583593606948853,0.3953992426395416,0.9592730177071718,0.9581324380343874,0.9582466911695552
251,0.9658984541893005,0.3738265633583069,0.9585937261581421,0.3887001872062683,0.9593464965826963,0.9585468113321733,0.9585204954190503
252,0.96728515625,0.3699546158313751,0.9553124904632568,0.40381187200546265,0.9561441918486548,0.9550636368532381,0.9551838981378488
253,0.9670312404632568,0.36769694089889526,0.9604687690734863,0.3891710042953491,0.961072880094291,0.960377807635134,0.9603764843874909
254,0.9675976634025574,0.3688463568687439,0.9545312523841858,0.40050217509269714,0.9558048665462704,0.9544102884306901,0.9544418518647431
255,0.9666406512260437,0.3690131902694702,0.9583593606948853,0.3905007541179657,0.9592099470203892,0.9583086048849485,0.9583030684901374
256,0.9669530987739563,0.370481938123703,0.9594531059265137,0.39289939403533936,0.9604201304033801,0.9593653437090165,0.959402687854908
257,0.9670507907867432,0.3687018156051636,0.9586718678474426,0.3924087584018707,0.9595842367064521,0.9586053023064178,0.9586087350396796
258,0.9673437476158142,0.36690089106559753,0.9563281536102295,0.39387208223342896,0.9571954437675914,0.9562192977008288,0.9562258331827556
259,0.9662890434265137,0.37189024686813354,0.9564843773841858,0.39388054609298706,0.9573208820618868,0.9563290249429843,0.9564090689698674
260,0.9659179449081421,0.3693050146102905,0.9557812213897705,0.40206772089004517,0.9567221115436251,0.9555186200260212,0.9555847811879425
261,0.9678124785423279,0.367147296667099,0.9592968821525574,0.39153820276260376,0.9599046008855017,0.9591270312377053,0.9590993444547464
262,0.9670703411102295,0.36759400367736816,0.9592187404632568,0.3874114155769348,0.9602497212557586,0.9590372574183424,0.9591419877058506
263,0.9658007621765137,0.3703974187374115,0.9569531083106995,0.3961217999458313,0.9577943214230867,0.9569139139472065,0.9568745562083737
264,0.9658398628234863,0.3706803023815155,0.9589062333106995,0.3883427381515503,0.9597929533122445,0.9587082840989207,0.9588001973119122
265,0.9675586223602295,0.36826837062835693,0.957812488079071,0.3887259364128113,0.958698187895104,0.9577222344886562,0.9577689668866698
266,0.9686523675918579,0.36365076899528503,0.9603124856948853,0.38451629877090454,0.9611900469190913,0.9602427274876622,0.9602818638796844
267,0.9691406488418579,0.3626803457736969,0.958984375,0.3847739100456238,0.9599039839485861,0.9587486578875962,0.9588884423392985
268,0.969042956829071,0.36087721586227417,0.9565625190734863,0.389888733625412,0.9572338383623114,0.9563888632451578,0.9563831689615523
269,0.9672461152076721,0.3623407781124115,0.9585937261581421,0.38932108879089355,0.9593972153863644,0.9584345165184464,0.9584369749638191
270,0.96923828125,0.36030206084251404,0.9587500095367432,0.38732975721359253,0.95965826168416,0.9585597351629955,0.9586376386000923
271,0.9684179425239563,0.3615940809249878,0.9548437595367432,0.3957958519458771,0.9559092102321246,0.954635997564204,0.9546581525739227
272,0.964648425579071,0.37093624472618103,0.958203136920929,0.3843303918838501,0.9589272107744303,0.9580348474768886,0.9580806152623819
273,0.9669336080551147,0.3665810823440552,0.9590625166893005,0.3936517834663391,0.960215119469257,0.9588659038680656,0.9590031494779703
274,0.9663476347923279,0.36625197529792786,0.9588281512260437,0.3929980993270874,0.9598824000200192,0.958810584528685,0.9588092718993961
275,0.9676172137260437,0.36522728204727173,0.9595312476158142,0.3868579864501953,0.9603817114091868,0.9595355280324582,0.9595774344803365
276,0.9674609303474426,0.3648049831390381,0.9564062356948853,0.39363113045692444,0.9572029609292421,0.956280262689457,0.9563022554446157
277,0.9666796922683716,0.3672643005847931,0.9590625166893005,0.3923145532608032,0.9598801679584885,0.9588022092734427,0.9589093890582278
278,0.967089831829071,0.36467036604881287,0.959765613079071,0.38462817668914795,0.9605203043459951,0.9598083183222395,0.9597745239977581
279,0.9659765362739563,0.3683842420578003,0.9575781226158142,0.3946436047554016,0.958447006371763,0.957457054992994,0.9574918364863354
280,0.9668750166893005,0.36481717228889465,0.9607031345367432,0.38684940338134766,0.9614464350049332,0.9605488288344628,0.9606199702030616
281,0.9667382836341858,0.36477646231651306,0.9580468535423279,0.38785216212272644,0.9591622065777548,0.9579569945154248,0.9579699198762499
282,0.9656835794448853,0.36655381321907043,0.9586718678474426,0.3833409547805786,0.9595310893531332,0.9585900421819796,0.9586337079678815
283,0.9669140577316284,0.366580992937088,0.9596874713897705,0.3870723247528076,0.9605786589832098,0.9595324338461519,0.9595540439519877
284,0.9663281440734863,0.36391681432724,0.9609375,0.37985920906066895,0.9617299074867376,0.9608790316679189,0.960916873662438
285,0.968554675579071,0.3620409667491913,0.959765613079071,0.3845868408679962,0.9606071532988035,0.9597328954767249,0.9597042331315718
286,0.965624988079071,0.36568963527679443,0.9608593583106995,0.38671544194221497,0.9616406660473009,0.9607199128671378,0.9607807936353622
287,0.9685156345367432,0.3619098365306854,0.9604687690734863,0.3797058165073395,0.9612719185619294,0.9602973596850155,0.96029732613267
288,0.97021484375,0.3543509244918823,0.9574218988418579,0.3929981589317322,0.9583010215599798,0.9573053237755375,0.9573273646572533
289,0.9684179425239563,0.3588792681694031,0.963671863079071,0.37756866216659546,0.9642879823933572,0.963623402204151,0.963573513682604
290,0.9703124761581421,0.3544241189956665,0.9614843726158142,0.37730762362480164,0.962166445782866,0.9613441473574187,0.961389350634518
291,0.9695117473602295,0.35667937994003296,0.9574218988418579,0.3831709325313568,0.9584179567539081,0.9572488279251337,0.9573656041382821
292,0.9680273532867432,0.3579447567462921,0.9628124833106995,0.3766086995601654,0.9635552224017616,0.9626045516931522,0.9626887432727996
293,0.9696289300918579,0.356253057718277,0.9589062333106995,0.37927478551864624,0.9598782622875546,0.9588206763458569,0.958868070455224
294,0.9659765362739563,0.36272773146629333,0.9587500095367432,0.3821188807487488,0.9598524437232834,0.9586459898215111,0.9587486637316398
295,0.9657617211341858,0.3656379282474518,0.9581249952316284,0.3910853862762451,0.9588749999781732,0.9581285736074213,0.9581611690911422
296,0.9674218893051147,0.3593158721923828,0.959765613079071,0.37735220789909363,0.9609013808400274,0.9596117037380582,0.9597507736851392
297,0.9666992425918579,0.36298951506614685,0.9612500071525574,0.3791103661060333,0.9620108745453866,0.9610820748969735,0.9611419274823776
298,0.9662695527076721,0.36242011189460754,0.9618750214576721,0.37592613697052,0.9629236074649046,0.9616512042745284,0.9618359625467322
299,0.9687890410423279,0.3578089475631714,0.9623437523841858,0.3727465569972992,0.9632952512407525,0.9622154144343507,0.9623301952370258
300,0.9681054949760437,0.359102338552475,0.9595312476158142,0.3772982358932495,0.9602670287065662,0.9593996904912344,0.9594388736544324
301,0.9688476324081421,0.3584972620010376,0.9596874713897705,0.3831512928009033,0.9604026210776608,0.9596006449751926,0.9596108393082409
302,0.9673047065734863,0.3598913848400116,0.9573437571525574,0.3889507055282593,0.9582516537188763,0.9571194558284271,0.9572425852388151
303,0.9687109589576721,0.35669806599617004,0.961718738079071,0.37538641691207886,0.9624340640592955,0.9615952241537072,0.9616084228784394
304,0.9696289300918579,0.3529728055000305,0.9598437547683716,0.3767901659011841,0.9607375414657555,0.959656559044993,0.9597852841186356
305,0.9698047041893005,0.3537331521511078,0.9603124856948853,0.3742770254611969,0.9610423987140454,0.9601243533448053,0.9601792117079809
306,0.9688281416893005,0.353783518075943,0.957812488079071,0.3856675624847412,0.9587469691524693,0.9576582644378921,0.9576775143246969
307,0.9673047065734863,0.3588053584098816,0.9571093916893005,0.3885648846626282,0.9583236019622234,0.9569635201144848,0.9570511384326613
308,0.9655078053474426,0.36303555965423584,0.9592187404632568,0.3762815594673157,0.9601841746607715,0.9590423506385529,0.9591397738957386
309,0.9668945074081421,0.36129406094551086,0.9561718702316284,0.38835611939430237,0.9571737238722428,0.9559789177004401,0.9560810592696802
310,0.9682226777076721,0.3577296733856201,0.9611718654632568,0.37561947107315063,0.9619055826000924,0.9609533769955483,0.9610024302365638
311,0.9673241972923279,0.3578900098800659,0.9578906297683716,0.3841395974159241,0.9588663348041919,0.9578116684522434,0.957823571819624
312,0.9691406488418579,0.35136309266090393,0.9606249928474426,0.3762400150299072,0.961413538433872,0.9605047601812329,0.9605199526515769
313,0.9694726467132568,0.35051727294921875,0.9615625143051147,0.3802553415298462,0.9622449170499692,0.9614518772805789,0.9614728612971997
314,0.9687304496765137,0.35390594601631165,0.9618750214576721,0.37317413091659546,0.962615801861303,0.9617777991798495,0.9618086043262666
315,0.9685937762260437,0.356046587228775,0.9592187404632568,0.3814682066440582,0.9602301009285458,0.9590033571365539,0.959095561209081
316,0.9671289324760437,0.3578258156776428,0.9588281512260437,0.3802284002304077,0.959492335112254,0.9585758316729898,0.9586586688861556
317,0.966796875,0.35778725147247314,0.9603124856948853,0.37726637721061707,0.9611654747358686,0.9600832875776323,0.9601869213731901
318,0.9659179449081421,0.3604821264743805,0.9599218964576721,0.377716988325119,0.9607434237372336,0.9596168785393797,0.9597643590018061
319,0.9664843678474426,0.35971304774284363,0.9607812762260437,0.37611114978790283,0.9618338600854901,0.9606102461520355,0.9607056695346222
320,0.9673047065734863,0.35754257440567017,0.9595312476158142,0.3815995156764984,0.9603691322207805,0.9593174653312835,0.9593570632296378
321,0.9688476324081421,0.3542322516441345,0.9623437523841858,0.374043732881546,0.9630235515134142,0.9621282316880628,0.9621848393878192
322,0.9689062237739563,0.3519060015678406,0.9632812738418579,0.3720210790634155,0.9640731120008829,0.9631505860995986,0.9631918012770134
323,0.9708007574081421,0.34925806522369385,0.9594531059265137,0.3751353323459625,0.9603154442684467,0.9593588161448383,0.9593706616623832
324,0.968554675579071,0.35330769419670105,0.9593750238418579,0.3717136085033417,0.9603909003618261,0.9591371442886131,0.959237991731189
325,0.9673241972923279,0.3546392023563385,0.9614843726158142,0.36990708112716675,0.962234194613103,0.9612102313342621,0.9613055987505328
326,0.9678124785423279,0.35321518778800964,0.9616405963897705,0.37507912516593933,0.9625015097847882,0.9614142919645475,0.9615177841026796
327,0.9702343940734863,0.3483145534992218,0.9635937213897705,0.36811527609825134,0.9644194563339804,0.9633745107955782,0.96346905059903
328,0.9693554639816284,0.34906455874443054,0.9595312476158142,0.3749758005142212,0.960518865676024,0.9592508579417166,0.9593727001235883
329,0.9676562547683716,0.35505104064941406,0.9605468511581421,0.3759790360927582,0.9614582499621314,0.9602738631168194,0.9604348846707143
330,0.9673241972923279,0.35524651408195496,0.9607812762260437,0.3732236921787262,0.9616466120271632,0.9604993085624584,0.9606797360481494
331,0.9700976610183716,0.3482401371002197,0.9616405963897705,0.36931246519088745,0.962425626141165,0.9613638909082026,0.9615310290047057
332,0.9676172137260437,0.3536837697029114,0.9626562595367432,0.3690447211265564,0.9635324721080949,0.9624708295669666,0.9625809191298074
333,0.9684179425239563,0.3523625433444977,0.9616405963897705,0.37467843294143677,0.9622857600596535,0.9613916785830411,0.9614975985334262
334,0.9681249856948853,0.3533988296985626,0.962109386920929,0.37138280272483826,0.9630263232984055,0.96193925426638,0.9620520197154399
335,0.970507800579071,0.3475201427936554,0.9603906273841858,0.3731289803981781,0.9610156246906927,0.9602953904370228,0.9603240785288454
336,0.9680078029632568,0.35203105211257935,0.9598437547683716,0.37580326199531555,0.960701564594594,0.9596520989152999,0.9597808531803946
337,0.9688281416893005,0.3504764139652252,0.962890625,0.3647751212120056,0.963713660986281,0.962665978222363,0.9627995505451019
338,0.9695117473602295,0.35030442476272583,0.9608593583106995,0.36947309970855713,0.9617516580456891,0.9606027539353426,0.9607420525620258
339,0.9703515768051147,0.34425288438796997,0.9610156416893005,0.37114569544792175,0.961897533391531,0.9607332790879806,0.9608474274046108
340,0.9689257740974426,0.34989625215530396,0.9591405987739563,0.36755383014678955,0.9602614170913613,0.9589866891788567,0.9590580654878925
341,0.9688281416893005,0.3491224944591522,0.9613281488418579,0.3673344552516937,0.9619595763916307,0.9611782594880613,0.9612470323591558
342,0.9686328172683716,0.3486960232257843,0.9621875286102295,0.36335131525993347,0.9628002294537257,0.9620847646929248,0.9620673517509003
343,0.9680078029632568,0.3508833050727844,0.9616405963897705,0.37090834975242615,0.9623885789169125,0.961461286305085,0.9615116645865972
344,0.9686914086341858,0.3497444987297058,0.963671863079071,0.36306270956993103,0.9644596936568857,0.9635269392994004,0.963592898067552
345,0.9691601395606995,0.3492705225944519,0.9614843726158142,0.3679090440273285,0.9623195278139509,0.9613835394044028,0.9614174332039602
346,0.9703515768051147,0.3467465341091156,0.9614062309265137,0.3698878884315491,0.9622438098038082,0.9612532013807236,0.9613379904438052
347,0.9669726490974426,0.35167011618614197,0.9649218916893005,0.3647456765174866,0.9655697530956402,0.9647224936338562,0.9648321200918244
348,0.969042956829071,0.34559422731399536,0.9661718606948853,0.3577491044998169,0.9666847634748864,0.9659231005228059,0.9660205621935847
349,0.9678320288658142,0.3517681360244751,0.9632031321525574,0.36592358350753784,0.9639864255703895,0.9630016650132215,0.9631243716013127
350,0.9689257740974426,0.34828802943229675,0.9630468487739563,0.3627527952194214,0.963546533728152,0.9628116584704299,0.9628495940248685
351,0.9697851538658142,0.3451111316680908,0.9622656106948853,0.3676568865776062,0.9630995733770814,0.9619955969122496,0.9620859890763962
352,0.9691406488418579,0.3467279374599457,0.9615625143051147,0.3654872179031372,0.9623944460811984,0.9613602621557096,0.9614349753870808
353,0.9696679711341858,0.34538882970809937,0.9584375023841858,0.3751644492149353,0.9593378969779309,0.9582535400473697,0.958341617118009
354,0.9684960842132568,0.34644708037376404,0.9649218916893005,0.35971957445144653,0.9655502946474914,0.9647534706644749,0.9647934432183976
355,0.9698632955551147,0.3443247973918915,0.9629687666893005,0.36491885781288147,0.9636900711278076,0.9627139621484996,0.9628161401911035
356,0.9691601395606995,0.3443761169910431,0.9624999761581421,0.3607548177242279,0.9632303013341028,0.9622896466089108,0.9623535745229003
357,0.9695507884025574,0.34586459398269653,0.9634374976158142,0.3610266149044037,0.9643319511220432,0.963241707484184,0.9633398854908362
358,0.9687695503234863,0.34689953923225403,0.9643750190734863,0.35884690284729004,0.9650606549810257,0.9641447056254566,0.9641878571206042
359,0.9697656035423279,0.34423497319221497,0.9631249904632568,0.3638754189014435,0.9637707926512207,0.9629705434785483,0.9630320518477606
360,0.9688867330551147,0.34554070234298706,0.9627344012260437,0.3583906888961792,0.9635668581655394,0.9625821285521418,0.9626830930553426
361,0.9703124761581421,0.34224173426628113,0.962890625,0.3612821102142334,0.9635464234307121,0.9626288291446509,0.9627009586182389
362,0.9683789014816284,0.34549200534820557,0.9647656083106995,0.3611527383327484,0.9654116456786671,0.9645557947191508,0.9646412151341252
363,0.9691406488418579,0.3460098206996918,0.9629687666893005,0.36480605602264404,0.9635503608034887,0.9627708185402928,0.9628589518935744
364,0.9717773199081421,0.3369305431842804,0.9646093845367432,0.35571229457855225,0.965335315817085,0.9643106152753922,0.9644875812472355
365,0.9701172113418579,0.34210869669914246,0.9644531011581421,0.3605165183544159,0.9652450287292068,0.9642825968818263,0.9644162450232019
366,0.9686523675918579,0.34432461857795715,0.9633593559265137,0.3620906472206116,0.9640864871309827,0.9632334020609866,0.9632913961296548
367,0.96826171875,0.3465716242790222,0.9643750190734863,0.35927119851112366,0.9652286700544761,0.9642019378391745,0.9643289298143791
368,0.9692578315734863,0.3440573215484619,0.9635937213897705,0.3638889193534851,0.9643677805332482,0.9635458310093845,0.9635046442868225
369,0.9693359136581421,0.34344562888145447,0.9651562571525574,0.3551332950592041,0.9658258537130611,0.9650139540467007,0.9650629858090765
370,0.9686718583106995,0.3458612859249115,0.9642187356948853,0.3537941873073578,0.9649992511054255,0.963963971944929,0.9641329604008457
371,0.9684179425239563,0.34650689363479614,0.9647656083106995,0.35774555802345276,0.9655426638713024,0.9645432463113376,0.9646653767043107
372,0.970410168170929,0.3413585424423218,0.9635156393051147,0.3629215657711029,0.9644570687459362,0.963323054014047,0.9634138768053014
373,0.9709765911102295,0.33874034881591797,0.9618750214576721,0.3661454916000366,0.9628743684795782,0.9617089567266249,0.9617931426144455
374,0.9687695503234863,0.3427799940109253,0.9629687666893005,0.3601795434951782,0.9636540401126777,0.9629256498299738,0.9629036595253763
375,0.9693164229393005,0.34178104996681213,0.9649218916893005,0.35564807057380676,0.9655074792295965,0.964779266257475,0.9648048415171957
376,0.9712695479393005,0.3368297815322876,0.9657812714576721,0.35568684339523315,0.9665829606622017,0.9656851071041004,0.9657676100089141
377,0.9713671803474426,0.33774688839912415,0.961718738079071,0.359004408121109,0.9623824063710337,0.9615876011985098,0.9616466856606066
378,0.9701952934265137,0.3393726348876953,0.9631249904632568,0.36085623502731323,0.9637668496082661,0.9630144959558795,0.9630276824481288
379,0.9712695479393005,0.3359929323196411,0.9633593559265137,0.3596799075603485,0.96428191161985,0.9632924154661802,0.9633681369728757
380,0.96875,0.3406175673007965,0.9630468487739563,0.3605421185493469,0.9637547010522878,0.9628535231427677,0.9629499911209347
381,0.9691210985183716,0.34127044677734375,0.9649218916893005,0.3534972667694092,0.9660396966320057,0.9647919488848156,0.9648845908228431
382,0.9686132669448853,0.3436359763145447,0.9649999737739563,0.3554648160934448,0.9658098844956433,0.9647421423170119,0.9648883137788364
383,0.9693554639816284,0.3435712456703186,0.9632812738418579,0.35288527607917786,0.9641975954308957,0.9631036045754731,0.9632438045720311
384,0.9697070121765137,0.3402693271636963,0.9634374976158142,0.35451972484588623,0.9641893007158882,0.9632059074882834,0.9633101817273415
385,0.9675976634025574,0.3444976508617401,0.9613281488418579,0.35981324315071106,0.9621956442021063,0.9612051159658627,0.9612617241493665
386,0.9703710675239563,0.33957573771476746,0.9639062285423279,0.3553997874259949,0.9648336062848639,0.9636891039414848,0.9638209764590195
387,0.970410168170929,0.3382921516895294,0.9657812714576721,0.34918296337127686,0.9665015719649965,0.9656359089007234,0.9656525666099114
388,0.9720117449760437,0.33166760206222534,0.9635937213897705,0.3490249514579773,0.9641597348508593,0.9634753473818629,0.9635102223806633
389,0.9692773222923279,0.33655861020088196,0.9646875262260437,0.35281020402908325,0.9655313787637472,0.964540911012715,0.9646228866025338
390,0.9693945050239563,0.3399929404258728,0.9643750190734863,0.35524722933769226,0.9650144224945041,0.9643176745826474,0.9642840880457071
391,0.9701562523841858,0.33676448464393616,0.9624218940734863,0.36131155490875244,0.96307084278993,0.962282293728727,0.9623308682200138
392,0.9685937762260437,0.3410167992115021,0.9630468487739563,0.35623785853385925,0.9638739551951973,0.9630048772925606,0.9629874590037528
393,0.9687109589576721,0.34217506647109985,0.9644531011581421,0.35427364706993103,0.9652870505374296,0.9643485163629373,0.9644312358549445
394,0.96923828125,0.3415738344192505,0.9618750214576721,0.36462482810020447,0.9626687623983167,0.9617435116404529,0.9617819177599779
395,0.9688867330551147,0.3412404954433441,0.9653124809265137,0.3594631850719452,0.966205863824006,0.9651027434146479,0.9652392803154193
396,0.9694530963897705,0.3395264148712158,0.9651562571525574,0.3477088212966919,0.965939526106804,0.9650154653034241,0.9651118559296507
397,0.9690234661102295,0.3414381444454193,0.9635937213897705,0.3530298173427582,0.9643738772276074,0.9635089385937775,0.963527604065235
398,0.9696093797683716,0.3394400477409363,0.9595312476158142,0.36895665526390076,0.9604378307342576,0.9593477889629057,0.9594408284477398
399,0.9716210961341858,0.33409544825553894,0.966015636920929,0.3447358012199402,0.9670001705876718,0.9657715310310673,0.9659660451683183
400,0.9718164205551147,0.33124110102653503,0.9639843702316284,0.34912896156311035,0.9650722897423774,0.9638896793807952,0.963979723994374
401,0.9725586175918579,0.3288477957248688,0.9622656106948853,0.3555317223072052,0.9632573369200086,0.9620708144901157,0.9622101944370969
402,0.9690234661102295,0.3360059857368469,0.9653906226158142,0.34889546036720276,0.9660756961997407,0.9652724984730069,0.9653446115892177
403,0.9697461128234863,0.3361738920211792,0.9643750190734863,0.35027122497558594,0.9651152862371974,0.9641182697716446,0.9642352788714718
404,0.9714062213897705,0.33109545707702637,0.9657812714576721,0.3514481782913208,0.9666166505777114,0.9655023171615971,0.9656942678055545
405,0.972460925579071,0.3303035497665405,0.967968761920929,0.3455215096473694,0.9687749362567636,0.9677946857110153,0.9679201350411787
406,0.9693945050239563,0.3341493606567383,0.962890625,0.35137560963630676,0.963707354147664,0.9627083673257828,0.9628332017252837
407,0.9696093797683716,0.33620768785476685,0.963671863079071,0.34750664234161377,0.964594805548926,0.9635849740985714,0.9636596852035679
408,0.9677148461341858,0.34029316902160645,0.9615625143051147,0.35960066318511963,0.9624120373019756,0.9614644412788411,0.9614668573585434
409,0.9679492115974426,0.3388233184814453,0.9635156393051147,0.3536874055862427,0.9643862910702115,0.9633833195018071,0.963491199853051
410,0.9689648151397705,0.33558404445648193,0.9664843678474426,0.345829039812088,0.967205791633936,0.9662142033125518,0.9663209628157354
411,0.9700000286102295,0.3356584906578064,0.964062511920929,0.3551388680934906,0.964909402799734,0.9640074740550805,0.9640234853326907
412,0.9706054925918579,0.33379897475242615,0.964062511920929,0.3515656292438507,0.9647287261656401,0.9640191257168494,0.9640241756948825
413,0.9693164229393005,0.3371504247188568,0.9639843702316284,0.3523175120353699,0.9645055398368796,0.963826086583938,0.9638676202368033
414,0.9709765911102295,0.33386439085006714,0.9624999761581421,0.3551495671272278,0.9632823075392617,0.9622240828828176,0.962352775929016
415,0.9676952958106995,0.33961227536201477,0.9642187356948853,0.3553379774093628,0.9647683031668146,0.9641338354382748,0.9641313526184171
416,0.9671679735183716,0.3398836851119995,0.9620312452316284,0.3583059012889862,0.9628425303350185,0.9618336816549686,0.9619274499222213
417,0.9703906178474426,0.33232536911964417,0.9642968773841858,0.3509135842323303,0.9649452462285857,0.9642226183820425,0.9642392073237838
418,0.9715039134025574,0.3293784260749817,0.9651562571525574,0.34916263818740845,0.9656724458588164,0.9650759830005389,0.9650643151255822
419,0.9712499976158142,0.33096590638160706,0.9653906226158142,0.3420952558517456,0.9659713893890352,0.9652980135626532,0.9653297011723452
420,0.9697461128234863,0.33335018157958984,0.9650781154632568,0.3477232754230499,0.9659078323901128,0.9649573117629677,0.9650067772963609
421,0.9691601395606995,0.3357328772544861,0.9635156393051147,0.35151124000549316,0.9643477994629785,0.963417902957314,0.9634821644800857
422,0.9694140553474426,0.33661118149757385,0.967578113079071,0.34244948625564575,0.9682337433114206,0.9674419619309202,0.9674588448646706
423,0.9710742235183716,0.32909926772117615,0.9654687643051147,0.341643750667572,0.9662011357000644,0.9654508235651782,0.9653862692056574
424,0.9698437452316284,0.3322153389453888,0.967968761920929,0.3387531638145447,0.9686035139447564,0.9679038412742154,0.9678970560559965
425,0.9709765911102295,0.3290749490261078,0.9613281488418579,0.3600403070449829,0.9620403158694629,0.9612531065378425,0.9612662076731741
426,0.9708398580551147,0.3317941427230835,0.9669530987739563,0.3459853231906891,0.967530879831538,0.9669786492698955,0.9669351593288196
427,0.969921886920929,0.3313461244106293,0.9662500023841858,0.34291934967041016,0.9667945505351008,0.966214378938802,0.966226358499472
428,0.9713085889816284,0.3293059468269348,0.9652343988418579,0.3432340919971466,0.9658648276923444,0.9651013764167753,0.9651395395256501
429,0.9708398580551147,0.3280088007450104,0.9652343988418579,0.34695199131965637,0.965852843050519,0.9651001357026472,0.9651626421211401
430,0.9703124761581421,0.3293123245239258,0.9650781154632568,0.3431955575942993,0.9656540227167404,0.9649637090541251,0.9649961322599496
431,0.970703125,0.33078140020370483,0.9660937786102295,0.34939688444137573,0.9668163944103552,0.9659999923054776,0.9660638576338578
432,0.9691210985183716,0.3324757516384125,0.966796875,0.34400221705436707,0.9674230761031232,0.9667524406083501,0.9667679923618862
433,0.9706054925918579,0.3304496705532074,0.9678124785423279,0.34047985076904297,0.968327590642766,0.9676871485871941,0.9676757252525843
434,0.9706640839576721,0.3280174136161804,0.9673437476158142,0.3392052948474884,0.9678347659998384,0.9671497473015234,0.967202990843675
435,0.9709765911102295,0.32638785243034363,0.967578113079071,0.3371248245239258,0.9681357406599007,0.9673380281206325,0.9674093701844654
436,0.9715039134025574,0.32532206177711487,0.9666406512260437,0.34076133370399475,0.9671986436663154,0.9664369731731443,0.9664890968660503
437,0.9719336032867432,0.32436493039131165,0.9608593583106995,0.3568156361579895,0.9614642934393632,0.9607128619608328,0.9607294664242243
438,0.9716406464576721,0.32395049929618835,0.9649999737739563,0.34549713134765625,0.9658743155398057,0.9649063501546572,0.9649852819452116
439,0.970410168170929,0.3297731876373291,0.9682031273841858,0.340302973985672,0.9689916157819036,0.9681685298530956,0.9681996408317126
440,0.970019519329071,0.3275848627090454,0.9664062261581421,0.34026092290878296,0.9672581123508921,0.9661849431129167,0.9662770492424774
441,0.9697851538658142,0.3279278874397278,0.9666406512260437,0.33971717953681946,0.9671876197683704,0.9666458041751279,0.966623711798733
442,0.971484363079071,0.3243674337863922,0.9676562547683716,0.33885592222213745,0.9683493592146878,0.9676370082931622,0.9676225540391286
443,0.9716992378234863,0.32368049025535583,0.967578113079071,0.33874332904815674,0.9682459858807697,0.9674156445928059,0.9674204863216056
444,0.9709570407867432,0.3282441198825836,0.9660937786102295,0.33773091435432434,0.9666324862517252,0.9661140191123165,0.9660919553583357
445,0.9716992378234863,0.3243882358074188,0.9672656059265137,0.34104838967323303,0.9678443242782133,0.9672599080793747,0.9672293784547936
446,0.97119140625,0.32421061396598816,0.965624988079071,0.3408299386501312,0.9663652443295253,0.9653867431352552,0.9655729145934532
447,0.9698241949081421,0.3263266384601593,0.966015636920929,0.34023287892341614,0.9665922656292399,0.9658630614088867,0.9659553061221997
448,0.9725195169448853,0.3228016793727875,0.9674999713897705,0.3393818140029907,0.9681705078284083,0.9673474332235175,0.9674373147179139
449,0.9701367020606995,0.3248429596424103,0.9670312404632568,0.3406965732574463,0.9676979124998177,0.9668234335944502,0.9669376734766738
450,0.96875,0.3317369222640991,0.9662500023841858,0.3400314748287201,0.9670852673823971,0.966177021121217,0.966196656096501
451,0.9704883098602295,0.32783886790275574,0.9665625095367432,0.33765971660614014,0.9673196058035982,0.9665103496565791,0.96652051725446
452,0.9707226753234863,0.3291994035243988,0.9666406512260437,0.33275315165519714,0.9672467443881436,0.9666003152647529,0.9666070185405014
453,0.9694140553474426,0.3291153013706207,0.9631249904632568,0.3491956293582916,0.9641149994330187,0.9629621097682052,0.9631042062922894
454,0.9709570407867432,0.3260243237018585,0.966015636920929,0.3412063717842102,0.9667079384074749,0.9658277519763065,0.9658941576757587
455,0.9717968702316284,0.3215080201625824,0.966796875,0.33985164761543274,0.9675404605346138,0.9667667689783089,0.9667643575533861
456,0.9737304449081421,0.3195939362049103,0.9649999737739563,0.3430434763431549,0.9656584473332444,0.9649455068501984,0.964878297632967
457,0.9709179401397705,0.3232334852218628,0.9685156345367432,0.3340436816215515,0.9691483534313801,0.9685206977827687,0.9684580154452886
458,0.9717382788658142,0.32239630818367004,0.9658593535423279,0.3412529230117798,0.9666545757982052,0.965783573757458,0.9658501634968946
459,0.9710937738418579,0.3220830261707306,0.96484375,0.3431076109409332,0.965515376171157,0.9646640459717861,0.9646899786086773
460,0.9721093773841858,0.3205071687698364,0.9664062261581421,0.33717894554138184,0.9669526399646899,0.9662308026443709,0.9662824018949991
461,0.9712109565734863,0.32144054770469666,0.966015636920929,0.34243571758270264,0.966682381985037,0.9658500057906403,0.965850701911642
462,0.9696289300918579,0.3263360857963562,0.9652343988418579,0.3392975926399231,0.9659658497575768,0.9651442819540725,0.9651335383779986
463,0.9694530963897705,0.3291618227958679,0.9672656059265137,0.3343951404094696,0.9678367321706169,0.9671140193750896,0.9671715055276173
464,0.970507800579071,0.3235495090484619,0.9655468463897705,0.34105750918388367,0.9661639652208417,0.9654755447195242,0.9654373601360546
465,0.9703124761581421,0.3248666822910309,0.9652343988418579,0.3405468761920929,0.9658222174903772,0.9651279201972631,0.9650960519251068
466,0.97119140625,0.3230966329574585,0.9670312404632568,0.3330461382865906,0.9675404283541986,0.9669019286085323,0.9668417503928375
467,0.9706640839576721,0.3234100639820099,0.9662500023841858,0.33569735288619995,0.9670229568081266,0.9660721126429124,0.9661501896909541
468,0.9704492092132568,0.3246752917766571,0.9658593535423279,0.3418148159980774,0.9664234683259022,0.965738476157858,0.9657646998317295
469,0.9701758027076721,0.3235689103603363,0.9690625071525574,0.3271612226963043,0.9695490432630237,0.9690106518287114,0.9689545959318464
470,0.9727734327316284,0.3179321587085724,0.9682031273841858,0.33665382862091064,0.9688995398834968,0.9681095186648196,0.9680949092603873
471,0.972363293170929,0.31743550300598145,0.9664843678474426,0.3342455327510834,0.9671302471745765,0.9663488339080161,0.9663544779627492
472,0.9703710675239563,0.32001835107803345,0.9672656059265137,0.3438120186328888,0.9676452512648989,0.9670781459057396,0.9670714692832834
473,0.9722070097923279,0.3212538957595825,0.969531238079071,0.32789912819862366,0.9701942470385997,0.9693755300704407,0.9694709318202077
474,0.9716210961341858,0.320644736289978,0.9667187333106995,0.33742308616638184,0.967365234685333,0.9666036266761333,0.9666520634303053
475,0.9712109565734863,0.3221392333507538,0.9657031297683716,0.3391095697879791,0.9663618464481222,0.9655085208147739,0.9655666508842253
476,0.97119140625,0.32320910692214966,0.9649999737739563,0.3373664617538452,0.9658022071247303,0.9648576883139188,0.9649258411734518
477,0.9691992402076721,0.3253684639930725,0.9683593511581421,0.33093973994255066,0.9690547461114773,0.9682839571629949,0.9683010223100532
478,0.9715625047683716,0.3223154544830322,0.9665625095367432,0.3365132510662079,0.9672312299257636,0.9665190103279484,0.9665306214192144
479,0.9713476300239563,0.3203849494457245,0.966796875,0.34051162004470825,0.9675795413912224,0.9666498194039791,0.9667515965959993
480,0.9709179401397705,0.3218504786491394,0.9651562571525574,0.34184542298316956,0.9661898559867537,0.9650320683495832,0.9651214495427556
481,0.9715429544448853,0.32082533836364746,0.9682812690734863,0.33123230934143066,0.9688660880852493,0.9682246393714022,0.968208875676233
482,0.9692187309265137,0.32637691497802734,0.9659374952316284,0.3405537009239197,0.9668064738498249,0.9659073112808746,0.9659670720466008
483,0.9706445336341858,0.3263044059276581,0.9688281416893005,0.3271641433238983,0.9694144907699851,0.9687299875840489,0.9687607690424829
484,0.9701758027076721,0.3238071799278259,0.9690625071525574,0.3297038972377777,0.9696200390469951,0.9689354943219395,0.9689385896210002
485,0.9691796898841858,0.3251117467880249,0.9688281416893005,0.33056819438934326,0.9693815781233724,0.9687917193908995,0.9687728428010367
486,0.9723437428474426,0.31883758306503296,0.9658593535423279,0.33497387170791626,0.966727800394261,0.965815687027586,0.9658199690215388
487,0.9716406464576721,0.3181500732898712,0.9688281416893005,0.3293082118034363,0.9693866063617727,0.9687197153283036,0.9687402382291965
488,0.9701172113418579,0.32210633158683777,0.967578113079071,0.3302490711212158,0.9681465606937237,0.9675237079147618,0.9675281296303764
489,0.9728124737739563,0.31515267491340637,0.9663281440734863,0.3312535881996155,0.9670755980880965,0.96618066162558,0.9662130501752766
490,0.9733593463897705,0.3132871389389038,0.9692187309265137,0.3252217471599579,0.9698264555675231,0.9691584414466983,0.9691661989970899
491,0.9740234613418579,0.31253960728645325,0.9668750166893005,0.3280603289604187,0.9674732775478476,0.9667669867858526,0.9668088176840026
492,0.9716796875,0.3154768645763397,0.9658593535423279,0.33331966400146484,0.9667228875609784,0.9656436378502835,0.9657447160541804
493,0.9703515768051147,0.32054680585861206,0.9688281416893005,0.3290916383266449,0.9693494399086113,0.9688118148884228,0.9688087422512031
494,0.9707421660423279,0.31981438398361206,0.9669530987739563,0.3295404016971588,0.967673177009645,0.9667476106484785,0.9668118707173743
495,0.9718164205551147,0.3176269233226776,0.9682031273841858,0.33334797620773315,0.96891730597778,0.9680742324113843,0.9681066253206138
496,0.9712109565734863,0.31761670112609863,0.9688281416893005,0.3298870921134949,0.9693600878513264,0.9687024459477999,0.968732290160893
497,0.9725781083106995,0.315273255109787,0.966015636920929,0.3355432450771332,0.9666630637094265,0.9659344372264353,0.9658947432905312
498,0.9710156321525574,0.31758832931518555,0.9639062285423279,0.3428144156932831,0.9645994237928758,0.9638537146267145,0.9638065885145548
499,0.9701172113418579,0.32019805908203125,0.9671875238418579,0.33171913027763367,0.9678431028013766,0.967023859128757,0.9671137212636536
500,0.9711718559265137,0.3167290687561035,0.9671093821525574,0.3290661573410034,0.967663405966508,0.9670980018293066,0.9670820907808002
501,0.9712304472923279,0.31742119789123535,0.9671093821525574,0.3325634300708771,0.9677118081377518,0.9670311998118235,0.9671072755330568
502,0.9729883074760437,0.314555287361145,0.9706249833106995,0.31899508833885193,0.9711253669601423,0.9705347652890244,0.9705461329777542
503,0.973437488079071,0.31165555119514465,0.9704687595367432,0.32083025574684143,0.9711670473702496,0.9702966508512014,0.9704152272694369
504,0.9720898270606995,0.3139369487762451,0.9692187309265137,0.32907426357269287,0.9697831587134873,0.969087357032103,0.9691161896037395
505,0.9712890386581421,0.3151327073574066,0.9670312404632568,0.3281828761100769,0.9677292864756516,0.9668353893953109,0.9668976717030972
506,0.9728124737739563,0.31208696961402893,0.9666406512260437,0.3313068449497223,0.9673573873006931,0.9664718524598668,0.9665177606571509
507,0.9708203077316284,0.31562331318855286,0.9696093797683716,0.32509127259254456,0.9702222357149303,0.9694812966646249,0.9694985474660985
508,0.9714257717132568,0.31519827246665955,0.9671093821525574,0.332638144493103,0.9676613299513018,0.9670806352319813,0.9670341582312875
509,0.9713476300239563,0.31542107462882996,0.969921886920929,0.3220532238483429,0.9704925347736557,0.969866358361201,0.9698730761672998
510,0.9723047018051147,0.31121835112571716,0.9697656035423279,0.3238016366958618,0.9704501335475777,0.9697045637706425,0.9697349099857049
511,0.9722265601158142,0.3138749599456787,0.9674218893051147,0.3305075168609619,0.9682043810157379,0.9673166566528968,0.9673463663945934
512,0.9735937714576721,0.3099004626274109,0.9691406488418579,0.32367846369743347,0.9698358142548819,0.9691084929065368,0.9691275887116029
513,0.9738867282867432,0.30692824721336365,0.9689062237739563,0.3225253224372864,0.9695626813482052,0.9688799682288457,0.9688893935760463
514,0.9720703363418579,0.3123266100883484,0.9669530987739563,0.32540619373321533,0.967886004576934,0.966826399700764,0.9669092520566586
515,0.9711523652076721,0.31556758284568787,0.9694530963897705,0.3224424719810486,0.9701404256023507,0.9693774068055715,0.9694345374154244
516,0.9716992378234863,0.3150981068611145,0.9686718583106995,0.32532328367233276,0.9693749492987158,0.9685307484341674,0.9686405128925927
517,0.9708007574081421,0.316266268491745,0.9686718583106995,0.33002564311027527,0.9693288100305993,0.968575357390232,0.9686254693079785
518,0.9725781083106995,0.3111637532711029,0.9664062261581421,0.33158665895462036,0.9671000766407782,0.9662994124172062,0.96633201688173
519,0.9728124737739563,0.3102908730506897,0.9702343940734863,0.317728728055954,0.9707675363968911,0.9701542520380382,0.970132243431266
520,0.9740820527076721,0.30699625611305237,0.9664062261581421,0.3271239399909973,0.967047729892913,0.9663502455786568,0.9663683553915747
521,0.9736523628234863,0.3076098561286926,0.9701562523841858,0.32060080766677856,0.9707706429400487,0.9700970102580726,0.9700905226610852
522,0.9739843606948853,0.30603426694869995,0.9684374928474426,0.3265744149684906,0.9690911333346042,0.968486576235199,0.9684492391512769
523,0.9714453220367432,0.3122817277908325,0.9678124785423279,0.3274172246456146,0.9684805651837131,0.9676758215834497,0.9677030625983254
524,0.9707617163658142,0.31526514887809753,0.9691406488418579,0.3234400153160095,0.9697800373316015,0.9690371790042449,0.9690755595725264
525,0.9710546731948853,0.31206047534942627,0.9696093797683716,0.3200199007987976,0.9702507207602654,0.9696189838031745,0.969581419930472
526,0.9735546708106995,0.30815333127975464,0.971875011920929,0.31954309344291687,0.972543433487153,0.971726034796747,0.9717737128627313
527,0.9732812643051147,0.30776408314704895,0.9715625047683716,0.31239205598831177,0.9722195124179629,0.9714173053523778,0.9715097357846252
528,0.9725781083106995,0.3078627586364746,0.967968761920929,0.3201735317707062,0.9689526690867329,0.9677686943104018,0.9678680252801607
529,0.9709179401397705,0.3127967119216919,0.9684374928474426,0.32242217659950256,0.9691147031738457,0.968391928735892,0.968404489901965
530,0.9703906178474426,0.31430521607398987,0.9678906202316284,0.32560038566589355,0.9686306967822065,0.9676370973184638,0.9677157474040731
531,0.9713671803474426,0.31351238489151,0.9697656035423279,0.3195499777793884,0.970329727574847,0.9697260977047069,0.9697257197588749
532,0.972460925579071,0.30893728137016296,0.9702343940734863,0.3144124746322632,0.9709311378155338,0.9700824209114259,0.9701543996280202
533,0.9724023342132568,0.3089790344238281,0.9690625071525574,0.3203277885913849,0.9695237862630459,0.9689230674872216,0.9689335359591069
534,0.9716406464576721,0.3114067316055298,0.9691406488418579,0.31812208890914917,0.9699363826431457,0.9689905446838148,0.9690795821520052
535,0.9716601371765137,0.31144198775291443,0.9717187285423279,0.3170260488986969,0.9721915937693281,0.9716378295679917,0.9716719822111597
536,0.9703906178474426,0.31353795528411865,0.9674218893051147,0.32606998085975647,0.96802698060802,0.9674425516032991,0.9674103442957863
537,0.9709179401397705,0.31241536140441895,0.9671093821525574,0.3310619294643402,0.9677473464164426,0.9669350864252042,0.9669672272462083
538,0.9693359136581421,0.3176453113555908,0.9709374904632568,0.319132536649704,0.9714661848210728,0.9709100410335949,0.9708817090031001
539,0.9705859422683716,0.31639933586120605,0.9691406488418579,0.32205721735954285,0.969699058126221,0.9691676561150748,0.9691238301868432
540,0.9714062213897705,0.31245020031929016,0.9709374904632568,0.3188020586967468,0.9713292655737499,0.9709237940125227,0.970851278305968
541,0.9713476300239563,0.31203070282936096,0.9708593487739563,0.31683114171028137,0.9713764239576055,0.9709613379774945,0.9708531329330761
542,0.9708203077316284,0.3154079020023346,0.965624988079071,0.3283248841762543,0.9663148901941021,0.9656087979760983,0.9656044153212882
543,0.9723437428474426,0.3097577393054962,0.9710937738418579,0.31640946865081787,0.9716982015959924,0.970986911299382,0.9710868999248647
544,0.9741601347923279,0.3050762414932251,0.9691406488418579,0.3242136240005493,0.9697095013339665,0.9691310664393763,0.9691454238001349
545,0.974316418170929,0.30427712202072144,0.9696875214576721,0.3196032643318176,0.9703798274965977,0.9696288975210626,0.9696519175403153
546,0.9720507860183716,0.3078949451446533,0.9692968726158142,0.31826335191726685,0.9700315340288921,0.969225129722588,0.9692750304418549
547,0.9741015434265137,0.3028581440448761,0.969531238079071,0.3193521797657013,0.970220227318695,0.9695812574036096,0.9695623479658384
548,0.9722461104393005,0.3071523606777191,0.9723437428474426,0.31267377734184265,0.9729071412188136,0.9722691685009475,0.972320501067016
549,0.970703125,0.31236937642097473,0.9708593487739563,0.3134126365184784,0.9714251973500396,0.9707320035320894,0.9707677330226302
550,0.9710937738418579,0.3113659620285034,0.9692968726158142,0.3187653422355652,0.9699491779459818,0.969223091320535,0.9692422011336626
551,0.9716210961341858,0.3119908571243286,0.9715625047683716,0.31964993476867676,0.9720948288068656,0.9714925687584302,0.971532525789828
552,0.9710156321525574,0.31184056401252747,0.9705469012260437,0.3183293342590332,0.9710960858603573,0.9705015678166936,0.9704925550917851
553,0.9730273485183716,0.30704188346862793,0.9717968702316284,0.3161756098270416,0.9722698007564683,0.9718388143811763,0.9718088540857099
554,0.9725781083106995,0.30886217951774597,0.969921886920929,0.3160460293292999,0.9706737276024722,0.9698682530185572,0.9699726362505282
555,0.9725000262260437,0.30725181102752686,0.9698437452316284,0.31662416458129883,0.9703943806710706,0.9697232058520885,0.9697446480546688
556,0.9723827838897705,0.3075808584690094,0.9720312356948853,0.3130439519882202,0.9725347267799759,0.9720186688473882,0.9719803025241452
557,0.971972644329071,0.3077048063278198,0.969531238079071,0.3174129128456116,0.9700059835679651,0.9694720273158638,0.9694377313010205
558,0.9741601347923279,0.3006746768951416,0.9696875214576721,0.32024815678596497,0.9702443194113195,0.9696296991025222,0.969625967574036
559,0.9725781083106995,0.30367621779441833,0.9704687595367432,0.31708699464797974,0.9710532259270498,0.970393114000232,0.9704182811892372
560,0.9724414348602295,0.3041808009147644,0.9688281416893005,0.3167637884616852,0.9694456775979583,0.9686709373746474,0.9687082668191184
561,0.9730663895606995,0.3050498366355896,0.9701562523841858,0.316499263048172,0.9707002357758969,0.9700295560997445,0.9700818748082799
562,0.9717968702316284,0.30570459365844727,0.9701562523841858,0.31495150923728943,0.9707965486866694,0.9700814700168265,0.9701446848929713
563,0.9720703363418579,0.30829688906669617,0.969921886920929,0.31610655784606934,0.9705851207094633,0.9698406223848431,0.9699096160041635
564,0.972949206829071,0.30754801630973816,0.9693750143051147,0.31641924381256104,0.9698414399739713,0.9692816168342115,0.969266556299865
565,0.9721093773841858,0.3046453595161438,0.9727343916893005,0.3098067045211792,0.9733008670690098,0.9727044971802691,0.9727024778819359
566,0.9722656011581421,0.30630257725715637,0.9694530963897705,0.3164202570915222,0.9699288880635577,0.969424048675888,0.9693438517810897
567,0.9731835722923279,0.3053073585033417,0.969921886920929,0.316834419965744,0.9705872113212813,0.9698021018757859,0.9698800589066365
568,0.9727734327316284,0.30621638894081116,0.9686718583106995,0.31874799728393555,0.9692386471460877,0.9688167439649311,0.9687480050677226
569,0.9722070097923279,0.3048425018787384,0.9703906178474426,0.317242830991745,0.9710135263884967,0.970220957124291,0.9702781892870614
570,0.9725586175918579,0.3048437833786011,0.9724218845367432,0.3090660274028778,0.9730863453896618,0.9723409985726054,0.9723682224423373
571,0.9715820550918579,0.3079027235507965,0.9691406488418579,0.3209761679172516,0.9697902759069776,0.9689426836659847,0.9690169664720949
572,0.9717578291893005,0.309705525636673,0.9712499976158142,0.3116087019443512,0.9718070261422495,0.9712601468164129,0.9712250001752577
573,0.9727929830551147,0.3035970628261566,0.9717968702316284,0.3099838197231293,0.972387017548257,0.9716911745692962,0.9717467641192136
574,0.9711523652076721,0.3074735105037689,0.9717187285423279,0.3076164722442627,0.9721384700516515,0.9716238106834136,0.9716289719783469
575,0.9745507836341858,0.3000907599925995,0.9700781106948853,0.31635355949401855,0.9706263213249946,0.9700177683363667,0.970006957683996
576,0.9732226729393005,0.3016093671321869,0.9703906178474426,0.3140821158885956,0.9709356892480543,0.9703188778247593,0.9703218004144585
577,0.9727734327316284,0.304557204246521,0.9711718559265137,0.31326746940612793,0.9717463656786616,0.9710248558277457,0.9711141436589252
578,0.9728320240974426,0.3046462833881378,0.9712499976158142,0.31228402256965637,0.9717608700357478,0.9710573924066146,0.9711267248852845
579,0.9742382764816284,0.29974469542503357,0.9709374904632568,0.3148047626018524,0.9715997794907832,0.9707738662346874,0.9708559879564438
580,0.97265625,0.30132830142974854,0.9698437452316284,0.3175228536128998,0.9704021323490808,0.9698037655375709,0.9698304247812868
581,0.97216796875,0.3024469316005707,0.9701562523841858,0.31785082817077637,0.9707747530195002,0.9701399934121837,0.970161891121874
582,0.9705273509025574,0.30643323063850403,0.9707812666893005,0.31159669160842896,0.9713555935531222,0.9707136317619993,0.970719026768664
583,0.9719531536102295,0.30396631360054016,0.9688281416893005,0.3163623809814453,0.9693193465709294,0.9687270221956539,0.9688058820081027
584,0.9734960794448853,0.30198556184768677,0.9697656035423279,0.3121365010738373,0.9703767487310944,0.9696590803826824,0.969723312429934
585,0.9728710651397705,0.3008280098438263,0.9700000286102295,0.3212685286998749,0.9704794397248239,0.9698125725018474,0.9698419376551226
586,0.9727538824081421,0.30120623111724854,0.9735156297683716,0.3054034113883972,0.9740199275271331,0.9734967564525304,0.9734988997232644
587,0.9713085889816284,0.3056469261646271,0.9711718559265137,0.30893781781196594,0.9718078673483628,0.9709934652848924,0.971064155714189
588,0.9712695479393005,0.30611687898635864,0.9729687571525574,0.3050389289855957,0.973614374751111,0.9728352338165566,0.9728893475527087
589,0.9711718559265137,0.30720585584640503,0.9724218845367432,0.30924779176712036,0.9730159885608605,0.9722738750315059,0.97230416930038
590,0.9711328148841858,0.30407679080963135,0.9722656011581421,0.30665236711502075,0.9727369416046848,0.9721930952789872,0.9721907238488111
591,0.9722070097923279,0.30394217371940613,0.9716406464576721,0.3145374357700348,0.9724057353530502,0.9715502005379365,0.9715915729752971
592,0.9746679663658142,0.2976442277431488,0.9725000262260437,0.30558374524116516,0.9731590883485244,0.9724036051154944,0.9724673152808376
593,0.9726366996765137,0.3006153702735901,0.9716406464576721,0.31067854166030884,0.972261212539749,0.9715480488134924,0.9716015846597341
594,0.9730273485183716,0.299509197473526,0.973828136920929,0.30422279238700867,0.9742459314721206,0.973886400385868,0.9738214167739367
595,0.9731835722923279,0.2993527352809906,0.9735937714576721,0.3061942160129547,0.9741176081682364,0.9735788073107161,0.9735365860761314
596,0.974414050579071,0.29708588123321533,0.9702343940734863,0.31181496381759644,0.9709615763856756,0.9702262778014975,0.9702229152936477
597,0.9735742211341858,0.29704588651657104,0.9733593463897705,0.3065202236175537,0.9739236953905178,0.9731866745380424,0.9732171260641281
598,0.9716210961341858,0.3013310134410858,0.9727343916893005,0.3016628921031952,0.9731645947929151,0.9726946609009466,0.9726289006286972
599,0.9717773199081421,0.3014968931674957,0.9713281393051147,0.30811136960983276,0.9721184366025057,0.9712692606025795,0.9712900183049109
600,0.9722265601158142,0.29990893602371216,0.9732031226158142,0.3047860562801361,0.9737167649833136,0.9731920501263838,0.9731459455418365
601,0.9710742235183716,0.30293652415275574,0.9729687571525574,0.30008161067962646,0.9734857610419663,0.9728849836849853,0.972875647829134
602,0.9726758003234863,0.3020085394382477,0.9716406464576721,0.30714794993400574,0.9720150064655502,0.9716363471297281,0.9715893055513865
603,0.9737109541893005,0.29746174812316895,0.9709374904632568,0.3045993149280548,0.9714255526426057,0.9708632778165778,0.9708468213612942
604,0.9737109541893005,0.29691269993782043,0.9719531536102295,0.30701905488967896,0.9723771701156549,0.9718890742646018,0.9718870103060815
605,0.9730859398841858,0.2981026768684387,0.9743750095367432,0.2980688214302063,0.9749201589859859,0.9742672902698776,0.9742802826492036
606,0.9725195169448853,0.29986992478370667,0.9700781106948853,0.3046976327896118,0.9707276418765706,0.9700966948485275,0.9700122712873782
607,0.9736328125,0.29621580243110657,0.9710937738418579,0.30817702412605286,0.9718392991899778,0.9710431488147282,0.9710646992701416
608,0.9717773199081421,0.30043700337409973,0.9708593487739563,0.30695265531539917,0.9714778866453817,0.970814588352273,0.9707824265728991
609,0.9712109565734863,0.304824560880661,0.9723437428474426,0.3096695840358734,0.9729947148762506,0.9721771161842023,0.972289334407977
610,0.9705663919448853,0.30462563037872314,0.9740625023841858,0.3016343414783478,0.9743455995517871,0.9739795046921988,0.9739579575477506
611,0.97119140625,0.30233657360076904,0.9712499976158142,0.3100605309009552,0.9717400705146442,0.9711790320190745,0.971132135552477
612,0.9731249809265137,0.29837897419929504,0.9710156321525574,0.3100605607032776,0.9715903085064169,0.9708402099460876,0.9709612794269453
613,0.9722851514816284,0.3006145656108856,0.9710156321525574,0.3096826672554016,0.9716703993603946,0.9708650480038958,0.9709406917103567
614,0.9730663895606995,0.30026817321777344,0.9728906154632568,0.30505266785621643,0.9735330127508129,0.9727619278955693,0.9728427171375167
615,0.9739062786102295,0.29699450731277466,0.9709374904632568,0.30564844608306885,0.9713948288145186,0.9708866308209156,0.970837200352448
616,0.9738867282867432,0.29636940360069275,0.9710937738418579,0.3079681694507599,0.9715950897888854,0.970940697848824,0.9709779569667425
617,0.9732031226158142,0.2952577769756317,0.9717968702316284,0.30591151118278503,0.9723227183199734,0.9716701326802368,0.9717057624557645
618,0.9740039110183716,0.296214759349823,0.9704687595367432,0.30447471141815186,0.9709627717997813,0.9703368210024301,0.9703885735072799
619,0.9722265601158142,0.2997066378593445,0.9728906154632568,0.3001345992088318,0.973418737620995,0.9728490084005488,0.9728786823648339
620,0.9743359088897705,0.29558447003364563,0.9735937714576721,0.2993040978908539,0.9740186115662203,0.973527581346033,0.9735244182026636
621,0.9739648699760437,0.2938506007194519,0.9714062213897705,0.3040601313114166,0.9720920324887778,0.9712587184635006,0.9713392252770736
622,0.9729101657867432,0.2966165244579315,0.9691406488418579,0.31390199065208435,0.9698392081072074,0.9690287124219266,0.9690432569003251
623,0.9719336032867432,0.30009591579437256,0.969921886920929,0.30918100476264954,0.9706668879564038,0.9698525781432012,0.9698626876627627
624,0.9750781059265137,0.2927435636520386,0.9684374928474426,0.31519851088523865,0.9690913224316352,0.9684193631246762,0.9683572691644622
625,0.9729883074760437,0.29454195499420166,0.9682031273841858,0.31586840748786926,0.9692540631063423,0.9680970475939308,0.9681589451448704
626,0.97119140625,0.301433801651001,0.9710156321525574,0.30759724974632263,0.9715363369754579,0.9708713968491687,0.9709266849272167
627,0.9707421660423279,0.30406880378723145,0.9725781083106995,0.3113085925579071,0.9730880497149014,0.972469209510063,0.9724958120540886
628,0.9711328148841858,0.3040996789932251,0.9721093773841858,0.310160756111145,0.9728352794128945,0.9720373972797284,0.9720774935588253
629,0.9712695479393005,0.3012872040271759,0.971484363079071,0.3068961501121521,0.9719623639719799,0.971433693482693,0.9713875451402615
630,0.9738867282867432,0.2958497107028961,0.9716406464576721,0.3058500587940216,0.9721350188776348,0.9714705723626482,0.9715329647880258
631,0.9730859398841858,0.29611873626708984,0.9713281393051147,0.3045048713684082,0.9718760825758241,0.971245629311156,0.9712099987569409
632,0.9734570384025574,0.2939435839653015,0.9712499976158142,0.3057745397090912,0.9717382341261624,0.9711485649769773,0.9711399809962531
633,0.9736914038658142,0.29400554299354553,0.9728906154632568,0.3039402663707733,0.9734404757198986,0.9727147069422487,0.9728570618299811
634,0.9735937714576721,0.2939489483833313,0.9722656011581421,0.3055395185947418,0.9727263438966484,0.9721764977797671,0.9722366478580425
635,0.9736914038658142,0.292702853679657,0.9709374904632568,0.30060234665870667,0.9715580509977051,0.9708189832258903,0.9708770010811998
636,0.97412109375,0.29394063353538513,0.9690625071525574,0.30888670682907104,0.9696974895686414,0.9689061129206908,0.9689530341033263
637,0.9742773175239563,0.29148969054222107,0.9711718559265137,0.3068264424800873,0.9716929108322747,0.9710833627066813,0.971092031447143
638,0.9739062786102295,0.29360532760620117,0.9716406464576721,0.3043643832206726,0.9722250036821998,0.9715290906100907,0.9715890831628053
639,0.9714453220367432,0.29758894443511963,0.969921886920929,0.3064725399017334,0.9705347061625833,0.969855055135962,0.9698908712877085
640,0.9736132621765137,0.2958502471446991,0.969531238079071,0.3112374246120453,0.9701469430291949,0.9694201901783833,0.9694041994514947
641,0.9732226729393005,0.29381975531578064,0.9732031226158142,0.30041807889938354,0.9737150973943774,0.9731101808064719,0.9731608188907195
642,0.9741796851158142,0.29333996772766113,0.9745312333106995,0.2955285310745239,0.9751121745275582,0.9744482004854597,0.974484021615982
643,0.9731835722923279,0.29217272996902466,0.9717187285423279,0.30609190464019775,0.9722621259367303,0.9717187048143608,0.9716840587372904
644,0.972949206829071,0.29466962814331055,0.9713281393051147,0.3029615879058838,0.9718060986791524,0.9713315094987758,0.9712751196551386
645,0.9723437428474426,0.29814136028289795,0.9710937738418579,0.29888617992401123,0.9716709698495243,0.9711232237755982,0.9710909946111994
646,0.9730468988418579,0.2944580316543579,0.9728124737739563,0.2964365482330322,0.9732350582635545,0.9727293638784946,0.9727239884992971
647,0.9737890362739563,0.2928837835788727,0.9705469012260437,0.3047010600566864,0.971170010862159,0.9705182560113578,0.9705041218548751
648,0.9735351800918579,0.2936933636665344,0.9722656011581421,0.2981993854045868,0.9728446766982686,0.9721140263602059,0.9722021408615489
649,0.9720898270606995,0.2993267774581909,0.9702343940734863,0.3066474497318268,0.9708900258703674,0.9700737714778799,0.9701355759224254
650,0.974414050579071,0.29289424419403076,0.9723437428474426,0.3001343011856079,0.9729129072159913,0.9722071928445621,0.9722459040773912
651,0.9747655987739563,0.28954726457595825,0.9725000262260437,0.3012380599975586,0.9729928430472418,0.9724706867595186,0.9724279065623735
652,0.9724804759025574,0.2939419746398926,0.9716406464576721,0.29973500967025757,0.9724406408205748,0.9715538074789134,0.9715961911214317
653,0.9736718535423279,0.2908839285373688,0.9708593487739563,0.3019440770149231,0.9715971844895772,0.9707459190689467,0.9708413510655153
654,0.9735156297683716,0.2939160168170929,0.9735937714576721,0.29555097222328186,0.9742111356523705,0.9736227195651125,0.9736162031715995
655,0.9743359088897705,0.287840873003006,0.9714062213897705,0.3002135753631592,0.9722528869186959,0.9713106426291356,0.9713968211090842
656,0.9741796851158142,0.29025137424468994,0.9732031226158142,0.2963610291481018,0.9738420012598222,0.9731810472523545,0.9731726212863807
657,0.9733788967132568,0.29094645380973816,0.9713281393051147,0.2998918890953064,0.9718420148561129,0.971371233821227,0.9713108411508977
658,0.9741796851158142,0.2905614972114563,0.9732812643051147,0.29610806703567505,0.973779186177454,0.9732180899394953,0.973225613916886
659,0.9739062786102295,0.2917899191379547,0.9750000238418579,0.28964290022850037,0.9753988473127031,0.9749839691280092,0.9749215018936465
660,0.9737890362739563,0.2904423773288727,0.9739062786102295,0.29377123713493347,0.974379239618993,0.9738602485323797,0.973886616540786
661,0.97412109375,0.2916244864463806,0.9722656011581421,0.29533281922340393,0.9728648243923999,0.9723034739692258,0.9722616456072084
662,0.9718945026397705,0.2947273552417755,0.9700781106948853,0.30507636070251465,0.9706105767403733,0.970087923275799,0.9700679453676408
663,0.9716210961341858,0.2945869266986847,0.9732031226158142,0.29829901456832886,0.9735577488060736,0.9731824981593404,0.9731654345918835
664,0.971875011920929,0.29593798518180847,0.9721093773841858,0.29350098967552185,0.9726242458951511,0.9720870200125831,0.9720804691993102
665,0.9717968702316284,0.29482731223106384,0.971484363079071,0.29729023575782776,0.9719940196149988,0.9714115785604889,0.9714249441885913
666,0.9722265601158142,0.2968132495880127,0.971484363079071,0.3006075620651245,0.9720653895536289,0.9714122954930651,0.9714098608629417
667,0.9755663871765137,0.2886376976966858,0.971484363079071,0.298997163772583,0.9719258833314397,0.9715124402426016,0.9714509911243767
668,0.9736718535423279,0.290657103061676,0.9730468988418579,0.3010879456996918,0.9735104704636381,0.9730460979665723,0.9730013209534849
669,0.9726172089576721,0.29287758469581604,0.9722656011581421,0.2987356185913086,0.9727904579149093,0.9723687769438678,0.9722730207964609
670,0.9725586175918579,0.2953019440174103,0.9705469012260437,0.30247604846954346,0.9711916700819478,0.9705647777312788,0.9705248730547558
671,0.9734960794448853,0.2921627461910248,0.9740625023841858,0.2918863296508789,0.9746808040995587,0.9740199714574593,0.974015235634762
672,0.9747070074081421,0.2894228398799896,0.9721875190734863,0.2957928776741028,0.9725838046564028,0.9721949093437113,0.9721418426253855
673,0.9741796851158142,0.29178622364997864,0.973437488079071,0.29718127846717834,0.9739035893725727,0.9734237692538448,0.9734073118356159
674,0.9734570384025574,0.28928759694099426,0.9740625023841858,0.2926483750343323,0.974656921093882,0.973966228085348,0.9740134077168127
675,0.9736914038658142,0.29013118147850037,0.9724218845367432,0.2962605357170105,0.9728696628032575,0.9724967850271977,0.9724094385607844
676,0.9741796851158142,0.28908073902130127,0.9729687571525574,0.2955547571182251,0.9734501529648015,0.9728982027289805,0.9728902562002087
677,0.9744336009025574,0.29056838154792786,0.9737499952316284,0.2954952120780945,0.9742597659702957,0.9736466289404275,0.9736321582669138
678,0.9731835722923279,0.29228317737579346,0.9712499976158142,0.29680997133255005,0.9717918064843003,0.9711649108920015,0.9711632030993504
679,0.9741796851158142,0.2898350954055786,0.9735156297683716,0.29638269543647766,0.9739971633653014,0.973532961664782,0.9734847495858017
680,0.9740234613418579,0.2899448275566101,0.9742187261581421,0.2883863151073456,0.9746396019822694,0.9741530241179461,0.974112917496957
681,0.9748241901397705,0.28582221269607544,0.9749218821525574,0.29154616594314575,0.9754176873026836,0.9749260962069612,0.9749179215330558
682,0.9738085865974426,0.28939515352249146,0.9732031226158142,0.29528456926345825,0.9737006426781983,0.9730853156875541,0.9731191324852863
683,0.973437488079071,0.28980857133865356,0.9731249809265137,0.2955362796783447,0.9736322986528954,0.9730826615659018,0.973083861992112
684,0.9722070097923279,0.29169338941574097,0.9720312356948853,0.2946728765964508,0.9726133971123165,0.9719764698336308,0.9719583856092976
685,0.9752734303474426,0.283140629529953,0.9715625047683716,0.29680004715919495,0.9721424762772451,0.9714317099033299,0.9714932799408738
686,0.9740820527076721,0.28633394837379456,0.9735937714576721,0.28923842310905457,0.9740692418376259,0.9735305134806522,0.9735061579890327
687,0.9748241901397705,0.28447067737579346,0.9725781083106995,0.2949985861778259,0.9730275800181304,0.9725033749006577,0.9724771049695922
688,0.9741796851158142,0.28534725308418274,0.971875011920929,0.29580655694007874,0.9725775978009821,0.9717491605288189,0.9718114275254024
689,0.9726952910423279,0.2918975055217743,0.9742968678474426,0.29017093777656555,0.9747208565223137,0.974276800653616,0.9742671180106093
690,0.9733203053474426,0.2877849340438843,0.973437488079071,0.2929380238056183,0.9740222204288964,0.9732682651087418,0.9733323496685513
691,0.974316418170929,0.28834521770477295,0.971484363079071,0.2962284982204437,0.972014338174444,0.9714202349402683,0.9713812239041126
692,0.9744921922683716,0.2855198383331299,0.9728906154632568,0.29448431730270386,0.9733573074684035,0.9727644576040617,0.9727477199877357
693,0.97412109375,0.28634655475616455,0.9732812643051147,0.29004111886024475,0.9740107753381502,0.9732157169306366,0.9732772193241777
694,0.9737890362739563,0.28577977418899536,0.9741406440734863,0.28764984011650085,0.97463398930944,0.9740485166095432,0.9740749539410621
695,0.9750586152076721,0.2826208770275116,0.9710937738418579,0.29265373945236206,0.9715546686728408,0.9709718147669046,0.9709763219419507
696,0.9754883050918579,0.2839426100254059,0.9741406440734863,0.29370734095573425,0.9747804334368101,0.9741023059344319,0.9741350248516075
697,0.9714453220367432,0.2916854918003082,0.9727343916893005,0.2945583462715149,0.9733472039969842,0.9726486849476683,0.9726876247337847
698,0.9739843606948853,0.2871973514556885,0.9739843606948853,0.2905276417732239,0.9744194991137471,0.9738600902334222,0.9738850264236905
699,0.9722070097923279,0.2916240990161896,0.9732031226158142,0.2932193875312805,0.9738015220755101,0.9730537581612568,0.973139990252369
700,0.9720703363418579,0.2936182916164398,0.9732031226158142,0.2949908971786499,0.973824212642263,0.9731194540270054,0.9731739463345634
701,0.9737109541893005,0.2896045446395874,0.9747655987739563,0.2910865843296051,0.975229449267221,0.9747488968739438,0.9747247829740873
702,0.9732812643051147,0.2892875373363495,0.9744531512260437,0.29276591539382935,0.9750547579339317,0.974334707543681,0.9743756438967922
703,0.9729883074760437,0.2914738059043884,0.9742187261581421,0.29289135336875916,0.9748362240896492,0.9740425549818141,0.974131483441246
704,0.9736328125,0.2874942719936371,0.97265625,0.301971971988678,0.9733187649388424,0.9726805882546166,0.9726341863619155
705,0.9746289253234863,0.28649601340293884,0.9703906178474426,0.2996015250682831,0.9708789383032868,0.9704329486992631,0.9703710514148345
706,0.973437488079071,0.28855597972869873,0.9730468988418579,0.2925150692462921,0.973474168674908,0.9729251827277186,0.9729207541086156
707,0.9744531512260437,0.28332871198654175,0.9740625023841858,0.2851625382900238,0.9745177918843636,0.9740842140743503,0.9740450780730462
708,0.9736132621765137,0.2889822721481323,0.9732812643051147,0.2927963137626648,0.9738054941700862,0.9731920393377713,0.9731832073217537
709,0.9741406440734863,0.2882399559020996,0.9744531512260437,0.2878803312778473,0.9749689298653657,0.9743801972553389,0.9744222325700067
710,0.9733593463897705,0.28834986686706543,0.9733593463897705,0.2932974696159363,0.9740159780963851,0.973269233302656,0.9732899638006915
711,0.9729883074760437,0.28943872451782227,0.9731249809265137,0.2922794818878174,0.9735962709542528,0.9731307778663302,0.9731036836985869
712,0.9739648699760437,0.2870029807090759,0.9760156273841858,0.2883603870868683,0.9764907070026496,0.9760279135006543,0.976013678518687
713,0.9746484160423279,0.2839512825012207,0.9735156297683716,0.28997623920440674,0.9740016137973615,0.9734953716112779,0.9734725873148438
714,0.9735351800918579,0.2859160602092743,0.9745312333106995,0.28557872772216797,0.9750110471207755,0.9745048331119324,0.9744920435323343
715,0.9763867259025574,0.27783429622650146,0.9722656011581421,0.292698472738266,0.9728348228914436,0.9721892849929578,0.972181821822993
716,0.9761914014816284,0.2791287302970886,0.974609375,0.2880840599536896,0.9749872013632985,0.9745342128209777,0.9745797737376934
717,0.9745507836341858,0.28372371196746826,0.9746875166893005,0.28579556941986084,0.9752282730230819,0.9745976597521262,0.9746182818536634
718,0.9724218845367432,0.28790947794914246,0.9729687571525574,0.2902294397354126,0.973514680926804,0.9728222906312609,0.9728728637769151
719,0.9732617139816284,0.2900274693965912,0.9713281393051147,0.2955334186553955,0.9719974979140292,0.9713381888714301,0.971302105428181
720,0.9739062786102295,0.2857162356376648,0.9739062786102295,0.2885897755622864,0.9744803746827804,0.973792711287679,0.9738460069622638
721,0.9751757979393005,0.28197142481803894,0.9739062786102295,0.28305935859680176,0.9744003022861701,0.9738169240986593,0.9738472223128081
722,0.975390613079071,0.2809642255306244,0.9747655987739563,0.28812140226364136,0.9751045948060544,0.9747115021309938,0.97468179712959
723,0.9724023342132568,0.28835514187812805,0.9733593463897705,0.2938750386238098,0.9736846655275239,0.9733598040524718,0.9732524045086046
724,0.9725390672683716,0.28923195600509644,0.9719531536102295,0.2919117212295532,0.9723590755738079,0.9719362253090174,0.9718917897894798
725,0.9735351800918579,0.2873542308807373,0.9742187261581421,0.28950974345207214,0.9747483722794845,0.974133573250068,0.9741514422024573
726,0.9732226729393005,0.28821948170661926,0.9729687571525574,0.29199543595314026,0.973379163260055,0.972908193454207,0.9728822265886452
727,0.9753320217132568,0.28233110904693604,0.9725000262260437,0.290295273065567,0.9731540218065833,0.9725320047816086,0.9725245610738678
728,0.9742773175239563,0.2844701409339905,0.9751562476158142,0.2852102518081665,0.9756990735286271,0.9750391174740368,0.9750605820855618
729,0.9742382764816284,0.28297796845436096,0.9743750095367432,0.28724205493927,0.9747822003822253,0.9742179567494167,0.9742822632883388
730,0.9739062786102295,0.2855975031852722,0.973828136920929,0.28934812545776367,0.9742841708785396,0.9737283860018462,0.9737286106151501
731,0.9734179973602295,0.28470948338508606,0.9742968678474426,0.286958783864975,0.9748441469656025,0.9742634600296536,0.9742890882128052
732,0.9722851514816284,0.28939834237098694,0.9750781059265137,0.2843095362186432,0.9755274765744185,0.9749687915931696,0.9750164260664683
733,0.9721289277076721,0.28988924622535706,0.9736718535423279,0.2917897701263428,0.9741430926713215,0.9735293164323955,0.9735605216917036
734,0.9734570384025574,0.28715017437934875,0.9730468988418579,0.2924744486808777,0.9735057553448357,0.973002276459442,0.9729927619055213
735,0.9749414324760437,0.282368004322052,0.9751562476158142,0.28538453578948975,0.9756763858197135,0.9750376332058734,0.9750826348412741
736,0.9749218821525574,0.282970130443573,0.9717968702316284,0.29037022590637207,0.9721891433060397,0.971764716416128,0.971720938189474
737,0.9760546684265137,0.27847525477409363,0.9739843606948853,0.28812074661254883,0.9745949948131449,0.9738581427656579,0.9739222449463256
738,0.9752734303474426,0.27828744053840637,0.9750000238418579,0.2858993113040924,0.9753720404819611,0.9749493381363376,0.9749653669588256
739,0.9753124713897705,0.28045690059661865,0.9742187261581421,0.28548717498779297,0.9747003716824569,0.9740827675116133,0.9741162947429698
740,0.9727148413658142,0.28403446078300476,0.9744531512260437,0.2872457504272461,0.9748807125902974,0.9743229721610273,0.9743708898954158
741,0.9731054902076721,0.28737449645996094,0.9735156297683716,0.2888493239879608,0.9739279322648722,0.9734813951572601,0.9734630915352582
742,0.9741796851158142,0.28537097573280334,0.9766406416893005,0.28449946641921997,0.9769322579796382,0.9766028443638485,0.9765785538218501
743,0.9747265577316284,0.28111788630485535,0.9715625047683716,0.29311928153038025,0.9721892214597092,0.9715468945718493,0.9715467474457754
744,0.9755077958106995,0.27942612767219543,0.9752343893051147,0.2836708426475525,0.9757910483829034,0.975209219290367,0.9751900991048099
745,0.9743359088897705,0.2810960114002228,0.9757031202316284,0.2859737277030945,0.976072294876236,0.9755961282516548,0.9756037968633331
746,0.9736914038658142,0.28337395191192627,0.97265625,0.2932091951370239,0.9732510927162084,0.9726036255272195,0.9726360723418328
747,0.9750390648841858,0.2794778645038605,0.973828136920929,0.2847423255443573,0.9743180959399497,0.9737359374508594,0.9737664208940662
748,0.9748828411102295,0.28082096576690674,0.9740625023841858,0.2855986952781677,0.9745187250113954,0.9740127211562999,0.9739745870756846
749,0.9727538824081421,0.28725361824035645,0.9737499952316284,0.2847632169723511,0.9743128755928971,0.9737269672549445,0.9737206768394266
750,0.9741015434265137,0.28051134943962097,0.9722656011581421,0.2898593246936798,0.9728310994082934,0.9722382877865687,0.9722402851876983
751,0.9736718535423279,0.2835797071456909,0.9736718535423279,0.28442516922950745,0.9742440927977849,0.9736947171610719,0.9737026850078662
752,0.9749804735183716,0.28187888860702515,0.9742187261581421,0.28557881712913513,0.9748862596112973,0.974128241774276,0.9742034480823677
753,0.9753124713897705,0.28080517053604126,0.9763281345367432,0.2822934687137604,0.9768587724278901,0.9762591402350642,0.976291783420717
754,0.9740625023841858,0.28114816546440125,0.9735937714576721,0.28609490394592285,0.974163361702727,0.9736505688484688,0.9736070148230387
755,0.9743750095367432,0.27859747409820557,0.9754687547683716,0.2859916388988495,0.9760438329320377,0.9754525770216903,0.9754763547449052
756,0.9745117425918579,0.2815956473350525,0.973437488079071,0.2883782982826233,0.9738832665552206,0.9734050924908982,0.9733929983846363
757,0.9730273485183716,0.28424185514450073,0.9730468988418579,0.288357138633728,0.9738489383607769,0.9729016075470092,0.9730045338484983
758,0.9742382764816284,0.28104281425476074,0.9725781083106995,0.2908206582069397,0.9731457675300792,0.9725412024187148,0.9725803500005611
759,0.9733007550239563,0.2835821807384491,0.9739843606948853,0.2845860421657562,0.9746613549652987,0.9738646797078847,0.9739555757427265
760,0.9720312356948853,0.28626132011413574,0.9747655987739563,0.28822562098503113,0.9752914280119299,0.9746921035344236,0.9747145358348498
761,0.9731835722923279,0.2852039635181427,0.9729687571525574,0.28931090235710144,0.9736192559357169,0.9729413078353008,0.9729614332832512
762,0.9726172089576721,0.2854609191417694,0.9750781059265137,0.28619134426116943,0.9756286193800354,0.9749526386021341,0.9749972142072716
763,0.9737109541893005,0.28373128175735474,0.9725781083106995,0.28985321521759033,0.9732481159096114,0.972416948965419,0.9724554939756411
764,0.9748241901397705,0.27957257628440857,0.9732031226158142,0.2888789474964142,0.9738321114825593,0.973087173556728,0.9731277760507275
765,0.9746875166893005,0.27910715341567993,0.9733593463897705,0.2865305542945862,0.9738405055208155,0.9732373998208872,0.9732702402847333
766,0.975292980670929,0.2803502380847931,0.9742187261581421,0.28587162494659424,0.9745888641586686,0.974134996353613,0.974106920430433
767,0.974316418170929,0.28095078468322754,0.9707812666893005,0.2949259281158447,0.9715218859236439,0.9706541932349506,0.970701492807071
768,0.9741992354393005,0.28096917271614075,0.9750781059265137,0.28647008538246155,0.975852763161323,0.974922608761672,0.9749896490782566
769,0.9752343893051147,0.2796957194805145,0.9719531536102295,0.28865209221839905,0.9726621884948866,0.9718161512192118,0.9718668035287161
770,0.9733593463897705,0.28166037797927856,0.9735156297683716,0.2824508845806122,0.9739919475174864,0.9734761786974536,0.9734276487740231
771,0.9740234613418579,0.28284555673599243,0.9760156273841858,0.28258147835731506,0.9764542925254411,0.9758863067811143,0.9758947777392871
772,0.973828136920929,0.2814587354660034,0.9752343893051147,0.2805967628955841,0.9758254857975098,0.9750725647758235,0.9751693463898337
773,0.9746679663658142,0.2816373109817505,0.9745312333106995,0.2855454385280609,0.9751534794081236,0.9744606089309205,0.9744768868105121
774,0.9740820527076721,0.28226473927497864,0.9750781059265137,0.28204986453056335,0.9756091956276015,0.9750288933386387,0.9750183837140418
775,0.9723827838897705,0.28413400053977966,0.973828136920929,0.2832876443862915,0.974154997479266,0.9738614813917511,0.9737672589175823
776,0.9739648699760437,0.2812887132167816,0.9742187261581421,0.2845873534679413,0.9747377851034278,0.9741192692600877,0.9741382252820365
777,0.9745507836341858,0.28108322620391846,0.9760937690734863,0.2797350585460663,0.9764566039100536,0.9760355176810422,0.9759997262543407
778,0.9749414324760437,0.27723264694213867,0.9759374856948853,0.2800973653793335,0.9763212455943734,0.975845893979635,0.9758484765963814
779,0.9733203053474426,0.2834247350692749,0.9744531512260437,0.2831922471523285,0.9747987469009349,0.9744543876475111,0.9743619040529761
780,0.9753320217132568,0.2785933017730713,0.973437488079071,0.2860168516635895,0.9739206597345291,0.973411825501747,0.9734047479922701
781,0.9743750095367432,0.28128108382225037,0.9755468964576721,0.2785639762878418,0.9760531201700104,0.9754275207480833,0.9754673224024788
782,0.9744921922683716,0.277159184217453,0.9750781059265137,0.2787852883338928,0.9755097338152785,0.9750180569275049,0.9750118990819647
783,0.9765625,0.2760016918182373,0.9760937690734863,0.2805441617965698,0.9765561996088643,0.9760164874359094,0.9760258263665628
784,0.975878894329071,0.274399071931839,0.975390613079071,0.28379178047180176,0.9759086166272937,0.9753034411060559,0.9753404884841738
785,0.9757031202316284,0.2741301655769348,0.9741406440734863,0.28187015652656555,0.9747861420252507,0.9740626420120424,0.9741090811370521
786,0.9752343893051147,0.27536311745643616,0.9751562476158142,0.281472772359848,0.975764407762144,0.9750306551410277,0.9750727295212551
787,0.975390613079071,0.27538615465164185,0.9757031202316284,0.27874651551246643,0.9762244224266763,0.9756913675305734,0.9756983949774644
788,0.9738476276397705,0.2789835035800934,0.9725000262260437,0.28771188855171204,0.9731170611844189,0.9724601532764843,0.9724780990531368
789,0.9734179973602295,0.27987128496170044,0.9741406440734863,0.28069648146629333,0.9745997950922638,0.9740634225913185,0.974031204080466
790,0.9762304425239563,0.27453601360321045,0.9741406440734863,0.2862807512283325,0.9746824028003895,0.9741504566046842,0.9741273126536103
791,0.9730273485183716,0.28410881757736206,0.9740625023841858,0.2849664092063904,0.9745371315867042,0.9740351949944037,0.9740088366448361
792,0.9720898270606995,0.2872380316257477,0.9751562476158142,0.2855556905269623,0.9756463786355738,0.9751461449800614,0.9751264756386124
793,0.9737695455551147,0.2830776870250702,0.9746875166893005,0.28795602917671204,0.9752143106315547,0.9745879018707717,0.9746169513122592
794,0.9740039110183716,0.28075799345970154,0.975390613079071,0.281081885099411,0.9758932541673611,0.975321162566191,0.9753336115341213
795,0.975292980670929,0.27889391779899597,0.9748437404632568,0.28134211897850037,0.9753337341741563,0.9748048278469941,0.9748328240345189
796,0.97509765625,0.27990347146987915,0.9745312333106995,0.28173768520355225,0.9750677653077338,0.9744558094632533,0.9744855449151044
797,0.9750000238418579,0.27675488591194153,0.9739062786102295,0.284128338098526,0.9744053972092639,0.9738282665800163,0.9738565442842407
798,0.9751562476158142,0.27782368659973145,0.9735156297683716,0.28410637378692627,0.9739450234011429,0.9734608687461523,0.9734405860463633
799,0.9750195145606995,0.2751147150993347,0.9764843583106995,0.27854123711586,0.9769022074329701,0.9764927847432773,0.9764496460193488
800,0.9748828411102295,0.27651676535606384,0.9751562476158142,0.28429028391838074,0.9755973928834634,0.975094878838272,0.9751004929154864
801,0.9748632907867432,0.2769562304019928,0.9753124713897705,0.28013086318969727,0.9757604734560882,0.9753334422473839,0.9752634390469999
802,0.9741601347923279,0.27908408641815186,0.9753124713897705,0.28160181641578674,0.9758728346909987,0.9754225037097708,0.9753834692815951
803,0.9750586152076721,0.2782212495803833,0.974609375,0.2834516167640686,0.9752494946761243,0.9745463193410655,0.9746143246411143
804,0.9742773175239563,0.2784201502799988,0.9745312333106995,0.28267017006874084,0.9749511276265285,0.9744983428467767,0.9744634390454918
805,0.9742187261581421,0.2773965001106262,0.9750000238418579,0.2811780273914337,0.9757620331076041,0.9748815880295446,0.9749555143233085
806,0.9723241925239563,0.2847112715244293,0.9764843583106995,0.2799234688282013,0.976908862720681,0.9764034468956514,0.9764050056050149
807,0.9739843606948853,0.2807772159576416,0.9753124713897705,0.2829073369503021,0.9759533266220752,0.9752095332632097,0.975266565706648
808,0.9761914014816284,0.2728246748447418,0.9758594036102295,0.27623221278190613,0.976450375046288,0.9757906265496895,0.9758272666015969
809,0.9751757979393005,0.27653631567955017,0.9758594036102295,0.2771223187446594,0.9763919941545588,0.9758272905199663,0.9758442630780676
810,0.9750000238418579,0.2776518762111664,0.9760937690734863,0.2779091000556946,0.9767309558469457,0.9759696509289179,0.9760537915032229
811,0.9756054878234863,0.27391818165779114,0.9742968678474426,0.282281756401062,0.9749101481699205,0.974247683069562,0.97429713067384
812,0.9737304449081421,0.27901360392570496,0.9746875166893005,0.28038108348846436,0.975213956454496,0.9745965618035353,0.9746402778568768
813,0.973437488079071,0.2796362340450287,0.9751562476158142,0.278426855802536,0.9756845576313354,0.9750568480280399,0.9750985430547681
814,0.9752538800239563,0.27467477321624756,0.977343738079071,0.27821236848831177,0.977811015548785,0.9773673802724728,0.9773644889276308
815,0.9754492044448853,0.2753739356994629,0.9757031202316284,0.2767065763473511,0.976073841584805,0.9756539266738413,0.9756420163391162
816,0.9752343893051147,0.27529487013816833,0.9760156273841858,0.27939921617507935,0.9764344101431068,0.9760200026600402,0.9760284678324624
817,0.9747461080551147,0.27813801169395447,0.975781261920929,0.2784237563610077,0.9761380374947619,0.9757637782570967,0.9757256666418743
818,0.9752343893051147,0.27660223841667175,0.9767187237739563,0.276238352060318,0.977223244477248,0.9765150804851984,0.9766445345362529
819,0.9754297137260437,0.2775844633579254,0.9761718511581421,0.27362361550331116,0.9766883098701766,0.9759785527154297,0.976053402928196
820,0.9756054878234863,0.27523234486579895,0.9784374833106995,0.27307969331741333,0.9788323262413869,0.9783827959600243,0.9783720383896816
821,0.9741406440734863,0.27908310294151306,0.9754687547683716,0.2766551077365875,0.9759589606747379,0.9752967658092834,0.9753779452273098
822,0.9755663871765137,0.2764403820037842,0.9761718511581421,0.2768540382385254,0.9766668456689039,0.9761464476493203,0.9761087641758894
823,0.9735351800918579,0.28105127811431885,0.9736718535423279,0.2774880528450012,0.9742996222175716,0.9737261826889361,0.9736933511934991
824,0.9733007550239563,0.2794841229915619,0.9735937714576721,0.28239551186561584,0.9741218017533195,0.9735253984197179,0.9735304213775602
825,0.9717578291893005,0.2859770357608795,0.9765625,0.27941715717315674,0.9770692339037785,0.976502779670099,0.976478007234713
826,0.97412109375,0.281709223985672,0.9737499952316284,0.2825676202774048,0.974299152610996,0.9736707774793563,0.9736803015056914
827,0.9737109541893005,0.27937376499176025,0.9748437404632568,0.28235742449760437,0.9753274685135291,0.9747569603719861,0.9747783041307465
828,0.9745507836341858,0.2781651020050049,0.9736718535423279,0.28131991624832153,0.974389675102628,0.9737382871858412,0.9737615454495692
829,0.9759179949760437,0.27345767617225647,0.9765625,0.27809351682662964,0.9770948036752378,0.9765533325212884,0.9765943568708809
830,0.976757824420929,0.26907965540885925,0.9764843583106995,0.272550493478775,0.977036855831767,0.9763358530306037,0.976391463244507
831,0.9757226705551147,0.27254289388656616,0.9764843583106995,0.27548375725746155,0.9770041595262615,0.9763882581588619,0.9764048991567105
832,0.9741015434265137,0.2782082259654999,0.9742968678474426,0.2817404866218567,0.9748725766140973,0.9742382958633296,0.9742480915124196
833,0.9732812643051147,0.280981183052063,0.9748437404632568,0.28264743089675903,0.975295112981524,0.9747875812283155,0.9747798104349612
834,0.9733203053474426,0.2804681658744812,0.9745312333106995,0.2794758081436157,0.9749968821946848,0.974473024745423,0.9744797343904529
835,0.9748828411102295,0.27593281865119934,0.9754687547683716,0.2825165390968323,0.97604478051794,0.9753649110277727,0.9754005033007986
836,0.9746679663658142,0.27595970034599304,0.9775781035423279,0.2734050750732422,0.9780107859672602,0.9774462394232815,0.9774716855989314
837,0.9751172065734863,0.2750692069530487,0.9752343893051147,0.27690669894218445,0.975684790218339,0.9750934036765577,0.9751177361092398
838,0.9748828411102295,0.2750066816806793,0.9757031202316284,0.27816277742385864,0.9761169619604395,0.9756274530213813,0.9756238171382767
839,0.9730663895606995,0.280902624130249,0.9747655987739563,0.2811886966228485,0.9752421881976439,0.9746592367974405,0.974656449180019
840,0.9756054878234863,0.27312329411506653,0.9750781059265137,0.27948057651519775,0.9755076737980442,0.9749632570704053,0.9749918924701144
841,0.9758984446525574,0.27369242906570435,0.9747655987739563,0.27821770310401917,0.975365358465307,0.9747179613443184,0.9747729050983627
842,0.9751757979393005,0.27281248569488525,0.9742968678474426,0.27786490321159363,0.9748321919415566,0.9742067597309925,0.9742457812934636
843,0.9742578268051147,0.2757469117641449,0.9779687523841858,0.2723878026008606,0.9782945383943291,0.9778070321249365,0.9778440440773469
844,0.9742187261581421,0.2763533592224121,0.9742968678474426,0.2800579369068146,0.9746822387987191,0.9742336830965069,0.9742097043511488
845,0.9747655987739563,0.2749246060848236,0.9755468964576721,0.27958452701568604,0.9760460996390957,0.9754693465319288,0.9754921122422405
846,0.9752538800239563,0.2762216329574585,0.9739843606948853,0.2798660397529602,0.9744264675090115,0.9739356818990828,0.9739374368280652
847,0.9742968678474426,0.27704983949661255,0.9753124713897705,0.28389012813568115,0.9758785281172124,0.975125805018761,0.9751984274390229
848,0.975292980670929,0.27346909046173096,0.9742968678474426,0.2799927890300751,0.9748393634376484,0.9741232446505247,0.9741710569192389
849,0.9741601347923279,0.2770698666572571,0.9747655987739563,0.27741485834121704,0.9751782361832133,0.9747132366955961,0.9746995123739068
850,0.9736718535423279,0.27844804525375366,0.9742968678474426,0.2774274945259094,0.9749840336827029,0.9741914585037943,0.974283283855692
851,0.9750781059265137,0.2760273516178131,0.9756249785423279,0.2735394239425659,0.9760921658426354,0.9754411020906889,0.9755243986392304
852,0.9745703339576721,0.2744239568710327,0.9756249785423279,0.2787943482398987,0.9761809431766806,0.9756014455279954,0.9756090750426911
853,0.9752148389816284,0.27580463886260986,0.9760937690734863,0.27726632356643677,0.9764953066343491,0.9760257495592564,0.976022677975572
854,0.9769140481948853,0.2719237804412842,0.9739062786102295,0.2804573178291321,0.9744038942546451,0.9738312697094136,0.9738485223576463
855,0.9740625023841858,0.2769946753978729,0.9776562452316284,0.27036502957344055,0.9780967177891019,0.9776568025527202,0.9776295702568814
856,0.9761328101158142,0.271414577960968,0.9753124713897705,0.2751767635345459,0.9757957488400484,0.9752432778208275,0.9752790186384896
857,0.9766601324081421,0.26767003536224365,0.975781261920929,0.27669379115104675,0.9762368716652372,0.9757648678509381,0.9757510017027547
858,0.9750390648841858,0.2720679044723511,0.9764843583106995,0.2727416455745697,0.9769424576644126,0.976394325628123,0.9764240681847927
859,0.9748241901397705,0.27253496646881104,0.9735937714576721,0.2844599187374115,0.9741173720800771,0.973550335465374,0.9735360053824595
860,0.974609375,0.2741200923919678,0.9759374856948853,0.27887463569641113,0.9764441332733756,0.9758666438349026,0.9759010386249378
861,0.9762109518051147,0.2720607817173004,0.9765625,0.2733173668384552,0.9769016295334845,0.9765436015717478,0.9764745724046551
862,0.974804699420929,0.27211445569992065,0.977734386920929,0.2726762294769287,0.978156980244995,0.9776514165621241,0.9776688424770181
863,0.9751172065734863,0.27265894412994385,0.9741406440734863,0.27955663204193115,0.9748230455725944,0.973987704144596,0.974073659136211
864,0.9742773175239563,0.27651306986808777,0.9765625,0.27391567826271057,0.9770266794525593,0.9764890365092542,0.9764968598310535
865,0.974316418170929,0.2757664918899536,0.977343738079071,0.271525502204895,0.977852312126965,0.9772607903019085,0.9772861919551915
866,0.9738476276397705,0.2773767113685608,0.9770312309265137,0.27459946274757385,0.9776659388509943,0.9769493606179118,0.9770314321221161
867,0.9736914038658142,0.2781222462654114,0.9770312309265137,0.2702028155326843,0.9776361127679041,0.9769887613993917,0.9770264792477076
868,0.9756249785423279,0.2735089063644409,0.9769531488418579,0.2727724015712738,0.9772828098102939,0.9769168443986754,0.976879999478343
869,0.976855456829071,0.2712847590446472,0.9775781035423279,0.2717672288417816,0.9781381536782299,0.9775831532792689,0.9776040267323487
870,0.9738476276397705,0.2751380503177643,0.9740625023841858,0.2793131172657013,0.9746910513249094,0.9740931018686947,0.9741104704413784
871,0.9750781059265137,0.2736119031906128,0.9780468940734863,0.2718700170516968,0.9785459579418281,0.9779217449157198,0.9779374089689761
872,0.975878894329071,0.2719040811061859,0.9760156273841858,0.27469494938850403,0.9765048161667844,0.9759284584390122,0.9759328307390902
873,0.9762890338897705,0.26927778124809265,0.9771093726158142,0.269302636384964,0.9775842727074383,0.9770762417402981,0.9771058307243061
874,0.9747265577316284,0.27549442648887634,0.9756249785423279,0.27353405952453613,0.9761231628743594,0.9755967372749837,0.9755719890002823
875,0.9759374856948853,0.2705349326133728,0.9767968654632568,0.2733212113380432,0.9772081578542207,0.9768575251803236,0.976807749513336
876,0.9750390648841858,0.27138641476631165,0.9767968654632568,0.27317485213279724,0.9773313297706825,0.9767888172274312,0.9767900270512887
877,0.9774414300918579,0.2663319706916809,0.9760156273841858,0.27528566122055054,0.9766014271026849,0.9759851491575056,0.9760292867909863
878,0.974804699420929,0.2713046669960022,0.9750781059265137,0.27047237753868103,0.9756329811365191,0.9750205762384285,0.975073009006943
879,0.9752538800239563,0.27236273884773254,0.975781261920929,0.27025657892227173,0.9764139829430692,0.9759213943259162,0.9759427359038824
880,0.9740234613418579,0.27524879574775696,0.975781261920929,0.2766115069389343,0.9762108724223659,0.9756986951334856,0.9757173740979888
881,0.9761132597923279,0.27018776535987854,0.9767187237739563,0.2736673057079315,0.9771962427578558,0.9765963212791715,0.9766385367272248
882,0.97509765625,0.2725822627544403,0.9778125286102295,0.2671690285205841,0.9783131862374793,0.9777807803083869,0.9777975683377328
883,0.9751366972923279,0.27458664774894714,0.977343738079071,0.2739933729171753,0.977790385683392,0.9773641130873776,0.9773205913940847
884,0.9744336009025574,0.2744426429271698,0.9763281345367432,0.2762259244918823,0.9768204529860167,0.9762375810141165,0.9762661957448744
885,0.9754492044448853,0.2736521065235138,0.9764843583106995,0.27575695514678955,0.9769107735624118,0.9763138187426535,0.9763644953106081
886,0.9750781059265137,0.2726886570453644,0.9775781035423279,0.27303770184516907,0.9780130429781109,0.9774177747357538,0.9774886471194913
887,0.9745703339576721,0.27407586574554443,0.9732031226158142,0.2867840826511383,0.9738837901761147,0.973145939451576,0.9731602261680046
888,0.9752538800239563,0.2728453278541565,0.977343738079071,0.270628958940506,0.9778090182197052,0.9772627072912582,0.9772975231689667
889,0.9753515720367432,0.27270469069480896,0.9751562476158142,0.2731386721134186,0.9756988773244234,0.9750130863544791,0.9751201668663921
890,0.9742578268051147,0.2776711583137512,0.9764062762260437,0.27545109391212463,0.9767446658934773,0.9764040454356087,0.9763744545651503
891,0.9735351800918579,0.2776714265346527,0.9750781059265137,0.2757459580898285,0.9754393505839641,0.9750313738769549,0.9750044278012339
892,0.9755663871765137,0.27214598655700684,0.9764062762260437,0.27422481775283813,0.9770879259203167,0.9762825366826023,0.9763741834840312
893,0.9742578268051147,0.2750037908554077,0.9778906106948853,0.2704307436943054,0.9782697006747416,0.977815462236673,0.97783087902682
894,0.9746484160423279,0.27431416511535645,0.9745312333106995,0.27740177512168884,0.9750985245557169,0.9745394932145761,0.9745205903325938
895,0.9753711223602295,0.27177494764328003,0.9755468964576721,0.2745707035064697,0.9759598131945594,0.9754797127340205,0.9754853802817943
896,0.9757226705551147,0.27304017543792725,0.9732031226158142,0.27728337049484253,0.9735323946350549,0.9731331289936972,0.9731235459448324
897,0.9751562476158142,0.2732367217540741,0.975781261920929,0.2776012718677521,0.9763463999707673,0.975789600574168,0.9758164586861304
898,0.9750586152076721,0.27436208724975586,0.9759374856948853,0.27442774176597595,0.9764206313724378,0.9759318440350093,0.975898371615457
899,0.9749609231948853,0.27183297276496887,0.9751562476158142,0.2771919369697571,0.9755856325634632,0.9751397233485559,0.9751443238973168
900,0.9757617115974426,0.26940834522247314,0.9766406416893005,0.2742472290992737,0.9772796255700213,0.9766826310766122,0.9766702220477486
901,0.9748437404632568,0.27346906065940857,0.9778906106948853,0.26946982741355896,0.9785764704774799,0.9777672175189893,0.9778848476795706
902,0.9764257669448853,0.2681262791156769,0.9765625,0.2720498740673065,0.9770091172286092,0.976449606206776,0.976492749129485
903,0.9765820503234863,0.268049955368042,0.9761718511581421,0.2732422351837158,0.9765361946702176,0.9761297698875802,0.9761107872051671
904,0.9766601324081421,0.2668045163154602,0.9749218821525574,0.277617871761322,0.9754215155557874,0.9748918054769221,0.9748920435434748
905,0.9755663871765137,0.27162179350852966,0.9750781059265137,0.27970218658447266,0.975527530343983,0.9750477865995555,0.9750379101352491
906,0.9758203029632568,0.26938408613204956,0.9750781059265137,0.271773099899292,0.97542466756998,0.9749755736233674,0.9749809172254928
907,0.9754687547683716,0.2711414396762848,0.9781249761581421,0.2675406336784363,0.9786729073044096,0.9780692494673349,0.9781294994486642
908,0.9734179973602295,0.2766777276992798,0.9771875143051147,0.27113208174705505,0.9776744228017586,0.9771395993158092,0.9771665723587111
909,0.9752538800239563,0.27306467294692993,0.9743750095367432,0.2785252630710602,0.9749107810899521,0.9742784947438047,0.97429980335557
910,0.9759179949760437,0.271553635597229,0.9755468964576721,0.27073073387145996,0.976192074380355,0.9754720619067601,0.9755086186095632
911,0.9750781059265137,0.27211233973503113,0.9761718511581421,0.27096009254455566,0.9766592223948898,0.9761246595443094,0.9761452643445077
912,0.9759765863418579,0.26911818981170654,0.9747655987739563,0.2772214114665985,0.9754874511084797,0.9746949067719543,0.9747302067170711
913,0.9765039086341858,0.2659817337989807,0.9761718511581421,0.27200907468795776,0.9766659067189847,0.9761204020518807,0.9761100012116571
914,0.9749609231948853,0.27213364839553833,0.9745312333106995,0.2744620442390442,0.9750475544620337,0.9744813537729676,0.9744712482518967
915,0.9745312333106995,0.27289992570877075,0.973828136920929,0.2850809097290039,0.9746083232292304,0.9736971454148207,0.9737624768499349
916,0.9750195145606995,0.2710055410861969,0.974609375,0.27616363763809204,0.9751774517294568,0.9746543987152566,0.9746506532772763
917,0.973925769329071,0.2721047103404999,0.9743750095367432,0.2770955264568329,0.974844600449327,0.9742748684503153,0.9742501121543616
918,0.9713671803474426,0.28185078501701355,0.9765625,0.27377092838287354,0.9771128180231945,0.9765069367770913,0.9765043765973156
919,0.9745507836341858,0.2742498815059662,0.9748437404632568,0.274349570274353,0.9754254151879038,0.9748232343839103,0.974799510091514
920,0.9730468988418579,0.27894818782806396,0.973828136920929,0.2772500216960907,0.9743761197072061,0.9737846325608599,0.9738391431454414
921,0.9758594036102295,0.27027371525764465,0.973828136920929,0.2743603587150574,0.9742967452408463,0.9737879028045029,0.973737431138306
922,0.9765234589576721,0.2682790458202362,0.9752343893051147,0.27662020921707153,0.9757879558701397,0.9752059614343116,0.9752208708575052
923,0.9776366949081421,0.2656809687614441,0.9744531512260437,0.27942198514938354,0.9750599921725803,0.9744740449691377,0.974455359698847
924,0.9777734279632568,0.26295310258865356,0.9736718535423279,0.2771097719669342,0.9743697492294605,0.9736018072877132,0.9736324760638438
925,0.9758398532867432,0.26911792159080505,0.9755468964576721,0.2729577124118805,0.9760040030063173,0.9755418514305699,0.9755051438995832
926,0.9755273461341858,0.2687359154224396,0.9752343893051147,0.27431321144104004,0.9757948106142238,0.9751655700880179,0.9751371740009063
927,0.9750000238418579,0.27076664566993713,0.973437488079071,0.28172358870506287,0.9738607188727342,0.9734247150101764,0.9733568717624279
928,0.9743359088897705,0.27153924107551575,0.9751562476158142,0.27343249320983887,0.975650383221193,0.9750784809994881,0.9751148714866542
929,0.9751172065734863,0.2703099250793457,0.9757031202316284,0.2752862870693207,0.9761752484683732,0.9756168468608479,0.9756628807288643
930,0.9757031202316284,0.270503968000412,0.9768750071525574,0.2745656371116638,0.9772850945397373,0.9768089688592323,0.9768054232284651
931,0.9766796827316284,0.2658974528312683,0.9771875143051147,0.26987379789352417,0.9775714034950653,0.9771282019893166,0.9771277317775169
932,0.9749218821525574,0.26998013257980347,0.977343738079071,0.26953980326652527,0.9778223994662998,0.9773350973018169,0.9773124426408208
933,0.9741796851158142,0.2736925184726715,0.9733593463897705,0.2781330347061157,0.9740228475070858,0.9731827674161663,0.9732807436758995
934,0.9763476848602295,0.2677370309829712,0.9775781035423279,0.2698623836040497,0.9781227220154556,0.977471973676745,0.9775095192728867
935,0.975292980670929,0.271394282579422,0.9767187237739563,0.27050668001174927,0.9772989409816387,0.9766751857868416,0.9767204707495077
936,0.9741015434265137,0.27533644437789917,0.9760937690734863,0.27520638704299927,0.9766237672485367,0.976069149178172,0.9760757291685399
937,0.9750586152076721,0.27218392491340637,0.9776562452316284,0.26814088225364685,0.9780759954524155,0.9775713890551319,0.9775827442801097
938,0.9750000238418579,0.2713727653026581,0.973828136920929,0.27711939811706543,0.9744905997057836,0.9737613777228505,0.973800097918941
939,0.974414050579071,0.273783802986145,0.975781261920929,0.2719114422798157,0.9762821260105548,0.9757488638582605,0.9757399981502266
940,0.974414050579071,0.2723381817340851,0.9767968654632568,0.2724239230155945,0.9773117672176571,0.9767418936449451,0.9767155344265571
941,0.9759179949760437,0.26881787180900574,0.9774218797683716,0.2704170346260071,0.97781181504744,0.9773769189812848,0.9773495883854508
942,0.9754297137260437,0.26787707209587097,0.9775781035423279,0.2724504768848419,0.9780466432903716,0.9775168925936918,0.977568400964597
943,0.9757031202316284,0.26981499791145325,0.9774218797683716,0.26914164423942566,0.97780226503503,0.977376590143314,0.9773699970428158
944,0.9770703315734863,0.26674485206604004,0.9757031202316284,0.27217620611190796,0.9761838542490142,0.9756671196620148,0.9756604903347355
945,0.9763476848602295,0.26709869503974915,0.9741406440734863,0.27136316895484924,0.9745285642900543,0.9741313129088772,0.9740854930750975
946,0.9740625023841858,0.2708316147327423,0.9760937690734863,0.26852044463157654,0.9765081146708623,0.9760579986475055,0.9760111168383157
947,0.9767187237739563,0.26695480942726135,0.9762499928474426,0.27338698506355286,0.9767528818783975,0.9760920130640014,0.9761811100186125
948,0.9764257669448853,0.26516592502593994,0.9772655963897705,0.2652645707130432,0.9776280180345429,0.9771609909498445,0.9771917206463464
949,0.9767187237739563,0.26537537574768066,0.9750781059265137,0.27473512291908264,0.97578255903333,0.9749662492073599,0.9750028841137903
950,0.9765820503234863,0.265202134847641,0.9757031202316284,0.27108657360076904,0.9761206082550585,0.9756112051602255,0.9756243619426342
951,0.9739843606948853,0.27407580614089966,0.9767968654632568,0.26568251848220825,0.9771744461815896,0.9767375108187599,0.9767485424141709
952,0.9765429496765137,0.267972856760025,0.9760156273841858,0.2736141085624695,0.9764468651690005,0.9759868147872132,0.9759634061012392
953,0.9759570360183716,0.26599806547164917,0.9750781059265137,0.2705783545970917,0.9754765397851305,0.9749883443421394,0.9750077265515658
954,0.9759765863418579,0.2659774124622345,0.9770312309265137,0.2714448869228363,0.9775788105453129,0.9769269087819664,0.9769926559014374
955,0.9747851490974426,0.2702905833721161,0.9763281345367432,0.2713679075241089,0.9768101179494695,0.976263651667936,0.9763035004587263
956,0.974902331829071,0.268282949924469,0.9769531488418579,0.26991501450538635,0.9773214516414234,0.976858414339661,0.9768413268654285
957,0.9743359088897705,0.2721298933029175,0.9765625,0.27390778064727783,0.9769782576210682,0.9764756022012506,0.9764677174229557
958,0.9744921922683716,0.2723230719566345,0.9728906154632568,0.2830989956855774,0.9733185758995226,0.9728011240248303,0.9727879092390168
959,0.9742968678474426,0.2725417912006378,0.975781261920929,0.2696519196033478,0.9762090990881946,0.9757485147184448,0.9757172039648314
960,0.9734179973602295,0.2761504650115967,0.9754687547683716,0.2740679085254669,0.975950673538426,0.9754380254240818,0.9754554984247183
961,0.9749609231948853,0.2728346884250641,0.9775000214576721,0.267802894115448,0.9780382362745321,0.9773889458260678,0.9774121838355232
962,0.975878894329071,0.2681814134120941,0.9762499928474426,0.26789578795433044,0.9766544701829785,0.9763271682514159,0.9762557325397148
963,0.9756445288658142,0.2662397623062134,0.9772655963897705,0.2690931558609009,0.9777754777613168,0.977285738788229,0.9772769532028727
964,0.97509765625,0.27088260650634766,0.9731249809265137,0.28181323409080505,0.9737311003639404,0.973086260782309,0.9731027799332552
965,0.9746875166893005,0.2738564908504486,0.9763281345367432,0.2697417140007019,0.9768056211280796,0.976228526176353,0.9762571753600557
966,0.9758007526397705,0.26972219347953796,0.9767187237739563,0.2690878212451935,0.9772623250802546,0.9766423662737432,0.9766826408742542
967,0.9754687547683716,0.2691379487514496,0.9761718511581421,0.27235621213912964,0.9768930537649334,0.9761251175359678,0.9761603026546565
968,0.9759765863418579,0.26802608370780945,0.9767187237739563,0.27375727891921997,0.9771831613324382,0.9766124616217202,0.9766318116639746
969,0.9762890338897705,0.2656181752681732,0.9772655963897705,0.2676597237586975,0.9776349794482171,0.9772408656039953,0.9771902067125793
970,0.9757031202316284,0.26670706272125244,0.9767187237739563,0.26926562190055847,0.9772750207327253,0.9766689550540971,0.9767073118327505
971,0.9773632884025574,0.2632591128349304,0.9770312309265137,0.2679547369480133,0.9775199202734007,0.97697927276449,0.9769975735884904
972,0.9756835699081421,0.26388007402420044,0.975390613079071,0.274059921503067,0.9757368705979168,0.9754045615730607,0.9753362846763569
973,0.9758203029632568,0.2660508155822754,0.9756249785423279,0.27459269762039185,0.9760301037086068,0.9755361235236175,0.9755273735909542
974,0.9753515720367432,0.27103883028030396,0.9759374856948853,0.27136534452438354,0.9763480609641478,0.9759210163832479,0.9758944208034515
975,0.97412109375,0.2700961232185364,0.9757031202316284,0.2681701183319092,0.9761244748597917,0.9756232557714919,0.9756353204920021
976,0.9746289253234863,0.2733722925186157,0.9760937690734863,0.26966387033462524,0.9763970555247021,0.9760806605475593,0.9760814565684873
977,0.9737890362739563,0.2708929181098938,0.9783594012260437,0.26515650749206543,0.9788182865495537,0.9783798159610586,0.9783714200626612
978,0.9742773175239563,0.2711970806121826,0.9779687523841858,0.27035650610923767,0.9784358821473815,0.9778531369138235,0.977879867445187
979,0.9748828411102295,0.27139174938201904,0.9759374856948853,0.2694595456123352,0.9764561310197529,0.9758977552791417,0.9759050772061972
980,0.9756445288658142,0.26800844073295593,0.9764843583106995,0.2731998562812805,0.9772122627192178,0.976425805608276,0.9764620137203626
981,0.9755077958106995,0.2664135992527008,0.9768750071525574,0.2680400311946869,0.9773711168466477,0.9767969215599817,0.9768185317625053
982,0.9757031202316284,0.2673500180244446,0.973828136920929,0.27581286430358887,0.9743370275698027,0.9737514867680882,0.9737145261521236
983,0.9754101634025574,0.26891985535621643,0.9750000238418579,0.26987212896347046,0.9755673109548266,0.9748688923729434,0.974914974798605
984,0.9754297137260437,0.267747700214386,0.9752343893051147,0.27181872725486755,0.9757500434233444,0.9750967763897438,0.9751641744767272
985,0.9761914014816284,0.2667560279369354,0.9754687547683716,0.2754605710506439,0.9759699219301013,0.9754164268216045,0.9754058201360469
986,0.9760546684265137,0.2666665315628052,0.9753124713897705,0.2710624039173126,0.9758395609434676,0.9752537375178076,0.97526781080107
987,0.9763867259025574,0.26503410935401917,0.9766406416893005,0.2654409110546112,0.9771099309441327,0.9766568796019233,0.9766543611983329
988,0.9752734303474426,0.26643770933151245,0.9774218797683716,0.26653286814689636,0.9778153673240194,0.9773596911248856,0.9773802474278761
989,0.9751952886581421,0.26769986748695374,0.977343738079071,0.2653212249279022,0.9777744142580076,0.9772498015796007,0.9772826853436315
990,0.9739648699760437,0.26962682604789734,0.9774218797683716,0.2675134241580963,0.9779024430202805,0.9772741090117283,0.9773530810193384
991,0.9747070074081421,0.2673855721950531,0.9746875166893005,0.2725425958633423,0.9752193678974657,0.9746528591985253,0.9746872513788515
992,0.9750781059265137,0.2670133411884308,0.9782812595367432,0.2629561424255371,0.978784232204487,0.9782024989852783,0.9782748516691788
993,0.9761523604393005,0.2643328309059143,0.9763281345367432,0.26690661907196045,0.9767606067676096,0.976208878491319,0.9762342247784797
994,0.9772265553474426,0.2626211941242218,0.9764843583106995,0.26632821559906006,0.9769698747839987,0.9764817328871154,0.9764664568215462
995,0.9761132597923279,0.26464399695396423,0.9770312309265137,0.26685479283332825,0.9775711550340549,0.976924240555425,0.9769875622145904
996,0.9743554592132568,0.2686313986778259,0.9769531488418579,0.26962509751319885,0.9773968397717927,0.976959875029527,0.9769611822816895
997,0.9770703315734863,0.2635706663131714,0.977343738079071,0.2634073495864868,0.9778016912096026,0.97718864975,0.9772690955065375
998,0.9757226705551147,0.2633720636367798,0.9767968654632568,0.2684749364852905,0.9773271649473998,0.9766474983176556,0.9766949316118342
999,0.9769335985183716,0.26376721262931824,0.9767968654632568,0.26758047938346863,0.9772190084253285,0.9767143909712743,0.9767329065342112
