epoch,accuracy,loss,val_accuracy,val_loss,val_precision,val_recall,val_f1
0,0.004179687704890966,11.143514633178711,0.003984374925494194,10.602609634399414,0.005504186463050318,0.00397959930259016,0.003746909458155462
1,0.0057617188431322575,10.737746238708496,0.003828125074505806,10.34716510772705,0.004312643282424901,0.0038221862762724736,0.0037874547487297917
2,0.008007812313735485,10.407535552978516,0.004765625111758709,10.128913879394531,0.00496418269302219,0.004723379511988764,0.004584716960111296
3,0.010019531473517418,10.109615325927734,0.004765625111758709,9.923937797546387,0.004766012944309065,0.0046792761165507695,0.0044406300136364246
4,0.012968749739229679,9.825116157531738,0.004218750167638063,9.724137306213379,0.0043663806033376815,0.004165882654195588,0.004022841101161672
5,0.016835937276482582,9.546296119689941,0.0054687499068677425,9.531769752502441,0.005327066472331466,0.0053958985906403575,0.005119853512530831
6,0.019941406324505806,9.282378196716309,0.0054687499068677425,9.342576026916504,0.005144253538226779,0.005335850457249738,0.005035613071967955
7,0.024062499403953552,9.032820701599121,0.006562499795109034,9.155360221862793,0.005923777460983434,0.006415280526539639,0.005959156501670545
8,0.030917968600988388,8.773737907409668,0.008281249552965164,8.97066879272461,0.007717799905030412,0.008141646905653716,0.007618017122980967
9,0.03697265684604645,8.532225608825684,0.009999999776482582,8.773223876953125,0.009665703270170724,0.009833752792082045,0.009376636484500114
10,0.045917969197034836,8.268165588378906,0.010234374552965164,8.575977325439453,0.009172292405828498,0.0099838155627772,0.009188406274480448
11,0.053984373807907104,8.017535209655762,0.012343750335276127,8.375744819641113,0.01181347924900177,0.012093909954056844,0.011237025201319879
12,0.0646679699420929,7.781469821929932,0.013437500223517418,8.177815437316895,0.01321401643077105,0.01326928900764467,0.01264130331844132
13,0.07091797143220901,7.550839424133301,0.016484374180436134,7.990314483642578,0.01563310820003872,0.016092324658857744,0.015052846318956162
14,0.08314453065395355,7.322025299072266,0.01859375089406967,7.813618183135986,0.01824837690056186,0.018260177643081583,0.017493185686417917
15,0.09480468928813934,7.107942581176758,0.02046874910593033,7.6423659324646,0.019345194681422408,0.020078715650181662,0.018996791422810414
16,0.10802734643220901,6.8960418701171875,0.023984374478459358,7.476034641265869,0.023076296097386546,0.023480169624457658,0.022295806038746386
17,0.12250000238418579,6.688694953918457,0.027656249701976776,7.311013698577881,0.026020330274464383,0.02707898790432897,0.025446849097037927
18,0.13734374940395355,6.491363525390625,0.03125,7.144936561584473,0.030297202631002332,0.030536969616879545,0.02903683923068017
19,0.15105468034744263,6.297433376312256,0.03593749925494194,6.982266902923584,0.03453596581998136,0.03515934264079515,0.033337045398972635
20,0.17125000059604645,6.09561014175415,0.039374999701976776,6.822164535522461,0.03763437345411051,0.03854300187700054,0.03666174968147276
21,0.19039063155651093,5.899265766143799,0.04703124985098839,6.6640400886535645,0.04675674653108483,0.0462352758086039,0.04466324835094014
22,0.21105468273162842,5.704487323760986,0.05375000089406967,6.506827354431152,0.05386623522094294,0.052853244899177004,0.0513006171370523
23,0.2306250035762787,5.521266937255859,0.06109375134110451,6.352346420288086,0.06061433022842916,0.06014340575173242,0.058182388876809085
24,0.2522265613079071,5.334887504577637,0.06898437440395355,6.197277069091797,0.06731521336411053,0.06786218689687894,0.06560518670941404
25,0.27269530296325684,5.153804779052734,0.07734374701976776,6.0458083152771,0.07623469973276391,0.07621651748280424,0.07409020537915226
26,0.29886719584465027,4.972965717315674,0.09078124910593033,5.8931756019592285,0.08962158625043745,0.08961466068671917,0.0873810861563046
27,0.31919920444488525,4.7982869148254395,0.10140624642372131,5.741448402404785,0.10134328898940899,0.10018982187595765,0.09830102685291345
28,0.3407031297683716,4.63051700592041,0.11218749731779099,5.598044395446777,0.11159801080779674,0.11106996958594212,0.10912447688151257
29,0.3675195276737213,4.4591965675354,0.1223437488079071,5.453114032745361,0.12216947667860828,0.1210142672164945,0.11922894733834795
30,0.3899218738079071,4.297375679016113,0.13648436963558197,5.311728477478027,0.13541743318439947,0.13522505927224066,0.1332302639510255
31,0.4113476574420929,4.149613857269287,0.14875000715255737,5.176801681518555,0.1480145565735993,0.14744977890208183,0.14542585796441165
32,0.43257811665534973,3.9958856105804443,0.1615625023841858,5.045154571533203,0.1609721351823442,0.16019219788786287,0.1583009739707198
33,0.4536718726158142,3.8556573390960693,0.17421874403953552,4.914762496948242,0.1733067186782838,0.1726977491734653,0.1705614141546607
34,0.4786718785762787,3.7214527130126953,0.18984374403953552,4.797709941864014,0.19074584716723456,0.18828128859821813,0.1867510526654976
35,0.49556639790534973,3.5880322456359863,0.19828124344348907,4.683290004730225,0.19841354051475096,0.19680812610625548,0.19503693043228165
36,0.5205468535423279,3.4575674533843994,0.21140624582767487,4.570644855499268,0.21159212397763139,0.2097806580587015,0.20806465083171816
37,0.5359570384025574,3.3456833362579346,0.22312499582767487,4.474682807922363,0.22336020355744118,0.22140272911775177,0.21981580598581943
38,0.552734375,3.2382631301879883,0.23414061963558197,4.372128486633301,0.23329921448441582,0.23272875177007898,0.23048457197624928
39,0.567675769329071,3.1422243118286133,0.24226562678813934,4.280890941619873,0.24271619510623185,0.24041217452056035,0.23865505498201972
40,0.5887109637260437,3.0303051471710205,0.25562500953674316,4.1820268630981445,0.25636780162629735,0.25434562268164074,0.2530363392991653
41,0.6005273461341858,2.9438891410827637,0.26390624046325684,4.104794025421143,0.2646208450500789,0.2622027803781217,0.26081070253654626
42,0.6188867092132568,2.845501184463501,0.27335938811302185,4.019989490509033,0.2732019507524054,0.27177093051809753,0.27019353737341667
43,0.6294140815734863,2.7609689235687256,0.2917187511920929,3.9423983097076416,0.2930774538351686,0.2903792824528588,0.2887042443682495
44,0.6432421803474426,2.682849645614624,0.2907031178474426,3.870216131210327,0.29101688731224307,0.28930161536119825,0.28755537589185454
45,0.66015625,2.601790189743042,0.30101561546325684,3.7993078231811523,0.3018094612364913,0.29961770086018313,0.29833290400088797
46,0.6661328077316284,2.531331777572632,0.31562501192092896,3.733335018157959,0.3161418900185322,0.31418976266291965,0.3128667861812378
47,0.6772656440734863,2.464268922805786,0.32328125834465027,3.657630205154419,0.32414284408844024,0.32162089280504447,0.31972966252565005
48,0.6911327838897705,2.3995590209960938,0.33304688334465027,3.6016836166381836,0.335748099338937,0.3313879461155204,0.3307101057122125
49,0.7034375071525574,2.3246846199035645,0.3373437523841858,3.5382349491119385,0.3383055818099593,0.33604042263202083,0.33441180282342065
50,0.7120898365974426,2.275045394897461,0.3478125035762787,3.4826929569244385,0.3508710631108656,0.3467260226146972,0.3462546257184321
51,0.7198632955551147,2.2218129634857178,0.3557812571525574,3.4355695247650146,0.35744865324154573,0.35432746933448667,0.3530975166847481
52,0.7261718511581421,2.1719677448272705,0.35945311188697815,3.3770718574523926,0.3629779611572768,0.35796657932624487,0.35704338211316866
53,0.7341406345367432,2.1222105026245117,0.3670312464237213,3.3219833374023438,0.36939476142504235,0.3659221666660598,0.3649868390236084
54,0.7422460913658142,2.0798723697662354,0.3772656321525574,3.2827155590057373,0.37932000100405616,0.37584609390905255,0.37446471460976316
55,0.7479882836341858,2.0310614109039307,0.37890625,3.2424607276916504,0.38030653678587756,0.3776301522662645,0.37598275478799636
56,0.7595508098602295,1.9748444557189941,0.3817187547683716,3.19246244430542,0.38351837031400166,0.38047707599639646,0.37890979601099956
57,0.761035144329071,1.9426147937774658,0.3860156238079071,3.1563141345977783,0.3881765374216903,0.3845978679356157,0.38309845324661607
58,0.7708984613418579,1.8986961841583252,0.39765626192092896,3.104013442993164,0.39992001035619806,0.39619829357187863,0.3950340724412542
59,0.7754101753234863,1.8605494499206543,0.3998437523841858,3.069521188735962,0.4017059217027269,0.3985103164948822,0.39701272005139543
60,0.7820703387260437,1.827437162399292,0.4094531238079071,3.021967887878418,0.4120681961167265,0.4085554762128735,0.407600355995811
61,0.7850390672683716,1.7922619581222534,0.41578125953674316,2.9964773654937744,0.41929072986795723,0.4146693975017372,0.41377765018812235
62,0.7900000214576721,1.7581658363342285,0.4146093726158142,2.961249351501465,0.41587314315478374,0.41302971454423,0.41162825533952024
63,0.7939453125,1.7286242246627808,0.42289063334465027,2.922055721282959,0.42503562856081223,0.4214179389926413,0.42035660646289075
64,0.796582043170929,1.6990089416503906,0.42992186546325684,2.895277500152588,0.43163712342416316,0.4288923064950585,0.4274801029122814
65,0.8073828220367432,1.6669715642929077,0.43101561069488525,2.867626905441284,0.43299966538618806,0.4297325248387972,0.4283882178536228
66,0.8067773580551147,1.642020583152771,0.4387499988079071,2.830815076828003,0.44136327884787563,0.43737958000738436,0.43641330643074483
67,0.8118945360183716,1.6171199083328247,0.4371874928474426,2.803018093109131,0.4401547863332196,0.43585539853208366,0.4349201605702767
68,0.8130859136581421,1.5917168855667114,0.4436718821525574,2.7674245834350586,0.4466679195340634,0.4423583445423551,0.44148321047609623
69,0.8163281083106995,1.5692846775054932,0.443359375,2.7584586143493652,0.4466120033141914,0.44205643705324854,0.44099268505333855
70,0.8193359375,1.5462851524353027,0.45054686069488525,2.731029987335205,0.45244100915045177,0.44905913630774047,0.44772711820820027
71,0.8236132860183716,1.5249247550964355,0.45390623807907104,2.700667381286621,0.45599674860601025,0.45243968539622514,0.45110588916494765
72,0.8299609422683716,1.4932178258895874,0.46226561069488525,2.6757912635803223,0.46368751713230894,0.4608781336251183,0.4590448175589122
73,0.8278710842132568,1.4820860624313354,0.46210938692092896,2.6634435653686523,0.46315116347677376,0.46089371450190136,0.45916583619715
74,0.8327538967132568,1.4568986892700195,0.4595312476158142,2.6430001258850098,0.46150608512992153,0.45824538181224095,0.45664836565513095
75,0.8326757550239563,1.4435431957244873,0.4617968797683716,2.621854305267334,0.4647297369274389,0.46055303850988083,0.45974882637325853
76,0.833691418170929,1.4297339916229248,0.46187499165534973,2.6057684421539307,0.4639237219939545,0.4606257938438438,0.45936388732762745
77,0.8396289348602295,1.4035366773605347,0.4715625047683716,2.5759012699127197,0.47428531273701025,0.47050996242305754,0.4694011186627271
78,0.8433007597923279,1.384220838546753,0.4781250059604645,2.5508980751037598,0.48086868458541854,0.4768877685850152,0.47567446380542
79,0.8436718583106995,1.3722410202026367,0.4788281321525574,2.5280466079711914,0.48118129793671427,0.47769489723581937,0.4761248758021823
80,0.8439843654632568,1.3574609756469727,0.48195311427116394,2.5181844234466553,0.48458910945399325,0.48054846199466783,0.4791245390393926
81,0.8497265577316284,1.333004117012024,0.4813281297683716,2.4968316555023193,0.48375996861913784,0.4799714442313373,0.47865369535415114
82,0.8453515768051147,1.3330119848251343,0.47945311665534973,2.4983246326446533,0.4822504990468072,0.4780333119930982,0.4769643396763035
83,0.8516015410423279,1.308647871017456,0.4864843785762787,2.460106134414673,0.489446355920244,0.4853506451615596,0.48446623552442786
84,0.8546484112739563,1.291538119316101,0.48750001192092896,2.4529008865356445,0.4891852758461834,0.4863404453171739,0.484683192536542
85,0.8498437404632568,1.291853427886963,0.4935937523841858,2.4273672103881836,0.49592377957798994,0.4921101612347655,0.49089047505638755
86,0.8537695407867432,1.2734224796295166,0.49937498569488525,2.40457820892334,0.5020897632586395,0.49822700652246016,0.4972753217693424
87,0.8567187786102295,1.2607922554016113,0.501171886920929,2.393826484680176,0.5041105580434846,0.499895096743259,0.498705459134717
88,0.8600195050239563,1.241180181503296,0.5051562786102295,2.3823349475860596,0.5081672095369517,0.5035956680635015,0.5024447777879345
89,0.8623828291893005,1.231877326965332,0.5012500286102295,2.368898868560791,0.5034605506093862,0.499814687702803,0.4986572574477463
90,0.8626171946525574,1.2217018604278564,0.5018749833106995,2.3732175827026367,0.5042087087694149,0.5005476211793816,0.4991344780613959
91,0.8610546588897705,1.2147501707077026,0.5100781321525574,2.3511178493499756,0.5121562459834155,0.5086099782822925,0.5069607814488026
92,0.8598046898841858,1.2111544609069824,0.5132812261581421,2.3265864849090576,0.515246477494772,0.5119747193541488,0.5102052615611958
93,0.8620703220367432,1.1965892314910889,0.5153906345367432,2.3128507137298584,0.5181044193629674,0.5141075350718948,0.512563583049726
94,0.8665624856948853,1.182362675666809,0.51171875,2.3040666580200195,0.5142922427576968,0.5104777181638546,0.5087736929687696
95,0.8658593893051147,1.1783078908920288,0.5138280987739563,2.290144443511963,0.516275314631024,0.5127407471507811,0.511475804935978
96,0.8698632717132568,1.163187026977539,0.5167187452316284,2.2812325954437256,0.5192090554227922,0.5154809015643829,0.5142593883188863
97,0.8682422041893005,1.1573386192321777,0.5171093940734863,2.2728912830352783,0.5193827221221174,0.5160064733446716,0.5148751999012988
98,0.8712304830551147,1.1439235210418701,0.5150781273841858,2.2751691341400146,0.5181209762330478,0.5138922253891451,0.5128568996223679
99,0.8695703148841858,1.1407874822616577,0.5214062333106995,2.258073091506958,0.5241020519006936,0.5202717409257883,0.5193151599673934
100,0.8704296946525574,1.1356003284454346,0.5163280963897705,2.2536377906799316,0.51813669276695,0.5150828940181887,0.5138697731221413
101,0.8725781440734863,1.1266199350357056,0.5248437523841858,2.230522871017456,0.5271288513292057,0.5235369218663437,0.5219673535704852
102,0.8735741972923279,1.1145451068878174,0.5266406536102295,2.2191357612609863,0.5302066493828037,0.5255452074223449,0.5248036319622498
103,0.8749414086341858,1.1064233779907227,0.5232812762260437,2.231877088546753,0.5265855920179185,0.5219739337646193,0.5208999985216091
104,0.8731250166893005,1.1029995679855347,0.5274218916893005,2.194289207458496,0.5295683327998423,0.5262697210335125,0.5248110700365591
105,0.8749218583106995,1.0974849462509155,0.5278906226158142,2.197725534439087,0.5313848526097605,0.5268600750122369,0.5260764061688936
106,0.8735547065734863,1.088804006576538,0.5269531011581421,2.1868090629577637,0.529919519513661,0.5256983810986816,0.5248475677517936
107,0.8782812356948853,1.0775024890899658,0.5293750166893005,2.182737112045288,0.5317323559748404,0.528136201267539,0.526961423576635
108,0.8760351538658142,1.079302191734314,0.5377343893051147,2.1697041988372803,0.5401793361644383,0.5365536943166561,0.5351073301821845
109,0.8787304759025574,1.0728473663330078,0.5357031226158142,2.1732754707336426,0.5388600581489043,0.5342819265832148,0.5334085464375893
110,0.8775585889816284,1.061564326286316,0.5335156321525574,2.171027898788452,0.5364375761681222,0.5326508847466987,0.531758199694082
111,0.8783203363418579,1.0600045919418335,0.542187511920929,2.1498141288757324,0.5442643685420883,0.5409948051779436,0.5399773560272444
112,0.8783203363418579,1.0587981939315796,0.5404687523841858,2.1434388160705566,0.5427834135823945,0.5394587292835785,0.5383591204956638
113,0.8779101371765137,1.04808509349823,0.540234386920929,2.1291637420654297,0.5421464177427799,0.5388903375193685,0.5378613025475892
114,0.8819726705551147,1.0394448041915894,0.5375781059265137,2.1349425315856934,0.5403069546489007,0.5361314745139115,0.5351913356499767
115,0.8794335722923279,1.035731315612793,0.541796863079071,2.126081705093384,0.5444892151470091,0.5407153810056073,0.5392802181130686
116,0.882519543170929,1.0286155939102173,0.5421093702316284,2.1127686500549316,0.5446592633275112,0.5409358395776714,0.5401023392822821
117,0.8829296827316284,1.0238887071609497,0.5421093702316284,2.1134326457977295,0.5451708179953083,0.5410628892778623,0.5397291667241189
118,0.8827148675918579,1.0223523378372192,0.5419531464576721,2.095315456390381,0.5447572725463112,0.5409024874562638,0.5398852351137946
119,0.8849023580551147,1.0167286396026611,0.5452343821525574,2.0880115032196045,0.5477712101661187,0.5440479327037249,0.5427767230441848
120,0.8840625286102295,1.0084121227264404,0.5439062714576721,2.0930538177490234,0.547051342154003,0.5425772858329443,0.54133047470928
121,0.880859375,1.0139580965042114,0.5501562356948853,2.0875725746154785,0.5530835278473534,0.5488837555005288,0.5476941941887182
122,0.8816797137260437,1.0078516006469727,0.5540624856948853,2.0706756114959717,0.5570984256914766,0.5525694886005597,0.551358695567651
123,0.8856250047683716,0.998522162437439,0.5583593845367432,2.057166814804077,0.5612114675996026,0.5574040560360957,0.5563687479186163
124,0.8868163824081421,0.9936321973800659,0.5532812476158142,2.06099009513855,0.5559112858907922,0.5522527935234162,0.5513021839876289
125,0.8881054520606995,0.9875823259353638,0.5528905987739563,2.0607388019561768,0.5554761722528232,0.5513183169309157,0.5505098856202102
126,0.8856445550918579,0.9929254651069641,0.5580468773841858,2.05039119720459,0.5598972786943988,0.5571553140752721,0.555706016129113
127,0.8843554854393005,0.9910330772399902,0.5530468821525574,2.0538549423217773,0.5553730855816833,0.5518342969875031,0.5505893869254519
128,0.8894922137260437,0.9733892679214478,0.55859375,2.0367887020111084,0.5620037076282516,0.557490778402117,0.5566051437930083
129,0.8910351395606995,0.9678995609283447,0.5646093487739563,2.0224769115448,0.5683988860578355,0.5634952454212214,0.5630265441432534
130,0.8909765481948853,0.9685104489326477,0.5539844036102295,2.0390689373016357,0.5572307192138257,0.5530987834349994,0.5519454240563426
131,0.8912304639816284,0.9585413932800293,0.5608593821525574,2.026094436645508,0.5636359507251034,0.5599887205231429,0.5590774936892634
132,0.8934375047683716,0.9549941420555115,0.5657031536102295,2.0113282203674316,0.5692209612796402,0.5647848058067002,0.5641243174999261
133,0.8902539014816284,0.9584491848945618,0.5621874928474426,2.0111632347106934,0.5650989459346766,0.561229126695612,0.5606457889828143
134,0.8920508027076721,0.9524446725845337,0.5632030963897705,2.003448724746704,0.5670288470329317,0.5619070496018521,0.5612065566255457
135,0.8942577838897705,0.9426382184028625,0.5635156035423279,1.9928295612335205,0.5679814674917458,0.5623265757941691,0.5615184069791737
136,0.8911914229393005,0.9513057470321655,0.569531261920929,1.991734504699707,0.5728675362055566,0.5684367123761256,0.5675109986772718
137,0.8932812213897705,0.9413915276527405,0.56640625,1.9971548318862915,0.568711185852587,0.5651493249622532,0.5639150955564756
138,0.8930468559265137,0.9395850896835327,0.5709375143051147,1.9815150499343872,0.5729376113537266,0.5698890527097635,0.568688313107458
139,0.8918163776397705,0.9408608078956604,0.5699999928474426,1.9835748672485352,0.5723514018179782,0.568620805577603,0.5677088924615157
140,0.8921093940734863,0.9386374950408936,0.5721874833106995,1.9734830856323242,0.5750233257523798,0.5712042754489641,0.5701496970697715
141,0.8916991949081421,0.9391410946846008,0.5689843893051147,1.9694288969039917,0.5710798943188368,0.5673867919336619,0.5666786905299441
142,0.89306640625,0.9290643334388733,0.573437511920929,1.9716304540634155,0.5765734125941054,0.5722189990272145,0.5710232238044932
143,0.8936914205551147,0.9287365078926086,0.5703906416893005,1.9734948873519897,0.5729985897916194,0.5689231383852147,0.5678314060948209
144,0.8919922113418579,0.9297152161598206,0.5689843893051147,1.9697315692901611,0.5716109336296766,0.5675882996875159,0.5668591803857395
145,0.8993554711341858,0.913632333278656,0.5767187476158142,1.9419646263122559,0.579444672578711,0.5753512956540582,0.574422773578717
146,0.8974413871765137,0.9146301746368408,0.5763280987739563,1.9382412433624268,0.5792727621891816,0.5752318188841401,0.574410626066711
147,0.8970116972923279,0.9137828350067139,0.5791406035423279,1.943321943283081,0.5820164650347598,0.5780891133309964,0.5773392739473369
148,0.8982031345367432,0.9048660397529602,0.5746093988418579,1.9481295347213745,0.5773255191242295,0.5731508554408735,0.5722220771888058
149,0.8985156416893005,0.9074384570121765,0.5768749713897705,1.9430763721466064,0.5797358496293591,0.5755730380110053,0.5744910492829031
150,0.8975781202316284,0.9040603637695312,0.5794531106948853,1.9294166564941406,0.582734841005867,0.5788716124030978,0.5781326254945288
151,0.8951757550239563,0.9071457386016846,0.5811718702316284,1.926297664642334,0.5838916701851181,0.5796947141037542,0.5789944053734266
152,0.8984570503234863,0.9009624719619751,0.580859363079071,1.926843285560608,0.5843226031964635,0.5798131484094055,0.5788742187515268
153,0.8968164324760437,0.9059581160545349,0.5776562690734863,1.9337639808654785,0.581224830044982,0.5767237737576223,0.5760758850770391
154,0.8981249928474426,0.9000650644302368,0.5836718678474426,1.9055418968200684,0.5874313936921587,0.5821249765778069,0.581750801587694
155,0.8986914157867432,0.8958675265312195,0.5791406035423279,1.9322433471679688,0.5817337988739606,0.5779669931027408,0.5772892793047868
156,0.8980859518051147,0.8931440711021423,0.5871875286102295,1.9026554822921753,0.5912805877664062,0.5861121639498662,0.5855079767971233
157,0.8993945121765137,0.8894168734550476,0.5821093916893005,1.929071068763733,0.585887137897074,0.5807441378938885,0.5801468951677105
158,0.8990820050239563,0.8831060528755188,0.5797656178474426,1.9171046018600464,0.5832315376262277,0.5787736118294123,0.5777117115576775
159,0.9015234112739563,0.8839070796966553,0.5826562643051147,1.9221587181091309,0.5844019289139946,0.5811771109315381,0.5801065277214459
160,0.8974023461341858,0.8899815082550049,0.579296886920929,1.9187102317810059,0.5817249382613959,0.5781244783643705,0.5772893658420277
161,0.8977344036102295,0.886975884437561,0.5873437523841858,1.8984827995300293,0.5898928099749781,0.5859729226818468,0.584754019028382
162,0.8986914157867432,0.8852427005767822,0.5868750214576721,1.8891825675964355,0.590573209529555,0.5856458785056211,0.5851307661951864
163,0.9001171588897705,0.878730833530426,0.5835156440734863,1.9156906604766846,0.5865574306586304,0.5818040167358174,0.5813431479695758
164,0.9005273580551147,0.8775221109390259,0.5927343964576721,1.8715802431106567,0.5962650983486161,0.5917086170430976,0.590933432267897
165,0.9011914134025574,0.8754624724388123,0.5885156393051147,1.8895349502563477,0.5911614173273334,0.5868238189303641,0.5861301543759395
166,0.8978515863418579,0.879140317440033,0.5919530987739563,1.8923131227493286,0.5948858799481349,0.5907039433988113,0.59007644546029
167,0.9003320336341858,0.8775399923324585,0.5950781106948853,1.8757126331329346,0.5978382467225942,0.5940808881323116,0.5932694221932197
168,0.9003710746765137,0.8731081485748291,0.5857031345367432,1.8914564847946167,0.5880442193527056,0.5843740839713687,0.5835072320219551
169,0.9022070169448853,0.8667855858802795,0.5874999761581421,1.8759840726852417,0.5907854496027609,0.5864103751292563,0.5859224749026268
170,0.9028906226158142,0.8648580312728882,0.5894531011581421,1.867369532585144,0.5920730810173949,0.5879965627455276,0.5872515255563503
171,0.9051562547683716,0.8603684306144714,0.5966406464576721,1.8624018430709839,0.6000366171732121,0.5959465694903907,0.5952712607969479
172,0.9049218893051147,0.858115553855896,0.5928124785423279,1.877848505973816,0.5954110851714606,0.5917560248096896,0.5911684246449137
173,0.9017968773841858,0.866560161113739,0.6001562476158142,1.8596364259719849,0.6033759867212171,0.5985870346519706,0.5980014004905408
174,0.9002538919448853,0.867729127407074,0.5975000262260437,1.850541114807129,0.6002142455424488,0.5964628887237824,0.5958255015672804
175,0.9027343988418579,0.8589543700218201,0.5995312333106995,1.8606468439102173,0.6026755082819089,0.5985534150366821,0.5977271246075851
176,0.9047461152076721,0.8540441393852234,0.5975781083106995,1.8542883396148682,0.6008001879179272,0.5966192504720527,0.5959156744676819
177,0.9027734398841858,0.8549197912216187,0.5990625023841858,1.8567901849746704,0.6022776927258049,0.5981731917400727,0.597209180168901
178,0.905078113079071,0.8502554297447205,0.6053906083106995,1.8316659927368164,0.6088259162352769,0.6039312333907088,0.6035083544575397
179,0.9029296636581421,0.8567915558815002,0.5914843678474426,1.8691188097000122,0.5946191227172926,0.590646994309159,0.5899269052536702
180,0.902050793170929,0.8568611145019531,0.6012499928474426,1.8416976928710938,0.603861531470178,0.6001010242452033,0.5992209253999763
181,0.9013085961341858,0.8550177216529846,0.6000781059265137,1.8401038646697998,0.6024005062511777,0.5989976866003772,0.5984588277609313
182,0.9044140577316284,0.8497028350830078,0.6064062714576721,1.8215241432189941,0.6100359911943264,0.6057213751669508,0.6050242246608714
183,0.9038281440734863,0.850858211517334,0.5974218845367432,1.8500432968139648,0.6002186543028074,0.5962939507039666,0.5951578564200948
184,0.9029101729393005,0.8533164858818054,0.6026562452316284,1.8291627168655396,0.6060333017782723,0.6015665853519419,0.600988998401042
185,0.9037890434265137,0.8487057685852051,0.6028125286102295,1.8444921970367432,0.6061009364957488,0.6017170496137935,0.6010448642680091
186,0.9048241972923279,0.8461217284202576,0.6015625,1.827547311782837,0.6049558441587555,0.6002351387853921,0.599461116671659
187,0.9039843678474426,0.8455602526664734,0.6046093702316284,1.823866367340088,0.6092419520958945,0.6036303684529125,0.6030993317102284
188,0.9064843654632568,0.8407446146011353,0.6122656464576721,1.7988601922988892,0.6147664776435535,0.610917382843446,0.6102109953637489
189,0.907421886920929,0.8355429172515869,0.6052343845367432,1.8179758787155151,0.6074495662092183,0.6041452070976431,0.6029248165698927
190,0.9043554663658142,0.8460113406181335,0.6068750023841858,1.8172153234481812,0.6111509303320484,0.6056005748818096,0.6049346917570833
191,0.9039843678474426,0.8412352204322815,0.6050000190734863,1.8253024816513062,0.6080326354639269,0.603769165544797,0.603064094313248
192,0.9044336080551147,0.8433981537818909,0.6060156226158142,1.8190159797668457,0.6096772314864866,0.6051698146440787,0.6045187279110422
193,0.9060156345367432,0.8375492691993713,0.6050000190734863,1.8202778100967407,0.6085143402093638,0.6039369151371567,0.6031499885499261
194,0.9052343964576721,0.8394994139671326,0.60546875,1.8271784782409668,0.6087507560960383,0.6045808785112775,0.603244086696554
195,0.9057031273841858,0.8394399285316467,0.6047656536102295,1.8293646574020386,0.608110263556966,0.6039559932637124,0.603193714506411
196,0.9074804782867432,0.8339239358901978,0.6099218726158142,1.8052879571914673,0.6121578481621905,0.6086064538890026,0.6077439112201743
197,0.9084374904632568,0.8261449933052063,0.6172656416893005,1.786605715751648,0.6207878085246148,0.6158702957302638,0.6152112801232567
198,0.9099804759025574,0.8234720826148987,0.6135156154632568,1.8015609979629517,0.6171849555375476,0.6125174344465125,0.611734709007445
199,0.9097265601158142,0.8231679797172546,0.6157031059265137,1.7991399765014648,0.6190199511481259,0.6145248067657256,0.6136815617645102
200,0.9107421636581421,0.8192212581634521,0.6143749952316284,1.7933024168014526,0.6177435585687283,0.6131132124637227,0.6123153542787148
201,0.9105859398841858,0.8201043605804443,0.6137499809265137,1.7994481325149536,0.6165609900306129,0.612706452021813,0.6118122856409316
202,0.9066601395606995,0.8262647390365601,0.607421875,1.8190683126449585,0.6113610622667334,0.6065708686406242,0.606029253622671
203,0.9056249856948853,0.8335464596748352,0.6172656416893005,1.7936745882034302,0.6199537428982145,0.6161644932905526,0.6151697001702219
204,0.9086523652076721,0.8238140940666199,0.6166406273841858,1.7963579893112183,0.6197398431191825,0.6152744268198664,0.6143632062936736
205,0.9085351824760437,0.8236953616142273,0.6117187738418579,1.8038105964660645,0.6149231826792156,0.6103765315212635,0.6095932904241552
206,0.9073632955551147,0.825606107711792,0.6121875047683716,1.7915195226669312,0.6159131067398346,0.6110984191374618,0.6104488376994252
207,0.9084570407867432,0.8207293152809143,0.6207812428474426,1.7875818014144897,0.6240937469763586,0.6197945324164034,0.6191729551557125
208,0.9082812666893005,0.8229160308837891,0.6125781536102295,1.8043992519378662,0.61555864932689,0.6114965216838057,0.610438323402166
209,0.9098047018051147,0.8175789713859558,0.6098437309265137,1.7953599691390991,0.6133174648686605,0.6089250023066439,0.6080151612967515
210,0.9099023342132568,0.81986403465271,0.6148437261581421,1.78192138671875,0.617818224704823,0.613942853281602,0.61290157898204
211,0.9123241901397705,0.8103940486907959,0.6139062643051147,1.7777920961380005,0.6175051119572823,0.613196627509387,0.6123896238781622
212,0.9076367020606995,0.8194258213043213,0.618359386920929,1.77925705909729,0.6214852183459044,0.6178341656891058,0.6171500685118372
213,0.9114453196525574,0.8160126209259033,0.6145312786102295,1.7855435609817505,0.617464212667209,0.6135395695050992,0.6125960583143927
214,0.9118359088897705,0.8111259937286377,0.617968738079071,1.7777057886123657,0.6212682960312532,0.6172650409305087,0.616807891336703
215,0.9111718535423279,0.8123297691345215,0.6239843964576721,1.7544047832489014,0.626826234771863,0.6231412255187505,0.6221897317354266
216,0.9134960770606995,0.8080370426177979,0.617968738079071,1.7787201404571533,0.6207662425736873,0.6170227014949206,0.6164880527364057
217,0.910449206829071,0.8096897006034851,0.6186718940734863,1.7676658630371094,0.6216977230284148,0.6173967255161237,0.6168381502316802
218,0.9078906178474426,0.8179858922958374,0.6209375262260437,1.7594256401062012,0.6244284853142532,0.6197992804265634,0.6190770979013371
219,0.9118554592132568,0.809490442276001,0.6182031035423279,1.7688400745391846,0.6212834838391397,0.617274607094029,0.6163692471443887
220,0.90966796875,0.8168497681617737,0.6203906536102295,1.7620151042938232,0.6235777452091638,0.6192964020244802,0.6183040374927083
221,0.9133594036102295,0.8049268126487732,0.6208593845367432,1.7533581256866455,0.6232032295861691,0.6195728064465744,0.6188347505952191
222,0.9127343893051147,0.8012129068374634,0.6282812356948853,1.7473541498184204,0.6330414477057251,0.6271810003125512,0.6265890989420209
223,0.9127734303474426,0.8049171566963196,0.6284375190734863,1.740114450454712,0.6325431725724587,0.6274280131020618,0.626641641382841
224,0.9106249809265137,0.8061590790748596,0.632031261920929,1.7220605611801147,0.6354073935046598,0.6309237105277722,0.629827892762555
225,0.9154492020606995,0.7956414222717285,0.6243749856948853,1.7445863485336304,0.6267659330863542,0.6233341398115333,0.6223983457737062
226,0.9144726395606995,0.8016828298568726,0.6274999976158142,1.7390097379684448,0.6307048861376809,0.6264089992416308,0.625674714711663
227,0.912109375,0.8036453127861023,0.620312511920929,1.7463635206222534,0.6235351483525936,0.6191833098398811,0.6187759257749104
228,0.9122265577316284,0.8027123808860779,0.621874988079071,1.7422113418579102,0.6243853350674691,0.6204541730230155,0.620079157807867
229,0.9125390648841858,0.8011807203292847,0.626171886920929,1.7372676134109497,0.6301342823341182,0.6250237161846641,0.6241428928500743
230,0.9114453196525574,0.8029723167419434,0.6246093511581421,1.7433658838272095,0.6279314980252825,0.6233720454290832,0.6227174658091621
231,0.911328136920929,0.8054640889167786,0.6298437714576721,1.7427618503570557,0.6333110895575131,0.6284907648999725,0.6275207858705998
232,0.91015625,0.808291494846344,0.6297656297683716,1.7225085496902466,0.6327862210121094,0.6287229430946835,0.6279890139035311
233,0.9105077981948853,0.8032053112983704,0.6250781416893005,1.7318933010101318,0.6289965605471546,0.6238411271309146,0.6234572734904346
234,0.9141406416893005,0.7957512736320496,0.622265636920929,1.7415187358856201,0.6255073442702372,0.621316111724119,0.6203412132844753
235,0.9141601324081421,0.7977178692817688,0.6274999976158142,1.7521488666534424,0.6307265890919285,0.6265454747811018,0.625454298153819
236,0.9126562476158142,0.7984778881072998,0.6258593797683716,1.73139226436615,0.6282565172243793,0.6247393090840186,0.6236992568647501
237,0.9124804735183716,0.7990632653236389,0.624218761920929,1.7411527633666992,0.62704120556507,0.623185860234639,0.622448431608762
238,0.9102734327316284,0.805413007736206,0.6292187571525574,1.7322971820831299,0.6316056011765876,0.6283095800110448,0.6271942481307413
239,0.9119726419448853,0.7977457642555237,0.6339062452316284,1.7420483827590942,0.6369844274167786,0.6329550042943446,0.6320656505877116
240,0.913378894329071,0.7969587445259094,0.6282031536102295,1.7445875406265259,0.6325671221895955,0.626898153078324,0.6263981154261531
241,0.9118945598602295,0.7991877198219299,0.6318749785423279,1.7366669178009033,0.6355334375161814,0.6306159282693156,0.6297668490173489
242,0.9140039086341858,0.7956724762916565,0.6280468702316284,1.7280937433242798,0.6307208126975985,0.626602609395518,0.6259190995599645
243,0.9126952886581421,0.7993096709251404,0.6291406154632568,1.7413612604141235,0.6318474731893873,0.6278750782486576,0.626956848506312
244,0.9094336032867432,0.8024111986160278,0.6301562786102295,1.7287204265594482,0.632243418872865,0.6288819850700048,0.6279918422263271
245,0.9136328101158142,0.7924686670303345,0.6311718821525574,1.7423653602600098,0.6338654443695553,0.6296789562955761,0.6290725601184822
246,0.9145898222923279,0.7905009984970093,0.6314062476158142,1.7385445833206177,0.634184215524104,0.6303985876606863,0.6297774350621563
247,0.9151172041893005,0.7883586883544922,0.6328125,1.7157762050628662,0.6375626150956258,0.6319064218141768,0.6315402669754413
248,0.9179297089576721,0.7801868915557861,0.6354687213897705,1.7160340547561646,0.6392089624961155,0.6342779181483666,0.6333742450862891
249,0.9158594012260437,0.783759593963623,0.635546863079071,1.7083784341812134,0.6383867210492956,0.6342790138438454,0.6334194970707152
250,0.9157812595367432,0.7876663208007812,0.6353906393051147,1.703229546546936,0.6390951170948508,0.6345971413835563,0.6340917692193728
251,0.9156835675239563,0.7884135246276855,0.6299218535423279,1.7191264629364014,0.6334257660949,0.6292094798632398,0.6282789607485291
252,0.9193554520606995,0.7803177833557129,0.6388280987739563,1.7136057615280151,0.6420222357679108,0.6377060449941059,0.6368309224522296
253,0.9141406416893005,0.787485659122467,0.6382031440734863,1.6995551586151123,0.6413641497907477,0.6375883193644376,0.636990133170795
254,0.9130468964576721,0.792461097240448,0.6299999952316284,1.7162853479385376,0.6327425291628186,0.628797087733458,0.6281916977943687
255,0.9123437404632568,0.7936139702796936,0.6324218511581421,1.7322914600372314,0.6360153091490801,0.6316133160180364,0.6307019901452916
256,0.916699230670929,0.7825198173522949,0.633593738079071,1.7084999084472656,0.6375308102318658,0.6327307311150328,0.6323316067585595
257,0.9134179949760437,0.7927523851394653,0.6385156512260437,1.7124065160751343,0.6418852793222087,0.6372774204348737,0.6369727501935927
258,0.912109375,0.7954756021499634,0.6339062452316284,1.7154349088668823,0.6373038762993708,0.6326886212260084,0.6323743157586177
259,0.9140039086341858,0.7861363291740417,0.6307031512260437,1.7298098802566528,0.6331331903820132,0.6293459468873805,0.6288161364886912
260,0.9155859351158142,0.781842052936554,0.6327343583106995,1.7111048698425293,0.6357459795814644,0.6316645709804715,0.6313259715282818
261,0.9154492020606995,0.7832465171813965,0.639843761920929,1.7088319063186646,0.6428920527239097,0.6388183529482641,0.6382124561143223
262,0.9173828363418579,0.7829620838165283,0.6372656226158142,1.7186248302459717,0.6399895667880431,0.6364625196304775,0.6358863800570469
263,0.9160546660423279,0.7848517894744873,0.6399219036102295,1.7229684591293335,0.6441395152140607,0.6394221195495786,0.6391801070406511
264,0.9176562428474426,0.7773398756980896,0.6409375071525574,1.6982371807098389,0.644689794315005,0.6402141918513178,0.6395830985270903
265,0.9167187213897705,0.781475305557251,0.6337500214576721,1.7200219631195068,0.636342425788255,0.6331342150329622,0.6324891272179107
266,0.9169531464576721,0.7796052694320679,0.6348437666893005,1.717799186706543,0.6385525463264807,0.6338153505423856,0.6329683310464632
267,0.9157617092132568,0.7824837565422058,0.6348437666893005,1.7212928533554077,0.6382113881917997,0.6338186399199066,0.6330572972796301
268,0.9177929759025574,0.7803696990013123,0.6403906345367432,1.7066142559051514,0.6435191357922933,0.639142278448654,0.6384990465014695
269,0.9192578196525574,0.7736241221427917,0.6351562738418579,1.7121526002883911,0.6390320311143872,0.6344385527482859,0.6340154833319848
270,0.9165624976158142,0.7780166864395142,0.6335155963897705,1.7076798677444458,0.6367424232965219,0.6324268514307372,0.6320684412648248
271,0.9187695384025574,0.7742827534675598,0.637890636920929,1.7091128826141357,0.6413270897172608,0.6369582444145861,0.6366154416850176
272,0.9187695384025574,0.7767516374588013,0.6432031393051147,1.695326805114746,0.6464446530820327,0.6418561625871753,0.6413202954123222
273,0.9177148342132568,0.7791638970375061,0.6369531154632568,1.707873821258545,0.6403709785018461,0.6362911091709702,0.6357386923414967
274,0.9159374833106995,0.7813188433647156,0.6439843773841858,1.689272165298462,0.6482878833128745,0.6430125632337129,0.6428365174276235
275,0.9165234565734863,0.7824994921684265,0.6461718678474426,1.6873799562454224,0.6508140779267138,0.6452099776314225,0.6451609249651452
276,0.9178711175918579,0.776167094707489,0.6429687738418579,1.6848793029785156,0.6457584702799669,0.6422915176574814,0.6416436878071022
277,0.9195898175239563,0.7713102698326111,0.6414843797683716,1.7017229795455933,0.6454052564346289,0.6406166130353184,0.6402493423561323
278,0.9180077910423279,0.7748693227767944,0.641406238079071,1.692671775817871,0.645087654596151,0.6407697643733303,0.6397952330415482
279,0.9157421588897705,0.778094470500946,0.6338281035423279,1.7173774242401123,0.6370751259748826,0.6331857814837727,0.6323007946411632
280,0.9152734279632568,0.7787030935287476,0.6358593702316284,1.7098288536071777,0.6393882318463988,0.6352118147378694,0.6343589871570154
281,0.919238269329071,0.7697740793228149,0.6407031416893005,1.6976231336593628,0.6445498955814062,0.6402149744793243,0.6398034884793793
282,0.9168945550918579,0.7759873867034912,0.6357812285423279,1.7106335163116455,0.6390130969792779,0.6350445051799163,0.6344281175675882
283,0.9151952862739563,0.7779781222343445,0.6349999904632568,1.7141273021697998,0.638719643078624,0.6342921711016327,0.6336943708181413
284,0.9180859327316284,0.7736484408378601,0.6351562738418579,1.7222399711608887,0.6385335986049014,0.6343002362016907,0.6336625417620912
285,0.9153711199760437,0.7807515859603882,0.6402343511581421,1.700822114944458,0.6439445571164026,0.6391987344034161,0.6384128878980968
286,0.9169335961341858,0.7783276438713074,0.6461718678474426,1.6940133571624756,0.6488453125629001,0.6453312286714186,0.6446945318812858
287,0.9193554520606995,0.7723063826560974,0.6447656154632568,1.681462049484253,0.647631934597203,0.6436888438715769,0.642888359690478
288,0.9191210865974426,0.7709769606590271,0.6449999809265137,1.6853435039520264,0.6475571896629906,0.6438579102243209,0.643080561885153
289,0.9182226657867432,0.7741284370422363,0.6396093964576721,1.7034612894058228,0.6422403873412355,0.6386477171684726,0.6378657460276904
290,0.9175195097923279,0.7749935388565063,0.6466405987739563,1.6760902404785156,0.6503965602921205,0.6457347113950741,0.6450459017298216
291,0.9187695384025574,0.7685310244560242,0.6435937285423279,1.6859887838363647,0.6477595722796851,0.6427804955104868,0.6421550235215975
292,0.9216406345367432,0.7625656723976135,0.6466405987739563,1.695987582206726,0.6506497115385164,0.6457147815423266,0.6452193792957784
293,0.9205859303474426,0.7636296153068542,0.6499218940734863,1.6826893091201782,0.6536953809058208,0.6490779439140459,0.6485186190588398
294,0.9182422161102295,0.7704700231552124,0.6416406035423279,1.7056580781936646,0.6448316143918714,0.640925313670287,0.6402558699689451
295,0.9201757907867432,0.765877902507782,0.6493750214576721,1.689383864402771,0.6525995322648676,0.6484911560824874,0.6479553976268423
296,0.9170703291893005,0.7755159735679626,0.6417187452316284,1.7086741924285889,0.6454455112722184,0.6407830541115502,0.6399967916027833
297,0.9206249713897705,0.7639774084091187,0.641406238079071,1.6864962577819824,0.6444230235220652,0.6405902064168963,0.6400251055642996
298,0.9192968606948853,0.7685574889183044,0.6421093940734863,1.6972612142562866,0.647089345120493,0.6412194758860408,0.6407589680543417
299,0.9192968606948853,0.7675411701202393,0.6477344036102295,1.6889065504074097,0.6521854911887968,0.6466542579277956,0.6466013237396173
300,0.9210156202316284,0.7641492486000061,0.6446874737739563,1.689988613128662,0.6489522004658934,0.6436239222289573,0.6432882472206491
301,0.91943359375,0.7663364410400391,0.6463281512260437,1.6806138753890991,0.6500358539953075,0.6450049328751284,0.644740766133465
302,0.9224218726158142,0.7651110887527466,0.6462500095367432,1.6760939359664917,0.6500767110110308,0.6450483480041329,0.6448050113704782
303,0.9203320145606995,0.7643987536430359,0.6427343487739563,1.6956936120986938,0.6462642439689681,0.6417240877759253,0.6413130050198104
304,0.9202343821525574,0.7677589654922485,0.6464062333106995,1.68296217918396,0.6500952885793498,0.6453428759526875,0.6448134709018885
305,0.9212109446525574,0.7650101184844971,0.6457812786102295,1.6815375089645386,0.6490273741649153,0.6447130966167576,0.644082480213996
306,0.9208984375,0.7636010646820068,0.6514062285423279,1.6781723499298096,0.654324316650176,0.6502189553300348,0.6499020273151997
307,0.9190234541893005,0.7636323571205139,0.642578125,1.685550570487976,0.6459279621828282,0.6418978084665838,0.6412150931544167
308,0.9207422137260437,0.7619380354881287,0.6544530987739563,1.654091477394104,0.6587475753425276,0.6535265569390869,0.6529083486293643
309,0.9223242402076721,0.7608194947242737,0.6474999785423279,1.6709213256835938,0.6498425506869006,0.6464775883588311,0.6460447786517112
310,0.9166406393051147,0.7705085873603821,0.6478906273841858,1.6702187061309814,0.651063250378288,0.6469463280821484,0.6461327044906537
311,0.9200780987739563,0.7661179304122925,0.6448437571525574,1.6713321208953857,0.6473510158226639,0.6441618383364169,0.6434080060070204
312,0.9193164110183716,0.767383337020874,0.6470312476158142,1.667394757270813,0.6509640451415428,0.6462856034096257,0.6458281735265575
313,0.9180663824081421,0.7700058221817017,0.6537500023841858,1.6599730253219604,0.6578270517407243,0.6527269484502991,0.6519808290735383
314,0.9211719036102295,0.7607318162918091,0.6506249904632568,1.6666380167007446,0.6536639445453043,0.6495444478166793,0.6491155127353072
315,0.9194921851158142,0.7663622498512268,0.6499999761581421,1.6797462701797485,0.6530738886190264,0.649452888427122,0.6488037211081767
316,0.9212109446525574,0.7623056173324585,0.6490625143051147,1.6853524446487427,0.6535326992270182,0.6482441716811225,0.6481208434264158
317,0.9195312261581421,0.7634119391441345,0.643359363079071,1.6850314140319824,0.6474762114390915,0.6424285128557544,0.6420751339040627
318,0.9239648580551147,0.7555369734764099,0.6507031321525574,1.678528904914856,0.6548871304345757,0.6497265374418498,0.6496129191733121
319,0.9216992259025574,0.7624915242195129,0.6475781202316284,1.676108717918396,0.6511656051872883,0.6466944402666026,0.646262571411617
320,0.9229491949081421,0.7552700638771057,0.6510937213897705,1.6556599140167236,0.6547148311537506,0.6498600220718329,0.6494871458734037
321,0.9232031106948853,0.7595471739768982,0.6497656106948853,1.6742069721221924,0.6543955132780115,0.648634509018974,0.6481219608008644
322,0.9244531393051147,0.7508728504180908,0.6510937213897705,1.6683990955352783,0.6541498116733171,0.6501350431336398,0.6497324875012981
323,0.9226953387260437,0.7544043064117432,0.6548437476158142,1.6640336513519287,0.6585782583749911,0.6540065396289616,0.6536223786360831
324,0.9216015338897705,0.7578223943710327,0.6466405987739563,1.668708086013794,0.6496148738373941,0.6452220252101079,0.6440688882633311
325,0.9214843511581421,0.7600992321968079,0.6527343988418579,1.6579773426055908,0.6562720592649556,0.6517987430870311,0.6508535885381966
326,0.9208202958106995,0.7617454528808594,0.6516406536102295,1.6617223024368286,0.6549230308671945,0.650739694835239,0.6499541486265723
327,0.9222070574760437,0.7585737705230713,0.6517187356948853,1.6532243490219116,0.6552727015462082,0.6511077739253042,0.6507573750675384
328,0.9211132526397705,0.7585039734840393,0.6498437523841858,1.6651078462600708,0.6529128265094473,0.6491928376758452,0.6484233763181668
329,0.9205077886581421,0.7599644660949707,0.6478124856948853,1.6782023906707764,0.6524593669193152,0.6469976436546205,0.6464484574323608
330,0.9222265481948853,0.7606268525123596,0.6495312452316284,1.6725564002990723,0.6526388301165392,0.64849623880584,0.6477495375167067
331,0.9213281273841858,0.7588260769844055,0.6522656083106995,1.6657121181488037,0.6554871474042087,0.6515042747269834,0.6506806238687888
332,0.9199414253234863,0.7608470320701599,0.6479687690734863,1.6718486547470093,0.65117282182632,0.6469779611001566,0.6463606367438322
333,0.922070324420929,0.757667064666748,0.6539843678474426,1.665282130241394,0.6574226284675899,0.6531481153520615,0.6530275435072006
334,0.9255077838897705,0.7498955726623535,0.6524999737739563,1.6684969663619995,0.6550601942671159,0.651442962671824,0.6507492209123338
335,0.9250195026397705,0.7476705312728882,0.651562511920929,1.6736854314804077,0.6558740413886897,0.6508369829390638,0.6503100099429109
336,0.9236719012260437,0.7524551153182983,0.6532031297683716,1.6684985160827637,0.6557146727371235,0.6522034695603098,0.6516492195446595
337,0.9232422113418579,0.7527689933776855,0.6493750214576721,1.6691513061523438,0.653568293439067,0.6485861586806605,0.6479522476579211
338,0.9220898151397705,0.7569304704666138,0.6586718559265137,1.6596566438674927,0.662694928416542,0.6577560554684974,0.6572582479124303
339,0.9252734184265137,0.747236430644989,0.6553906202316284,1.6566612720489502,0.6590735656250881,0.6547402158780191,0.6542999066956348
340,0.9247851371765137,0.7505610585212708,0.6452343463897705,1.6897774934768677,0.6487575676498734,0.6443793158061655,0.6439018693140197
341,0.9241015911102295,0.750465989112854,0.6485156416893005,1.6784592866897583,0.6522541952537504,0.6476128110487333,0.6471846788987737
342,0.9269140362739563,0.7466436624526978,0.6539843678474426,1.6663422584533691,0.6576754874563546,0.6533541768721957,0.6529431097625062
343,0.9219726324081421,0.7547274231910706,0.6526562571525574,1.6668280363082886,0.6561890401688555,0.6518033850730213,0.6511194983141144
344,0.9222460985183716,0.7565997242927551,0.6532031297683716,1.6518752574920654,0.6571300111952054,0.6522641574746688,0.6518424373496112
345,0.92236328125,0.7534521222114563,0.6475781202316284,1.692205786705017,0.6520243015157747,0.6465362187302591,0.6464833019263341
346,0.9206640720367432,0.7597563862800598,0.6502344012260437,1.6820927858352661,0.6532913468063517,0.6490529967086446,0.648491846251249
347,0.9212695360183716,0.7574077844619751,0.6489843726158142,1.6655235290527344,0.6525351631730065,0.6479560973010324,0.647689247459723
348,0.9238671660423279,0.751667857170105,0.6514843702316284,1.6602723598480225,0.6557407859845201,0.6504989034061028,0.650461525386616
349,0.9224609136581421,0.7526305913925171,0.65625,1.6594842672348022,0.6602795136742454,0.6554427483033438,0.6552035562596548
350,0.92626953125,0.7437809109687805,0.6579687595367432,1.6492745876312256,0.6626404302530272,0.656961920146526,0.6568393622702599
351,0.9272265434265137,0.7442949414253235,0.6579687595367432,1.6481388807296753,0.661522756029013,0.6569340853499381,0.6565289678030819
352,0.9257616996765137,0.7447863817214966,0.6490625143051147,1.6704957485198975,0.6529177946090058,0.6484125838632655,0.6478524217973315
353,0.9250390529632568,0.7456192970275879,0.6516406536102295,1.6660711765289307,0.6555883202125217,0.6505886727046297,0.6504219321407496
354,0.9247460961341858,0.7475008964538574,0.6596093773841858,1.6516607999801636,0.6637235558351482,0.6586810761834451,0.6582077847081795
355,0.9237499833106995,0.7514296174049377,0.6520312428474426,1.6571078300476074,0.655994593620112,0.6511825829637166,0.6508360949831586
356,0.9259570240974426,0.7414112091064453,0.6497656106948853,1.6635065078735352,0.6537499329988097,0.6486751326358533,0.6483943130670948
357,0.9227343797683716,0.7523120045661926,0.6500781178474426,1.6662421226501465,0.6534681880765771,0.649166420852938,0.648779710667915
358,0.924511730670929,0.7482665181159973,0.6518750190734863,1.6622109413146973,0.6546012264810106,0.6506138170031226,0.6503171833851336
359,0.92431640625,0.7515812516212463,0.6535937786102295,1.658395528793335,0.6569890508541735,0.6525929052891091,0.651946843713908
360,0.9236913919448853,0.7489964365959167,0.6543750166893005,1.6649203300476074,0.6577879607118124,0.6535517427541255,0.6531083230407158
361,0.9226757884025574,0.7547579407691956,0.6533593535423279,1.6588761806488037,0.6562060342591154,0.652435862420679,0.6521470614765829
362,0.9231640696525574,0.7528220415115356,0.6525781154632568,1.6525306701660156,0.6551442398081251,0.6512974965753007,0.6508632642319888
363,0.9246679544448853,0.7479825019836426,0.6604687571525574,1.6530119180679321,0.6630975490418376,0.6595027403490537,0.6590792976365816
364,0.9261133074760437,0.7411401867866516,0.6566406488418579,1.6496995687484741,0.6610495454906622,0.6558221399322575,0.6554372722583439
365,0.9241992235183716,0.7452250123023987,0.651562511920929,1.6632298231124878,0.6555596709176426,0.6503150794912533,0.6500063089375587
366,0.9265429973602295,0.7432805895805359,0.6567968726158142,1.6524044275283813,0.6601390655617834,0.6556219585214593,0.6550090076574717
367,0.9262499809265137,0.7450196743011475,0.6579687595367432,1.6518898010253906,0.6616336951962476,0.657166472893856,0.656507941246503
368,0.92431640625,0.748317539691925,0.6530468463897705,1.6573082208633423,0.655715337454881,0.6519605352498055,0.6515001117083247
369,0.9265038967132568,0.741321325302124,0.6605468988418579,1.6446630954742432,0.6645312294055915,0.6600323610407168,0.6595672360194327
370,0.9279687404632568,0.7377354502677917,0.6557031273841858,1.6748151779174805,0.659147157363038,0.6548382247160495,0.6542123654341463
371,0.9244140386581421,0.7481382489204407,0.6557812690734863,1.6618218421936035,0.6604833299379946,0.6552831273190962,0.6549505517268476
372,0.9239843487739563,0.7441188097000122,0.6589062213897705,1.6488986015319824,0.6622903952357486,0.657980555400995,0.6574473714544706
373,0.9241406321525574,0.747358500957489,0.6581249833106995,1.657262921333313,0.662050474541994,0.6576739455229115,0.6572313273270363
374,0.9248242378234863,0.7480717301368713,0.6560156345367432,1.654910683631897,0.6596778885947344,0.6553439923751898,0.6547972327933488
375,0.9258202910423279,0.7470537424087524,0.6579687595367432,1.6498441696166992,0.6615798777503666,0.6568664718359123,0.6563592144159981
376,0.9252148270606995,0.7468302249908447,0.6578906178474426,1.6486561298370361,0.6619745112791324,0.6572199386719371,0.6569251752777221
377,0.9271093606948853,0.741721510887146,0.6594531536102295,1.6467671394348145,0.6618494484139007,0.6584968615523197,0.657787799035012
378,0.9265038967132568,0.7436134219169617,0.651562511920929,1.6665550470352173,0.6556578394186101,0.65074191273202,0.650413871498917
379,0.9235546588897705,0.7467307448387146,0.6526562571525574,1.6544694900512695,0.6558916271909736,0.6516655019331645,0.6512377262540087
380,0.9260156154632568,0.7425635457038879,0.6513281464576721,1.6722939014434814,0.6546787809822262,0.6502543763619695,0.6496847416339542
381,0.9240038990974426,0.7442480325698853,0.661328136920929,1.640665888786316,0.6651569199774888,0.6603984991562157,0.6597778008904029
382,0.926074206829071,0.7403323650360107,0.6589062213897705,1.6431281566619873,0.6623786664984346,0.6579850190052254,0.6575240554248233
383,0.922167956829071,0.750851571559906,0.6563281416893005,1.644991397857666,0.660398128660139,0.65531724535727,0.6548974420268759
384,0.9237499833106995,0.7477627396583557,0.6496875286102295,1.6660046577453613,0.6533452421366502,0.6488864727597748,0.6486845744119057
385,0.9280859231948853,0.7363656759262085,0.6614843606948853,1.6490708589553833,0.6653698018677484,0.660706313848724,0.6602285626374271
386,0.9282422065734863,0.7358523607254028,0.6621875166893005,1.6450629234313965,0.6650370763842733,0.6613324225078343,0.6607857101387344
387,0.9259960651397705,0.7437130212783813,0.6600000262260437,1.6406829357147217,0.6637631194110352,0.6590115254370303,0.6585808353133108
388,0.9262499809265137,0.737557053565979,0.6517187356948853,1.6608134508132935,0.655892806819295,0.6505814637734038,0.6502168712868432
389,0.9265038967132568,0.7390236854553223,0.6535937786102295,1.6591280698776245,0.6567800431038485,0.6526468007163067,0.6519589115802267
390,0.925488293170929,0.7413276433944702,0.6575000286102295,1.6397279500961304,0.6608809712377717,0.6564086513420857,0.6558126627056038
391,0.9274804592132568,0.7381298542022705,0.6567187309265137,1.6414700746536255,0.6593601708133388,0.6554412158330519,0.6550950228067554
392,0.926953136920929,0.7368341088294983,0.6585937738418579,1.6378194093704224,0.6614191778305243,0.6573883331085321,0.6569303625972659
393,0.928027331829071,0.7343235611915588,0.6567968726158142,1.6381014585494995,0.6597175633486566,0.6558744919873087,0.6553222548773325
394,0.9273828268051147,0.7334399223327637,0.6592187285423279,1.6292152404785156,0.6619953988376943,0.6582285819776437,0.6576841647929359
395,0.9271484613418579,0.7362064123153687,0.659375011920929,1.6285818815231323,0.6625110118922619,0.6585571052091879,0.6579372798992886
396,0.9242187738418579,0.7462501525878906,0.6567968726158142,1.6515933275222778,0.6599587252730873,0.6556513346950543,0.6552835644610339
397,0.9257226586341858,0.7403642535209656,0.6565625071525574,1.6516282558441162,0.6592076017058146,0.6556266046135726,0.6548065035823565
398,0.9282031059265137,0.7379637956619263,0.6560937762260437,1.6580543518066406,0.6598230187234411,0.6551628064191843,0.6545014136602851
399,0.9271875023841858,0.7389678955078125,0.6573437452316284,1.6567784547805786,0.6608256564065437,0.6562828959787228,0.655876353193196
400,0.9263281226158142,0.7395656108856201,0.6639062762260437,1.6362943649291992,0.6666997934376762,0.6629286144200653,0.6623779760851332
401,0.925488293170929,0.7439147233963013,0.6639843583106995,1.642592191696167,0.6674287081387071,0.66345004796506,0.663021947985494
402,0.9275976419448853,0.738857090473175,0.6571875214576721,1.631184697151184,0.6599040625394087,0.65627580115286,0.6557204538302482
403,0.9281640648841858,0.736218273639679,0.6610937714576721,1.6487159729003906,0.6645746292652146,0.6600766173914643,0.6597825830138515
404,0.9267382621765137,0.739516019821167,0.6631249785423279,1.6375027894973755,0.6662982219639251,0.6621876950014363,0.6615764879009312
405,0.9272070527076721,0.7399329543113708,0.6625781059265137,1.6458184719085693,0.6653083798687359,0.6616437035950847,0.6613100749582459
406,0.9258202910423279,0.7409601807594299,0.6556249856948853,1.652543544769287,0.6593635983579735,0.6545958675219685,0.654276957270975
407,0.9279882907867432,0.7353881597518921,0.6588281393051147,1.6405351161956787,0.661357259070616,0.6581866347350491,0.6575384639670873
408,0.9267773628234863,0.7378060221672058,0.655468761920929,1.6572239398956299,0.6588183779337535,0.6547588485748963,0.6542403986087566
409,0.9270703196525574,0.7366495728492737,0.6568750143051147,1.6532118320465088,0.6598619893778679,0.6561302989660114,0.65536922710078
410,0.9294531345367432,0.7289679050445557,0.655468761920929,1.645755648612976,0.6591962287579002,0.6544528976896025,0.6540061650353506
411,0.9294726848602295,0.7311480045318604,0.661328136920929,1.6394250392913818,0.6645255522227136,0.660205375904775,0.6597422498921452
412,0.9266015887260437,0.7344921231269836,0.6610937714576721,1.6316821575164795,0.6651977311148884,0.6601613622061215,0.6596237793184608
413,0.9269726276397705,0.7401102185249329,0.6548437476158142,1.6475250720977783,0.6590301158419354,0.6537949457495631,0.6533416549758732
414,0.9292968511581421,0.7317450642585754,0.6632031202316284,1.633925437927246,0.6661358177523784,0.662342171829542,0.6617045539560756
415,0.9279687404632568,0.7321927547454834,0.6543750166893005,1.6365886926651,0.6565447307338186,0.6537259514113253,0.6529017077487134
416,0.9304101467132568,0.7298910021781921,0.6592968702316284,1.6384371519088745,0.6627362277352031,0.6585527853401779,0.657733981379508
417,0.9280468821525574,0.7354298233985901,0.6597656011581421,1.6398776769638062,0.6634583695014036,0.6589688446187301,0.6585287197912831
418,0.9281445145606995,0.7350186705589294,0.65625,1.6394600868225098,0.6599765215081002,0.6553477377927655,0.6548442976874393
419,0.9276562333106995,0.7342656850814819,0.6546875238418579,1.6419968605041504,0.6590771156662374,0.6538045628561898,0.653479863313901
420,0.9285742044448853,0.7313265800476074,0.6571875214576721,1.653684139251709,0.660689081592785,0.6560887117521783,0.656024321491695
421,0.9248242378234863,0.7423262000083923,0.6549999713897705,1.6471545696258545,0.6583359469757584,0.6539818693945463,0.653776651734834
422,0.9266601800918579,0.7410089373588562,0.6549218893051147,1.6515164375305176,0.659412235254965,0.6539175502826747,0.6538213356628007
423,0.9274804592132568,0.7396594882011414,0.657421886920929,1.6340657472610474,0.660912923996549,0.6564578195704429,0.6561537263965571
424,0.9280078411102295,0.7347692251205444,0.6583593487739563,1.6452945470809937,0.6613182754950737,0.6574626897658148,0.6568428615095382
425,0.9262304902076721,0.7353678941726685,0.6600000262260437,1.6339613199234009,0.6628270833377464,0.6588612595452783,0.658258870234621
426,0.9289453029632568,0.7340434789657593,0.6670312285423279,1.6297709941864014,0.670076924946215,0.6661378975952494,0.6656647009670131
427,0.9297460913658142,0.7309049963951111,0.6607031226158142,1.6345915794372559,0.6640126125801858,0.6600216786391057,0.6594195118311319
428,0.9292578101158142,0.7307867407798767,0.6527343988418579,1.6542112827301025,0.6564025825909559,0.651924209434787,0.6515040967718997
429,0.9284765720367432,0.7342625260353088,0.6596093773841858,1.6370043754577637,0.6634854277096538,0.6584643618791203,0.6580137162208394
430,0.9309765696525574,0.7266172766685486,0.6582812666893005,1.6535090208053589,0.6620821271430126,0.6572496938115324,0.6569844791584936
431,0.9298046827316284,0.7316567301750183,0.6630468964576721,1.630765676498413,0.6668787833782666,0.6623182091613236,0.6622623236745038
432,0.9287890791893005,0.7344316840171814,0.657031238079071,1.6482914686203003,0.6605676598187036,0.6560549744934154,0.6556756569552216
433,0.9287499785423279,0.7309902906417847,0.6649218797683716,1.6270530223846436,0.6675007336122508,0.6638527632780657,0.6633382051741549
434,0.9287304878234863,0.7339324355125427,0.6592968702316284,1.654335379600525,0.6634999414237658,0.6583694072857886,0.6580391652385298
435,0.9275781512260437,0.7328603863716125,0.659375011920929,1.6505248546600342,0.6630558881854827,0.6583249808690232,0.6578965650087012
436,0.9262304902076721,0.740526556968689,0.6535937786102295,1.672173023223877,0.657571118746851,0.6528871896259172,0.6525593878622611
437,0.9274804592132568,0.7340036034584045,0.6578906178474426,1.6340382099151611,0.6609907186229564,0.6569669810259291,0.6562704295668641
438,0.9284374713897705,0.7331653833389282,0.6600781083106995,1.6295411586761475,0.6631326048167046,0.6591780038219789,0.6585751466160351
439,0.9287499785423279,0.7318607568740845,0.6576562523841858,1.6453900337219238,0.6610117802760076,0.6565284749110183,0.6560010788709301
440,0.9286718964576721,0.7321354150772095,0.6610937714576721,1.640413522720337,0.6649619147505434,0.6604076363874052,0.6602308484457355
441,0.9297460913658142,0.7343573570251465,0.6603124737739563,1.6501133441925049,0.6642821228968157,0.6591986643385733,0.6589833745478044
442,0.9271093606948853,0.7340062856674194,0.6552343964576721,1.6687207221984863,0.6596629618430505,0.6543151477218302,0.6539894914211479
443,0.9314648509025574,0.7273367047309875,0.6583593487739563,1.6560571193695068,0.6613126524517602,0.6572767520024154,0.657044137018985
444,0.9295507669448853,0.7333885431289673,0.6578906178474426,1.6456912755966187,0.661059200935115,0.6569910036245408,0.6567709178037795
445,0.9291210770606995,0.7292512655258179,0.6662499904632568,1.6202960014343262,0.6702776043067066,0.6656373018556039,0.6653499120552611
446,0.9274804592132568,0.7369576096534729,0.6567968726158142,1.6443332433700562,0.6599213232206819,0.6558892543460138,0.6554865155197003
447,0.9269335865974426,0.7375224828720093,0.6600781083106995,1.6419655084609985,0.6643958887214909,0.6591847238474118,0.6585755226562744
448,0.9271875023841858,0.7354267835617065,0.6627343893051147,1.641359567642212,0.6661356145307914,0.6617575982090895,0.6613453994983245
449,0.9299023151397705,0.7352966070175171,0.6644531488418579,1.6242724657058716,0.6691083633524664,0.6636289781955318,0.6633206977493304
450,0.9277734160423279,0.7365733981132507,0.6561718583106995,1.645924687385559,0.6596732991931876,0.6551405719307455,0.6545451497250472
451,0.9276367425918579,0.7371262907981873,0.657031238079071,1.635554552078247,0.6612123411349244,0.6562107187482635,0.6557025018809999
452,0.9329296946525574,0.7254482507705688,0.6690624952316284,1.617139458656311,0.6718608777252694,0.6681212381526321,0.6678282024615829
453,0.9317578077316284,0.7240851521492004,0.6701562404632568,1.6273362636566162,0.6734298248986217,0.6687262211329204,0.6682086995889247
454,0.9303905963897705,0.7266554832458496,0.6634374856948853,1.6331324577331543,0.6673077182019111,0.6623995369876365,0.6621107748674271
455,0.9327734112739563,0.7242314219474792,0.6642968654632568,1.6348600387573242,0.6670710497877497,0.6633647739595484,0.6628678137792523
456,0.9306640625,0.7262674570083618,0.6644531488418579,1.646695852279663,0.6676003484557325,0.6632140446663186,0.662700169824153
457,0.929980456829071,0.7265916466712952,0.6610156297683716,1.6460200548171997,0.6636348142282765,0.6595744199050548,0.6590401261457278
458,0.9283202886581421,0.7296799421310425,0.6580469012260437,1.6571351289749146,0.6611865953682992,0.657057349104371,0.6564589838671808
459,0.9272070527076721,0.7356488704681396,0.6607031226158142,1.6384669542312622,0.6640850436527217,0.6594977807266215,0.659164312563644
460,0.9271093606948853,0.7392684817314148,0.6630468964576721,1.643405795097351,0.6665944949159939,0.6620707458670301,0.661616892483212
461,0.9305664300918579,0.7298935651779175,0.664843738079071,1.636805772781372,0.6682766775897129,0.6637029239190351,0.663296724586755
462,0.9297460913658142,0.727811872959137,0.6677343845367432,1.634873390197754,0.6712429212800566,0.6668480777324242,0.6663375312007167
463,0.9300976395606995,0.7275161743164062,0.6672656536102295,1.6229091882705688,0.6701294248730508,0.6662155887946282,0.6657550450437729
464,0.9293749928474426,0.7308516502380371,0.6621875166893005,1.652643084526062,0.6654953989918548,0.661446817572644,0.6609828148177669
465,0.9303905963897705,0.7278027534484863,0.6721093654632568,1.6261407136917114,0.6753950435579521,0.6710376406339627,0.670626288536122
466,0.9320117235183716,0.721753716468811,0.6663281321525574,1.6129399538040161,0.6695106099568718,0.6651211808969689,0.664883495428978
467,0.9305468797683716,0.7277545928955078,0.6587499976158142,1.638545274734497,0.6632746080611699,0.6577925098957089,0.6576540489467086
468,0.9307812452316284,0.728444516658783,0.6641406416893005,1.6223821640014648,0.6679196999738806,0.6630839022457692,0.6628414557199965
469,0.9300390481948853,0.7275579571723938,0.6656249761581421,1.6269733905792236,0.6684048252915838,0.6644458726164271,0.6638812170948267
470,0.9277148246765137,0.7322141528129578,0.6645312309265137,1.6359080076217651,0.6670970615851624,0.6633437881602731,0.6628089302561605
471,0.9285351634025574,0.732350766658783,0.6660937666893005,1.6270238161087036,0.6683576133827638,0.6650689675664834,0.6644655936675308
472,0.9291015863418579,0.7303999066352844,0.6612499952316284,1.6385992765426636,0.6650278807043724,0.6605613795545615,0.6601770443131347
473,0.931933581829071,0.7268461585044861,0.6653906106948853,1.6142692565917969,0.6688416219122546,0.6645196088945138,0.6643752348056495
474,0.9315234422683716,0.7235864996910095,0.6627343893051147,1.6285897493362427,0.6663157114283134,0.6618127849879031,0.6615184943388124
475,0.9311327934265137,0.7228404879570007,0.6644531488418579,1.6370949745178223,0.6681491677319517,0.6637209117854883,0.6637954018119159
476,0.9310156106948853,0.7239421010017395,0.6658594012260437,1.6257705688476562,0.6692592229797008,0.6648513447934575,0.6649282271290995
477,0.9319140911102295,0.7234682440757751,0.6585937738418579,1.651082158088684,0.662036915728843,0.6575793397136909,0.6574415835249532
478,0.9305664300918579,0.7245613932609558,0.6616406440734863,1.6457033157348633,0.6660262884361775,0.6607188980217109,0.6604963019728678
479,0.9294531345367432,0.7254786491394043,0.6612499952316284,1.6545122861862183,0.6649843399667222,0.6601185022146563,0.6598793000567894
480,0.9314258098602295,0.7223155498504639,0.660937488079071,1.6385046243667603,0.6643160885278974,0.6601120586415231,0.6597500213405045
481,0.9322851300239563,0.7228134274482727,0.670703113079071,1.612099289894104,0.6744505489208932,0.6697684050156403,0.669423143667829
482,0.9307226538658142,0.7241004705429077,0.6628124713897705,1.6296989917755127,0.6662749600141324,0.6615360281791303,0.6613631110023598
483,0.9316210746765137,0.7256487011909485,0.6642187237739563,1.6428641080856323,0.6669948161981976,0.662834807503117,0.6625863867069173
484,0.9308202862739563,0.7256762981414795,0.6682031154632568,1.620456337928772,0.6714528853302735,0.6669679932221605,0.6667448243671572
485,0.9339452981948853,0.7202014327049255,0.6647655963897705,1.6244475841522217,0.6675604485773221,0.6635789209593332,0.6633560549503384
486,0.9342968463897705,0.7165505290031433,0.6685156226158142,1.6274632215499878,0.6721431849890063,0.6673670066875674,0.6671948585961023
487,0.9336718916893005,0.7191387414932251,0.6614062786102295,1.641639232635498,0.6649098755777975,0.6601893665760072,0.6597343007792089
488,0.9315038919448853,0.7220134735107422,0.6663281321525574,1.6447280645370483,0.6695309396401286,0.6651775765602002,0.6651261333575564
489,0.9321093559265137,0.723080575466156,0.6653125286102295,1.6272832155227661,0.6695743119377715,0.6644671937343163,0.6647253915364717
490,0.9312109351158142,0.7217867970466614,0.6655468940734863,1.6317170858383179,0.6689994132275525,0.6647158258909878,0.664451405088225
491,0.9292578101158142,0.732064425945282,0.6637499928474426,1.642278790473938,0.6677653320933035,0.6627329041073355,0.6624848701124127
492,0.9319726824760437,0.7225012183189392,0.6646875143051147,1.6477627754211426,0.6685327308683637,0.6636786462285353,0.6637058707747127
493,0.9293359518051147,0.7317109107971191,0.665234386920929,1.647536039352417,0.6687828932871274,0.6642129545749096,0.663939713068646
494,0.9318945407867432,0.7189355492591858,0.6678125262260437,1.6358015537261963,0.6727043963327095,0.6666221737375773,0.666776375057728
495,0.9319531321525574,0.7240197658538818,0.6677343845367432,1.6380128860473633,0.6715363263760011,0.6665445808087334,0.6663139506866527
496,0.9354296922683716,0.7129611968994141,0.6678906083106995,1.625430941581726,0.671685891755494,0.6668150400692234,0.6666756281410793
497,0.931835949420929,0.723427414894104,0.6657031178474426,1.6259863376617432,0.6687528994646437,0.6647220173902961,0.6645886304795401
498,0.9300585985183716,0.7248650193214417,0.669921875,1.6464343070983887,0.6735505999242634,0.6688132256221593,0.668579658095505
499,0.9319921731948853,0.723427951335907,0.6698437333106995,1.625779628753662,0.6732277128236188,0.6687115213831076,0.6683904639513183
500,0.9316992163658142,0.7233965396881104,0.6678906083106995,1.6308166980743408,0.6717944441995205,0.6667786650753114,0.6664373883057589
501,0.9312695264816284,0.7253202795982361,0.6625000238418579,1.643052101135254,0.666215353263454,0.6614718157283679,0.6609732038479128
502,0.9316210746765137,0.7244728803634644,0.6716406345367432,1.6365711688995361,0.6751564412660399,0.6706564244303987,0.6703892414987865
503,0.9310742020606995,0.724466860294342,0.668749988079071,1.6457279920578003,0.6721072538397672,0.6674892483038224,0.6672099332970668
504,0.932421863079071,0.7196000814437866,0.6689062714576721,1.6436989307403564,0.6731069808525305,0.6681453342584257,0.6679615630778559
505,0.9323632717132568,0.7223418951034546,0.6710156202316284,1.6276763677597046,0.6742239379505056,0.6701142462085246,0.6695100156915513
506,0.9300976395606995,0.7247070074081421,0.6639062762260437,1.646962285041809,0.6668056077941333,0.6625448503544775,0.6621111732035797
507,0.9310156106948853,0.7246096730232239,0.6692968606948853,1.6322044134140015,0.6725497491062195,0.6685133037450383,0.6683804654921173
508,0.9323828220367432,0.7218371033668518,0.6629687547683716,1.639133095741272,0.6661699017145011,0.6619555979386578,0.6615248550569024
509,0.9309765696525574,0.7251697778701782,0.6644531488418579,1.6513398885726929,0.6672275613191794,0.6634915019700411,0.6628838488440032
510,0.9320507645606995,0.7222499847412109,0.6627343893051147,1.6395584344863892,0.6659267407372333,0.6619057121815908,0.6614973225617079
511,0.9311327934265137,0.7207380533218384,0.6592187285423279,1.6369448900222778,0.6624571829013628,0.6579714810849107,0.6574921743335098
512,0.9325585961341858,0.7200687527656555,0.6610937714576721,1.642310619354248,0.6638286828822949,0.660014906269427,0.6595944660542833
513,0.9346679449081421,0.7145763635635376,0.6603124737739563,1.6590945720672607,0.6632424204097318,0.6596947669429304,0.6588650506459188
514,0.9341796636581421,0.7168610095977783,0.6620312333106995,1.6425180435180664,0.665062111215843,0.6611720769960656,0.6604070507431519
515,0.9339258074760437,0.7142263650894165,0.6598437428474426,1.652213454246521,0.663253973738125,0.6585627042812102,0.6580139611928348
516,0.9325000047683716,0.7212807536125183,0.664843738079071,1.637740135192871,0.668818761905352,0.6641419622670358,0.6639229319578165
517,0.9333593845367432,0.7157661318778992,0.6635156273841858,1.6589949131011963,0.6665070942218587,0.6624327365621298,0.6617450596809039
518,0.9346289038658142,0.7132019996643066,0.6650000214576721,1.6428126096725464,0.6690301652563688,0.6641748981830787,0.6639805883339776
519,0.930859386920929,0.72107994556427,0.6637499928474426,1.6472018957138062,0.6668720807003334,0.6630689858368346,0.6625060193749703
520,0.9326953291893005,0.7195298075675964,0.6645312309265137,1.6417666673660278,0.667690848971919,0.6634964207481343,0.6630761518850516
521,0.9325000047683716,0.7190895080566406,0.6644531488418579,1.6399856805801392,0.6676239126368255,0.6632293388086042,0.6629050248907262
522,0.9322265386581421,0.7205041646957397,0.6603906154632568,1.6550941467285156,0.6640705816798008,0.6590433390781738,0.658663728755662
523,0.9309961199760437,0.7256891131401062,0.6676562428474426,1.6464520692825317,0.6707860403804317,0.66637636554742,0.6658166081379859
524,0.9322265386581421,0.7224809527397156,0.6660937666893005,1.6430200338363647,0.6697732687560924,0.6651236482601237,0.6647442212543754
525,0.9323828220367432,0.7197416424751282,0.6689843535423279,1.6365082263946533,0.6722103572858178,0.6679705457423026,0.6673593106253486
526,0.9314648509025574,0.7225849032402039,0.6665624976158142,1.6420477628707886,0.6691436244278162,0.6657088739731845,0.6653370533948876
527,0.9350195527076721,0.7101974487304688,0.661328136920929,1.6505181789398193,0.6642262516167059,0.6601123576094584,0.6598133771965355
528,0.9338085651397705,0.7164533138275146,0.6637499928474426,1.6523127555847168,0.6667269000849779,0.66307298494972,0.6625171514570266
529,0.9339258074760437,0.7120976448059082,0.6664843559265137,1.6476026773452759,0.6701643664292628,0.6652600273470468,0.6652124807401775
530,0.932421863079071,0.7209374904632568,0.6638281345367432,1.6491708755493164,0.6670689913075105,0.6629575063179355,0.6626352541808096
531,0.9315624833106995,0.7193785905838013,0.6617187261581421,1.6599857807159424,0.6655322970417995,0.6604687533545491,0.6600999396050014
532,0.9303125143051147,0.7256466150283813,0.6646093726158142,1.6388845443725586,0.6686640047728629,0.66353081367016,0.6630056651522617
533,0.9331836104393005,0.7177665829658508,0.6589062213897705,1.6546342372894287,0.6625246754379865,0.6580056350975926,0.6575930983689597
534,0.9353125095367432,0.7146334648132324,0.6659374833106995,1.6393859386444092,0.6700026537359103,0.6648502894326569,0.6645268140393695
535,0.9330859184265137,0.721168577671051,0.6692968606948853,1.6396559476852417,0.6725075730780062,0.6681043983421868,0.667901076177623
536,0.9341992139816284,0.7164039611816406,0.666796863079071,1.6439663171768188,0.6708697839623977,0.6658716673313545,0.6653487100812496
537,0.9338476657867432,0.715684711933136,0.6672656536102295,1.6392048597335815,0.6710755993230538,0.6663175068386086,0.6659533922008889
538,0.9325000047683716,0.7179005146026611,0.666796863079071,1.6156214475631714,0.6704185251057584,0.6653956297430463,0.6647542736578714
539,0.9342578053474426,0.7159301042556763,0.6674218773841858,1.6240931749343872,0.6706271266382907,0.666600892095616,0.666023868502884
540,0.9320117235183716,0.7194306254386902,0.6637499928474426,1.6412017345428467,0.6666973337561214,0.6624989235459033,0.6621510207662102
541,0.9326757788658142,0.7188496589660645,0.669921875,1.6242486238479614,0.6729187065206428,0.6692655834562434,0.6688293498459168
542,0.9332422018051147,0.7158775329589844,0.6682812571525574,1.6228418350219727,0.6709421798455966,0.6671467266286466,0.6669542208284416
543,0.9323828220367432,0.7235267758369446,0.6689062714576721,1.617681860923767,0.6717884226403328,0.6680451775727854,0.6677720149637874
544,0.9321874976158142,0.7176121473312378,0.6685937643051147,1.6265099048614502,0.6714143281599285,0.6672893189623034,0.6667062073308192
545,0.9352929592132568,0.7116379737854004,0.671875,1.6341078281402588,0.6760824123485003,0.6713302733859716,0.6708853580163686
546,0.9311327934265137,0.7197685241699219,0.6642187237739563,1.645938515663147,0.6674237047629605,0.6632252862702395,0.6630056566471789
547,0.9358984231948853,0.7109687328338623,0.6688281297683716,1.6480653285980225,0.6713271032807168,0.6681583560728885,0.667445788687614
548,0.9325390458106995,0.7138935923576355,0.6653125286102295,1.6392745971679688,0.6684346963188006,0.6644111511953805,0.6640554474330772
549,0.9349218606948853,0.7126777768135071,0.662109375,1.641066551208496,0.665988009768079,0.6611138605808856,0.6609188204384293
550,0.9319921731948853,0.7216959595680237,0.6650000214576721,1.633405327796936,0.6678819964123316,0.6640931935517946,0.6639960287849156
551,0.932910144329071,0.7166008949279785,0.6670312285423279,1.6359431743621826,0.6704284415229249,0.6660883327170932,0.6658061530750453
552,0.9340429902076721,0.713752269744873,0.6616406440734863,1.651761770248413,0.664467283750409,0.6608072315427951,0.6604722614019121
553,0.9372265338897705,0.7082195281982422,0.6640625,1.6384981870651245,0.6679065361920395,0.6633046370737095,0.6628520023305713
554,0.9359570145606995,0.7111198306083679,0.6669531464576721,1.632623553276062,0.6702221809907449,0.6660703662157671,0.6657589779724951
555,0.9351367354393005,0.7107185125350952,0.6695312261581421,1.6368440389633179,0.6731249757512059,0.6689493654814738,0.6686569908326846
556,0.9334765672683716,0.7156714797019958,0.6658594012260437,1.6434378623962402,0.6695708156320441,0.6650310275655855,0.664687792497322
557,0.9340234398841858,0.7150573134422302,0.6635156273841858,1.6403412818908691,0.6669749912238842,0.6626581906320435,0.662134103105809
558,0.933300793170929,0.71461021900177,0.6650781035423279,1.633177638053894,0.6691205728746413,0.6642761178678404,0.663951430050166
559,0.9329492449760437,0.7137879729270935,0.6658594012260437,1.6346147060394287,0.6688038884881904,0.6652209131781357,0.6647749015662352
560,0.9348046779632568,0.7100666761398315,0.6677343845367432,1.613142490386963,0.6717081989993997,0.6668339290487193,0.6667411169045012
561,0.9329296946525574,0.7184222340583801,0.6633594036102295,1.6453051567077637,0.6668083293218275,0.6623527062649873,0.6621499014610335
562,0.9312109351158142,0.7235437035560608,0.6642187237739563,1.6367764472961426,0.6681240601618772,0.6630618470071366,0.6627765829474845
563,0.9350195527076721,0.7116485834121704,0.6685937643051147,1.6326494216918945,0.6721091525508187,0.6676987816292048,0.6670874532174507
564,0.9345507621765137,0.7117172479629517,0.6662499904632568,1.6354975700378418,0.669707925590371,0.6654210658838715,0.6651324207753109
565,0.9371874928474426,0.7057472467422485,0.664843738079071,1.6316583156585693,0.6683863744831764,0.6638939226530778,0.6635413428583512
566,0.9362109303474426,0.7067277431488037,0.6695312261581421,1.6314582824707031,0.6727179956536316,0.6686612427008648,0.6683136061190913
567,0.9339648485183716,0.7194535136222839,0.6735156178474426,1.6183983087539673,0.6769412101612934,0.6724814569691728,0.6721305305179435
568,0.93505859375,0.710604190826416,0.6683593988418579,1.6236146688461304,0.6718494390089282,0.6673472102662482,0.6671602861961033
569,0.9360156059265137,0.7101947665214539,0.670703113079071,1.614922046661377,0.6739762753747272,0.6698354661404335,0.6693935765362945
570,0.9335741996765137,0.7167154550552368,0.6675781011581421,1.6360572576522827,0.6710073955977831,0.6667052114235485,0.6662430696902935
571,0.9341992139816284,0.7143429517745972,0.6665624976158142,1.6341965198516846,0.6701715554852731,0.6655099960585329,0.6652605754111184
572,0.9342968463897705,0.7154519557952881,0.6651562452316284,1.6433477401733398,0.6688192957810027,0.6645790036535495,0.6640639925735341
573,0.9343945384025574,0.7125105261802673,0.666015625,1.627498984336853,0.6687707570137978,0.6652251900855939,0.6647368635244902
574,0.9339843988418579,0.7163332104682922,0.6692187786102295,1.6153497695922852,0.6722432884952697,0.6681601877186495,0.6678105635663827
575,0.9323632717132568,0.7183656096458435,0.6655468940734863,1.637117624282837,0.6697474382852936,0.6648020881124941,0.6645261695221207
576,0.9345898628234863,0.715553879737854,0.6690624952316284,1.6340121030807495,0.6721027352827402,0.6678972707274575,0.6674485607869856
577,0.9352343678474426,0.7109518647193909,0.6714843511581421,1.6161248683929443,0.6762980392682736,0.6706674464124349,0.6706630850922516
578,0.9337304830551147,0.715097963809967,0.6629687547683716,1.6331442594528198,0.6663847210793041,0.661974211902581,0.6616377053631084
579,0.9351953268051147,0.7118356227874756,0.6682031154632568,1.6292308568954468,0.6712185626794402,0.6676248947805465,0.6670124397401167
580,0.9349414110183716,0.7128701210021973,0.6711719036102295,1.6262208223342896,0.6751295470108531,0.6706565775620583,0.6705059406044414
581,0.9336327910423279,0.7139889597892761,0.6670312285423279,1.6405856609344482,0.6707062676797942,0.6665888297612056,0.6660990687881261
582,0.9358593821525574,0.7090355157852173,0.6654687523841858,1.6316856145858765,0.6696120720219325,0.6646605504357754,0.6645498518687516
583,0.9342187643051147,0.7103073000907898,0.6647655963897705,1.6401922702789307,0.6684483428015782,0.6638929045466513,0.6634837251438359
584,0.9356836080551147,0.7096697092056274,0.6702343821525574,1.6226612329483032,0.6735141277605572,0.6691085115338399,0.6686656448099253
585,0.9335351586341858,0.7116012573242188,0.6708593964576721,1.6326546669006348,0.6748963928997332,0.6700118581882473,0.669702913037673
586,0.9374804496765137,0.7047182321548462,0.6705468893051147,1.6265275478363037,0.6741179276792608,0.6698705370371374,0.6695361890938927
587,0.9360547065734863,0.7087200284004211,0.6645312309265137,1.6422066688537598,0.6686124852602118,0.6634832183142316,0.6633397507225365
588,0.9348242282867432,0.7104348540306091,0.6728125214576721,1.6113168001174927,0.6774386861972959,0.6718743998403828,0.6716529186727711
589,0.9360937476158142,0.7084728479385376,0.6685156226158142,1.6295300722122192,0.6722496657377266,0.6677437000081996,0.6673789718027747
590,0.9349804520606995,0.7103388905525208,0.6675781011581421,1.6322643756866455,0.6713143523147582,0.666844626898048,0.6664451937887517
591,0.9359179735183716,0.7125179171562195,0.6669531464576721,1.6429111957550049,0.670299920298635,0.6662100241825155,0.6658387923786874
592,0.9328711032867432,0.7163777351379395,0.6644531488418579,1.646165370941162,0.6678276219718662,0.6637146588014985,0.6632547929668406
593,0.9323437213897705,0.7191314101219177,0.6673437356948853,1.6490098237991333,0.671137474694827,0.6664766645458471,0.6658083902709164
594,0.9361913800239563,0.7124584317207336,0.6632031202316284,1.6434608697891235,0.6664277789272457,0.6622314493496881,0.6618756303923898
595,0.9342578053474426,0.7133388519287109,0.664843738079071,1.654628872871399,0.6678673132102155,0.6636723373341628,0.663331061567676
596,0.9349609613418579,0.7102702260017395,0.6634374856948853,1.6352990865707397,0.666509006888304,0.6624878464962181,0.6620632515729286
597,0.9366796612739563,0.7068843245506287,0.6669531464576721,1.653601884841919,0.6705398801215454,0.6659717689339557,0.6656338301751297
598,0.9372460842132568,0.7053173780441284,0.6614843606948853,1.6400190591812134,0.6647995544767649,0.6604749212393748,0.660087331137058
599,0.9377734661102295,0.7025396227836609,0.66796875,1.6266475915908813,0.6718815368394488,0.6667895667264228,0.6665322707034931
600,0.9352734088897705,0.7092557549476624,0.66796875,1.6332780122756958,0.6715576496010627,0.6668892976874516,0.6666555773096445
601,0.9354882836341858,0.7084394097328186,0.6690624952316284,1.6456915140151978,0.672541592064174,0.6683885527198012,0.6678932068072424
602,0.9353125095367432,0.7131407856941223,0.6711719036102295,1.6424373388290405,0.6747348184983684,0.6698400486896195,0.6695099915449304
603,0.9354492425918579,0.7083479166030884,0.6704687476158142,1.6399965286254883,0.6742981019582093,0.6695020605505542,0.6692770212764507
604,0.9351953268051147,0.7100834846496582,0.66796875,1.6517328023910522,0.6719587578957006,0.6672803369226954,0.666908711892605
605,0.9360741972923279,0.7069522738456726,0.6658594012260437,1.6476943492889404,0.6698742227037683,0.664616633269547,0.6642754888584286
606,0.9350195527076721,0.7099883556365967,0.6668750047683716,1.6389033794403076,0.6703610116342642,0.6658444405110624,0.6656080825777472
607,0.9350390434265137,0.7121784687042236,0.6700000166893005,1.6194075345993042,0.6729535461053535,0.6690284639361371,0.6687062370904893
608,0.9358007907867432,0.708079993724823,0.676562488079071,1.624393105506897,0.6793253799142556,0.6755288545256994,0.6749793718085657
609,0.9365038871765137,0.709434986114502,0.6698437333106995,1.626990556716919,0.6726685502718117,0.6688047171145822,0.6685350262746618
610,0.9338085651397705,0.7115506529808044,0.6692968606948853,1.6286406517028809,0.6725941455488171,0.6683760112522714,0.6677090161961226
611,0.9355859160423279,0.7110058665275574,0.6719531416893005,1.6227850914001465,0.6756792530918104,0.6711972482708446,0.6707927084878799
612,0.9358789324760437,0.7076728343963623,0.6674218773841858,1.618891954421997,0.6706728620507245,0.666490835245752,0.665948570651941
613,0.9380664229393005,0.7044917345046997,0.669921875,1.6235549449920654,0.6732840069734063,0.6691037003552662,0.6689814601323874
614,0.9379687309265137,0.7035142779350281,0.6692968606948853,1.6277552843093872,0.6723446829872541,0.6684634760927726,0.6679943437225635
615,0.9356054663658142,0.7081868052482605,0.6664843559265137,1.6405175924301147,0.6698030782240987,0.6658764830826959,0.6652924735553976
616,0.9348046779632568,0.7101607322692871,0.6715624928474426,1.6126877069473267,0.6747571082730103,0.6704433584293328,0.6700514872463624
617,0.935546875,0.7133982181549072,0.6682812571525574,1.6250742673873901,0.6713309142315345,0.6671731375677781,0.6667197421605725
618,0.9369726777076721,0.705677330493927,0.672656238079071,1.6278682947158813,0.6761482835119577,0.6719036937895758,0.6714510835495355
619,0.9372460842132568,0.7061154842376709,0.6709374785423279,1.6229034662246704,0.67467315374761,0.669752150480154,0.6691864106782828
620,0.9366796612739563,0.7036652565002441,0.6697656512260437,1.616611361503601,0.6726173534955902,0.6687710461351822,0.6682410475487736
621,0.935839831829071,0.7061610221862793,0.6720312237739563,1.632950782775879,0.6759701303726962,0.6713202129279598,0.6713722135704399
622,0.9342968463897705,0.7102843523025513,0.6720312237739563,1.6376745700836182,0.6760419148458925,0.6711323420468865,0.6707833724492329
623,0.9356836080551147,0.7066764831542969,0.6703125238418579,1.6306922435760498,0.6735078501640326,0.6694390741565039,0.6688617352427737
624,0.9378906488418579,0.7062981128692627,0.6623437404632568,1.6374921798706055,0.6668336215146091,0.6612290964357652,0.6611861361256421
625,0.9379687309265137,0.7025402784347534,0.6658594012260437,1.6406259536743164,0.6692993888797543,0.6648221400954015,0.6645516096700709
626,0.9346874952316284,0.7101475596427917,0.6680468916893005,1.6291214227676392,0.6727601080440793,0.6673404293681994,0.667244274988152
627,0.9373828172683716,0.7054702639579773,0.6646875143051147,1.6542466878890991,0.6685328860717334,0.66350775859917,0.6631286835204624
628,0.9341406226158142,0.7112776041030884,0.6659374833106995,1.6390562057495117,0.6696371284405281,0.6651897571847689,0.6647854793209222
629,0.9357812404632568,0.7081479430198669,0.6631249785423279,1.6592285633087158,0.6671038575436157,0.6622504630787605,0.6619573643687939
630,0.9334375262260437,0.7151665687561035,0.6682031154632568,1.6482748985290527,0.6715888372935093,0.667453357819898,0.6670720584841067
631,0.9345703125,0.7139295339584351,0.6625781059265137,1.648130178451538,0.6663432140530905,0.6619560367072124,0.6614578239248851
632,0.9345312714576721,0.7115450501441956,0.6650781035423279,1.6549702882766724,0.6679595686177549,0.6636751392816982,0.6631709504507511
633,0.9388476610183716,0.7029374837875366,0.6680468916893005,1.6408025026321411,0.671274315141902,0.6670522126552643,0.6668337836388072
634,0.9357030987739563,0.7104336023330688,0.6685156226158142,1.6319830417633057,0.6720593691178411,0.6676948575076254,0.6675850148893847
635,0.9351171851158142,0.7116388082504272,0.6635937690734863,1.642942190170288,0.6664962790093478,0.6626227727049485,0.6622651977750131
636,0.9361718893051147,0.709187924861908,0.6727343797683716,1.620854139328003,0.676208941250529,0.6716487392180162,0.6715720857315064
637,0.9348046779632568,0.7136325836181641,0.6709374785423279,1.6396973133087158,0.6743844536122607,0.6698520600588092,0.6696610380338109
638,0.9353906512260437,0.7117602825164795,0.6680468916893005,1.6335513591766357,0.6709493097809492,0.667117629982239,0.6666275465127316
639,0.9376562237739563,0.7065284252166748,0.6675781011581421,1.6325618028640747,0.6711650006071049,0.666718104682572,0.6665457600485731
640,0.9358007907867432,0.7105358839035034,0.6669531464576721,1.644022822380066,0.6703031456180611,0.6657100042328536,0.6654934289958733
641,0.9349609613418579,0.7109638452529907,0.668749988079071,1.6349856853485107,0.6730019611319589,0.6675890966338335,0.6676636776152417
642,0.9371289014816284,0.7097013592720032,0.6665624976158142,1.6509910821914673,0.669746379814369,0.6654055111342776,0.665116229750873
643,0.9385156035423279,0.7039468288421631,0.6630468964576721,1.6446038484573364,0.6653301629404538,0.6617858731408037,0.6615522799404724
644,0.9362695217132568,0.7075536251068115,0.669921875,1.6335383653640747,0.6731124618504205,0.668534274839833,0.6683317436554668
645,0.9369531273841858,0.7044789791107178,0.6659374833106995,1.6433889865875244,0.6685546689782945,0.6653737393618275,0.6647435080931623
646,0.9344140887260437,0.7136611342430115,0.6681249737739563,1.6452404260635376,0.6720760407671151,0.6670676538104579,0.6667938258059941
647,0.9384961128234863,0.707618772983551,0.6682031154632568,1.6383355855941772,0.6716409667587326,0.6672813442915969,0.6668936114145136
648,0.9363867044448853,0.7064111232757568,0.6739062666893005,1.6289194822311401,0.6767531780051399,0.6727596340249474,0.6725723967480921
649,0.9398046731948853,0.6988560557365417,0.6719531416893005,1.6318196058273315,0.6751066391321456,0.6708626626101386,0.6706187483433284
650,0.9380664229393005,0.7011045217514038,0.6678906083106995,1.6462414264678955,0.6716548133533891,0.6668271544273756,0.6664027514275183
651,0.9380078315734863,0.7036430239677429,0.6663281321525574,1.6594635248184204,0.6699292848729135,0.6654573197399992,0.665164776968613
652,0.9371289014816284,0.701881468296051,0.6692968606948853,1.6438778638839722,0.6724395325994525,0.6688306127939432,0.6684024845738833
653,0.9373242259025574,0.7047373056411743,0.6692968606948853,1.6495373249053955,0.6729799560087639,0.6681791342852414,0.6679575268292905
654,0.9422265887260437,0.6939215064048767,0.6675000190734863,1.653436303138733,0.6712083660242553,0.6663907316531845,0.6663490543563979
655,0.9364258050918579,0.7047058343887329,0.6664062738418579,1.641891598701477,0.6700724777196954,0.6653047070598357,0.6650827149583647
656,0.9349023699760437,0.709247350692749,0.6653906106948853,1.641322135925293,0.669894910046744,0.6643588760948123,0.6639642993143369
657,0.9380078315734863,0.7026795148849487,0.6690624952316284,1.6449049711227417,0.6724060539912224,0.6679687651626436,0.6674399134633586
658,0.9366210699081421,0.7087465524673462,0.6666406393051147,1.6596752405166626,0.6706830731634932,0.6655293268872209,0.6650211196185593
659,0.9340234398841858,0.7144562005996704,0.6673437356948853,1.6410201787948608,0.6711726600369603,0.6667151507752629,0.6664003667947113
660,0.936230480670929,0.7105518579483032,0.6677343845367432,1.6394462585449219,0.671110153286014,0.6665598154884294,0.6662561562003877
661,0.937792956829071,0.7019822597503662,0.6703125238418579,1.6399394273757935,0.6746918093540493,0.6695044011824295,0.6690303811248249
662,0.9380859136581421,0.7057220935821533,0.6673437356948853,1.6552026271820068,0.670323526827395,0.6662291041588568,0.6658094701891848
663,0.9362695217132568,0.7096990942955017,0.6653906106948853,1.6543574333190918,0.6682624618937932,0.6643526368387297,0.6640297874266684
664,0.9376562237739563,0.7049141526222229,0.6666406393051147,1.642329216003418,0.6706295883146866,0.6657314987889107,0.6652567301874384
665,0.9385547041893005,0.7006992101669312,0.6706249713897705,1.6447166204452515,0.673713411106643,0.6694767070235067,0.6689053866111958
666,0.9374414086341858,0.7054100632667542,0.6664062738418579,1.6592217683792114,0.6696008462816437,0.6655095102951292,0.6652783889657771
667,0.9364062547683716,0.7074900269508362,0.6725000143051147,1.6347343921661377,0.6762635888205404,0.6715225425595719,0.6715596884112481
668,0.9388281106948853,0.7041035294532776,0.6704687476158142,1.6382101774215698,0.6744317818768965,0.6693468162128193,0.669349206262706
669,0.9362890720367432,0.706484854221344,0.6723437309265137,1.6433101892471313,0.6757048517127836,0.6711617409009142,0.6708291891784806
670,0.9370507597923279,0.7084728479385376,0.669140636920929,1.6454153060913086,0.6732822895115518,0.6680151049633718,0.6679591482914847
671,0.9362499713897705,0.7047708630561829,0.6673437356948853,1.638925313949585,0.6711907161799412,0.6662799282088172,0.6658058875317162
672,0.9377539157867432,0.7024857401847839,0.6747656464576721,1.6313714981079102,0.6788284443414172,0.6740639479512245,0.6738581722994781
673,0.9380468726158142,0.7021833062171936,0.6698437333106995,1.637528657913208,0.673611388757338,0.6685860112794095,0.6684183148957703
674,0.9385156035423279,0.7021920084953308,0.6644531488418579,1.6405340433120728,0.667781118498779,0.6632629506706965,0.6629431991962795
675,0.938281238079071,0.7025101184844971,0.6701562404632568,1.6173378229141235,0.6738111359455201,0.6692881700564699,0.6691071688522642
676,0.9377148151397705,0.7031839489936829,0.6708593964576721,1.6250914335250854,0.67340558529852,0.6697218973865745,0.6691600482805709
677,0.9388867020606995,0.7019773721694946,0.6678906083106995,1.6308821439743042,0.6712825321044225,0.6664620488757582,0.666135781117535
678,0.9378125071525574,0.704359233379364,0.6757031083106995,1.6282756328582764,0.6788987861056286,0.674367833151649,0.6742019641157189
679,0.9396679401397705,0.6961821913719177,0.6737499833106995,1.6150431632995605,0.677034448323498,0.6726634085501029,0.6725795314346895
680,0.9381250143051147,0.6997242569923401,0.6723437309265137,1.62870192527771,0.67524179619539,0.6712660099960207,0.6711927634810719
681,0.9407617449760437,0.696850597858429,0.6692187786102295,1.637374997138977,0.6723338861815081,0.6682104028948131,0.6679618138969701
682,0.9386132955551147,0.7011796832084656,0.6739062666893005,1.6205706596374512,0.6773204193160158,0.6728116981129973,0.6724852262723338
683,0.9397070407867432,0.6952852010726929,0.6729687452316284,1.6202110052108765,0.6768627571416641,0.6719409048083704,0.6714048081774596
684,0.9386132955551147,0.7004939913749695,0.6722656488418579,1.6342750787734985,0.6759266314285532,0.6713909152635673,0.6713438774199713
685,0.9392773509025574,0.6977903842926025,0.6693750023841858,1.64034104347229,0.6727971429400326,0.6685221757574065,0.6684135031127246
686,0.9377148151397705,0.7008211612701416,0.6754687428474426,1.6419956684112549,0.6786808980437589,0.6742263965948642,0.6741723492492986
687,0.9361913800239563,0.7023084163665771,0.6705468893051147,1.643882393836975,0.6744977216595099,0.6693402973055005,0.6695941491667927
688,0.9372460842132568,0.7068435549736023,0.6670312285423279,1.6420331001281738,0.6704710715461366,0.6662146624053615,0.6658128861843864
689,0.9380468726158142,0.7036637663841248,0.67578125,1.6040353775024414,0.679420524042025,0.6747259474900207,0.674524271541337
690,0.937792956829071,0.7008670568466187,0.6682031154632568,1.6362652778625488,0.6717706567293544,0.6672827451038167,0.6670745793976405
691,0.9367773532867432,0.7014732956886292,0.6612499952316284,1.6476030349731445,0.6650953266422679,0.6602219060047771,0.659917697132493
692,0.9360547065734863,0.7057348489761353,0.666015625,1.6543763875961304,0.6696610597545187,0.6651977515619504,0.6650722733036012
693,0.9366796612739563,0.7089003920555115,0.6614062786102295,1.666298270225525,0.6649327645752615,0.6604570428578526,0.6603954899180724
694,0.9357812404632568,0.7094026207923889,0.6643750071525574,1.6505029201507568,0.6673810034440953,0.6632728974811148,0.6632089625977242
695,0.9364258050918579,0.7066944241523743,0.6658594012260437,1.661486029624939,0.6693695896420322,0.664972581562532,0.6647621535023898
696,0.9358789324760437,0.7070981860160828,0.6642968654632568,1.6588165760040283,0.6671502293253109,0.6632144944300677,0.6628353029282877
697,0.9357616901397705,0.7090776562690735,0.6585937738418579,1.6797062158584595,0.6623701794352737,0.6577444716232956,0.6575489542697823
698,0.9374023675918579,0.7089235186576843,0.6689062714576721,1.6493940353393555,0.671574457109725,0.6679339638793527,0.6676063119643612
699,0.9385156035423279,0.70405113697052,0.6664843559265137,1.6473910808563232,0.6694545524474472,0.6655026761490326,0.6651627308350734
700,0.9382226467132568,0.7009790539741516,0.6635937690734863,1.656603217124939,0.6663393643405211,0.662600735601683,0.6619970633639752
701,0.9390234351158142,0.7059623003005981,0.6742187738418579,1.6361477375030518,0.6770598388767428,0.6730495058877952,0.6728254568337428
702,0.9374023675918579,0.7026925683021545,0.6703125238418579,1.6252238750457764,0.6732602865514498,0.6694738699181886,0.6689625705531839
703,0.940136730670929,0.6962665319442749,0.673046886920929,1.6396682262420654,0.6759620480527918,0.6719568300339918,0.6718186698133626
704,0.9388281106948853,0.7020885944366455,0.6682812571525574,1.6446444988250732,0.6718975430055903,0.6670212041864112,0.666914286678135
705,0.9365234375,0.7082807421684265,0.672656238079071,1.6515555381774902,0.6756468250608105,0.6719054773795547,0.6718386845678294
706,0.9397656321525574,0.6982119679450989,0.6703125238418579,1.6473034620285034,0.673509302004019,0.6695066684253649,0.6691977798128872
707,0.9413672089576721,0.6956621408462524,0.6674218773841858,1.6516385078430176,0.6704370040403664,0.6664046746382923,0.6660473163231652
708,0.9392773509025574,0.6998329162597656,0.6658594012260437,1.6491308212280273,0.669564096822086,0.6646513011634473,0.6642277243860297
709,0.9386913776397705,0.7016494870185852,0.6714062690734863,1.6501896381378174,0.674635573005417,0.6702624852265295,0.6697866891016495
710,0.9376367330551147,0.7015286087989807,0.6626562476158142,1.6632939577102661,0.6665666232497687,0.6616300599950371,0.661267659650085
711,0.9380664229393005,0.7020667195320129,0.6690624952316284,1.642661690711975,0.6715019033794257,0.6678908210873173,0.6672722233561225
712,0.9389452934265137,0.7005160450935364,0.6689843535423279,1.642773151397705,0.672586837943415,0.668182515142352,0.6679755320109777
713,0.9381250143051147,0.7041074633598328,0.6721875071525574,1.6565173864364624,0.6752028950000184,0.6710034272508564,0.6708222122504325
714,0.9380664229393005,0.7042213678359985,0.6678125262260437,1.665350079536438,0.6712061099183755,0.6669173051008939,0.6664377893430435
715,0.9371484518051147,0.7049718499183655,0.6669531464576721,1.6475929021835327,0.6705522428468761,0.6659395630183651,0.6655741063159
716,0.9404101371765137,0.6945863962173462,0.6654687523841858,1.6443467140197754,0.6688233836988793,0.6646065544614681,0.6642006975012441
717,0.9378906488418579,0.7005258202552795,0.6656249761581421,1.635472297668457,0.6688793422978012,0.6646112468059524,0.6644720720151467
718,0.9402539134025574,0.6999430656433105,0.6671093702316284,1.6513043642044067,0.6703593201744615,0.6659644726871914,0.665899466334896
719,0.9373437762260437,0.7043740749359131,0.6614062786102295,1.6611028909683228,0.6649676206125892,0.6599847681041661,0.6597101404900314
720,0.9396874904632568,0.699484646320343,0.669140636920929,1.6470988988876343,0.6725766786022357,0.6683089950333356,0.6680322135471117
721,0.9418163895606995,0.6879045367240906,0.6713281273841858,1.628832221031189,0.6746187124390018,0.6703144234981644,0.669914269027357
722,0.9384765625,0.701103687286377,0.6635156273841858,1.650009036064148,0.666969409728039,0.6625460130020919,0.6622833428103416
723,0.9394726753234863,0.700703501701355,0.6684374809265137,1.629197120666504,0.6716571649061214,0.6672715097945707,0.6673279759176873
724,0.9391406178474426,0.6969377398490906,0.6697656512260437,1.636582851409912,0.6728174733117687,0.6686991480472393,0.6683202753559381
725,0.9390624761581421,0.7013173699378967,0.6714062690734863,1.6308279037475586,0.6748590506680544,0.670577533142982,0.6702386787217898
726,0.9376171827316284,0.7052068114280701,0.6697656512260437,1.6580926179885864,0.6729985728997394,0.6684867259190095,0.6683566509237552
727,0.9386523365974426,0.7000485062599182,0.6663281321525574,1.6398441791534424,0.6689381304427616,0.6650067710765366,0.6646795006421418
728,0.93994140625,0.6958983540534973,0.6682812571525574,1.6388357877731323,0.6710474841086143,0.6669415775287205,0.6667761315010311
729,0.939746081829071,0.6988489031791687,0.6720312237739563,1.6380903720855713,0.675530119053067,0.6710609390903323,0.6708011303854331
730,0.9382617473602295,0.7009129524230957,0.6677343845367432,1.6386178731918335,0.6713005071460548,0.6668798468714827,0.6667398345341025
731,0.9392969012260437,0.6995916962623596,0.6653906106948853,1.6414183378219604,0.6688275522805434,0.6641912995417621,0.6639751669050896
732,0.9390038847923279,0.6977315545082092,0.6662499904632568,1.650333046913147,0.6700841230831351,0.6650004221542987,0.664623170876919
733,0.9386913776397705,0.7004817128181458,0.6725780963897705,1.6247787475585938,0.6762781493823731,0.671619588413654,0.6715318463040758
734,0.9417577981948853,0.6908471584320068,0.6685937643051147,1.633864164352417,0.6720894049098785,0.6676985737446206,0.6674334640967579
735,0.9403515458106995,0.692497730255127,0.6698437333106995,1.6329231262207031,0.6724043715808926,0.6687826663273709,0.6684520147083264
736,0.9405859112739563,0.6959364414215088,0.6743749976158142,1.6304646730422974,0.6782553358407499,0.6735897858727271,0.6732416325109982
737,0.9391992092132568,0.7012822031974792,0.6756250262260437,1.6458724737167358,0.6787591073021801,0.6744579848547431,0.674336819041194
738,0.9370507597923279,0.7042510509490967,0.6701562404632568,1.6315641403198242,0.6735066658089548,0.6692892884436228,0.6689660150258463
739,0.9361718893051147,0.7048603892326355,0.6683593988418579,1.634626865386963,0.6730902185497286,0.6669936727445913,0.6670105661218655
740,0.9362890720367432,0.7049002647399902,0.6698437333106995,1.6402794122695923,0.673225999481252,0.6688078001744379,0.6687892810201095
741,0.9386913776397705,0.7047849893569946,0.664843738079071,1.6533522605895996,0.6679269338794485,0.6637291464150206,0.6633416528443405
742,0.9374804496765137,0.7050750851631165,0.6712499856948853,1.6395360231399536,0.674692389152516,0.6702625063354019,0.6701588322187216
743,0.9373437762260437,0.7038975358009338,0.6664062738418579,1.6510529518127441,0.6693569144105807,0.665062382392394,0.6647482898014845
744,0.9381250143051147,0.7058233022689819,0.6663281321525574,1.6420150995254517,0.6698104793169072,0.6653205675439988,0.665288904752516
745,0.9389843940734863,0.7017501592636108,0.6693750023841858,1.6434605121612549,0.6736187976954284,0.6681260361883096,0.6678346776466473
746,0.9410547018051147,0.6952692270278931,0.6702343821525574,1.638451099395752,0.6730165127096925,0.6689488461195815,0.6687441516112934
747,0.9404296875,0.6968173384666443,0.6680468916893005,1.6514555215835571,0.6712933919115186,0.6667869000785356,0.666555994594535
748,0.9381250143051147,0.7017568945884705,0.6615625023841858,1.6523610353469849,0.6640995772226557,0.6603547947377094,0.6599826563439365
749,0.9422070384025574,0.6938359141349792,0.662890613079071,1.6627331972122192,0.6658750602451896,0.6614795175478774,0.6611779167032383
750,0.9409961104393005,0.6922158002853394,0.6657812595367432,1.6372205018997192,0.6690873613477657,0.6646624174849382,0.6645196926405109
751,0.9385156035423279,0.6990371942520142,0.668749988079071,1.6428414583206177,0.6712319186732836,0.6674822207590503,0.6670641649051936
752,0.9418359398841858,0.6940687298774719,0.6689843535423279,1.642467975616455,0.6722183244159379,0.6677022409547566,0.6675667290298997
753,0.9412890672683716,0.6940217614173889,0.666796863079071,1.6423382759094238,0.6695592287047121,0.665615950195791,0.6653439261093428
754,0.9409375190734863,0.6900923848152161,0.6685156226158142,1.64094877243042,0.6716276609847464,0.6673707445929644,0.6671427216860994
755,0.9385937452316284,0.7003249526023865,0.6640625,1.6712465286254883,0.6677458567489492,0.6628565821699335,0.6627167793934341
756,0.9388867020606995,0.6948571801185608,0.6644531488418579,1.6684918403625488,0.6672168834649075,0.6632901521710997,0.6626508530790873
757,0.9396679401397705,0.6926530599594116,0.666796863079071,1.6275875568389893,0.6700206836777824,0.6655858295196002,0.6650692464590757
758,0.9410547018051147,0.6948243975639343,0.6700000166893005,1.6435467004776,0.6730382199858563,0.668886814712751,0.6685629884903226
759,0.9384570121765137,0.6960950493812561,0.6614062786102295,1.6723358631134033,0.6654107959537054,0.6605130455868008,0.6603838532134452
760,0.9392187595367432,0.6980084180831909,0.6689062714576721,1.6507289409637451,0.6724741295938517,0.668028559185085,0.6677045820847087
761,0.9383593797683716,0.699127733707428,0.6587499976158142,1.668861985206604,0.6614622314890326,0.6578543207803076,0.6572358326180493
762,0.9397070407867432,0.7004578113555908,0.6647655963897705,1.6554652452468872,0.6687463441839803,0.6640158654019982,0.6637432580364765
763,0.939257800579071,0.7006045579910278,0.6663281321525574,1.644425630569458,0.6701463695286144,0.6656411317810689,0.6652954729229326
764,0.9403320550918579,0.6983147263526917,0.6641406416893005,1.644758701324463,0.6680142463916969,0.6632311627293066,0.6630120881984722
765,0.9379101395606995,0.6994849443435669,0.6683593988418579,1.6504788398742676,0.6710611934610478,0.6674958879657138,0.6669023468965896
766,0.9418554902076721,0.6923344135284424,0.6682031154632568,1.647133231163025,0.6713700695203826,0.6670742314037208,0.6668095277875272
767,0.9394726753234863,0.6965506076812744,0.6642187237739563,1.6633048057556152,0.6681875535867594,0.6632115172569814,0.662931674170044
768,0.9420312643051147,0.6894630193710327,0.6686718463897705,1.6481114625930786,0.671503961646253,0.6679463250275234,0.6672280674848269
769,0.9422070384025574,0.6940932273864746,0.6675781011581421,1.6443771123886108,0.6705691651321977,0.6668029950361198,0.6665164964215669
770,0.9421093463897705,0.6904395222663879,0.6623437404632568,1.654227614402771,0.66598835193014,0.6620583963611701,0.6613977623055733
771,0.940136730670929,0.6955821514129639,0.6701562404632568,1.6344327926635742,0.6740601410880014,0.6692221013936399,0.6690065906000031
772,0.9380468726158142,0.7009903192520142,0.665234386920929,1.6525025367736816,0.668648165468842,0.6643495834018422,0.6640320757231568
773,0.9383203387260437,0.7002130746841431,0.66796875,1.6645389795303345,0.6716251592500715,0.6671165284946851,0.6666515077008839
774,0.9413476586341858,0.6938148736953735,0.6650000214576721,1.6601533889770508,0.6690803128839454,0.6642231915743668,0.6637955173700717
775,0.9382617473602295,0.7002885937690735,0.6592187285423279,1.6652696132659912,0.663154342223833,0.6583601102639125,0.6580959957660536
776,0.9390624761581421,0.7005269527435303,0.6655468940734863,1.6502830982208252,0.6689071944200446,0.6644766697885758,0.6641704694718311
777,0.9420507550239563,0.6910610198974609,0.6663281321525574,1.670796513557434,0.6700299938401826,0.6656901818814915,0.6653829924291129
778,0.9382617473602295,0.7012971639633179,0.6689843535423279,1.6586740016937256,0.6724828152645795,0.6680374690254339,0.667973956209328
779,0.9419140815734863,0.6887912750244141,0.6734374761581421,1.642452359199524,0.6767526805459428,0.672411708761502,0.672137051601798
780,0.9400781393051147,0.6931375861167908,0.667187511920929,1.6592674255371094,0.6703274563060723,0.666191341228273,0.6659965286739189
781,0.9413866996765137,0.6894850134849548,0.6703906059265137,1.6365759372711182,0.6731723587601481,0.6691589904856445,0.6687261990217213
782,0.9398242235183716,0.695665180683136,0.6658594012260437,1.6528549194335938,0.6691359798421597,0.6646684652714434,0.6645699008462721
783,0.9383593797683716,0.7002981305122375,0.6675000190734863,1.661341905593872,0.6711200196550621,0.6664259417062097,0.666037349729997
784,0.9391406178474426,0.6958350539207458,0.669921875,1.6465972661972046,0.6732078009673448,0.668926152617791,0.6684710984155997
785,0.9404101371765137,0.695604681968689,0.6707812547683716,1.6456245183944702,0.6745443494035601,0.6697556319480766,0.6694047111041777
786,0.9416210651397705,0.6885735392570496,0.6729687452316284,1.643961787223816,0.675618282059524,0.6720366905239843,0.6715275488696383
787,0.9403125047683716,0.6951512098312378,0.6671093702316284,1.6676684617996216,0.6706754083607865,0.6663473680880617,0.6660160610118477
788,0.9387890696525574,0.6998933553695679,0.674609363079071,1.6325311660766602,0.67818613533766,0.6732808060226888,0.6730741107137423
789,0.941210925579071,0.6932718753814697,0.6715624928474426,1.6476852893829346,0.6755851685262728,0.6705203633123957,0.670155600047124
790,0.9416797161102295,0.6894071698188782,0.6675000190734863,1.6541523933410645,0.6705901643291892,0.6664493906433162,0.6662398399188241
791,0.9401953220367432,0.6941264867782593,0.6655468940734863,1.6593194007873535,0.6686512352625087,0.6647717954794339,0.6642746215163045
792,0.9410937428474426,0.6959620714187622,0.6698437333106995,1.649409294128418,0.6733963883381919,0.6690201088856881,0.6686965772628606
793,0.9427539110183716,0.6887044310569763,0.6658594012260437,1.6629177331924438,0.6694501589370963,0.6647322581176884,0.6645690017573803
794,0.9411718845367432,0.692782998085022,0.6697656512260437,1.6446678638458252,0.6731878420419326,0.6685355730569673,0.6679853098411532
795,0.9386327862739563,0.6996845006942749,0.6720312237739563,1.6302586793899536,0.6756250708955047,0.6709685248262264,0.6704705953888698
796,0.940234363079071,0.6956623792648315,0.6674218773841858,1.6449722051620483,0.6707441768149477,0.6659954597243971,0.6658897239567574
797,0.9400195479393005,0.6987239122390747,0.6686718463897705,1.6560288667678833,0.6736220865662055,0.667811065330335,0.6677395905721053
798,0.9407031536102295,0.6924551129341125,0.6623437404632568,1.6581813097000122,0.6666594541594006,0.6613819716582453,0.6613782124722297
799,0.9419531226158142,0.6889441609382629,0.6651562452316284,1.6648451089859009,0.6698858677666216,0.664521369712257,0.6642968008152801
800,0.9402148723602295,0.6955639123916626,0.6660937666893005,1.6671408414840698,0.6700017448997713,0.6653108222110161,0.6651944947809114
801,0.9401171803474426,0.695395827293396,0.6655468940734863,1.656369924545288,0.6688313852629673,0.6648553552562608,0.6645403818558167
802,0.9388867020606995,0.6989681124687195,0.6705468893051147,1.6500436067581177,0.6745482035116762,0.6696194681142054,0.6693768193407426
803,0.9391015768051147,0.6986881494522095,0.6665624976158142,1.6519150733947754,0.6701423896822344,0.6656686750329708,0.6653116824276977
804,0.9387304782867432,0.7008392214775085,0.6650781035423279,1.6557297706604004,0.6687205621314498,0.6643398322494196,0.6638403227328603
805,0.9373242259025574,0.704088032245636,0.6698437333106995,1.6407757997512817,0.6738297728996088,0.6690860541589837,0.6690003635791049
806,0.940234363079071,0.6951200366020203,0.6686718463897705,1.65903902053833,0.6728026155743148,0.6680982827187091,0.6678707096047812
807,0.9397656321525574,0.696034848690033,0.6739062666893005,1.6396199464797974,0.6770010156842408,0.6733598848656938,0.6728336911171593
808,0.9390820264816284,0.7013824582099915,0.6632031202316284,1.6587998867034912,0.6675566513608783,0.662350042468532,0.6621754248084833
809,0.9366796612739563,0.7015198469161987,0.6632031202316284,1.6585204601287842,0.6667569019372247,0.6622309012346945,0.6616108220889937
810,0.9402929544448853,0.6979828476905823,0.6690624952316284,1.6511601209640503,0.672368412151116,0.6680992047002572,0.6677796114041972
811,0.9417383074760437,0.6946476101875305,0.6717968583106995,1.6206556558609009,0.6744649368261164,0.6708480105692556,0.6705375507643715
812,0.9414258003234863,0.6896342635154724,0.6676562428474426,1.6386921405792236,0.6702284257769089,0.6664455115314305,0.6660451097188549
813,0.939453125,0.7003828287124634,0.668749988079071,1.6436851024627686,0.672561159916548,0.6682074843623891,0.6681326137509648
814,0.9400195479393005,0.6971002817153931,0.6672656536102295,1.6515488624572754,0.6704609844082601,0.6665650561315856,0.6659754467748205
815,0.9422265887260437,0.6925070881843567,0.6637499928474426,1.668717861175537,0.667181945989715,0.6626814856350884,0.662018416726732
816,0.9413866996765137,0.6895199418067932,0.6692968606948853,1.644721269607544,0.6736493049474834,0.6682481750819645,0.6682935088587191
817,0.9421288967132568,0.6944917440414429,0.6617968678474426,1.6795402765274048,0.6654382066100428,0.6611194367467031,0.6608484380609633
818,0.9402539134025574,0.697659969329834,0.6632031202316284,1.6525541543960571,0.6671209292046985,0.662368562173576,0.6618426174301435
819,0.9401562213897705,0.6954408884048462,0.6618750095367432,1.6676100492477417,0.6660661005109187,0.6607843062926941,0.6607656690792109
820,0.939648449420929,0.6970688104629517,0.6662499904632568,1.6484194993972778,0.6701494972657722,0.6652057755835841,0.6650348800067521
821,0.9408203363418579,0.6923741698265076,0.6617187261581421,1.666609525680542,0.665977638512234,0.6606912413728533,0.6602124490638508
822,0.9409570097923279,0.6917468309402466,0.6717968583106995,1.6423850059509277,0.6756599714396397,0.6712276267759647,0.6709618613444862
823,0.9415038824081421,0.6909933686256409,0.6751562356948853,1.638454556465149,0.6781052809121637,0.6744757385643398,0.6739705645244238
824,0.9426171779632568,0.6942974328994751,0.6725000143051147,1.6345252990722656,0.675740310235491,0.6715251280318678,0.6712568514025512
825,0.9425390362739563,0.6905635595321655,0.669921875,1.6439520120620728,0.6723726025568357,0.6691737780566086,0.6687438796411533
826,0.9396679401397705,0.6948237419128418,0.6677343845367432,1.6534452438354492,0.6711175332624526,0.6669379032596829,0.6663583545594276
827,0.9407812356948853,0.6961173415184021,0.6683593988418579,1.6588640213012695,0.6720794712099599,0.6680417942059985,0.6676059446037166
828,0.9431445598602295,0.6896284222602844,0.6724218726158142,1.6454005241394043,0.6758199377476002,0.6716278664752959,0.6713176510196264
829,0.943066418170929,0.6850471496582031,0.6700000166893005,1.6329118013381958,0.6738791956613599,0.6689676593615391,0.6690428259744383
830,0.9432812333106995,0.6825052499771118,0.6727343797683716,1.637096881866455,0.676624949094207,0.6718067997919229,0.6717000485017863
831,0.9410547018051147,0.6921554803848267,0.6685937643051147,1.6514718532562256,0.6725482510699788,0.6678773422490465,0.6675127161946718
832,0.9392187595367432,0.6943067908287048,0.6678125262260437,1.6479294300079346,0.6712737398825457,0.6670781540865391,0.6665381919693387
833,0.9405664205551147,0.6966932415962219,0.6594531536102295,1.6786304712295532,0.6630242855941962,0.6587736067868106,0.658189542859934
834,0.9399218559265137,0.6972552537918091,0.6639843583106995,1.6712783575057983,0.6677372955435488,0.6631369632412645,0.6627729742662094
835,0.94384765625,0.6860678791999817,0.6685937643051147,1.6545339822769165,0.6717006964317034,0.667882719322388,0.6674755339422191
836,0.9418749809265137,0.6885471343994141,0.6703125238418579,1.6482487916946411,0.6734040907566019,0.6696672574324871,0.6690196628766605
837,0.9409570097923279,0.6915625929832458,0.6628124713897705,1.6836645603179932,0.6660548519686234,0.6619131384567262,0.6616470851134212
838,0.9410547018051147,0.6919942498207092,0.6690624952316284,1.6572679281234741,0.673077962278657,0.6677271242885756,0.6677134938629473
839,0.9423437714576721,0.6878572702407837,0.6671093702316284,1.6652874946594238,0.6700402986035181,0.6660087322609543,0.6656129672098096
840,0.9411523342132568,0.693785548210144,0.66796875,1.6559404134750366,0.6715845660582238,0.6674854167604278,0.6670815618173304
841,0.9425585865974426,0.6883429884910583,0.6646093726158142,1.657954454421997,0.6690536269101751,0.6640714958592846,0.6635222349660215
842,0.9393749833106995,0.6944901943206787,0.6658594012260437,1.6687273979187012,0.6693667286930487,0.6651803446862607,0.6648539261987798
843,0.940722644329071,0.694610595703125,0.6598437428474426,1.6859676837921143,0.6630681478492653,0.659265357577697,0.6587036569545845
844,0.9406445026397705,0.6925250291824341,0.660937488079071,1.6613339185714722,0.6648317730602866,0.660425645153871,0.66008267742793
845,0.940722644329071,0.6960744261741638,0.6682031154632568,1.6538408994674683,0.6721492549040635,0.6676022442787934,0.6673735134763459
846,0.9395703077316284,0.6957963705062866,0.66015625,1.6704843044281006,0.6637615449438492,0.6594415928359456,0.6590647441743098
847,0.9410547018051147,0.6967132687568665,0.6700780987739563,1.6516931056976318,0.6732820656174213,0.6694065841568415,0.6691919666985029
848,0.939453125,0.6985749006271362,0.665234386920929,1.6609320640563965,0.6687175099714324,0.664500208114353,0.6645144536703232
849,0.9380664229393005,0.7055309414863586,0.6722656488418579,1.64731764793396,0.6755857273079137,0.6712061570116241,0.671048545632298
850,0.9425390362739563,0.6894256472587585,0.6702343821525574,1.6534605026245117,0.6732019711515299,0.6691588756356093,0.6687966880406607
851,0.9404687285423279,0.6964226365089417,0.6690624952316284,1.6600160598754883,0.6725041371420898,0.6680558894507385,0.6674251620198096
852,0.9423242211341858,0.6894778609275818,0.6639843583106995,1.6633950471878052,0.6668995860218214,0.663220832723932,0.6629027800273622
853,0.9429101347923279,0.6878588795661926,0.6639062762260437,1.648561716079712,0.6668620102790935,0.6630216077908033,0.6623487567531516
854,0.941113293170929,0.692130446434021,0.6697656512260437,1.6598963737487793,0.6734016819419631,0.6687436178450176,0.6684282132571764
855,0.9424218535423279,0.6903350949287415,0.6664843559265137,1.657120704650879,0.670095763618501,0.665647381995015,0.6650092026143422
856,0.9419726729393005,0.6916549801826477,0.666015625,1.6404603719711304,0.6698683630485247,0.6647192827457937,0.664213281466238
857,0.9430078268051147,0.6888835430145264,0.6685156226158142,1.6501652002334595,0.6720202401635169,0.6675592565585502,0.6667138406028957
858,0.9424218535423279,0.6909443140029907,0.6713281273841858,1.6332430839538574,0.6745841207047767,0.6702948874442175,0.6699201157118099
859,0.9449609518051147,0.6817348599433899,0.6696875095367432,1.6534816026687622,0.6727067787587353,0.6686479331557664,0.6681872496857046
860,0.9447070360183716,0.6841029524803162,0.6683593988418579,1.654595971107483,0.6719736652962347,0.6673996144213612,0.667039603787942
861,0.9413866996765137,0.6879677772521973,0.6696875095367432,1.6445879936218262,0.6729532405038088,0.6688572487640224,0.6683995409038133
862,0.9422656297683716,0.6872401237487793,0.6692187786102295,1.6526774168014526,0.6728899593058463,0.6686808081143574,0.6683482503602143
863,0.9407617449760437,0.6933451294898987,0.666015625,1.6545289754867554,0.6696359537326775,0.6650953193657834,0.6650004287664976
864,0.941210925579071,0.6926918625831604,0.6697656512260437,1.6489665508270264,0.6735420990783048,0.6687766688523991,0.6687234735537503
865,0.9412890672683716,0.6929296851158142,0.6663281321525574,1.6574913263320923,0.6699663583102021,0.6652717700697879,0.6648561385574296
866,0.9404101371765137,0.6931495070457458,0.666015625,1.6607284545898438,0.6693967523964233,0.6649706251049747,0.6644641475518185
867,0.943359375,0.6884253025054932,0.6689843535423279,1.6457622051239014,0.6725771820778814,0.6680983434858013,0.667681134238022
868,0.9424023628234863,0.6898849010467529,0.6692968606948853,1.6409000158309937,0.6726489273871341,0.6680229869111156,0.6677493811557512
869,0.9412890672683716,0.6928485035896301,0.6733593940734863,1.6241545677185059,0.6770910026740475,0.6724519238913924,0.6721004185988286
870,0.9440820217132568,0.6833687424659729,0.6728125214576721,1.6336299180984497,0.6755524182417587,0.6713098478179498,0.6709924336609651
871,0.9425585865974426,0.6892231702804565,0.6682031154632568,1.6399333477020264,0.6718701768796957,0.6670937803509791,0.6668036659151573
872,0.9401171803474426,0.6951560974121094,0.6692968606948853,1.673699140548706,0.6736489465603934,0.6680919117152067,0.6679601177758583
873,0.938183605670929,0.7011727690696716,0.6612499952316284,1.6796764135360718,0.66477243601255,0.6604121247981873,0.6601241684292994
874,0.9407812356948853,0.6978516578674316,0.6689062714576721,1.658992886543274,0.6724922012780052,0.6681506273045005,0.6680096727817306
875,0.9399999976158142,0.696574330329895,0.666796863079071,1.6673970222473145,0.6703384466920017,0.6658000791790093,0.6652973066275716
876,0.9421288967132568,0.6902514696121216,0.6651562452316284,1.6703323125839233,0.6690127985429825,0.663757609263476,0.6634614186351703
877,0.941601574420929,0.6916828751564026,0.6686718463897705,1.663341999053955,0.6726585330361994,0.6682651834242117,0.6680451020748299
878,0.9406445026397705,0.6943179368972778,0.669140636920929,1.6675645112991333,0.6715834340754627,0.667883969201317,0.6674594535330564
879,0.9398828148841858,0.6964564323425293,0.6665624976158142,1.6683887243270874,0.6707787892221071,0.6656343625280605,0.6652927813819126
880,0.9419531226158142,0.6904795169830322,0.6666406393051147,1.658267617225647,0.6703343169243414,0.665572936414645,0.6653843176362046
881,0.940136730670929,0.6935772895812988,0.6725780963897705,1.6531846523284912,0.6762678140618927,0.6716250147328213,0.6713104593494292
882,0.9402148723602295,0.694939374923706,0.6661718487739563,1.6639143228530884,0.6700651118562628,0.665162004417607,0.6648308680134374
883,0.9433007836341858,0.6846461296081543,0.6692968606948853,1.6465067863464355,0.6734456000923588,0.6682651010738594,0.6680167427465772
884,0.9422851800918579,0.6873027086257935,0.6688281297683716,1.6666975021362305,0.6725736427676204,0.6681831537156493,0.6678548727021223
885,0.9431250095367432,0.6899664402008057,0.66796875,1.6606563329696655,0.6715284672188719,0.6669155324010274,0.6665807964656123
886,0.9411523342132568,0.6935827136039734,0.6677343845367432,1.6675175428390503,0.6707984156022749,0.6666538658569605,0.6661633151289805
887,0.9421484470367432,0.6868526339530945,0.667187511920929,1.6608729362487793,0.6705279754945441,0.6662793428616647,0.666037279914284
888,0.9423828125,0.6890618205070496,0.6602343916893005,1.67567777633667,0.6631857256515317,0.6592551522387645,0.6587328212022314
889,0.9419531226158142,0.6914528608322144,0.6630468964576721,1.6724941730499268,0.6661401566693362,0.6624370660364636,0.6618285321202289
890,0.9410937428474426,0.6912598609924316,0.6657031178474426,1.676535964012146,0.6687485291245963,0.6647025870694562,0.6642148263220309
891,0.94287109375,0.6888405680656433,0.6655468940734863,1.675321102142334,0.6700656256408981,0.6644681618270263,0.6639072661703993
892,0.9423632621765137,0.6906909346580505,0.6675781011581421,1.655977725982666,0.6705251372557234,0.6666705309569136,0.6660690794046136
893,0.9424414038658142,0.6876798272132874,0.658984363079071,1.6661505699157715,0.6630755180832,0.6584160171306246,0.6582028077325339
894,0.9409375190734863,0.6897285580635071,0.6614843606948853,1.6689742803573608,0.6647929661878172,0.6607569157732789,0.6601139035290124
895,0.9422070384025574,0.6869323253631592,0.660937488079071,1.6646013259887695,0.6644514075336253,0.6600537823062056,0.6595964609192955
896,0.9415234327316284,0.6894856095314026,0.6653125286102295,1.6875418424606323,0.6683524664290221,0.6644741387382029,0.6642653022304454
897,0.9419140815734863,0.6882379055023193,0.6638281345367432,1.6713060140609741,0.6670439098636525,0.6632824748316232,0.6627716646640848
898,0.9417773485183716,0.6884567737579346,0.6620312333106995,1.6585760116577148,0.6655713349843032,0.6611224662198888,0.6607257294804484
899,0.9422656297683716,0.6873905658721924,0.6633594036102295,1.6790108680725098,0.6660739490288095,0.6628035690451322,0.661972956507769
900,0.9440234303474426,0.6836560964584351,0.6694531440734863,1.6674168109893799,0.6733023001433645,0.6686696025455761,0.6681045369077521
901,0.9422460794448853,0.6917291879653931,0.6625000238418579,1.6780189275741577,0.6661595007335837,0.6615606157593337,0.6609682788479024
902,0.9435351490974426,0.6880285739898682,0.6606249809265137,1.6635634899139404,0.6635941368985668,0.6595774852942011,0.6591446469928439
903,0.9436328411102295,0.6876087784767151,0.6651562452316284,1.6743072271347046,0.6684332179811405,0.6641246932322767,0.6637263616974864
904,0.9417187571525574,0.6876566410064697,0.6659374833106995,1.6636053323745728,0.6698473004175299,0.6649905141916614,0.664686389421201
905,0.9404492378234863,0.6915223598480225,0.6617187261581421,1.687587857246399,0.665480964081566,0.6608838546317506,0.6604640389497826
906,0.9420117139816284,0.6891961097717285,0.6653125286102295,1.6522870063781738,0.6683597180659773,0.6641482793733144,0.6637907798551526
907,0.9419335722923279,0.6918019652366638,0.6624218821525574,1.6743578910827637,0.6657657467339249,0.6618573624342043,0.6612881442756693
908,0.9417383074760437,0.6886336803436279,0.6642187237739563,1.6718069314956665,0.6679841012407345,0.6634838545979131,0.6629078035961857
909,0.9429687261581421,0.6861403584480286,0.6675000190734863,1.6542662382125854,0.6709057189927486,0.6669123895537703,0.6667088704335977
910,0.9412695169448853,0.6898974776268005,0.666015625,1.6675117015838623,0.670191638872568,0.6650662345914924,0.6647428306253175
911,0.942089855670929,0.6879169940948486,0.6693750023841858,1.6495895385742188,0.6728131684105425,0.668569950045931,0.6678687991693277
912,0.9446094036102295,0.6824281811714172,0.6600781083106995,1.674809217453003,0.6628569987259737,0.6590168883995655,0.6584448881889726
913,0.9429101347923279,0.6865718960762024,0.6618750095367432,1.6559683084487915,0.6663348784160338,0.6607988653031327,0.6604921732713112
914,0.9450585842132568,0.6808866858482361,0.667187511920929,1.6583702564239502,0.6706057520040721,0.6660978119069682,0.6658105532354972
915,0.9432617425918579,0.6842349767684937,0.6639843583106995,1.6621201038360596,0.6679805191279442,0.663183626236701,0.6625976162435562
916,0.9397265911102295,0.6922596096992493,0.6589062213897705,1.683638334274292,0.6626524067774022,0.6579860587166304,0.6575778551751855
917,0.9424999952316284,0.6889288425445557,0.6653125286102295,1.6594091653823853,0.6691212071728416,0.6646217367300656,0.6643866599001454
918,0.9422265887260437,0.6902011036872864,0.6632031202316284,1.6641807556152344,0.6665021322954252,0.6623090458591279,0.6620092809657754
919,0.9418554902076721,0.6915094256401062,0.6625000238418579,1.673642635345459,0.6661950158154493,0.6617145278680419,0.6612271144782721
920,0.9429296851158142,0.6858456134796143,0.6681249737739563,1.6705430746078491,0.6721802205711964,0.6673440812726136,0.6671963797028637
921,0.9442383050918579,0.6863611340522766,0.662109375,1.6685062646865845,0.6657319323270159,0.6614436876662757,0.661073893352888
922,0.9414648413658142,0.6914457082748413,0.6650781035423279,1.667212963104248,0.6696263771629835,0.6641239186617274,0.6638572086340357
923,0.9420507550239563,0.6911795735359192,0.6638281345367432,1.6595896482467651,0.6668045342547075,0.6628451131588737,0.6624935737207913
924,0.9423632621765137,0.6891388893127441,0.6656249761581421,1.669639229774475,0.6696000434653848,0.6647039154544898,0.6644839788321544
925,0.9424023628234863,0.6910871863365173,0.666015625,1.6623440980911255,0.6694986860426204,0.664983995253389,0.6645043042992195
926,0.9429687261581421,0.687732458114624,0.6668750047683716,1.658616542816162,0.6699907238034182,0.6662712390612067,0.6656918465293582
927,0.9415234327316284,0.6922334432601929,0.6682812571525574,1.6687856912612915,0.671440256972832,0.667402502500579,0.6667990799412354
928,0.9421484470367432,0.6884561777114868,0.669140636920929,1.6646223068237305,0.6719390638547562,0.6681734097160816,0.6679614076218168
929,0.9439648389816284,0.6842144131660461,0.665234386920929,1.6667392253875732,0.6680657349890206,0.6643566210606322,0.6638497210909073
930,0.94482421875,0.6768921613693237,0.6704687476158142,1.6554710865020752,0.6728725392249777,0.6695097393131315,0.6690224898791288
931,0.9426367282867432,0.686764657497406,0.6674218773841858,1.6651955842971802,0.6707414472564581,0.666853749849003,0.6665917566618833
932,0.9436914324760437,0.6838158965110779,0.6611718535423279,1.6788346767425537,0.6656795332795742,0.6604133959606949,0.6602228755659825
933,0.9443554878234863,0.6818196773529053,0.6697656512260437,1.6675218343734741,0.6724905984437572,0.6687638753867672,0.6684305460241085
934,0.9445117115974426,0.6791759729385376,0.6653906106948853,1.6795326471328735,0.6683907873909927,0.6647067445069528,0.6638714640606322
935,0.9416210651397705,0.689891517162323,0.6623437404632568,1.6867802143096924,0.6666574942042585,0.6616790615583693,0.6615118535404463
936,0.941113293170929,0.6907816529273987,0.6685937643051147,1.6759620904922485,0.6725756342492681,0.6676631067483894,0.6675906438748005
937,0.9395898580551147,0.6973380446434021,0.6630468964576721,1.6823296546936035,0.6664562124266334,0.6621612265095957,0.6618896580847284
938,0.9416210651397705,0.6884264945983887,0.6701562404632568,1.6690562963485718,0.6733087893808369,0.6697338725869029,0.6694326111012836
939,0.9421288967132568,0.6893887519836426,0.6658594012260437,1.6857069730758667,0.6690137645030771,0.6651420157447774,0.6646805874658342
940,0.9424023628234863,0.6914721727371216,0.6640625,1.6864513158798218,0.6673506304918955,0.6633136147205183,0.6628466635717578
941,0.9409961104393005,0.6908760070800781,0.6667187213897705,1.682868480682373,0.6707591630342176,0.6662556421258291,0.6656853715951955
942,0.9419140815734863,0.6887065768241882,0.6680468916893005,1.648073434829712,0.6723118548238944,0.6673316231488837,0.6670300168094225
943,0.9436328411102295,0.6848310232162476,0.6657812595367432,1.6780017614364624,0.6691781259656819,0.6650965643168764,0.6647701272847396
944,0.9438086152076721,0.6857657432556152,0.6626562476158142,1.6765341758728027,0.6665604724167868,0.6616974055120192,0.6615607361235416
945,0.9446484446525574,0.6863465309143066,0.6676562428474426,1.6649024486541748,0.6708978172168358,0.6664819456474285,0.666103997666341
946,0.9439648389816284,0.6850618124008179,0.6646875143051147,1.6690045595169067,0.6680431399922814,0.6639199189138009,0.6635939034722811
947,0.9425195455551147,0.686383068561554,0.6657812595367432,1.6684645414352417,0.6689886460766566,0.6652177861962922,0.6648121022345383
948,0.9408007860183716,0.6896756887435913,0.6675000190734863,1.6635295152664185,0.6719753956392432,0.6668705734130502,0.6666458753241293
949,0.9435155987739563,0.6879286766052246,0.6656249761581421,1.670529842376709,0.6695099463929213,0.6650902412245148,0.6645078025890253
950,0.9430273175239563,0.6878730058670044,0.6621875166893005,1.667204737663269,0.6658277284263061,0.661621288506107,0.6610786668912141
951,0.9455273151397705,0.680070161819458,0.666796863079071,1.6659445762634277,0.6699709114493818,0.6662950058402125,0.6658063383690936
952,0.945117175579071,0.6768679022789001,0.6680468916893005,1.6594732999801636,0.6717757977959278,0.6672425274067391,0.6669789847366244
953,0.94482421875,0.6781215071678162,0.6700000166893005,1.668314814567566,0.6727378538697767,0.6689875969604278,0.6685938871753125
954,0.9448437690734863,0.680585503578186,0.6662499904632568,1.6662836074829102,0.6692218838726165,0.6653482023342152,0.6648856633251546
955,0.9425585865974426,0.6855098009109497,0.6644531488418579,1.6730706691741943,0.6683974525744213,0.663512538805883,0.663146396153892
956,0.9427343606948853,0.6836512684822083,0.6653906106948853,1.6694527864456177,0.6687969226056507,0.6647914463080884,0.6644030100129523
957,0.9441211223602295,0.6817173957824707,0.6683593988418579,1.6705015897750854,0.6715964103059153,0.6674732388739636,0.6670536951063176
958,0.9438672065734863,0.6865935325622559,0.6681249737739563,1.6780093908309937,0.6724232017731644,0.6673333713516545,0.6673732366254961
959,0.9428515434265137,0.6864906549453735,0.6623437404632568,1.6938104629516602,0.6650960042808278,0.6615540343844737,0.661196957236565
960,0.9403515458106995,0.6931312680244446,0.6653125286102295,1.6787468194961548,0.6693719279482357,0.6642189801514259,0.664303381206558
961,0.9412890672683716,0.6894827485084534,0.6624218821525574,1.6925392150878906,0.6668102799967964,0.6619901325071795,0.6614925238270768
962,0.9434765577316284,0.6876190900802612,0.6612499952316284,1.682113766670227,0.6650015277584561,0.660398042223981,0.6601608857881653
963,0.9406640529632568,0.6921967267990112,0.6579687595367432,1.6822731494903564,0.6618276296399002,0.6573529811413161,0.6569664582491116
964,0.9406836032867432,0.6920466423034668,0.6619531512260437,1.6810247898101807,0.665072321788023,0.66096629483133,0.660647066748571
965,0.94287109375,0.6869098544120789,0.6654687523841858,1.6739413738250732,0.6682325495334192,0.6647640937994392,0.6644514953888689
966,0.9429296851158142,0.686318576335907,0.6647655963897705,1.673891544342041,0.6673850388499244,0.664036182352089,0.6636523348059383
967,0.9431836009025574,0.6871362924575806,0.6671093702316284,1.6840418577194214,0.6712056349623823,0.666316742262345,0.6662108628310248
968,0.9443554878234863,0.681052565574646,0.6657812595367432,1.6705409288406372,0.6701628246078448,0.6647547815152302,0.664550337521241
969,0.9442187547683716,0.6823907494544983,0.6663281321525574,1.6742709875106812,0.6702360600472075,0.6657023475691772,0.665330340005921
970,0.9461328387260437,0.6786120533943176,0.666015625,1.6842761039733887,0.6707098382560523,0.664869079526156,0.6650378853169499
971,0.9438672065734863,0.6868280172348022,0.6703125238418579,1.6708786487579346,0.6743035096608305,0.6693102447186023,0.6691047616810278
972,0.9444531202316284,0.6814494132995605,0.6716406345367432,1.6461081504821777,0.6755873033485608,0.6709083395264717,0.6705540261172347
973,0.9421484470367432,0.6868596076965332,0.6672656536102295,1.6742395162582397,0.6703776746222357,0.6663144646688743,0.665887083208562
974,0.9408007860183716,0.6938693523406982,0.6614843606948853,1.6841293573379517,0.6653416362559028,0.6604560811338085,0.6601106342737669
975,0.9428125023841858,0.6861591339111328,0.6661718487739563,1.6744389533996582,0.6698403834785827,0.6653808721402623,0.665260778520137
976,0.9437695145606995,0.6842120289802551,0.6633594036102295,1.6669279336929321,0.6673347118782547,0.6626295856238951,0.6624600875051985
977,0.9416797161102295,0.6931819319725037,0.6600781083106995,1.6781710386276245,0.6637782274361909,0.6589945855428211,0.6588472467816562
978,0.941113293170929,0.6930105686187744,0.6670312285423279,1.6853837966918945,0.6698247918780007,0.6660122500279742,0.6655662246637828
979,0.9437500238418579,0.6861603260040283,0.665234386920929,1.6749132871627808,0.6689743855140232,0.6643642945395785,0.664395092220776
980,0.9433007836341858,0.6835030317306519,0.6664843559265137,1.6708520650863647,0.6699191941908587,0.6657448672077582,0.6651849384312578
981,0.945019543170929,0.6813337206840515,0.6635937690734863,1.6811033487319946,0.6667866231574218,0.6625012214291811,0.6619228298367059
982,0.943554699420929,0.6875251531600952,0.6635937690734863,1.670664668083191,0.6677721122939424,0.6626336450361192,0.6624825890281998
983,0.9421679973602295,0.6872875094413757,0.6678125262260437,1.6675447225570679,0.6712492761166041,0.6669120405868625,0.6666583642811051
984,0.9438086152076721,0.6858303546905518,0.6656249761581421,1.6812628507614136,0.6690216332489528,0.6648791071310551,0.6645316583302328
985,0.944531261920929,0.6838635206222534,0.6682031154632568,1.6630356311798096,0.6714433842752582,0.6676746546723639,0.6672793880721671
986,0.9420117139816284,0.6873242259025574,0.6647655963897705,1.6698358058929443,0.6681970114207697,0.664135204173378,0.6633262680967901
987,0.9439843893051147,0.6838170886039734,0.6628124713897705,1.680211067199707,0.6661357180747303,0.6619755962396217,0.6617115700769464
988,0.9432812333106995,0.6808960437774658,0.6671093702316284,1.656709909439087,0.6709924383653418,0.6665510836864807,0.6664813762543627
989,0.9450781345367432,0.6811626553535461,0.6683593988418579,1.670282244682312,0.6723896392008102,0.6676166476998974,0.6674380206593886
990,0.943066418170929,0.6872236132621765,0.6692968606948853,1.672462821006775,0.6731092436832381,0.6681221734957783,0.6682238418223698
991,0.943066418170929,0.6854436993598938,0.6664062738418579,1.6800743341445923,0.6695871869951133,0.6653413216004446,0.6651551916888276
992,0.9416601657867432,0.6924274563789368,0.6639062762260437,1.6740401983261108,0.6679450632475036,0.6631571003375448,0.6627309154866434
993,0.9421288967132568,0.6869451403617859,0.6622655987739563,1.685888648033142,0.6660177512045229,0.6613577904021052,0.6611949024236778
994,0.9421484470367432,0.6876158118247986,0.6680468916893005,1.6680247783660889,0.6726824928328925,0.6671415005003352,0.6669540380941825
995,0.9431250095367432,0.6855139136314392,0.6668750047683716,1.655849575996399,0.6695263579588384,0.6657399470874584,0.6655438307431869
996,0.9449414014816284,0.6814441084861755,0.663281261920929,1.6703269481658936,0.6670905365016144,0.6627673310838582,0.662626022893597
997,0.9449609518051147,0.6817536950111389,0.6686718463897705,1.6680330038070679,0.6715556043639247,0.6681706981683231,0.6675099594211517
998,0.9446874856948853,0.6812325119972229,0.6631249785423279,1.6891344785690308,0.6668242457922298,0.6620531728779732,0.6618546677508369
999,0.9434375166893005,0.6849583387374878,0.6626562476158142,1.684719204902649,0.6671094650154334,0.6618414620105345,0.6616316277016852
