epoch,accuracy,loss,val_accuracy,val_loss,val_precision,val_recall,val_f1
0,0.003828125074505806,11.145617485046387,0.0036718749906867743,10.58969497680664,0.005457147753324361,0.0036706076899198203,0.0033058491195744125
1,0.006269531324505806,10.728036880493164,0.005625000223517418,10.323341369628906,0.005798115675283495,0.005603668916311729,0.005363852349796012
2,0.008320312947034836,10.399871826171875,0.0064843748696148396,10.099821090698242,0.006922721918502411,0.006406831065684505,0.006344996224470189
3,0.011074218899011612,10.079391479492188,0.006562499795109034,9.888385772705078,0.006963004046052285,0.006488622002018183,0.006467992905681985
4,0.01376953162252903,9.779382705688477,0.0078125,9.677457809448242,0.007849364682045421,0.007705246794388405,0.007486087106622486
5,0.018203124403953552,9.502436637878418,0.009218749590218067,9.473060607910156,0.008730542491772148,0.009029771729085197,0.008612627856000466
6,0.023808592930436134,9.219741821289062,0.012187499552965164,9.267101287841797,0.01183122394145693,0.011959343911630534,0.011290449228079579
7,0.031191406771540642,8.928160667419434,0.015781249850988388,9.055479049682617,0.014797168360203033,0.015567353088219962,0.014657918165557737
8,0.04097656160593033,8.649222373962402,0.01835937425494194,8.827484130859375,0.017473505322097443,0.018059885253281772,0.016920891473202825
9,0.05439453199505806,8.350759506225586,0.027109375223517418,8.57541275024414,0.02542997984846799,0.02654388657555075,0.024601271939014843
10,0.07142578065395355,8.030440330505371,0.03765625134110451,8.295611381530762,0.03656785877359329,0.0371178806363576,0.03426702406998711
11,0.09550781548023224,7.6849870681762695,0.05156249925494194,7.979006290435791,0.04933165271700714,0.050560677450311585,0.04624158520563337
12,0.12015625089406967,7.329208850860596,0.0703125,7.6284871101379395,0.06669498309084905,0.06885044712215123,0.062449836748706834
13,0.15595702826976776,6.943121910095215,0.09070312231779099,7.267827987670898,0.08911847375697396,0.08899675972670346,0.08212494083663452
14,0.1948828101158142,6.571591854095459,0.11609374731779099,6.907675266265869,0.11829347165898729,0.11432765968279363,0.10836643482299202
15,0.23099608719348907,6.209284782409668,0.14742188155651093,6.551710605621338,0.1475537479435779,0.1449051740711734,0.13799128958737214
16,0.2739843726158142,5.860713958740234,0.18359375,6.211672306060791,0.18467867704186783,0.18088893513542975,0.1738065349962074
17,0.31865233182907104,5.524139404296875,0.21906250715255737,5.881948471069336,0.21738828416831496,0.21595472465093002,0.20809198452025102
18,0.36357420682907104,5.203453540802002,0.2589062452316284,5.563614368438721,0.25905051576080007,0.25542016507719945,0.24755680834946758
19,0.41158202290534973,4.893487930297852,0.3050000071525574,5.260687828063965,0.3019814784110695,0.301252013959757,0.293183533555298
20,0.45304688811302185,4.612107753753662,0.34914061427116394,4.969128608703613,0.35016672156592243,0.3455180558906193,0.3390775466480881
21,0.49898436665534973,4.338453769683838,0.3907812535762787,4.704677581787109,0.3905902823715959,0.386791436191584,0.3804909442841798
22,0.534375011920929,4.099335193634033,0.4332031309604645,4.457962512969971,0.4362930038133871,0.4298569346180521,0.42501633245242454
23,0.5684375166893005,3.876922845840454,0.46460938453674316,4.230300426483154,0.46868156255909166,0.4608933296178457,0.4567519301763095
24,0.599609375,3.671649217605591,0.4996093809604645,4.020045280456543,0.5032714492878168,0.49605111429288573,0.492498029477246
25,0.6334765553474426,3.4727466106414795,0.530078113079071,3.8281960487365723,0.5341279488377392,0.5266210465154774,0.5232609656209963
26,0.6590625047683716,3.302402973175049,0.5516406297683716,3.6523942947387695,0.5553025420533284,0.5490149693672686,0.5463874888729987
27,0.681835949420929,3.143198251724243,0.5768749713897705,3.490701913833618,0.5805754047823206,0.5740659671824327,0.572346934290971
28,0.7048633098602295,2.993626117706299,0.6006249785423279,3.343989372253418,0.605763828139828,0.5981181167985858,0.5968022562088848
29,0.723828136920929,2.8564467430114746,0.6207031011581421,3.201786994934082,0.6269672809314293,0.6184907883133302,0.6176803823009346
30,0.7408593893051147,2.7317678928375244,0.6378124952316284,3.0748512744903564,0.6429664184108689,0.6357275906722332,0.6351190669863986
31,0.7562304735183716,2.6120824813842773,0.6530468463897705,2.957409143447876,0.6588943121615625,0.6509780448186431,0.6505104653795601
32,0.7739062309265137,2.502751111984253,0.6600000262260437,2.847702980041504,0.6652582834529934,0.6580012634682078,0.6573838627937238
33,0.7858984470367432,2.397587537765503,0.6710156202316284,2.744661808013916,0.6762117464282622,0.6688316725643094,0.6684688889359458
34,0.7961719036102295,2.2974116802215576,0.6850000023841858,2.6426193714141846,0.6899035093474046,0.6830176291943352,0.6826578359758846
35,0.8092187643051147,2.2077250480651855,0.6964062452316284,2.5535786151885986,0.7012462626372378,0.6947443147531422,0.6943051693807978
36,0.8176562786102295,2.1272990703582764,0.7010937333106995,2.472245693206787,0.7058784179598195,0.6994415501962457,0.6991005676132862
37,0.8295702934265137,2.042329788208008,0.7093750238418579,2.3890373706817627,0.7132807143295932,0.7077837227538746,0.7074070009993365
38,0.8387695550918579,1.9659156799316406,0.7149999737739563,2.3143129348754883,0.7200226800987631,0.7135682057817867,0.7136474770978295
39,0.8460742235183716,1.8948297500610352,0.7209374904632568,2.2424392700195312,0.7253789139028629,0.719413302248453,0.7190491450161716
40,0.853222668170929,1.8263763189315796,0.7307031154632568,2.1712403297424316,0.734922584977159,0.7290415935593345,0.7288463460703865
41,0.8612304925918579,1.7607861757278442,0.7323437333106995,2.1076290607452393,0.7370502821782275,0.7308478317259179,0.7307844142285657
42,0.8638281226158142,1.7053422927856445,0.7421093583106995,2.044952154159546,0.7467762009073544,0.7404558857561195,0.7402896810757256
43,0.8705859184265137,1.6496789455413818,0.7464062571525574,1.981948733329773,0.7500994180206546,0.7452023357808262,0.7450231376034314
44,0.8778515458106995,1.592496633529663,0.7471093535423279,1.9328116178512573,0.7509297372796055,0.7459674438223808,0.7456926865339962
45,0.8823437690734863,1.5393474102020264,0.7464843988418579,1.8882265090942383,0.7502772589258478,0.7453528698244193,0.745288850856948
46,0.8828320503234863,1.4958633184432983,0.7598437666893005,1.8311097621917725,0.7645149502702755,0.7588340866572681,0.7587691271639699
47,0.8896093964576721,1.4462673664093018,0.7637500166893005,1.7848680019378662,0.7677247464144201,0.7628033224324604,0.7627815415676497
48,0.8922656178474426,1.4030674695968628,0.768359363079071,1.7348593473434448,0.7723622686481451,0.7671414836637205,0.7671108274086106
49,0.8936523199081421,1.3683711290359497,0.7704687714576721,1.696772813796997,0.7746133425936688,0.7693491133782696,0.7692858323373413
50,0.8975976705551147,1.3277751207351685,0.7747656106948853,1.6548848152160645,0.7788780460332919,0.7736880135806976,0.7737003568969686
51,0.8995116949081421,1.2921948432922363,0.7778124809265137,1.611618161201477,0.781951298475897,0.7767517349440323,0.7767249608579159
52,0.9027734398841858,1.2547740936279297,0.7838281393051147,1.5773087739944458,0.7872235686577891,0.7830118562842511,0.7827339251255485
53,0.9053124785423279,1.2221184968948364,0.7849218845367432,1.5446206331253052,0.7887768184026219,0.783813051976195,0.7838291117504141
54,0.9072070121765137,1.1895031929016113,0.7814062237739563,1.5198235511779785,0.7864012922712873,0.7804433632644796,0.7805395619007329
55,0.9103710651397705,1.159286379814148,0.7853906154632568,1.4856621026992798,0.7898834367695059,0.7840875486826658,0.7842691596649083
56,0.9109960794448853,1.128879427909851,0.7920312285423279,1.4560234546661377,0.7964934998305879,0.7908502326425204,0.7909739948153179
57,0.9154297113418579,1.099387526512146,0.7950780987739563,1.4209961891174316,0.7996549744152572,0.7942414075515563,0.7943345275659635
58,0.9150390625,1.0782666206359863,0.7970312237739563,1.3987027406692505,0.8002930558751479,0.7958969530966835,0.7960078266283179
59,0.9150390625,1.058163046836853,0.7942968606948853,1.3759143352508545,0.7983897916396419,0.7934623415639261,0.7935753411854466
60,0.9192968606948853,1.0292315483093262,0.7986719012260437,1.3414945602416992,0.8028530255640516,0.797794005351331,0.7978170462246692
61,0.9183984398841858,1.0096036195755005,0.7987499833106995,1.3258414268493652,0.8023173983901438,0.7977722650621916,0.7979333850900491
62,0.9166601300239563,0.9945393204689026,0.8059375286102295,1.3021225929260254,0.809683277119303,0.8046617381207539,0.8049252297005898
63,0.9193554520606995,0.9729183912277222,0.8003125190734863,1.2818002700805664,0.8035134329154308,0.7996686035119751,0.7997577687999279
64,0.9214062690734863,0.953966498374939,0.7989843487739563,1.2720526456832886,0.8034338069266794,0.7980588585701537,0.7981267645571455
65,0.9219726324081421,0.9366027116775513,0.8067187666893005,1.234386920928955,0.8096350863347194,0.8056721527398225,0.8056003171376511
66,0.9229882955551147,0.9178913235664368,0.8047656416893005,1.2207163572311401,0.8086591666459905,0.8038291352973281,0.803852328693128
67,0.9230273365974426,0.9039621949195862,0.8051562309265137,1.2073715925216675,0.8077906755398658,0.804352124357113,0.8042038452176115
68,0.9244726300239563,0.8858598470687866,0.814453125,1.1747113466262817,0.8177474912175264,0.8136218669948496,0.8136561502688175
69,0.9269921779632568,0.8688137531280518,0.8103125095367432,1.170415997505188,0.8140474717195878,0.8097801883699987,0.8098780848854379
70,0.9280468821525574,0.8539614677429199,0.8139843940734863,1.1561733484268188,0.818052083833342,0.8132630439125006,0.813479785067747
71,0.9282616972923279,0.8422299027442932,0.8100781440734863,1.1474460363388062,0.8141107350278662,0.809322658234931,0.8094331952600458
72,0.9280664324760437,0.8304426670074463,0.8169531226158142,1.1235302686691284,0.8206104635036118,0.8161780900872713,0.8163021513445806
73,0.9299414157867432,0.8160812854766846,0.817187488079071,1.1113572120666504,0.8206953778210149,0.8164253527707279,0.8166612871821757
74,0.9307422041893005,0.8033956289291382,0.8225781321525574,1.091498613357544,0.8262309069620214,0.8216028782324505,0.8217719060714663
75,0.9281640648841858,0.7960125207901001,0.8159375190734863,1.0906236171722412,0.819509779910149,0.8150748346417158,0.815106428293179
76,0.9307422041893005,0.7828646898269653,0.82421875,1.071309208869934,0.8277230470346996,0.8231638012298437,0.8232717008790459
77,0.9328906536102295,0.7693895101547241,0.8214062452316284,1.0635789632797241,0.8248690933439221,0.8205827902674305,0.8206468969427687
78,0.9336718916893005,0.7608124613761902,0.8223437666893005,1.0498372316360474,0.8260190773902361,0.8215974663102108,0.8217817126344754
79,0.9276562333106995,0.7608432769775391,0.8262500166893005,1.0418081283569336,0.8297808317193655,0.8254625176380606,0.8255175302308904
80,0.9330273270606995,0.7439000606536865,0.828906238079071,1.0200169086456299,0.8323544939964223,0.8281135319021413,0.8282607978711696
81,0.9329882860183716,0.735105574131012,0.8303906321525574,1.012075424194336,0.8333082479237484,0.8296977989464048,0.8298445730464328
82,0.9317773580551147,0.7306886315345764,0.8299999833106995,1.0145690441131592,0.8332725129594101,0.8292713791579704,0.829456857758355
83,0.9333789348602295,0.719960629940033,0.831250011920929,0.9971556067466736,0.8339452935757818,0.8304283611084451,0.8304296653721313
84,0.9334375262260437,0.7095797657966614,0.8327343463897705,0.9848676323890686,0.8355210148603993,0.8320928731797276,0.8321199015312609
85,0.9335351586341858,0.707506537437439,0.8319531083106995,0.9811949729919434,0.8350489473502583,0.831427697667028,0.8314628727466373
86,0.9316796660423279,0.7031890153884888,0.83203125,0.9729846119880676,0.8355454119675719,0.8313057841344174,0.8313519562964278
87,0.9341406226158142,0.6943697929382324,0.8318750262260437,0.9630119800567627,0.834791282397501,0.8310919580368626,0.8314646931665024
88,0.93505859375,0.6873724460601807,0.8375781178474426,0.9549712538719177,0.840937314119145,0.8364834109718982,0.8368215314043896
89,0.9354687333106995,0.6809027791023254,0.8365625143051147,0.9541527032852173,0.8400208049086588,0.8356941820974626,0.8360132331131016
90,0.9362890720367432,0.6749799251556396,0.8371875286102295,0.934062123298645,0.8402625999824059,0.8366311021851704,0.8366247570337847
91,0.9363086223602295,0.6669758558273315,0.8416406512260437,0.9303919076919556,0.8451779038701587,0.8409649794993432,0.8413990107683508
92,0.9392969012260437,0.6565219163894653,0.8349218964576721,0.9397274851799011,0.8376750593476658,0.8340790853115746,0.8342356744672111
93,0.9357226490974426,0.6588050127029419,0.8427343964576721,0.9200006723403931,0.8457777739411538,0.8419143771079175,0.8421937197982949
94,0.9365820288658142,0.6519150733947754,0.8399218916893005,0.9227224588394165,0.8430210206472472,0.8390625598164541,0.8393369269797966
95,0.9387304782867432,0.6443025469779968,0.8439062237739563,0.9051870107650757,0.8466325960548903,0.8430965067675078,0.8434467835014465
96,0.9394726753234863,0.6387217044830322,0.8418750166893005,0.9005789756774902,0.8453431891788821,0.8410152929911989,0.8411515668682447
97,0.9392383098602295,0.6324750781059265,0.8435156345367432,0.899854302406311,0.8466452254416885,0.8424173614995363,0.8427297063242822
98,0.9383203387260437,0.6339242458343506,0.8399218916893005,0.8947794437408447,0.8426830576300568,0.8392941743379339,0.8395416490055178
99,0.9391015768051147,0.626171350479126,0.8414843678474426,0.9016472697257996,0.844453677299793,0.8408663113903028,0.8408819052385623
100,0.9371093511581421,0.6254482865333557,0.8383593559265137,0.896090030670166,0.8413423174448005,0.8375107337053591,0.837715175591686
101,0.9380859136581421,0.6230126023292542,0.8482812643051147,0.87906813621521,0.8508843997852664,0.8473171221818745,0.8475565883034893
102,0.9376757740974426,0.6211355328559875,0.8447656035423279,0.8759598731994629,0.8479476123975132,0.8438198982896628,0.8441416840814558
103,0.9374609589576721,0.6172434091567993,0.8446875214576721,0.878520131111145,0.848167557026985,0.8438389999524776,0.8440882810780337
104,0.9393945336341858,0.6113073229789734,0.8451562523841858,0.8771815299987793,0.8481063628348536,0.8442737239544675,0.8445164257325348
105,0.9391406178474426,0.6088868975639343,0.8466406464576721,0.8633831143379211,0.8492158683991841,0.8458642793755465,0.8459626598488962
106,0.93701171875,0.6101620197296143,0.8483593463897705,0.8551872968673706,0.8507695124642747,0.8477887853770176,0.8478438860126011
107,0.9405859112739563,0.6016371250152588,0.8551562428474426,0.8474166989326477,0.8579334146357572,0.8545076315428041,0.8546826830156995
108,0.9434765577316284,0.5927398800849915,0.8489843606948853,0.8508933782577515,0.8516115806691624,0.8482733168754013,0.8483477164850962
109,0.9393554925918579,0.5963333249092102,0.848437488079071,0.8546335697174072,0.851009593455137,0.8477864073916477,0.8479147051365982
110,0.93994140625,0.593326210975647,0.8514062762260437,0.8469815254211426,0.8541401011582093,0.8505946010108316,0.8507604891840878
111,0.9409961104393005,0.5866153240203857,0.8531249761581421,0.8389871120452881,0.8556330109864358,0.8524293823772753,0.8526194525651358
112,0.9424609541893005,0.580212414264679,0.8538281321525574,0.8338208198547363,0.8564076009296349,0.8532821705299614,0.8534393736636718
113,0.9377734661102295,0.590370774269104,0.8530468940734863,0.83309006690979,0.8561447739686902,0.8524249710702803,0.852452250888272
114,0.9418554902076721,0.5795578360557556,0.8556249737739563,0.8311169147491455,0.8586691043013203,0.8549795216102605,0.8551449657891806
115,0.9416797161102295,0.577921450138092,0.8496875166893005,0.8354178667068481,0.8524511421889747,0.8488790102143651,0.8489838985767262
116,0.9418749809265137,0.5724606513977051,0.8536718487739563,0.8309675455093384,0.8566201018180244,0.8529240604949918,0.8530842925315397
117,0.9424804449081421,0.5731078386306763,0.8533594012260437,0.824576199054718,0.8560870309607489,0.8524968390337858,0.8527936139434471
118,0.9416601657867432,0.5740197896957397,0.8553125262260437,0.8197402358055115,0.8585146033922908,0.8544547566524847,0.8547646478012958
119,0.94384765625,0.5636489391326904,0.8572656512260437,0.8085077404975891,0.8602682752440478,0.8565557230033802,0.85678335738339
120,0.9443945288658142,0.5615179538726807,0.8571875095367432,0.8165068626403809,0.8606376893513852,0.8567450548917657,0.8570116038119275
121,0.9443554878234863,0.5590898990631104,0.8571875095367432,0.8161733150482178,0.8601572277828455,0.8565403649499427,0.8568430654637211
122,0.9424609541893005,0.5657097697257996,0.8568750023841858,0.8041626214981079,0.8591976214379942,0.8561919114369739,0.8563807418737359
123,0.9436718821525574,0.557113528251648,0.8623437285423279,0.7938602566719055,0.8648237605636495,0.8618099733156277,0.8618482654306103
124,0.9413281083106995,0.5613466501235962,0.8596093654632568,0.7984468936920166,0.86235704071002,0.8588490147861358,0.8591121542822464
125,0.9413476586341858,0.5615777969360352,0.858203113079071,0.8088172674179077,0.8609111095438827,0.8576005453141468,0.8576379569291774
126,0.9397851824760437,0.5636600255966187,0.8603125214576721,0.8005365133285522,0.8629406092381993,0.8596612163661725,0.8597897597525788
127,0.9437890648841858,0.5520942807197571,0.8636718988418579,0.7925755381584167,0.8658270228209536,0.863056293069821,0.8631482210546679
128,0.9421679973602295,0.5543082356452942,0.8588281273841858,0.7922288775444031,0.8621076814589822,0.858253759596249,0.8583804662381113
129,0.9427734613418579,0.5526289939880371,0.8571875095367432,0.8035932779312134,0.8598498209491964,0.8566870179515573,0.8567738799157502
130,0.9453320503234863,0.5465603470802307,0.8614062666893005,0.7880774140357971,0.8635984249863773,0.8607636467753951,0.8608806220113233
131,0.9453515410423279,0.546032726764679,0.8591406345367432,0.7869347929954529,0.8619223005458148,0.8585588477023001,0.8586001362443767
132,0.9441211223602295,0.5460806488990784,0.8629687428474426,0.7899066805839539,0.8655061662195932,0.8621470651161325,0.8623697760389823
133,0.9436132907867432,0.5470377206802368,0.8663281202316284,0.7777314186096191,0.8689700784270128,0.8657951301644118,0.8659658296402966
134,0.9424609541893005,0.5480875372886658,0.8657812476158142,0.7660472989082336,0.8686890813445323,0.8651017761629547,0.8652715603643231
135,0.9434570074081421,0.5441068410873413,0.8621875047683716,0.775471568107605,0.8646568421487612,0.8612590392250532,0.8614686866871819
136,0.9428320527076721,0.5422611832618713,0.8647656440734863,0.7727792263031006,0.8671775624526223,0.8639679552437167,0.8642979043146211
137,0.9441797137260437,0.5407688617706299,0.865234375,0.773093581199646,0.8678387389431268,0.8647179948327013,0.8648223710492404
138,0.9434375166893005,0.5420422554016113,0.8658593893051147,0.7695927619934082,0.8685740519008822,0.8651956923686925,0.8654256351988079
139,0.9459570050239563,0.5337677001953125,0.8665624856948853,0.7750816345214844,0.8691510016719813,0.8659021464581911,0.8660698684135504
140,0.9427343606948853,0.5395652651786804,0.861328125,0.784217894077301,0.8641822670637247,0.8608426145774997,0.8608570837421499
141,0.9468554854393005,0.5348721146583557,0.8618749976158142,0.7848045825958252,0.864781710530017,0.8613373144411283,0.8614886376408476
142,0.9443554878234863,0.5336921811103821,0.8638281226158142,0.776299238204956,0.8667744801044925,0.8630990640423248,0.8633848278612887
143,0.9477148652076721,0.5243394374847412,0.8682031035423279,0.7563021183013916,0.8706558633143343,0.8676953807510558,0.8679468321045793
144,0.9461914300918579,0.5304555296897888,0.8685156106948853,0.7597397565841675,0.8709455189983851,0.8680665230078928,0.8681548810084421
145,0.9474804401397705,0.5248603820800781,0.8692968487739563,0.7472513318061829,0.871705664915792,0.8685599938985175,0.868861611083551
146,0.9472265839576721,0.5264828205108643,0.8663281202316284,0.7621366381645203,0.8688182340961361,0.8658928492184776,0.8659472018901002
147,0.9449999928474426,0.5289426445960999,0.8707031011581421,0.753131091594696,0.8732738774246311,0.870132187385164,0.870327765697411
148,0.9454296827316284,0.5284857749938965,0.8696874976158142,0.7532739043235779,0.8724512481590725,0.8692226521177204,0.8694765925072002
149,0.9462890625,0.5262855291366577,0.869921863079071,0.7500367164611816,0.872960958170933,0.8689984385555443,0.8693174493048179
150,0.9452929496765137,0.5273363590240479,0.8692968487739563,0.7544509768486023,0.8719790388037783,0.8686488689018511,0.8688659332051406
151,0.9418163895606995,0.5342064499855042,0.866406261920929,0.7606256008148193,0.8686921455228616,0.8656134706954517,0.8656761593590978
152,0.9443163871765137,0.5294807553291321,0.8728125095367432,0.7451686859130859,0.8759814714802925,0.8720819198359796,0.8724816344350617
153,0.9460742473602295,0.5245444178581238,0.8682031035423279,0.748538613319397,0.8707933338601216,0.8675382878089575,0.8676401259714026
154,0.9467968940734863,0.5221641063690186,0.875,0.7401994466781616,0.8770554208760568,0.8745672660263903,0.8746651256874541
155,0.9459179639816284,0.5223954916000366,0.8710156083106995,0.7572547793388367,0.8732079555717753,0.8704734919585723,0.870621816291873
156,0.9460155963897705,0.5221592783927917,0.8734375238418579,0.7490384578704834,0.8757769482131199,0.8728423079865714,0.8730210757359808
157,0.9441211223602295,0.5290169715881348,0.8739062547683716,0.7396812438964844,0.8764304676464862,0.8732608627350792,0.8735729347864056
158,0.9474413990974426,0.5194846987724304,0.8752343654632568,0.7341981530189514,0.8772844384714237,0.8747758486562983,0.8748417214984129
159,0.9493359327316284,0.5129982233047485,0.8756250143051147,0.7402234077453613,0.8780835072736839,0.8750601159449714,0.8753033613369535
160,0.9482226371765137,0.51887047290802,0.8771874904632568,0.7265414595603943,0.8794753122508836,0.8766744602918245,0.8768858401321561
161,0.948535144329071,0.5126846432685852,0.8715624809265137,0.7496125102043152,0.8745263446694749,0.8709211027150343,0.8711022387121391
162,0.9467187523841858,0.5162781476974487,0.8791406154632568,0.7252720594406128,0.8813609666527424,0.8785890376534069,0.878637151796914
163,0.9465038776397705,0.5185422301292419,0.8765624761581421,0.731994092464447,0.878891286009811,0.8756229676140801,0.8758922769194772
164,0.9476367235183716,0.5152577757835388,0.8797656297683716,0.7253060340881348,0.8822973348296244,0.8792379539916473,0.879316753207353
165,0.9462890625,0.5169087052345276,0.8751562237739563,0.7389329671859741,0.8780498089383137,0.874425685969309,0.874582119015002
166,0.9469921588897705,0.5140119791030884,0.8775781393051147,0.7312203049659729,0.8798388490237188,0.8769923742570682,0.8772299074450517
167,0.9461523294448853,0.5150530338287354,0.8821094036102295,0.7250456213951111,0.8842362295050928,0.8817641422444878,0.8818724648165988
168,0.9437695145606995,0.5260416269302368,0.8720312714576721,0.7397318482398987,0.8744876976967536,0.8711845987463978,0.8714346256431602
169,0.94677734375,0.5149402618408203,0.8799999952316284,0.7186518907546997,0.882339474804366,0.8793075836209107,0.879615912953194
170,0.945507824420929,0.5178491473197937,0.8742969036102295,0.7278821468353271,0.8769085799126298,0.8740014180097029,0.873927016729267
171,0.9472265839576721,0.513721227645874,0.8791406154632568,0.7309749722480774,0.8815913000823841,0.878600490574533,0.8787449483219176
172,0.9475195407867432,0.5130000114440918,0.8799218535423279,0.7259780764579773,0.8827394343674214,0.8792731057881567,0.8794024644567403
173,0.9475976824760437,0.5116409063339233,0.8785156011581421,0.7251238226890564,0.8810792010739406,0.8777598550103309,0.877952069072973
174,0.9480664134025574,0.5084714293479919,0.8723437786102295,0.7383008003234863,0.875053847671337,0.8713491892161122,0.8716527017200826
175,0.9464257955551147,0.5134813189506531,0.8790624737739563,0.7285929918289185,0.8815095925674841,0.8786128934427728,0.8786612897842787
176,0.9484570026397705,0.5086758136749268,0.8850781321525574,0.7150949239730835,0.8873240041697263,0.8844714957362629,0.8846169964353726
177,0.9449414014816284,0.5157729983329773,0.8823437690734863,0.7112687826156616,0.8849647947165651,0.8816467872714313,0.8819519649282048
178,0.9471288919448853,0.5119110941886902,0.8830468654632568,0.71909499168396,0.8854926814645594,0.8824748018631995,0.8825966190693508
179,0.9483203291893005,0.5092720985412598,0.8791406154632568,0.7174744606018066,0.8819821835941724,0.8785100116879468,0.878728485615722
180,0.9489843845367432,0.506051242351532,0.8825781345367432,0.7135995626449585,0.8851707376475051,0.8820996924519722,0.8822269413995911
181,0.9507031440734863,0.5012093186378479,0.8835155963897705,0.710610032081604,0.8859425696149424,0.8829469172100533,0.8831607073142664
182,0.9500781297683716,0.5018424391746521,0.8821874856948853,0.7137661576271057,0.8846292304319044,0.8816847100516059,0.8819093389953632
183,0.948046863079071,0.5066672563552856,0.8834375143051147,0.7140848636627197,0.8855302821830634,0.8830493238790758,0.883195359085268
184,0.9486523270606995,0.5070083141326904,0.8841406106948853,0.7080577611923218,0.8867575943085287,0.8834463967919726,0.8837449347051316
185,0.94775390625,0.505906343460083,0.8814062476158142,0.7185621857643127,0.8841567557648972,0.8808323764168522,0.8810894637844894
186,0.950488269329071,0.5007478594779968,0.8811718821525574,0.7110751867294312,0.8843829253550957,0.8807956227712059,0.8809049608065334
187,0.9497265815734863,0.5032593011856079,0.8819531202316284,0.7186365723609924,0.8841759918744853,0.8813404647822688,0.8814788021032872
188,0.9488476514816284,0.5033037662506104,0.8842187523841858,0.7067868113517761,0.8869999065845038,0.8834138013203263,0.8837281469190541
189,0.9496484398841858,0.4996944069862366,0.8858593702316284,0.7110262513160706,0.8885971471157185,0.8852341371948675,0.8855386439341417
190,0.9496484398841858,0.5013571381568909,0.8841406106948853,0.7090907096862793,0.8865352514856563,0.8835818941532472,0.8837778362029524
191,0.9483398199081421,0.5025492310523987,0.8853906393051147,0.7096292972564697,0.8880977128102889,0.8847741126379424,0.8850280959380361
192,0.948046863079071,0.5041770339012146,0.8841406106948853,0.7085464596748352,0.886564758048929,0.883471458377588,0.8837654365831121
193,0.9492773413658142,0.5025749206542969,0.8857812285423279,0.7004539370536804,0.8881837404929587,0.8851396311919967,0.885340598614111
194,0.9498437643051147,0.501524031162262,0.885937511920929,0.7008277177810669,0.8879171792367876,0.885514688039817,0.8856764045409289
195,0.9475781321525574,0.5044113397598267,0.8902343511581421,0.6999326348304749,0.892103095734068,0.889922522777433,0.889933034298281
196,0.9474023580551147,0.5046485662460327,0.8861718773841858,0.7018492221832275,0.8886984411231659,0.885481848807518,0.8857729235609553
197,0.9499218463897705,0.5005573034286499,0.883984386920929,0.711378276348114,0.8861379991494149,0.8831870930897904,0.8834300439403835
198,0.9496874809265137,0.4995686709880829,0.8872656226158142,0.7034868001937866,0.8896153759260044,0.8864504767804962,0.8867803597196042
199,0.9483789205551147,0.502423882484436,0.884765625,0.7132624983787537,0.8877500290465704,0.8840599967690053,0.8841836036184505
200,0.9498242139816284,0.5001021027565002,0.8885156512260437,0.7022879719734192,0.8912018055442137,0.8878023636613968,0.8881238690934743
201,0.9497460722923279,0.4992460012435913,0.8844531178474426,0.707558274269104,0.8866981646118148,0.8835491600880504,0.8838263666494732
202,0.9511914253234863,0.4966965615749359,0.8879687786102295,0.698927640914917,0.8902649039796265,0.8875190266869419,0.8876924630907099
203,0.9500976800918579,0.4981274902820587,0.8846094012260437,0.7077072858810425,0.8870036737431977,0.8840309758512894,0.8841979455372846
204,0.9494335651397705,0.49877816438674927,0.8873437643051147,0.6966804265975952,0.8901024482881927,0.8864248828979635,0.8868470027519237
205,0.9509570598602295,0.49544811248779297,0.885937511920929,0.7056781053543091,0.8876966040478289,0.8852717833533509,0.8854458438278621
206,0.9507617354393005,0.4934617877006531,0.8879687786102295,0.6989340782165527,0.8901689598024836,0.8873354059739998,0.8874903859152615
207,0.9500585794448853,0.49564728140830994,0.8837500214576721,0.701348066329956,0.885849113746178,0.8832351913306253,0.8833427121216658
208,0.9500195384025574,0.49581795930862427,0.8880468606948853,0.6979189515113831,0.8904049117302001,0.8875376155278283,0.887682020851739
209,0.9503515362739563,0.4944746494293213,0.8904687762260437,0.6872198581695557,0.8925838248969588,0.8899881935149833,0.8900317588931781
210,0.9502734541893005,0.4958414137363434,0.8899219036102295,0.6976532936096191,0.8923577274922667,0.8894787918007014,0.8896453049425106
211,0.9518945217132568,0.490044504404068,0.8882812261581421,0.6943830251693726,0.8901194444745057,0.8878244883540467,0.8879439013452375
212,0.9505664110183716,0.49310755729675293,0.8919531106948853,0.6892518401145935,0.894500610359022,0.8914857015214857,0.8916189520006021
213,0.9522070288658142,0.4912024438381195,0.8873437643051147,0.7039509415626526,0.8894993602196779,0.8869034207085721,0.8870171134652385
214,0.9487890601158142,0.4999024569988251,0.8910156488418579,0.6913783550262451,0.8940002846465922,0.8905409391964556,0.8907938139356172
215,0.9483007788658142,0.49965953826904297,0.8913280963897705,0.6937866806983948,0.8935961840528249,0.8910099152753266,0.8911075308914761
216,0.9488866925239563,0.4989317059516907,0.8874218463897705,0.7007977962493896,0.8895391985342171,0.8870403860476354,0.8870764140236598
217,0.949023425579071,0.49935591220855713,0.8900781273841858,0.6857219934463501,0.8924994010283441,0.8895354796246131,0.8897610087691163
218,0.9500976800918579,0.49699118733406067,0.889453113079071,0.6872681379318237,0.8919761789480483,0.8889961319404879,0.8892224810718543
219,0.949511706829071,0.4982250928878784,0.8964062333106995,0.6759262084960938,0.8983598763369361,0.8958215245891434,0.896000493152859
220,0.951171875,0.4954606890678406,0.893750011920929,0.6811585426330566,0.8958831705405079,0.8932107258902952,0.8933633981233932
221,0.9494531154632568,0.4973713755607605,0.8970312476158142,0.67830491065979,0.8994851863286533,0.8966135468804588,0.8967890301944745
222,0.9496484398841858,0.49729710817337036,0.892578125,0.6913665533065796,0.8946079403432976,0.8919557668797155,0.8920960036370897
223,0.9514257907867432,0.4935300350189209,0.8892187476158142,0.6930177807807922,0.8912342207400274,0.8888295804112969,0.8888595848445133
224,0.9490820169448853,0.4966326951980591,0.8939843773841858,0.683960497379303,0.8960251489838426,0.8933316377231939,0.8936307050897678
225,0.9509375095367432,0.49439865350723267,0.8902343511581421,0.692628800868988,0.8923241039435497,0.889604312967742,0.8898368695267018
226,0.9519922137260437,0.49049368500709534,0.8910156488418579,0.6928514838218689,0.8933227775744965,0.8903069497588909,0.890557913676479
227,0.9512500166893005,0.4939146935939789,0.891406238079071,0.6902253031730652,0.8933282325143492,0.8909198528618051,0.8909869444178894
228,0.9517577886581421,0.4892573654651642,0.8907812237739563,0.6856694221496582,0.893336163337984,0.8899768233137879,0.8902888066909953
229,0.9518359303474426,0.48948532342910767,0.8942968845367432,0.6825476884841919,0.8968741186337954,0.8935710710304314,0.8938422217499673
230,0.952832043170929,0.4861948490142822,0.8900781273841858,0.6805027723312378,0.8918266521497724,0.8894372652177007,0.8896771217161548
231,0.9537109136581421,0.4837842881679535,0.8914843797683716,0.6843744516372681,0.8934801036223772,0.8910168353001765,0.8910999194689435
232,0.9547656178474426,0.48309439420700073,0.8960937261581421,0.6767210960388184,0.8982018903974159,0.8958160801597782,0.895999465868081
233,0.9544336199760437,0.48013362288475037,0.8949999809265137,0.677537739276886,0.8971018538518749,0.8945208504900717,0.8946154379624951
234,0.9518749713897705,0.48751479387283325,0.8974218964576721,0.6839105486869812,0.899440008444739,0.8969198672149782,0.897043134514566
235,0.9491797089576721,0.49246785044670105,0.8967187404632568,0.6774346828460693,0.8984015775496357,0.8961576226218557,0.8962106329858234
236,0.9505859613418579,0.492835134267807,0.8953906297683716,0.6776277422904968,0.8975963888672001,0.8949649426697084,0.8950365425856124
237,0.9493945240974426,0.4934549331665039,0.8983593583106995,0.6681799292564392,0.9002183748194499,0.8978619980564263,0.8979454863280057
238,0.952441394329071,0.4880357086658478,0.8961718678474426,0.673231303691864,0.8982839009985655,0.8956161129859456,0.8957159480939078
239,0.952441394329071,0.4884425699710846,0.8935937285423279,0.6821817755699158,0.8955307799545231,0.8929896303941507,0.8932356261658732
240,0.9509961009025574,0.488869309425354,0.8941406011581421,0.6776310205459595,0.8964468468539994,0.893558650892797,0.8937564871059598
241,0.9510546922683716,0.4882236123085022,0.8989062309265137,0.6662539839744568,0.9011982603508097,0.8982810164775613,0.8985804458323894
242,0.9502343535423279,0.49114754796028137,0.9000781178474426,0.671854555606842,0.9015536914295117,0.8996318360382775,0.8996306080503382
243,0.9528124928474426,0.4883240759372711,0.8961718678474426,0.6790885925292969,0.8982717039338047,0.895765285491783,0.8958768736384495
244,0.9507421851158142,0.4908977746963501,0.8938281536102295,0.6807613968849182,0.89583235255721,0.893274907977052,0.8934770938490957
245,0.9521093964576721,0.4877021312713623,0.8962500095367432,0.6847514510154724,0.8979435588738119,0.8956453909113222,0.8958150255081861
246,0.9530664086341858,0.4857524633407593,0.8998437523841858,0.6724660396575928,0.9019745712878178,0.8993127684541262,0.8995490535321521
247,0.9531445503234863,0.4835854768753052,0.9021093845367432,0.6630828380584717,0.9043309160748342,0.9016558272295556,0.9018915477950951
248,0.9517968893051147,0.4869662821292877,0.897656261920929,0.6691054701805115,0.900109386411843,0.8972416676555087,0.8974092104845393
249,0.9517382979393005,0.4856906831264496,0.9032812714576721,0.6613733172416687,0.9052931131398143,0.9028591326218963,0.9029389122984982
250,0.9526562690734863,0.4847310781478882,0.8974999785423279,0.6636224985122681,0.8992387940103723,0.8970206049891369,0.897232696186166
251,0.9527539014816284,0.4839600622653961,0.896484375,0.6629302501678467,0.8987210753463835,0.8958978102123012,0.8960663914079066
252,0.9533007740974426,0.4831235408782959,0.90234375,0.6535637378692627,0.9048951888735057,0.9018522634412226,0.9021330505270324
253,0.9506250023841858,0.487804114818573,0.8960937261581421,0.675414502620697,0.8982687992174142,0.8957613445017316,0.8957451057938601
254,0.9513280987739563,0.48850199580192566,0.8932031393051147,0.6841732859611511,0.8955095317719943,0.8926253584625682,0.8928265737519145
255,0.9507226347923279,0.48596519231796265,0.8950781226158142,0.6712421178817749,0.8966853163848911,0.8943957507572948,0.8945111900194136
256,0.9505078196525574,0.4900743067264557,0.901562511920929,0.6553846001625061,0.9039924600853466,0.901032778473936,0.9011665399241979
257,0.9523046612739563,0.4869981110095978,0.9032812714576721,0.6526877880096436,0.9050878924502586,0.9028364949511698,0.9029151758066467
258,0.9521679878234863,0.4862340986728668,0.9004687666893005,0.6567018032073975,0.902638257901251,0.9001889759786841,0.9002736461626442
259,0.9531640410423279,0.4858097434043884,0.8954687714576721,0.6746678352355957,0.89812438287373,0.8949381651988029,0.895151665597748
260,0.9516406059265137,0.48779067397117615,0.8973437547683716,0.6683223247528076,0.8997989910101813,0.8969771513705225,0.8970526684016751
261,0.9524219036102295,0.48398900032043457,0.897656261920929,0.6687224507331848,0.9007461449550151,0.8971352075163506,0.8972055306769114
262,0.9503124952316284,0.4909561574459076,0.9066406488418579,0.6424585580825806,0.9086138971965819,0.9062011615507064,0.9063584431649948
263,0.9546874761581421,0.4800231158733368,0.9016406536102295,0.6582052111625671,0.9037116495946711,0.9011631635161924,0.9012840031134428
264,0.9521093964576721,0.4849018454551697,0.899218738079071,0.6616594791412354,0.901115729600428,0.8985799642019066,0.8987215228808858
265,0.9515625238418579,0.4865633249282837,0.9028124809265137,0.657054603099823,0.905274723936013,0.902455273844315,0.9026087979259786
266,0.9510156512260437,0.4869743585586548,0.8973437547683716,0.6662049293518066,0.8992333269574211,0.8967286065120919,0.8969580699909696
267,0.94970703125,0.4889339804649353,0.9027343988418579,0.662181556224823,0.9051057436928232,0.902170285276532,0.9025315256859846
268,0.9485742449760437,0.495005339384079,0.8974218964576721,0.6696091294288635,0.8993377018052169,0.8968975906487409,0.8970849366026374
269,0.9508203268051147,0.4865149259567261,0.897656261920929,0.6695530414581299,0.8998190973558774,0.8971164699141388,0.897257369801385
270,0.9539453387260437,0.48501551151275635,0.9064062237739563,0.6540043354034424,0.9078843964619575,0.9059507830326162,0.9060189863753322
271,0.9523828029632568,0.4859580993652344,0.9068750143051147,0.6416339874267578,0.9085077264929995,0.9064789834535407,0.9066135845940473
272,0.9545508027076721,0.48045727610588074,0.9049218893051147,0.6462137699127197,0.9071497493676424,0.9044606151036435,0.9047320149765745
273,0.9560546875,0.47496891021728516,0.903124988079071,0.6459777355194092,0.9052880385031961,0.9028138403822008,0.903040937874181
274,0.9527148604393005,0.4815221130847931,0.9030468463897705,0.6517231464385986,0.9053619948144481,0.9026829406926644,0.9027266811312168
275,0.9538867473602295,0.48031100630760193,0.9072656035423279,0.6426100134849548,0.9094223827168332,0.9066198532512036,0.9068326894457017
276,0.9544336199760437,0.4751701056957245,0.9026562571525574,0.6472485065460205,0.9049323532036648,0.9020485330460327,0.9022996212186699
277,0.9516797065734863,0.4854322373867035,0.9019531011581421,0.6517563462257385,0.9041095921617399,0.9013865842275699,0.9015727576692565
278,0.9509570598602295,0.48718443512916565,0.9012500047683716,0.6595406532287598,0.9033747930550687,0.9008237671159726,0.9009198724060559
279,0.9513280987739563,0.48841503262519836,0.8988281488418579,0.660473644733429,0.9007736951205885,0.898294039936373,0.8984809927140548
280,0.9530859589576721,0.48459652066230774,0.9021093845367432,0.6560767889022827,0.9038117894620206,0.9014253208708105,0.901608258775255
281,0.9534375071525574,0.47926148772239685,0.9042187333106995,0.641808032989502,0.9061901176216305,0.9037427948433279,0.9038502002323516
282,0.9528515338897705,0.4847785532474518,0.901562511920929,0.6584521532058716,0.9038435549832058,0.9008998872151424,0.90117400593889
283,0.9536914229393005,0.4837796688079834,0.8982031345367432,0.6683772802352905,0.9002166135901671,0.8977748711382114,0.8979495118171492
284,0.9530078172683716,0.4791255295276642,0.9024218916893005,0.6519345045089722,0.9045671478166255,0.9022053349873829,0.9021922902413095
285,0.9517187476158142,0.48316195607185364,0.9049218893051147,0.6517693996429443,0.9067958007784066,0.9046491015504914,0.9047570318481566
286,0.9537890553474426,0.4788537919521332,0.9071875214576721,0.6418727040290833,0.9094400208814948,0.9066412963150008,0.9069015255487651
287,0.953906238079071,0.47710680961608887,0.9071093797683716,0.6400878429412842,0.9092258406955087,0.9067204352230804,0.9069793073913753
288,0.9531054496765137,0.48054736852645874,0.9022656083106995,0.6618396043777466,0.9041787927109504,0.9017728919423582,0.9018935664761683
289,0.9520117044448853,0.4868801236152649,0.9021093845367432,0.659206748008728,0.9043227282366132,0.9015690251003388,0.9017849260232091
290,0.95263671875,0.4806710481643677,0.9025781154632568,0.6484862565994263,0.9044441746825058,0.902168395566911,0.9023378160352054
291,0.953125,0.4809199571609497,0.9061718583106995,0.6457321047782898,0.908436794090264,0.9059198691354526,0.9060416509770179
292,0.9522460699081421,0.4838108718395233,0.9017968773841858,0.657737135887146,0.9036602736356116,0.9012125785163243,0.901437916139625
293,0.9551757574081421,0.4768437445163727,0.9073437452316284,0.63899827003479,0.9094083373532458,0.9069185436461131,0.9070983296784221
294,0.9556835889816284,0.47514835000038147,0.90234375,0.6485515832901001,0.9045146121962893,0.9020404962707615,0.9021364534140252
295,0.9540429711341858,0.47685080766677856,0.907031238079071,0.6407912373542786,0.9088175185060696,0.9065477911031092,0.906749457852968
296,0.9536914229393005,0.4782876670360565,0.9068750143051147,0.6405165791511536,0.9087799990336255,0.9063945622563896,0.9065969650209026
297,0.951953113079071,0.4819510579109192,0.9045312404632568,0.6412312388420105,0.9066662302933193,0.9040106445517535,0.90424106044369
298,0.9529492259025574,0.4794878661632538,0.9021093845367432,0.6551021337509155,0.9048554742173581,0.9016930625879762,0.9019541740049584
299,0.9538671970367432,0.4739818871021271,0.9088281393051147,0.6388886570930481,0.9111073361379838,0.9084453932239656,0.9084440291906
300,0.9553124904632568,0.4738985002040863,0.9103906154632568,0.6317169666290283,0.912426372209435,0.9098097935498538,0.9099810542105959
301,0.9537695050239563,0.47591084241867065,0.9078906178474426,0.6455243825912476,0.910026195853525,0.9075978894667363,0.9077134195903789
302,0.9535351395606995,0.47743186354637146,0.9078906178474426,0.6375964879989624,0.9099831928930555,0.9075480240199523,0.9076859400376731
303,0.9545702934265137,0.47587308287620544,0.908984363079071,0.6347413063049316,0.9107817578269359,0.9085725099905028,0.9088158548829386
304,0.955078125,0.47423243522644043,0.9052343964576721,0.6364395022392273,0.9070235845626579,0.9047052305573566,0.9049265765800244
305,0.954882800579071,0.4747142791748047,0.9112499952316284,0.6295697689056396,0.9134159155958934,0.9107312249431541,0.9110362812759119
306,0.9530078172683716,0.48002299666404724,0.9079687595367432,0.636436939239502,0.9096573811491842,0.9076737627963363,0.9077356273803125
307,0.9551953077316284,0.47199496626853943,0.9057812690734863,0.6402965784072876,0.9080375717385145,0.9054375436140496,0.9055772959422363
308,0.9528515338897705,0.4787715673446655,0.9075000286102295,0.6379033923149109,0.909389607765998,0.9071195980304679,0.9072081379304197
309,0.9553320407867432,0.4712645411491394,0.9067187309265137,0.6329560875892639,0.9084542333862603,0.906255046837279,0.9063505027044996
310,0.956738293170929,0.46715059876441956,0.9105468988418579,0.631344199180603,0.9122587314414247,0.9100127655636084,0.9102098619528773
311,0.9546288847923279,0.47511836886405945,0.904296875,0.6353231072425842,0.9060801719926267,0.9037751852520678,0.9039055504956606
312,0.9512500166893005,0.48103511333465576,0.9085156321525574,0.6436231136322021,0.9099686232241158,0.9080138952064266,0.9081201366199025
313,0.9539453387260437,0.47818195819854736,0.90625,0.6385997533798218,0.9078827544800168,0.9055269209039192,0.9056792749631107
314,0.9535937309265137,0.47660577297210693,0.9077343940734863,0.644773542881012,0.9095057666504593,0.907407341551412,0.9075488560802797
315,0.9535937309265137,0.47581470012664795,0.9124218821525574,0.6281231045722961,0.9139150733173729,0.9118739446270767,0.9119744064464836
316,0.9533398151397705,0.4748877286911011,0.9131249785423279,0.6314525604248047,0.914727062661328,0.9128674471885045,0.9129250999812918
317,0.953808605670929,0.4756273329257965,0.9092187285423279,0.6316115856170654,0.9109084519310198,0.90909291659134,0.9090312079033873
318,0.9554296731948853,0.4702831506729126,0.9075781106948853,0.6380820274353027,0.9093468631261099,0.9070695598448031,0.907226766292482
319,0.9548046588897705,0.4741339385509491,0.9081249833106995,0.6336814761161804,0.910271266008704,0.9077584646184993,0.9079972766813365
320,0.9533593654632568,0.4739910960197449,0.910937488079071,0.6334539651870728,0.9127891519097573,0.9104206734637685,0.9105772274814876
321,0.9541211128234863,0.47631552815437317,0.9087499976158142,0.6316898465156555,0.9106168965150192,0.9083850435316706,0.9085367873777064
322,0.954882800579071,0.4723249077796936,0.908203125,0.6368683576583862,0.9104625231898951,0.9076823138130132,0.9079663474203541
323,0.9538280963897705,0.4772190451622009,0.9075781106948853,0.6326688528060913,0.9097115812238215,0.9072748404052404,0.9074456752141337
324,0.9550195336341858,0.47366827726364136,0.9087499976158142,0.6476426720619202,0.9106066613523404,0.9082949202779238,0.9084869011534451
325,0.9548242092132568,0.4730595052242279,0.9083593487739563,0.6391817331314087,0.9102083701845335,0.9079720756254415,0.9080468479968213
326,0.9547070264816284,0.47035539150238037,0.9104687571525574,0.6326768398284912,0.9120322666226928,0.910020123369023,0.9101819295877649
327,0.9562109112739563,0.46961739659309387,0.9094531536102295,0.6337370276451111,0.9110953281964356,0.9090647621227095,0.9093169810441248
328,0.9546484351158142,0.47072547674179077,0.9104687571525574,0.6403170824050903,0.9120520393123668,0.9098950972541122,0.9101344043336728
329,0.9552343487739563,0.4705018103122711,0.9107812643051147,0.6331738233566284,0.9129230375583239,0.9102534798764252,0.9105577399587066
330,0.9522460699081421,0.47793853282928467,0.9108593463897705,0.6280902624130249,0.9129408243271403,0.9103879894588596,0.9106327624206338
331,0.9530273675918579,0.476965993642807,0.9107812643051147,0.6308809518814087,0.9128008463470851,0.9102185533690794,0.9104660942812874
332,0.9561718702316284,0.46963292360305786,0.9107031226158142,0.6284463405609131,0.9129725052017696,0.9100545393972451,0.9104674185859554
333,0.9536914229393005,0.47536006569862366,0.9105468988418579,0.6250834465026855,0.9124500554354319,0.9100374756378338,0.9101691129563666
334,0.952832043170929,0.4790288507938385,0.9104687571525574,0.6299380660057068,0.9123729969449667,0.9100469508484947,0.9102371518679722
335,0.9540625214576721,0.47565653920173645,0.9098437428474426,0.6267262101173401,0.9118886264850354,0.9093747103995435,0.9096421820210668
336,0.9554296731948853,0.4697911739349365,0.9092187285423279,0.6340991854667664,0.9110722316499344,0.9085405093764128,0.9087618868133669
337,0.9530859589576721,0.4785369038581848,0.9085156321525574,0.6357371807098389,0.9107563166403985,0.9079270457570837,0.9082166965366587
338,0.9532421827316284,0.4771330654621124,0.9097656011581421,0.6402789950370789,0.9117091817757703,0.9093398780848639,0.9094529491211852
339,0.9533984661102295,0.4778290092945099,0.9090625047683716,0.6438876390457153,0.9110134965314227,0.9085108574454295,0.9087387584393529
340,0.9537695050239563,0.47688665986061096,0.9100781083106995,0.634096622467041,0.9118209252563723,0.9094651973618468,0.9096877558161276
341,0.9559375047683716,0.47145095467567444,0.9064062237739563,0.6417344808578491,0.9083868550115459,0.905749200798398,0.9059760826085063
342,0.956738293170929,0.46910804510116577,0.908984363079071,0.6413585543632507,0.9107474672947489,0.9083938565551891,0.9085864925882453
343,0.9553124904632568,0.47078120708465576,0.9069530963897705,0.6402762532234192,0.9089785723256716,0.9063799149368511,0.90661335525724
344,0.9557812213897705,0.46942999958992004,0.9099218845367432,0.6335765719413757,0.9119691472432525,0.9093821836021797,0.9096066691336735
345,0.9558007717132568,0.4689253270626068,0.9107031226158142,0.6267945170402527,0.9131994035259834,0.9101930078926026,0.9105008157228383
346,0.9546874761581421,0.47238850593566895,0.9091406464576721,0.6415135860443115,0.9113629635485614,0.9085207885814086,0.9088248330401145
347,0.9546484351158142,0.47167882323265076,0.9105468988418579,0.6277044415473938,0.9126698833586313,0.9099955466723273,0.9102450257554245
348,0.9555468559265137,0.471267968416214,0.9078906178474426,0.636002242565155,0.9093427229896573,0.907190624586681,0.9073031972648876
349,0.9547070264816284,0.47360336780548096,0.9083593487739563,0.6428272724151611,0.9105283884422883,0.907695584858105,0.9081265997035733
350,0.9566211104393005,0.46654996275901794,0.9135937690734863,0.626003086566925,0.9153838730843933,0.9131542180301786,0.9133988603046892
351,0.9552929401397705,0.4691193699836731,0.9110156297683716,0.621749222278595,0.912993275915275,0.9104159433629996,0.9106150374098673
352,0.9570508003234863,0.4647713601589203,0.9129687547683716,0.6266247630119324,0.9145910985520942,0.9126069172655125,0.9126761177160853
353,0.9552929401397705,0.4680919945240021,0.9086718559265137,0.6294658780097961,0.9102944969388445,0.9083455410632675,0.9083165461709672
354,0.9562695026397705,0.4674019515514374,0.9146875143051147,0.6186636090278625,0.9164353432640528,0.9142762172518388,0.9144013803677337
355,0.9561328291893005,0.4684849977493286,0.9112499952316284,0.6286561489105225,0.9131583629118349,0.910920702905567,0.9111100509902523
356,0.9552148580551147,0.4692455232143402,0.91015625,0.6284552216529846,0.911692805177174,0.9096076917413299,0.9097725956752452
357,0.955273449420929,0.46644046902656555,0.9139062762260437,0.6143686175346375,0.9154293344006789,0.9136646082176336,0.9137033104880258
358,0.9540429711341858,0.4717005789279938,0.9107031226158142,0.6243801116943359,0.9119553099353235,0.9104051305357487,0.9104027848075309
359,0.9534960985183716,0.47537070512771606,0.9153125286102295,0.6196545958518982,0.9171651209612186,0.9149367210719648,0.915133387420478
360,0.9533007740974426,0.47467270493507385,0.9084374904632568,0.643481969833374,0.9106485066644555,0.9081800555235827,0.9083177170373473
361,0.9543750286102295,0.4741993248462677,0.9141406416893005,0.6205794215202332,0.9157989063883802,0.9138049294718692,0.9140113909149539
362,0.9566015601158142,0.4680677652359009,0.9118750095367432,0.6335555911064148,0.9139376160832391,0.9114452381548126,0.9116762024236604
363,0.9558984637260437,0.4705127477645874,0.9137499928474426,0.6295052170753479,0.9160704705205522,0.913264279603855,0.9135084991656676
364,0.9546288847923279,0.4715327024459839,0.9099218845367432,0.6261347532272339,0.9115784189269338,0.9093674586731557,0.9095328383464687
365,0.9552343487739563,0.4681178331375122,0.9145312309265137,0.6253944635391235,0.9165044519732481,0.9140236104355487,0.9142831570364631
366,0.954882800579071,0.4695194363594055,0.9125000238418579,0.6294410824775696,0.9143848756345829,0.9120736425698179,0.9122781203841459
367,0.9560351371765137,0.4699867367744446,0.9149218797683716,0.6276000142097473,0.9170432651214147,0.914450686849791,0.914809472855589
368,0.9556835889816284,0.4677049517631531,0.9142968654632568,0.6236425042152405,0.9159978657282887,0.9138132644201344,0.9139776955125618
369,0.9568164348602295,0.4630546271800995,0.9086718559265137,0.6407947540283203,0.9109018591310172,0.9082734081232582,0.9084400086637243
370,0.9541015625,0.4703145921230316,0.9145312309265137,0.6218345761299133,0.9161459692326248,0.9141409070270097,0.9142195359052075
371,0.9546679854393005,0.4674176871776581,0.9173437356948853,0.6178357601165771,0.9190176537253943,0.916804135814278,0.9169916358465364
372,0.9540039300918579,0.47223541140556335,0.9130468964576721,0.6253406405448914,0.9150544189221619,0.9126484607124665,0.9127906689119876
373,0.9551757574081421,0.4687669277191162,0.9180468916893005,0.6159184575080872,0.9198243148338028,0.9174769095222599,0.9177155065248659
374,0.9556054472923279,0.467854768037796,0.9124218821525574,0.6291833519935608,0.9137780060296093,0.912121002558465,0.9121390562100432
375,0.9546874761581421,0.47050631046295166,0.912109375,0.626471996307373,0.9141037581238092,0.9117218364112627,0.9119015552197961
376,0.9558789134025574,0.46625441312789917,0.9164062738418579,0.6163864135742188,0.9182733123905126,0.9159808714284903,0.9161948794465743
377,0.9550390839576721,0.46925002336502075,0.9110156297683716,0.6318100690841675,0.9124867775226986,0.910515377707956,0.9106625283559633
378,0.956250011920929,0.46564969420433044,0.9141406416893005,0.6163160800933838,0.9163481087056633,0.9136571881793424,0.9139309205420105
379,0.9569531083106995,0.46289384365081787,0.9164843559265137,0.6092734932899475,0.9183912158841562,0.916052585884702,0.916271083733234
380,0.9570116996765137,0.4643312096595764,0.9161718487739563,0.6092490553855896,0.9177901470922352,0.9158441799637482,0.915948055099636
381,0.9553515911102295,0.46958908438682556,0.9178906083106995,0.61519455909729,0.919130177140794,0.9175812529219601,0.9176613897256068
382,0.9545117020606995,0.4721086025238037,0.9141406416893005,0.6207148432731628,0.9160236044436573,0.9138028443640822,0.9141375615184856
383,0.9551757574081421,0.47062110900878906,0.9181249737739563,0.611173152923584,0.9199758334658779,0.9176192104349901,0.9178393561725996
384,0.9547656178474426,0.4687150716781616,0.9156249761581421,0.620164692401886,0.917289825234378,0.9152889875296973,0.9153594938098955
385,0.955078125,0.46851661801338196,0.916015625,0.6163573265075684,0.9179610327967928,0.915553056712595,0.9158076606265576
386,0.9562304615974426,0.46742379665374756,0.9167187213897705,0.6123018860816956,0.9182235492599331,0.9162448133844074,0.9163923301940475
387,0.9531640410423279,0.4731048345565796,0.9127343893051147,0.621121346950531,0.9144264360313368,0.912455959748766,0.9125101538877984
388,0.9557226300239563,0.4682321548461914,0.9133594036102295,0.6225876808166504,0.9155919047353354,0.9131484557099694,0.9133303943342526
389,0.9568554759025574,0.4655041992664337,0.9169531464576721,0.604792594909668,0.9189029050838263,0.9165229161587289,0.9167418186207457
390,0.9575781226158142,0.46062901616096497,0.9164843559265137,0.6055782437324524,0.9183490341322258,0.9159641417500638,0.9161684174157387
391,0.9568945169448853,0.4629521071910858,0.9132031202316284,0.6198345422744751,0.9149365118975472,0.912821412938947,0.9128642939073529
392,0.9556640386581421,0.46349236369132996,0.9162499904632568,0.6112851500511169,0.9178864230608248,0.9159599866904751,0.9159514085565399
393,0.9582226276397705,0.45987752079963684,0.916015625,0.612083911895752,0.9179378521678625,0.9157868617313663,0.9158332584749573
394,0.95703125,0.4633782207965851,0.9190624952316284,0.6067543625831604,0.9207899495023917,0.9187061559674274,0.918795069821251
395,0.9552343487739563,0.46462807059288025,0.9177343845367432,0.6078311800956726,0.9196880353107155,0.9175242143369106,0.9176918121332842
396,0.9572070240974426,0.4614291787147522,0.9138281345367432,0.611382007598877,0.9155963219848666,0.9132317750706387,0.9134337500891949
397,0.9538671970367432,0.47057685256004333,0.9133594036102295,0.6212356686592102,0.9150498750627366,0.9130315299443341,0.9130718179292845
398,0.9570898413658142,0.46214520931243896,0.9096875190734863,0.6255595088005066,0.9115301156306065,0.9091115689792189,0.9092415870387377
399,0.9535546898841858,0.4712475836277008,0.9115625023841858,0.6300303936004639,0.9133677836041942,0.9112771060692184,0.9113987311335847
400,0.9570508003234863,0.4634549021720886,0.9172656536102295,0.6111303567886353,0.9190388435843,0.9169701223915836,0.916941230612617
401,0.9571679830551147,0.4642066955566406,0.9172656536102295,0.6033004522323608,0.9191055510467934,0.916929676200414,0.9170236620175065
402,0.9577343463897705,0.460540771484375,0.9164843559265137,0.6176818609237671,0.9180868076022071,0.9160394170616825,0.9160956687965277
403,0.9566406011581421,0.4641956686973572,0.9135937690734863,0.6210825443267822,0.915231938534107,0.9131991764140855,0.9132023496682812
404,0.9560351371765137,0.4652445614337921,0.913281261920929,0.6192980408668518,0.9153461124501863,0.9130102092030747,0.9130728858575108
405,0.9567577838897705,0.46513667702674866,0.9164062738418579,0.6164101958274841,0.91806714654953,0.9158474087380338,0.9160457377040667
406,0.9552148580551147,0.4662230610847473,0.91796875,0.6115559339523315,0.9195618302397075,0.9175304965579103,0.9176744401815368
407,0.9553515911102295,0.4651406407356262,0.9158594012260437,0.6139867305755615,0.9176157103870524,0.9155396508210948,0.9156465722601979
408,0.9567968845367432,0.46596911549568176,0.9157031178474426,0.6107103824615479,0.9172105686440752,0.915124723948136,0.9152016315893018
409,0.9572070240974426,0.4630545377731323,0.9164062738418579,0.6137959957122803,0.9183958231214361,0.9161868999388386,0.9162456269422214
410,0.95654296875,0.4623332917690277,0.9131249785423279,0.6218566298484802,0.9148972651781115,0.9127877908897657,0.9128881379076716
411,0.958203136920929,0.4604267179965973,0.9172656536102295,0.6085044741630554,0.9192617516209576,0.9168796529571572,0.9170485112516296
412,0.9576562643051147,0.4600084722042084,0.9174218773841858,0.6114436388015747,0.9192526025522607,0.9166565571542853,0.9168953097684898
413,0.9570898413658142,0.4619499444961548,0.9150781035423279,0.6203925013542175,0.917552557875368,0.9145505431482677,0.9147976661508144
414,0.9569140672683716,0.46219402551651,0.9203125238418579,0.6055581569671631,0.9218910620475138,0.9199573870435684,0.9200951487354531
415,0.9551757574081421,0.46757400035858154,0.9192968606948853,0.6019150018692017,0.92114762532205,0.9189333213608324,0.919008966487037
416,0.9559375047683716,0.4620111882686615,0.9103124737739563,0.6412270069122314,0.9119386435148222,0.9100384557044993,0.9100787169948912
417,0.9549023509025574,0.4639918804168701,0.916796863079071,0.6111758351325989,0.918724524771219,0.9163011635332088,0.9164203496814759
418,0.9573827981948853,0.46032577753067017,0.9181249737739563,0.6057446002960205,0.9198421467538599,0.9175162571970239,0.9177153336551509
419,0.9559960961341858,0.46329161524772644,0.9141406416893005,0.6164290308952332,0.9159999451679395,0.9137687669747656,0.9138012460878437
420,0.9547265768051147,0.46588829159736633,0.9202343821525574,0.6109795570373535,0.9223009263264064,0.9198885611414266,0.9200722564923984
421,0.9564453363418579,0.46317920088768005,0.9182812571525574,0.6145829558372498,0.9204378762796992,0.9178852876961416,0.9180572269292274
422,0.9551757574081421,0.46553748846054077,0.9149218797683716,0.6215196847915649,0.9173694959318949,0.9145139907447113,0.9146646095527629
423,0.9560742378234863,0.46474510431289673,0.9190624952316284,0.6001592874526978,0.9207884185395487,0.9187417173387662,0.9187845587024536
424,0.9565820097923279,0.46316391229629517,0.9206249713897705,0.5996967554092407,0.9223531701146789,0.9201890732337605,0.9203083821017449
425,0.9583789110183716,0.459109902381897,0.9202343821525574,0.601466953754425,0.9220502073978785,0.9199138186715943,0.9200819256338014
426,0.9564062356948853,0.4622860848903656,0.9195312261581421,0.5935782790184021,0.921500544969968,0.9191572455762025,0.9193089785915464
427,0.9585351347923279,0.4577978551387787,0.9183593988418579,0.6097328066825867,0.9201825662098649,0.9179969256755176,0.9181140526119542
428,0.9575390815734863,0.4569631516933441,0.919921875,0.6014227867126465,0.9216752374769359,0.9196058266314981,0.919731986208132
429,0.9563671946525574,0.45955267548561096,0.9202343821525574,0.6001537442207336,0.9224007529942004,0.9198552254975413,0.9201188746810389
430,0.9556835889816284,0.46560466289520264,0.9194531440734863,0.607348620891571,0.9207534337431436,0.9191489588386595,0.9192612513332206
431,0.9558007717132568,0.46531394124031067,0.9177343845367432,0.60926753282547,0.9195563598409746,0.9174496314115634,0.9175243923527607
432,0.9564062356948853,0.46235573291778564,0.9154687523841858,0.6219959855079651,0.9172770652038034,0.9151439993704754,0.9152526556512728
433,0.9552929401397705,0.46326974034309387,0.9200780987739563,0.605435848236084,0.9217181593104002,0.91985356788037,0.9199444440038517
434,0.9552148580551147,0.46959495544433594,0.9196875095367432,0.5992908477783203,0.921541606799838,0.9193621555289074,0.9194552161956709
435,0.9538280963897705,0.47051674127578735,0.917187511920929,0.6090955138206482,0.9188079261787568,0.9168066925645576,0.9169424848325729
436,0.9557226300239563,0.4648376703262329,0.9205468893051147,0.5947709083557129,0.9223918575762925,0.9201573982619204,0.920350326151285
437,0.953808605670929,0.46918022632598877,0.919140636920929,0.6055067777633667,0.9208960104154493,0.918966982020148,0.9189886759897785
438,0.9557031393051147,0.4659399688243866,0.9246875047683716,0.587608277797699,0.9263942883827527,0.9242880525526611,0.9244196732897717
439,0.955078125,0.4674801528453827,0.9224218726158142,0.5964756608009338,0.9241739893788964,0.922222997756788,0.9222967748402535
440,0.9562695026397705,0.4649418294429779,0.9171093702316284,0.6099128127098083,0.9186892233408035,0.9165800883981217,0.916816803478117
441,0.9563867449760437,0.46568071842193604,0.9221875071525574,0.59962397813797,0.9240059095350153,0.9218711872539402,0.9220367829877478
442,0.9564843773841858,0.4646085798740387,0.9201562404632568,0.6031801700592041,0.9218960382903203,0.9199221870318657,0.9199644282257616
443,0.9564453363418579,0.462336003780365,0.9245312213897705,0.60235196352005,0.9265020992571112,0.9243155028460524,0.9243919419523856
444,0.9568554759025574,0.46283677220344543,0.9171093702316284,0.6094868183135986,0.9193467300515075,0.9169124633124321,0.9169517613424434
445,0.9571093916893005,0.46154776215553284,0.9219531416893005,0.6012204885482788,0.9239569044986753,0.9215314615477497,0.9217657441148431
446,0.9586523175239563,0.45649486780166626,0.9252343773841858,0.5867999196052551,0.9266261136942155,0.9247365963923003,0.9248861338302937
447,0.9581640362739563,0.4557677209377289,0.9196875095367432,0.5962320566177368,0.9211580873254732,0.9192969585608608,0.919446036203297
448,0.9582812786102295,0.45761847496032715,0.9185937643051147,0.6045748591423035,0.9202927910107551,0.9181628590150042,0.9184127269594915
449,0.9574023485183716,0.45849475264549255,0.9189843535423279,0.601383626461029,0.9207633084132212,0.9185795320775374,0.9188152994798031
450,0.9571093916893005,0.4608207046985626,0.9176562428474426,0.6094450354576111,0.9193764757087657,0.9171922658587373,0.917384775629007
451,0.9566991925239563,0.46082818508148193,0.9184374809265137,0.6026695370674133,0.920289486549665,0.9181009518583245,0.9182708622024107
452,0.9568945169448853,0.46074920892715454,0.919140636920929,0.6020400524139404,0.9207055259733656,0.918661914841505,0.9189025906266088
453,0.9562890529632568,0.46110615134239197,0.9207812547683716,0.6064940094947815,0.9224064620362734,0.920615312733956,0.9206374587367643
454,0.9590820074081421,0.45663055777549744,0.9203125238418579,0.5949761271476746,0.9219697122767031,0.9199304859476802,0.9201073710164662
455,0.9595507979393005,0.4536226987838745,0.9194531440734863,0.605449378490448,0.9213620780210865,0.9190779905050002,0.9193296327649223
456,0.9560742378234863,0.45886096358299255,0.9203125238418579,0.5916790962219238,0.9216710347843815,0.9201765619983701,0.9201495117991162
457,0.9562109112739563,0.46121731400489807,0.9216406345367432,0.5961740016937256,0.9231784045089462,0.9213013449948946,0.9214468317306767
458,0.9583789110183716,0.45461761951446533,0.9217968583106995,0.5923638343811035,0.9232141167843126,0.9215380529385486,0.9216464227947456
459,0.9576757550239563,0.457006573677063,0.9185937643051147,0.6086622476577759,0.9203046682924451,0.9181543328176516,0.918345655882836
460,0.9584179520606995,0.45709115266799927,0.921093761920929,0.5985230803489685,0.9226562342261106,0.9207058757872008,0.9209802335037431
461,0.9575781226158142,0.45818236470222473,0.9227343797683716,0.5900293588638306,0.9244794818094271,0.922415319984336,0.922510147490869
462,0.9565820097923279,0.46136897802352905,0.9239062666893005,0.597658634185791,0.925785427757605,0.9234068937554585,0.9236708308873616
463,0.9579492211341858,0.4586907625198364,0.9182812571525574,0.6057885885238647,0.9197233442588942,0.9179321269988008,0.9180216630404641
464,0.9570508003234863,0.4570654630661011,0.9178125262260437,0.6082885265350342,0.9193742050611571,0.9174837577005116,0.9176481351404006
465,0.9593554735183716,0.4537365436553955,0.9211719036102295,0.601085901260376,0.9230226746210097,0.9205981546751012,0.9208856023738005
466,0.9574609398841858,0.4559139013290405,0.9203125238418579,0.6018046736717224,0.9222651386468006,0.9198091335890171,0.920074315222491
467,0.9574999809265137,0.45678287744522095,0.9237499833106995,0.5934979915618896,0.9252224001305354,0.9233655158629943,0.9235468690440733
468,0.9569922089576721,0.45694082975387573,0.9168750047683716,0.6075852513313293,0.9187550404309422,0.916607859036439,0.9168042593102742
469,0.9563281536102295,0.4595925509929657,0.9248437285423279,0.5831795334815979,0.9263393605005453,0.9244786796426633,0.9246446699512297
470,0.9566601514816284,0.46002915501594543,0.9206249713897705,0.596091628074646,0.9225629558982607,0.9202375778565692,0.920481411902941
471,0.9589648246765137,0.4545842111110687,0.923046886920929,0.5947931408882141,0.9245401262642311,0.9226525000638182,0.9227894441746328
472,0.9577538967132568,0.4565393328666687,0.9183593988418579,0.6179539561271667,0.9198535166742515,0.9180436364413512,0.9181510474642004
473,0.955078125,0.4654681384563446,0.9237499833106995,0.5893510580062866,0.9254031825556459,0.9233641726020576,0.9235987174006405
474,0.9562890529632568,0.4624502956867218,0.9201562404632568,0.6017096042633057,0.9215474390132496,0.9197101258425278,0.9198603945038177
475,0.9565625190734863,0.4627798795700073,0.919921875,0.5996984839439392,0.9215720548230253,0.9193474949828142,0.9196281060178717
476,0.9568750262260437,0.46114447712898254,0.9247656464576721,0.5858237147331238,0.9260742646379736,0.9244640548758725,0.9245822248456681
477,0.9564648270606995,0.4616171717643738,0.9240624904632568,0.5906645059585571,0.9262199801931897,0.9235949431094614,0.9239648072749435
478,0.9575585722923279,0.45733413100242615,0.9209374785423279,0.5975516438484192,0.9227685488075238,0.9204323591188917,0.9207230788118623
479,0.9570116996765137,0.4573943614959717,0.9207812547683716,0.5955873727798462,0.9226207470940013,0.9203917832261537,0.9206403407002648
480,0.9570702910423279,0.4610804319381714,0.9215624928474426,0.5910803079605103,0.9233936568244612,0.921264557799025,0.9214318655142983
481,0.9579101800918579,0.455687940120697,0.9195312261581421,0.5960943102836609,0.921314848841887,0.9192316413705439,0.9194304785733164
482,0.9591211080551147,0.45113644003868103,0.9228906035423279,0.5987646579742432,0.9246659887614715,0.9225329674476659,0.9227445544788773
483,0.9576953053474426,0.4572986960411072,0.9216406345367432,0.5948342680931091,0.9231281604038453,0.9215168697124988,0.9215548125436089
484,0.9583398699760437,0.4535139203071594,0.9251562356948853,0.5858936905860901,0.9266646811253144,0.9247214881081538,0.9249478819020438
485,0.9577929973602295,0.4536023736000061,0.922656238079071,0.5947414636611938,0.924321651459848,0.9222969590274143,0.9224404421327758
486,0.9590820074081421,0.45211073756217957,0.9222656488418579,0.5849126577377319,0.9236452630890952,0.9218501646448595,0.9219670994979055
487,0.9571874737739563,0.4576895236968994,0.9196875095367432,0.5939984917640686,0.9214107811849546,0.9191959041537761,0.919500817218798
488,0.9555859565734863,0.4621627926826477,0.9246875047683716,0.5938959121704102,0.9262465510629767,0.9241999644350535,0.9244104903351742
489,0.9577734470367432,0.4589570164680481,0.9211719036102295,0.5879102945327759,0.9227560446284637,0.9206373745973937,0.9208519728916357
490,0.9604687690734863,0.448851078748703,0.9236719012260437,0.5883643627166748,0.9253096463624391,0.923128575332517,0.9233904307795282
491,0.9592968821525574,0.45140334963798523,0.9251562356948853,0.5854450464248657,0.9267628087249974,0.9246786619418204,0.9248779418481803
492,0.9597265720367432,0.4530107378959656,0.9227343797683716,0.5882384777069092,0.9242772240845174,0.9222786510116785,0.9225092486068405
493,0.958691418170929,0.4553171992301941,0.9242968559265137,0.588711142539978,0.925529921156647,0.9239680731179933,0.9240481380154509
494,0.9587695598602295,0.45159003138542175,0.9248437285423279,0.5850374698638916,0.9261117891772623,0.9245452027920689,0.9246017799797819
495,0.9588867425918579,0.4539203345775604,0.926562488079071,0.5846124887466431,0.9281462166510063,0.9260752693005858,0.9262447500737567
496,0.9565820097923279,0.4603271782398224,0.9202343821525574,0.5987321734428406,0.9218614653482808,0.9199192822196026,0.9200370480538974
497,0.9578515887260437,0.45503008365631104,0.9216406345367432,0.5992106199264526,0.9229610982321996,0.9213352512427135,0.9213680526092836
498,0.9567773342132568,0.46041053533554077,0.9227343797683716,0.5994198322296143,0.9244051581594701,0.9221217937059029,0.9223386412566283
499,0.9578906297683716,0.455394446849823,0.9188281297683716,0.6016941666603088,0.9207648157812832,0.9184436617652518,0.9185837193906241
500,0.9579492211341858,0.45419085025787354,0.9253125190734863,0.5894309878349304,0.9265519298019121,0.9251223818896972,0.9251147723114572
501,0.9591601490974426,0.45517557859420776,0.9252343773841858,0.5898725390434265,0.9267291717939123,0.9248533522284581,0.9249611084003457
502,0.9583789110183716,0.45247241854667664,0.9216406345367432,0.6046929955482483,0.9236886558112761,0.921245593059087,0.9213915581264251
503,0.9565234184265137,0.45737263560295105,0.9231250286102295,0.5895684957504272,0.9248684576878461,0.9224932462611946,0.9228117515621668
504,0.956738293170929,0.4562256634235382,0.9201562404632568,0.6021462082862854,0.9212928513298757,0.9196409562853048,0.9197186670714909
505,0.9581640362739563,0.45326557755470276,0.9234374761581421,0.5846104025840759,0.92526045634424,0.9230048720664623,0.9231900075343985
506,0.9584179520606995,0.45364388823509216,0.9242968559265137,0.5931616425514221,0.9259330253252938,0.9241480576467127,0.9241980469522304
507,0.9569726586341858,0.4552670419216156,0.9239843487739563,0.5904777646064758,0.925524293889441,0.9233808761703819,0.9236012766461181
508,0.9583984613418579,0.45501887798309326,0.9231250286102295,0.5861992835998535,0.924735814693008,0.9229065345692011,0.9230417473097956
509,0.9586718678474426,0.4554383456707001,0.9245312213897705,0.5846070051193237,0.9260538961812605,0.9242582215444253,0.9243655279651579
510,0.9580078125,0.4525301456451416,0.9260937571525574,0.578419029712677,0.9276261298549726,0.9256086651659631,0.925830206837456
511,0.9584765434265137,0.4545488655567169,0.9254687428474426,0.5819332599639893,0.9271881250433678,0.9250316041526301,0.9252945438159264
512,0.9577343463897705,0.4547351598739624,0.9250781536102295,0.5814014673233032,0.9264293272222159,0.9247219426181208,0.9248088151895535
513,0.9589257836341858,0.4499198794364929,0.9229687452316284,0.5953697562217712,0.9246109032168939,0.9226224057087467,0.9227784855315413
514,0.9591015577316284,0.4526177644729614,0.9237499833106995,0.5810407400131226,0.9252380499215791,0.9235822380673009,0.9235919122396012
515,0.9578320384025574,0.4552419185638428,0.9267187714576721,0.5764657855033875,0.9281743673258219,0.9261230783808825,0.9263857585609723
516,0.9564062356948853,0.45697978138923645,0.9255468845367432,0.5837489366531372,0.9270328207585181,0.9250202896470006,0.9251453684264492
517,0.9574804902076721,0.4552079737186432,0.9250781536102295,0.5865524411201477,0.9266005255694648,0.9247413123135975,0.92484097154379
518,0.9563867449760437,0.45833855867385864,0.9232812523841858,0.590092122554779,0.9246965694517166,0.9228202176585526,0.9228954774250424
519,0.9571874737739563,0.4573504626750946,0.9241406321525574,0.5890364646911621,0.9262829082912725,0.9236431426196413,0.9239317560569515
520,0.9566991925239563,0.4562101364135742,0.9233593940734863,0.5913032293319702,0.9253274886768095,0.9228494743221856,0.9231115118211639
521,0.958203136920929,0.45246344804763794,0.922656238079071,0.588924765586853,0.9241117262095345,0.9223339608587487,0.9223865001605076
522,0.9580468535423279,0.4524741470813751,0.9251562356948853,0.5770569443702698,0.9266881295328824,0.9247545086590087,0.9249268644028198
523,0.9579101800918579,0.4559149146080017,0.9244531393051147,0.5907062888145447,0.9258599431228829,0.9240690563550591,0.9242196212182604
524,0.9600390791893005,0.4493809938430786,0.9257031083106995,0.5808888077735901,0.9271113480353433,0.9253890889462819,0.9254514615487373
525,0.9595898389816284,0.44967353343963623,0.9231250286102295,0.5869815945625305,0.924605243744095,0.9226443499250124,0.9229044729722189
526,0.9566406011581421,0.46079570055007935,0.9255468845367432,0.5817753076553345,0.9273265141989273,0.925291885545414,0.9254296453802999
527,0.9566406011581421,0.45736896991729736,0.9227343797683716,0.5852131247520447,0.9244073216396528,0.9223058244916477,0.9225129806170467
528,0.95849609375,0.4546325206756592,0.9250781536102295,0.5784388780593872,0.9268397157148308,0.9247511728759066,0.9248414390964125
529,0.9601367115974426,0.44757282733917236,0.9243749976158142,0.5827194452285767,0.9258278788129883,0.9240181573652536,0.9241935568635653
530,0.958984375,0.4493076801300049,0.9272656440734863,0.5824216604232788,0.9287191388745277,0.9269056565881332,0.9270933952718681
531,0.9591601490974426,0.44962242245674133,0.9235156178474426,0.5915771126747131,0.9251469560740933,0.92321628535094,0.9233967858808838
532,0.9579882621765137,0.45252522826194763,0.9279687404632568,0.5741016864776611,0.9294542460996962,0.9275977862666864,0.9278562873866876
533,0.9578710794448853,0.45337051153182983,0.9241406321525574,0.5844204425811768,0.9256436297102407,0.9237688623190035,0.9239286163848587
534,0.958691418170929,0.45163047313690186,0.9291406273841858,0.5758109092712402,0.9311471612706277,0.9288068529007205,0.9290941193754324
535,0.9587695598602295,0.4513634443283081,0.9257031083106995,0.5876572132110596,0.9270523337364669,0.9256211855269046,0.9256743892538586
536,0.9595507979393005,0.44806933403015137,0.9275781512260437,0.5738450288772583,0.9290920704212786,0.9273634168335034,0.9274429733765797
537,0.9592187404632568,0.44890549778938293,0.9294531345367432,0.5750689506530762,0.9313617380796873,0.928975174780744,0.929292357318205
538,0.9588476419448853,0.4510599970817566,0.9252343773841858,0.583001971244812,0.9267657838054801,0.9249758810231762,0.9251306393297174
539,0.958984375,0.45327380299568176,0.926953136920929,0.5801956653594971,0.9288701951630522,0.9267115989671436,0.9269097039655341
540,0.9555859565734863,0.45914164185523987,0.9259374737739563,0.5876327753067017,0.9275506338745191,0.9255975909786113,0.9257734549348803
541,0.9552343487739563,0.46129298210144043,0.9247656464576721,0.5890576839447021,0.9270163995242958,0.9242518648882511,0.9246029181101789
542,0.9563281536102295,0.4603024423122406,0.9225000143051147,0.5944266319274902,0.924146864420296,0.9220948413669059,0.9222355792840446
543,0.9585156440734863,0.45447537302970886,0.9266406297683716,0.576529860496521,0.9283821785827976,0.9260569372392132,0.9263178714056527
544,0.958984375,0.45219317078590393,0.9239843487739563,0.5774375796318054,0.9257602758828296,0.9236662446052111,0.9239228236504978
545,0.9574999809265137,0.4536976218223572,0.9247656464576721,0.5840492844581604,0.9265195901979733,0.9244572700543313,0.9246555145024329
546,0.9596874713897705,0.4520977735519409,0.9214843511581421,0.5913164019584656,0.9232402905935032,0.9212525162461855,0.9213512729180982
547,0.9569726586341858,0.45451489090919495,0.9250781536102295,0.5889318585395813,0.9265928225286086,0.9247317589653313,0.9248525605830298
548,0.9589257836341858,0.450662761926651,0.9276562333106995,0.5763285756111145,0.9290428130791751,0.9272919370378487,0.9274843762721481
549,0.9603710770606995,0.44657325744628906,0.9252343773841858,0.5763606429100037,0.9268850185916981,0.924854789090538,0.9251148750164888
550,0.9595507979393005,0.4473387598991394,0.9255468845367432,0.5901349782943726,0.9272816171592584,0.9252262502495164,0.925422019842363
551,0.958789050579071,0.44884270429611206,0.9267968535423279,0.5785280466079712,0.9286322568346227,0.9263195073071424,0.9266094809579931
552,0.9590234160423279,0.445809543132782,0.9275000095367432,0.5785501599311829,0.9288121231120705,0.9271182763318309,0.9272421733280406
553,0.9589648246765137,0.44913387298583984,0.9271093606948853,0.579495906829834,0.928400761204797,0.9266350896793529,0.9268637455404636
554,0.9603906273841858,0.4430543780326843,0.9271093606948853,0.5731092095375061,0.9284876024746316,0.926747823691922,0.9268777582632584
555,0.9586328268051147,0.4522434175014496,0.9272656440734863,0.5740117430686951,0.9286567716235339,0.9268728869985823,0.9270402827549034
556,0.9582617282867432,0.4515421688556671,0.9248437285423279,0.5808074474334717,0.9263117830578046,0.9244474127501728,0.9246299084478522
557,0.9599218964576721,0.4478800892829895,0.9235156178474426,0.5760998725891113,0.9251081731898854,0.9230865459066603,0.9233630434102627
558,0.9600390791893005,0.44707024097442627,0.9252343773841858,0.5763843059539795,0.9270184708655307,0.9247582928046831,0.925049299113618
559,0.95751953125,0.4524112343788147,0.9252343773841858,0.580326497554779,0.9264357891025972,0.9248532575211104,0.9248865644063984
560,0.9578515887260437,0.4511093199253082,0.9253125190734863,0.5767601132392883,0.9268535684726249,0.9247412060856595,0.9248995721238058
561,0.9582812786102295,0.4541686177253723,0.9244531393051147,0.5785552859306335,0.9258844466395064,0.9240719387179415,0.9241512228301381
562,0.9593164324760437,0.44869884848594666,0.9253125190734863,0.5790195465087891,0.9269526684955247,0.9249323137225687,0.9251629622056401
563,0.9588476419448853,0.4479495584964752,0.9279687404632568,0.5791246294975281,0.929471149514973,0.9275639581743585,0.9277922418484625
564,0.9589062333106995,0.4502878487110138,0.9264062643051147,0.5722903609275818,0.9279737568623596,0.926111449443748,0.926220968127207
565,0.9596093893051147,0.4484727382659912,0.9234374761581421,0.5834898352622986,0.9247667801328541,0.923084215672684,0.9232277716438901
566,0.9568750262260437,0.45409703254699707,0.9244531393051147,0.5879998207092285,0.9257196874782154,0.9240248503535722,0.9242545662347578
567,0.957324206829071,0.4560966491699219,0.9241406321525574,0.5906513929367065,0.9254862799067884,0.9236440471956249,0.9238537556275546
568,0.9558398723602295,0.459011435508728,0.9270312786102295,0.5782013535499573,0.9287595461399953,0.9266175140509701,0.9268529040893794
569,0.958691418170929,0.4495828151702881,0.9247656464576721,0.5803453326225281,0.926164351292193,0.9243770008729806,0.9244506723670518
570,0.9597851634025574,0.4474038779735565,0.9264843463897705,0.5781912207603455,0.9277867181982367,0.9261044396893732,0.9261724550947102
571,0.9600195288658142,0.44400694966316223,0.9254687428474426,0.5750929117202759,0.926506886697958,0.9249392238746993,0.9250286549196785
572,0.9583203196525574,0.4503067135810852,0.9250781536102295,0.578044056892395,0.9264593210085181,0.9247818174103869,0.924844446943182
573,0.9590625166893005,0.45023342967033386,0.926562488079071,0.5747388601303101,0.928083786711435,0.9260288575117936,0.9263278808780018
574,0.9574999809265137,0.4505774676799774,0.923828125,0.5861923098564148,0.9252086190437155,0.9232663094667029,0.9235052825265382
575,0.9581249952316284,0.45009052753448486,0.9272656440734863,0.5757619142532349,0.9285805053242859,0.926850600933734,0.9270265754228103
576,0.9593359231948853,0.4463120400905609,0.9259374737739563,0.5733646750450134,0.927379519360171,0.925562682440312,0.9256569020562107
577,0.9593359231948853,0.44781848788261414,0.9262499809265137,0.5769646167755127,0.9274594111112779,0.9257309901992374,0.9259069739216315
578,0.9597070217132568,0.44536063075065613,0.9255468845367432,0.5880860686302185,0.9269127859688067,0.9251724948763604,0.9252158329272506
579,0.9575390815734863,0.45029303431510925,0.922656238079071,0.5816896557807922,0.9244450454000683,0.9221381983154369,0.9223319643052894
580,0.9575781226158142,0.4531939625740051,0.9253906011581421,0.5735955834388733,0.9271751363644568,0.9249439014476109,0.9251654534446327
581,0.9566797018051147,0.4550858438014984,0.9254687428474426,0.5802958011627197,0.926629561465304,0.9248446569145949,0.9249799753329218
582,0.959277331829071,0.44856488704681396,0.9237499833106995,0.5812289714813232,0.9253561798981664,0.9235000884146627,0.9235976664320077
583,0.9590039253234863,0.4475463926792145,0.9271875023841858,0.5768313407897949,0.9283854679113951,0.9267274384314488,0.926864819663114
584,0.9578906297683716,0.4527914822101593,0.9273437261581421,0.5685847997665405,0.9284767545758683,0.9268122695555152,0.9269913189973642
585,0.9574413895606995,0.4532393217086792,0.9279687404632568,0.5655460953712463,0.9295459344254373,0.9274838877944106,0.9276384078255051
586,0.9595116972923279,0.44785040616989136,0.9253125190734863,0.5803642868995667,0.9270741929459325,0.9248803759905502,0.9251187597038772
587,0.959277331829071,0.44923269748687744,0.9257031083106995,0.575559139251709,0.9270400832260284,0.9254404802013353,0.9254809497195237
588,0.9593164324760437,0.44914165139198303,0.9251562356948853,0.584915816783905,0.9266124668469073,0.9247516656755257,0.924891218802089
589,0.9576562643051147,0.45224764943122864,0.9222656488418579,0.5883730053901672,0.9234634623303857,0.922200224382886,0.9222154330786493
590,0.9610546827316284,0.4451406002044678,0.9264843463897705,0.5808286070823669,0.9280272450045015,0.9261654231520521,0.926299394464666
591,0.9580664038658142,0.4535209536552429,0.9280468821525574,0.5768260359764099,0.9294597581718351,0.9276875287067534,0.9279000566686566
592,0.9580273628234863,0.4484957754611969,0.9264062643051147,0.5800928473472595,0.9279998369801106,0.9258708272788362,0.9260483358418241
593,0.9583984613418579,0.44852423667907715,0.925000011920929,0.5781580209732056,0.9266494209390748,0.9247136954768568,0.9248925686446279
594,0.9605664014816284,0.4479845464229584,0.9248437285423279,0.5903984904289246,0.9262703288008814,0.9245289158180843,0.9247074691544593
595,0.9569922089576721,0.4528728723526001,0.9232031106948853,0.5857117176055908,0.9246491792166671,0.922981480845259,0.9230203363999017
596,0.9599413871765137,0.4438907504081726,0.9270312786102295,0.5738663077354431,0.928658245026985,0.9264589814618952,0.9267448911558558
597,0.9596874713897705,0.4474264085292816,0.9253125190734863,0.5812304019927979,0.9268513073471425,0.9250573705548052,0.9251617810505558
598,0.95947265625,0.44535505771636963,0.9262499809265137,0.5784758925437927,0.9279327683070437,0.9258282300064966,0.9260360264262504
599,0.9574413895606995,0.45359838008880615,0.9272656440734863,0.573630154132843,0.9286790926805832,0.9270235524434172,0.9270606838430572
600,0.9592578411102295,0.4442419111728668,0.923828125,0.5778641104698181,0.9254235852544939,0.9233695119543286,0.923529815502363
601,0.9599999785423279,0.44718268513679504,0.9235937595367432,0.5880222916603088,0.9249307181518269,0.9232550063127896,0.9233263779556635
602,0.9604101777076721,0.44489073753356934,0.9247656464576721,0.5825023055076599,0.9262794581322192,0.9244250650176262,0.9246259142151324
603,0.9610156416893005,0.440568208694458,0.9284374713897705,0.5717626214027405,0.9299896317525786,0.9280570800430707,0.9282796978098282
604,0.9608789086341858,0.44188594818115234,0.9275781512260437,0.5755323767662048,0.9292645497360628,0.9270787051935563,0.9274089265019769
605,0.9606835842132568,0.4457968473434448,0.9275781512260437,0.5791093707084656,0.9290066392997688,0.927120582518655,0.9273877193145881
606,0.9604882597923279,0.44309523701667786,0.926953136920929,0.5726927518844604,0.928534939602913,0.9266294800047727,0.9267460845534912
607,0.9588476419448853,0.44926974177360535,0.922656238079071,0.5886258482933044,0.9243400630750518,0.9222945707590327,0.9223768950451185
608,0.959667980670929,0.4444226026535034,0.92578125,0.5737054347991943,0.9275212703511104,0.9252770426985079,0.9255180450041343
609,0.9588671922683716,0.44756218791007996,0.9235156178474426,0.572018563747406,0.9249395668103696,0.9231461237052578,0.923294013436661
610,0.9602929949760437,0.4440544843673706,0.9268749952316284,0.5742679834365845,0.9283411459169901,0.9266499894535682,0.9266855203119957
611,0.9574023485183716,0.4513321816921234,0.9228906035423279,0.5840663313865662,0.9245521243364223,0.9224964200003634,0.9225853313141007
612,0.957812488079071,0.4512999355792999,0.9174218773841858,0.5962973237037659,0.9190721511744845,0.9169902893213403,0.9171310635903019
613,0.9603515863418579,0.4445924758911133,0.9258593916893005,0.5703659057617188,0.9275065238751161,0.9254415249589211,0.9256589826250313
614,0.9622851610183716,0.43965885043144226,0.9285937547683716,0.5706677436828613,0.9298536656566541,0.9280847636829421,0.9282700575683855
615,0.95849609375,0.4463959038257599,0.9257031083106995,0.5818127989768982,0.927016385865651,0.9253777978098581,0.9253947239395928
616,0.9590234160423279,0.44459888339042664,0.9257031083106995,0.5708604454994202,0.9271234631692216,0.9254272698900464,0.9254478265024491
617,0.9595898389816284,0.4455493688583374,0.9270312786102295,0.5682587027549744,0.9285552014764469,0.9268247106297663,0.926944370634385
618,0.9585351347923279,0.44691258668899536,0.9221875071525574,0.5801674127578735,0.9234884654028441,0.9216420088860926,0.9217168480513851
619,0.9585351347923279,0.44542670249938965,0.923828125,0.5782613158226013,0.9253878814032315,0.923268400872541,0.9234586115174369
620,0.9608398675918579,0.4430800974369049,0.9243749976158142,0.5753307342529297,0.9261237127873083,0.9240988069389994,0.9242141241645494
621,0.9591015577316284,0.4472961127758026,0.9267187714576721,0.567940354347229,0.9284601914360178,0.926235538707401,0.9264968885291398
622,0.9610742330551147,0.44083496928215027,0.9237499833106995,0.5806398391723633,0.9253750824566886,0.9232984572615528,0.9235168353187484
623,0.9600976705551147,0.44326505064964294,0.9300781488418579,0.5653073191642761,0.9312628828986977,0.9295851266762747,0.9297727476491682
624,0.9609179496765137,0.4408220946788788,0.9261718988418579,0.574104905128479,0.9276630783365716,0.9257425783093985,0.9258551110178319
625,0.9580468535423279,0.44700872898101807,0.9271093606948853,0.5692927837371826,0.9281241730866955,0.9270232193119643,0.9269954463609271
626,0.9584179520606995,0.44626307487487793,0.9261718988418579,0.5744562149047852,0.9278243650049547,0.9259292783250755,0.9261341876713326
627,0.9590625166893005,0.4437013566493988,0.9234374761581421,0.5776224732398987,0.9248307266401553,0.9231385863542174,0.9232566902878461
628,0.9583203196525574,0.4475594758987427,0.9255468845367432,0.5799452066421509,0.9270307299925747,0.9253286781117552,0.9254052582928225
629,0.9588476419448853,0.4455779790878296,0.9260937571525574,0.5758635997772217,0.9278425190346313,0.9255976741495731,0.9258034355893361
630,0.9586132764816284,0.44786444306373596,0.9283593893051147,0.5762487649917603,0.9301246809356006,0.928058309699434,0.9283221613097529
631,0.9599609375,0.4435742497444153,0.9287499785423279,0.5718659162521362,0.9305262680463144,0.9282480291858735,0.9285599435179147
632,0.9590625166893005,0.4462100863456726,0.9285937547683716,0.5660017132759094,0.9298655915901981,0.9282644145184595,0.9283452032718014
633,0.9589062333106995,0.4465522766113281,0.926562488079071,0.5687128305435181,0.9279803238268826,0.926321134262307,0.9263519949963064
634,0.9600195288658142,0.44136810302734375,0.9293749928474426,0.5730016827583313,0.9310170054745052,0.9290377347924348,0.9291752916803592
635,0.9580664038658142,0.44795772433280945,0.9242968559265137,0.577350914478302,0.9261869843428039,0.9240559494982465,0.9243138155806304
636,0.9608007669448853,0.4426472783088684,0.9271875023841858,0.5680436491966248,0.9286527396681815,0.926987978465337,0.9270918318518384
637,0.9597070217132568,0.442645788192749,0.926953136920929,0.5745763182640076,0.9283010820496911,0.9266471505751203,0.9267673905411216
638,0.9611914157867432,0.43982627987861633,0.9257031083106995,0.5752865076065063,0.9272613715010412,0.9253389820835429,0.9254693629570068
639,0.9604687690734863,0.43936529755592346,0.9306250214576721,0.5640205144882202,0.9317026033306238,0.9302348843156278,0.9303216314817402
640,0.9615039229393005,0.44152843952178955,0.9281250238418579,0.5671678781509399,0.9295456275082726,0.9277465937272021,0.9278497315374673
641,0.9596093893051147,0.4449600875377655,0.9312499761581421,0.5593746900558472,0.93253169726462,0.9308486858997271,0.9310210369678231
642,0.9607812762260437,0.43841904401779175,0.9266406297683716,0.5739467144012451,0.9280620112841951,0.9261597935515908,0.9263694644401081
643,0.9613671898841858,0.4388682246208191,0.9294531345367432,0.5603992342948914,0.931082074586767,0.929070481828643,0.9292857906849213
644,0.9600976705551147,0.4434361159801483,0.92578125,0.5810720324516296,0.9275734170882275,0.9252825232408809,0.9254821278811343
645,0.9599218964576721,0.44198960065841675,0.92578125,0.5736880302429199,0.9270756018481668,0.9254355233879901,0.9255506309207724
646,0.9583984613418579,0.448299378156662,0.9259374737739563,0.5876432061195374,0.9273132993210165,0.9255308191817614,0.9255845838078292
647,0.9597461223602295,0.4428589344024658,0.9264062643051147,0.577199399471283,0.9275061192861792,0.926024240215851,0.926055825335473
648,0.9622851610183716,0.4387441575527191,0.927734375,0.5666065812110901,0.929180786207483,0.9272985459110434,0.9275053775610054
649,0.95947265625,0.4443715214729309,0.9267187714576721,0.5714215636253357,0.9282279997958888,0.9263550642160656,0.9265517114079581
650,0.9578710794448853,0.4481584131717682,0.9271875023841858,0.5681771636009216,0.928814543128567,0.9267963098396562,0.9269896650824082
651,0.9585156440734863,0.4440727233886719,0.928906261920929,0.5661017894744873,0.9300830169388472,0.9285675178916676,0.9286691798710498
652,0.9591405987739563,0.4459429085254669,0.9305468797683716,0.5721108913421631,0.9319438779933855,0.9303954753481223,0.9304620640750296
653,0.9600390791893005,0.44406983256340027,0.9268749952316284,0.5756435394287109,0.9284309955575498,0.9266032337523753,0.9267891104335806
654,0.9600195288658142,0.44355499744415283,0.926953136920929,0.569704532623291,0.9286048100737266,0.9268060141503994,0.9269537065198562
655,0.9596874713897705,0.44247370958328247,0.9255468845367432,0.5830665230751038,0.9267862985302378,0.9251213631463091,0.9253175953736265
656,0.9579687714576721,0.4440242350101471,0.925000011920929,0.5793342590332031,0.9263332082902902,0.9244714533539402,0.9246653986916193
657,0.9598047137260437,0.44422686100006104,0.9236719012260437,0.58489590883255,0.9249758844746947,0.92320408414052,0.923408951784374
658,0.9589257836341858,0.4473026692867279,0.9288281202316284,0.5713281631469727,0.9303557745890496,0.9285329100294138,0.9285787505429103
659,0.9586523175239563,0.4493752419948578,0.9293749928474426,0.565619170665741,0.9307572093033407,0.9290023168943266,0.9291280577748067
660,0.9599413871765137,0.44195231795310974,0.9280468821525574,0.5718430876731873,0.9293709669042638,0.9275749500462106,0.927832244217141
661,0.9604101777076721,0.4400663673877716,0.9278905987739563,0.5695761442184448,0.929012050514646,0.9275715937305326,0.927668802942585
662,0.9596093893051147,0.4424020051956177,0.9297656416893005,0.56540447473526,0.9311680712166452,0.929347143515508,0.9296158032941866
663,0.9605859518051147,0.4431803226470947,0.9283593893051147,0.5659570097923279,0.9300517798868125,0.9279274788280873,0.9281792382404226
664,0.958300769329071,0.4479207694530487,0.9280468821525574,0.5721158385276794,0.9297187967174936,0.9276270043991723,0.92784333529769
665,0.9583789110183716,0.4479679763317108,0.9268749952316284,0.5711976885795593,0.9280663370189688,0.9264702764370378,0.9266217513567865
666,0.9592382907867432,0.4415859580039978,0.9292968511581421,0.5623921751976013,0.9306475320409672,0.9289474252054224,0.9290974059358947
667,0.9602148532867432,0.4426342844963074,0.9317968487739563,0.5668427348136902,0.9332915848974365,0.9314273251100404,0.9316484432963063
668,0.9598633050918579,0.43829137086868286,0.9286718964576721,0.5682162642478943,0.9303785697695709,0.9282825325793613,0.9285108076296171
669,0.9583789110183716,0.4460311233997345,0.9292187690734863,0.5663248300552368,0.9306849229536257,0.9288374622517366,0.9290253942359991
670,0.9601171612739563,0.4420640468597412,0.9314844012260437,0.571188747882843,0.9325888063799435,0.9312367756427609,0.9312431659728777
671,0.9587109088897705,0.44542819261550903,0.9231250286102295,0.5846698880195618,0.9246506645120357,0.9228408410101382,0.9229748954857765
672,0.9588476419448853,0.44592657685279846,0.9275000095367432,0.5698143839836121,0.9287900701350782,0.9272432603636613,0.9272319218216685
673,0.9589648246765137,0.4448535442352295,0.9244531393051147,0.5806441307067871,0.9260457922465444,0.9241969041625572,0.9243150119107195
674,0.9588086009025574,0.4469939172267914,0.9299218654632568,0.561295747756958,0.9311762168142663,0.9296112884834262,0.9297892590964396
675,0.961621105670929,0.440542072057724,0.9318749904632568,0.5599207878112793,0.9335151871501257,0.9315965673995141,0.9317413559896786
676,0.9595898389816284,0.4415866434574127,0.927734375,0.5660386681556702,0.9294690431883943,0.9272563899191826,0.9275799957963855
677,0.9589257836341858,0.4436446726322174,0.9261718988418579,0.5739247798919678,0.927693389345916,0.925814265958214,0.9259894652163381
678,0.9644726514816284,0.43087661266326904,0.9274218678474426,0.5770465135574341,0.9288805072162676,0.9269621200481931,0.9271174681936718
679,0.9617382884025574,0.43750008940696716,0.9285937547683716,0.5627888441085815,0.9302919286911652,0.9282343388095097,0.928488082225424
680,0.9612695574760437,0.4359843134880066,0.9303905963897705,0.5721713900566101,0.9317380681273327,0.9298853078805743,0.9301476960682955
681,0.9593750238418579,0.4417722225189209,0.9303125143051147,0.5648488402366638,0.9317986329803633,0.9297910236774738,0.930030907869032
682,0.9588281512260437,0.44157475233078003,0.9294531345367432,0.5619762539863586,0.9309947402175041,0.9291301988153731,0.9292535210323438
683,0.9579296708106995,0.4471302032470703,0.9295312762260437,0.5721251368522644,0.9309052385659918,0.9292625255376681,0.929379913377729
684,0.9600390791893005,0.4423808157444,0.9292968511581421,0.568630039691925,0.9308918072825595,0.9289434782066842,0.9290996405725073
685,0.9600781202316284,0.4402039051055908,0.9271875023841858,0.5716930031776428,0.9286667847082897,0.9269280549055539,0.926999017767151
686,0.95849609375,0.4433993399143219,0.925000011920929,0.5834090113639832,0.9263553007228521,0.9245401141222906,0.9246671658836845
687,0.9599999785423279,0.4437805414199829,0.9241406321525574,0.5857253074645996,0.9257240828526615,0.9236548305972099,0.9238635498866095
688,0.960253894329071,0.43912503123283386,0.9288281202316284,0.5697275400161743,0.9302876914667744,0.9285154312303162,0.9286180015849095
689,0.9604296684265137,0.43915650248527527,0.9282031059265137,0.5730482339859009,0.9296601860287647,0.9280693440741256,0.9280735958515348
690,0.9621679782867432,0.4341168999671936,0.9282812476158142,0.5667041540145874,0.929570573249324,0.9279588193028268,0.9280760920713136
691,0.9600976705551147,0.44102180004119873,0.9297656416893005,0.570461094379425,0.9312160155010829,0.9294521306450091,0.929582517229488
692,0.9605859518051147,0.43831679224967957,0.9286718964576721,0.5695962309837341,0.9305290903016598,0.928238649042918,0.9284904985796129
693,0.9603710770606995,0.4389064908027649,0.9290624856948853,0.5679632425308228,0.9304953515771082,0.9286477788773035,0.9289086813687318
694,0.9601367115974426,0.44156378507614136,0.9263281226158142,0.5761187076568604,0.9275981837270236,0.925993382615186,0.9260642749799324
695,0.9593164324760437,0.44471490383148193,0.9302343726158142,0.5750824213027954,0.9315352345220989,0.9300751507313028,0.9301253580001001
696,0.9604687690734863,0.44019824266433716,0.9290624856948853,0.5768836140632629,0.9303484995631244,0.9288074984637236,0.9288460575612861
697,0.9603515863418579,0.4397571086883545,0.928515613079071,0.572624146938324,0.9299893903647953,0.9282512824835099,0.9283531849428152
698,0.9581054449081421,0.44499266147613525,0.928515613079071,0.5763564109802246,0.9298467751847134,0.9283426729577096,0.9283815439011622
699,0.9582812786102295,0.44490498304367065,0.9235156178474426,0.5878288745880127,0.9248250776557756,0.9235182361698036,0.9234117568876025
700,0.9587500095367432,0.44473910331726074,0.9264843463897705,0.5716238021850586,0.9279322169508701,0.9263131918364909,0.9263474374999339
701,0.9586718678474426,0.4420093894004822,0.9267968535423279,0.5662671327590942,0.9279972194812088,0.9265467403735601,0.9265323055432558
702,0.9598242044448853,0.44157350063323975,0.9303905963897705,0.5630138516426086,0.9319026173312581,0.9301808245810004,0.930279871366557
703,0.9594336152076721,0.44277846813201904,0.9263281226158142,0.5777642726898193,0.9278240082399427,0.9261784015820753,0.9262242999602986
704,0.9597851634025574,0.4410386383533478,0.9286718964576721,0.5690595507621765,0.9300194177731351,0.9283666409515656,0.928508996461739
705,0.9607812762260437,0.4388957917690277,0.9301562309265137,0.5647215843200684,0.9312225631644923,0.9297779014793528,0.929836053600624
706,0.9615429639816284,0.43596309423446655,0.9276562333106995,0.5806609988212585,0.9291010011165733,0.9273742601087653,0.9275547895318492
707,0.9613867402076721,0.43685057759284973,0.9293749928474426,0.5679709911346436,0.9308669872283585,0.928941502938398,0.9291477264534305
708,0.9621484279632568,0.43423229455947876,0.9279687404632568,0.5712616443634033,0.9291043015399592,0.9276762804661056,0.9277911172305999
709,0.9620507955551147,0.43495625257492065,0.9306250214576721,0.5681014657020569,0.9319412432681278,0.9302672657511992,0.930463987854556
710,0.958203136920929,0.4410938620567322,0.9282031059265137,0.5672852993011475,0.9294294076607893,0.9278200121350759,0.9279440508833126
711,0.9618750214576721,0.4343160390853882,0.9289844036102295,0.5646892189979553,0.9302243377216881,0.9288240577132443,0.9288115827519825
712,0.9591211080551147,0.4410380423069,0.9311718940734863,0.5663615465164185,0.932416865033189,0.9308008089939201,0.930962775587616
713,0.9608593583106995,0.4382629692554474,0.9273437261581421,0.5679224729537964,0.9291393674390913,0.9271291498286227,0.9272135934249209
714,0.9598827958106995,0.4362880289554596,0.9282812476158142,0.5728045105934143,0.9296273129882708,0.9279228140531117,0.927984097009545
715,0.9599413871765137,0.43869078159332275,0.9293749928474426,0.5692339539527893,0.9306597930060269,0.9292665945041698,0.9292049281806611
716,0.9582812786102295,0.44513019919395447,0.9271093606948853,0.5747174620628357,0.9282648321250293,0.9267178520602883,0.9267852521978626
717,0.9608007669448853,0.437738835811615,0.9305468797683716,0.5645841360092163,0.9320781577274491,0.9300387518036718,0.930258578298964
718,0.9585351347923279,0.4443143606185913,0.9263281226158142,0.5762833952903748,0.9278965131494354,0.9260694684533012,0.9262174304020061
719,0.958789050579071,0.4434169828891754,0.9296875,0.5669183135032654,0.9311820162232967,0.9293207208327303,0.9295275800910057
720,0.9588671922683716,0.4443680942058563,0.9321093559265137,0.5588595867156982,0.9333977766960257,0.9318016743761444,0.9319301980727241
721,0.9597461223602295,0.44176924228668213,0.9282031059265137,0.576005756855011,0.929564590288962,0.9280622769154527,0.928088999876309
722,0.9599804878234863,0.4398981034755707,0.9300781488418579,0.5607969760894775,0.9315817910561203,0.929796064782028,0.9299921372997813
723,0.9614453315734863,0.4356258809566498,0.932421863079071,0.5578488707542419,0.9338367286010969,0.9321242496612335,0.9323378789159953
724,0.9619531035423279,0.43521612882614136,0.9300000071525574,0.562653124332428,0.9313982908606129,0.9297910749835925,0.9298744693149115
725,0.9609570503234863,0.4356733560562134,0.9291406273841858,0.5654683113098145,0.930201419937303,0.9288110449584848,0.9288482665423108
726,0.9622461199760437,0.434052050113678,0.9300781488418579,0.5647360682487488,0.9314546880977925,0.9300080857625339,0.9300551847701304
727,0.9604882597923279,0.43734318017959595,0.9315624833106995,0.5634470582008362,0.9329349342585982,0.9312982451315075,0.9314443587863661
728,0.9606640338897705,0.435708224773407,0.9302343726158142,0.5669460296630859,0.9313150558739836,0.930178071232814,0.9301575991052495
729,0.960742175579071,0.43583568930625916,0.9271093606948853,0.5676624774932861,0.9280556032096463,0.9266975239644017,0.9267394558088347
730,0.9600390791893005,0.4384598135948181,0.9282031059265137,0.5666292309761047,0.9297919832856848,0.927844926338198,0.9280526119464112
731,0.9604882597923279,0.4371304214000702,0.9235937595367432,0.584226131439209,0.9252629037249498,0.9231451121748211,0.9234218374600602
732,0.9608593583106995,0.4405490458011627,0.9303125143051147,0.5713757872581482,0.9318782002033822,0.9300835876465352,0.9301895133457319
733,0.9602148532867432,0.4368824064731598,0.9289844036102295,0.5700141191482544,0.9303539149236654,0.9285911137603936,0.9287037678476294
734,0.9616992473602295,0.43436363339424133,0.9323437213897705,0.5567158460617065,0.9339343915340532,0.932095885052284,0.9322073773366919
735,0.9610351324081421,0.4338558614253998,0.9287499785423279,0.5667486786842346,0.9299203705567027,0.9284273979887006,0.9285863833891752
736,0.9611914157867432,0.4321475923061371,0.9303905963897705,0.5577055215835571,0.9317232118245803,0.9300534473460067,0.9302226766711506
737,0.9609960913658142,0.4356571137905121,0.927734375,0.5670984387397766,0.9287517323029426,0.9274967164366974,0.9275146377506013
738,0.9617578387260437,0.43644091486930847,0.9295312762260437,0.5708481073379517,0.9310262728548306,0.9293872159874189,0.9294963619572965
739,0.9591601490974426,0.44276347756385803,0.9294531345367432,0.5656799077987671,0.9309343414986281,0.9291557591115255,0.9292455391454093
740,0.9596288800239563,0.44000425934791565,0.9242187738418579,0.5914371013641357,0.9259162893919328,0.9238220478274303,0.9239286866540011
741,0.9588086009025574,0.44035813212394714,0.9296093583106995,0.5657873749732971,0.9308322614452156,0.9293210214264691,0.9293891370650613
742,0.9605468511581421,0.4373304843902588,0.9271875023841858,0.5718709230422974,0.9284212363993142,0.926936710561625,0.9269676380213725
743,0.9615234136581421,0.4358397424221039,0.9267187714576721,0.5695120096206665,0.9278422933703653,0.926328006138442,0.9265118340582907
744,0.9588476419448853,0.4417516589164734,0.932421863079071,0.5610665678977966,0.9335365589136844,0.9320526815830941,0.9321682142654653
745,0.9600976705551147,0.43915820121765137,0.9314062595367432,0.5630886554718018,0.9327905302048549,0.9311775910279141,0.931255083706414
746,0.9606249928474426,0.434783935546875,0.9276562333106995,0.5692631602287292,0.9292467539589079,0.9273627260803801,0.9275762684870903
747,0.9600195288658142,0.4388711452484131,0.9296093583106995,0.563696026802063,0.9309293858606447,0.9295066017367115,0.9295567195492426
748,0.9610351324081421,0.43597519397735596,0.9303905963897705,0.5647737979888916,0.9315890553209782,0.9301626658338681,0.9301553714601378
749,0.9601367115974426,0.4395560920238495,0.9288281202316284,0.5656060576438904,0.9305318362148547,0.9283885356646702,0.9286232168972468
750,0.9585742354393005,0.44322335720062256,0.9255468845367432,0.5772249102592468,0.9269133908664218,0.9252553601844138,0.9253353170546985
751,0.9587304592132568,0.4418330788612366,0.9300000071525574,0.559486985206604,0.931403307667953,0.9296960006409274,0.9298167833799217
752,0.9595116972923279,0.4405829906463623,0.9338281154632568,0.5575337409973145,0.9349020196755585,0.9337913817645609,0.9337076804639222
753,0.9608984589576721,0.43738675117492676,0.9270312786102295,0.5685003995895386,0.9286031036254317,0.9266984070881887,0.9268102333554593
754,0.9611914157867432,0.43357783555984497,0.9331250190734863,0.5550257563591003,0.9345027628535689,0.9329012090337012,0.9329645130456219
755,0.9624804854393005,0.4319996237754822,0.9339062571525574,0.5495956540107727,0.9352314296356903,0.933567547835136,0.9336705767687069
756,0.9616601467132568,0.4324502646923065,0.9311718940734863,0.5507767200469971,0.9326444880799115,0.9306754775450443,0.9308376193729484
757,0.960644543170929,0.4348682761192322,0.9310937523841858,0.5628766417503357,0.932606519134468,0.9307777228027094,0.9308449788859355
758,0.9615039229393005,0.4337467551231384,0.9307031035423279,0.5599753856658936,0.9319649362944139,0.9303642204243222,0.9305210843108415
759,0.9605468511581421,0.4342731833457947,0.9286718964576721,0.5616101026535034,0.9301935140964952,0.9285063648056155,0.9285211445212461
760,0.9600585699081421,0.43307867646217346,0.9287499785423279,0.5636799335479736,0.9301267410202052,0.9286414639143036,0.9287020401068103
761,0.9603906273841858,0.4380534887313843,0.9274218678474426,0.5655317306518555,0.9289872056054418,0.9272319779829626,0.927303178027416
762,0.9614062309265137,0.4325981140136719,0.930859386920929,0.5555188655853271,0.932160363800022,0.930542893947246,0.9306241421223578
763,0.9593750238418579,0.43811964988708496,0.9275000095367432,0.562843918800354,0.9288937518896574,0.9273008100494764,0.927332556572194
764,0.9581640362739563,0.44135773181915283,0.9282031059265137,0.571844220161438,0.9294168017864954,0.9279132462203461,0.9280410152444519
765,0.9589062333106995,0.4400024712085724,0.9311718940734863,0.5566411018371582,0.9325078158371348,0.9310291750854189,0.9311064030742551
766,0.960644543170929,0.43824177980422974,0.9327343702316284,0.563567042350769,0.9342128224826465,0.9324231529782714,0.9325921546533953
767,0.962109386920929,0.4308001399040222,0.9302343726158142,0.557265043258667,0.9316877542260644,0.9300537053237592,0.9301212336663242
768,0.9619531035423279,0.43456918001174927,0.9280468821525574,0.5709051489830017,0.9295244034470529,0.9278336311683995,0.9279750874053374
769,0.9614062309265137,0.43571150302886963,0.9292968511581421,0.5628537535667419,0.9308083071626397,0.9290410894714458,0.9291097058149332
770,0.961230456829071,0.4333617389202118,0.9278905987739563,0.5692107677459717,0.9292730453640321,0.9277416242737783,0.9277848359023747
771,0.9590429663658142,0.4382741451263428,0.9303905963897705,0.5691286325454712,0.9318316854501199,0.9299881680206407,0.9301110568502303
772,0.9623242020606995,0.43287840485572815,0.9279687404632568,0.5746150016784668,0.9293310166578873,0.9276561469344267,0.9277450664791322
773,0.9608007669448853,0.4328708350658417,0.9288281202316284,0.5563539862632751,0.9304009093135439,0.9284383675867817,0.9286179803992383
774,0.9610937237739563,0.4335145652294159,0.9268749952316284,0.5661678314208984,0.9285789795775896,0.9266160768524957,0.9267298015311611
775,0.9609960913658142,0.43418240547180176,0.9307031035423279,0.5497896671295166,0.9318693057591265,0.9304714116701815,0.9305060595640771
776,0.9602344036102295,0.43582412600517273,0.9310937523841858,0.5577476024627686,0.932196953366934,0.9308700716616319,0.930859349422378
777,0.9611523151397705,0.4337351620197296,0.9311718940734863,0.5529285669326782,0.9322699218582089,0.9307063916675181,0.9308172090857806
778,0.9600390791893005,0.4352618455886841,0.9326562285423279,0.5552791357040405,0.934167271669013,0.9323071471813741,0.9324489952514328
779,0.962207019329071,0.4335547387599945,0.9325000047683716,0.5501452088356018,0.9336935833859357,0.9321440225305822,0.9322859107311827
780,0.9611718654632568,0.43318983912467957,0.9302343726158142,0.551620364189148,0.9318115186985476,0.929933366601265,0.930088155676279
781,0.9622461199760437,0.43284785747528076,0.9325000047683716,0.5487253665924072,0.9335904486072779,0.9322129984293244,0.9322718276388329
782,0.9611132740974426,0.43443819880485535,0.9275781512260437,0.5583122968673706,0.9286554630568857,0.92719188089748,0.9271950455859046
783,0.9605273604393005,0.43486377596855164,0.9294531345367432,0.5537793040275574,0.9308119146718261,0.9290913848818244,0.9292432915609325
784,0.9602344036102295,0.43753138184547424,0.9281250238418579,0.5564877986907959,0.9295851279894656,0.9278226626760053,0.9278549850587337
785,0.9623827934265137,0.42742660641670227,0.9300781488418579,0.5632840394973755,0.9312219065590182,0.929796184253668,0.9298585669089319
786,0.9602344036102295,0.4346427917480469,0.9257031083106995,0.5661162734031677,0.9269185885488933,0.9255122453357559,0.9255958247099365
787,0.9603710770606995,0.43608421087265015,0.9282812476158142,0.5606662631034851,0.9297763299242222,0.9280072854669146,0.9281850231843409
788,0.9603320360183716,0.4368705749511719,0.9320312738418579,0.5600930452346802,0.9336278328382822,0.9318185067784053,0.9319738507695097
789,0.9606835842132568,0.43324488401412964,0.9329687356948853,0.5541393756866455,0.934240515291095,0.9326403157121552,0.9327609696745569
790,0.9607617259025574,0.4342203140258789,0.9310156106948853,0.5600119829177856,0.9322525623734953,0.9307568443131509,0.9308053172948045
791,0.9625195264816284,0.4285588562488556,0.9341406226158142,0.5459040999412537,0.9356691977007588,0.9339073380922429,0.9339760393457153
792,0.9627148509025574,0.4288504123687744,0.9312499761581421,0.5534957647323608,0.9327548140477945,0.9309956173306408,0.9311721700441493
793,0.9608984589576721,0.43032020330429077,0.930859386920929,0.5564920902252197,0.9323807446403192,0.9308081841797102,0.9308291433574816
794,0.9606640338897705,0.4322824776172638,0.9328906536102295,0.5476554036140442,0.9342611446048356,0.9326649015495054,0.9327672968396782
795,0.9599218964576721,0.4347023367881775,0.9278125166893005,0.5673678517341614,0.929394230018906,0.9275854769132749,0.9276045902405695
796,0.9608203172683716,0.4334556460380554,0.9328906536102295,0.5561012029647827,0.9341224828168472,0.9325780039481364,0.9327512015441825
797,0.9615039229393005,0.4343993663787842,0.9310937523841858,0.5517105460166931,0.9324821313371412,0.9308959610089875,0.9310841663587396
798,0.9610156416893005,0.4343787729740143,0.9314844012260437,0.5510399341583252,0.932647178110751,0.9311382557584784,0.93124569889439
799,0.961132824420929,0.43502792716026306,0.9305468797683716,0.557965874671936,0.9318594664980296,0.9302752767181359,0.9303394096249373
800,0.9598242044448853,0.43726497888565063,0.928906261920929,0.5619094967842102,0.930191111397636,0.9286779635240988,0.9286965108056715
801,0.9616405963897705,0.43349823355674744,0.9307031035423279,0.5605518221855164,0.9320449973372809,0.9305562520726333,0.9306674188887962
802,0.9610156416893005,0.43310436606407166,0.9311718940734863,0.5586686730384827,0.9327006307307326,0.9307911793004575,0.930993233442841
803,0.9607812762260437,0.43459486961364746,0.9309375286102295,0.5580975413322449,0.9324257544060447,0.9306173240024688,0.9308344932385298
804,0.96142578125,0.43344175815582275,0.9288281202316284,0.5579032301902771,0.930392096405521,0.9286330495440449,0.9287221154180878
805,0.9599804878234863,0.43912968039512634,0.9297656416893005,0.5586280226707458,0.9312536269933175,0.9295895365072466,0.9297077079307022
806,0.96044921875,0.4367985129356384,0.9322656393051147,0.5543422102928162,0.9336368227954251,0.9319727796030484,0.9321215023114121
807,0.9602344036102295,0.4339953660964966,0.9301562309265137,0.5647597312927246,0.9313706568746283,0.9296519008715005,0.9297747743020601
808,0.9628320336341858,0.4278339743614197,0.9292187690734863,0.565593421459198,0.9303719681924716,0.9289478885458538,0.9289754768289409
809,0.9602929949760437,0.43586406111717224,0.9292187690734863,0.5588812828063965,0.9304431252864542,0.9288975227013481,0.9289658359123736
810,0.9610351324081421,0.4343080520629883,0.9319531321525574,0.5557863116264343,0.9332035758454378,0.9314937570376146,0.9316868847199491
811,0.960742175579071,0.43391522765159607,0.930468738079071,0.5662147402763367,0.9320791070776026,0.9302370860242262,0.9303753261515775
812,0.9612890481948853,0.43291065096855164,0.9225780963897705,0.5824717283248901,0.924096954752748,0.9223311054000507,0.9223402792096158
813,0.9585546851158142,0.43919968605041504,0.9293749928474426,0.5574894547462463,0.9311975864910886,0.9290433576989866,0.9292542867588744
814,0.9619726538658142,0.4328345060348511,0.9267968535423279,0.565947949886322,0.9284257436193586,0.926600803649907,0.9267388536942213
815,0.9608984589576721,0.4343078136444092,0.9278125166893005,0.5593069791793823,0.9292654782049188,0.9274906582992848,0.9275222705146009
816,0.9615429639816284,0.4312847852706909,0.9320312738418579,0.5579884052276611,0.9334891175451314,0.93167375826357,0.9318095360283354
817,0.96240234375,0.43092235922813416,0.9285937547683716,0.5631784200668335,0.9298058607308325,0.928485737603173,0.9284702812388581
818,0.9616015553474426,0.4325982332229614,0.9325781464576721,0.5474981069564819,0.9340938206957268,0.9323337788840471,0.9325055655725742
819,0.9629882574081421,0.4301321804523468,0.9286718964576721,0.5625767707824707,0.9302689338361114,0.9282043703063656,0.9284771930094209
820,0.9618750214576721,0.43064290285110474,0.9273437261581421,0.565563976764679,0.9290517923231236,0.9268934720193336,0.9271845995839909
821,0.9608593583106995,0.4301517903804779,0.9293749928474426,0.5570645332336426,0.9306913179876454,0.9289810040176205,0.9292053368452562
822,0.9625781178474426,0.42858612537384033,0.9305468797683716,0.5573745965957642,0.9319181276977953,0.9303067295091111,0.9304292787612599
823,0.9604882597923279,0.4327235817909241,0.9294531345367432,0.5539023876190186,0.9309860757806399,0.929030448310191,0.9292118785432792
824,0.9603906273841858,0.4314475953578949,0.9303125143051147,0.5606156587600708,0.9317123441465252,0.9300352874144928,0.9301515008147838
825,0.9602344036102295,0.43366265296936035,0.9247656464576721,0.5738745331764221,0.9259302020576083,0.9243895316977041,0.9244472200736646
826,0.9602734446525574,0.43671923875808716,0.9280468821525574,0.564055323600769,0.92934156406989,0.9277073544612168,0.9278225338773111
827,0.9610156416893005,0.4340437352657318,0.9291406273841858,0.5594460368156433,0.9307069994607269,0.9288421121511279,0.9290113120216605
828,0.9600781202316284,0.4332798421382904,0.9250781536102295,0.5798231363296509,0.9265492836332729,0.9246730334246027,0.9247689344439913
829,0.9618750214576721,0.43276527523994446,0.9275000095367432,0.5613849759101868,0.9288265387519586,0.9272392932337945,0.9273405468719189
830,0.9618750214576721,0.42826053500175476,0.9295312762260437,0.5530832409858704,0.9305425135622332,0.9291645746180914,0.9292038438623357
831,0.9594922065734863,0.4358585476875305,0.926562488079071,0.564203143119812,0.9277763763443994,0.9261665064061329,0.9261960386258232
832,0.9599609375,0.43432414531707764,0.9288281202316284,0.5537838935852051,0.9301295575314082,0.9283646078046927,0.9285354477268313
833,0.9594336152076721,0.4353927969932556,0.9295312762260437,0.5550404787063599,0.9308285369422606,0.9293039589640211,0.9294248434265617
834,0.9603515863418579,0.4342465102672577,0.9290624856948853,0.5579413175582886,0.9304453920676128,0.9286481910894302,0.9287749306155391
835,0.9612109661102295,0.43306592106819153,0.930859386920929,0.5479965806007385,0.9321886795857994,0.9305796485692389,0.9306684066476748
836,0.9595702886581421,0.4358828663825989,0.9317187666893005,0.5547115206718445,0.9329441221074366,0.9314469601253007,0.9315226008200971
837,0.9606054425239563,0.43289583921432495,0.9303125143051147,0.5627636909484863,0.9317173158819745,0.9300217352321252,0.9300651832936149
838,0.9601757526397705,0.4363723695278168,0.9291406273841858,0.5682946443557739,0.9304454402769251,0.9288592720697217,0.9289518624584949
839,0.9624218940734863,0.4281054735183716,0.9273437261581421,0.5656729936599731,0.9288391827354392,0.927071348317674,0.9271915911294042
840,0.9619336128234863,0.4311985373497009,0.9276562333106995,0.566966712474823,0.9288979066248829,0.9274320828097922,0.9273620988222666
841,0.959667980670929,0.43478575348854065,0.9333593845367432,0.551355242729187,0.9348284934716489,0.9330302271770052,0.933229264881418
842,0.9620507955551147,0.4300938844680786,0.9295312762260437,0.5542387962341309,0.9308017918174403,0.9291573809822676,0.9292383590206688
843,0.9623437523841858,0.43009257316589355,0.9275781512260437,0.5611587762832642,0.9290933381068147,0.92725205489033,0.9273488878467149
844,0.9634765386581421,0.4266585409641266,0.9264843463897705,0.5720361471176147,0.9278925850582006,0.9262079838749803,0.9262816141800423
845,0.9621484279632568,0.42726677656173706,0.9307812452316284,0.5546594858169556,0.9319550068064248,0.9302204354330945,0.9304425021712808
846,0.9616796970367432,0.42772161960601807,0.9317187666893005,0.5536755919456482,0.9333631412273018,0.9314876602207172,0.9316743007731497
847,0.9632617235183716,0.4245081841945648,0.9328906536102295,0.5462064146995544,0.9339187877577619,0.9324288271005479,0.9326088985507974
848,0.9612109661102295,0.4302566945552826,0.9278905987739563,0.561169445514679,0.9292525526865757,0.9275305132649196,0.9277193043758627
849,0.9609179496765137,0.43032771348953247,0.9287499785423279,0.5556566715240479,0.929739603504868,0.9285135390497752,0.928442451245032
850,0.9609179496765137,0.4326644539833069,0.9297656416893005,0.560903787612915,0.9311541157336121,0.9295666795922164,0.929623320270043
851,0.9616405963897705,0.4289156198501587,0.9292968511581421,0.5610213279724121,0.930560603028886,0.9289815188620387,0.9290773177108401
852,0.9607617259025574,0.431700736284256,0.9312499761581421,0.5535811185836792,0.9321813005186134,0.9309247168331085,0.9309554733914607
853,0.9608593583106995,0.43159788846969604,0.9292187690734863,0.5608586072921753,0.9304673942949075,0.9289041639138826,0.929047895479099
854,0.9586523175239563,0.4358330965042114,0.9350000023841858,0.5406599640846252,0.9361840034258635,0.9348036328341964,0.9348591033856786
855,0.9599804878234863,0.4329332113265991,0.9294531345367432,0.5625691413879395,0.931249996197195,0.9291032487376831,0.929317088243748
856,0.9599413871765137,0.4332728683948517,0.9305468797683716,0.5577056407928467,0.9321354983616628,0.9303739211056155,0.93048591957978
857,0.9578320384025574,0.4409008026123047,0.9332031011581421,0.5508300065994263,0.9346302807574498,0.9327857364997745,0.9330156485976868
858,0.9607617259025574,0.43385741114616394,0.932421863079071,0.5595402717590332,0.933809366761434,0.932225787965164,0.932325161801177
859,0.9608007669448853,0.4330447316169739,0.9303905963897705,0.5572880506515503,0.9316768686126727,0.9301063924460318,0.9301999707103992
860,0.9618359208106995,0.431059867143631,0.9289844036102295,0.5611166954040527,0.9304018051037592,0.9287069197650814,0.9288077174104064
861,0.9612109661102295,0.4299505949020386,0.9282031059265137,0.5650420784950256,0.9295150830491542,0.9279073388144453,0.9279951415006906
862,0.9616796970367432,0.43236324191093445,0.9326562285423279,0.5549507737159729,0.9341470374469685,0.9325601843092299,0.9326856066841035
863,0.9619922041893005,0.4279426336288452,0.9293749928474426,0.5576785206794739,0.9307619492678227,0.929091008327126,0.9292108243323418
864,0.9619336128234863,0.4298713803291321,0.9312499761581421,0.5551862120628357,0.9328045556264979,0.9309146588649607,0.9311195676966201
865,0.9625585675239563,0.4310210347175598,0.9293749928474426,0.552236020565033,0.930805366630814,0.9289855371081286,0.9292229109401586
866,0.9617773294448853,0.4286760985851288,0.9300000071525574,0.5553325414657593,0.931364341671082,0.9296281842994514,0.9298067692479227
867,0.9634570479393005,0.425311803817749,0.9298437237739563,0.5525152087211609,0.9310613310469993,0.9295915452692389,0.929636220427754
868,0.9611718654632568,0.4282338619232178,0.9321093559265137,0.5564391613006592,0.9335170667253626,0.9319647148444256,0.9320309165014293
869,0.9631640911102295,0.42529332637786865,0.9305468797683716,0.5502179265022278,0.9316120421444508,0.9301933906960707,0.930238857556685
870,0.9621875286102295,0.42923182249069214,0.9305468797683716,0.5572026968002319,0.9317508479685906,0.9301403159861357,0.9303355708054191
871,0.9600781202316284,0.4315163791179657,0.9314844012260437,0.5563884973526001,0.9324323858268235,0.9312417999842869,0.9312918542402647
872,0.9612695574760437,0.4281025230884552,0.9275781512260437,0.557601809501648,0.9289263182572455,0.927218321293247,0.9274301578866164
873,0.9605273604393005,0.4330708384513855,0.9299218654632568,0.5565552115440369,0.9313034053872139,0.9295491534672469,0.9297099517886855
874,0.9620116949081421,0.42802220582962036,0.9325000047683716,0.5512827038764954,0.9338388281089336,0.9320620904489202,0.932198681661695
875,0.9612695574760437,0.4309636652469635,0.9287499785423279,0.5648791790008545,0.930353451897003,0.928264088820669,0.928450620052311
876,0.9633593559265137,0.4243672490119934,0.9321874976158142,0.5474022030830383,0.9336261228777202,0.9319403142486088,0.9320965205835352
877,0.9615429639816284,0.4286482334136963,0.9298437237739563,0.5560722351074219,0.9313548425353764,0.9295968227478948,0.9296854956174369
878,0.9615429639816284,0.4287795126438141,0.9323437213897705,0.5493587255477905,0.9338427369493236,0.9319748718143959,0.93216061245692
879,0.9608203172683716,0.42938128113746643,0.9326562285423279,0.5482170581817627,0.9343772803693009,0.9322889852758842,0.9325446564940745
880,0.9612500071525574,0.43088921904563904,0.930859386920929,0.5448154807090759,0.9321218989956204,0.9303714469384958,0.930570422086545
881,0.9611523151397705,0.4332711696624756,0.9325781464576721,0.5501315593719482,0.9343112969057441,0.9320780246269791,0.9323449005412581
882,0.960156261920929,0.4315004050731659,0.9299218654632568,0.5555864572525024,0.9314170065585374,0.929701825209994,0.9297791644572887
883,0.9628515839576721,0.427278071641922,0.9323437213897705,0.5528805255889893,0.9338980631683307,0.9318399304679452,0.9321590794059231
884,0.9630273580551147,0.423979252576828,0.9327343702316284,0.5518369674682617,0.9338800171382247,0.9326122867175808,0.9326074967381492
885,0.9618554711341858,0.42711806297302246,0.9295312762260437,0.5584436655044556,0.930973887303652,0.9293130805008214,0.9293806918847745
886,0.9611718654632568,0.4308423697948456,0.9292187690734863,0.5551512241363525,0.9305112923206238,0.9288642294552484,0.9290598014363609
887,0.9620702862739563,0.4300880432128906,0.932812511920929,0.5522335767745972,0.9341034516767422,0.9323472675542733,0.9325638014761504
888,0.9624804854393005,0.42671120166778564,0.9294531345367432,0.5549780130386353,0.9309006190585816,0.9291945659660101,0.9292238728426307
889,0.9629296660423279,0.4260256886482239,0.9314844012260437,0.5527696013450623,0.9329416903881469,0.9310672734671825,0.9312858413031324
890,0.9630273580551147,0.4241613745689392,0.9278125166893005,0.5555254220962524,0.9291551908718048,0.9275508963823145,0.927603232874199
891,0.9634179472923279,0.4243842363357544,0.932421863079071,0.5510010719299316,0.9336302026718482,0.9319389538228133,0.9321378042856536
892,0.9616796970367432,0.4288925230503082,0.9337499737739563,0.54868483543396,0.9352083070944697,0.9333900041745163,0.9335488343456206
893,0.9610937237739563,0.42781439423561096,0.9310937523841858,0.5556499361991882,0.9324357953299605,0.9310621214092059,0.9310560903882615
894,0.962109386920929,0.4251905381679535,0.927734375,0.5641766786575317,0.9291577946780232,0.927414577410143,0.9275855628303062
895,0.9623047113418579,0.42522692680358887,0.9292968511581421,0.5625442862510681,0.9308074334456862,0.9290793409571934,0.9291508123623191
896,0.9625585675239563,0.4256539046764374,0.9339062571525574,0.5472590923309326,0.9354931417378088,0.9335775869172682,0.933720121384144
897,0.9612109661102295,0.42838576436042786,0.9321093559265137,0.5531303286552429,0.9336531520675645,0.9317721115553147,0.9318853674577388
898,0.9611132740974426,0.42985302209854126,0.9290624856948853,0.5527507662773132,0.9306103189321211,0.9288203025407733,0.9289379303254437
899,0.9608984589576721,0.43029922246932983,0.9263281226158142,0.5682082176208496,0.9277228658690986,0.9260988562761147,0.9262178858325327
900,0.9598633050918579,0.4330076575279236,0.9299218654632568,0.5514682531356812,0.9317280643683337,0.9297127537476084,0.9298083125890895
901,0.9613085985183716,0.42765647172927856,0.9311718940734863,0.548927366733551,0.9324810334701941,0.9309685469423271,0.9310770243297456
902,0.9637109637260437,0.42350906133651733,0.9303905963897705,0.5558178424835205,0.9321535007499266,0.9301883453683704,0.9302483669278563
903,0.9615820050239563,0.42700088024139404,0.9260156154632568,0.5600044131278992,0.9271939246979946,0.9256877990790022,0.9257875002565976
904,0.9607031345367432,0.42998218536376953,0.9293749928474426,0.5569537281990051,0.9305764513966122,0.9291792787076748,0.9291405377733946
905,0.9626171588897705,0.4260852038860321,0.9282812476158142,0.5614464282989502,0.9295561493089438,0.9280418147897038,0.9281002260145372
906,0.9629687666893005,0.42324206233024597,0.9314844012260437,0.5593428611755371,0.9329239303290497,0.9311863486718053,0.93123050890434
907,0.9625195264816284,0.4245315492153168,0.9302343726158142,0.5565980672836304,0.9314901643130937,0.9298758257755307,0.9299583479632885
908,0.9612695574760437,0.42781880497932434,0.9284374713897705,0.5581444501876831,0.9296663977922416,0.9280546099823623,0.9281589048084423
909,0.9621875286102295,0.42529749870300293,0.9299218654632568,0.5554608106613159,0.9315105510551636,0.9295699270866661,0.9297027277623078
910,0.9644336104393005,0.42198872566223145,0.9332031011581421,0.5482103228569031,0.9346774925717252,0.9327472734700063,0.9329369030583718
911,0.9637500047683716,0.4223175346851349,0.9305468797683716,0.5494602918624878,0.9322310499389989,0.9301375148736755,0.930292093010422
912,0.9614843726158142,0.4265274405479431,0.9302343726158142,0.5465626120567322,0.9315994729827333,0.929905346482168,0.9300239410446718
913,0.9640429615974426,0.42308858036994934,0.9318749904632568,0.546068012714386,0.9333561430561272,0.931460362488606,0.9315478778559301
914,0.9624999761581421,0.42448338866233826,0.9288281202316284,0.553704023361206,0.9304232432955066,0.9285681102710286,0.9286689763868543
915,0.9604882597923279,0.4288257658481598,0.9336718916893005,0.5477423071861267,0.9347210914309312,0.9334637522127581,0.9334912061861502
916,0.9619922041893005,0.42522045969963074,0.9334375262260437,0.5436551570892334,0.9350289891770264,0.9331564812847389,0.9332980564306415
917,0.9619922041893005,0.4295097589492798,0.9331250190734863,0.5530710220336914,0.9344277632448915,0.9327869759676913,0.9328680117388126
918,0.9610742330551147,0.42921146750450134,0.9288281202316284,0.5523416996002197,0.9305380426265151,0.9285414445790983,0.9286901550306019
919,0.9598827958106995,0.4330282211303711,0.9303125143051147,0.5508975386619568,0.9316137007504032,0.9298331409913587,0.9300346418180329
920,0.9604882597923279,0.42955198884010315,0.9303125143051147,0.551845133304596,0.9317325785697119,0.9298690926303155,0.9300929998969338
921,0.9633007645606995,0.4227339029312134,0.9337499737739563,0.5437748432159424,0.9349966731067977,0.9333892843679565,0.9335677618331495
922,0.9615039229393005,0.4254915714263916,0.9317968487739563,0.5499370694160461,0.9332528139426453,0.9313810152345157,0.9315994088297017
923,0.9608007669448853,0.4308658540248871,0.930468738079071,0.5479099750518799,0.9316449945023688,0.9303036083376306,0.9302621085194444
924,0.9614648222923279,0.42575615644454956,0.9339062571525574,0.5513832569122314,0.9351068830004041,0.9336461521712112,0.9337320746495451
925,0.9615234136581421,0.4270409643650055,0.9305468797683716,0.5559741854667664,0.9321184187626546,0.9303838760478609,0.9304532985607421
926,0.9624218940734863,0.4240208566188812,0.9331250190734863,0.5434098243713379,0.93454839651367,0.9327088441828801,0.9329277535650531
927,0.9600781202316284,0.4295274019241333,0.9335156083106995,0.5443564057350159,0.9347446831929862,0.9330005961078445,0.9330955871655935
928,0.9615820050239563,0.42984920740127563,0.9331250190734863,0.5520033836364746,0.9345094085592527,0.9328503152175441,0.9329055151452093
929,0.9609179496765137,0.4316794276237488,0.9315624833106995,0.559619665145874,0.9330073386926705,0.9312877815808124,0.9314133331553951
930,0.9612500071525574,0.429465651512146,0.9348437786102295,0.5419114828109741,0.9360591414499475,0.9346509626820275,0.9347794523421575
931,0.96142578125,0.42719337344169617,0.9303125143051147,0.551792323589325,0.9316394298913526,0.9300949123665938,0.9301457864377827
932,0.9612695574760437,0.4286649823188782,0.9274218678474426,0.5602343678474426,0.9289209152782678,0.9271508309240744,0.9272195601010869
933,0.9632031321525574,0.4239380359649658,0.931640625,0.5449548363685608,0.9328560559872527,0.9314355763670781,0.9315343303309247
934,0.9609179496765137,0.42928943037986755,0.9310937523841858,0.5561254024505615,0.9326394161868494,0.9308375091913434,0.9309929823634235
935,0.9615820050239563,0.42498892545700073,0.9295312762260437,0.5571336150169373,0.9311246472772694,0.9292785468930154,0.9293805721885153
936,0.9620507955551147,0.4247947931289673,0.931640625,0.5500075817108154,0.9330682635263754,0.931142953093944,0.9313393903313778
937,0.9638476371765137,0.4199776351451874,0.930468738079071,0.5465786457061768,0.9318100009547623,0.9300369198211053,0.9301573817931379
938,0.9611132740974426,0.4269687533378601,0.9320312738418579,0.5435696244239807,0.9334549908008787,0.9314797242512591,0.9317370575722277
939,0.9620898365974426,0.42392975091934204,0.9336718916893005,0.5406270623207092,0.9351337370639115,0.9332968480738217,0.933550634619511
940,0.9620507955551147,0.42688557505607605,0.9328906536102295,0.5509856939315796,0.9339493474861895,0.9325677745281112,0.932657213688966
941,0.9624999761581421,0.4259398579597473,0.9352343678474426,0.5369024872779846,0.9365676801395229,0.935026486702097,0.9352021393357014
942,0.9636132717132568,0.4215649664402008,0.9320312738418579,0.5443632006645203,0.9334072109553082,0.9317299796030897,0.9318908862447255
943,0.9630273580551147,0.4234757721424103,0.9322656393051147,0.545742392539978,0.9336288272670076,0.9319886194828849,0.9320296899768052
944,0.9623437523841858,0.42372679710388184,0.9302343726158142,0.5504301190376282,0.9318213319066988,0.92979089692524,0.9300473753805656
945,0.9622851610183716,0.42423397302627563,0.9337499737739563,0.5542240738868713,0.9349326920335367,0.9333911809942232,0.9334513728985702
946,0.9630468487739563,0.4210236668586731,0.9344531297683716,0.5450907349586487,0.935450977784301,0.934261354848773,0.9342148103726906
947,0.9630663990974426,0.42134711146354675,0.9317968487739563,0.5414750576019287,0.9331931553375186,0.9314948033376442,0.9314803971883561
948,0.9632031321525574,0.4201156497001648,0.9326562285423279,0.547447681427002,0.934105807357811,0.9322455941575594,0.9324507635732414
949,0.9611132740974426,0.428257554769516,0.9341406226158142,0.5400360226631165,0.9352661239607375,0.9338240382961633,0.9339231301983641
950,0.9621484279632568,0.42403778433799744,0.9338281154632568,0.5400950908660889,0.9352445880781857,0.9334716519941221,0.9336136898706682
951,0.9624413847923279,0.4241117238998413,0.9319531321525574,0.5538607835769653,0.9331582021505725,0.9316409679318478,0.9316930766099236
952,0.9623242020606995,0.42171844840049744,0.935546875,0.5431704521179199,0.936923825645263,0.9352098827965505,0.9353120436433853
953,0.9604882597923279,0.42755648493766785,0.9307812452316284,0.5578476786613464,0.9322869994016922,0.9303957511182583,0.930549052496759
954,0.9603320360183716,0.4262334406375885,0.9318749904632568,0.5519031286239624,0.9331950762732429,0.9315970679232484,0.93166629057276
955,0.9617578387260437,0.424399733543396,0.9317968487739563,0.5512425899505615,0.9330947309699249,0.9315261953017855,0.931575941420022
956,0.9620898365974426,0.42607712745666504,0.9302343726158142,0.559465229511261,0.9315407543515664,0.9300292546089943,0.9300295815304245
957,0.9622851610183716,0.4219103157520294,0.9331250190734863,0.5462217330932617,0.9342747206352857,0.9328676720012732,0.9328532194849284
958,0.9641211032867432,0.4163190424442291,0.9288281202316284,0.5521209836006165,0.9301042237066633,0.9283105821898399,0.9284956242789225
959,0.9626171588897705,0.4245438873767853,0.9299218654632568,0.5559040307998657,0.9311500856105792,0.9297888233560597,0.9297511798036784
960,0.9626562595367432,0.4244139492511749,0.9312499761581421,0.5459415912628174,0.9324280589574334,0.9310433568906762,0.9310208255423277
961,0.9612109661102295,0.4250212609767914,0.9292187690734863,0.5573793053627014,0.9303723472067951,0.9288685548105187,0.9288834475559709
962,0.960156261920929,0.4246964752674103,0.930468738079071,0.5552337169647217,0.9314734519341488,0.9303126280460781,0.9302768385757636
963,0.9596288800239563,0.43133509159088135,0.9338281154632568,0.5512557625770569,0.9349172811737172,0.9336785417830169,0.9336578720550357
964,0.9619531035423279,0.42507970333099365,0.9322656393051147,0.5450679063796997,0.9335030216578394,0.9319379927573724,0.931952859958274
965,0.9624804854393005,0.4243886470794678,0.9289844036102295,0.5546730160713196,0.929970429641457,0.9286972765010395,0.928690013232139
966,0.9600585699081421,0.4289526641368866,0.9285937547683716,0.5575740337371826,0.9297003646300993,0.928315175011722,0.9283054491741675
967,0.9621679782867432,0.42758992314338684,0.9339062571525574,0.5441229939460754,0.9351085830358121,0.9336899327696,0.933707982100282
968,0.9639257788658142,0.41776230931282043,0.9344531297683716,0.5353084802627563,0.9357732679489174,0.9341162956767786,0.934284506492342
969,0.9621875286102295,0.42096641659736633,0.9344531297683716,0.5388767719268799,0.9355150397966435,0.9343871468483759,0.9343267415544068
970,0.9625585675239563,0.4218696355819702,0.9313281178474426,0.5453536510467529,0.93263084617188,0.9310630610932245,0.9311284746607564
971,0.9633984565734863,0.42051970958709717,0.9310156106948853,0.547457218170166,0.9325798442812798,0.9308234507916928,0.9308623132543687
972,0.9635351300239563,0.4179450571537018,0.932812511920929,0.5429623126983643,0.9340911228624329,0.9326000689737222,0.9327058182468857
973,0.9613085985183716,0.42520371079444885,0.9348437786102295,0.5386876463890076,0.9361737964997396,0.9346373801292873,0.9347416854852314
974,0.962207019329071,0.42274630069732666,0.9311718940734863,0.5529175996780396,0.9324571617333995,0.9309521494397744,0.9310196150289285
975,0.9624218940734863,0.42257556319236755,0.9322656393051147,0.5480884313583374,0.9337001158241645,0.9319707533851253,0.9320402577047538
976,0.9625195264816284,0.423730731010437,0.9255468845367432,0.5595176219940186,0.9269207413355878,0.9251829423654746,0.9253261023312105
977,0.9612695574760437,0.424764484167099,0.932421863079071,0.5388665199279785,0.9339015641782847,0.932228651803949,0.932249830872944
978,0.9606640338897705,0.42750778794288635,0.9353906512260437,0.5409899353981018,0.9367347053948718,0.935254082225687,0.9353510210454874
979,0.962695300579071,0.4237560033798218,0.9339843988418579,0.5458422303199768,0.9354792607036191,0.933878598518749,0.9338728563756262
980,0.9636523723602295,0.4168705642223358,0.936328113079071,0.5418260097503662,0.9374793032294643,0.9361009257260808,0.9361886512744382
981,0.9634179472923279,0.4187701940536499,0.9309375286102295,0.5557425618171692,0.9322364104949661,0.9307520905366866,0.9308060507977001
982,0.9636132717132568,0.41932377219200134,0.9339062571525574,0.5469661951065063,0.935173320299436,0.93371780400949,0.9337964297962456
983,0.9617773294448853,0.4261203706264496,0.9313281178474426,0.5534987449645996,0.9328119884424995,0.9310756980300476,0.9311876494808218
984,0.9627148509025574,0.4213966727256775,0.9317187666893005,0.5552286505699158,0.9333167775908893,0.9315249295236856,0.9315864850024862
985,0.9632617235183716,0.4204363226890564,0.9300781488418579,0.5535675287246704,0.9312079141515982,0.9298065746074395,0.929910407401004
986,0.9614453315734863,0.42390990257263184,0.9327343702316284,0.5544431805610657,0.9339925821438475,0.9324317871249632,0.932491147985544
987,0.9616015553474426,0.4262394607067108,0.9300781488418579,0.567582368850708,0.9313736477113487,0.9298522148791377,0.9298999944941517
988,0.9622851610183716,0.4253680109977722,0.9322656393051147,0.5476548671722412,0.9335589200765906,0.9321519485620591,0.9322455265925786
989,0.9614062309265137,0.42593303322792053,0.930859386920929,0.5480905175209045,0.9322538227812701,0.9304501654164605,0.9306314051319589
990,0.9633984565734863,0.4211541414260864,0.9313281178474426,0.5500390529632568,0.9326380455448148,0.9311670341063976,0.9311788863088738
991,0.9626562595367432,0.4234503209590912,0.9331250190734863,0.5417838096618652,0.9344406968847317,0.9327980822697166,0.9328945556741408
992,0.9614062309265137,0.42435935139656067,0.9332812428474426,0.5504141449928284,0.9345867023954446,0.9328712129651864,0.9329940586941641
993,0.9608203172683716,0.4243272542953491,0.9332812428474426,0.5437347292900085,0.934674474116169,0.9331384295507315,0.9331310914118853
994,0.962695300579071,0.42237332463264465,0.9325000047683716,0.5440154671669006,0.93401109017871,0.9324666509745907,0.9324550179638815
995,0.9621484279632568,0.42228230834007263,0.9340624809265137,0.5467015504837036,0.9353754723638092,0.9338923987665638,0.9339857271961278
996,0.9622656106948853,0.4244937598705292,0.9314062595367432,0.5555104613304138,0.9328702013645906,0.9310694519964764,0.931174692631163
997,0.9631640911102295,0.42110374569892883,0.9303905963897705,0.5544445514678955,0.9318718653950021,0.9300663589202962,0.9301868962167739
998,0.9637890458106995,0.418008953332901,0.9350781440734863,0.5373178720474243,0.9360954187509958,0.9348708358915174,0.9349321419379147
999,0.9622851610183716,0.421400785446167,0.9330468773841858,0.5396742224693298,0.9343703312475428,0.9329313050749317,0.9329816840243899
