epoch,accuracy,loss,val_accuracy,val_loss,val_precision,val_recall,val_f1
0,0.004023437388241291,11.146014213562012,0.0033593750558793545,10.601219177246094,0.0035596021375764258,0.003344486339179497,0.002835741767986455
1,0.0059179686941206455,10.741083145141602,0.003828125074505806,10.355971336364746,0.003627013124328825,0.003803888003504497,0.0035741329059939867
2,0.007441406138241291,10.413971900939941,0.004999999888241291,10.14306926727295,0.004700649170802926,0.004923767064636612,0.0046658214239072415
3,0.009355468675494194,10.122262954711914,0.003828125074505806,9.944369316101074,0.0036617926114487186,0.003732319630710132,0.0035659342389621185
4,0.011972656473517418,9.845100402832031,0.005078124813735485,9.755504608154297,0.004559418528880086,0.004980205517867327,0.004584016624284961
5,0.014667969197034836,9.572920799255371,0.005781250074505806,9.574110984802246,0.005639597151174305,0.00560450661011703,0.005437089499605521
6,0.017402343451976776,9.322895050048828,0.006562499795109034,9.399917602539062,0.006322522595694812,0.006533492263529501,0.006235786487510938
7,0.022089844569563866,9.076525688171387,0.006640625186264515,9.235013008117676,0.006266281635876136,0.006490963936412257,0.006203054757601761
8,0.024980468675494194,8.858892440795898,0.0062500000931322575,9.078782081604004,0.005527628282245751,0.00612955618051423,0.005654957683956911
9,0.029726563021540642,8.643465995788574,0.0062500000931322575,8.926114082336426,0.0055689125707320975,0.006131354815289853,0.005679337055360595
10,0.03421875089406967,8.4284029006958,0.006874999962747097,8.780941009521484,0.006010602736071409,0.006643376728089328,0.0061062876136475635
11,0.039863280951976776,8.23647403717041,0.0073437499813735485,8.640899658203125,0.0067779350038350075,0.007182696244546493,0.00671657600359363
12,0.04800781235098839,8.03264045715332,0.0072656250558793545,8.507145881652832,0.006470629344818941,0.007088879269608399,0.00653079746916938
13,0.05220703035593033,7.851741313934326,0.008359375409781933,8.373856544494629,0.007325720059557914,0.008197381693002884,0.007457520757302319
14,0.05753906071186066,7.673849105834961,0.008828124962747097,8.247937202453613,0.008379730930452174,0.008696965382258184,0.00824288253729445
15,0.06828124821186066,7.490271091461182,0.01015624962747097,8.119973182678223,0.0092521117125101,0.010005733492391934,0.009338854249408373
16,0.0751953125,7.324436187744141,0.010546875186264515,7.99680233001709,0.01013398265575851,0.010354625482272176,0.009806267984708059
17,0.08462890982627869,7.153937816619873,0.011484375223517418,7.8777174949646,0.010625529858148648,0.011247684313972743,0.010482372059828245
18,0.09119140356779099,6.9943695068359375,0.011953124776482582,7.7641215324401855,0.011745578441870269,0.011742867817275893,0.011272189666568677
19,0.09871093928813934,6.838029384613037,0.011796874925494194,7.646060943603516,0.011507566352107335,0.011599070181464891,0.01111161724887455
20,0.10771484673023224,6.6903557777404785,0.012968749739229679,7.537003040313721,0.012777645007920946,0.012761009169255773,0.0122631164874804
21,0.1184374988079071,6.546809673309326,0.013359375298023224,7.4358038902282715,0.013165977172738567,0.013175247595591584,0.012658181064288662
22,0.12914063036441803,6.388390064239502,0.013124999590218067,7.3372697830200195,0.012713996811144523,0.012882014612124442,0.01237939687000859
23,0.14201171696186066,6.243752956390381,0.01406249962747097,7.2416462898254395,0.013506483735395865,0.013879088865159456,0.013263989931639273
24,0.1465429663658142,6.120237350463867,0.014609375037252903,7.1513190269470215,0.01465893861177234,0.014401359856857839,0.01397054162141813
25,0.1592382788658142,5.984102249145508,0.015703124925494194,7.064547538757324,0.014993642348371462,0.01547357315587363,0.014793472225905858
26,0.17224609851837158,5.8476762771606445,0.01640624925494194,6.979938983917236,0.016689984665134813,0.01609505723766094,0.015813869434940925
27,0.18410156667232513,5.7265214920043945,0.01851562410593033,6.899464130401611,0.018119122223863273,0.018236503789808286,0.01767870996408833
28,0.19148437678813934,5.613119125366211,0.018828125670552254,6.820666313171387,0.01860896743463547,0.018507943727838806,0.01803463255650036
29,0.2028515636920929,5.4913811683654785,0.018828125670552254,6.748988151550293,0.01870657532052803,0.018635924125562336,0.018253228966763995
30,0.2160351574420929,5.370020866394043,0.02070312574505806,6.672480583190918,0.02059184643864242,0.020479250208998018,0.02002139850687132
31,0.2284570336341858,5.2553205490112305,0.021328125149011612,6.6047563552856445,0.0202343294666917,0.021050848466211212,0.020222947566359502
32,0.23935547471046448,5.1412672996521,0.021718749776482582,6.53872537612915,0.021279512269977804,0.02140959307129815,0.020799308429796475
33,0.24992187321186066,5.040824890136719,0.02460937574505806,6.477461338043213,0.024110013865774556,0.024258305470081593,0.023673775150996727
34,0.2620898485183716,4.930798530578613,0.024843750521540642,6.413872718811035,0.024312136452417598,0.02455374569249122,0.02394572145895858
35,0.2730468809604645,4.832472324371338,0.027265625074505806,6.357491970062256,0.026158178479492207,0.026915605125541867,0.02607154253374313
36,0.28271484375,4.732361316680908,0.02773437462747097,6.301897048950195,0.02707697691046574,0.027391264382648293,0.02666859039778724
37,0.3001171946525574,4.624464511871338,0.029843749478459358,6.247875213623047,0.029026528367187884,0.02953797138947792,0.028828561981752092
38,0.31103515625,4.532183647155762,0.030546875670552254,6.201080322265625,0.03016186930498839,0.030394766228517764,0.029673490591253654
39,0.32060545682907104,4.4365010261535645,0.03179687634110451,6.156744956970215,0.03182585792039434,0.03156848424404274,0.03114631308863718
40,0.3319335877895355,4.3543381690979,0.03554687649011612,6.109724521636963,0.03513411499853967,0.03531262615269705,0.03459293362045159
41,0.34132811427116394,4.265652656555176,0.034062501043081284,6.064764022827148,0.034178575430440256,0.03379232766483321,0.03338713575590657
42,0.35273438692092896,4.187267780303955,0.037812501192092896,6.022722244262695,0.038319697389723725,0.037614465510641876,0.0373444680612134
43,0.3678515553474426,4.092192649841309,0.03960937634110451,5.9829206466674805,0.039724812383356276,0.03940185227818447,0.03905458401866006
44,0.3727343678474426,4.019076824188232,0.03914062678813934,5.946932315826416,0.03911247836370472,0.038959757091482534,0.03846272371273434
45,0.3868750035762787,3.9399044513702393,0.04179687425494194,5.908881664276123,0.04208871260560513,0.04149718929858468,0.041184995959091086
46,0.39769530296325684,3.8643829822540283,0.04351562634110451,5.876197338104248,0.04363655876853745,0.04327236977564286,0.042841437658752875
47,0.4091796875,3.785703659057617,0.041718751192092896,5.847573280334473,0.041796339377938085,0.041431024371116884,0.04103223672134185
48,0.41859376430511475,3.7174389362335205,0.043828126043081284,5.813273906707764,0.04423094240005761,0.043580640606794924,0.04330096303280247
49,0.42796874046325684,3.645836114883423,0.04484374821186066,5.786569118499756,0.04549209844091399,0.044675799776074304,0.04453552622942634
50,0.4398242235183716,3.5849945545196533,0.04765624925494194,5.753509521484375,0.048324658558673766,0.04750124527911492,0.04723718564534677
51,0.44583985209465027,3.522271156311035,0.04804687574505806,5.730917453765869,0.047717134231639896,0.04767897356146943,0.04717624999291982
52,0.4591992199420929,3.453517436981201,0.051249999552965164,5.711609363555908,0.0513935541299391,0.05098839431623628,0.050605594389345684
53,0.46492186188697815,3.3919239044189453,0.051093749701976776,5.683303356170654,0.050717548701303405,0.0507048842333821,0.05022016127137224
54,0.47496092319488525,3.3309946060180664,0.05281250178813934,5.656489372253418,0.053115213387800744,0.05248938026045538,0.052139907288604875
55,0.48310548067092896,3.2724661827087402,0.05296875163912773,5.644293308258057,0.053104973831565164,0.05270509208717028,0.052332369381483994
56,0.4923046827316284,3.215625047683716,0.05546874925494194,5.614416599273682,0.05533784258132201,0.05517335761654888,0.05462219617690621
57,0.5026953220367432,3.1586408615112305,0.05351562425494194,5.599278450012207,0.0537892687424591,0.053244000729542905,0.05281862045270324
58,0.5119922161102295,3.0970544815063477,0.05609374865889549,5.574895858764648,0.05615126625886642,0.055936328531317824,0.05546216289389041
59,0.5205664038658142,3.0507946014404297,0.05585937574505806,5.553122520446777,0.056055151261684866,0.05559120829118332,0.05519604467540651
60,0.5294336080551147,2.9995293617248535,0.056640625,5.542706489562988,0.056999602553412174,0.05635001916038881,0.056005621360340846
61,0.5377343893051147,2.954054594039917,0.059687498956918716,5.513185501098633,0.06004346359445063,0.05939604173927199,0.05911703842439064
62,0.5460351705551147,2.896030902862549,0.05960937589406967,5.500414848327637,0.05961231273486627,0.05937183517258333,0.05882127786665589
63,0.5525976419448853,2.859851360321045,0.05859375,5.482415676116943,0.058467763584670394,0.058343448554002156,0.05787349601407066
64,0.560253918170929,2.8076605796813965,0.060078125447034836,5.477694034576416,0.060954848279140855,0.05990582438925659,0.05978782976662186
65,0.5656836032867432,2.769594430923462,0.06062500178813934,5.4675493240356445,0.061339524551939494,0.060414387583902565,0.06020642459040566
66,0.5768359303474426,2.71932315826416,0.06328125298023224,5.437352180480957,0.06434201855976396,0.063002200630215,0.06302841451716532
67,0.5823047161102295,2.6886041164398193,0.0637499988079071,5.423182964324951,0.06420545540486357,0.0634964254563529,0.06314006695706537
68,0.593066394329071,2.6374268531799316,0.06468749791383743,5.4097185134887695,0.06542041742351254,0.06446794483320419,0.06424555670330201
69,0.5979297161102295,2.604060411453247,0.06757812201976776,5.403438568115234,0.06867980807068358,0.06739113335550959,0.06727693855232857
70,0.6059765815734863,2.555006265640259,0.06656250357627869,5.385986804962158,0.06774568373490417,0.06641679299260422,0.06639572642456204
71,0.6103711128234863,2.529110908508301,0.06624999642372131,5.3694915771484375,0.06667547136162477,0.06594829516727843,0.0656742540583764
72,0.618359386920929,2.4836061000823975,0.06671874970197678,5.364184379577637,0.0667655278558992,0.06649008818178487,0.06603643458688349
73,0.6234375238418579,2.4507405757904053,0.06875000149011612,5.349125862121582,0.06882375239262789,0.06854346781259871,0.06805571503207854
74,0.6285547018051147,2.4255385398864746,0.06937500089406967,5.340681076049805,0.06939021209467437,0.0689745239142347,0.06846895427614158
75,0.63134765625,2.3953778743743896,0.07054687291383743,5.323821544647217,0.07041420733262245,0.07012306057504585,0.06945664808847159
76,0.6403710842132568,2.3612959384918213,0.07289062440395355,5.310422420501709,0.07307131091038607,0.07256104918153616,0.07203375426757314
77,0.6433398723602295,2.3382556438446045,0.07093749940395355,5.296698570251465,0.07142241672417418,0.07074410091642439,0.07035760744970795
78,0.6472070217132568,2.3077120780944824,0.07437500357627869,5.278194427490234,0.07481613703357679,0.07386136902887146,0.07349862686564249
79,0.6512695550918579,2.2815964221954346,0.0754687488079071,5.269681453704834,0.07602337218538163,0.07525027043710528,0.07488450764463286
80,0.6599023342132568,2.2459728717803955,0.07718750089406967,5.264655113220215,0.07771663884335292,0.07689583642174355,0.0765557244925264
81,0.6637890338897705,2.2273404598236084,0.07539062201976776,5.266209125518799,0.07630253229689743,0.07522013755735688,0.075095507702724
82,0.6681445240974426,2.1978230476379395,0.07484374940395355,5.251805305480957,0.07537100204652322,0.07443668117627607,0.07413763026362015
83,0.6712695360183716,2.1776154041290283,0.07703124731779099,5.239687919616699,0.07690884551925578,0.07672827488092154,0.07606886640333965
84,0.6781250238418579,2.1557183265686035,0.07921875268220901,5.2313923835754395,0.08010957583613179,0.0789453803916631,0.07873183269237158
85,0.6853320598602295,2.115243911743164,0.07765624672174454,5.2183003425598145,0.07778484265887342,0.07733398776972586,0.07675693543398171
86,0.6878515481948853,2.099949359893799,0.07953125238418579,5.211366176605225,0.07938233684534418,0.07911221630234633,0.07857982921071807
87,0.6919335722923279,2.077537775039673,0.08085937798023224,5.205977916717529,0.08133413477244517,0.08056480934738597,0.08017848576601197
88,0.6947265863418579,2.0538017749786377,0.08484374731779099,5.189416408538818,0.08417649244283323,0.08448828003240372,0.08352756311951984
89,0.6998046636581421,2.0317249298095703,0.08187499642372131,5.1892781257629395,0.08193076002322741,0.08171434558680855,0.08096183366256779
90,0.7058984637260437,2.004873275756836,0.08367187529802322,5.173781871795654,0.08309526793137725,0.08333122777619796,0.08246702498900817
91,0.7087695598602295,1.9952073097229004,0.08710937201976776,5.159733772277832,0.08742232379642656,0.08682238401660272,0.08622405509880157
92,0.7123633027076721,1.9722110033035278,0.09085937589406967,5.150190830230713,0.09080838710611691,0.09037323478088662,0.08973669775863496
93,0.7168554663658142,1.947523593902588,0.08656249940395355,5.146363735198975,0.08640396638339133,0.08621069686982705,0.085574540101332
94,0.7190234661102295,1.935621738433838,0.08851562440395355,5.143387317657471,0.0892898215510291,0.0881753817881982,0.08786573230301882
95,0.7226172089576721,1.9215751886367798,0.08921875059604645,5.139154434204102,0.08908097949869473,0.08882421328966628,0.08800825778385216
96,0.7241601347923279,1.9049901962280273,0.09046874940395355,5.122488975524902,0.0909173775618036,0.09021038771672613,0.08973785793219377
97,0.7270117402076721,1.8875832557678223,0.08812499791383743,5.1244001388549805,0.0876370497160891,0.08769737654223304,0.0869119875039043
98,0.7301366925239563,1.867642879486084,0.08960937708616257,5.1290106773376465,0.08931950863008085,0.08928306463791774,0.08838422363923662
99,0.7331836223602295,1.854729175567627,0.09101562201976776,5.111971855163574,0.09064595078285023,0.09055740787656812,0.0898720751155461
100,0.7375195026397705,1.834620475769043,0.091796875,5.0952677726745605,0.09197476577608658,0.09161537830442626,0.09088314210520955
101,0.7404687404632568,1.8162009716033936,0.09460937231779099,5.084496021270752,0.0940268024125585,0.09427836915814869,0.09336868143422514
102,0.7393945455551147,1.8152477741241455,0.09296874701976776,5.07509708404541,0.0933987139481858,0.09271330860875313,0.09218621671607688
103,0.7474804520606995,1.7797656059265137,0.09656249731779099,5.073213577270508,0.09669072964657388,0.09621989570059669,0.0955267810934465
104,0.7483984231948853,1.7847622632980347,0.09421875327825546,5.061755180358887,0.09480119893804313,0.09383776922935423,0.09349559808666005
105,0.7479492425918579,1.77378511428833,0.09609375149011612,5.067553997039795,0.09590156884651482,0.09550129034240867,0.09470049167818312
106,0.7533789277076721,1.7493889331817627,0.09671875089406967,5.04724645614624,0.09713719185754399,0.09634868106605282,0.09587716890841824
107,0.7528906464576721,1.7439367771148682,0.09617187827825546,5.041707515716553,0.0963740376655419,0.09580863174433255,0.09505703995219969
108,0.7584375143051147,1.723481297492981,0.09632812440395355,5.043394565582275,0.09747768168344031,0.09615966860720279,0.09590322624634805
109,0.7651953101158142,1.6989201307296753,0.09945312142372131,5.031683921813965,0.09899550979669035,0.09881974285569362,0.09798061678815678
110,0.7590234279632568,1.7079191207885742,0.09929687529802322,5.026639461517334,0.09923503895038345,0.09886960819483848,0.09814029379319295
111,0.7662109136581421,1.6878974437713623,0.10125000029802322,5.018599987030029,0.10064309889989444,0.10081737550785687,0.09984442136858143
112,0.7663671970367432,1.6812617778778076,0.09828124940395355,5.032962799072266,0.09885747310443221,0.09785858463193992,0.09737125454004977
113,0.7694531083106995,1.6603577136993408,0.10140624642372131,5.017055511474609,0.10172433164722786,0.10094934327533601,0.10035014563109669
114,0.7688867449760437,1.6635562181472778,0.10140624642372131,5.002281665802002,0.10122731660015857,0.10092190383304808,0.10002338291879885
115,0.7744726538658142,1.646095871925354,0.09976562857627869,4.9986090660095215,0.1001939395612999,0.09937210751880067,0.09870198342052805
116,0.7801367044448853,1.6213998794555664,0.09968750178813934,4.997133255004883,0.09977352760868644,0.09940699439345596,0.09865534278701915
117,0.7805469036102295,1.6147031784057617,0.10374999791383743,4.982237815856934,0.1045485632665999,0.10349154209364644,0.10311762926783392
118,0.7770898342132568,1.613348126411438,0.10460937768220901,4.9894633293151855,0.10555639964874433,0.1043603681322616,0.1038965302944641
119,0.7799218893051147,1.6096431016921997,0.10328125208616257,4.966660499572754,0.10324812024209543,0.10289607096195288,0.10224457797771928
120,0.7816796898841858,1.5957002639770508,0.10140624642372131,4.996004104614258,0.10053089114588235,0.10086173651140165,0.09970910975671762
121,0.7838671803474426,1.5888307094573975,0.10859374701976776,4.9725189208984375,0.10901751898225923,0.10822460663639245,0.10770445452443347
122,0.7859960794448853,1.5800442695617676,0.10460937768220901,4.970083713531494,0.10527596808437317,0.10424239808423814,0.10370411493915219
123,0.7897851467132568,1.5667080879211426,0.10734374821186066,4.9691596031188965,0.10686741796833542,0.10704381055354142,0.1059738618449288
124,0.7891796827316284,1.5583152770996094,0.10781250149011612,4.954744815826416,0.10745342075756102,0.10747144003508644,0.10636045963507659
125,0.7922070026397705,1.5496253967285156,0.10906250029802322,4.9438395500183105,0.10884021365296195,0.1086751099770165,0.10780219312833147
126,0.7894531488418579,1.5510940551757812,0.10843750089406967,4.95393705368042,0.10800942631066585,0.10802943158443752,0.10685612917501901
127,0.7909374833106995,1.5431971549987793,0.11500000208616257,4.931303024291992,0.1146593510690446,0.11470259181307967,0.11350839520459716
128,0.7911328077316284,1.5331405401229858,0.10976562649011612,4.9484333992004395,0.10948091911337177,0.10914546398636518,0.10828872367761584
129,0.7961328029632568,1.5227899551391602,0.11039062589406967,4.934605121612549,0.11118237743977263,0.110137735080844,0.10966023785009588
130,0.7977929711341858,1.513171672821045,0.1120312511920929,4.938312530517578,0.11108948943313253,0.11165308889032292,0.11045518864513576
131,0.7964257597923279,1.5123529434204102,0.11234375089406967,4.921871185302734,0.11263463318909438,0.11182935269294224,0.111141051206474
132,0.7984960675239563,1.5016311407089233,0.11320312321186066,4.930972099304199,0.11365621760170713,0.11284561465875811,0.1121214247014493
133,0.8038867115974426,1.4888916015625,0.11226562410593033,4.90761137008667,0.11259242320814322,0.11170111800955546,0.11104779832755768
134,0.8015820384025574,1.485216498374939,0.11421874910593033,4.905616760253906,0.11462136810307673,0.11384717047335194,0.11327883571522915
135,0.8024218678474426,1.4810940027236938,0.11382812261581421,4.906379222869873,0.11444092107181514,0.1135056993063149,0.11305542958234117
136,0.8046679496765137,1.475640892982483,0.11671874672174454,4.900216579437256,0.11733673380029447,0.11639480646491004,0.11579667129151286
137,0.8066210746765137,1.4635051488876343,0.1184374988079071,4.902491569519043,0.1187184808902517,0.1176872593897619,0.11706558402369092
138,0.8112695217132568,1.4505118131637573,0.11820312589406967,4.899727821350098,0.11787303464446902,0.11740803327001705,0.11666485041551536
139,0.8100000023841858,1.4509167671203613,0.11570312827825546,4.897349834442139,0.11568456621802772,0.1154498931530912,0.11450724486547706
140,0.809374988079071,1.4484338760375977,0.11890625208616257,4.891109466552734,0.11895684200464637,0.11822797891469848,0.11763113410394775
141,0.8097851276397705,1.4449039697647095,0.12117187678813934,4.877161979675293,0.1215667531500435,0.12069235135645097,0.12000458184882337
142,0.812792956829071,1.4333263635635376,0.11882812529802322,4.895059108734131,0.1189226465702751,0.11841372744259561,0.11764727818051263
143,0.8158789277076721,1.4225742816925049,0.12046875059604645,4.875492095947266,0.12019947372214004,0.12001526491024558,0.11897051933094502
144,0.8160547018051147,1.4177955389022827,0.1217968761920929,4.864140033721924,0.12236934027431162,0.12136204127483911,0.12073946259067188
145,0.8168554902076721,1.4167424440383911,0.12085937708616257,4.858757019042969,0.12116313733821815,0.12072991500652716,0.11987684279296651
146,0.8188866972923279,1.407663106918335,0.1237500011920929,4.877779006958008,0.12434311336753626,0.1236240744919755,0.12272273130210191
147,0.8200976848602295,1.399954080581665,0.11976562440395355,4.879858016967773,0.11961639856457343,0.11912993434392419,0.1182240374020304
148,0.8207031488418579,1.3968322277069092,0.12281250208616257,4.855652332305908,0.12348167723178857,0.12232416419461972,0.12183704634017516
149,0.821093738079071,1.387717604637146,0.12656250596046448,4.858821868896484,0.1271380307206392,0.125970596877361,0.1254443451963392
150,0.8198632597923279,1.3981572389602661,0.123046875,4.861285209655762,0.12392087525996148,0.12234732314986552,0.12194136240879652
151,0.8201757669448853,1.3894575834274292,0.12531250715255737,4.865851879119873,0.12686498403481433,0.12467205772202997,0.12432441047825102
152,0.8237890601158142,1.376457691192627,0.12101562321186066,4.848817348480225,0.1218694947877392,0.12052252372920769,0.12004331539096641
153,0.8197656273841858,1.3864666223526,0.12437500059604645,4.8656086921691895,0.1250722346474978,0.12370527722527891,0.12332898762353178
154,0.8241991996765137,1.3703207969665527,0.12476562708616257,4.8508830070495605,0.1250899993141129,0.12448704495394333,0.12368427623479718
155,0.8281445503234863,1.3612159490585327,0.12507812678813934,4.829425811767578,0.12461257061935643,0.12460489388369363,0.12344785436405567
156,0.8274999856948853,1.3576254844665527,0.12507812678813934,4.844628810882568,0.12555427934770777,0.12456210392814192,0.12386610495364458
157,0.8263476490974426,1.3589088916778564,0.12390624731779099,4.836238861083984,0.12403653053902616,0.12362560038292653,0.12285419481520701
158,0.8239062428474426,1.3606185913085938,0.1271093785762787,4.822094440460205,0.12748806899078702,0.12655239565399734,0.12587302073825452
159,0.8271288871765137,1.355191946029663,0.1271093785762787,4.818474292755127,0.12727942771209452,0.12656494943357383,0.1258774466201965
160,0.8305859565734863,1.3427456617355347,0.1296093761920929,4.802886486053467,0.12984008107096603,0.1290097638778982,0.1281798991273412
161,0.8295508027076721,1.345627784729004,0.12757812440395355,4.819253444671631,0.1271432013333106,0.12710854397780913,0.12601287120951005
162,0.8334765434265137,1.3326897621154785,0.12828125059604645,4.814329624176025,0.128246078565834,0.12802041853269847,0.12694650723009318
163,0.8297070264816284,1.3327213525772095,0.12593750655651093,4.818475723266602,0.12532200177839897,0.12541152945547163,0.12438239451541849
164,0.8315820097923279,1.3285177946090698,0.1283593773841858,4.804844856262207,0.12812522294266893,0.12787558771673035,0.12682327743334396
165,0.8335937261581421,1.323269009590149,0.12742187082767487,4.814782619476318,0.1276577021417512,0.1267306281444365,0.1259513751864691
166,0.8333203196525574,1.3196886777877808,0.12593750655651093,4.821289539337158,0.12585061935430653,0.12549857751885132,0.12452719227888315
167,0.8349804878234863,1.3179265260696411,0.12953124940395355,4.809263229370117,0.12927763633842976,0.12888964792634983,0.12782761342545307
168,0.8351757526397705,1.3121546506881714,0.12781250476837158,4.815740585327148,0.12779040163654515,0.12705349760914272,0.12626984747666792
169,0.8354687690734863,1.3109530210494995,0.12812499701976776,4.803626537322998,0.1283544461101695,0.12753879300977355,0.1269792877357936
170,0.8357031345367432,1.3059372901916504,0.13343749940395355,4.784671783447266,0.13347653327613326,0.13274400262758596,0.13173169885451874
171,0.8365429639816284,1.3047045469284058,0.13273437321186066,4.786337375640869,0.13349924358821308,0.13231882792074814,0.13187209004717482
172,0.8387695550918579,1.2970939874649048,0.13234375417232513,4.782068252563477,0.13283620803443952,0.13191763829225128,0.13116547443188536
173,0.8368750214576721,1.2962967157363892,0.13312500715255737,4.788958549499512,0.13452857357482353,0.1327415147216375,0.13247392837893174
174,0.8397070169448853,1.2925474643707275,0.13437500596046448,4.78474235534668,0.1352424784201176,0.13404515800004857,0.13336270219929927
175,0.839648425579071,1.2944568395614624,0.1335156261920929,4.785309314727783,0.13461206321674704,0.13310386748332337,0.13260673334169149
176,0.8395312428474426,1.2886995077133179,0.13124999403953552,4.768639087677002,0.1310809147830241,0.13075027631354927,0.12983938655272698
177,0.8392187356948853,1.2883740663528442,0.1314062476158142,4.779322147369385,0.13136220903506507,0.13074513703819549,0.129850196994701
178,0.8424218893051147,1.2765544652938843,0.1329687535762787,4.777729034423828,0.13348981237030513,0.13243828739233132,0.13177212540044103
179,0.8450390696525574,1.2679169178009033,0.13117188215255737,4.7953386306762695,0.1314824411085737,0.1307056193766509,0.1299384120220307
180,0.8439648151397705,1.2682374715805054,0.1379687488079071,4.759390354156494,0.13797886358029293,0.13751541943819567,0.13652187591031276
181,0.8471875190734863,1.260704517364502,0.13375000655651093,4.790676116943359,0.13394757657880924,0.13309647306014505,0.13230425930347062
182,0.8420312404632568,1.2685229778289795,0.12648437917232513,4.792919158935547,0.12636084624019242,0.12594380355156665,0.12493577777705336
183,0.8429296612739563,1.2684630155563354,0.1329687535762787,4.793529987335205,0.13380761740979907,0.13260296487727594,0.13196696724593443
184,0.844433605670929,1.261511206626892,0.13414062559604645,4.770702362060547,0.13431581804602993,0.13363050159649942,0.13282801068020514
185,0.8472265601158142,1.2517906427383423,0.140625,4.760958671569824,0.14076398153901643,0.14020087258462866,0.1392799708285516
186,0.8464453220367432,1.2522754669189453,0.13640624284744263,4.758130073547363,0.13647295648674854,0.13600608327744865,0.1349117303935278
187,0.8438085913658142,1.2594149112701416,0.13718749582767487,4.770976543426514,0.13829042354930365,0.13698653982683492,0.1364833256110845
188,0.8471289277076721,1.2518612146377563,0.13554687798023224,4.762692451477051,0.136358650646425,0.13513516911826015,0.13452860779683928
189,0.84521484375,1.2505576610565186,0.13953125476837158,4.761453628540039,0.13962044018983677,0.13903861407217444,0.13789342082934553
190,0.8475781083106995,1.2405472993850708,0.13570313155651093,4.770666599273682,0.13574923837974628,0.13498044233850898,0.13414683059983853
191,0.8480663895606995,1.2424302101135254,0.13671875,4.790904998779297,0.13661408565087563,0.13634624465359457,0.1352587237306436
192,0.8511523604393005,1.2350306510925293,0.1392187476158142,4.756275177001953,0.14046715708717472,0.13875147443464506,0.13844050346074543
193,0.847949206829071,1.2374709844589233,0.13671875,4.767041206359863,0.13685281464519408,0.13622416703983553,0.13522288210608965
194,0.8495312333106995,1.2328985929489136,0.14031249284744263,4.745298862457275,0.14129372039760418,0.13994169611958082,0.13935707484090118
195,0.8550586104393005,1.2168302536010742,0.13718749582767487,4.728816509246826,0.13712888187397698,0.136635974869517,0.13572815432775803
196,0.8484570384025574,1.2351433038711548,0.14351563155651093,4.756544589996338,0.14469859444643243,0.14312025674477674,0.1425867401055828
197,0.852343738079071,1.2249460220336914,0.14054687321186066,4.74992036819458,0.14184738844763853,0.1401540913579622,0.13965587335183488
198,0.8515429496765137,1.2300282716751099,0.14335937798023224,4.746342658996582,0.14304447362013242,0.14283565816621213,0.14168254588106685
199,0.8476172089576721,1.2388231754302979,0.14156250655651093,4.750504016876221,0.14233594870363672,0.14109562235970308,0.1401820667130036
200,0.8553320169448853,1.2151256799697876,0.1427343785762787,4.7638702392578125,0.14274141748038427,0.14250354526571946,0.14127668783780206
201,0.8519335985183716,1.2242246866226196,0.14281250536441803,4.757196426391602,0.14352719434060623,0.14220583061131575,0.14147494141691386
202,0.8548437356948853,1.2147365808486938,0.14249999821186066,4.752461910247803,0.14335028229479563,0.1418191842518185,0.141309863201931
203,0.8547461032867432,1.2086981534957886,0.1439843773841858,4.735803604125977,0.1445967818477663,0.14347411472542843,0.14275573195296043
204,0.8545117378234863,1.2134671211242676,0.14171874523162842,4.7415876388549805,0.1414037867300072,0.14102124659803167,0.13996114674239624
205,0.8563281297683716,1.2015161514282227,0.14476563036441803,4.734499931335449,0.14550932083426038,0.14436048048096814,0.14350918790567557
206,0.8551562428474426,1.208580493927002,0.14265625178813934,4.737995147705078,0.1424083930100225,0.14212605983207702,0.14087273583853788
207,0.8561328053474426,1.202784776687622,0.14296874403953552,4.722334861755371,0.1436626217359688,0.14261199569799443,0.14189351863991612
208,0.8573632836341858,1.1989161968231201,0.1431249976158142,4.727329254150391,0.14407692216189266,0.14286616488843748,0.14218629644544034
209,0.8590234518051147,1.1976398229599,0.1466406285762787,4.7173309326171875,0.14686810497273164,0.1462969166572693,0.1452470734683188
210,0.8554491996765137,1.2016987800598145,0.1484375,4.713565826416016,0.14830645906734347,0.14801039406098063,0.14663535935524943
211,0.8575195074081421,1.1963597536087036,0.1484375,4.718468189239502,0.14816608258398384,0.14812422511123835,0.1468110837094207
212,0.8586719036102295,1.1913646459579468,0.15062500536441803,4.717502117156982,0.15199650937567308,0.1501800788660369,0.14959784860915112
213,0.8602539300918579,1.189271092414856,0.14867188036441803,4.702723026275635,0.14920679258505903,0.14803313290656397,0.14733596963130943
214,0.8614648580551147,1.1814560890197754,0.1498437523841858,4.705629825592041,0.1499637538141695,0.14909270536278318,0.14809788459919526
215,0.8610742092132568,1.18339204788208,0.14695312082767487,4.709877967834473,0.14775383547035628,0.14659226138248005,0.14582154142663128
216,0.8592773675918579,1.1843760013580322,0.14953124523162842,4.724758148193359,0.14953729870183965,0.14903904252667224,0.14798401033469083
217,0.8596484661102295,1.1805825233459473,0.1477343738079071,4.727862358093262,0.1484276277729571,0.14703498588124853,0.14626874035371834
218,0.8630273342132568,1.170861005783081,0.14921875298023224,4.700770378112793,0.15005822799055263,0.14879628949428814,0.14809018266424467
219,0.8598437309265137,1.1779409646987915,0.14734375476837158,4.721608638763428,0.14733645443959703,0.1468477652417598,0.1457156904262679
220,0.8603906035423279,1.179478406906128,0.14937500655651093,4.719174385070801,0.15030979975547631,0.14904682054090973,0.1482043226612682
221,0.8633202910423279,1.172398567199707,0.15078124403953552,4.693575382232666,0.15131124097678372,0.15024471105985643,0.14921261289040355
222,0.8615820407867432,1.1757121086120605,0.1517968773841858,4.696557998657227,0.15326636374179065,0.15156126077216409,0.15097326120788282
223,0.8620312213897705,1.1729021072387695,0.15125000476837158,4.695011138916016,0.15124074213101402,0.15089677960087883,0.14962559832765066
224,0.8619335889816284,1.1747620105743408,0.15328125655651093,4.685573577880859,0.15387842152127673,0.15289202323810738,0.152081727634925
225,0.8628125190734863,1.1703048944473267,0.1521874964237213,4.710756301879883,0.15298171334706331,0.15153819426935378,0.15089371373173463
226,0.8622460961341858,1.1672378778457642,0.14960937201976776,4.696922779083252,0.15023439159520408,0.1489898838009982,0.1482557101206931
227,0.8649218678474426,1.1624958515167236,0.14679688215255737,4.68320369720459,0.14694762035083714,0.1462250099140096,0.14528003696694042
228,0.8647851347923279,1.1653285026550293,0.1502343714237213,4.6941938400268555,0.1502054897050578,0.1499412278750101,0.14855589332965544
229,0.8646093606948853,1.158171534538269,0.14796875417232513,4.696865558624268,0.14828122285526768,0.14728380788641032,0.14651732645612617
230,0.8657422065734863,1.158042311668396,0.14445312321186066,4.70479154586792,0.14499251369483507,0.1440447776786726,0.1429436966145371
231,0.8642773628234863,1.1584590673446655,0.15187500417232513,4.707174301147461,0.1527442537886378,0.15133821868586056,0.15052575972893287
232,0.8652734160423279,1.1573213338851929,0.14554686844348907,4.710259437561035,0.14610759157697278,0.14516095955598987,0.14412848613423662
233,0.8671484589576721,1.1481810808181763,0.14757812023162842,4.698575019836426,0.14803759749250647,0.1470382260106595,0.14642269146075654
234,0.8653711080551147,1.1539068222045898,0.14757812023162842,4.724908828735352,0.14812901102799508,0.14720977659662543,0.14629388396865298
235,0.8642382621765137,1.1535664796829224,0.15156249701976776,4.70272159576416,0.15216425462431113,0.15123431376466773,0.15041125933761212
236,0.8661327958106995,1.1518932580947876,0.15460938215255737,4.698052883148193,0.1541507110964292,0.15427037665965082,0.15299828155381295
237,0.8662499785423279,1.1488560438156128,0.1484375,4.694163799285889,0.14809974958509273,0.14782733524972216,0.1463457722097181
238,0.8697656393051147,1.139837622642517,0.15531249344348907,4.686721324920654,0.15593464257902911,0.154467059996728,0.15375090167724692
239,0.8693749904632568,1.1417937278747559,0.15335936844348907,4.69230318069458,0.15321932285466539,0.15276044029134542,0.15164412694207322
240,0.8683788776397705,1.1401803493499756,0.1521874964237213,4.691292762756348,0.15193828788465974,0.1519734142186671,0.150554997180621
241,0.8694531321525574,1.1390379667282104,0.15320312976837158,4.688321113586426,0.15283418123770784,0.15262449479679396,0.15138443401193113
242,0.8677343726158142,1.1457891464233398,0.15085937082767487,4.696962833404541,0.15120003813194555,0.15038298854319898,0.14933954799599117
243,0.8707616925239563,1.1313834190368652,0.15734374523162842,4.683534145355225,0.15673156868562366,0.1569397065233217,0.15534867081245426
244,0.8683984279632568,1.1411449909210205,0.15757812559604645,4.681960582733154,0.15726600724024148,0.15707142578577094,0.15578226377504478
245,0.8706445097923279,1.1332982778549194,0.1509374976158142,4.6759352684021,0.15084244327967136,0.15023412505266398,0.14914957324151773
246,0.8703515529632568,1.132474422454834,0.15343749523162842,4.69101095199585,0.15352477071913068,0.1530307779837959,0.15177250888952598
247,0.8714843988418579,1.1304200887680054,0.15242187678813934,4.698540687561035,0.1527133965020811,0.15176562229605345,0.15084853558840983
248,0.8712304830551147,1.1299391984939575,0.1555468738079071,4.678414821624756,0.15547734426635892,0.15504697989376515,0.1540680947914384
249,0.8699414134025574,1.1322436332702637,0.15171875059604645,4.68211555480957,0.15227736342942436,0.15149563694134066,0.1503630916402492
250,0.8712499737739563,1.133264422416687,0.15664061903953552,4.683803558349609,0.15681168090847147,0.1562982730264081,0.15503851840198346
251,0.8711327910423279,1.1281306743621826,0.15531249344348907,4.6724371910095215,0.1552312773574786,0.1545821931589301,0.15361017804754096
252,0.8686913847923279,1.1329314708709717,0.1569531261920929,4.664491653442383,0.15736610549166635,0.15623978580157938,0.15511265353358555
253,0.870800793170929,1.1303576231002808,0.15601561963558197,4.659249305725098,0.15666398164701767,0.1553396902491933,0.154696816275882
254,0.8704492449760437,1.1331791877746582,0.15507812798023224,4.67991828918457,0.1559677841156522,0.15445922868553147,0.1538441378256708
255,0.8689062595367432,1.1333990097045898,0.15812499821186066,4.664093494415283,0.15848167644656702,0.15744052610006556,0.15646156149795426
256,0.8693163990974426,1.1289387941360474,0.15398436784744263,4.682357311248779,0.15547930446497096,0.15341241146074405,0.1528754905872441
257,0.8744726777076721,1.1157312393188477,0.16257812082767487,4.656311988830566,0.16408787597869498,0.1620561477907903,0.16131467401766786
258,0.8738867044448853,1.1188156604766846,0.15273436903953552,4.68522834777832,0.15299910979726714,0.15219275647118122,0.15105087969076203
259,0.8716992139816284,1.124631643295288,0.15546874701976776,4.672302722930908,0.15589809740308802,0.1548803450567571,0.15412307825547164
260,0.8745312690734863,1.1149214506149292,0.1574999988079071,4.697595119476318,0.1575600291114312,0.15704941736052924,0.15596358116842435
261,0.8743749856948853,1.1145778894424438,0.16132812201976776,4.6627936363220215,0.1625281761549152,0.16090357693010046,0.1603505939993482
262,0.877246081829071,1.1109602451324463,0.1653124988079071,4.655524253845215,0.16606660389569866,0.16477763016964805,0.1639337881364889
263,0.8731054663658142,1.1137815713882446,0.15953125059604645,4.670464038848877,0.16059084602093734,0.15883405081684193,0.1581039947208959
264,0.8747851848602295,1.112160325050354,0.16101562976837158,4.668828010559082,0.16151991534745352,0.16046531550651683,0.15971597578103902
265,0.8743359446525574,1.1114914417266846,0.16328124701976776,4.666492462158203,0.16393795570418593,0.1627250945273605,0.16196569369169322
266,0.8735547065734863,1.1132549047470093,0.15992186963558197,4.68218994140625,0.15942901587237457,0.15938958227667815,0.15803420031143903
267,0.8741796612739563,1.118225336074829,0.1608593761920929,4.67095947265625,0.16125775009732057,0.16010928947269523,0.15904188611897024
268,0.8761132955551147,1.1089224815368652,0.16093750298023224,4.669820308685303,0.1613178898373907,0.16040720024795083,0.15947504137981622
269,0.8759179711341858,1.1095139980316162,0.1589062511920929,4.664555549621582,0.15854315462028043,0.158300660592325,0.15728637036072018
270,0.8753515481948853,1.1074568033218384,0.16367188096046448,4.648860931396484,0.16410452129129705,0.16289847249198697,0.16203084176613208
271,0.8775195479393005,1.101169466972351,0.16296875476837158,4.659388542175293,0.16371584107679232,0.16251828813742902,0.16175809646680722
272,0.875781238079071,1.1047148704528809,0.16445311903953552,4.650923252105713,0.16544195328655273,0.16395503760624147,0.16343067242291165
273,0.8763672113418579,1.1081762313842773,0.16679687798023224,4.636090278625488,0.16729432602426308,0.16612326920535764,0.16512025877163553
274,0.8759179711341858,1.1005373001098633,0.16218750178813934,4.644888401031494,0.16212833186806824,0.16161873800229282,0.1603085556451247
275,0.8772656321525574,1.1056742668151855,0.16539062559604645,4.636225700378418,0.16608648263803483,0.16494795564509662,0.16412377589990362
276,0.8787695169448853,1.0932046175003052,0.1642187535762787,4.617012977600098,0.16569619994811988,0.163711641646616,0.16326086776464752
277,0.8764258027076721,1.100885033607483,0.16750000417232513,4.620922088623047,0.16820296662250903,0.16721805941683493,0.16617297439557388
278,0.8778906464576721,1.0940675735473633,0.16312499344348907,4.603579998016357,0.16357346344134546,0.16243043959500292,0.1617004120991982
279,0.876953125,1.0950565338134766,0.16632813215255737,4.613037586212158,0.16715716255305732,0.165818731939333,0.16522522278717003
280,0.8784961104393005,1.0931602716445923,0.16687500476837158,4.605615615844727,0.16782974226380484,0.1664866631002343,0.16555841926614295
281,0.8788866996765137,1.092079520225525,0.1661718785762787,4.611514091491699,0.16720992887582764,0.16573695521532278,0.1649037854486421
282,0.8810351490974426,1.083754301071167,0.16679687798023224,4.589993476867676,0.1670584730631152,0.1662214947169342,0.16515430924701974
283,0.8800390362739563,1.091759443283081,0.1646093726158142,4.624204158782959,0.16521443805355565,0.16421759540983422,0.16319503228718477
284,0.8804687261581421,1.0908429622650146,0.16320312023162842,4.628320693969727,0.1640643823354817,0.16279256579350568,0.16215688949937823
285,0.88134765625,1.0916666984558105,0.1692187488079071,4.619091987609863,0.1701776850844352,0.16860668757520458,0.16800501807833493
286,0.8802734613418579,1.083686351776123,0.1619531214237213,4.642115592956543,0.16255994446774413,0.16161568757338274,0.16058599612254834
287,0.8791406154632568,1.0905052423477173,0.16398437321186066,4.653442859649658,0.16383547260609607,0.16371291612129352,0.1624467686646778
288,0.8813086152076721,1.081052303314209,0.16882812976837158,4.625333786010742,0.16981443860951342,0.16853353083661193,0.16770280952805094
289,0.8837109208106995,1.0734164714813232,0.16296875476837158,4.638317108154297,0.1639185173624978,0.16254383653229407,0.16189694936427818
290,0.8814452886581421,1.0833654403686523,0.16492187976837158,4.650627613067627,0.165241095225301,0.16428993807356435,0.16341718075988518
291,0.8827539086341858,1.076035499572754,0.16664062440395355,4.621321678161621,0.1662316001535949,0.16600809121811408,0.16480932875650933
292,0.8808984160423279,1.0879324674606323,0.1665624976158142,4.625329494476318,0.1668025157497499,0.16576157871491665,0.16496613406868482
293,0.8801171779632568,1.088586449623108,0.1658593714237213,4.6443071365356445,0.1659166873080675,0.16533150823014964,0.1641057699396198
294,0.8793163895606995,1.0889891386032104,0.16523437201976776,4.64271354675293,0.16635628065356395,0.16470303863499047,0.16393944615122433
295,0.8814452886581421,1.0841947793960571,0.1678124964237213,4.6287007331848145,0.16885309649605865,0.16727595940272783,0.16647794854694897
296,0.8818163871765137,1.078020691871643,0.16632813215255737,4.625730991363525,0.16780668605588306,0.16594668422357095,0.1653816255320253
297,0.8827343583106995,1.076169729232788,0.16500000655651093,4.637783050537109,0.16596238125835097,0.16442160107033718,0.16391256772073948
298,0.8816797137260437,1.0811619758605957,0.16578124463558197,4.633820056915283,0.1649649018116502,0.16505939018878701,0.16376337481016146
299,0.8808007836341858,1.0757758617401123,0.16304688155651093,4.663835048675537,0.16343213030727666,0.1626692923912974,0.16169261645110872
300,0.8830468654632568,1.0746521949768066,0.16984374821186066,4.620598316192627,0.16922838325194473,0.1691086736728212,0.16762427965222498
301,0.8831445574760437,1.0778894424438477,0.16765624284744263,4.611783981323242,0.1679246133969777,0.16688821163277096,0.16571640078491806
302,0.8792383074760437,1.0812243223190308,0.16929687559604645,4.631344795227051,0.16954100279049084,0.16858114865492763,0.16750876605038906
303,0.8826367259025574,1.0741621255874634,0.16796875,4.6209845542907715,0.16956037053809198,0.16762492228669118,0.16694820795486157
304,0.882519543170929,1.0761973857879639,0.16828125715255737,4.629222869873047,0.16895653778727374,0.1675602666163451,0.1667004530196772
305,0.883105456829071,1.0739951133728027,0.16859374940395355,4.609218120574951,0.16859185930921133,0.16777691484858953,0.16667097971372763
306,0.8818359375,1.0740092992782593,0.1692187488079071,4.610342025756836,0.16925559713758037,0.16826585435387376,0.16735082478371094
307,0.8836914300918579,1.0726540088653564,0.16804687678813934,4.629226207733154,0.16862566812876653,0.1674002651047582,0.16652925003696142
308,0.8854687213897705,1.0672314167022705,0.17164061963558197,4.609719276428223,0.17262257746296383,0.17090843852947366,0.17003845179695826
309,0.8834570050239563,1.0728121995925903,0.1724218726158142,4.600488662719727,0.17312687914634467,0.17178437595498328,0.1708336454545632
310,0.8838866949081421,1.0682600736618042,0.17265625298023224,4.611256122589111,0.17352542199306703,0.17213154893494598,0.17150200167808025
311,0.8816992044448853,1.0717456340789795,0.17000000178813934,4.624210834503174,0.17113003044469421,0.16961565421308614,0.16907010167473008
312,0.8825585842132568,1.0717779397964478,0.17351561784744263,4.617285251617432,0.17423651353865746,0.17319764794823891,0.17239473224669552
313,0.882617175579071,1.0692591667175293,0.1731249988079071,4.62564754486084,0.17476486011127101,0.17282961257884094,0.1723274480564595
314,0.8830859661102295,1.0713117122650146,0.17109374701976776,4.627744674682617,0.17171497967928628,0.17044444291520988,0.16981859769354954
315,0.8851562738418579,1.0655919313430786,0.17070312798023224,4.636966705322266,0.1719850920454996,0.17047778771558736,0.16989838232156207
316,0.8849999904632568,1.0599868297576904,0.17296874523162842,4.631073951721191,0.1723331595776913,0.17238311426476588,0.1710229110150178
317,0.8880273699760437,1.0571415424346924,0.1704687476158142,4.6233625411987305,0.17053796068342286,0.16999857681954927,0.1688908383275321
318,0.8884375095367432,1.0513817071914673,0.1724218726158142,4.628171920776367,0.1726066949037161,0.17153776477761393,0.17060036859927905
319,0.8850976824760437,1.0626568794250488,0.1697656214237213,4.628413677215576,0.17050724488456678,0.1691125163349116,0.16828977806356626
320,0.8842187523841858,1.0683706998825073,0.16703124344348907,4.6424994468688965,0.16662060804865036,0.1662491341144422,0.16509522131768006
321,0.8845117092132568,1.0628769397735596,0.16757813096046448,4.632658004760742,0.16799649118473226,0.16697422057992514,0.16591315629153364
322,0.8877929449081421,1.0563040971755981,0.1743749976158142,4.623849868774414,0.17482533751088125,0.17378158436103874,0.17262359735547397
323,0.8860742449760437,1.0578724145889282,0.17101562023162842,4.637147903442383,0.1709260927858692,0.17024390643751952,0.16915539425070394
324,0.8892382979393005,1.046255350112915,0.17578125,4.619551658630371,0.17659016222598123,0.1751892337555077,0.1742861679937865
325,0.8859179615974426,1.0568629503250122,0.17812499403953552,4.612254619598389,0.1781411163928711,0.1773679897165813,0.17604200888810762
326,0.8886132836341858,1.0486925840377808,0.17281250655651093,4.6117262840271,0.1731049239043685,0.17222658062778867,0.1712113372173062
327,0.8896288871765137,1.0481036901474,0.17343750596046448,4.615044116973877,0.17426690094217268,0.17281064882743713,0.1719680706325734
328,0.8874609470367432,1.0565086603164673,0.1720312535762787,4.623579978942871,0.1719687328557877,0.17110681860921462,0.1698863898250292
329,0.8879687786102295,1.0483465194702148,0.1736718714237213,4.6354475021362305,0.17424176107744938,0.1728809576017581,0.17193525972969154
330,0.8856054544448853,1.0563175678253174,0.17210938036441803,4.624459266662598,0.17161414160689725,0.17142160097253506,0.17006629537495288
331,0.8860937356948853,1.060210943222046,0.17671875655651093,4.625964164733887,0.17684503564329418,0.17612823185569004,0.17477213577545636
332,0.888964831829071,1.0471009016036987,0.17304687201976776,4.6184539794921875,0.17351864519732704,0.17249405158611641,0.17154970036556033
333,0.8868554830551147,1.0519604682922363,0.17320312559604645,4.619933605194092,0.17405103977764752,0.17257819203259656,0.1717537502511185
334,0.887499988079071,1.0552674531936646,0.17351561784744263,4.6106061935424805,0.17400806610900735,0.17283068466904597,0.17191724528114813
335,0.8875976800918579,1.051486611366272,0.1770312488079071,4.628885269165039,0.17722607218172412,0.17633699642256592,0.17545313841560983
336,0.8878710865974426,1.0492135286331177,0.1724218726158142,4.594650745391846,0.1724530936570744,0.17179545981487349,0.17060804174413757
337,0.8891406059265137,1.0487169027328491,0.17289061844348907,4.615371227264404,0.1726710698204947,0.17195768445807103,0.17086564400694743
338,0.8895117044448853,1.0455209016799927,0.17656250298023224,4.61602783203125,0.17688963729037693,0.17601450925627873,0.1749854685527474
339,0.888964831829071,1.0458732843399048,0.17640624940395355,4.600583076477051,0.17592899692553277,0.1756682549244799,0.1744426002027811
340,0.8881250023841858,1.0497386455535889,0.1756249964237213,4.611591815948486,0.1742801935658132,0.17465354526885746,0.1731491672568778
341,0.8884961009025574,1.048624873161316,0.17164061963558197,4.612558364868164,0.17051624770326212,0.1708450382220693,0.1692760813872779
342,0.8900585770606995,1.0444213151931763,0.17546874284744263,4.589021682739258,0.17660664989629138,0.17496702963116215,0.17406719960862216
343,0.8892577886581421,1.0535166263580322,0.17414063215255737,4.613781929016113,0.1735327674043753,0.1733356158127013,0.17197822264055027
344,0.8864452838897705,1.0562012195587158,0.17343750596046448,4.604029655456543,0.17328355399597528,0.17267742022386312,0.17143262642238197
345,0.8883984088897705,1.0508438348770142,0.1750781238079071,4.598422050476074,0.1746448473424128,0.17421416923086985,0.17295616775810754
346,0.8901562690734863,1.0412752628326416,0.17218750715255737,4.597195625305176,0.17265354196352758,0.1713465407108246,0.17059508434047288
347,0.8884179592132568,1.0442062616348267,0.17304687201976776,4.608950138092041,0.17456793728932177,0.17241146508117733,0.17193843897597744
348,0.887988269329071,1.046836018562317,0.18015624582767487,4.6103291511535645,0.18111373910676254,0.17944262295230862,0.17869316961131237
349,0.8897265791893005,1.0478339195251465,0.1750781238079071,4.615206241607666,0.17579775619892984,0.17438912032416853,0.173549352467597
350,0.8891211152076721,1.0445574522018433,0.1763281226158142,4.6168036460876465,0.1765457885153301,0.17558547892037174,0.1744805619894819
351,0.8874609470367432,1.0411179065704346,0.17578125,4.615052700042725,0.17497576574653162,0.1749349594696461,0.17329937273703147
352,0.892285168170929,1.0318446159362793,0.17273437976837158,4.622318744659424,0.172169605240896,0.1720663164299988,0.17058581506997864
353,0.8915039300918579,1.0371756553649902,0.17343750596046448,4.598447799682617,0.17328640855203722,0.1727479594584992,0.17155171308466205
354,0.8919140696525574,1.035815715789795,0.17656250298023224,4.593533992767334,0.17627273478657268,0.17590543651171267,0.17469329219707147
355,0.8920508027076721,1.0341240167617798,0.17218750715255737,4.613611221313477,0.17210335272120075,0.1714834959303847,0.1704823567182246
356,0.8916991949081421,1.0380383729934692,0.1743749976158142,4.6138596534729,0.17500742185139484,0.173733532145937,0.17291227145636867
357,0.8908789157867432,1.035541296005249,0.1759375035762787,4.628361225128174,0.17514372704427983,0.17492167716799165,0.17364698031261228
358,0.8928320407867432,1.0304007530212402,0.1803906261920929,4.613562107086182,0.18145333251679593,0.17968316420419722,0.17886887596648507
359,0.8929882645606995,1.0323868989944458,0.17515625059604645,4.606884956359863,0.17533312768502413,0.17437380481629355,0.17336078181542483
360,0.8907031416893005,1.0411258935928345,0.17656250298023224,4.6054158210754395,0.17791783771815484,0.1757200086663599,0.1752067254786902
361,0.8917187452316284,1.037277340888977,0.17734375596046448,4.59877347946167,0.17734499213948102,0.17652602086667613,0.17536525679960052
362,0.8915234208106995,1.0354855060577393,0.17906250059604645,4.604414939880371,0.17856756032659782,0.17823318762881546,0.17687058330708
363,0.8900976777076721,1.036716341972351,0.18195313215255737,4.584270000457764,0.18192771730224483,0.1810942359930731,0.18007454856851765
364,0.8934765458106995,1.03066885471344,0.1784375011920929,4.582958698272705,0.17712719565052312,0.17756802026359644,0.17588252745416258
365,0.8954101800918579,1.0264695882797241,0.1803906261920929,4.581468105316162,0.18112834290186572,0.17979453539235835,0.1789135013522114
366,0.893847644329071,1.0244234800338745,0.18140624463558197,4.6041741371154785,0.18134945761886845,0.18056308114383768,0.17928873244728022
367,0.8934570550918579,1.0269173383712769,0.17882812023162842,4.587320327758789,0.17852742769799176,0.17810535889999277,0.17666862295838798
368,0.8919140696525574,1.0351297855377197,0.18101562559604645,4.598155498504639,0.17991522074944133,0.18025069837762586,0.17847027009945227
369,0.8923437595367432,1.031968355178833,0.17624999582767487,4.616328716278076,0.17654710701745668,0.17557739724632238,0.17439092644243942
370,0.8918359279632568,1.0293363332748413,0.17804688215255737,4.606065273284912,0.17824260161745653,0.177532824479179,0.17632729997105262
371,0.8930859565734863,1.0280739068984985,0.18140624463558197,4.6081037521362305,0.18104772810334765,0.1807710441094294,0.17943482431621022
372,0.8920312523841858,1.028516411781311,0.1842968761920929,4.5809102058410645,0.1852081188165609,0.18375028360961548,0.1827187669211669
373,0.8938281536102295,1.0278401374816895,0.18312500417232513,4.5993852615356445,0.18322434360682563,0.18227815251926566,0.18094015365289284
374,0.8949413895606995,1.021912693977356,0.18312500417232513,4.595820426940918,0.18242836540322738,0.18241567071024883,0.18056512581605635
375,0.8927538990974426,1.0321415662765503,0.17859375476837158,4.619613170623779,0.17752994650930115,0.17744735908511422,0.17580190528968007
376,0.8923633098602295,1.0264039039611816,0.1841406226158142,4.614094257354736,0.1844595154789431,0.18337859633422077,0.18224319190668456
377,0.8946093916893005,1.0271185636520386,0.17976562678813934,4.607570648193359,0.18046786300023493,0.17916344012280203,0.17831220800563616
378,0.8939453363418579,1.0321727991104126,0.18085937201976776,4.598721981048584,0.1809611224458022,0.18019820533693248,0.17900454434085958
379,0.8917187452316284,1.030513882637024,0.17921875417232513,4.597997665405273,0.18020232031975772,0.17846289812410765,0.17767078927736107
380,0.8955273628234863,1.024834394454956,0.18054687976837158,4.6055731773376465,0.18106689409271298,0.1798926465950747,0.17913126403860974
381,0.8965820074081421,1.0202946662902832,0.18476562201976776,4.592840671539307,0.18522717497659835,0.18432274733500084,0.1832391928815526
382,0.8948437571525574,1.0250996351242065,0.1837500035762787,4.6012492179870605,0.18315122211459306,0.18304756751355594,0.1815490840735451
383,0.8958593606948853,1.0199060440063477,0.18140624463558197,4.607800006866455,0.18076488489220485,0.18069776777258795,0.17928510347513177
384,0.8942773342132568,1.023815631866455,0.18187500536441803,4.602993011474609,0.1814727432104071,0.18103921150161628,0.17980539420723252
385,0.8936718702316284,1.023709774017334,0.18031249940395355,4.584832191467285,0.18124496378095073,0.17973255071939565,0.17863340547252043
386,0.8930273652076721,1.0273674726486206,0.1828906238079071,4.590305805206299,0.1829856017558628,0.1824229729419607,0.18103537007176876
387,0.8934960961341858,1.0261229276657104,0.18398436903953552,4.595304489135742,0.18457404782641523,0.1833139512551272,0.18223992971190678
388,0.8944336175918579,1.019842505455017,0.1850000023841858,4.591784477233887,0.1857822049213267,0.18435261619288354,0.1834074668988849
389,0.8919531106948853,1.0235604047775269,0.18437500298023224,4.608879566192627,0.18492286673996478,0.1836306783342077,0.18269852171881995
390,0.8953906297683716,1.0174696445465088,0.18367187678813934,4.590631484985352,0.18381857370184956,0.18301089976290277,0.18196780008586555
391,0.8954882621765137,1.0138112306594849,0.18585938215255737,4.577352523803711,0.18630032875155098,0.185215953883702,0.18451008833114757
392,0.8927929401397705,1.0286016464233398,0.18062500655651093,4.587274074554443,0.1807332831291695,0.17981860185065068,0.17862892342470038
393,0.8933203220367432,1.028367042541504,0.18210937082767487,4.611940383911133,0.1823359744097426,0.1814807436618411,0.1804054149080857
394,0.893261730670929,1.0264182090759277,0.18132811784744263,4.621354103088379,0.18221809982083476,0.18072145304379844,0.17980305716649866
395,0.8955859541893005,1.01703679561615,0.1809374988079071,4.592861175537109,0.18115483618269607,0.1803086866290422,0.17909331973954595
396,0.8993359208106995,1.0106093883514404,0.18492187559604645,4.579583644866943,0.18524194620797516,0.18429979197481364,0.18336870067242103
397,0.8951171636581421,1.0216877460479736,0.1810937523841858,4.583798408508301,0.18256836932600914,0.18044801379738187,0.18000015524329321
398,0.9010156393051147,1.0029144287109375,0.1860937476158142,4.591028213500977,0.1872410918389122,0.1853362780201287,0.18462176449494186
399,0.895703136920929,1.0160328149795532,0.1821874976158142,4.578821182250977,0.1820077848300526,0.18156959133873296,0.18006622214379528
400,0.8965234160423279,1.014007568359375,0.18046875298023224,4.583835124969482,0.18083483387939353,0.17977918442173352,0.1787685994906399
401,0.891894519329071,1.0246182680130005,0.1830468773841858,4.587615013122559,0.18282324241290757,0.18219854433172017,0.18089009507076909
402,0.8974023461341858,1.0170340538024902,0.18203124403953552,4.598247051239014,0.18193183272156827,0.1813304067737001,0.18030401199613097
403,0.8972265720367432,1.0147557258605957,0.18226562440395355,4.5778398513793945,0.18324324241454243,0.18152812089834294,0.1808886611980609
404,0.8951367139816284,1.0176093578338623,0.18492187559604645,4.5836029052734375,0.18478569451501,0.1839083877185661,0.18289495598592292
405,0.8957812786102295,1.0117199420928955,0.18328124284744263,4.585805892944336,0.18426650674402661,0.1825373160874857,0.1818016759575993
406,0.8986718654632568,1.0128521919250488,0.1841406226158142,4.58384895324707,0.1843574158721456,0.1832483141446572,0.18229140751612427
407,0.8971288800239563,1.0141081809997559,0.18632812798023224,4.577992916107178,0.18738305946738354,0.18537512673412476,0.1845700850164478
408,0.8955468535423279,1.0171515941619873,0.185546875,4.5693254470825195,0.18609399517559894,0.18485965791370018,0.1839184136588771
409,0.896289050579071,1.018476963043213,0.19187499582767487,4.549461364746094,0.19220684391306384,0.1912472411473834,0.18996963643331882
410,0.8931835889816284,1.024461269378662,0.18421874940395355,4.587719440460205,0.18548897843132794,0.18324944844901522,0.18262090317056315
411,0.8977148532867432,1.0070850849151611,0.18562500178813934,4.5888471603393555,0.1873370947049291,0.18521063933886706,0.18470190708907835
412,0.8998047113418579,1.0021899938583374,0.1869531273841858,4.561775207519531,0.188079114672585,0.18641624044579913,0.1857342806664179
413,0.8973633050918579,1.0078903436660767,0.18648438155651093,4.572911262512207,0.18697223379293343,0.18576226714108102,0.1847606965587455
414,0.8979687690734863,1.0109152793884277,0.18796874582767487,4.571428298950195,0.18872824021643175,0.18751047840051444,0.18657627099567042
415,0.8998047113418579,1.0048316717147827,0.1875,4.57516622543335,0.18909247116721034,0.1869781460632921,0.18637696968403786
416,0.8971288800239563,1.0066207647323608,0.19046874344348907,4.56325626373291,0.19095806907161667,0.18975933130397896,0.1886517575593204
417,0.8996679782867432,1.002995491027832,0.18523436784744263,4.579060077667236,0.1850174605205462,0.18424954640800523,0.1829906528589952
418,0.8963281512260437,1.0111628770828247,0.18710938096046448,4.586786270141602,0.18756066510949104,0.18646178487826237,0.1856711514888854
419,0.8963281512260437,1.0141996145248413,0.18835937976837158,4.59542179107666,0.18927617581358297,0.18788004122491372,0.18728462224326758
420,0.9008007645606995,1.0018399953842163,0.18335936963558197,4.62083625793457,0.18374986559586498,0.18265341514264544,0.1815606566733122
421,0.9009570479393005,1.0020699501037598,0.1848437488079071,4.585056781768799,0.18501200214227634,0.18404461415254203,0.18311119765129302
422,0.902148425579071,0.9930059313774109,0.1848437488079071,4.594320774078369,0.18545150489767098,0.18382458113178163,0.18296832048820186
423,0.9023633003234863,0.993216335773468,0.18835937976837158,4.574486255645752,0.1891488569264232,0.1878899284577702,0.1872474719177195
424,0.8987890481948853,1.0002599954605103,0.1860937476158142,4.589686393737793,0.1871046146066012,0.18554760388983565,0.18496895573842922
425,0.9004882574081421,0.9993683099746704,0.18671874701976776,4.604444980621338,0.18726495583648867,0.1861453565638143,0.18517518293129903
426,0.8987890481948853,1.0062861442565918,0.18687500059604645,4.598241806030273,0.18684877045297463,0.18618202907440337,0.1846271123330806
427,0.8997851610183716,1.0046309232711792,0.18742187321186066,4.588276386260986,0.18665483735109062,0.18680022499818213,0.18536029253952557
428,0.8983789086341858,1.006866216659546,0.18671874701976776,4.599715709686279,0.18747837552968938,0.18604463916651015,0.18518371598394012
429,0.8963476419448853,1.0091142654418945,0.18914061784744263,4.5723981857299805,0.19025296371132644,0.18869344846180067,0.18782580039058333
430,0.8955468535423279,1.0155761241912842,0.18828125298023224,4.615585803985596,0.18931314659043158,0.18757315274937636,0.18689268793802472
431,0.8987695574760437,1.0045512914657593,0.18515625596046448,4.565946102142334,0.18608633839027644,0.18425757239251203,0.1837506863146114
432,0.9004101753234863,1.002882480621338,0.19148437678813934,4.585847854614258,0.19104771111648666,0.1908035693190709,0.18930015396786948
433,0.8997461199760437,0.9979366064071655,0.18843750655651093,4.599905490875244,0.18876859050811412,0.18746062063985539,0.18663016312213296
434,0.904296875,0.9919155240058899,0.18796874582767487,4.589522838592529,0.18858748987691326,0.18724431084948023,0.18621803289028632
435,0.9013281464576721,0.9966728091239929,0.18210937082767487,4.590608596801758,0.18285623604557005,0.18141746532240216,0.18071305468405524
436,0.9009765386581421,0.9971923828125,0.18320313096046448,4.603435516357422,0.18380159131346957,0.18252779808355424,0.18171568618834244
437,0.9021093845367432,0.9889874458312988,0.18156249821186066,4.612290859222412,0.18216225386263585,0.1810219301873815,0.17985274673461327
438,0.9009960889816284,0.9947634339332581,0.18335936963558197,4.609484672546387,0.1834914082617173,0.1827763769582736,0.18158707696327764
439,0.898242175579071,1.0013337135314941,0.18593749403953552,4.599235534667969,0.18703459497877983,0.18555329942575388,0.18443048502911513
440,0.8987109661102295,0.9998571276664734,0.1842968761920929,4.598772048950195,0.18554318862774355,0.18386775114825804,0.1830535567569068
441,0.8997265696525574,1.001766324043274,0.18781250715255737,4.574826717376709,0.18900019709597174,0.18718745296586975,0.18633308653179084
442,0.8999804854393005,1.001638650894165,0.1896093785762787,4.587088108062744,0.1898155979894992,0.1890964085008609,0.18797165224676168
443,0.9011328220367432,0.9953010678291321,0.19117186963558197,4.593511581420898,0.19189137116840255,0.1903522712241359,0.18942487034318287
444,0.9008007645606995,0.9995772838592529,0.18531249463558197,4.6043291091918945,0.1862550736739731,0.1846735214680112,0.18383435150152116
445,0.90380859375,0.9906949400901794,0.18992187082767487,4.566768646240234,0.19077229934187104,0.18932382152653598,0.18841484094047323
446,0.9017187356948853,0.9898113012313843,0.1928125023841858,4.5773091316223145,0.19365961558042427,0.19216622436055425,0.19122565800868596
447,0.9029882550239563,0.9910131692886353,0.193359375,4.572880268096924,0.19341030988664937,0.19251866583238492,0.19141532447002024
448,0.8999413847923279,0.9963209629058838,0.1921093761920929,4.56906270980835,0.19186039478223554,0.1912485706449525,0.18994357025126815
449,0.9024023413658142,0.9879052639007568,0.18562500178813934,4.579157829284668,0.1870305013389414,0.18481334334923466,0.1842410748457204
450,0.9023633003234863,0.9898525476455688,0.19218750298023224,4.564609050750732,0.19293986920497613,0.19156730356533258,0.19075727956034005
451,0.9008398652076721,0.9964566230773926,0.18867187201976776,4.583324432373047,0.18892220392866402,0.18793284274099653,0.18678969542418153
452,0.9022265672683716,0.9902989864349365,0.19117186963558197,4.566717624664307,0.1913287982216213,0.19019393622163452,0.18924830460767272
453,0.9002734422683716,0.9967066049575806,0.19164063036441803,4.591407775878906,0.19160758161242536,0.1909668970749179,0.18965243270743953
454,0.902148425579071,0.9931542277336121,0.189453125,4.593072414398193,0.18940743530425216,0.18848339025120509,0.18729906190227563
455,0.9025781154632568,0.9920117855072021,0.19140625,4.575932025909424,0.1913116536382471,0.19043795334575594,0.18951569423904896
456,0.9013085961341858,0.9923993945121765,0.19218750298023224,4.569324016571045,0.19193629925884423,0.19140732564449858,0.18997777651511316
457,0.902539074420929,0.9902653694152832,0.18812499940395355,4.57708740234375,0.18817314421107362,0.1874220757664236,0.18617383193321674
458,0.9035742282867432,0.9899852871894836,0.18726561963558197,4.5767822265625,0.18701571032257858,0.18652211873241706,0.18507486015783284
459,0.8995702862739563,0.9994855523109436,0.1889062523841858,4.577467441558838,0.18953757589399756,0.18803035795108775,0.1873278509932171
460,0.904003918170929,0.9865659475326538,0.1954687535762787,4.5957746505737305,0.1950567832227055,0.1944642779869592,0.19313112178265476
461,0.9020898342132568,0.9863129258155823,0.18953125178813934,4.595459938049316,0.18971307075156357,0.18878379956015168,0.1879474260061586
462,0.9005078077316284,0.9944085478782654,0.18992187082767487,4.5924882888793945,0.1896969497477683,0.18897259135145753,0.18776330444540512
463,0.9043750166893005,0.9856090545654297,0.18859374523162842,4.576219081878662,0.1889631262444664,0.18775272841083301,0.18692060501088104
464,0.9006054401397705,0.9922109246253967,0.18898437917232513,4.581231594085693,0.19024346438671136,0.1881303193127974,0.1874049120835424
465,0.9024023413658142,0.9922458529472351,0.18984374403953552,4.5696845054626465,0.19049630374332,0.18916777074500696,0.1882668668085618
466,0.9030859470367432,0.9855800867080688,0.19171875715255737,4.579356670379639,0.19136098662550433,0.19094926241043925,0.18968619535078718
467,0.9010546803474426,0.9940870404243469,0.19242186844348907,4.584968566894531,0.19275625016386175,0.1916486249563168,0.1905105240323432
468,0.9043164253234863,0.986774742603302,0.18992187082767487,4.586851596832275,0.18996185891851472,0.18931928124325823,0.1881117246115916
469,0.902636706829071,0.9854674339294434,0.19062499701976776,4.577465057373047,0.19177223244125352,0.18991935628751305,0.18941928363725477
470,0.9042187333106995,0.9863659143447876,0.19359375536441803,4.582002639770508,0.19335408350391067,0.19309803172615442,0.1914482857258768
471,0.9007421731948853,0.9928779006004333,0.19249999523162842,4.576062202453613,0.19331025555241332,0.19191298597657097,0.1911999648301305
472,0.9039453268051147,0.9829566478729248,0.18906250596046448,4.579031467437744,0.18858952102356694,0.18817061999840934,0.18681834611894219
473,0.9033007621765137,0.9809849262237549,0.19382812082767487,4.5853352546691895,0.19381287190927676,0.1929789924807996,0.1917615857866662
474,0.9032421708106995,0.9859023094177246,0.1921093761920929,4.581475734710693,0.19230143448171005,0.1911929769478815,0.19018387087851343
475,0.9028515815734863,0.9870657920837402,0.19492188096046448,4.550590515136719,0.19477278429575318,0.19417508335499478,0.1928924640822991
476,0.9007421731948853,0.9912245869636536,0.19429688155651093,4.567224979400635,0.1943849308957211,0.19376667961409041,0.192638417044427
477,0.9027148485183716,0.9874030351638794,0.19562500715255737,4.564108848571777,0.19545670836174228,0.1952247000216315,0.1936124443291108
478,0.9020312428474426,0.9909008741378784,0.19695311784744263,4.563467025756836,0.19726008376788626,0.19631772717161533,0.19501965622297562
479,0.9035937786102295,0.984846293926239,0.19625000655651093,4.570886611938477,0.19705585065766065,0.19540331658322443,0.1942594081526164
480,0.9045116901397705,0.9837349653244019,0.19507811963558197,4.573384761810303,0.19502377206072824,0.19426991005564492,0.19332241703128855
481,0.9018359184265137,0.9898501038551331,0.19554688036441803,4.557131767272949,0.1960471269864107,0.1947740048309679,0.19367089736306842
482,0.9026952981948853,0.983721911907196,0.19234375655651093,4.566924095153809,0.19301675084953404,0.1915705151161345,0.19062633966659473
483,0.9049999713897705,0.9841966032981873,0.19304686784744263,4.578892707824707,0.19356776855041882,0.1926246332493881,0.19158290255468124
484,0.9026758074760437,0.9890706539154053,0.19289062917232513,4.568533420562744,0.19464217672099698,0.19263916559968233,0.19194475723063964
485,0.9055859446525574,0.9812347292900085,0.19078125059604645,4.548160552978516,0.19123558301829197,0.1901051601191651,0.1891761627435109
486,0.9032617211341858,0.9845820665359497,0.19367188215255737,4.579028606414795,0.19404179434119273,0.1929153985837634,0.19185109434330644
487,0.9045116901397705,0.9811482429504395,0.19140625,4.587238311767578,0.19145952189388196,0.19056788649571083,0.18929637987570014
488,0.9037304520606995,0.9856321811676025,0.19382812082767487,4.586284637451172,0.1933595366378446,0.19297777476101502,0.19173902958514455
489,0.9068164229393005,0.9769707322120667,0.1939062476158142,4.580178260803223,0.19375341449485425,0.19313321618003637,0.1919226004077329
490,0.9051172137260437,0.9791843891143799,0.1979687511920929,4.570291042327881,0.19860861771727784,0.19721040229696532,0.1963292659835363
491,0.90380859375,0.9819756150245667,0.19499999284744263,4.581598281860352,0.19496427553970702,0.19427588742113344,0.19318024137387163
492,0.9047656059265137,0.9782537221908569,0.19445312023162842,4.578503608703613,0.1955689247548678,0.19374610101383816,0.192822166209197
493,0.9015234112739563,0.9913302063941956,0.19398437440395355,4.575006484985352,0.19436941552281728,0.19329400857339982,0.19225323257002017
494,0.9052734375,0.9796003103256226,0.19679687917232513,4.578849792480469,0.1958528633418214,0.19587864148426673,0.19448370921470473
495,0.9058593511581421,0.9808832406997681,0.19554688036441803,4.589986801147461,0.19636695572289034,0.19473057126617166,0.19418883377384574
496,0.9036718606948853,0.9805723428726196,0.1940625011920929,4.542699813842773,0.19373277052304172,0.1932184220322683,0.1918728552991471
497,0.9024413824081421,0.987642228603363,0.19687500596046448,4.551458835601807,0.19768041901793298,0.19614971421732452,0.19482744557517612
498,0.9046875238418579,0.9827971458435059,0.19664062559604645,4.567420959472656,0.19605332815484813,0.19554700218071408,0.19418529290778164
499,0.9014257788658142,0.9932368993759155,0.19499999284744263,4.588911533355713,0.19503129407879355,0.19409228591080374,0.19319364436145925
500,0.9023827910423279,0.9855336546897888,0.19828124344348907,4.565337181091309,0.19821489121243852,0.19762452993411994,0.19631005306416321
501,0.9047461152076721,0.9819892644882202,0.19374999403953552,4.568899154663086,0.19336854034388706,0.19289275417792623,0.19125796504262743
502,0.9060937762260437,0.9808207154273987,0.19945313036441803,4.558615207672119,0.1994069732212278,0.19838805097808804,0.19716328593671853
503,0.9057226777076721,0.9789126515388489,0.1979687511920929,4.588940143585205,0.19831047274721653,0.19725471459259425,0.19630289904969134
504,0.9041601419448853,0.9821756482124329,0.19695311784744263,4.573847770690918,0.19854447817099838,0.1963860125167284,0.19572110814045915
505,0.902539074420929,0.982002854347229,0.19562500715255737,4.562888145446777,0.1973541049742825,0.19514846465428418,0.194507245752014
506,0.9063867330551147,0.9776745438575745,0.19945313036441803,4.561680793762207,0.19993363140542134,0.19877567893329734,0.19771410642836157
507,0.9088671803474426,0.9678513407707214,0.19492188096046448,4.574558734893799,0.19503057612114486,0.19433865641924236,0.1931859028048715
508,0.9064648151397705,0.9801322817802429,0.19429688155651093,4.573801517486572,0.19512403038573745,0.1937143141860642,0.1927298915257646
509,0.9049609303474426,0.9751289486885071,0.19703124463558197,4.559525489807129,0.19762468783563797,0.19676325888151802,0.19560648531756014
510,0.9043359160423279,0.9800246357917786,0.19367188215255737,4.569179058074951,0.1935291551717479,0.19309584719001244,0.19180969560280808
511,0.9066992402076721,0.9721485376358032,0.1947656273841858,4.572088241577148,0.1948201263421948,0.19430790439575926,0.19297381117621035
512,0.9073241949081421,0.9739243388175964,0.19289062917232513,4.598772048950195,0.19444784091009198,0.19229029743070014,0.1914759361744792
513,0.9066601395606995,0.9697714447975159,0.19382812082767487,4.554488658905029,0.19447149538465072,0.19304870296215154,0.19183446742486884
514,0.9045312404632568,0.9758914709091187,0.19109374284744263,4.576762676239014,0.19071791727021487,0.1902706407456361,0.18890823645536592
515,0.9068164229393005,0.9750182628631592,0.19226562976837158,4.5703840255737305,0.192064197369407,0.19135612527385384,0.18994978867849568
516,0.902636706829071,0.9888003468513489,0.1971093714237213,4.579005241394043,0.1983065976199737,0.1965707516157748,0.1957759479458993
517,0.9039453268051147,0.9835306406021118,0.19179686903953552,4.5958781242370605,0.19191166944637128,0.1912694701209548,0.18999607468909563
518,0.9030663967132568,0.9822878241539001,0.18984374403953552,4.582334518432617,0.18961446246187746,0.18940707960162806,0.18813839122134868
519,0.9040429592132568,0.984590470790863,0.19171875715255737,4.5660529136657715,0.19235632958049187,0.19100137355164465,0.1900047909921565
520,0.9066015481948853,0.9730746746063232,0.1862500011920929,4.579435348510742,0.18761345008095742,0.18557301106967294,0.18494133279117334
521,0.9069726467132568,0.9706590175628662,0.19453124701976776,4.5517258644104,0.1949118170196796,0.19366864479673263,0.1928440749614903
522,0.9069726467132568,0.9708753228187561,0.19718749821186066,4.518503189086914,0.19671074819644754,0.19624882675725042,0.19482738017203632
523,0.9044140577316284,0.9746840000152588,0.19562500715255737,4.544958114624023,0.19559751403082126,0.19469855131169933,0.19368320811925782
524,0.9066015481948853,0.9725593328475952,0.19578124582767487,4.55920934677124,0.19658903476836048,0.19501271649830598,0.19405394682455238
525,0.9068164229393005,0.9676046967506409,0.19499999284744263,4.580171585083008,0.19548582283304067,0.19411657093610363,0.1931787553079401
526,0.9092382788658142,0.9692990779876709,0.19468750059604645,4.561639308929443,0.1953114058324722,0.19399161537539517,0.1929467786389378
527,0.9077343940734863,0.9680140018463135,0.19562500715255737,4.567241668701172,0.1950557792212197,0.19474820875681575,0.19344751776941507
528,0.9074609279632568,0.9682320356369019,0.19828124344348907,4.562511444091797,0.19866785254902813,0.19721388597025358,0.19630110194669567
529,0.9049413800239563,0.973935067653656,0.1951562464237213,4.578424453735352,0.19605875807327156,0.19458351967815402,0.19372352705231155
530,0.9054882526397705,0.9754284024238586,0.1985156238079071,4.546762943267822,0.19962561008866606,0.19759464240771774,0.19683915351921144
531,0.9031835794448853,0.981777012348175,0.19812500476837158,4.546201705932617,0.19919835956865936,0.19722975752869,0.19666294142267063
532,0.9088085889816284,0.9669116735458374,0.1999218761920929,4.559943199157715,0.19967220811315922,0.19884519456751776,0.19766988898331173
533,0.9073632955551147,0.9653666615486145,0.19812500476837158,4.546259880065918,0.19718669498883992,0.1969915876503145,0.19552754291888164
534,0.9083788990974426,0.964826762676239,0.2017187476158142,4.537442684173584,0.20183182207251105,0.2006610423773837,0.19959310770490607
535,0.9070703387260437,0.9703589677810669,0.20023436844348907,4.5505475997924805,0.20018589173840423,0.19937118256230668,0.19825444040843854
536,0.9063867330551147,0.9696775674819946,0.20335938036441803,4.5533905029296875,0.20363036129848458,0.2025166529137699,0.2011355802859311
537,0.9051367044448853,0.9759018421173096,0.2043749988079071,4.5423264503479,0.2042072284414097,0.2037650887514628,0.20252233929582747
538,0.9049413800239563,0.9714515209197998,0.20195312798023224,4.558516025543213,0.20253901147496484,0.20128567295858996,0.2004432158546718
539,0.9085742235183716,0.9702276587486267,0.20078125596046448,4.554093837738037,0.20110826124473397,0.20006387159341088,0.1991374111919887
540,0.9074609279632568,0.969240665435791,0.19703124463558197,4.542725563049316,0.19686450072810485,0.19617485528890216,0.19492954490533446
541,0.9084570407867432,0.9673688411712646,0.19875000417232513,4.55056095123291,0.19912200535039926,0.19780386194845886,0.19722754898639672
542,0.9084374904632568,0.9649207592010498,0.19945313036441803,4.553121089935303,0.20024071650331038,0.19868172663123443,0.1976808227073327
543,0.9099218845367432,0.9636883735656738,0.19804687798023224,4.573590278625488,0.19935172768218856,0.19732061543549456,0.19682533162731364
544,0.9063281416893005,0.96869957447052,0.19921875,4.56089973449707,0.1995847161061881,0.1982997527963112,0.19730089657155828
545,0.9085546731948853,0.9662794470787048,0.2010156214237213,4.541166305541992,0.20219998988364113,0.2005453998194111,0.19982203022233025
546,0.9032617211341858,0.9780067205429077,0.2029687464237213,4.5506110191345215,0.20348199870404654,0.20242869483321835,0.20164781678926647
547,0.9055078029632568,0.9755077362060547,0.19882813096046448,4.536208629608154,0.2005949129852339,0.19795951228757797,0.19777538237999703
548,0.90869140625,0.9634715914726257,0.19843749701976776,4.558119297027588,0.19870850855093225,0.19773514863603087,0.19668413700163878
549,0.9076172113418579,0.9683172106742859,0.20000000298023224,4.567995071411133,0.20043674870305161,0.1991867725887378,0.1983595380310676
550,0.9070703387260437,0.9689948558807373,0.19898436963558197,4.570371627807617,0.2000342042719202,0.19811961941684403,0.197459973181491
551,0.9092187285423279,0.9663322567939758,0.19945313036441803,4.556047439575195,0.20031069657972483,0.19856242066191032,0.1976669637546875
552,0.9097656011581421,0.9590564966201782,0.20070312917232513,4.566876411437988,0.20100456220016974,0.19995215076528977,0.19889713684165428
553,0.9084374904632568,0.9659367203712463,0.1997656226158142,4.5664591789245605,0.20016576519957227,0.19903242400366244,0.1981329954279505
554,0.9089257717132568,0.964732825756073,0.19750000536441803,4.568120956420898,0.19908028635284697,0.196701994855134,0.19623889453180982
555,0.9077734351158142,0.9664639234542847,0.19687500596046448,4.57070779800415,0.19645860225309875,0.19609585754498643,0.19481836480898138
556,0.9084374904632568,0.9692417979240417,0.20164062082767487,4.576631546020508,0.2015876419443856,0.20089475393734452,0.19951771844294608
557,0.9092382788658142,0.9591625332832336,0.1997656226158142,4.569533824920654,0.20051378202441508,0.1986386128739091,0.19781656943240108
558,0.9109179973602295,0.958309531211853,0.20125000178813934,4.557512283325195,0.20203299721912946,0.2004047313295551,0.19924206336624456
559,0.9088085889816284,0.9601648449897766,0.20156249403953552,4.559970378875732,0.20195877490445507,0.20086009509625624,0.19983341518536
560,0.9071289300918579,0.9670417904853821,0.20054687559604645,4.560795307159424,0.20081562684658,0.19985071881743804,0.19863143853458834
561,0.9061328172683716,0.9727768898010254,0.19804687798023224,4.564704418182373,0.19866555865665725,0.19735945804256827,0.19641171786277994
562,0.9055469036102295,0.971117377281189,0.20054687559604645,4.571803092956543,0.20198008437186973,0.19975392507380574,0.19932815786365582
563,0.9102929830551147,0.959047257900238,0.2091406285762787,4.540893077850342,0.21013982108563262,0.20843883940951974,0.20771059293088806
564,0.9098047018051147,0.9618377685546875,0.20195312798023224,4.563406467437744,0.20268960157816718,0.20121714142399272,0.2005220795141523
565,0.9076952934265137,0.9668237566947937,0.20078125596046448,4.5671916007995605,0.20192060784443025,0.20059725355362246,0.1996658072832398
566,0.9063085913658142,0.9669454097747803,0.20085936784744263,4.580156326293945,0.2017704398465105,0.20038842747057162,0.19956607283607863
567,0.908398449420929,0.9606900215148926,0.19921875,4.579338550567627,0.19936772611878992,0.19846180463253313,0.1973849846845962
568,0.9075586199760437,0.9649031162261963,0.19750000536441803,4.576039791107178,0.1979126990347506,0.19691790881240928,0.19586305269239332
569,0.9092578291893005,0.9575546383857727,0.2038281261920929,4.542400360107422,0.2046483812458469,0.2030748425893713,0.20198460116517908
570,0.9080663919448853,0.961917519569397,0.19765624403953552,4.560490608215332,0.19839665341834703,0.19718531285200472,0.19630490835131448
571,0.9100000262260437,0.9604723453521729,0.19789062440395355,4.553972244262695,0.19902937209971688,0.19712369038260136,0.1966057265481151
572,0.9098241925239563,0.9580481052398682,0.20195312798023224,4.556047439575195,0.20239811158581156,0.201241522022036,0.2003497809824213
573,0.9099804759025574,0.9595834612846375,0.19539062678813934,4.568663120269775,0.19601382935381811,0.19485700003847808,0.19393225410950726
574,0.9113867282867432,0.9546650052070618,0.20156249403953552,4.581437110900879,0.20282235543904897,0.2008730715477955,0.20016289114424726
575,0.9121484160423279,0.9535176157951355,0.20085936784744263,4.565858840942383,0.20165357563216274,0.20014250921468757,0.19939341541635744
576,0.908496081829071,0.9632304906845093,0.19890624284744263,4.581977844238281,0.1989519785256048,0.19842226598961538,0.19711618422755428
577,0.9100781083106995,0.9568701982498169,0.19921875,4.549152851104736,0.19957475262664065,0.19882794628168643,0.19782668150806523
578,0.9104297161102295,0.9544517397880554,0.19843749701976776,4.5608954429626465,0.1984475533478338,0.1978262228293039,0.19662147386668238
579,0.9091015458106995,0.9624288082122803,0.19984374940395355,4.570273399353027,0.2003376422347708,0.1991750670483764,0.19798935098421916
580,0.9069921970367432,0.9660385251045227,0.20070312917232513,4.5523247718811035,0.20090908950285769,0.20027524017314102,0.19901164306386454
581,0.9088281393051147,0.9671462774276733,0.19539062678813934,4.5510430335998535,0.19528683885805415,0.1947212222384203,0.19356909727170868
582,0.91015625,0.9584575891494751,0.19664062559604645,4.560609817504883,0.19700231294490356,0.19627630133389445,0.19513026756369606
583,0.9100000262260437,0.9576611518859863,0.20085936784744263,4.541510105133057,0.20065903660147208,0.20028478702286262,0.1987331520310979
584,0.9112695455551147,0.9505154490470886,0.20515625178813934,4.5306477546691895,0.2045021515867781,0.2043792338281308,0.20293049229423393
585,0.910937488079071,0.9519336819648743,0.20054687559604645,4.551507472991943,0.19934762487014063,0.19954861872529123,0.19793595787738372
586,0.9090234637260437,0.9607582688331604,0.20164062082767487,4.565404891967773,0.20164998828302755,0.20089493515900533,0.19980355144945203
587,0.9103320240974426,0.9610342383384705,0.19953125715255737,4.576303005218506,0.2007732355198946,0.19916904577555766,0.19826776833764956
588,0.9108593463897705,0.9582008123397827,0.20070312917232513,4.578942775726318,0.20060183340042148,0.20010251455161288,0.19876486722710995
589,0.9085937738418579,0.9611325263977051,0.1993750035762787,4.575229644775391,0.2001774243023044,0.1987992274520128,0.1979155314160429
590,0.9127538800239563,0.9465550780296326,0.20148438215255737,4.548696517944336,0.2019743382671074,0.2012050344229909,0.19999779902237252
591,0.9115039110183716,0.9573931694030762,0.20023436844348907,4.56323766708374,0.2010153499594094,0.19985002444721234,0.19899666865952903
592,0.9095312356948853,0.9602928757667542,0.19859375059604645,4.55133056640625,0.19905589441870758,0.1981476554751948,0.19703818081504726
593,0.9091015458106995,0.9609301686286926,0.20023436844348907,4.558597564697266,0.20093029737583257,0.19960316818225585,0.1984413921958031
594,0.9095703363418579,0.9616597890853882,0.19843749701976776,4.562880039215088,0.19956862147173052,0.19772926373022465,0.19695315247354594
595,0.9098827838897705,0.9584863781929016,0.2029687464237213,4.560418605804443,0.20504797353510856,0.20236431597609253,0.20187638575838296
596,0.9101366996765137,0.9562141299247742,0.1999218761920929,4.568018913269043,0.201687651766546,0.19931618751540636,0.19896107325224804
597,0.9107812643051147,0.9601340293884277,0.2017187476158142,4.572531700134277,0.20175953966022725,0.20074669714692886,0.1997442326090953
598,0.9091992378234863,0.9605875611305237,0.19945313036441803,4.584078311920166,0.2003176042260967,0.19884757701616904,0.19790160993852818
599,0.9076758027076721,0.9648662805557251,0.19953125715255737,4.5905985832214355,0.1997251769318694,0.19863469468166978,0.19756380119240524
600,0.909863293170929,0.9625098705291748,0.20374999940395355,4.589130401611328,0.2050048706514265,0.20305805464875476,0.20219049465664857
601,0.9081445336341858,0.9643213748931885,0.20343750715255737,4.580173492431641,0.20454271750263375,0.20276936189007894,0.20216250848719153
602,0.908886730670929,0.9608845710754395,0.19875000417232513,4.572053909301758,0.1993355111412124,0.19786159699308709,0.1968036485032202
603,0.9094531536102295,0.9648969769477844,0.20125000178813934,4.565024375915527,0.20210107791795487,0.2003131700912273,0.19969119692846884
604,0.911816418170929,0.9516858458518982,0.20070312917232513,4.561861515045166,0.19990473930731265,0.19994863380440056,0.19851605143071938
605,0.9115234613418579,0.951679527759552,0.20210938155651093,4.570940971374512,0.2026843163521023,0.20128017618907026,0.20037589353157587
606,0.9122461080551147,0.9533814787864685,0.20390625298023224,4.576033115386963,0.2038561052742084,0.20314825626770983,0.2018828860305762
607,0.9109960794448853,0.9538264274597168,0.20390625298023224,4.569975852966309,0.2040978439990977,0.2032403974554482,0.20208113656811055
608,0.9106054902076721,0.952144980430603,0.20820312201976776,4.553829193115234,0.20796833131258843,0.20754633972239833,0.2061968434631588
609,0.9095703363418579,0.9592685699462891,0.20343750715255737,4.551421165466309,0.2031410434356762,0.20257272767638446,0.201249935613367
610,0.9105663895606995,0.954862117767334,0.2036718726158142,4.55769157409668,0.20379864984331184,0.20302617656153663,0.20155823217477037
611,0.9091015458106995,0.9597827196121216,0.20234374701976776,4.539972305297852,0.20272783918833903,0.20161029700819336,0.20038599965476334
612,0.9117773175239563,0.9532306790351868,0.2088281214237213,4.537490367889404,0.2095097907117879,0.2084432635156302,0.2076207525767963
613,0.91064453125,0.9555041790008545,0.20390625298023224,4.547792434692383,0.2034555760064021,0.20340632461304578,0.20205816510467167
614,0.9059960842132568,0.9660803079605103,0.1993750035762787,4.581552028656006,0.20030600026370685,0.19899729926786314,0.19818267016619817
615,0.9113085865974426,0.9564735889434814,0.20421874523162842,4.565047740936279,0.20525326944696154,0.20395469906437597,0.20294574903439783
616,0.9122655987739563,0.9515394568443298,0.2024218738079071,4.54890775680542,0.20274640633774632,0.202072616303647,0.20067224255995653
617,0.9134960770606995,0.9507217407226562,0.20218749344348907,4.534955024719238,0.2024753921125729,0.20180970707446544,0.20081655135781157
618,0.9102148413658142,0.9513700604438782,0.20695312321186066,4.549325466156006,0.20815537752647098,0.2065013792092125,0.2057900036617154
619,0.91015625,0.9583072662353516,0.20000000298023224,4.559831142425537,0.20044063661192493,0.19943993731471743,0.19821730967631332
620,0.9130273461341858,0.9521120190620422,0.20273438096046448,4.538595676422119,0.20272164106098162,0.20201410006498438,0.20059443000571545
621,0.9116796851158142,0.9509778022766113,0.20554687082767487,4.539261341094971,0.20500360073666385,0.2050025032608603,0.20347120033707106
622,0.9091992378234863,0.9576257467269897,0.20624999701976776,4.558234691619873,0.20682272988219075,0.20553847484847138,0.20470521037595127
623,0.910937488079071,0.9549816250801086,0.20554687082767487,4.556935787200928,0.2066767053122796,0.20491143025818717,0.20404163283065996
624,0.9112109541893005,0.9548780918121338,0.20617187023162842,4.565374851226807,0.20831897724670295,0.20558005579282326,0.20514157909843322
625,0.9134570360183716,0.9479973316192627,0.2088281214237213,4.571218967437744,0.2096757084040832,0.2083847830228852,0.2072644925871885
626,0.9126172065734863,0.951274037361145,0.20749999582767487,4.543303966522217,0.20853119689369914,0.2071217822990244,0.2060164205849282
627,0.9108788967132568,0.9521200060844421,0.20874999463558197,4.554387092590332,0.2101097194905137,0.20856996308053005,0.20761200064911034
628,0.9117773175239563,0.9464828968048096,0.20812499523162842,4.549505710601807,0.20756831556999006,0.20742699913827478,0.2059670290276485
629,0.9144726395606995,0.9474213123321533,0.20664063096046448,4.549737453460693,0.2063065601812788,0.20618978690496026,0.20453838655865225
630,0.9115234613418579,0.9522097110748291,0.20703125,4.557933807373047,0.20677137542351276,0.20632450166423844,0.20485286411646897
631,0.912890613079071,0.9464266896247864,0.20593750476837158,4.538743495941162,0.20636644420140066,0.20528639291982015,0.2042935049963171
632,0.9089257717132568,0.9583715796470642,0.20335938036441803,4.550960063934326,0.2031854603315408,0.2027491610004828,0.20124218160029067
633,0.9131640791893005,0.9470050930976868,0.2052343785762787,4.541140556335449,0.2058485092926801,0.2047995189095818,0.20363656343193964
634,0.9125781059265137,0.9487699866294861,0.20765624940395355,4.538939952850342,0.2067861751493702,0.20676821626041153,0.2050222615947296
635,0.9107226729393005,0.9557172656059265,0.20460937917232513,4.559890270233154,0.20468649481786305,0.2039448055969061,0.20242218653872213
636,0.913769543170929,0.9437800645828247,0.20835937559604645,4.531560897827148,0.20893194257864212,0.2077050138022173,0.20669211218550915
637,0.9099023342132568,0.9517326951026917,0.20695312321186066,4.563632488250732,0.20654032690864782,0.20609485756340862,0.20456878021010091
638,0.9103906154632568,0.956017017364502,0.2052343785762787,4.55450963973999,0.2050473011569497,0.2045153557177705,0.20331158839743385
639,0.9134374856948853,0.9450706243515015,0.20609374344348907,4.560091495513916,0.20715283432067955,0.2055338805402006,0.20450244135822823
640,0.9116015434265137,0.9495397210121155,0.20765624940395355,4.567229747772217,0.20756652132651357,0.20702826675879576,0.20554005870670566
641,0.9132617115974426,0.9421653747558594,0.20445312559604645,4.5572004318237305,0.20522066457174776,0.2035537244073947,0.2025816652145755
642,0.9135156273841858,0.9444933533668518,0.2043749988079071,4.57627010345459,0.20477052061387455,0.20368217556861357,0.20255565730928266
643,0.9148046970367432,0.9389950633049011,0.2010156214237213,4.581668853759766,0.201339116227367,0.20067893335096695,0.19943122563266708
644,0.9124218821525574,0.9479969143867493,0.20304687321186066,4.563035011291504,0.20352390289236416,0.20249730852794523,0.20130814843242173
645,0.9121875166893005,0.9474013447761536,0.20351561903953552,4.55710506439209,0.20385424591819956,0.20282688167382668,0.20186839799974782
646,0.9130859375,0.9424679279327393,0.20804686844348907,4.555052280426025,0.20730920325976254,0.20744328246708743,0.2058827146585699
647,0.91162109375,0.9483454823493958,0.20499999821186066,4.554938793182373,0.20536825671196907,0.20421155067372543,0.2031646710375261
648,0.9114062786102295,0.9513202905654907,0.20414061844348907,4.5781331062316895,0.204727995515666,0.2036111462515944,0.2025465736238828
649,0.9114453196525574,0.9502233266830444,0.20179687440395355,4.567862033843994,0.2025029458366911,0.20151871356520015,0.20003460079446478
650,0.9119921922683716,0.946546733379364,0.2045312523841858,4.541794300079346,0.20626279948693169,0.2039354763639621,0.20329605081282118
651,0.9131835699081421,0.946546733379364,0.20749999582767487,4.542964458465576,0.208796446375199,0.20685175839009498,0.20600082068115488
652,0.9126757979393005,0.9468134045600891,0.20554687082767487,4.544070243835449,0.20604162235915346,0.20480205861223943,0.20362132267648048
653,0.9123437404632568,0.9489927887916565,0.20999999344348907,4.535696029663086,0.21077067204550104,0.20917424133452162,0.20823992773649247
654,0.9133984446525574,0.9437064528465271,0.20414061844348907,4.5477166175842285,0.20386314666700373,0.20347858838626998,0.20189031424327464
655,0.9109179973602295,0.9500791430473328,0.20726563036441803,4.535141468048096,0.20759123053910022,0.2065045016782911,0.2055369043565996
656,0.9130859375,0.9462053179740906,0.20804686844348907,4.548295497894287,0.20865599114913486,0.20761368680155906,0.20686873842761538
657,0.9123437404632568,0.9473072290420532,0.21421875059604645,4.521425724029541,0.2152117528254766,0.21342346409227236,0.21259571995071924
658,0.9125781059265137,0.9477353692054749,0.2068749964237213,4.552633285522461,0.20742532421466867,0.20650509710089848,0.20544257135015087
659,0.9114648699760437,0.9546393752098083,0.20476561784744263,4.571988582611084,0.20481936092123856,0.20403848931619423,0.20282183363699968
660,0.9141992330551147,0.9457230567932129,0.205078125,4.539684772491455,0.20485390818892163,0.20450304004382058,0.2031606713273874
661,0.9139257669448853,0.9468896985054016,0.20710937678813934,4.528537750244141,0.20701938945227397,0.20621912199053932,0.20511887857177297
662,0.9150390625,0.9423322081565857,0.20617187023162842,4.563320159912109,0.2066017692709744,0.20558115333039406,0.20458951496669114
663,0.9144140481948853,0.9425597190856934,0.2075781226158142,4.549152374267578,0.2084705825615385,0.20672231804666383,0.20590923531587335
664,0.9160546660423279,0.9387637972831726,0.20484374463558197,4.542019844055176,0.2049451022118254,0.2040567203947816,0.20281556991366112
665,0.91552734375,0.9333597421646118,0.20820312201976776,4.552738189697266,0.20925857746600612,0.2076400606470868,0.2068368335929165
666,0.9152929782867432,0.9366855621337891,0.205078125,4.564349174499512,0.20565531421429045,0.20432467962009812,0.20364455355668748
667,0.9119921922683716,0.9502399563789368,0.2025781273841858,4.579077243804932,0.20301782130110307,0.20181641237975428,0.2009715924615007
668,0.9108788967132568,0.9503425359725952,0.2043749988079071,4.573272228240967,0.20503307438739948,0.20358629893061725,0.20276230249779487
669,0.9132226705551147,0.9446678161621094,0.2049218714237213,4.579873561859131,0.20502926719371195,0.20413951471459327,0.20319347202660093
670,0.9130859375,0.942649245262146,0.20421874523162842,4.5800580978393555,0.20517319218700458,0.20341181860816876,0.20276213490292305
671,0.91015625,0.9498211741447449,0.21015624701976776,4.545223712921143,0.20940432797852898,0.20941273011188696,0.2077512221993942
672,0.9135351777076721,0.9455301761627197,0.20656250417232513,4.534934997558594,0.20611839908039245,0.20608249382940258,0.2044710195059164
673,0.9134765863418579,0.944455623626709,0.2064843773841858,4.548000335693359,0.2060041460591336,0.20591762218283843,0.20431167853910726
674,0.9147265553474426,0.9389373064041138,0.20929688215255737,4.561113357543945,0.20954508594038024,0.20856569133892186,0.20735945460336958
675,0.9113867282867432,0.9487582445144653,0.20640625059604645,4.559596061706543,0.20642059992532863,0.20578530772183729,0.20473788424044628
676,0.9146875143051147,0.9422081112861633,0.2075781226158142,4.542900562286377,0.2077628926606669,0.20676237824145888,0.20570131270393105
677,0.9151757955551147,0.938880205154419,0.20890624821186066,4.567173957824707,0.20941527303771496,0.20822714398878978,0.2071155949261413
678,0.9134179949760437,0.9443015456199646,0.20742186903953552,4.552120208740234,0.2078941827370882,0.20678630366176798,0.20571651620258058
679,0.9134960770606995,0.9435851573944092,0.20609374344348907,4.563009262084961,0.20602555260338612,0.2055289857115256,0.20428859157824925
680,0.9125390648841858,0.9487375020980835,0.21140624582767487,4.55475378036499,0.21174102962706798,0.21084040304191037,0.20977675308957036
681,0.9146093726158142,0.9408681988716125,0.20679686963558197,4.530206680297852,0.20701337992070978,0.20606633967539636,0.20493143728170304
682,0.9137109518051147,0.9442312121391296,0.21015624701976776,4.532772064208984,0.21033103596755318,0.20968180940070785,0.20837564376264156
683,0.9136523604393005,0.9455015063285828,0.20742186903953552,4.525110721588135,0.2080265654002511,0.20659789595749606,0.2055110830225656
684,0.912304699420929,0.9453951120376587,0.20484374463558197,4.564316272735596,0.204640632674008,0.20422665529445652,0.20280137855824593
685,0.9133984446525574,0.9421213269233704,0.20656250417232513,4.553741455078125,0.2063790623984268,0.2059633825791833,0.2048592911343444
686,0.9136718511581421,0.9413856267929077,0.20664063096046448,4.554348945617676,0.20631678933625977,0.2056366970723711,0.20455877764290278
687,0.9136132597923279,0.9399973154067993,0.20742186903953552,4.564015865325928,0.2077236789079201,0.20669643476735852,0.20552033846914886
688,0.9145312309265137,0.939033031463623,0.2095312476158142,4.553676605224609,0.2102382750458377,0.20889759768096813,0.2079976909748958
689,0.9160937666893005,0.9343496561050415,0.20585937798023224,4.527592182159424,0.2075242235552478,0.20518737944407647,0.20484786992611348
690,0.9161718487739563,0.9354391694068909,0.21382813155651093,4.540634632110596,0.21459419224839377,0.21290899533355692,0.2121190368633203
691,0.9149023294448853,0.9367629289627075,0.21132811903953552,4.555887699127197,0.21147759980849912,0.21078817068908878,0.20957082993780016
692,0.9136914014816284,0.941359281539917,0.21015624701976776,4.568437576293945,0.2104148812304097,0.20955928704398724,0.208409011702486
693,0.9153711199760437,0.9398790597915649,0.21406249701976776,4.5652055740356445,0.21398867368685223,0.21322956221055483,0.21179438011222762
694,0.9144140481948853,0.9372446537017822,0.20984375476837158,4.551474571228027,0.20978712271454553,0.2092754026448594,0.20793858298071274
695,0.9130663871765137,0.9420021772384644,0.21015624701976776,4.540048599243164,0.21013922349599187,0.20915572472850888,0.20784881983722495
696,0.9143359661102295,0.9414427876472473,0.2103906273841858,4.531616687774658,0.21125572913467572,0.20969741094009298,0.20884234255069248
697,0.9141015410423279,0.9382467865943909,0.20984375476837158,4.550429821014404,0.21152161542109404,0.20922377684010374,0.20873223098004356
698,0.9135351777076721,0.9459576606750488,0.20835937559604645,4.539341926574707,0.20915385956369428,0.20763578879311018,0.20683705998712681
699,0.9139453172683716,0.9468533992767334,0.21140624582767487,4.566205024719238,0.21180952234182832,0.21067173147705204,0.2097191145706252
700,0.9141015410423279,0.9406818151473999,0.20992188155651093,4.568935871124268,0.20993104631394321,0.2091426722600347,0.20809819806462015
701,0.9144335985183716,0.9387441277503967,0.20874999463558197,4.551273822784424,0.209208785875157,0.20800838051061282,0.20712498551218686
702,0.9154101610183716,0.9371151924133301,0.20976562798023224,4.544399738311768,0.21054020179032226,0.2090360479578514,0.20828334983429056
703,0.915820300579071,0.9356926679611206,0.21312500536441803,4.550633907318115,0.21274241918322884,0.2123883421771377,0.2110865100995481
704,0.91650390625,0.9327200055122375,0.20851562917232513,4.578733444213867,0.20854067992362163,0.20790732554391803,0.206917557387879
705,0.913378894329071,0.9372631311416626,0.20992188155651093,4.561936855316162,0.21008285086935913,0.20924198085401902,0.20828796891225493
706,0.9170312285423279,0.927582859992981,0.20781250298023224,4.559199333190918,0.2080828865169202,0.20682200414039503,0.20608812335933985
707,0.9154101610183716,0.9330005645751953,0.21281249821186066,4.546375751495361,0.2123947472944962,0.21236182967417963,0.21087346303961932
708,0.9191601276397705,0.9245656728744507,0.20992188155651093,4.545368194580078,0.21014011826551177,0.20893993872588681,0.20800777387283698
709,0.9150781035423279,0.9343323707580566,0.20835937559604645,4.541977882385254,0.20906482257489512,0.2077104416236572,0.20681089701774705
710,0.9150586128234863,0.9352931976318359,0.20945312082767487,4.550690174102783,0.20879377127329213,0.20844570443354415,0.207108218368164
711,0.9146484136581421,0.938581109046936,0.20851562917232513,4.55319356918335,0.20896068488080966,0.20769670030575388,0.20687725043922753
712,0.9131054878234863,0.9413648843765259,0.2084375023841858,4.558853626251221,0.20900404609288237,0.20793410725918177,0.20690913194099508
713,0.9126172065734863,0.9435641765594482,0.2095312476158142,4.5494279861450195,0.21072094295343372,0.2089153845246563,0.20803439977368313
714,0.9129101634025574,0.9413285851478577,0.20601563155651093,4.567157745361328,0.2059714995640643,0.20550535901638267,0.20415953153129007
715,0.9155077934265137,0.9359928369522095,0.21054688096046448,4.5304341316223145,0.20995347460654973,0.20985662241492004,0.20845442098841804
716,0.9142773151397705,0.9360992312431335,0.21062499284744263,4.526814937591553,0.21019406978260297,0.20976898835022043,0.2085837889719706
717,0.9158398509025574,0.9355250597000122,0.20859375596046448,4.543988227844238,0.2089428723989559,0.20801765496583757,0.20700902656214362
718,0.9154687523841858,0.9301998019218445,0.2077343761920929,4.553839206695557,0.20871547744443084,0.20723141639708167,0.2065099273748444
719,0.9140039086341858,0.93653404712677,0.21195311844348907,4.550992012023926,0.21153371686715255,0.21133369486262968,0.209925785142413
720,0.9148046970367432,0.9395572543144226,0.20984375476837158,4.54780387878418,0.21167835042756067,0.20929729878732592,0.20862365559456547
721,0.9144726395606995,0.9418643712997437,0.21171875298023224,4.559191703796387,0.2129366641830429,0.2112049060424188,0.210371709962962
722,0.9178515672683716,0.9308291077613831,0.21062499284744263,4.549931526184082,0.2120466659952224,0.20996203273163416,0.20935141615819902
723,0.9146679639816284,0.9383755326271057,0.2123437523841858,4.527337074279785,0.21310317158530345,0.21191465745276694,0.2108892449658779
724,0.9172656536102295,0.9328092336654663,0.21507813036441803,4.544388294219971,0.21648318798263833,0.21464823044629547,0.2140134467223202
725,0.91552734375,0.9350016713142395,0.21250000596046448,4.5494608879089355,0.21301776650233178,0.21171261368789945,0.21079230737864388
726,0.9146093726158142,0.9348811507225037,0.2109375,4.544102668762207,0.21165128799803712,0.21018039804110222,0.20920314410582022
727,0.9163671731948853,0.9317482709884644,0.20945312082767487,4.539175510406494,0.20952620911664188,0.2085545083716852,0.20740834929180801
728,0.914355456829071,0.9353349208831787,0.2109375,4.561558723449707,0.21129534476847261,0.21017856695335824,0.20921725281945724
729,0.916699230670929,0.9325883984565735,0.20835937559604645,4.548128128051758,0.20950997075790045,0.2075812068625465,0.2066311116127118
730,0.9156640768051147,0.9341030120849609,0.2077343761920929,4.549537181854248,0.20821881255516475,0.20712095677530024,0.20579586629202495
731,0.9150390625,0.9379802942276001,0.21062499284744263,4.556485652923584,0.21069519759209043,0.20981272831700554,0.20838063809850776
732,0.9146289229393005,0.9366146922111511,0.20999999344348907,4.546410083770752,0.2108866814101482,0.2094649373760738,0.2085185724319368
733,0.9137109518051147,0.9400503039360046,0.2077343761920929,4.552634239196777,0.20879794788431316,0.20735514726544613,0.2063955595201955
734,0.9132617115974426,0.940997302532196,0.20976562798023224,4.539234161376953,0.20983237712247127,0.20918095148275356,0.20794034116656032
735,0.9134374856948853,0.9425749182701111,0.2121874988079071,4.5303192138671875,0.2124651657792374,0.21153597230148993,0.21022989055271413
736,0.9141406416893005,0.9379485249519348,0.2121874988079071,4.553782939910889,0.21234105417444077,0.21160398122705143,0.21032052900579662
737,0.9144531488418579,0.9421985149383545,0.20992188155651093,4.5430731773376465,0.2103420289096719,0.20880130134205757,0.20784078791830157
738,0.9148828387260437,0.9301965236663818,0.20859375596046448,4.525491237640381,0.20875206974489513,0.20808539436178358,0.2069807107618652
739,0.9168750047683716,0.9323458075523376,0.21070311963558197,4.552695274353027,0.211535107456624,0.21013926440805664,0.20922395418380432
740,0.913769543170929,0.9377779364585876,0.21101562678813934,4.540611743927002,0.210695217909935,0.2102468399437504,0.20882407395400754
741,0.9168164134025574,0.9260165691375732,0.2160937488079071,4.540842056274414,0.21621893941497422,0.21566428714455904,0.21424393310687206
742,0.9153515696525574,0.9355866312980652,0.21007812023162842,4.5485358238220215,0.21068334052243004,0.20992832499459235,0.2088146080778444
743,0.9181054830551147,0.9268583059310913,0.20960937440395355,4.525882720947266,0.21030319465868863,0.20948274617943685,0.20828637471028744
744,0.9187890887260437,0.9188793897628784,0.2155468761920929,4.505670547485352,0.21618002406209946,0.2150346785806988,0.21375646804168413
745,0.9170898199081421,0.9284098148345947,0.21867187321186066,4.508120059967041,0.2197551048643678,0.2181367304469997,0.21722605708150255
746,0.9145117402076721,0.9346943497657776,0.21101562678813934,4.512409210205078,0.212799748519347,0.21037819751622105,0.21000062232942857
747,0.916210949420929,0.9338363409042358,0.21437500417232513,4.5184245109558105,0.21529792738702952,0.21364066384087785,0.21274373005360367
748,0.9146484136581421,0.9355567097663879,0.20984375476837158,4.5439372062683105,0.2102235182409319,0.20932701258280706,0.20816722466977644
749,0.9169921875,0.9279735088348389,0.20820312201976776,4.534419059753418,0.20981391625773763,0.2079548784828934,0.20707712915376286
750,0.9146289229393005,0.9348212480545044,0.20992188155651093,4.539102077484131,0.21145278809987944,0.20946576142214018,0.20864455921080516
751,0.9146093726158142,0.9342532157897949,0.2114843726158142,4.548058032989502,0.21120199836782405,0.21058910163073216,0.20926341927446607
752,0.9149218797683716,0.9327938556671143,0.21382813155651093,4.514383792877197,0.2148642852688166,0.213244231939619,0.2125556899371697
753,0.9173437356948853,0.9283502101898193,0.2169531285762787,4.493016242980957,0.21718193649438722,0.2161392377138238,0.21510482305944817
754,0.9183593988418579,0.9219712615013123,0.20945312082767487,4.532348155975342,0.20871505516899644,0.2084362520195821,0.20702233652972005
755,0.9165234565734863,0.9332638382911682,0.20867186784744263,4.543530464172363,0.20899390472730459,0.20775201156230416,0.20660751628555032
756,0.9142382740974426,0.9371326565742493,0.20960937440395355,4.532196521759033,0.20981931132332127,0.2089516154719639,0.2077224182137512
757,0.9182422161102295,0.9259066581726074,0.2102343738079071,4.5206146240234375,0.2092764255615197,0.20946895660697595,0.20779942722905914
758,0.9155468940734863,0.9351786971092224,0.20734375715255737,4.5339155197143555,0.20707372448531935,0.2064472247815104,0.2051813807202858
759,0.9185937643051147,0.9264323711395264,0.20999999344348907,4.505776405334473,0.20982069079780746,0.20897311524882212,0.20757203020565984
760,0.9189257621765137,0.9251790046691895,0.21125000715255737,4.498128890991211,0.21141674209471306,0.21057931661696005,0.20952113761843288
761,0.9186718463897705,0.9237070679664612,0.21007812023162842,4.532367706298828,0.20961609068496373,0.20944032862039874,0.20812177130651577
762,0.9181445240974426,0.9269277453422546,0.21132811903953552,4.507535934448242,0.21203680366824118,0.21074444971776995,0.2095353751777373
763,0.9180663824081421,0.927768886089325,0.21125000715255737,4.506059646606445,0.21238878580173448,0.21062373306640558,0.20993872256816115
764,0.9163671731948853,0.9291076064109802,0.21398437023162842,4.523930549621582,0.21406592284274986,0.2134125413240394,0.2118815957752737
765,0.915722668170929,0.927243709564209,0.21242187917232513,4.525580883026123,0.21320974662128972,0.21186276832512402,0.21094260688036787
766,0.9159960746765137,0.9330321550369263,0.2146874964237213,4.532947063446045,0.21497277783430593,0.21390829324464225,0.21289305216269883
767,0.9151366949081421,0.9371988773345947,0.21125000715255737,4.5489654541015625,0.2114516732485965,0.21038093649891426,0.20936449154288714
768,0.9179883003234863,0.9262139797210693,0.21398437023162842,4.529444694519043,0.2145553069281449,0.21326981012424095,0.21207897403582676
769,0.9159960746765137,0.9344014525413513,0.21171875298023224,4.529399871826172,0.2117397459150007,0.21085854034942378,0.20979851021117094
770,0.9170117378234863,0.9305427670478821,0.21031250059604645,4.540964126586914,0.21027386457632818,0.2095302486723683,0.208299733188043
771,0.9157617092132568,0.9397399425506592,0.20960937440395355,4.532325267791748,0.20901892138487074,0.20876274792583477,0.20734478652892244
772,0.9151562452316284,0.9329363107681274,0.20976562798023224,4.551017761230469,0.2091746460481415,0.20895550707774857,0.2076751301769558
773,0.9179101586341858,0.9237269759178162,0.21031250059604645,4.524580955505371,0.21098830367137617,0.2094714861269028,0.20879333787041063
774,0.919921875,0.9210789203643799,0.21335937082767487,4.5164594650268555,0.2134928164323876,0.21244505616386314,0.21128054380446393
775,0.9170898199081421,0.924285352230072,0.21265624463558197,4.526029586791992,0.21308179084247197,0.21240800725523096,0.21116985828788454
776,0.9159570336341858,0.9320891499519348,0.21187500655651093,4.528757095336914,0.212096528558732,0.21121801284800196,0.21018099684412017
777,0.9181835651397705,0.927080512046814,0.21054688096046448,4.529354572296143,0.2103078969964401,0.20958296542942578,0.20836193886478743
778,0.9177148342132568,0.9252638220787048,0.21015624701976776,4.53161096572876,0.21053392889766392,0.20931328984977687,0.2084498579746515
779,0.9156054854393005,0.9321284294128418,0.21085937321186066,4.508162975311279,0.21052811330404483,0.20983639656537664,0.20857664385550717
780,0.916015625,0.9328089356422424,0.21742187440395355,4.504838943481445,0.21664080030893432,0.2164131975193656,0.214841532424072
781,0.9157812595367432,0.9322771430015564,0.21242187917232513,4.519566535949707,0.21212516640002993,0.21148768216753971,0.21008096461057768
782,0.9166210889816284,0.9279428720474243,0.2166406214237213,4.503335475921631,0.21549554917140656,0.21570346711285782,0.2138297838237591
783,0.9171289205551147,0.9276712536811829,0.2121874988079071,4.518479824066162,0.21255159986419028,0.21140214308508878,0.2101326032632419
784,0.9187109470367432,0.9186475872993469,0.21085937321186066,4.504587173461914,0.21141517700976725,0.20997638034453903,0.2092252783878892
785,0.9173632860183716,0.9258661866188049,0.21156249940395355,4.536247730255127,0.210263892643496,0.21051749682962212,0.2088862876376139
786,0.9155663847923279,0.9294401407241821,0.2166406214237213,4.530578136444092,0.21640370595449593,0.2157436392412156,0.21434764138106244
787,0.9168554544448853,0.9299300312995911,0.21296875178813934,4.520468711853027,0.2130208067640007,0.21216438753031852,0.21081594587542557
788,0.9162890911102295,0.9286348819732666,0.21742187440395355,4.533223628997803,0.21815672899566918,0.21666274737827362,0.21585807137216126
789,0.9173828363418579,0.9235571026802063,0.21203124523162842,4.5237956047058105,0.21182456338277206,0.2111051247512869,0.2096662544195202
790,0.9179491996765137,0.9265937209129333,0.21328124403953552,4.544224262237549,0.2134052611676718,0.21244227486318218,0.21140400645634902
791,0.9205663800239563,0.9186248779296875,0.21632812917232513,4.504520416259766,0.2168407924115457,0.21551100750484273,0.21455432871718452
792,0.9178711175918579,0.9242058396339417,0.21210937201976776,4.511509895324707,0.21238797476144566,0.2116143120256808,0.2103574643224656
793,0.9185156226158142,0.9218282103538513,0.21281249821186066,4.528913974761963,0.2127440957467278,0.21219310569713049,0.21080931974180972
794,0.9190234541893005,0.9221243262290955,0.21976561844348907,4.501538276672363,0.21970876273047354,0.21892307137466158,0.2177103083805374
795,0.9183398485183716,0.9243637919425964,0.21671874821186066,4.502142906188965,0.21701073273774374,0.21609624917424486,0.21492205827686225
796,0.9176172018051147,0.9282199740409851,0.21421875059604645,4.538778781890869,0.21479817371494891,0.21350779331598063,0.2124110903573988
797,0.9149804711341858,0.9329226613044739,0.2096875011920929,4.536394119262695,0.2106943327685631,0.20915951542659597,0.208257355635107
798,0.9162890911102295,0.9310762882232666,0.21203124523162842,4.535234451293945,0.21245900959439024,0.2115195814930129,0.21026325301656507
799,0.9178711175918579,0.9257169365882874,0.21703125536441803,4.527982711791992,0.21653800482152066,0.21600011242201303,0.2143687317711907
800,0.9183398485183716,0.9284132122993469,0.2142968773841858,4.51063346862793,0.21455394927310514,0.21372601304111605,0.21243275071814338
801,0.9168750047683716,0.933083176612854,0.21210937201976776,4.519303321838379,0.21261429663761572,0.2116835677025061,0.2103929689176433
802,0.9170507788658142,0.9245144724845886,0.21781249344348907,4.539011001586914,0.21794451642763635,0.2172772362990077,0.21593634875219442
803,0.9181835651397705,0.9219873547554016,0.22171874344348907,4.516061782836914,0.22215948999152965,0.221243370193606,0.22007078601362517
804,0.9174023270606995,0.9241820573806763,0.2201562523841858,4.4914069175720215,0.22013270198239543,0.21966009270289386,0.21842533557853006
805,0.9184374809265137,0.9155709147453308,0.21765625476837158,4.514172554016113,0.21779030915422803,0.21703439543758454,0.2156457275024461
806,0.9170117378234863,0.9246699810028076,0.21875,4.495073318481445,0.2183463479350363,0.21809552339968125,0.2163088506168495
807,0.9203906059265137,0.9150800108909607,0.21898438036441803,4.495879650115967,0.2187209288389586,0.21822947690173852,0.21693017221107913
808,0.9202734231948853,0.9159501791000366,0.2162500023841858,4.50000524520874,0.21502998174720733,0.21558824126020254,0.21362695340580562
809,0.9191015362739563,0.9220607280731201,0.21789062023162842,4.506536483764648,0.21792266412028755,0.2171199928879916,0.21573696079329788
810,0.9212890863418579,0.9118892550468445,0.21671874821186066,4.475214004516602,0.21704812121411066,0.21598754480936244,0.21473065659309176
811,0.9189062714576721,0.9167472720146179,0.21953125298023224,4.493770599365234,0.21913400645026163,0.2189179628974531,0.21744986133693006
812,0.920703113079071,0.9167766571044922,0.2253125011920929,4.476727485656738,0.22624481723458004,0.22457403089125758,0.22371342743981357
813,0.9200000166893005,0.9169257283210754,0.2214062511920929,4.475082874298096,0.22117321389452338,0.22090803614512752,0.21965119349899287
814,0.9205273389816284,0.9136825799942017,0.21593749523162842,4.516249656677246,0.21545135127905554,0.21516039013494687,0.2138363690488362
815,0.9187890887260437,0.921682596206665,0.21281249821186066,4.532539367675781,0.2114894272464672,0.21205955933349216,0.2103838602681097
816,0.9163671731948853,0.929726779460907,0.21484375,4.502125263214111,0.21557231150070827,0.21421038236566545,0.21329592076944362
817,0.9172656536102295,0.9271057844161987,0.21632812917232513,4.508914470672607,0.21710011312805333,0.21528070105423563,0.21477986833354334
818,0.9173437356948853,0.9233231544494629,0.21046875417232513,4.520409107208252,0.2100457859663647,0.20937912448017615,0.20818957309692676
819,0.91552734375,0.9288510680198669,0.21210937201976776,4.519503593444824,0.21098228838055821,0.21102838955608702,0.20950436769812913
820,0.9183593988418579,0.9257997870445251,0.21710938215255737,4.511331558227539,0.2176047724347899,0.21624809656564487,0.21550894283518995
821,0.9158398509025574,0.9308175444602966,0.21812500059604645,4.493246555328369,0.21708889893915473,0.2172798350017634,0.21568757698335003
822,0.9160546660423279,0.928592324256897,0.21250000596046448,4.559820175170898,0.21238864186220693,0.21154760744963663,0.21058217195935885
823,0.9166210889816284,0.9303104877471924,0.2166406214237213,4.504598617553711,0.2162385670461165,0.21565637989341171,0.21456665978430697
824,0.9180077910423279,0.9279909729957581,0.2173437476158142,4.515619277954102,0.21713199544291945,0.21621050055525942,0.21503945402960398
825,0.9174609184265137,0.9288907051086426,0.21476562321186066,4.5197978019714355,0.21477402436747303,0.21373325550849565,0.2127345491320284
826,0.917285144329071,0.9263982176780701,0.21632812917232513,4.516546249389648,0.217494361689989,0.21543439942968123,0.2147673737744383
827,0.9189257621765137,0.9245461821556091,0.21296875178813934,4.54976224899292,0.2131512583398285,0.21229731822523837,0.2112137654905485
828,0.9169335961341858,0.9214848279953003,0.2155468761920929,4.5295844078063965,0.21546635138518852,0.21500999454505876,0.21373451893579595
829,0.9200390577316284,0.9169874787330627,0.2169531285762787,4.522759914398193,0.21618415744116812,0.21634338031373612,0.2148288063004821
830,0.9170507788658142,0.9235579967498779,0.2150000035762787,4.530866622924805,0.21477159462021697,0.21393846213974838,0.21293206737319476
831,0.9159570336341858,0.9291999340057373,0.21726562082767487,4.530602931976318,0.216514587169808,0.216360743267025,0.21471424693855662
832,0.9178711175918579,0.9276954531669617,0.21562500298023224,4.544408798217773,0.21465876435230877,0.21477964506756356,0.21332788098516658
833,0.9194531440734863,0.9157557487487793,0.21250000596046448,4.538137435913086,0.2119808440017661,0.2118216927752375,0.2102383009530061
834,0.9204297065734863,0.9167398810386658,0.21562500298023224,4.534877777099609,0.21524843535455612,0.21470127681041987,0.21350757255041236
835,0.918749988079071,0.9152597188949585,0.21867187321186066,4.525076389312744,0.21900349246264245,0.2177748686711675,0.21668223800348796
836,0.9200000166893005,0.916188657283783,0.2153906226158142,4.5435333251953125,0.215365193602917,0.21455070015736452,0.21331530370838078
837,0.9196875095367432,0.9208136200904846,0.22031250596046448,4.525755405426025,0.2202877526372657,0.21945157189386338,0.21806470659384902
838,0.9198828339576721,0.9179332852363586,0.21671874821186066,4.4992194175720215,0.21615407927128033,0.21594124335720324,0.21405864265582553
839,0.9173046946525574,0.9226661920547485,0.21601562201976776,4.513033866882324,0.21627190621105757,0.21533101117869097,0.21395140026710013
840,0.9183398485183716,0.9178909063339233,0.2212499976158142,4.550686359405518,0.2217170634490417,0.2207802147705085,0.21925969549535898
841,0.918749988079071,0.9204202890396118,0.22328124940395355,4.522339820861816,0.22360998000108195,0.22247619386046527,0.22119226245510953
842,0.9193945527076721,0.917863667011261,0.21367187798023224,4.51461935043335,0.21358290536073965,0.2129039722007351,0.2116569573178257
843,0.9194140434265137,0.9206929206848145,0.21781249344348907,4.50123929977417,0.21731558960681596,0.217015479433868,0.21553980277514878
844,0.9159960746765137,0.9294689297676086,0.2169531285762787,4.510059356689453,0.2170950796278619,0.21640702061062933,0.21499758799330715
845,0.9181835651397705,0.9208527207374573,0.21726562082767487,4.504648685455322,0.21731845330864985,0.21636067681596913,0.2152373568135479
846,0.9164648652076721,0.9277251362800598,0.2205468714237213,4.515050888061523,0.22150040875371646,0.2199680357911772,0.21895962268392444
847,0.9177539348602295,0.9222676157951355,0.21812500059604645,4.495248794555664,0.2177405713913041,0.21722918139530856,0.21580326298731323
848,0.91552734375,0.9263919591903687,0.22156250476837158,4.498908519744873,0.22142760274351345,0.22074485520454443,0.2193904874687498
849,0.9199609160423279,0.9167678356170654,0.2189062535762787,4.471309661865234,0.21949049333111045,0.21807846199058448,0.21708367115334232
850,0.9203515648841858,0.915538489818573,0.22039061784744263,4.487147331237793,0.22073713556597785,0.21944335180603514,0.218167252578986
851,0.9187109470367432,0.9207843542098999,0.2173437476158142,4.483923435211182,0.21618385505221305,0.21650292936848903,0.21466751139754722
852,0.9204882979393005,0.9183779358863831,0.2258593738079071,4.475617408752441,0.22559391666892847,0.22510830860896483,0.22382038588533018
853,0.9197461009025574,0.9168242812156677,0.22078125178813934,4.490907192230225,0.22042541600803525,0.22002814010522306,0.21862591247058294
854,0.9202539324760437,0.9154872894287109,0.21328124403953552,4.531652450561523,0.2124249561730986,0.2123201877400276,0.21067686289867188
855,0.9212499856948853,0.910328209400177,0.2150000035762787,4.497384071350098,0.21398733190705138,0.21436236386402752,0.21251334481570933
856,0.9193164110183716,0.9167693853378296,0.21843749284744263,4.4819159507751465,0.21873915599170501,0.21764227893823956,0.21653881992316798
857,0.9189648628234863,0.9167923927307129,0.22062499821186066,4.4761881828308105,0.22110888666157225,0.21980747561857383,0.21859477810928946
858,0.9215429425239563,0.9076090455055237,0.22148437798023224,4.492007732391357,0.22106935518772086,0.22087371093079516,0.2192219778667295
859,0.9197070598602295,0.9122581481933594,0.21523436903953552,4.508667469024658,0.21495485076904214,0.21493675259439654,0.2133348043013629
860,0.9172070026397705,0.9184908270835876,0.21914061903953552,4.494064807891846,0.2188342150312034,0.21841199121193067,0.2168904573116451
861,0.9166210889816284,0.9209441542625427,0.2221093773841858,4.484984874725342,0.22214766223625393,0.22146557412988332,0.22025954304357107
862,0.9190039038658142,0.9173769950866699,0.22023437917232513,4.523806571960449,0.2200129228902068,0.21958372382854235,0.2182573620046296
863,0.9203320145606995,0.9152281880378723,0.22109374403953552,4.500715732574463,0.22114933897488268,0.2205620179603225,0.21909846680452616
864,0.9186913967132568,0.9156544208526611,0.22062499821186066,4.504928112030029,0.22003806847637572,0.2202128440742332,0.21847391663390903
865,0.9209179878234863,0.9126947522163391,0.2185937464237213,4.521829605102539,0.21874860772799254,0.21821691493660006,0.21679668754181636
866,0.9173437356948853,0.9206399321556091,0.2239062488079071,4.498317241668701,0.224350129593005,0.22331539026911595,0.22212001694067623
867,0.9189648628234863,0.9196033477783203,0.22304686903953552,4.49144172668457,0.2234855991950495,0.2225776937727373,0.22125378859915434
868,0.9192773699760437,0.911787748336792,0.22468750178813934,4.4889726638793945,0.22368221211498746,0.22407186531626658,0.22226578917684545
869,0.9188281297683716,0.918815016746521,0.21906250715255737,4.508336067199707,0.21854218371921158,0.2183456250452915,0.21696191422337066
870,0.9185546636581421,0.912691056728363,0.21828125417232513,4.49716854095459,0.21915735203393943,0.21773979410889205,0.21679788797827387
871,0.9186328053474426,0.9171679615974426,0.21976561844348907,4.474240303039551,0.21912264850666127,0.21891695301623998,0.2174881586017633
872,0.9188867211341858,0.9142336845397949,0.21992187201976776,4.516308784484863,0.2206533998323572,0.21926616601156823,0.21808368678391993
873,0.9181445240974426,0.919453501701355,0.2199999988079071,4.4837870597839355,0.22028179098438122,0.21941332195561722,0.21819112914077632
874,0.9177539348602295,0.9172895550727844,0.21968750655651093,4.491189479827881,0.219642847809541,0.2191475689112268,0.2176247837893536
875,0.9183984398841858,0.9176273941993713,0.22265625,4.4961628913879395,0.2221730779783964,0.2218522910155001,0.2203368624802023
876,0.9192187786102295,0.9175092577934265,0.21992187201976776,4.489978790283203,0.21964617663328115,0.21922739874817454,0.2175428105229301
877,0.9199609160423279,0.9140176177024841,0.22179687023162842,4.482038974761963,0.22042057911596558,0.22087616466735313,0.21911432419141075
878,0.91943359375,0.9136853814125061,0.22562499344348907,4.4753851890563965,0.2257846073848413,0.22493305059463112,0.22357859784400475
879,0.9195312261581421,0.9170408844947815,0.22171874344348907,4.478488445281982,0.2217579860362205,0.2208900307373567,0.21951331646844044
880,0.918749988079071,0.9172559380531311,0.22546875476837158,4.464976787567139,0.22604620097539538,0.22485883203582502,0.22384352535499757
881,0.918749988079071,0.9168286919593811,0.22226563096046448,4.475381851196289,0.22287343034268053,0.22153882695389895,0.22062122643345006
882,0.9212109446525574,0.9114161729812622,0.22062499821186066,4.505224704742432,0.22107934204044077,0.21980806148834095,0.21869491355465703
883,0.9206445217132568,0.9141188859939575,0.22289063036441803,4.516333103179932,0.22312110766942062,0.22214686310681672,0.22062924581208343
884,0.9199609160423279,0.9125728607177734,0.22156250476837158,4.48801326751709,0.2210777689127125,0.2210987098057402,0.21944816477837692
885,0.9200195074081421,0.9142228960990906,0.2244531214237213,4.488025188446045,0.22560191377795694,0.22363847693881295,0.22274585474981004
886,0.9216406345367432,0.9100764989852905,0.22398437559604645,4.487029552459717,0.2245692766668242,0.2231906655240406,0.2219277875452682
887,0.9200195074081421,0.9126694202423096,0.22078125178813934,4.496572971343994,0.22148896306222454,0.22026979641170394,0.21909667128254368
888,0.9209570288658142,0.9080469012260437,0.22539062798023224,4.464473247528076,0.22580372502008222,0.2248889727419691,0.22346346561140823
889,0.9216601848602295,0.9080037474632263,0.22421875596046448,4.466548919677734,0.22447015190838315,0.22308631349983363,0.22201532794644194
890,0.9211132526397705,0.9083765149116516,0.224609375,4.471572399139404,0.22428154168193734,0.22374066543842513,0.22240522706102417
891,0.9203320145606995,0.911629319190979,0.22343750298023224,4.482242584228516,0.22373185038555718,0.22271949907181682,0.2213318762494741
892,0.9170312285423279,0.9198411703109741,0.2251562476158142,4.483921051025391,0.22571622427522264,0.22457064101439428,0.2233719787596562
893,0.9189843535423279,0.9195069074630737,0.22523437440395355,4.500283718109131,0.2252031202459124,0.22453959793671144,0.2232125426508223
894,0.9170117378234863,0.9227595329284668,0.22265625,4.485345363616943,0.22244989615860633,0.22210260152738748,0.2206468465676666
895,0.9210546612739563,0.9124957323074341,0.22421875596046448,4.487717151641846,0.22489154558382232,0.22362164073827603,0.22244450760043477
896,0.9195312261581421,0.9142965078353882,0.21867187321186066,4.5033040046691895,0.21875571438803315,0.21789495871478032,0.2166444979663867
897,0.9222460985183716,0.9055532217025757,0.21851561963558197,4.490406036376953,0.21938715470881598,0.21768494611434497,0.21655551005412868
898,0.9178711175918579,0.9197136163711548,0.22156250476837158,4.497630596160889,0.2225225956170233,0.22085682267181636,0.21960483411984769
899,0.9193359613418579,0.9142193794250488,0.22078125178813934,4.521426200866699,0.22286508030737032,0.22015934041206128,0.21933042554492302
900,0.9214257597923279,0.9102714657783508,0.22171874344348907,4.491438865661621,0.22193545261765207,0.22127425944174361,0.2199602984557746
901,0.9200390577316284,0.9112766981124878,0.22062499821186066,4.5070013999938965,0.22101362781151326,0.2199442814969712,0.2186496793250441
902,0.920605480670929,0.9124764800071716,0.2212499976158142,4.498048305511475,0.2221654869006605,0.22093779334168523,0.21981508459857904
903,0.9214648604393005,0.9102181196212769,0.2208593785762787,4.4875102043151855,0.22118598416418167,0.22032062014456147,0.2191453081081191
904,0.9214257597923279,0.9121530652046204,0.22664062678813934,4.467708110809326,0.2265576597821662,0.2256740085534556,0.2245062752708269
905,0.9200780987739563,0.9126785397529602,0.22398437559604645,4.47166633605957,0.2239879562042904,0.22319235469326631,0.2220115436154917
906,0.9186328053474426,0.9157564640045166,0.21781249344348907,4.49819803237915,0.21802714936553044,0.2168728304036771,0.21561509568075632
907,0.9184374809265137,0.9099602699279785,0.2192968726158142,4.49368143081665,0.21909985301272986,0.2183314886071453,0.21701388464642715
908,0.921093761920929,0.9129382967948914,0.2153906226158142,4.489351272583008,0.21459070685840004,0.21451773303984994,0.21317663509123178
909,0.9203320145606995,0.9133113622665405,0.22156250476837158,4.474474906921387,0.22016043273840613,0.22067257884797636,0.2185105469666987
910,0.9178515672683716,0.9182083010673523,0.22382812201976776,4.476505756378174,0.2245034831005207,0.22296346608461545,0.22203239478077658
911,0.9188867211341858,0.915497899055481,0.21906250715255737,4.483208179473877,0.21974479463681845,0.21858736275181748,0.2171534264824297
912,0.9203906059265137,0.9155407547950745,0.21992187201976776,4.493692874908447,0.22013826758856686,0.2193508453200818,0.21797704833615875
913,0.9159179925918579,0.9272916913032532,0.21765625476837158,4.52264928817749,0.2174744925251579,0.21703559292415997,0.21542356106208088
914,0.9173632860183716,0.9203339219093323,0.22007812559604645,4.487807750701904,0.21965200386447575,0.21931004207518645,0.21797702372326472
915,0.9169140458106995,0.9188840985298157,0.21960937976837158,4.531786918640137,0.22101797710555948,0.21929648926939335,0.21850927183993096
916,0.9190624952316284,0.9141966104507446,0.2247656285762787,4.486121654510498,0.2251325957983434,0.22398205442706148,0.22280255002771363
917,0.9195117354393005,0.911180317401886,0.2219531238079071,4.492089748382568,0.22268933883557626,0.2215745675089691,0.22052849497145882
918,0.9182422161102295,0.9214385151863098,0.22499999403953552,4.496044158935547,0.22543215351550305,0.2244743790520882,0.22329941641746529
919,0.9216015338897705,0.9099655151367188,0.21742187440395355,4.488229274749756,0.21786030058121614,0.21653066576216118,0.21560003348106543
920,0.9219335913658142,0.912201464176178,0.21906250715255737,4.4915289878845215,0.21844906779654924,0.2185553864800419,0.2168152109998071
921,0.9196484088897705,0.9163309335708618,0.22296875715255737,4.510446548461914,0.22324557032007325,0.22238122420091194,0.22114093298908086
922,0.9177929759025574,0.9222255945205688,0.22226563096046448,4.493857383728027,0.22229729678249852,0.22147018811612518,0.22008521546744836
923,0.9210156202316284,0.9117331504821777,0.2221093773841858,4.476007461547852,0.22179271755718327,0.22146465083621436,0.21978954111632437
924,0.9203515648841858,0.9144206047058105,0.22273437678813934,4.467188835144043,0.22273210193942994,0.22206567600516736,0.22056322307183365
925,0.9191210865974426,0.9148052930831909,0.21484375,4.509556770324707,0.21466196721212266,0.21389541691083236,0.21255050774906514
926,0.9210351705551147,0.9130395650863647,0.22398437559604645,4.498991012573242,0.22328750655485038,0.2231064385910411,0.22149623625989345
927,0.9210742115974426,0.9098304510116577,0.22007812559604645,4.510627746582031,0.21983502654235154,0.21940468492858087,0.21776947764640722
928,0.9215624928474426,0.9135926961898804,0.22156250476837158,4.493865489959717,0.22098152087083467,0.22079968534118058,0.21915199731647192
929,0.9223046898841858,0.904812216758728,0.21757812798023224,4.503948211669922,0.21714781734484723,0.2168897008168718,0.21523376814294884
930,0.9219726324081421,0.902488112449646,0.21742187440395355,4.49439001083374,0.21714881983016224,0.21694867136587928,0.21541525791844346
931,0.9225390553474426,0.9082410931587219,0.21773438155651093,4.500255584716797,0.21837681639615145,0.21727311488767054,0.2161869114711941
932,0.9204882979393005,0.9081489443778992,0.21710938215255737,4.507368564605713,0.21766456219287228,0.21676629080860937,0.21579246941740982
933,0.9182226657867432,0.9145930409431458,0.2194531261920929,4.523962497711182,0.2203521506697257,0.21881818996629754,0.21776558317139433
934,0.9177539348602295,0.9171879291534424,0.2175000011920929,4.5136260986328125,0.2174955000087365,0.2167597017008092,0.21543925787470544
935,0.9195898175239563,0.9122447967529297,0.21773438155651093,4.497953414916992,0.21882005302131258,0.21725552534157017,0.21596770621519432
936,0.9190039038658142,0.9177660942077637,0.21570312976837158,4.5018157958984375,0.2153861652076265,0.21544912482635292,0.2136519708861415
937,0.9182812571525574,0.9176856875419617,0.22289063036441803,4.474506855010986,0.22316477315927963,0.22234093213216594,0.220959628026264
938,0.9207617044448853,0.9116756916046143,0.21726562082767487,4.496739387512207,0.2179154407306661,0.21669594838562614,0.21556534391814414
939,0.91943359375,0.9121461510658264,0.22234374284744263,4.476189136505127,0.22272692710372344,0.22141020608205209,0.22025694721079553
940,0.9199804663658142,0.9160674810409546,0.22570312023162842,4.472493648529053,0.22659391047115712,0.22495439289760266,0.22396551091378225
941,0.9196093678474426,0.9110022187232971,0.21914061903953552,4.4882493019104,0.21819616117735163,0.21835131526184526,0.21676562697115198
942,0.9205273389816284,0.910448431968689,0.22156250476837158,4.479856967926025,0.22194924869134489,0.2210967097848331,0.2198782407528418
943,0.9215429425239563,0.9080202579498291,0.22539062798023224,4.463806629180908,0.22529762210919566,0.22494853818618216,0.22340872673635095
944,0.9205273389816284,0.9108880758285522,0.2182031273841858,4.511575698852539,0.21887619441225104,0.21781082960985135,0.2166162151780835
945,0.9202929735183716,0.9120197296142578,0.21882812678813934,4.495750904083252,0.21886285031774588,0.21830142158874943,0.21687125968247492
946,0.9229101538658142,0.9047780632972717,0.21781249344348907,4.479628086090088,0.21773315207524202,0.21698442036154103,0.21575207254565484
947,0.9180663824081421,0.9173442125320435,0.22031250596046448,4.503046989440918,0.21989510619908023,0.21958593557455516,0.21821614006874335
948,0.920117199420929,0.9089174866676331,0.22179687023162842,4.498489856719971,0.2221745659127486,0.22114206950921317,0.2200819512591263
949,0.9212695360183716,0.9046206474304199,0.2233593761920929,4.4961323738098145,0.2234074353531464,0.2227918920159644,0.22132445390510708
950,0.9217187762260437,0.9042372703552246,0.2219531238079071,4.491602420806885,0.22291374318966517,0.22135183731124475,0.22036242496136615
951,0.9196875095367432,0.9164978265762329,0.21914061903953552,4.495944976806641,0.21945112972751465,0.21889334517209688,0.21743607544122354
952,0.9202343821525574,0.9137839674949646,0.22203125059604645,4.4687700271606445,0.22244315125159536,0.22156510798308685,0.2204055546648656
953,0.9214843511581421,0.9066269397735596,0.22578124701976776,4.466929912567139,0.22573225983459264,0.2251071617468906,0.22341621082487895
954,0.9236523509025574,0.9003876447677612,0.2232031226158142,4.463789939880371,0.22423000144613017,0.22278204292065296,0.22171917500500424
955,0.9230663776397705,0.9019407033920288,0.2265625,4.474817276000977,0.22774885900777547,0.22614597435101835,0.22508922209747168
956,0.9214453101158142,0.9118468761444092,0.22429686784744263,4.445047378540039,0.22433062008323754,0.22353603971190955,0.22215342436423224
957,0.9214648604393005,0.9098641872406006,0.22499999403953552,4.478052616119385,0.22616966376211384,0.2243360981105221,0.22346182914683374
958,0.9234570264816284,0.9036928415298462,0.2224999964237213,4.491804122924805,0.22310447294400682,0.22167006652433646,0.22067640651664505
959,0.9221484661102295,0.9049907922744751,0.22937500476837158,4.460161209106445,0.22932084962823984,0.22868151718561358,0.22739845682272353
960,0.9205663800239563,0.9100514054298401,0.2264062464237213,4.476198196411133,0.22747952870900623,0.22575573826501727,0.224934316440009
961,0.9210742115974426,0.9069647789001465,0.22234374284744263,4.494875431060791,0.222333180476469,0.22163507603250232,0.22040363240893754
962,0.92236328125,0.9078747630119324,0.2233593761920929,4.482673645019531,0.2240204596290079,0.22254019922712798,0.22158763388873048
963,0.9220117330551147,0.9048277139663696,0.22242186963558197,4.4889326095581055,0.22319400585599586,0.22215550167634024,0.221148035364441
964,0.9219140410423279,0.9034540057182312,0.22398437559604645,4.4847493171691895,0.22479616378814654,0.22375483929426848,0.2228530164404133
965,0.920117199420929,0.9053286910057068,0.22429686784744263,4.475679874420166,0.22444855469530195,0.22363532898731275,0.22241333512181635
966,0.921093761920929,0.9066288471221924,0.22578124701976776,4.473712921142578,0.2266311274484949,0.22518303653678112,0.22414984981880254
967,0.9203906059265137,0.9120338559150696,0.2232031226158142,4.498510837554932,0.22395166682124984,0.2228516864280998,0.22170528578843113
968,0.9219921827316284,0.9085001945495605,0.22578124701976776,4.469778537750244,0.22642270031158596,0.2253204146623403,0.2242121993514574
969,0.9213085770606995,0.9082009196281433,0.22578124701976776,4.486675262451172,0.22596803054048342,0.22498368365577281,0.22381768435763597
970,0.9209179878234863,0.9076647758483887,0.2233593761920929,4.468484878540039,0.22478075598199446,0.22288364258554247,0.2219571774548258
971,0.9210742115974426,0.9112429022789001,0.22703124582767487,4.457949638366699,0.22744543783333165,0.22624904434185888,0.22531550352341712
972,0.9196875095367432,0.9123144745826721,0.2214062511920929,4.4969377517700195,0.22176472600420533,0.22086925395747226,0.21985866908832324
973,0.9209374785423279,0.908781111240387,0.21757812798023224,4.489323616027832,0.21810429829916156,0.21707814592600835,0.2159964345290385
974,0.9214062690734863,0.9068061709403992,0.22312499582767487,4.490324020385742,0.2241603078942661,0.22279112940466722,0.2216692774233131
975,0.9190820455551147,0.9142668843269348,0.22351562976837158,4.4900407791137695,0.22333614373424848,0.2229180096829249,0.22145687595322724
976,0.918749988079071,0.915683925151825,0.22624999284744263,4.489261627197266,0.22579039629354464,0.22552908729928295,0.2237256191355685
977,0.9213085770606995,0.909454345703125,0.22539062798023224,4.478769779205322,0.22549732221388175,0.22478452468396887,0.2234673518308632
978,0.9202539324760437,0.9102595448493958,0.22570312023162842,4.453073501586914,0.2260700157808939,0.22494314049972752,0.22378543474200363
979,0.9235742092132568,0.9009752869606018,0.2258593738079071,4.460410118103027,0.22549587319964615,0.22512230638638214,0.22376168164331336
980,0.9201757907867432,0.9114896655082703,0.2258593738079071,4.447605133056641,0.22709048696068626,0.22538429343963873,0.22460824011706498
981,0.9218359589576721,0.9023088216781616,0.23015624284744263,4.425772190093994,0.2303694868714719,0.2294090182978202,0.22792794999581834
982,0.923046886920929,0.9043753147125244,0.22820311784744263,4.449669361114502,0.22888661690613527,0.2275416855669529,0.22659721304951405
983,0.9215624928474426,0.9030205607414246,0.2272656261920929,4.446959972381592,0.22745354999846895,0.2264841002850836,0.22544924808598482
984,0.9205859303474426,0.9073649048805237,0.2239062488079071,4.451435089111328,0.22494316155268834,0.22332542296813074,0.22240766464254755
985,0.9220507740974426,0.904877781867981,0.22414062917232513,4.456202507019043,0.22397111690806026,0.22349487656294084,0.22212201041449453
986,0.9223046898841858,0.9058879017829895,0.23218749463558197,4.439380645751953,0.23234321473613523,0.23156520909239764,0.23012712231199273
987,0.9234179854393005,0.8961564898490906,0.2272656261920929,4.452417373657227,0.22817195654543995,0.22663081410596506,0.22558797058722987
988,0.9205273389816284,0.9073527455329895,0.2224999964237213,4.458116054534912,0.2235593134698856,0.22207934320340444,0.22107322508647353
989,0.9211132526397705,0.9113426208496094,0.22765624523162842,4.4539289474487305,0.22865717257080204,0.22722991210552404,0.22603712953586858
990,0.9212890863418579,0.9082821011543274,0.23000000417232513,4.455969333648682,0.23070955589674427,0.2293915787448943,0.22813518345997302
991,0.9214843511581421,0.9051582217216492,0.22882813215255737,4.446868896484375,0.22898636980418052,0.2280800068555819,0.22684653920648085
992,0.920214831829071,0.9085813760757446,0.22499999403953552,4.442187309265137,0.22567829469064402,0.22439043753003435,0.22328222191970246
993,0.9215624928474426,0.9057528972625732,0.2292187511920929,4.461817741394043,0.23012292721857378,0.22863998506484867,0.22760034449891664
994,0.9203515648841858,0.9097949266433716,0.22414062917232513,4.4610981941223145,0.22491923333602518,0.2232040870049546,0.222514043176872
995,0.9195898175239563,0.9083287715911865,0.22484375536441803,4.446396350860596,0.2262088486008259,0.22403063198130937,0.22357582823337774
996,0.920117199420929,0.9107456803321838,0.2251562476158142,4.453072547912598,0.22494471136340932,0.2244489486675012,0.22337613016525862
997,0.9192187786102295,0.9143851399421692,0.22546875476837158,4.453958511352539,0.22582661793161654,0.2248327611920874,0.22381748883598002
998,0.9250586032867432,0.8920470476150513,0.22953124344348907,4.4492998123168945,0.23076550173672875,0.22918859435020494,0.22832959227681318
999,0.9230859279632568,0.90155428647995,0.22757811844348907,4.443018913269043,0.2290058129997352,0.22695989057110394,0.22620440776090212
