epoch,accuracy,loss,val_accuracy,val_loss,val_precision,val_recall,val_f1
0,0.0042578126303851604,11.147034645080566,0.004921874962747097,10.578346252441406,0.007175727671499045,0.004872048436113161,0.004303192892320076
1,0.006015624850988388,10.725783348083496,0.005703125149011612,10.319174766540527,0.006585358225398035,0.005745480482434856,0.005740733723793373
2,0.008730468340218067,10.391557693481445,0.006640625186264515,10.097200393676758,0.0062762576510807435,0.0065988400003685575,0.0061591589408272135
3,0.011425781063735485,10.07763957977295,0.006015624850988388,9.885929107666016,0.006451171602273022,0.005967651254240097,0.00587145879998255
4,0.014375000260770321,9.780706405639648,0.007656250149011612,9.677216529846191,0.007478145743971989,0.0076158386137893845,0.007260313775924792
5,0.018124999478459358,9.494300842285156,0.008593750186264515,9.472027778625488,0.00874211416485713,0.008499925166023397,0.008313788113120724
6,0.023593749850988388,9.21987533569336,0.01015624962747097,9.265581130981445,0.010576711620589895,0.01003121795651052,0.009884172787076068
7,0.03212890774011612,8.932775497436523,0.014843749813735485,9.049866676330566,0.014520876379547201,0.014667575785796801,0.013905101219024647
8,0.040214844048023224,8.650839805603027,0.017812499776482582,8.827115058898926,0.01780035576514476,0.01766207387482524,0.016807118184921855
9,0.053925782442092896,8.348247528076172,0.026640625670552254,8.578171730041504,0.025528081398497927,0.026215141668078312,0.024724336964355755
10,0.07269531488418579,8.023981094360352,0.037421874701976776,8.295376777648926,0.03531778940840695,0.036723566766599394,0.03378743159521674
11,0.09281250089406967,7.6831159591674805,0.05062500014901161,7.975069999694824,0.04926123227948367,0.04960306111123003,0.04598461810711954
12,0.12074218690395355,7.328078746795654,0.06773437559604645,7.6335554122924805,0.06885367697416539,0.0664969897036461,0.061542957410227944
13,0.15140624344348907,6.9632673263549805,0.08570312708616257,7.279090404510498,0.08744028172926038,0.08409046510106694,0.07882022766871308
14,0.1826171875,6.596561908721924,0.1120312511920929,6.925898551940918,0.11038501003387419,0.1099056853930636,0.10244693760034072
15,0.2271093726158142,6.236807346343994,0.13523437082767487,6.586611747741699,0.13482369652799905,0.13294689781051622,0.1251444451134214
16,0.2650195360183716,5.896200180053711,0.1692187488079071,6.2556843757629395,0.16718384077943846,0.16643383961922614,0.15833187782755997
17,0.30347657203674316,5.57846212387085,0.20539063215255737,5.935837268829346,0.20620424039741542,0.20215179630342114,0.19434013077346973
18,0.35328125953674316,5.247632026672363,0.24632813036441803,5.624393939971924,0.248325536890021,0.24280489353042012,0.23597618130126802
19,0.3961718678474426,4.9525837898254395,0.29218751192092896,5.326087474822998,0.29472469524829803,0.28849444365224136,0.28210680225489293
20,0.4403710961341858,4.669242858886719,0.3367968797683716,5.037784576416016,0.3387166425538992,0.3328107930739852,0.32650744730510745
21,0.48353517055511475,4.394495964050293,0.3815625011920929,4.770077705383301,0.3837930016817661,0.37749089624845483,0.372539689205437
22,0.5207812786102295,4.146359920501709,0.42085936665534973,4.521165370941162,0.4229979515447799,0.41701678544928544,0.4121486477204811
23,0.5585156083106995,3.9214236736297607,0.45726561546325684,4.290778160095215,0.46076968285731257,0.4534676910555164,0.45027990164737336
24,0.5961132645606995,3.7065625190734863,0.48265624046325684,4.077915191650391,0.4847324135564999,0.47917439336128403,0.4753870812372999
25,0.6231640577316284,3.518362522125244,0.5157031416893005,3.885462760925293,0.519590116026387,0.5125137923065982,0.509730653721371
26,0.6486523151397705,3.342874050140381,0.5428125262260437,3.7047650814056396,0.5468742584110295,0.5395295844989008,0.5376746208249036
27,0.67431640625,3.1769332885742188,0.5662500262260437,3.5395798683166504,0.5701114642020174,0.5629209669421336,0.5612443126241384
28,0.69873046875,3.022616386413574,0.5874218940734863,3.3853490352630615,0.5912607159535622,0.5841992575944692,0.5831717485271031
29,0.719531238079071,2.881666660308838,0.6133593916893005,3.2422895431518555,0.6168333578064085,0.6108195032871424,0.6096225537767267
30,0.7393945455551147,2.75449275970459,0.629687488079071,3.1105408668518066,0.6337061594059918,0.6266558627617443,0.6257732573301479
31,0.7541797161102295,2.628840684890747,0.6467187404632568,2.9902148246765137,0.6509662714303073,0.6440932628791852,0.643368106323253
32,0.7715625166893005,2.521716356277466,0.6582812666893005,2.8774588108062744,0.6624689478958852,0.6559462016060935,0.6552026714135543
33,0.7813671827316284,2.418975830078125,0.6725000143051147,2.7685201168060303,0.6760517460022638,0.6701604340961202,0.6697516492485895
34,0.7958788871765137,2.3161401748657227,0.6771093606948853,2.6758108139038086,0.681180487685415,0.6748241528594501,0.6745744870507179
35,0.8074609637260437,2.227271318435669,0.6880468726158142,2.578889846801758,0.692215813382169,0.6856826929441372,0.6855086222480986
36,0.814648449420929,2.141364097595215,0.6924218535423279,2.4991464614868164,0.6960419245439764,0.6900971622782477,0.6899647252971609
37,0.8263280987739563,2.0558884143829346,0.7078906297683716,2.4100024700164795,0.7118433900964272,0.7058368978704844,0.7057540348110621
38,0.8316406011581421,1.9889953136444092,0.7124999761581421,2.3352582454681396,0.7167935252359463,0.7103695879939831,0.7104449681962158
39,0.8454492092132568,1.9063997268676758,0.7184374928474426,2.2641067504882812,0.7218278162984149,0.7166524889019306,0.7162589390062511
40,0.8523242473602295,1.8385405540466309,0.7287499904632568,2.187598943710327,0.7327051178324706,0.7267718299716817,0.7267345770617485
41,0.8574414253234863,1.7826005220413208,0.7330468893051147,2.122321367263794,0.7373457989805183,0.7309628304706195,0.7310263384424889
42,0.8612304925918579,1.7218986749649048,0.7418749928474426,2.0637381076812744,0.7458550905235493,0.7400423906928126,0.7398834341896767
43,0.8674609661102295,1.663011074066162,0.7453906536102295,2.0044727325439453,0.7495044808364646,0.7435134976529355,0.7435979785912723
44,0.8724414110183716,1.6114916801452637,0.7514843940734863,1.949727177619934,0.755530907517383,0.7498349152650311,0.7498888962457582
45,0.8780078291893005,1.5568711757659912,0.7522656321525574,1.8959770202636719,0.7567669120893596,0.7505887489405767,0.7507626703911509
46,0.8841601610183716,1.5060592889785767,0.7598437666893005,1.8500761985778809,0.7635434007912382,0.7583439064602131,0.7583619804075415
47,0.883593738079071,1.4687565565109253,0.7603906393051147,1.8040878772735596,0.7637817915670666,0.7589215806810968,0.7590925570091541
48,0.8913671970367432,1.418016791343689,0.7653124928474426,1.7557107210159302,0.7695743793670146,0.7638142314942067,0.7638197158355925
49,0.8938671946525574,1.3755548000335693,0.7705468535423279,1.7125245332717896,0.7739893819701753,0.7690561215925436,0.7690257715516324
50,0.8949218988418579,1.3420544862747192,0.7689062356948853,1.6769006252288818,0.7731185705931847,0.7673169871217981,0.7674296572205568
51,0.9002148509025574,1.3050122261047363,0.7783593535423279,1.6321439743041992,0.7825470290876025,0.7766649951415137,0.7768788000292122
52,0.9024218916893005,1.2656329870224,0.7816406488418579,1.5978045463562012,0.7851850146434569,0.7798958496700522,0.7802072439310448
53,0.904296875,1.2337517738342285,0.780078113079071,1.562242031097412,0.7842224965080657,0.7785669317214929,0.7787656370558147
54,0.9067968726158142,1.2024545669555664,0.7855468988418579,1.5277155637741089,0.7894048629288579,0.7840962695465657,0.7841494629149798
55,0.9070507884025574,1.1743018627166748,0.7866406440734863,1.4985527992248535,0.789738658899638,0.7850899692503204,0.7852092259914383
56,0.9118750095367432,1.1429370641708374,0.7878124713897705,1.4705363512039185,0.79177426251842,0.7862929551820649,0.7863332735713285
57,0.9109179973602295,1.117155909538269,0.7956249713897705,1.4278860092163086,0.7997848686963369,0.7943629381775454,0.7945970880245499
58,0.9145703315734863,1.0884963274002075,0.7943750023841858,1.4098052978515625,0.797086896436557,0.793279633635038,0.7932323858021022
59,0.9158788919448853,1.0662145614624023,0.7953125238418579,1.3789918422698975,0.7987962194213046,0.7941215222036659,0.7942063407219372
60,0.9174023270606995,1.0426266193389893,0.797656238079071,1.360052466392517,0.8012258731040751,0.7967174276949363,0.7966728815760005
61,0.918749988079071,1.0193989276885986,0.8016406297683716,1.3313122987747192,0.8047733128703493,0.8002694101740672,0.8003728473693678
62,0.9175781011581421,1.0012072324752808,0.8050781488418579,1.3051972389221191,0.8078746717121508,0.8037910450459164,0.8038781456032382
63,0.9183984398841858,0.983126163482666,0.8070312738418579,1.2926255464553833,0.8100056296822327,0.8060007280608297,0.8060571727237096
64,0.9210351705551147,0.9626524448394775,0.8065624833106995,1.2623313665390015,0.8094708789651079,0.8054183805797279,0.805379164658274
65,0.9239062666893005,0.9418323040008545,0.8071093559265137,1.2478243112564087,0.8105421152555867,0.8059878951168433,0.8062291262938017
66,0.9221875071525574,0.9271115064620972,0.8125,1.22871994972229,0.8165792524495121,0.8113144255616527,0.8115924526390521
67,0.9274609088897705,0.9012777805328369,0.8110937476158142,1.2107776403427124,0.8148598586864149,0.810239126501297,0.8102917714868197
68,0.9223828315734863,0.8980775475502014,0.809374988079071,1.2050354480743408,0.8129585464283542,0.8083935295670144,0.808480910432311
69,0.9251171946525574,0.8794103860855103,0.8160937428474426,1.1753129959106445,0.8189073929868197,0.8152087071254412,0.8152359261390615
70,0.9280078411102295,0.8637382388114929,0.8179687261581421,1.153923749923706,0.8218345176862342,0.816941835990908,0.8172410166243025
71,0.9266406297683716,0.8518499732017517,0.8168749809265137,1.1411505937576294,0.8201513248300211,0.8158359796600521,0.8161348565081761
72,0.9281836152076721,0.837604820728302,0.8146874904632568,1.1469053030014038,0.817343668502911,0.813708645432857,0.8137928688231288
73,0.9261718988418579,0.8304257392883301,0.8130468726158142,1.1282240152359009,0.8158100289181291,0.8118166852212884,0.8119529066443579
74,0.9299609661102295,0.8148300647735596,0.8202343583106995,1.1051193475723267,0.8235346520649042,0.8192842860195897,0.8195006604865248
75,0.9287109375,0.8033865094184875,0.8219531178474426,1.0917859077453613,0.82504755701611,0.8210954776682418,0.821217106302385
76,0.9304492473602295,0.7909278273582458,0.8231250047683716,1.0877976417541504,0.8267193276871783,0.8221885372198807,0.8223527529271416
77,0.9306054711341858,0.7827007174491882,0.8228906393051147,1.0788776874542236,0.8262279849396175,0.8222434739813431,0.8222014305119432
78,0.931445300579071,0.7700371742248535,0.8199999928474426,1.0625710487365723,0.8232586952342853,0.8192076398404451,0.8194995678963154
79,0.9306836128234863,0.7648859620094299,0.8202343583106995,1.0538650751113892,0.8230675626946802,0.8195095369175079,0.8195175841836845
80,0.9323632717132568,0.7506086230278015,0.8299219012260437,1.0322216749191284,0.8328443735590769,0.8288942180807461,0.8288947022991567
81,0.9325585961341858,0.7448931336402893,0.8232812285423279,1.0317397117614746,0.8257098913196164,0.8222483317816016,0.8224226323871571
82,0.9310351610183716,0.7402929067611694,0.8274999856948853,1.0241611003875732,0.8303935114030396,0.8265351863343398,0.8266363240949421
83,0.9309961199760437,0.7319424152374268,0.830078125,1.004543423652649,0.8331627377744949,0.8292785426671527,0.8293638875336824
84,0.9328320026397705,0.7213069796562195,0.8299219012260437,1.0019378662109375,0.8332398035625548,0.8290004812768691,0.8293648608167022
85,0.9343359470367432,0.7118001580238342,0.8258593678474426,0.9972541928291321,0.828097320322873,0.8248272579651423,0.8248249269160037
86,0.934765636920929,0.7036658525466919,0.8338281512260437,0.9822242259979248,0.8366833453280957,0.8327398353402434,0.8330135453834044
87,0.9349609613418579,0.6985630989074707,0.8342187404632568,0.9709089398384094,0.8375075874458774,0.8331118108899754,0.8333897805258357
88,0.9349414110183716,0.6910247206687927,0.8359375,0.9641770720481873,0.8386565300204121,0.8350331190509033,0.8351904881368644
89,0.9360547065734863,0.6834920644760132,0.8381249904632568,0.95708829164505,0.8411656997461626,0.8374105894766304,0.8375495470568325
90,0.9382421970367432,0.6754618287086487,0.8374218940734863,0.9580166339874268,0.8405563184849233,0.8364830464812751,0.8367227919906972
91,0.9339062571525574,0.6782723069190979,0.8345312476158142,0.948149561882019,0.8376200928382419,0.8334293189765658,0.8337906475110732
92,0.9337109327316284,0.6736220717430115,0.839062511920929,0.938515841960907,0.8417242538287627,0.8383292719141119,0.8384040263327104
93,0.9350976347923279,0.6697292923927307,0.8403906226158142,0.930347204208374,0.843006480945987,0.8394852905320505,0.8396227219329778
94,0.9329296946525574,0.6648160815238953,0.8417187333106995,0.9239450693130493,0.8442453574755937,0.8408394091699455,0.8410186133598576
95,0.9365234375,0.6563562154769897,0.842968761920929,0.9138063788414001,0.8456439549974137,0.8418326559896334,0.8421498071271802
96,0.9387304782867432,0.645315945148468,0.8424218893051147,0.914673924446106,0.8454137937251034,0.8414196658142432,0.8416309178214354
97,0.936816394329071,0.6463668942451477,0.8392968773841858,0.9172977209091187,0.8416798203278893,0.838455801047271,0.8385466166337726
98,0.9378320574760437,0.6403161883354187,0.8400781154632568,0.905448853969574,0.8431193452587503,0.8393613996061519,0.8395986186379573
99,0.9377148151397705,0.6366486549377441,0.8389062285423279,0.9027653336524963,0.841816156604331,0.8381221991904004,0.8383594922770591
100,0.9376562237739563,0.6291496157646179,0.8404687643051147,0.9050830006599426,0.8428807646770466,0.839567671363198,0.8396486415352651
101,0.93603515625,0.6346526741981506,0.8424999713897705,0.8904860019683838,0.8453289291425146,0.8418156808403631,0.8416848926806924
102,0.9404687285423279,0.6204143762588501,0.8474218845367432,0.8751111030578613,0.850081950673179,0.8463859748953455,0.8467088993698979
103,0.9383789300918579,0.619282603263855,0.8426562547683716,0.8874515295028687,0.8453166559106071,0.8417389626624505,0.8419587386417573
104,0.9414452910423279,0.6121141314506531,0.8474218845367432,0.8741389513015747,0.849852104160929,0.8464442635547174,0.846651460990747
105,0.9387890696525574,0.6128047704696655,0.8478124737739563,0.8676853179931641,0.8501713002704613,0.8469226097441742,0.8471844315974265
106,0.9398046731948853,0.6110197305679321,0.849609375,0.8715324401855469,0.8526386019635909,0.8487756998452,0.8490323709439741
107,0.9392383098602295,0.6078537106513977,0.8471875190734863,0.8693556189537048,0.8492954788026434,0.8465197427095734,0.8465735272112246
108,0.9371093511581421,0.6071586012840271,0.8464062213897705,0.8613055348396301,0.8493500181464833,0.8454745353706259,0.8457910527887866
109,0.9404296875,0.6012299060821533,0.8530468940734863,0.8486216068267822,0.8559093145592129,0.8520557280329144,0.8523853311345161
110,0.9408789277076721,0.5980760455131531,0.848437488079071,0.8579486608505249,0.8512011807647414,0.8479505223871873,0.8479613255926974
111,0.9399218559265137,0.5977540016174316,0.8473437428474426,0.8588835000991821,0.8501819434674156,0.8465206232659678,0.8467193368393127
112,0.9411914348602295,0.5907511115074158,0.8448437452316284,0.8550098538398743,0.8481202945820111,0.8442207501934749,0.844248708157784
113,0.9399218559265137,0.592374861240387,0.8529687523841858,0.8487309217453003,0.8551428738869911,0.8522415915772601,0.8521977084567576
114,0.9409570097923279,0.586277425289154,0.854296863079071,0.8287723064422607,0.8568414380389475,0.8537427906237702,0.85388106787718
115,0.9432421922683716,0.5788881778717041,0.8539062738418579,0.8280220627784729,0.856554034442863,0.8533353361850269,0.8535032845078967
116,0.9434961080551147,0.5781233906745911,0.8549218773841858,0.830298662185669,0.857916219493808,0.8540292888367542,0.8543456360831134
117,0.9424023628234863,0.574863851070404,0.8585156202316284,0.8196820616722107,0.860719793375188,0.8577307546915922,0.8580103283283349
118,0.9414648413658142,0.5781123042106628,0.8536718487739563,0.8245664238929749,0.8571173253087745,0.8527728071618815,0.8532342792819959
119,0.9397265911102295,0.5803772211074829,0.8557812571525574,0.8228675127029419,0.8586781701424454,0.8547881645353521,0.8550012880438436
120,0.941113293170929,0.5712338089942932,0.8547656536102295,0.8186313509941101,0.8577139590976608,0.8540232246867635,0.854204672425053
121,0.9402734637260437,0.5739724636077881,0.8552343845367432,0.8240795135498047,0.858133309091927,0.854276754845229,0.8546407340669849
122,0.9403710961341858,0.5716391205787659,0.8558593988418579,0.8167800307273865,0.8583108534491923,0.8552041458630744,0.8554579313799635
123,0.9407617449760437,0.5702576041221619,0.85546875,0.8177565932273865,0.8582849189827687,0.8545911155291628,0.8548055571093598
124,0.9410351514816284,0.5705578327178955,0.8579687476158142,0.808962881565094,0.8608183895821045,0.8573355590397903,0.8574552668933051
125,0.9427734613418579,0.5648126602172852,0.8619531393051147,0.8043867349624634,0.8642478662468742,0.8609438443085722,0.8611959830300489
126,0.9432226419448853,0.5617807507514954,0.8575780987739563,0.8065527081489563,0.8601736004491622,0.8567535696204702,0.857062272207544
127,0.9431836009025574,0.5595219731330872,0.8553906083106995,0.8054967522621155,0.8577755515182222,0.854656455857816,0.8547204739311582
128,0.9424804449081421,0.5621150135993958,0.8591406345367432,0.8025883436203003,0.8621074549430525,0.8584775669416758,0.8587326489799695
129,0.94384765625,0.554796040058136,0.8617968559265137,0.8024881482124329,0.8642857272093066,0.8607909437675627,0.8609948858008385
130,0.9456835985183716,0.5504018664360046,0.8589843511581421,0.7953246235847473,0.8615036263350658,0.8581387092002318,0.8584311436444672
131,0.9480273723602295,0.543037474155426,0.8636718988418579,0.7803541421890259,0.8662973428358147,0.8632644485188987,0.8634194833313575
132,0.9471679925918579,0.543882429599762,0.8598437309265137,0.7978971004486084,0.8634379063519582,0.8590673477379511,0.8595136666520221
133,0.9423437714576721,0.5518903136253357,0.8564843535423279,0.8002532124519348,0.8590891979817631,0.8556366135189495,0.8559408914422919
134,0.9438672065734863,0.5487993955612183,0.8620312213897705,0.7914982438087463,0.8641370147352978,0.8612265891244455,0.8614771848529867
135,0.940234363079071,0.5548884868621826,0.860156238079071,0.7935894727706909,0.8622376145973304,0.8595725277413345,0.8595554078182793
136,0.9421093463897705,0.5509491562843323,0.8568750023841858,0.8011806607246399,0.8596449054197466,0.8564803412111968,0.8566636898621621
137,0.9412695169448853,0.5518279075622559,0.8612499833106995,0.7903732061386108,0.863711735150759,0.8604490774573171,0.8605898615775534
138,0.9442383050918579,0.5441917181015015,0.862500011920929,0.7886899709701538,0.8647470328397164,0.861972802600695,0.8620487321156036
139,0.9424804449081421,0.5453424453735352,0.8676562309265137,0.7724090814590454,0.8700121331104347,0.867204578755244,0.8673872106849723
140,0.9437695145606995,0.5445578098297119,0.8647656440734863,0.7780414819717407,0.8670875475495503,0.8642706425956498,0.8642114068886076
141,0.9442773461341858,0.5412336587905884,0.8623437285423279,0.7772747874259949,0.8650280324871201,0.8614109268749076,0.8617237473156159
142,0.9442187547683716,0.5390894412994385,0.8666406273841858,0.7706440091133118,0.8685116148791101,0.8661333355325499,0.86634379671401
143,0.9441797137260437,0.5422397255897522,0.8607812523841858,0.7821928262710571,0.8632857126897553,0.8599619140048652,0.8601714943486115
144,0.9439257979393005,0.5402279496192932,0.8606250286102295,0.7866947054862976,0.863557338572402,0.859811401795848,0.860145522954789
145,0.9471874833106995,0.5330638885498047,0.8642187714576721,0.7730022668838501,0.8669981356658517,0.8637641746577787,0.8639652660678798
146,0.9461718797683716,0.5327543616294861,0.8624218702316284,0.7766620516777039,0.8649702836725679,0.861907567844338,0.8621022728117562
147,0.9438281059265137,0.5353459715843201,0.8668749928474426,0.7708730101585388,0.8691260644115119,0.8663552556214092,0.8663905124391531
148,0.9449414014816284,0.5348025560379028,0.8696093559265137,0.7665650248527527,0.8724231319088355,0.8690304977787678,0.869260564031594
149,0.9452539086341858,0.5340834856033325,0.8685156106948853,0.7684157490730286,0.8711189880104642,0.8680691326451468,0.8683208539859979
150,0.9460546970367432,0.5305202007293701,0.8667187690734863,0.764618992805481,0.8692481131744192,0.8660992493202297,0.8663676601927586
151,0.9463086128234863,0.529161274433136,0.8637499809265137,0.7711167335510254,0.8659347788515427,0.8630630585066041,0.8631548684132057
152,0.9435351490974426,0.5344725251197815,0.8670312762260437,0.7683320641517639,0.8692875499500557,0.8664278836060696,0.8666283591357822
153,0.943066418170929,0.5349302887916565,0.867968738079071,0.7684966325759888,0.8707131216366432,0.8676243961041139,0.867809420894183
154,0.945605456829071,0.529141902923584,0.8667187690734863,0.7787311673164368,0.8694907082105732,0.8659593100193149,0.866468677277253
155,0.9453906416893005,0.5283039212226868,0.8675000071525574,0.7669647336006165,0.8700495928629972,0.8666932886838865,0.8669190817543428
156,0.9461718797683716,0.5250914096832275,0.8650781512260437,0.7743335962295532,0.8678368120220291,0.8642707916673007,0.8645657466999739
157,0.9452539086341858,0.5285146832466125,0.8717187643051147,0.7613393664360046,0.8738696805187752,0.8709296732285542,0.8712088264347833
158,0.9455664157867432,0.5251829028129578,0.8719531297683716,0.754411518573761,0.8744814885665316,0.8712416323494128,0.8715508640064095
159,0.9460351467132568,0.5262548327445984,0.8735937476158142,0.7528725266456604,0.8758519044147023,0.8729737616744114,0.8731211713251281
160,0.9440624713897705,0.5269100069999695,0.8720312714576721,0.7510807514190674,0.8741983783814435,0.8713540430118214,0.871584043806263
161,0.9454882740974426,0.5246155261993408,0.8700000047683716,0.7547566294670105,0.8726443943721301,0.8695505355359325,0.8698591872041868
162,0.9458398222923279,0.5225584506988525,0.8723437786102295,0.7441771626472473,0.8750184026160467,0.8715709971353554,0.8719068786192539
163,0.9455468654632568,0.5238404870033264,0.8694531321525574,0.7478421926498413,0.8719013464245791,0.8684472958102708,0.8688275825147292
164,0.9454687237739563,0.5262517333030701,0.8694531321525574,0.7526493668556213,0.8720285203386251,0.8686598570176889,0.868859943306943
165,0.9457812309265137,0.5199412703514099,0.8716406226158142,0.7469589710235596,0.8742565843152312,0.8711329537798469,0.8713986139223592
166,0.9459570050239563,0.5210849046707153,0.8709375262260437,0.7481999397277832,0.8737274880281781,0.8702380058589836,0.8704821146724379
167,0.9470508098602295,0.5167695879936218,0.8721093535423279,0.7422163486480713,0.8742927879727307,0.8715431687601609,0.8717552333840028
168,0.9476953148841858,0.5170491933822632,0.8742969036102295,0.7453799247741699,0.8768125930063851,0.8736880965097062,0.8739423840746128
169,0.9467383027076721,0.518962562084198,0.8784375190734863,0.7354472875595093,0.8803097887330142,0.8779686212043715,0.8780053219633599
170,0.9464452862739563,0.5187649726867676,0.8791406154632568,0.7355902194976807,0.8811566195937248,0.8784977262152869,0.8786779657434317
171,0.9467577934265137,0.5176569223403931,0.8767969012260437,0.7382044792175293,0.8793040632426481,0.8758825208364974,0.8762232093573776
172,0.947460949420929,0.5176953673362732,0.8719531297683716,0.7444318532943726,0.8743223987125518,0.8712466569923674,0.8714580950907078
173,0.9460546970367432,0.5191261768341064,0.8763281106948853,0.7366647124290466,0.8791191907126524,0.8756376271390803,0.8759809902179088
174,0.9483398199081421,0.5138674974441528,0.8758593797683716,0.7394195795059204,0.8780708981752785,0.8751772668544553,0.8753563891877979
175,0.9449999928474426,0.5207235217094421,0.876171886920929,0.739133894443512,0.8786586252915347,0.8754187786873817,0.8756417737228143
176,0.9462304711341858,0.5204120874404907,0.8773437738418579,0.724894106388092,0.87974980175642,0.8768831157312404,0.8770703896199017
177,0.9479296803474426,0.5147280693054199,0.871874988079071,0.7323445081710815,0.874342407499229,0.8712620401607923,0.8715167114053926
178,0.9470312595367432,0.5166442394256592,0.8792187571525574,0.7240138053894043,0.8816999664960465,0.8786370029717091,0.8787464195898991
179,0.9484179615974426,0.5146148800849915,0.8748437762260437,0.7379995584487915,0.8777776049496011,0.8740473399234594,0.874328614582103
180,0.9464257955551147,0.517205536365509,0.8742969036102295,0.740496814250946,0.8763558353006109,0.8738330251162794,0.8738737248396402
181,0.944628894329071,0.5194017887115479,0.8785156011581421,0.7291499376296997,0.8809865423226724,0.8779212563673662,0.8782755992630072
182,0.9470898509025574,0.5175313353538513,0.8787500262260437,0.7275527715682983,0.8812917533037646,0.8782590181511429,0.8784744535440255
183,0.9476367235183716,0.5124828815460205,0.8788281083106995,0.7311658263206482,0.8815163650451973,0.8780378183691504,0.8784284589545754
184,0.9489648342132568,0.5090270042419434,0.8841406106948853,0.7201110124588013,0.8865482179925757,0.883670156357556,0.8839839908454121
185,0.945996105670929,0.5164158344268799,0.8757030963897705,0.728310763835907,0.8781308589387815,0.8749630144103773,0.875198800641507
186,0.9496679902076721,0.5080834031105042,0.8839062452316284,0.7095323801040649,0.8862782244839496,0.883320965187004,0.8835782909326861
187,0.9495312571525574,0.506402313709259,0.8823437690734863,0.7158440947532654,0.8850752543278605,0.8819301050727211,0.8821334718786586
188,0.9482421875,0.5065584182739258,0.8807812333106995,0.7113181352615356,0.883189995074147,0.8800395225161175,0.8802878832772943
189,0.9495898485183716,0.5080666542053223,0.8788281083106995,0.7298563122749329,0.8807740247421953,0.8782680460528625,0.8783151290470357
190,0.94775390625,0.5085315704345703,0.8842187523841858,0.7100412249565125,0.8866537930317828,0.8834573034731079,0.883765736060259
191,0.9486914277076721,0.505395233631134,0.8809375166893005,0.7221221327781677,0.8831227920208204,0.8803852240249407,0.8805563730965584
192,0.9481835961341858,0.5062649250030518,0.882031261920929,0.7183230519294739,0.8841493485308847,0.8816063522199344,0.8817706797725426
193,0.9491991996765137,0.504585862159729,0.8776562213897705,0.7270328998565674,0.8797294876876863,0.876994804277694,0.8772274570532093
194,0.9464648365974426,0.5128967761993408,0.8733593821525574,0.7439852952957153,0.8761836983207986,0.8729516676034779,0.8731647377255549
195,0.9476367235183716,0.50986647605896,0.8823437690734863,0.7243764996528625,0.8845155153261731,0.8819191519935704,0.8820184168004994
196,0.9474023580551147,0.5110889673233032,0.8803125023841858,0.7226566076278687,0.882611504650658,0.8796978930931405,0.8799538900885844
197,0.9480664134025574,0.5081626772880554,0.8849999904632568,0.7111133337020874,0.8879881196886457,0.8842564021003749,0.884631543302212
198,0.9475390911102295,0.508637547492981,0.8796093463897705,0.7219870686531067,0.882048451859348,0.8787652560031332,0.8789980908531998
199,0.9513086080551147,0.5022703409194946,0.8849218487739563,0.7041268944740295,0.8872744401257129,0.8843387600062088,0.884553910608139
200,0.9503515362739563,0.5009121894836426,0.8836718797683716,0.7088817358016968,0.8862531922244832,0.8831097156761702,0.8834123041777465
201,0.9504296779632568,0.5000422596931458,0.8823437690734863,0.7038244605064392,0.8846570938562428,0.8818186265404435,0.8819809384644325
202,0.9510351419448853,0.49864786863327026,0.8803125023841858,0.7154693007469177,0.8822601111993831,0.8797461167765148,0.8798506614647619
203,0.9498242139816284,0.5023456811904907,0.8854687213897705,0.7058824300765991,0.8882818628754796,0.8849269324712021,0.8852523423667227
204,0.9498632550239563,0.5022671222686768,0.8838281035423279,0.7205041646957397,0.8863929550977802,0.8833446919222031,0.8834671086380144
205,0.9484961032867432,0.5044772624969482,0.8864843845367432,0.7024624347686768,0.8885890163326742,0.8860815681902932,0.8861811346189944
206,0.9475781321525574,0.5071492791175842,0.8813281059265137,0.7170107960700989,0.8834814699213325,0.880965239716923,0.881139090770394
207,0.9481640458106995,0.5053316950798035,0.8824218511581421,0.7071633338928223,0.8845934817408846,0.8820783128060161,0.8822260229706578
208,0.9480664134025574,0.5051003694534302,0.8862500190734863,0.7067162394523621,0.8887258986424272,0.8857478932572725,0.8858900927065282
209,0.9495312571525574,0.5028473734855652,0.881640613079071,0.7069287300109863,0.8838885598932564,0.8810579879031526,0.8813190044090774
210,0.9496093988418579,0.5017580986022949,0.8846874833106995,0.7120425701141357,0.887087646935029,0.8838993663732431,0.8842719241029303
211,0.9500195384025574,0.5025639533996582,0.8864062428474426,0.7052541971206665,0.888136666949358,0.8857756324066699,0.8858623947586602
212,0.9488866925239563,0.5014393925666809,0.8843749761581421,0.7086336016654968,0.8864438005810571,0.8835871942859532,0.883836759246259
213,0.9485546946525574,0.5021665096282959,0.8828125,0.7187778353691101,0.8860825073782397,0.8820911550158868,0.8824498853181807
214,0.9503320455551147,0.49991196393966675,0.8843749761581421,0.710054874420166,0.8866467677409524,0.8838742249311609,0.8839692280963052
215,0.9499218463897705,0.49860668182373047,0.8854687213897705,0.7047351002693176,0.8875903181542893,0.8849514836743082,0.8850818519321636
216,0.9506445527076721,0.50029456615448,0.885546863079071,0.7088238596916199,0.8877228018353849,0.8849842976791236,0.8852098969514578
217,0.9508398175239563,0.4958431124687195,0.883593738079071,0.7118024230003357,0.8861028077080673,0.882872949181279,0.8830041415994416
218,0.9490429759025574,0.4984526038169861,0.8911718726158142,0.6899254322052002,0.8931659724520744,0.8903238053878518,0.8905596942057076
219,0.9494922161102295,0.4984981417655945,0.883593738079071,0.7144688963890076,0.885636643358481,0.88301099163286,0.8832159882826579
220,0.9529882669448853,0.49201709032058716,0.8843749761581421,0.7076122164726257,0.8865897585293578,0.8837772698063054,0.8840229251564473
221,0.9510742425918579,0.4949999153614044,0.8838281035423279,0.7160875201225281,0.8857530977750165,0.8828733830933996,0.8831837545138194
222,0.9495312571525574,0.49988868832588196,0.8872656226158142,0.6972329020500183,0.8892842922552897,0.8866577188553288,0.8867925960027396
223,0.9510351419448853,0.49487125873565674,0.8880468606948853,0.6969786286354065,0.8896009655916234,0.8876586346552695,0.8876156351037681
224,0.94873046875,0.5009709000587463,0.8827343583106995,0.7078436017036438,0.884986481828199,0.8822122503090759,0.8823423814924864
225,0.9507421851158142,0.4969799816608429,0.890625,0.6942853331565857,0.8925779625872253,0.8901539488616266,0.8902464986006353
226,0.9489452838897705,0.5026500821113586,0.8861718773841858,0.7140535116195679,0.8884336838019742,0.885610156081218,0.8857341588692011
227,0.9440820217132568,0.5139890909194946,0.8883593678474426,0.7045382857322693,0.8917800096456308,0.8875689653228421,0.887967384387273
228,0.9491991996765137,0.5005967617034912,0.8864062428474426,0.7001675367355347,0.8887967859295713,0.8857231727011385,0.8861535687676665
229,0.9486718773841858,0.5008549094200134,0.8897656202316284,0.6976885795593262,0.8920884138432863,0.8894076062985741,0.8895615634784841
230,0.9493554830551147,0.500367283821106,0.8876562714576721,0.7024515271186829,0.8899735074892301,0.8871009081120336,0.8871956913927245
231,0.9500390887260437,0.49820971488952637,0.8885156512260437,0.7105151414871216,0.8907518663182282,0.8881290051783453,0.8882127080967585
232,0.9490820169448853,0.501462459564209,0.8896874785423279,0.6993116736412048,0.8916099616775996,0.8894673473406981,0.8894690727896883
233,0.9498046636581421,0.49846795201301575,0.8903906345367432,0.6974326968193054,0.8921222447264517,0.8901198255480456,0.8902423946673458
234,0.9527734518051147,0.4907940924167633,0.8928124904632568,0.6916297674179077,0.8950018567602411,0.8924206913726095,0.8925890756709399
235,0.9501562714576721,0.4984617531299591,0.889453113079071,0.6985260248184204,0.8918082732152588,0.8888376827178885,0.8890418338811825
236,0.9494531154632568,0.4988422095775604,0.889843761920929,0.6915128231048584,0.8921731453702915,0.889340604513899,0.8896578083094557
237,0.952343761920929,0.49542102217674255,0.8926562666893005,0.6836944818496704,0.8950733256391545,0.8921626088213103,0.8924595331181753
238,0.9532421827316284,0.4893677532672882,0.8930468559265137,0.6844784617424011,0.8951556000743438,0.8925242308939066,0.8926234948758218
239,0.9516015648841858,0.4920729100704193,0.8914843797683716,0.6890952587127686,0.8934625130145981,0.891070194624005,0.8912635924853016
240,0.9513476490974426,0.4944099187850952,0.8880468606948853,0.7041468024253845,0.8903321061007947,0.8874981212316826,0.8877875121864791
241,0.9485546946525574,0.5003697276115417,0.8926562666893005,0.6925764679908752,0.8949272302016237,0.8920170501322983,0.892219480905153
242,0.9506054520606995,0.49557384848594666,0.8907812237739563,0.6865347027778625,0.8932080548292424,0.8902263491416935,0.8904918026502429
243,0.9509961009025574,0.4924505352973938,0.8919531106948853,0.6872873902320862,0.894071316435703,0.8914996411946905,0.891696134303146
244,0.9510546922683716,0.4939614534378052,0.8913280963897705,0.6822769641876221,0.8935911857272005,0.8908948116621733,0.8911057020857097
245,0.95361328125,0.488094687461853,0.8936718702316284,0.6840965151786804,0.8954845915627604,0.8929567877775011,0.8932439261477141
246,0.9503124952316284,0.49567875266075134,0.895703136920929,0.6844901442527771,0.8977284724854201,0.8950734270251696,0.8953347919829213
247,0.953417956829071,0.4876419007778168,0.8946874737739563,0.6814771890640259,0.896732607360881,0.8940931390404095,0.8943537474172871
248,0.9513476490974426,0.4915034770965576,0.8912500143051147,0.693695068359375,0.8931344930964051,0.8907874099426287,0.89097203195679
249,0.9509375095367432,0.4929256737232208,0.8903906345367432,0.6973636150360107,0.8923674268378787,0.889802458018242,0.8900024597884769
250,0.9500585794448853,0.49451151490211487,0.891406238079071,0.6989241242408752,0.893709923225091,0.8907973727353354,0.8909973013029543
251,0.9503320455551147,0.49686199426651,0.8910156488418579,0.691631555557251,0.8935214570281396,0.8904312433906891,0.8907523177650384
252,0.9499804973602295,0.49790966510772705,0.8936718702316284,0.6801245808601379,0.895690366009592,0.8930481953415973,0.8933007961519175
253,0.9513280987739563,0.4950357675552368,0.8910156488418579,0.692587673664093,0.8934575126365233,0.8903033965745817,0.8905654047329097
254,0.9504687786102295,0.4945419728755951,0.891406238079071,0.7028176188468933,0.8937194947719893,0.8909135427439285,0.8911184784501296
255,0.9511328339576721,0.49398231506347656,0.8927343487739563,0.6872665286064148,0.8944124040233987,0.8920840622414381,0.8922613822877377
256,0.9510937333106995,0.49092891812324524,0.8946874737739563,0.6796627640724182,0.8967267157957812,0.8940382689590136,0.8941370837101935
257,0.9524023532867432,0.4871271550655365,0.892578125,0.6818265318870544,0.8943801003221852,0.8918337008423705,0.8921826454927623
258,0.9530273675918579,0.4868015646934509,0.8928906321525574,0.6804569959640503,0.8955087708475664,0.8924279578778466,0.8925853295845396
259,0.9539648294448853,0.48342272639274597,0.8990625143051147,0.6750398278236389,0.9008526416062097,0.898511972911934,0.8987083518005683
260,0.9518163800239563,0.48940059542655945,0.8932812213897705,0.6786493062973022,0.8956346260562756,0.8926786821502839,0.8929307991056163
261,0.9509961009025574,0.49121996760368347,0.895703136920929,0.6784749627113342,0.8982395057297133,0.8952832949738493,0.8955219124973405
262,0.9528124928474426,0.4890451431274414,0.9007812738418579,0.6691114902496338,0.9031538419625604,0.9002634290792457,0.9005864867107329
263,0.9534765481948853,0.48504936695098877,0.8967968821525574,0.6754509210586548,0.8987001035819543,0.8963704574440852,0.8965460519667349
264,0.9517577886581421,0.48893406987190247,0.8908593654632568,0.6849191784858704,0.8925405440432647,0.890248014359553,0.8904190274643686
265,0.951953113079071,0.49103012681007385,0.9004687666893005,0.6661259531974792,0.9025738651085069,0.9000726243692043,0.9002693927188415
266,0.9517968893051147,0.49180614948272705,0.8939062356948853,0.6768183708190918,0.8966567563458568,0.8933009717903002,0.8936933478328549
267,0.9505078196525574,0.4951740503311157,0.8934375047683716,0.681689977645874,0.8952633409416789,0.8928011088393534,0.8929970881154734
268,0.9529101848602295,0.4871499538421631,0.8954687714576721,0.6787046790122986,0.89759445437678,0.895002033186853,0.8952346078471787
269,0.9507031440734863,0.4918063282966614,0.8967187404632568,0.6802313923835754,0.8986649947746452,0.8962788308683828,0.89640653202378
270,0.9488866925239563,0.49669480323791504,0.8926562666893005,0.6966601610183716,0.8947724901692499,0.8921015305407184,0.8922145570307867
271,0.95263671875,0.4893934726715088,0.8956249952316284,0.6780608296394348,0.8977644669686373,0.8951059092442878,0.8953412236335958
272,0.9519140720367432,0.4914863705635071,0.8960937261581421,0.6770968437194824,0.8982845555532302,0.8956599576446731,0.8958621790239769
273,0.9526562690734863,0.4870378375053406,0.8984375,0.6721859574317932,0.9001373965919179,0.8980722523657838,0.8981138345836432
274,0.9516797065734863,0.489845871925354,0.8951562643051147,0.6781439185142517,0.8977021454414775,0.8944894621069941,0.8947952005827595
275,0.9541406035423279,0.48301079869270325,0.8985156416893005,0.6733547449111938,0.9004191126634618,0.8981398773822364,0.8982195209925874
276,0.9539257884025574,0.48612135648727417,0.8992968797683716,0.6705934405326843,0.9010912168816039,0.8989623179918138,0.8991234278388982
277,0.9541406035423279,0.4833641052246094,0.9008593559265137,0.6701200008392334,0.9029057300652004,0.9003791859142587,0.9005704888949828
278,0.9522265791893005,0.4863632917404175,0.8946874737739563,0.6815774440765381,0.8969280827224724,0.8942940858727317,0.8943637296062823
279,0.9516406059265137,0.48944157361984253,0.8959375023841858,0.6714739203453064,0.8979978514264877,0.8953975274545819,0.8956704581928121
280,0.9524023532867432,0.4860091507434845,0.9022656083106995,0.6678375005722046,0.9038691242726791,0.9017999094004832,0.9018333812405733
281,0.9508593678474426,0.48706409335136414,0.897656261920929,0.6816548705101013,0.8995909526088048,0.8970306547293003,0.8972356705803561
282,0.9537695050239563,0.48590606451034546,0.9024999737739563,0.6632201671600342,0.9044648348666907,0.9020721564930104,0.902247597596441
283,0.9564648270606995,0.4771377146244049,0.8971093893051147,0.6663725972175598,0.8994259657355674,0.8966610517569324,0.8969165799210768
284,0.9539648294448853,0.48158907890319824,0.9022656083106995,0.6758085489273071,0.9039515878481329,0.9017593171189138,0.9018969337951429
285,0.95458984375,0.47661808133125305,0.8968750238418579,0.6821414232254028,0.8989570252180197,0.8965379508591648,0.8967095481799126
286,0.9516406059265137,0.48898985981941223,0.8983593583106995,0.6787309050559998,0.9006465565387146,0.89785165685565,0.8979130055208118
287,0.952832043170929,0.4889575242996216,0.8978124856948853,0.6683712005615234,0.900081533605533,0.8971011828778757,0.8973699651025671
288,0.953320324420929,0.48335492610931396,0.9007812738418579,0.6661336421966553,0.9023754576848526,0.9004092617222267,0.900458994173388
289,0.9529687762260437,0.48116400837898254,0.8969531059265137,0.6727139353752136,0.8993539491047395,0.8963427714951817,0.8965819545936868
290,0.951171875,0.4889355003833771,0.8993750214576721,0.674523115158081,0.9016869914859111,0.8989752848941172,0.899168290473396
291,0.9544922113418579,0.48157188296318054,0.9034374952316284,0.6639711260795593,0.9053288536919474,0.9028460812462518,0.9030968305330347
292,0.9541211128234863,0.47937244176864624,0.9037500023841858,0.6615290641784668,0.9056575576633034,0.9033747356473294,0.9034130626254828
293,0.9515820145606995,0.4853690266609192,0.903515636920929,0.6642255187034607,0.9054598062182828,0.9031315491181928,0.9032485940888237
294,0.9521874785423279,0.486624151468277,0.8991405963897705,0.6764190793037415,0.900931849676786,0.8986785269784276,0.8988084690962584
295,0.9518359303474426,0.4887584447860718,0.9010156393051147,0.6773736476898193,0.903272453704145,0.9006645565793188,0.9008578311419331
296,0.9523632526397705,0.4844236373901367,0.8987500071525574,0.6708758473396301,0.9007589257672015,0.8981596144183126,0.8984282044287145
297,0.9524804949760437,0.4857766032218933,0.8980468511581421,0.6670817732810974,0.899901445616278,0.8976448605374224,0.8977721029079793
298,0.9537890553474426,0.48013386130332947,0.8992968797683716,0.6690921187400818,0.9013484380844411,0.8988541282046102,0.8989449690944435
299,0.9552538990974426,0.47935572266578674,0.9042187333106995,0.6526917815208435,0.9065718871681596,0.9038863480930096,0.904037402541497
300,0.95263671875,0.48359349370002747,0.9004687666893005,0.6709024906158447,0.9024471567819989,0.8999366880274475,0.9000169048250595
301,0.9523046612739563,0.484453022480011,0.9012500047683716,0.6679319739341736,0.9032828420991579,0.9009110969579901,0.9010768493431544
302,0.9510156512260437,0.4887580871582031,0.9032812714576721,0.6606919169425964,0.9051116476938654,0.9031012736624636,0.9032073226547299
303,0.9516406059265137,0.4858778715133667,0.9030468463897705,0.6647446155548096,0.9049919342472998,0.9027247217639558,0.9028908433195664
304,0.9519726634025574,0.4853368401527405,0.9016406536102295,0.6617452502250671,0.9037150746512649,0.9011370185124937,0.9014000332884085
305,0.9520702958106995,0.48709341883659363,0.9010156393051147,0.6659584045410156,0.9031738925911761,0.9005988070135621,0.9007876524706502
306,0.9532031416893005,0.48383963108062744,0.8985156416893005,0.669861912727356,0.9007910041608282,0.8979125259747835,0.8981567133916188
307,0.9545702934265137,0.4791905879974365,0.9007031321525574,0.6665403842926025,0.9028058833532597,0.9001894847026787,0.9004295149114158
308,0.9551367163658142,0.4758135676383972,0.9016406536102295,0.6632698774337769,0.9034980408695574,0.9010665910992786,0.9013082038891431
309,0.9555273652076721,0.47620636224746704,0.9021875262260437,0.6664707064628601,0.9039789872285272,0.9016287500676158,0.9019061553893863
310,0.9531835913658142,0.48317059874534607,0.9017187356948853,0.6617783904075623,0.9035406227607099,0.9011834862006572,0.9013651790930985
311,0.9526953101158142,0.4833528995513916,0.9052343964576721,0.6585041284561157,0.9068400697984208,0.9048115620099543,0.904903371531449
312,0.9527148604393005,0.4827587902545929,0.9051562547683716,0.6580510139465332,0.9070465479880669,0.9045691054305278,0.9047544222396046
313,0.9524999856948853,0.4847678244113922,0.9029687643051147,0.6673792004585266,0.9048601899563742,0.9027228595100741,0.9028584499507772
314,0.95166015625,0.4828990697860718,0.9024218916893005,0.6650456190109253,0.9043250561428198,0.9020540527928389,0.9021947651331192
315,0.9534960985183716,0.4833034873008728,0.8980468511581421,0.6734298467636108,0.9001652078323761,0.8976572680795912,0.8978915637707388
316,0.9547656178474426,0.4797019064426422,0.9068750143051147,0.6516931056976318,0.9091102847774499,0.9064030495636215,0.9067542779023101
317,0.9525585770606995,0.48437386751174927,0.90234375,0.6627638339996338,0.9047809248596312,0.9017097022956073,0.9020615035416989
318,0.9532421827316284,0.48111382126808167,0.9043750166893005,0.6548256874084473,0.9064703237637242,0.9038179999327958,0.9040970240852644
319,0.9532617330551147,0.47967424988746643,0.9036718606948853,0.6558952331542969,0.9060087971175541,0.9033021890684012,0.9034772217577982
320,0.9529101848602295,0.4816976487636566,0.90625,0.6458331346511841,0.9082744576310128,0.905848916840749,0.9059897210174886
321,0.9553906321525574,0.47636309266090393,0.9039062261581421,0.6580341458320618,0.9058762619075629,0.903516420620838,0.9037582788136578
322,0.9570898413658142,0.47181975841522217,0.9046875238418579,0.6485617756843567,0.9061780057197824,0.9042819631177874,0.9043571946476895
323,0.9532812237739563,0.48035377264022827,0.903515636920929,0.6584169864654541,0.9053185035431804,0.9031598532719347,0.9034024311111964
324,0.9537304639816284,0.480721116065979,0.9055469036102295,0.6504513025283813,0.907081639210066,0.9049046471897206,0.9050930832570483
325,0.9537304639816284,0.4784036874771118,0.90234375,0.6541352868080139,0.9043921701133432,0.9018041507470635,0.9019824525287018
326,0.9566601514816284,0.4741123914718628,0.9003124833106995,0.6617230772972107,0.9024738733309992,0.8998991212164237,0.9001422816476412
327,0.9554101824760437,0.4762035608291626,0.9019531011581421,0.6613281965255737,0.903730616020195,0.9015388847070317,0.9016821275831318
328,0.9555078148841858,0.47533267736434937,0.9036718606948853,0.6533719897270203,0.9055192856491568,0.9031328925747046,0.9034124083806505
329,0.9549219012260437,0.4753431975841522,0.90625,0.6507685780525208,0.9078929666642669,0.9055438058403739,0.9057811336602359
330,0.9545117020606995,0.47495102882385254,0.9021875262260437,0.659430742263794,0.9047237210042766,0.9017010424032249,0.9020073702224043
331,0.9533398151397705,0.47736620903015137,0.9067968726158142,0.6556083559989929,0.9086329549365499,0.9062105713678275,0.9064726016159854
332,0.9537890553474426,0.47841930389404297,0.9065625071525574,0.6464492082595825,0.9082551266326703,0.9059651079597899,0.9061316230262118
333,0.952832043170929,0.47812163829803467,0.9064843654632568,0.6538131833076477,0.9083247359407213,0.9060669663912876,0.9062520077093223
334,0.9544336199760437,0.4793771803379059,0.9087499976158142,0.6503845453262329,0.9108271395793177,0.9083764200535729,0.9085647700622616
335,0.9536914229393005,0.47728022933006287,0.9088281393051147,0.6397199630737305,0.9109387661759007,0.9083354650688263,0.9085193479830003
336,0.9550195336341858,0.4758189916610718,0.9078906178474426,0.6453405022621155,0.9096944460166577,0.9075212739612148,0.9076778332719795
337,0.9532226324081421,0.48181918263435364,0.9064062237739563,0.6491671800613403,0.908851648125356,0.905815190839007,0.905998938013752
338,0.953808605670929,0.4782131612300873,0.9064843654632568,0.6489490270614624,0.9084001979935759,0.9061399790827305,0.9063175671922671
339,0.9543163776397705,0.47664833068847656,0.9060156345367432,0.6526579856872559,0.9080688526321806,0.9056212936564024,0.9057969879709445
340,0.9553906321525574,0.47573062777519226,0.9108593463897705,0.6315373778343201,0.9126174882288444,0.9105920950703763,0.910644036038898
341,0.9536523222923279,0.4760648310184479,0.908984363079071,0.6440635919570923,0.9109957317624745,0.9087597138743344,0.9089586111037634
342,0.95263671875,0.4807574450969696,0.9104687571525574,0.6325490474700928,0.9121150029430418,0.9100791301959259,0.9102095012643596
343,0.9537500143051147,0.47986316680908203,0.9090625047683716,0.638693630695343,0.9109024790764046,0.908799313189713,0.9089593745993575
344,0.9530468583106995,0.4834449887275696,0.9043750166893005,0.6531105637550354,0.9063273085434402,0.9038512297202106,0.904067160437258
345,0.9548437595367432,0.47577351331710815,0.9069530963897705,0.6516058444976807,0.9090065753806842,0.9062250182179205,0.9066086982435884
346,0.95458984375,0.47683656215667725,0.9058593511581421,0.6443745493888855,0.9080950855700596,0.9051615527127819,0.9054860327274264
347,0.9542187452316284,0.4758802354335785,0.905468761920929,0.6554266214370728,0.9076674672692933,0.9051325456244805,0.9052471003147539
348,0.95458984375,0.4785170257091522,0.9081249833106995,0.641623318195343,0.9099601606539676,0.9078307125813039,0.90796089584963
349,0.9574609398841858,0.4682305157184601,0.9030468463897705,0.6472229957580566,0.9049705344451822,0.9022777494650647,0.9025529289807804
350,0.9555273652076721,0.4711408317089081,0.9075781106948853,0.642443835735321,0.9099907006837136,0.9070898745888869,0.9073503648997319
351,0.9549804925918579,0.4749065041542053,0.9049218893051147,0.6470183730125427,0.9065947934298505,0.904543849957975,0.9045793814957832
352,0.9549999833106995,0.4730088710784912,0.9064062237739563,0.6467540264129639,0.9081387665809915,0.9058312995469345,0.9060582168781846
353,0.9537109136581421,0.4766053855419159,0.9060156345367432,0.6447433233261108,0.907717968324624,0.9055796828457341,0.905716092037088
354,0.9527343511581421,0.48048263788223267,0.9077343940734863,0.6433556079864502,0.9097956630469198,0.907256166392927,0.9074759614892193
355,0.9537500143051147,0.47945311665534973,0.905468761920929,0.6511222720146179,0.9071423531835673,0.9050639699407882,0.9051950401385621
356,0.9545312523841858,0.4775336980819702,0.9092968702316284,0.6348143219947815,0.9110218845593057,0.9086971142155209,0.9088913942405097
357,0.9543554782867432,0.4763232469558716,0.908203125,0.6409235596656799,0.9100145644724656,0.9077957594938658,0.9079199953455066
358,0.9542773365974426,0.47703811526298523,0.9096093773841858,0.6395177841186523,0.9111325781184232,0.9092660536893846,0.9093224901407038
359,0.954785168170929,0.4750000834465027,0.9064062237739563,0.6490301489830017,0.9083028104183779,0.9060606534370408,0.9061983674490086
360,0.9545312523841858,0.4743770956993103,0.9067968726158142,0.6513136029243469,0.9086404113452431,0.9063879166252662,0.90653012902724
361,0.9553906321525574,0.472817063331604,0.9071093797683716,0.6402612924575806,0.9088183439048869,0.9070053875997401,0.9071008368010864
362,0.9556054472923279,0.4729607403278351,0.9089062213897705,0.6441615223884583,0.9106521227022781,0.9085551518006743,0.9085367525608943
363,0.9561914205551147,0.47164466977119446,0.9051562547683716,0.6530494093894958,0.9072528305348444,0.9050509221625138,0.9049429945822843
364,0.9564062356948853,0.46941524744033813,0.9018750190734863,0.6531819701194763,0.9041972602717248,0.9013813147916574,0.9016329172885862
365,0.9553124904632568,0.4719122052192688,0.9085937738418579,0.6370164752006531,0.9105010727083311,0.9084905471880507,0.9085517474154924
366,0.9533007740974426,0.4765307307243347,0.907421886920929,0.6361613273620605,0.90937222006846,0.9071055760122972,0.9073662984955592
367,0.9558789134025574,0.47079598903656006,0.9061718583106995,0.6458240747451782,0.9082933260569666,0.9055813318165699,0.9057934397766167
368,0.9563281536102295,0.46911776065826416,0.9087499976158142,0.6434104442596436,0.9105940898438608,0.9085588051926549,0.9085364307973578
369,0.9553124904632568,0.4721323847770691,0.9139843583106995,0.6301841139793396,0.9156648865698095,0.9136593514416473,0.9136779054895259
370,0.9549609422683716,0.47223252058029175,0.9125000238418579,0.6322558522224426,0.9143375221045891,0.9123412590889655,0.9125224931082787
371,0.9543750286102295,0.47262710332870483,0.9108593463897705,0.6296621561050415,0.9127344655264884,0.9103169457099318,0.9105772847239869
372,0.9547070264816284,0.4725443124771118,0.9092968702316284,0.6356779932975769,0.9113608718308716,0.9088414737231547,0.9090376487715088
373,0.9548437595367432,0.47421249747276306,0.9076562523841858,0.6382818818092346,0.9096591240211459,0.9069528912640207,0.9072884210594128
374,0.955371081829071,0.4722256064414978,0.9085156321525574,0.6367911696434021,0.9102685062193053,0.9082573648483783,0.9083683714898814
375,0.9550976753234863,0.47182437777519226,0.9098437428474426,0.6344045400619507,0.9115744981380027,0.9093576449765299,0.9095219669013985
376,0.9540625214576721,0.47358426451683044,0.9095312356948853,0.6395263671875,0.9112091483537231,0.9091207189500882,0.9092959082823091
377,0.9555273652076721,0.4710438549518585,0.9095312356948853,0.63714200258255,0.9114611856798855,0.9093126667887992,0.9094404245534475
378,0.9549609422683716,0.4722723662853241,0.9111718535423279,0.6358165144920349,0.913101532551383,0.9109717482904804,0.9111030358738607
379,0.9545312523841858,0.4699389338493347,0.9049999713897705,0.6599882245063782,0.9072903104463494,0.9045263464815114,0.904688822232872
380,0.9546288847923279,0.47216904163360596,0.9058593511581421,0.6421607136726379,0.9078518981688357,0.9056468961929305,0.9057704637062627
381,0.9546679854393005,0.47436249256134033,0.9064843654632568,0.6518405079841614,0.9084974958540808,0.9061711468430045,0.9063857811559209
382,0.9533789157867432,0.47542351484298706,0.9107031226158142,0.6291062235832214,0.9124568625648566,0.9103373752028757,0.9105219073601849
383,0.9552538990974426,0.4728081524372101,0.9091406464576721,0.6441336870193481,0.9109798406250751,0.9089691034716373,0.9090301681443006
384,0.9556640386581421,0.4691394567489624,0.9073437452316284,0.6515998840332031,0.9088199426495226,0.9070430518752345,0.9070901223647801
385,0.9561132788658142,0.4703987240791321,0.9107031226158142,0.6303983330726624,0.9124812001191281,0.9105155830345684,0.9104806708566877
386,0.9543750286102295,0.47316431999206543,0.9103124737739563,0.6377912759780884,0.9125258945893147,0.9097305053334879,0.9099256349797231
387,0.9541601538658142,0.47439464926719666,0.9080469012260437,0.6367355585098267,0.9099313619767384,0.907623497140729,0.9078230954016338
388,0.9551562666893005,0.4719868004322052,0.908984363079071,0.6466758847236633,0.9109439975957373,0.9086358649690596,0.9088413889826295
389,0.955371081829071,0.4728044867515564,0.911328136920929,0.6361615061759949,0.9131265968900961,0.9109068224430663,0.9110730585831162
390,0.9530664086341858,0.4766466021537781,0.9103906154632568,0.6350382566452026,0.9118455214885118,0.9100394467983337,0.9101407254405903
391,0.9568554759025574,0.4677327275276184,0.9125781059265137,0.6287833452224731,0.9140279441586392,0.9122566956076962,0.9123302118021486
392,0.9559570550918579,0.471487820148468,0.9082812666893005,0.6420462727546692,0.9103129526599862,0.9079588942516337,0.908084988101874
393,0.9546288847923279,0.4730886220932007,0.9069530963897705,0.6459300518035889,0.9086593885071801,0.9066002502656947,0.9067024397332479
394,0.9548633098602295,0.4724128842353821,0.912890613079071,0.6271450519561768,0.9149331148609247,0.9125959079773522,0.9127266631845348
395,0.9564453363418579,0.4688541293144226,0.909375011920929,0.6321529150009155,0.9113247740629052,0.9089215255076708,0.9091687073997295
396,0.9542187452316284,0.4746473729610443,0.9090625047683716,0.6307127475738525,0.9110112459420059,0.9086915903940688,0.908825577483948
397,0.9541015625,0.4724930226802826,0.9097656011581421,0.6323816776275635,0.9112479343332478,0.9093634829637376,0.9095208004872793
398,0.9563671946525574,0.4696260392665863,0.9137499928474426,0.6245405673980713,0.9154143414914,0.9134462596882948,0.9136129631942966
399,0.9567187428474426,0.4673120081424713,0.9150000214576721,0.6264793872833252,0.9166873005730067,0.9146906205524489,0.9149168498231322
400,0.9547265768051147,0.473418265581131,0.9114843606948853,0.6347475647926331,0.913358940784315,0.91087116481653,0.9110964289239801
401,0.9553515911102295,0.47011440992355347,0.910937488079071,0.6322954893112183,0.9128702769209079,0.9102459763686415,0.910671254476894
402,0.9541211128234863,0.4746626019477844,0.9117968678474426,0.6341350674629211,0.9133880238658189,0.911461981023177,0.9115696493821082
403,0.9543163776397705,0.47388502955436707,0.9114062786102295,0.6293872594833374,0.9130631470656898,0.9109852801686973,0.9111610408543867
404,0.9565625190734863,0.4680820107460022,0.9147655963897705,0.6261550784111023,0.9165645104227225,0.9145089619310312,0.9146056472172821
405,0.9564843773841858,0.46912288665771484,0.9139062762260437,0.6274406313896179,0.9153895218318586,0.9134721866736435,0.9136681516585166
406,0.9561328291893005,0.47069838643074036,0.9127343893051147,0.6367788314819336,0.9142252680219188,0.9123053308579236,0.9123333417634636
407,0.9546679854393005,0.47218045592308044,0.9141406416893005,0.6189748048782349,0.915698037461296,0.9138772058722074,0.9140092119395619
408,0.9548242092132568,0.4713567793369293,0.9118750095367432,0.6235414147377014,0.913858761525159,0.9112415359284551,0.9115325339745897
409,0.9556249976158142,0.4698182940483093,0.916796863079071,0.6179600358009338,0.9183815635098131,0.9165401142624792,0.9165584629322575
410,0.9545312523841858,0.4730975329875946,0.9118750095367432,0.6285774111747742,0.9131975545672103,0.911590223076099,0.9115845993972435
411,0.9556249976158142,0.46954837441444397,0.9139062762260437,0.6226254105567932,0.9155706820896946,0.9136499347866507,0.9137140249710012
412,0.9565039277076721,0.46575862169265747,0.9138281345367432,0.6244814395904541,0.9156300790495256,0.9135309778842494,0.9136775741818366
413,0.9544140696525574,0.46912795305252075,0.9144531488418579,0.6314015984535217,0.9163046300730113,0.9139758528583961,0.9141655284214503
414,0.9555078148841858,0.46853798627853394,0.9095312356948853,0.6305592060089111,0.9111258533309307,0.9091622907916275,0.9092917179547502
415,0.9555468559265137,0.47118890285491943,0.9128124713897705,0.6249050498008728,0.9145102272263396,0.9123819411194287,0.9125886191187363
416,0.9572656154632568,0.4648217260837555,0.912890613079071,0.6251711845397949,0.914749456417014,0.912432995574008,0.9126498542265256
417,0.9579296708106995,0.4635171592235565,0.9121875166893005,0.6236305832862854,0.9138595200058531,0.9119548599564661,0.911992280487204
418,0.9565234184265137,0.4663783311843872,0.9083593487739563,0.6403326392173767,0.9102765100609479,0.9079831860592004,0.9081367660991777
419,0.9575781226158142,0.46378493309020996,0.9153906106948853,0.6174059510231018,0.916937378452146,0.9150627037021117,0.915230339215382
420,0.9553124904632568,0.4715460240840912,0.9121875166893005,0.6306305527687073,0.9141658683976137,0.91179053195239,0.9120211559983473
421,0.954394519329071,0.4708080589771271,0.9143750071525574,0.6193674206733704,0.916320650153829,0.9138521016074073,0.9141557343809295
422,0.9537304639816284,0.4750412106513977,0.9094531536102295,0.6370887756347656,0.911122486981788,0.9089863474937167,0.9092443324040087
423,0.9557031393051147,0.46914541721343994,0.9085156321525574,0.6424427628517151,0.9102983693315584,0.9080363761803436,0.9082663616151854
424,0.9561328291893005,0.46955186128616333,0.9110937714576721,0.6361356377601624,0.9129345983145709,0.9107333921739533,0.9108663893523377
425,0.956347644329071,0.4662136435508728,0.9155468940734863,0.6343206167221069,0.9172647952818268,0.9152433064058477,0.9153318691048846
426,0.955761730670929,0.46909916400909424,0.9159374833106995,0.6125021576881409,0.9177427483577574,0.9155644278066741,0.9157724933786315
427,0.9579882621765137,0.46321335434913635,0.9122655987739563,0.6311673521995544,0.9140293573123477,0.911845483776702,0.9119549452152088
428,0.9583789110183716,0.46047770977020264,0.9157031178474426,0.614739179611206,0.917717625542392,0.9154209612397265,0.9155939602070768
429,0.9586523175239563,0.4626818597316742,0.914843738079071,0.618198812007904,0.9163402350485156,0.9143392737372328,0.9144741436306605
430,0.9563281536102295,0.46634823083877563,0.9117187261581421,0.6266964077949524,0.9133756796435576,0.911263167733491,0.9114671203148738
431,0.955859363079071,0.4669167995452881,0.9122655987739563,0.6232491135597229,0.9141952958032582,0.91174873522194,0.9119557245553245
432,0.9562109112739563,0.4689699411392212,0.9137499928474426,0.6164289712905884,0.9152691430490181,0.913354605175726,0.9133226554881883
433,0.9535351395606995,0.4724208414554596,0.9169531464576721,0.6154258847236633,0.9187371975607743,0.916612180526024,0.9166701873002495
434,0.9541211128234863,0.4717075228691101,0.9177343845367432,0.6111600399017334,0.9196672793047729,0.9174203575832683,0.917637218324088
435,0.9534375071525574,0.47589871287345886,0.9175000190734863,0.6154608130455017,0.9191822067072926,0.9172931957455288,0.9174227485722708
436,0.9560351371765137,0.4693971872329712,0.9156249761581421,0.6129721999168396,0.9173050983616351,0.9153206030392885,0.9154122721736215
437,0.9553320407867432,0.4691045880317688,0.9192968606948853,0.6175554394721985,0.9209103780486985,0.9188111105613332,0.9190565435899072
438,0.9566211104393005,0.4697575867176056,0.9142968654632568,0.6233941912651062,0.9161997450731287,0.9138562466853515,0.914035359245263
439,0.9555468559265137,0.4684731364250183,0.9138281345367432,0.6193131804466248,0.9158120222678524,0.9132395612953195,0.9134706136899502
440,0.9568945169448853,0.4654580354690552,0.9128124713897705,0.622814953327179,0.9144289784000343,0.9123681464357764,0.9124445034493183
441,0.9570116996765137,0.4669063985347748,0.9142968654632568,0.6122944951057434,0.9159636571579934,0.9139327047204759,0.9140670444502389
442,0.9561718702316284,0.4669857323169708,0.916796863079071,0.6103807091712952,0.9186040187625464,0.9163286429073983,0.9166058636831891
443,0.9548633098602295,0.47174566984176636,0.916015625,0.6139820218086243,0.9174111498459692,0.9154211736522577,0.915616515964607
444,0.9567187428474426,0.46251150965690613,0.919140636920929,0.6078352928161621,0.9208924120732808,0.9187528797439395,0.9189256708921874
445,0.9579101800918579,0.46080777049064636,0.9085156321525574,0.637443482875824,0.9106528996226786,0.9077714914806765,0.9080306112539736
446,0.957324206829071,0.46080252528190613,0.913281261920929,0.6216887831687927,0.9150070646064927,0.9130693517025261,0.9131380254338787
447,0.9574804902076721,0.4620591104030609,0.9153125286102295,0.6182777285575867,0.9169696558392135,0.915031810430132,0.9151272624897739
448,0.9587500095367432,0.4574800431728363,0.9119531512260437,0.629459798336029,0.9138092909586735,0.9115431453903933,0.9116397544263584
449,0.9578906297683716,0.46206122636795044,0.914843738079071,0.6228042840957642,0.9166324149693155,0.9144234557798236,0.9146351012411762
450,0.9568554759025574,0.4663103222846985,0.9164843559265137,0.6082251071929932,0.9182272310540283,0.9160095287155041,0.9161635797110581
451,0.9585546851158142,0.4559420347213745,0.914843738079071,0.6206380128860474,0.9165592062691956,0.9143878049829641,0.9145140831130572
452,0.9578906297683716,0.46012112498283386,0.9192187786102295,0.6133904457092285,0.9207746884245327,0.9188848837498672,0.9190227227260878
453,0.9562695026397705,0.4664995074272156,0.9147655963897705,0.620736837387085,0.9165684168299049,0.9144563164449754,0.9145636872097638
454,0.9549999833106995,0.46923983097076416,0.9145312309265137,0.6223800778388977,0.9162426622076446,0.914164787891981,0.9143481379962975
455,0.9559570550918579,0.4641157388687134,0.9153906106948853,0.6192761063575745,0.9168830071903993,0.9149742054154049,0.9151218305631337
456,0.9527343511581421,0.4731835424900055,0.9114843606948853,0.6269762516021729,0.9129539923589625,0.9110296133444207,0.9111984040179172
457,0.9542773365974426,0.47327569127082825,0.9193750023841858,0.6132384538650513,0.9208363049642712,0.9188895899696906,0.9190872969323775
458,0.9574804902076721,0.4616656005382538,0.9145312309265137,0.6182773113250732,0.9160704777719351,0.9142134577494208,0.9143535653370676
459,0.9555273652076721,0.46775397658348083,0.9160937666893005,0.6228848099708557,0.9176711725290756,0.9157656382949497,0.9158842134777918
460,0.9579882621765137,0.46134713292121887,0.917187511920929,0.6088902354240417,0.9189290675958623,0.9167617476589753,0.9169673779163546
461,0.9574999809265137,0.46073248982429504,0.9190624952316284,0.6145468354225159,0.9206225044403724,0.9186953637213984,0.9188073162399002
462,0.9583789110183716,0.459311842918396,0.9176562428474426,0.614779531955719,0.919389302352611,0.9170263817983362,0.9173093575780339
463,0.9586132764816284,0.4591679275035858,0.9161718487739563,0.6198616027832031,0.9176981509342341,0.9157151448800829,0.9158638876805942
464,0.9569726586341858,0.4623395502567291,0.9209374785423279,0.6021864414215088,0.9226642693551568,0.9208063645213722,0.9208740713300155
465,0.9580468535423279,0.4593622088432312,0.9142187237739563,0.6196410059928894,0.9160182565547955,0.9140252157100001,0.9141673182077308
466,0.9581445455551147,0.45985373854637146,0.9183593988418579,0.6037284135818481,0.9198425854711891,0.9180166572458659,0.9181342722351331
467,0.9579101800918579,0.45759469270706177,0.9163281321525574,0.6040273904800415,0.9174416470624722,0.915923307730154,0.9159903738188543
468,0.9558984637260437,0.46471595764160156,0.9150000214576721,0.6112664341926575,0.9165165618523655,0.9145071464000852,0.9146770911839686
469,0.9573633074760437,0.4629988372325897,0.9146093726158142,0.6137321591377258,0.9162706779238872,0.9140815475479415,0.914264778887726
470,0.9565625190734863,0.46161961555480957,0.9166406393051147,0.6172844171524048,0.9185451616250011,0.9162402706332582,0.9164213111801466
471,0.9571874737739563,0.46280938386917114,0.9125000238418579,0.6273945569992065,0.9143702579301977,0.9120852394906378,0.9122470385574304
472,0.9580273628234863,0.4573124945163727,0.9186718463897705,0.6079028844833374,0.9201367042573346,0.9181182393379524,0.918355527320802
473,0.9573633074760437,0.4586537182331085,0.9172656536102295,0.6117366552352905,0.9190167931442468,0.91693120436909,0.9170557544289101
474,0.955371081829071,0.46438732743263245,0.9129687547683716,0.6191412210464478,0.9146564499696328,0.9126774681858079,0.9127845525785538
475,0.9549609422683716,0.46751949191093445,0.9121875166893005,0.6178652048110962,0.9139680889883314,0.9117153888938316,0.911911278661123
476,0.9558984637260437,0.4649357497692108,0.9146093726158142,0.6190418004989624,0.9161951211297031,0.9140617402187627,0.914303125243277
477,0.9546484351158142,0.467232882976532,0.9160937666893005,0.6188937425613403,0.917799022127579,0.9157561894198498,0.9159524195494356
478,0.9566601514816284,0.4628489017486572,0.9117968678474426,0.6331841349601746,0.9133241435999112,0.9113401623602414,0.9114280791125196
479,0.956738293170929,0.4621155560016632,0.9188281297683716,0.6129466891288757,0.920622971963899,0.9184454765457779,0.9186292500080115
480,0.9568750262260437,0.45929935574531555,0.9184374809265137,0.6142446994781494,0.9202789433453813,0.9180187690636259,0.9182421439536872
481,0.9577343463897705,0.46060970425605774,0.9185937643051147,0.6079483032226562,0.9200442754616658,0.917980783794728,0.918205935367228
482,0.9591405987739563,0.456542044878006,0.9173437356948853,0.6136886477470398,0.9187896922750503,0.9170333219814035,0.9170752670129543
483,0.9546093940734863,0.4697393774986267,0.9182031154632568,0.6118230223655701,0.9197799052540803,0.9177354762967396,0.917930380085922
484,0.95556640625,0.46761393547058105,0.9213281273841858,0.6067283153533936,0.9229144120939394,0.9209531179486811,0.9211618706072158
485,0.9562304615974426,0.4626769721508026,0.923828125,0.5956665277481079,0.9255806899933312,0.9235220880644766,0.9237542447939225
486,0.9571093916893005,0.4637373983860016,0.9177343845367432,0.6041625142097473,0.9192842223441721,0.9175607313359058,0.9175885848679687
487,0.9559570550918579,0.4646882116794586,0.9195312261581421,0.6050815582275391,0.921297693194095,0.9189539596760119,0.9192529817156817
488,0.9546874761581421,0.46801018714904785,0.9178125262260437,0.6083791255950928,0.9193836558218919,0.9174169210947773,0.9175982793590202
489,0.9576953053474426,0.46157941222190857,0.9225780963897705,0.6018106937408447,0.9242124828510805,0.9219623600824567,0.9222825307859069
490,0.955078125,0.46487224102020264,0.9153125286102295,0.6171401143074036,0.9168043188997235,0.9147599965851005,0.9150361881944629
491,0.9576562643051147,0.46183711290359497,0.919921875,0.6063461899757385,0.9214194142427184,0.9194940894963477,0.9197668027304216
492,0.95849609375,0.45925670862197876,0.9196875095367432,0.6095826029777527,0.9213825613193087,0.9191947103636984,0.9194447483219232
493,0.9579882621765137,0.4592251479625702,0.918749988079071,0.6120862364768982,0.9202739379890871,0.9182567904466277,0.9184736915119545
494,0.9569922089576721,0.4619324803352356,0.9182031154632568,0.6169039011001587,0.9198930914434384,0.9176605171741306,0.9179149736736776
495,0.9562109112739563,0.4640544056892395,0.9192968606948853,0.6073806285858154,0.9206205810985149,0.9189098555676568,0.9189728171049587
496,0.9568945169448853,0.46247607469558716,0.9216406345367432,0.6111396551132202,0.9228836989520568,0.9212255979907356,0.9213851528960562
497,0.9573827981948853,0.4590093493461609,0.9174218773841858,0.6179299354553223,0.9190935405757896,0.9171506167367779,0.917246253591384
498,0.9583203196525574,0.4599665105342865,0.9220312237739563,0.6037129759788513,0.9235869488398627,0.9217904976506208,0.9219838323350529
499,0.9581249952316284,0.45642825961112976,0.9209374785423279,0.6079709529876709,0.9228829681191535,0.9204101485226099,0.9207628301970185
500,0.9567187428474426,0.46030887961387634,0.9127343893051147,0.622104287147522,0.9143029105692527,0.9121725760319748,0.9122978141601266
501,0.9569922089576721,0.4625837206840515,0.916015625,0.6045551896095276,0.9175393545974495,0.915731064570612,0.9158394216125197
502,0.9572460651397705,0.4601764380931854,0.9182031154632568,0.6055288910865784,0.9196149230078321,0.9179000272360406,0.9179877891755812
503,0.9581249952316284,0.45816555619239807,0.91796875,0.6095869541168213,0.919768600808593,0.9175506990661724,0.9177795230223548
504,0.9590039253234863,0.4603213369846344,0.9160937666893005,0.6054335236549377,0.9175964017539415,0.9157433547356018,0.9157512849534029
505,0.9590234160423279,0.4573756158351898,0.9223437309265137,0.5926114320755005,0.9239223785306567,0.922015622320047,0.922150165502735
506,0.9557421803474426,0.4611367881298065,0.9194531440734863,0.5991504192352295,0.9205774314319932,0.9190541224046193,0.9190992172441438
507,0.9568945169448853,0.4618947207927704,0.9223437309265137,0.6017545461654663,0.9239820773016687,0.922066589118122,0.9221232457533673
508,0.9571484327316284,0.4608209729194641,0.91796875,0.6064713001251221,0.9197714021472236,0.9173764188621361,0.9177153099149008
509,0.9565820097923279,0.4623081088066101,0.9185156226158142,0.5998280644416809,0.9200237132260197,0.9182322384744628,0.9183472452440933
510,0.9570898413658142,0.45937955379486084,0.9181249737739563,0.5992704629898071,0.920009854639993,0.9178584467744326,0.9180009095390063
511,0.9559179544448853,0.4666464328765869,0.9159374833106995,0.6097455024719238,0.9177073846627413,0.9157219420624005,0.9158862912742851
512,0.9564257860183716,0.46318209171295166,0.9189843535423279,0.6124844551086426,0.920540000427678,0.9187273799313436,0.9188118681996059
513,0.9583984613418579,0.46221888065338135,0.9223437309265137,0.5923770070075989,0.9240266824363353,0.9220999502581932,0.9222311137156093
514,0.9580273628234863,0.45778101682662964,0.9203906059265137,0.6019660234451294,0.9221270391383332,0.9200308097852217,0.9201628615151067
515,0.9568164348602295,0.4594486653804779,0.9248437285423279,0.5853351950645447,0.9264180968150487,0.924623168453248,0.9246752185026489
516,0.9574609398841858,0.4599742591381073,0.9244531393051147,0.5994391441345215,0.9260278775145154,0.924138911352624,0.9242629645017273
517,0.9576953053474426,0.4615758955478668,0.9214062690734863,0.598447859287262,0.9229639939210442,0.9210565860772848,0.9212281584094489
518,0.9571874737739563,0.46038636565208435,0.9192187786102295,0.5980890393257141,0.9210340127128536,0.9187749299419117,0.9190546476953644
519,0.9575781226158142,0.45681071281433105,0.9185156226158142,0.600692629814148,0.9202212763553077,0.918232554645712,0.918347861347343
520,0.958300769329071,0.4558994174003601,0.9180468916893005,0.6120292544364929,0.9198534438478327,0.9177244604909061,0.9178945784406176
521,0.9600781202316284,0.4527623653411865,0.9213281273841858,0.5916342735290527,0.9229292624423483,0.9209792197823469,0.9210997917298146
522,0.9578710794448853,0.45707961916923523,0.918749988079071,0.6047508120536804,0.9203628367473464,0.918478433336309,0.9185858394049708
523,0.9593554735183716,0.45254096388816833,0.9208593964576721,0.5991455912590027,0.9230760229379685,0.9204776808056978,0.9206890292818699
524,0.9579492211341858,0.45743846893310547,0.9185156226158142,0.5986374020576477,0.9202278515656848,0.9180714269309863,0.918203979821242
525,0.9564648270606995,0.46042582392692566,0.9255468845367432,0.5897811651229858,0.9271852003102223,0.9251390938279765,0.925345451647944
526,0.9581445455551147,0.45787185430526733,0.9203125238418579,0.5981379151344299,0.9222675183804561,0.9199103016419814,0.9200750044591197
527,0.9585156440734863,0.4579390287399292,0.9173437356948853,0.6048745512962341,0.9190161705015638,0.9171054550752703,0.9171474037755158
528,0.9585937261581421,0.4582289159297943,0.9202343821525574,0.5921807289123535,0.9217579468793673,0.9200857745731437,0.9201112530586883
529,0.9572656154632568,0.4574420154094696,0.9214843511581421,0.6042840480804443,0.9234478998666988,0.9209431565530013,0.92125693885374
530,0.9565234184265137,0.46219485998153687,0.919921875,0.6032149791717529,0.9215797676011837,0.9194438362904447,0.9196716776864458
531,0.9564843773841858,0.46083149313926697,0.9212499856948853,0.5960118770599365,0.9227640555144225,0.9209271284393816,0.9211093122167643
532,0.9576171636581421,0.45751452445983887,0.9232031106948853,0.5990979671478271,0.9247898562701544,0.9227353393876212,0.9229756189989201
533,0.9589648246765137,0.452813982963562,0.9215624928474426,0.5968297719955444,0.9230587439432623,0.9211386265268298,0.9213157941097186
534,0.9577929973602295,0.4558282494544983,0.9225780963897705,0.6016639471054077,0.9239542692998854,0.9219900861638846,0.9222811283205072
535,0.9560546875,0.45887869596481323,0.9192968606948853,0.6000940203666687,0.9210994358701039,0.9190303783106616,0.9192433351690891
536,0.956738293170929,0.45780327916145325,0.9205468893051147,0.6077942252159119,0.9223684381596974,0.9202617811635417,0.9204252242457527
537,0.9552148580551147,0.4650956690311432,0.9209374785423279,0.60340815782547,0.9224181950397848,0.920548346376585,0.9207786983889628
538,0.9575585722923279,0.45780423283576965,0.9182031154632568,0.6119204759597778,0.9203153522972263,0.9179064761391464,0.9181261612377061
539,0.9600585699081421,0.44962936639785767,0.9207812547683716,0.5893830060958862,0.9228976926695693,0.9203800541567939,0.9206284070213251
540,0.9583593606948853,0.45271754264831543,0.9210156202316284,0.5940387845039368,0.9229578274217002,0.9206647406027806,0.9209473463790381
541,0.9577538967132568,0.45753100514411926,0.921875,0.5964217185974121,0.9235088869920639,0.9215711785354422,0.9216617820943158
542,0.9561132788658142,0.4626924991607666,0.921093761920929,0.5965977311134338,0.9226298985762589,0.9208871091998805,0.9209585774336689
543,0.9569140672683716,0.45970019698143005,0.9221875071525574,0.5933743715286255,0.9238872941233267,0.9218138307062226,0.9220808249933234
544,0.955371081829071,0.4630241394042969,0.9250781536102295,0.5863316655158997,0.926589849675042,0.9244659775940058,0.9248101766574787
545,0.9566406011581421,0.4603540301322937,0.9219531416893005,0.6051128506660461,0.9235867199639692,0.9216001924935789,0.9217894144481861
546,0.9575585722923279,0.45758193731307983,0.9236719012260437,0.5886277556419373,0.9254084827733136,0.9232901304469423,0.9234986536032493
547,0.9591405987739563,0.45494797825813293,0.9242187738418579,0.5950113534927368,0.9259324690173021,0.923672648394408,0.923991484743288
548,0.9583984613418579,0.4558691084384918,0.9219531416893005,0.595403790473938,0.9231935257675874,0.9216847255066258,0.9216760719990731
549,0.958691418170929,0.45295363664627075,0.9229687452316284,0.5940319895744324,0.9245280178343562,0.9225030085456978,0.9226987282090631
550,0.9585546851158142,0.45374470949172974,0.9192968606948853,0.6118299961090088,0.9209778889647398,0.9189856832365983,0.9190975623416098
551,0.9572460651397705,0.4594731032848358,0.9188281297683716,0.6009182929992676,0.9204177062408989,0.9184899581212289,0.9185432679524047
552,0.9564648270606995,0.45868194103240967,0.9228125214576721,0.5959165692329407,0.9244831797988787,0.9221651455823715,0.9225011839649246
553,0.956347644329071,0.4622799754142761,0.9184374809265137,0.6060664057731628,0.9197939410106561,0.917810870293209,0.9180362749091884
554,0.9562890529632568,0.4610113501548767,0.9200000166893005,0.6033397912979126,0.9215040770784688,0.9195091417015027,0.9196818334165138
555,0.9582812786102295,0.45622363686561584,0.9182031154632568,0.6000748872756958,0.9196909327659579,0.9176733517476444,0.917881550693914
556,0.9569336175918579,0.45963218808174133,0.9181249737739563,0.6157235503196716,0.9195146802641964,0.9175910409107435,0.9177598038210498
557,0.9566797018051147,0.4606409966945648,0.9190624952316284,0.6085473895072937,0.9208216585616831,0.9187055041928395,0.9188984470278315
558,0.9578710794448853,0.457965612411499,0.9190624952316284,0.6132789254188538,0.9207570412217198,0.918639549625448,0.9188330048275826
559,0.9587304592132568,0.4569644033908844,0.9201562404632568,0.5918989777565002,0.9218626249362798,0.9196942459669795,0.919964057688162
560,0.9602929949760437,0.45142075419425964,0.9207812547683716,0.5984989404678345,0.9225417053009224,0.9203489862972991,0.9206252472161915
561,0.9588867425918579,0.4547434151172638,0.9217187762260437,0.5970951318740845,0.9232263934488357,0.9213011674531768,0.921501075446084
562,0.9595702886581421,0.450641930103302,0.9217968583106995,0.6025079488754272,0.923442854129888,0.9212852542940486,0.9216018108194399
563,0.9589257836341858,0.4520752429962158,0.9221875071525574,0.5908998250961304,0.9237089407940736,0.9216265146111613,0.9218454265137748
564,0.9572070240974426,0.45779114961624146,0.9221875071525574,0.5964357852935791,0.9240200899968678,0.9218504938922136,0.9220456065050082
565,0.9610937237739563,0.44717979431152344,0.9210156202316284,0.5937967896461487,0.922841845760928,0.920496710546902,0.9207976388772519
566,0.959179699420929,0.4527886211872101,0.9220312237739563,0.589385986328125,0.9232951836910874,0.9217164443726729,0.9218230938929289
567,0.958789050579071,0.4523676633834839,0.9242968559265137,0.5904505252838135,0.9260979525878292,0.9239263069066233,0.9241840524036974
568,0.9587695598602295,0.4551135301589966,0.9234374761581421,0.5845803022384644,0.9246633249065084,0.923055754332696,0.9232164603375059
569,0.9582421779632568,0.45413559675216675,0.9244531393051147,0.5859599709510803,0.9261123379259604,0.9242430826049164,0.9243955600092592
570,0.9596093893051147,0.45165783166885376,0.9203125238418579,0.5971859097480774,0.9217653475978259,0.9199058061656237,0.9200534430753492
571,0.9586328268051147,0.45144757628440857,0.919921875,0.6024757623672485,0.9213504648713637,0.9194212473859785,0.9195846903810048
572,0.9581054449081421,0.45485907793045044,0.9200780987739563,0.5936119556427002,0.9217727532799607,0.9197071512571489,0.9199658996255996
573,0.95849609375,0.453212171792984,0.9231250286102295,0.590550422668457,0.924438926952242,0.9225946117021722,0.922855944694178
574,0.9581445455551147,0.4557543992996216,0.9229687452316284,0.5971390008926392,0.9244564934723315,0.9225417766241985,0.9227938878879203
575,0.9570116996765137,0.4580436050891876,0.918749988079071,0.6008991003036499,0.9203949949372565,0.9181860672363333,0.91845760020858
576,0.9574999809265137,0.4595329165458679,0.9267187714576721,0.585330605506897,0.9283656485565803,0.9263412967848447,0.9265276647565933
577,0.9571679830551147,0.4586679935455322,0.9213281273841858,0.5981042385101318,0.9225225804168254,0.9209127454440746,0.9210710209051562
578,0.9565039277076721,0.4602702856063843,0.9232812523841858,0.5879324078559875,0.9247697416458946,0.922738188855737,0.9229447675040517
579,0.9590234160423279,0.4526214897632599,0.9264843463897705,0.5818864703178406,0.9276765368183431,0.9260672800547494,0.9261724785661808
580,0.9576562643051147,0.45655596256256104,0.9202343821525574,0.5926117897033691,0.9219158779148561,0.9197525840279763,0.9200177381750263
581,0.9599218964576721,0.45112818479537964,0.9217968583106995,0.5912981629371643,0.9233883431546781,0.9214311604042972,0.921621553015193
582,0.9593554735183716,0.4469541907310486,0.92578125,0.5787926316261292,0.927188090783836,0.9253576217310453,0.9255689827542236
583,0.9621484279632568,0.44351035356521606,0.9237499833106995,0.5759602189064026,0.9253430669712754,0.9232883944354462,0.9235132792651879
584,0.9620507955551147,0.44555947184562683,0.920703113079071,0.5920173525810242,0.922466806855085,0.9201383017598495,0.920490804514182
585,0.9601757526397705,0.446420818567276,0.9204687476158142,0.597923994064331,0.922162364251516,0.9199953490521239,0.9202414737529843
586,0.9562695026397705,0.45464420318603516,0.9213281273841858,0.598122239112854,0.923167427421385,0.9210459962111859,0.9212619257537689
587,0.9572070240974426,0.455188512802124,0.9242968559265137,0.5898439288139343,0.9258055141494221,0.9240978307520098,0.924148800341267
588,0.9579687714576721,0.4536793828010559,0.922656238079071,0.5902627110481262,0.9242975266017082,0.9223743999098777,0.9224858056912182
589,0.958691418170929,0.454726904630661,0.9210156202316284,0.5987404584884644,0.9225392497876617,0.9205492035251357,0.9206310635192403
590,0.9574218988418579,0.4557753801345825,0.9249218702316284,0.5883910655975342,0.9263826596837574,0.9245607525936872,0.9247131927406926
591,0.9572851657867432,0.45943135023117065,0.9241406321525574,0.5899584889411926,0.9256190355368759,0.923732257366134,0.9238367427885215
592,0.9578906297683716,0.45355841517448425,0.9184374809265137,0.6016335487365723,0.919818525529724,0.9182513794343586,0.9183255095355328
593,0.9567187428474426,0.45727822184562683,0.9200000166893005,0.5994325876235962,0.9216880722393965,0.9196895957538331,0.91987725233707
594,0.956347644329071,0.4588008522987366,0.924609363079071,0.5956560969352722,0.926602945538417,0.9242358991672142,0.924467460149583
595,0.9566797018051147,0.45759230852127075,0.9217187762260437,0.6006507873535156,0.9233463136759339,0.9212805410942977,0.9214560527284299
596,0.9590429663658142,0.45017746090888977,0.9253906011581421,0.591518759727478,0.9271793722213514,0.9250706216493465,0.9252583489201853
597,0.9589257836341858,0.4526366889476776,0.9229687452316284,0.5935942530632019,0.924676122003656,0.9226666281390143,0.9228387130253205
598,0.9610156416893005,0.4461378753185272,0.9257031083106995,0.5800529718399048,0.9271379065762106,0.9253956123560119,0.9256138162835468
599,0.958300769329071,0.45329803228378296,0.9234374761581421,0.5898615121841431,0.924993256669133,0.9229336145147745,0.9232471534328073
600,0.9565039277076721,0.4573339819908142,0.9203906059265137,0.6001172661781311,0.9219622932233063,0.9200018403102148,0.9201929568253746
601,0.9575390815734863,0.4574897289276123,0.9257031083106995,0.585718035697937,0.9271929813519524,0.9251050574084076,0.9253720223019217
602,0.9578320384025574,0.455313503742218,0.9228906035423279,0.5918822288513184,0.9246636485248223,0.9224796024871524,0.9226510563545788
603,0.956835925579071,0.45627373456954956,0.9232812523841858,0.5981087684631348,0.9251089838408072,0.9227542138507077,0.9230106813182025
604,0.9605078101158142,0.44961753487586975,0.9260937571525574,0.5868723392486572,0.9273828096929322,0.925786351832627,0.9258607593897324
605,0.960253894329071,0.44981613755226135,0.9292968511581421,0.581128716468811,0.9306598509553015,0.9288321569280235,0.9289591641399351
606,0.9601953029632568,0.4467305839061737,0.9249218702316284,0.585567831993103,0.9264426738744216,0.9245062730986863,0.9247361258832543
607,0.9590625166893005,0.44932064414024353,0.9279687404632568,0.5851808786392212,0.9294027470209902,0.9275554673134121,0.9276615120923587
608,0.9602148532867432,0.44742271304130554,0.9239062666893005,0.5872080326080322,0.9250933535926418,0.9234771466497553,0.9235932294194376
609,0.9599999785423279,0.44985470175743103,0.9251562356948853,0.5842722058296204,0.9264425689919289,0.9245328145629652,0.9247359529067272
610,0.9581835865974426,0.45307549834251404,0.9225780963897705,0.5877726674079895,0.9240554027344088,0.9223150733457091,0.922475358705183
611,0.9571874737739563,0.4543806314468384,0.9224218726158142,0.591193437576294,0.9239386621202844,0.922105140561838,0.9222074740747159
612,0.9603906273841858,0.4493638575077057,0.9256250262260437,0.5862535238265991,0.9272960685536498,0.9252804357547375,0.9254809883062727
613,0.9575390815734863,0.45472168922424316,0.9234374761581421,0.5912476778030396,0.925175364459283,0.9229952499771956,0.9232237431225441
614,0.9581249952316284,0.4547049403190613,0.918749988079071,0.5996622443199158,0.9205250124808932,0.9182749192741504,0.9184553362246048
615,0.95849609375,0.44909194111824036,0.9241406321525574,0.57961505651474,0.9255720108984551,0.9238464248696819,0.9239418072236332
616,0.9589648246765137,0.4524265229701996,0.9224218726158142,0.583215594291687,0.9237683417940408,0.9222487827550025,0.9223074657645352
617,0.9578320384025574,0.4530423879623413,0.9221875071525574,0.5882629156112671,0.9236867824999132,0.9217207714603493,0.9219062220711384
618,0.9589257836341858,0.45188698172569275,0.9247656464576721,0.5834870338439941,0.9264938022396485,0.9244558158291162,0.9246352187606058
619,0.9594922065734863,0.44973745942115784,0.9248437285423279,0.5807536244392395,0.9261907056921178,0.924331185859177,0.9244996051153027
620,0.9602929949760437,0.4453597664833069,0.9248437285423279,0.5865750312805176,0.9265172768506607,0.9244386839448797,0.9246081242952713
621,0.9600195288658142,0.4469209611415863,0.9258593916893005,0.5756272077560425,0.9273135154142339,0.9254484632980832,0.9256306239186306
622,0.9578515887260437,0.44963932037353516,0.9254687428474426,0.585712730884552,0.9267891520346287,0.925157235461493,0.9251549096447118
623,0.9577734470367432,0.4545174539089203,0.9221875071525574,0.5870779156684875,0.9242828702261345,0.921759720304569,0.9220706983247702
624,0.9599218964576721,0.45220279693603516,0.9200000166893005,0.6036202907562256,0.9219405021185406,0.9195918811647947,0.9198499037017003
625,0.9576757550239563,0.45242783427238464,0.9220312237739563,0.5898305773735046,0.9238105562795345,0.9218871020494073,0.9219739872818026
626,0.9574804902076721,0.4542897045612335,0.923046886920929,0.5907955765724182,0.9247090643005698,0.9226204779208919,0.9228310093006884
627,0.9573437571525574,0.45826175808906555,0.9264843463897705,0.581872284412384,0.9282679197246091,0.9260382346177493,0.9263021709973501
628,0.9581640362739563,0.45412757992744446,0.9243749976158142,0.5922437906265259,0.9260172941660989,0.9239006902403416,0.9241580155473479
629,0.9590429663658142,0.45084214210510254,0.9248437285423279,0.5865440964698792,0.9263383734011752,0.9244851424543052,0.9246493938955537
630,0.9580273628234863,0.4519650340080261,0.9239843487739563,0.5833744406700134,0.9258749996084934,0.923582377832713,0.9238665110450208
631,0.9602344036102295,0.4480479061603546,0.9213281273841858,0.5874303579330444,0.922798110850806,0.9208969748037634,0.9210335529390015
632,0.9585937261581421,0.45006221532821655,0.9260156154632568,0.581481397151947,0.9275724254717155,0.925806010052584,0.9259816267373387
633,0.9583203196525574,0.4494882822036743,0.9239843487739563,0.587643027305603,0.9254901715192052,0.9236652611331788,0.9238463756672394
634,0.958984375,0.4492740333080292,0.9239062666893005,0.5920431017875671,0.925453013901349,0.9233808338527023,0.9236230037015651
635,0.9609570503234863,0.4449612498283386,0.9206249713897705,0.5911644101142883,0.9218842051626723,0.9204807821994545,0.9203907186643082
636,0.960644543170929,0.44541844725608826,0.927734375,0.5779997110366821,0.9289747049076134,0.9275603026435753,0.9276077637840506
637,0.9585156440734863,0.44919902086257935,0.9282031059265137,0.5748428702354431,0.9295436974854758,0.9278481450499576,0.9279726895714449
638,0.9580664038658142,0.45444539189338684,0.9252343773841858,0.5811809301376343,0.9265786796495701,0.9248724916154685,0.9249692235665326
639,0.9599999785423279,0.4471631646156311,0.921093761920929,0.5824253559112549,0.9225655466988842,0.9207437390270529,0.9208287405084851
640,0.9599609375,0.4481496512889862,0.9242968559265137,0.5890367031097412,0.9261384043734631,0.924138131561591,0.9242829199825833
641,0.9593945145606995,0.4504980444908142,0.923828125,0.5906428694725037,0.9259428070211331,0.9235453934423462,0.9236750136071128
642,0.9582617282867432,0.44810017943382263,0.9229687452316284,0.5898715853691101,0.9243157324170442,0.9226189144313681,0.9227290845888605
643,0.9596288800239563,0.4474828243255615,0.9208593964576721,0.595670223236084,0.9221838504655153,0.920562819387718,0.920627724765565
644,0.9590234160423279,0.44785526394844055,0.92578125,0.5858673453330994,0.92688591417043,0.9256265566375952,0.9255563063640113
645,0.9586132764816284,0.44993823766708374,0.9236719012260437,0.5834612846374512,0.925532051849151,0.9234467283047285,0.9235519991045431
646,0.9598437547683716,0.4476361870765686,0.9222656488418579,0.5878002643585205,0.9239105763292035,0.9219649627373909,0.9220605993645086
647,0.9603124856948853,0.44292914867401123,0.9249218702316284,0.5783188939094543,0.9262199193990965,0.924312775624582,0.9244908786652148
648,0.9583398699760437,0.45015057921409607,0.9263281226158142,0.5785263776779175,0.9276694649436489,0.9259721275795332,0.9261114160560554
649,0.9579101800918579,0.451298326253891,0.9185937643051147,0.6082515120506287,0.9198877585536727,0.9182035077565879,0.9183087509112681
650,0.9577929973602295,0.4507867097854614,0.9219531416893005,0.5909388065338135,0.9236213949111809,0.9217129382938121,0.9217986435191228
651,0.9611718654632568,0.4413691759109497,0.9244531393051147,0.5895917415618896,0.9257341471244077,0.9243247766987811,0.9242940012241232
652,0.9589257836341858,0.44672486186027527,0.9253906011581421,0.5815755128860474,0.9269528966030203,0.9250319316453147,0.9252920082018057
653,0.9578515887260437,0.45425283908843994,0.9240624904632568,0.581411600112915,0.9253672923308682,0.9237259648450006,0.9238607555317699
654,0.9580664038658142,0.4535757005214691,0.9274218678474426,0.5769960284233093,0.9287193578749278,0.9271467726459044,0.927264049903548
655,0.9580664038658142,0.45503532886505127,0.92578125,0.5824161171913147,0.9275053962669814,0.9254864286319309,0.9257580362713937
656,0.9579882621765137,0.4529983103275299,0.9223437309265137,0.5917755365371704,0.9240319237272552,0.9220352952834119,0.9221844450236966
657,0.9598047137260437,0.4443667531013489,0.9263281226158142,0.5810464024543762,0.9280116291495731,0.9259890155863694,0.9261168086413154
658,0.9621288776397705,0.4397500157356262,0.9211719036102295,0.590894341468811,0.923060353414633,0.9208155253358239,0.9209730027830734
659,0.9601953029632568,0.44475680589675903,0.9271093606948853,0.5815863609313965,0.9287852361460043,0.9268258578891195,0.9269999069211761
660,0.9618750214576721,0.43962833285331726,0.9257031083106995,0.5913045406341553,0.9272680941117861,0.9253001096056321,0.9254527474810862
661,0.9604101777076721,0.44332557916641235,0.9239062666893005,0.5912212133407593,0.9254870363842163,0.9235205101309037,0.9236981053360354
662,0.9591211080551147,0.4457884132862091,0.9245312213897705,0.5846887826919556,0.9257102616587376,0.9241309540661422,0.9241997089983576
663,0.9574999809265137,0.4470441937446594,0.9211719036102295,0.5911200046539307,0.9230607016467476,0.9209056677731275,0.9209445589580744
664,0.960253894329071,0.4459795653820038,0.9232812523841858,0.5883861780166626,0.9251373117189029,0.9228495269255236,0.9231524351079363
665,0.957324206829071,0.4498556852340698,0.9260937571525574,0.5812298059463501,0.9276740111094698,0.9257312401208606,0.9258973452843866
666,0.9581835865974426,0.4516710638999939,0.9224218726158142,0.5805726051330566,0.9240603766604207,0.92200815310147,0.9220980154002844
667,0.9567187428474426,0.4544222354888916,0.9217187762260437,0.5866003632545471,0.9238475226867077,0.9212516353866065,0.9215404173757338
668,0.9568945169448853,0.4533407986164093,0.923828125,0.5848836302757263,0.9256612529936152,0.9233298977585016,0.9235876626400987
669,0.9587304592132568,0.45125752687454224,0.9245312213897705,0.5901029109954834,0.926752687022565,0.9239418012382856,0.9243204758703338
670,0.9586523175239563,0.4469340443611145,0.9256250262260437,0.5807133316993713,0.9274200826256283,0.9252844318268427,0.9254964115212951
671,0.9576171636581421,0.45253077149391174,0.9275000095367432,0.575690746307373,0.9290637190998314,0.9270396465327176,0.927261758686456
672,0.9600195288658142,0.44734036922454834,0.926562488079071,0.5811069011688232,0.9283098504597986,0.9261140521670748,0.9264201929345837
673,0.9591211080551147,0.44797706604003906,0.9274218678474426,0.5746291875839233,0.9287145529707546,0.9270314534246245,0.927203760697729
674,0.9602929949760437,0.4459041655063629,0.926953136920929,0.5762419700622559,0.9282242005842923,0.926738781355154,0.9267104359695166
675,0.961621105670929,0.441080778837204,0.9275000095367432,0.5741477012634277,0.929085118471626,0.9272011638756025,0.9273573591022506
676,0.9607617259025574,0.44172969460487366,0.9245312213897705,0.5800102353096008,0.9262332923525867,0.9240896965664317,0.9243469226436303
677,0.959179699420929,0.44800931215286255,0.9239843487739563,0.5833421349525452,0.9258723465958234,0.9236857230251471,0.9238943371987345
678,0.9591405987739563,0.44614437222480774,0.9274218678474426,0.5792770981788635,0.9292208797215651,0.9270452780818016,0.9272789726552108
679,0.9595116972923279,0.4464036822319031,0.9253906011581421,0.5820707082748413,0.9266562489908048,0.9250758425789455,0.9251597199967071
680,0.9589648246765137,0.4466230273246765,0.9253125190734863,0.5761622786521912,0.9267893245676371,0.9249893102513906,0.9251120124720293
681,0.9596874713897705,0.44270461797714233,0.9219531416893005,0.589550256729126,0.9234522664014069,0.9215838532505474,0.9217624204885895
682,0.9607812762260437,0.4423131048679352,0.9250781536102295,0.5838465690612793,0.9266386724317832,0.9246932098749687,0.9249046229147118
683,0.9591991901397705,0.4461405277252197,0.9268749952316284,0.5822473168373108,0.9285973412833823,0.9265502575561883,0.926797099434268
684,0.9596874713897705,0.44989684224128723,0.9246875047683716,0.5808461904525757,0.9263439256882217,0.9243166684096967,0.924477693629901
685,0.958203136920929,0.45060592889785767,0.9236719012260437,0.5819947719573975,0.9247929562812264,0.9232764150527877,0.9233695865487284
686,0.959667980670929,0.443252295255661,0.922656238079071,0.5920186638832092,0.9246663107862227,0.922053694642283,0.922448391508001
687,0.9578906297683716,0.44947320222854614,0.9231250286102295,0.5916944742202759,0.9245209285265763,0.9227392056991168,0.9228670255902938
688,0.958691418170929,0.44554460048675537,0.9254687428474426,0.5840662717819214,0.9270170055873503,0.9251660343238498,0.9252513191809171
689,0.9596874713897705,0.4456280767917633,0.926562488079071,0.5779716372489929,0.9280291854699652,0.9262688908539338,0.9264197330878529
690,0.9622461199760437,0.44096168875694275,0.9258593916893005,0.5852203965187073,0.9276247090016142,0.9257316540511024,0.9257467652245193
691,0.9580273628234863,0.4469287395477295,0.9210156202316284,0.5937408208847046,0.9227093300333512,0.9208540408902421,0.9209719530978475
692,0.959277331829071,0.44658493995666504,0.9263281226158142,0.5738677382469177,0.9278267454931777,0.9259984748690198,0.9261408248740088
693,0.9600585699081421,0.44527971744537354,0.9264843463897705,0.5777826905250549,0.9280284881644714,0.9261067452816394,0.9263126144195856
694,0.9614453315734863,0.4394265413284302,0.9273437261581421,0.5754652619361877,0.9288550843742813,0.9271418356667835,0.9272240451233047
695,0.9600195288658142,0.44129547476768494,0.9289844036102295,0.5724416375160217,0.9303168725238197,0.9286057230798896,0.9287494228060372
696,0.9581249952316284,0.44440990686416626,0.9234374761581421,0.5864924788475037,0.9249140445550355,0.9229279976157656,0.9231635360692061
697,0.9604882597923279,0.4420900344848633,0.9236719012260437,0.584427535533905,0.9252017545566928,0.923398717894094,0.9234937199713302
698,0.9595702886581421,0.44581088423728943,0.9251562356948853,0.5844833850860596,0.9269372238426014,0.9248909074010098,0.9250901174568473
699,0.9590039253234863,0.4480481743812561,0.9233593940734863,0.5847405791282654,0.9250098527976984,0.9231726174955341,0.9232251625390295
700,0.9608398675918579,0.4422430396080017,0.9274218678474426,0.5777336359024048,0.9288479241193103,0.927214401403468,0.9272713248332016
701,0.961132824420929,0.4409487247467041,0.924609363079071,0.5781289935112,0.9261536000587431,0.9243307305000039,0.9244130687812804
702,0.9602929949760437,0.44136494398117065,0.9232031106948853,0.5906033515930176,0.9249547130656308,0.9228371497255878,0.9230417709180385
703,0.9593359231948853,0.4422471225261688,0.924609363079071,0.5823050737380981,0.9261347914644786,0.9241638440171291,0.9243029394336104
704,0.9586132764816284,0.44407883286476135,0.9258593916893005,0.5797081589698792,0.927531234895994,0.9256020992334554,0.9256977514493806
705,0.9602148532867432,0.44296902418136597,0.9253906011581421,0.5792043209075928,0.9269527097026062,0.9248802646347075,0.9250778897097349
706,0.9583593606948853,0.44744691252708435,0.9242968559265137,0.5844252109527588,0.9260063054825081,0.9239711155416221,0.9241539204114495
707,0.958789050579071,0.44602447748184204,0.926562488079071,0.5831300020217896,0.9279838170673197,0.9262727528873462,0.926435928347808
708,0.9588476419448853,0.4478135406970978,0.926562488079071,0.5801134705543518,0.9279444881287408,0.9262030804778356,0.9263713321202908
709,0.9595507979393005,0.4452248811721802,0.9256250262260437,0.5835103392601013,0.9272154207084551,0.9253648465761664,0.9254758910969416
710,0.9583984613418579,0.4466739296913147,0.9242187738418579,0.5797026753425598,0.9255086715714829,0.9239141910169759,0.9240357396753794
711,0.9579687714576721,0.4500082731246948,0.9270312786102295,0.56578528881073,0.9284827281056648,0.9267390645457181,0.9268371143527945
712,0.9562304615974426,0.4531184136867523,0.9262499809265137,0.5798053741455078,0.9276352090822311,0.926089082324025,0.926124489960167
713,0.9594531059265137,0.4457469582557678,0.9254687428474426,0.5880472660064697,0.9270446886374332,0.9251515686574255,0.9253130561550034
714,0.9610937237739563,0.4398829936981201,0.9287499785423279,0.5671591758728027,0.9303259483102078,0.9284735600197973,0.9285845058790405
715,0.95947265625,0.4418480396270752,0.9252343773841858,0.5757951736450195,0.9268826481832073,0.925121258268103,0.9253249594395305
716,0.9600390791893005,0.44396355748176575,0.9267968535423279,0.5705834031105042,0.9285814707448612,0.9265041914554926,0.9266589760131626
717,0.9600585699081421,0.44280582666397095,0.9262499809265137,0.5721120238304138,0.9277454656047333,0.9259544785011351,0.9261245114534027
718,0.9605664014816284,0.43833214044570923,0.9260156154632568,0.5780112147331238,0.9274552746378346,0.9258003905947964,0.9259278596296558
719,0.9597461223602295,0.4459652006626129,0.9260937571525574,0.5814202427864075,0.9272162615055097,0.9257023751786424,0.9258050754553491
720,0.9603515863418579,0.44126999378204346,0.9236719012260437,0.5945278406143188,0.9252239515622931,0.9233021115075684,0.9234711367992994
721,0.9591015577316284,0.447206050157547,0.9267187714576721,0.57743239402771,0.9284641789768056,0.9264201314309362,0.9266292313197915
722,0.9593164324760437,0.4447788596153259,0.9249218702316284,0.5873989462852478,0.9265462808713014,0.9247161570391689,0.9248935657985295
723,0.9581054449081421,0.4483124613761902,0.9253906011581421,0.5852655172348022,0.9268691150761337,0.9250978559378102,0.9252786752761286
724,0.9588867425918579,0.4437866508960724,0.9281250238418579,0.5767558813095093,0.9297806377942723,0.9277975204230777,0.9279712172194602
725,0.9616796970367432,0.43886077404022217,0.9250781536102295,0.5837602019309998,0.9264162346192664,0.9250109117278662,0.92496709784123
726,0.9606249928474426,0.4403054118156433,0.9267187714576721,0.5768498778343201,0.9282821042304598,0.9266853489831821,0.9267419478585497
727,0.9616796970367432,0.4344451129436493,0.9253125190734863,0.5798401832580566,0.9266615100031546,0.9250797725814475,0.925121103157146
728,0.9609960913658142,0.43921786546707153,0.9244531393051147,0.5816637873649597,0.9261814787358369,0.9238910581463341,0.9242152634746867
729,0.9613476395606995,0.4397781789302826,0.9245312213897705,0.5742089748382568,0.9257802827023439,0.9242091692617791,0.924309128603737
730,0.9593164324760437,0.44298994541168213,0.9224218726158142,0.5856829285621643,0.9240686428849079,0.9220096826123918,0.9222153628391496
731,0.9578515887260437,0.44714629650115967,0.9239843487739563,0.5878002047538757,0.9254334118331149,0.9234304541034559,0.9236698955666778
732,0.9595702886581421,0.44146251678466797,0.9275781512260437,0.579378068447113,0.9291975621195109,0.9273158516700997,0.9274444591328023
733,0.9590039253234863,0.44589701294898987,0.9244531393051147,0.587388277053833,0.92636609584113,0.9240435661726079,0.9243363423017406
734,0.9573633074760437,0.4506884515285492,0.9300781488418579,0.5777156949043274,0.9314191867916651,0.9297235298144717,0.9298931022808257
735,0.959667980670929,0.4418761134147644,0.9275000095367432,0.5722911953926086,0.9289790213227009,0.9270539343704273,0.9272785911405104
736,0.9596484303474426,0.4458344578742981,0.9214062690734863,0.5896689891815186,0.9229514831414971,0.921287949863085,0.9214288078317376
737,0.9592382907867432,0.44328078627586365,0.926953136920929,0.5821754336357117,0.9284670715793484,0.9265427821831442,0.9267337213157485
738,0.956347644329071,0.4498477876186371,0.9266406297683716,0.5812375545501709,0.9282581865776436,0.9261848828635479,0.9263446759481082
739,0.9591601490974426,0.4484548568725586,0.9281250238418579,0.5719566345214844,0.9297472364665035,0.9277340706854391,0.9279183560487168
740,0.9593359231948853,0.4469579756259918,0.9285937547683716,0.5802962779998779,0.9300618988276983,0.9282004180735859,0.9283809380041348
741,0.9618945121765137,0.44180402159690857,0.9280468821525574,0.5762076377868652,0.9296082205073535,0.9277131427805756,0.9278956632293374
742,0.959667980670929,0.4433182179927826,0.9276562333106995,0.578726053237915,0.9292230956142291,0.9274395098399063,0.9275671719399173
743,0.9607226848602295,0.43874698877334595,0.9264843463897705,0.5756955742835999,0.9277334964637062,0.9261453598632301,0.926219495820249
744,0.9578710794448853,0.4454101622104645,0.9284374713897705,0.5748708844184875,0.929920890329619,0.9279926627112468,0.9282973433094912
745,0.9591015577316284,0.4434871971607208,0.926562488079071,0.5888988375663757,0.9281325080562024,0.9261921394676573,0.9264730497378155
746,0.961132824420929,0.4408682882785797,0.9282031059265137,0.5782387256622314,0.9297214032821803,0.9277637715164853,0.9280447764390747
747,0.9603320360183716,0.4402178227901459,0.9256250262260437,0.5736883282661438,0.9268264816039348,0.9252786739547889,0.9253541865642416
748,0.9597070217132568,0.44312113523483276,0.9260156154632568,0.5797132253646851,0.9276414309803084,0.9255743248035102,0.9258424516668722
749,0.96044921875,0.4414403438568115,0.9214062690734863,0.5922865271568298,0.922801240576912,0.9209205110166392,0.9211031200498363
750,0.9595312476158142,0.4416605830192566,0.9276562333106995,0.5751233100891113,0.9291838218936745,0.9272735169308652,0.927513701265453
751,0.9620312452316284,0.4353581666946411,0.9275781512260437,0.5729930996894836,0.9287841326229973,0.9271563876213762,0.9272691771138748
752,0.9602344036102295,0.4404081404209137,0.9290624856948853,0.5716055631637573,0.9303206892161338,0.9287912764205323,0.9288993369157164
753,0.9598047137260437,0.4422496557235718,0.9254687428474426,0.5823923349380493,0.9265104231081046,0.9252384049445749,0.9253074388718883
754,0.9597461223602295,0.4433731138706207,0.9271875023841858,0.5722211599349976,0.9283054549062252,0.9268236529702492,0.9269647543358315
755,0.9594336152076721,0.4433554708957672,0.9295312762260437,0.5777867436408997,0.9309522274491439,0.9293396775147238,0.9294195912515681
756,0.9602734446525574,0.4429784119129181,0.9267968535423279,0.5858915448188782,0.9279098018974762,0.9263682172420775,0.9264883668474746
757,0.9591601490974426,0.4468059241771698,0.924609363079071,0.5880880951881409,0.925836395654525,0.9242912462247441,0.924404925256529
758,0.9585937261581421,0.44365614652633667,0.924609363079071,0.5880892276763916,0.9260855282592309,0.9244645540386424,0.924498961899668
759,0.9613281488418579,0.4381026029586792,0.9285937547683716,0.574989378452301,0.9300864583386065,0.9281420670184145,0.9283541343769341
760,0.9612109661102295,0.4365028738975525,0.9242187738418579,0.58066725730896,0.9257181841455997,0.9242475609111158,0.9242216725735861
761,0.9629101753234863,0.4339655041694641,0.9264062643051147,0.5788006782531738,0.9278551674026035,0.9260683884623367,0.9262257553155998
762,0.9595507979393005,0.43940216302871704,0.9252343773841858,0.5790041089057922,0.9267353803271347,0.9248495072822023,0.9250866393014054
763,0.9606054425239563,0.44019246101379395,0.9239843487739563,0.5863101482391357,0.9252911273580151,0.9236875004955666,0.9238116405333981
764,0.9601757526397705,0.440534770488739,0.9259374737739563,0.5770834684371948,0.9271930559520976,0.9257798575976858,0.9258839347872938
765,0.9576562643051147,0.44854533672332764,0.9294531345367432,0.5750122666358948,0.9307030945095514,0.9290778602227069,0.9291804295101064
766,0.9583593606948853,0.4484279155731201,0.9251562356948853,0.5850656032562256,0.9264583252962695,0.9248950255891754,0.9250110747269938
767,0.9607031345367432,0.4408368170261383,0.9271093606948853,0.5828120708465576,0.9284036705596974,0.9268353748980057,0.9269713721192698
768,0.9608789086341858,0.43859541416168213,0.9261718988418579,0.5761247873306274,0.9277231767352538,0.9255727811081991,0.9259332892360573
769,0.9597461223602295,0.44326651096343994,0.9259374737739563,0.580524206161499,0.9276530238378008,0.9256653726976667,0.9258318317153055
770,0.9603515863418579,0.4420366585254669,0.9288281202316284,0.5767720341682434,0.9300620651516975,0.9285584892760652,0.9286471602680717
771,0.96044921875,0.4411323070526123,0.9315624833106995,0.562349796295166,0.9327879781573363,0.9314354780368812,0.9314450410926063
772,0.9584375023841858,0.44703319668769836,0.9242968559265137,0.5756692290306091,0.9254877903615853,0.9239691191895334,0.9240580313887442
773,0.9594140648841858,0.4478391408920288,0.9259374737739563,0.5788091421127319,0.9273686630358502,0.9255338116552114,0.9257287125601672
774,0.9606640338897705,0.4408993422985077,0.9263281226158142,0.5784984827041626,0.9275432839710834,0.9259341293366866,0.9261173481077618
775,0.9599413871765137,0.4411235749721527,0.925000011920929,0.5792453289031982,0.9265545326248589,0.9245979745617967,0.9248335384055055
776,0.9603906273841858,0.4407654106616974,0.9236719012260437,0.5888974666595459,0.9250103962572868,0.9233245615759733,0.9234483423375033
777,0.9593945145606995,0.44187068939208984,0.9254687428474426,0.5772930979728699,0.9265651837306653,0.925156367925843,0.925273595253614
778,0.9607226848602295,0.44089436531066895,0.9267968535423279,0.5735223293304443,0.9279981932924217,0.9265549174962456,0.9266333940734244
779,0.9623242020606995,0.43660762906074524,0.9264843463897705,0.5742583870887756,0.9275906242057506,0.9261891810901617,0.9261723803617823
780,0.9605468511581421,0.43835121393203735,0.9283593893051147,0.5704426765441895,0.9296410690536177,0.9277249290126732,0.9279315727367947
781,0.9600781202316284,0.441680371761322,0.9260937571525574,0.5758786201477051,0.9277441690806993,0.925801772426954,0.9259335981409517
782,0.9612109661102295,0.43950095772743225,0.9268749952316284,0.5709611773490906,0.9283790753073871,0.9264225141833236,0.9266613408034288
783,0.959765613079071,0.44130730628967285,0.9258593916893005,0.5826528668403625,0.9275142829496398,0.9254232619579437,0.9256889492293088
784,0.9598827958106995,0.4402192234992981,0.9268749952316284,0.5755841732025146,0.9284737028685508,0.9262770345307513,0.9266462315951491
785,0.9621875286102295,0.43423861265182495,0.9267968535423279,0.5731396675109863,0.9281822805314313,0.9263332446944195,0.9265114462443446
786,0.9606640338897705,0.4378563165664673,0.9296875,0.5738028287887573,0.931124986927627,0.9293178625103482,0.9295188512631503
787,0.958789050579071,0.444263219833374,0.9239843487739563,0.5819616317749023,0.9255738029731053,0.9234110293346829,0.9237318689879662
788,0.9611132740974426,0.43638256192207336,0.9244531393051147,0.5783020257949829,0.9257745986327197,0.924099515487997,0.9242250940793647
789,0.961132824420929,0.4351532757282257,0.9239062666893005,0.5844905376434326,0.925301243414433,0.9235180598464707,0.923713130117141
790,0.9589453339576721,0.44186779856681824,0.9275781512260437,0.5826898217201233,0.9289669823665425,0.9271357846147328,0.9273562987080981
791,0.9624999761581421,0.43589112162590027,0.9233593940734863,0.5804101228713989,0.9253092479965741,0.9229642343036664,0.9231830927557394
792,0.9608203172683716,0.4373093545436859,0.9307031035423279,0.5703139901161194,0.931880792496166,0.9301834372111212,0.9303699909708397
793,0.9605468511581421,0.43927857279777527,0.927734375,0.5728659629821777,0.9293860483502747,0.9274622936141835,0.9277073040201393
794,0.958984375,0.4411014914512634,0.9275000095367432,0.5718005895614624,0.9289314792864404,0.9270690363148291,0.9273348696567232
795,0.9613085985183716,0.43904614448547363,0.9271875023841858,0.5799058079719543,0.928629911279661,0.9268809450993115,0.9269947480185328
796,0.9610546827316284,0.43562039732933044,0.9266406297683716,0.5819036960601807,0.9279725819998828,0.9264057497100953,0.9264440145123601
797,0.9610351324081421,0.4389278292655945,0.9290624856948853,0.571143627166748,0.9305683636651532,0.9286751809523004,0.9288833012201655
798,0.9592187404632568,0.44359031319618225,0.9284374713897705,0.5705074071884155,0.9298807132435458,0.9282982634927843,0.9283095393639713
799,0.959277331829071,0.4425937533378601,0.9279687404632568,0.5723731517791748,0.9293193490467241,0.9276564940131835,0.9277721510573462
800,0.9598633050918579,0.44299498200416565,0.9282031059265137,0.5681023597717285,0.9296818024308833,0.9279545070702933,0.9280274717944537
801,0.9597070217132568,0.4434208571910858,0.9242968559265137,0.5756717324256897,0.9262516608294634,0.9242200463424748,0.9243222376786414
802,0.9604101777076721,0.4414135217666626,0.9307812452316284,0.563894510269165,0.9321348442459898,0.930379569967996,0.9305215139548062
803,0.9598242044448853,0.4399341642856598,0.9263281226158142,0.5724313855171204,0.9279848796020569,0.926190569571091,0.9262084964603698
804,0.9610937237739563,0.4409966766834259,0.9291406273841858,0.570885181427002,0.9304549001081279,0.9287928137887272,0.9288752811344997
805,0.9608984589576721,0.4363781809806824,0.928906261920929,0.5731483697891235,0.9303384019785023,0.9283937968726255,0.9285725364229029
806,0.9628710746765137,0.43361565470695496,0.9241406321525574,0.5777769684791565,0.9256346255653078,0.9236958558010968,0.9238814390406362
807,0.9626367092132568,0.432713121175766,0.92578125,0.5719051957130432,0.9272230916045421,0.9252003483433042,0.9254533416548132
808,0.9612695574760437,0.4332503378391266,0.927734375,0.5669509172439575,0.9290364416133468,0.9271992700916241,0.9274364734221472
809,0.9606249928474426,0.4386802911758423,0.9267187714576721,0.5788667798042297,0.9281470621260202,0.9264637253014738,0.9266466326351058
810,0.9600781202316284,0.43875807523727417,0.9287499785423279,0.5803510546684265,0.9303290896124894,0.9284584497551158,0.928536932837112
811,0.9594531059265137,0.4395449459552765,0.9275781512260437,0.5746141076087952,0.9291929619337951,0.9272858913131357,0.9273581888548581
812,0.961230456829071,0.43634429574012756,0.9223437309265137,0.5833117961883545,0.9239724624482946,0.9221665375228781,0.9221439088879788
813,0.9606835842132568,0.4373007118701935,0.930468738079071,0.5599927306175232,0.931967687521184,0.9299672592698374,0.9301700649393387
814,0.9621288776397705,0.4367908239364624,0.9312499761581421,0.5654491782188416,0.932845685065776,0.9307590635823169,0.9309696554236695
815,0.9592578411102295,0.44172385334968567,0.9271093606948853,0.572716236114502,0.9287910966310529,0.9267749427574166,0.9268773063682608
816,0.9574413895606995,0.4447188973426819,0.9271093606948853,0.5767765641212463,0.9289350526111766,0.9267274004151878,0.9267933331369926
817,0.9594140648841858,0.44192391633987427,0.9283593893051147,0.5713419914245605,0.9301643077556814,0.9279037065806848,0.928129086433972
818,0.9606835842132568,0.43894073367118835,0.9256250262260437,0.5752362608909607,0.9271551539250416,0.9251943578525721,0.9253759580197618
819,0.9598827958106995,0.4417828619480133,0.9289844036102295,0.5677568912506104,0.9301975243582765,0.9285788899369445,0.9286674312478247
820,0.9584375023841858,0.4466075599193573,0.9281250238418579,0.5707798004150391,0.9296424629303748,0.9278705764977851,0.92794511462075
821,0.960156261920929,0.43998101353645325,0.9276562333106995,0.5685646533966064,0.9290227394023092,0.9273352372506507,0.9273425810953497
822,0.961718738079071,0.4355693757534027,0.9284374713897705,0.5694951415061951,0.9299025772566551,0.9280921409048035,0.9282172181358019
823,0.960644543170929,0.43900710344314575,0.926562488079071,0.5674993991851807,0.9279226899176078,0.9260179659776264,0.9262631282384393
824,0.9613281488418579,0.43485113978385925,0.9254687428474426,0.5851278901100159,0.9272789109773552,0.9250750743277978,0.925360297501793
825,0.9623827934265137,0.43625664710998535,0.9282031059265137,0.5772894024848938,0.9293220420154102,0.9277297852009979,0.9278264391486609
826,0.9608203172683716,0.4382686913013458,0.9274218678474426,0.56988126039505,0.9288268344907872,0.9269058927388008,0.9271547927253776
827,0.9627734422683716,0.43257200717926025,0.9271093606948853,0.5715987086296082,0.928570111007832,0.9267130567330382,0.9269455655675103
828,0.961718738079071,0.43283507227897644,0.9262499809265137,0.5785848498344421,0.9275825319431539,0.9259353263493239,0.9260579208959363
829,0.9600195288658142,0.43647292256355286,0.9300000071525574,0.5675178170204163,0.9313901084271748,0.9295584879684582,0.9298502770747341
830,0.9619726538658142,0.435160756111145,0.9301562309265137,0.5717447400093079,0.9316558115952283,0.9298170196145654,0.9300323986643173
831,0.9611914157867432,0.43590691685676575,0.9291406273841858,0.5627953410148621,0.930407687296372,0.928749388458699,0.9289361291368078
832,0.9613867402076721,0.43530726432800293,0.9280468821525574,0.5786005854606628,0.92919335694388,0.9277996169344473,0.9278922451455776
833,0.9600195288658142,0.43673640489578247,0.9298437237739563,0.567736029624939,0.9312461442917715,0.9296250118056483,0.929648657356601
834,0.9599218964576721,0.4392528235912323,0.9246875047683716,0.5853538513183594,0.9262809944240507,0.924408693471292,0.9244990404745517
835,0.9615625143051147,0.43503519892692566,0.9263281226158142,0.5762436389923096,0.9278182043779433,0.9258288218181068,0.9259111757529288
836,0.961718738079071,0.43734923005104065,0.9275781512260437,0.5739695429801941,0.9291730203085645,0.927097168888668,0.9273257264181733
837,0.9609570503234863,0.43549224734306335,0.9275781512260437,0.5676400661468506,0.9290854165554903,0.9272397335703042,0.9273854799190862
838,0.9607617259025574,0.43537959456443787,0.9214843511581421,0.5896613001823425,0.9231107222171336,0.9212353334535961,0.9213553718933176
839,0.961132824420929,0.4353906512260437,0.9270312786102295,0.5734173059463501,0.9285307096342623,0.9267818330545883,0.9268538206135774
840,0.9616405963897705,0.43502867221832275,0.926562488079071,0.5712363719940186,0.9280079549002416,0.9264565663955858,0.9264757270203685
841,0.959667980670929,0.43976038694381714,0.926953136920929,0.5734117031097412,0.9284586619850487,0.9267438482929881,0.9268213904838041
842,0.9610546827316284,0.43637874722480774,0.9259374737739563,0.5719078183174133,0.9273052849415785,0.9257030169294478,0.9258338684872085
843,0.9614453315734863,0.4344271421432495,0.9272656440734863,0.571072518825531,0.9287990111700872,0.9270510753804658,0.9271390915625948
844,0.9613671898841858,0.43339598178863525,0.9298437237739563,0.568443775177002,0.9312133815197028,0.929440908054638,0.9295481211041938
845,0.9594336152076721,0.43862205743789673,0.9267968535423279,0.5692436099052429,0.9284150051993809,0.9264030225291704,0.9265792835244298
846,0.9608398675918579,0.4373162090778351,0.927734375,0.5690386295318604,0.9291356872845393,0.927371579905137,0.9275817559721327
847,0.9623047113418579,0.43231430649757385,0.9282031059265137,0.566236138343811,0.9295004445542409,0.9279086244537634,0.9280142989670606
848,0.9611718654632568,0.4329037070274353,0.9292187690734863,0.5676190853118896,0.9308085096797487,0.9287657480595014,0.9289318636868509
849,0.9612500071525574,0.43703940510749817,0.924609363079071,0.5711334347724915,0.9261738461010054,0.9243434478390357,0.9244060933617314
850,0.9601757526397705,0.43814465403556824,0.9249218702316284,0.5797542333602905,0.9264643834708768,0.9244242462915857,0.9245431571585678
851,0.95849609375,0.44171711802482605,0.9237499833106995,0.5810805559158325,0.9254404132939311,0.9231488075245473,0.923469169863871
852,0.9592968821525574,0.4430272579193115,0.9243749976158142,0.5782223343849182,0.9260425651666385,0.9241206580866954,0.9242844597413735
853,0.9579101800918579,0.44288188219070435,0.9251562356948853,0.573286771774292,0.9266789152051184,0.9247314858837093,0.9248876607111306
854,0.9600976705551147,0.43871065974235535,0.9279687404632568,0.5727241039276123,0.9292904529595414,0.9275968451522836,0.9277603439579435
855,0.9605859518051147,0.4383002817630768,0.9267968535423279,0.5758833289146423,0.9283250428506324,0.926580255764792,0.9266442711423469
856,0.9595312476158142,0.4380304217338562,0.9264062643051147,0.5782164931297302,0.9278366360135863,0.9260438218312892,0.9261709440968519
857,0.96044921875,0.4388430118560791,0.9276562333106995,0.569377601146698,0.9291270855990292,0.9272381468864395,0.9273914971359194
858,0.9620507955551147,0.43360888957977295,0.9261718988418579,0.567870557308197,0.9277371826122855,0.9259409406162257,0.9260335145616683
859,0.9620898365974426,0.4304380416870117,0.9290624856948853,0.5780245065689087,0.9304105133981708,0.9284939514440864,0.9287477216318188
860,0.9609765410423279,0.434154748916626,0.9271093606948853,0.5684503316879272,0.9287893607050861,0.9266114405987129,0.9268317963792776
861,0.9621484279632568,0.4316229224205017,0.9278905987739563,0.5654765963554382,0.9292700841249417,0.9275614143684536,0.9276954882501858
862,0.9618554711341858,0.43474963307380676,0.9253125190734863,0.569963276386261,0.9267172432269596,0.9249873377775485,0.9251237468055626
863,0.9616992473602295,0.4325128495693207,0.9258593916893005,0.574002206325531,0.9276057108703708,0.9255448028871662,0.9257465726169413
864,0.9611523151397705,0.43179985880851746,0.9267187714576721,0.5711608529090881,0.928374019722605,0.9264174388813182,0.9264934417535478
865,0.9608789086341858,0.43614622950553894,0.9273437261581421,0.5673986673355103,0.9291159789982448,0.927036300997373,0.9271833415782226
866,0.9608789086341858,0.4339580833911896,0.9257031083106995,0.5716146230697632,0.9272432369458441,0.9253773557747846,0.9255937666196876
867,0.9623437523841858,0.4331151247024536,0.9288281202316284,0.5702767372131348,0.9302050687929544,0.928494411892737,0.9286968610553683
868,0.9615429639816284,0.4331810772418976,0.9249218702316284,0.5744403600692749,0.9262849195018564,0.9245784991492307,0.9246670382588444
869,0.9595507979393005,0.43906742334365845,0.9252343773841858,0.5765474438667297,0.9269411371377063,0.9248632143591398,0.9249660174458287
870,0.9607226848602295,0.43692851066589355,0.9267187714576721,0.5681628584861755,0.9280997358506851,0.9264342840974603,0.9264971885206255
871,0.9619140625,0.4310428202152252,0.9255468845367432,0.5717290639877319,0.9267017775478907,0.9250726084431393,0.9252394135171772
872,0.9606054425239563,0.43664219975471497,0.9278125166893005,0.5685925483703613,0.9289401047119279,0.9272413691056374,0.9274053912998682
873,0.9607617259025574,0.43699467182159424,0.9268749952316284,0.5686078667640686,0.9282021104122791,0.9267015890256547,0.9267599526012767
874,0.9615429639816284,0.43175244331359863,0.9276562333106995,0.5665637850761414,0.9293447737513049,0.9273790284171668,0.927577975410361
875,0.9614843726158142,0.4325319528579712,0.9271875023841858,0.5696004629135132,0.9288021064180476,0.9268778446162975,0.9270276892244369
876,0.9622851610183716,0.43244072794914246,0.9252343773841858,0.5697281360626221,0.9268532432449608,0.9248355091212871,0.9250484411087792
877,0.9618359208106995,0.43183133006095886,0.9253906011581421,0.5737854838371277,0.9272444553456484,0.9251680036977,0.925415224833547
878,0.9603124856948853,0.43567654490470886,0.9291406273841858,0.5680444240570068,0.9307349203014774,0.9290317216071284,0.9291272371684935
879,0.96240234375,0.43016934394836426,0.9253906011581421,0.5686262845993042,0.9267470899211633,0.9251620533426277,0.9252219735271641
880,0.9618945121765137,0.43081387877464294,0.9256250262260437,0.5699266195297241,0.927457581889208,0.9254340448482533,0.9255787745082467
881,0.9620898365974426,0.43156543374061584,0.9289844036102295,0.5670298933982849,0.9301849269352634,0.9285954888986141,0.9287540490442191
882,0.9620507955551147,0.4320620596408844,0.9278125166893005,0.5745688676834106,0.9294163518201265,0.9275676171071328,0.9277407871889811
883,0.9595898389816284,0.4387669265270233,0.923046886920929,0.5800133347511292,0.9242455601698414,0.922772983921152,0.9227745084081128
884,0.9591405987739563,0.43861711025238037,0.925000011920929,0.5752469897270203,0.9264947863178478,0.9248258123933301,0.9249035822029048
885,0.9604101777076721,0.43529197573661804,0.9292187690734863,0.5606319904327393,0.9303082885051702,0.9288890729906119,0.9289771908790534
886,0.9638867378234863,0.4252127408981323,0.9314062595367432,0.5561142563819885,0.9328396346498522,0.9311202316705888,0.9312883732179739
887,0.960253894329071,0.4356139898300171,0.9297656416893005,0.5566189289093018,0.9310195274759996,0.9295698243573061,0.9295723355846156
888,0.9613085985183716,0.4347989559173584,0.9267968535423279,0.5652940273284912,0.9284324742551603,0.9265576521486959,0.9267049699848424
889,0.9616405963897705,0.432167649269104,0.9286718964576721,0.5618173480033875,0.9304070344389882,0.928165982003933,0.9284274966639973
890,0.9613867402076721,0.4328341782093048,0.9303125143051147,0.5661735534667969,0.9317018065865479,0.9300819555718773,0.9301861985732631
891,0.9618750214576721,0.43086469173431396,0.9278125166893005,0.5712912082672119,0.9293476962148821,0.9276043598362386,0.9276321651767606
892,0.9598437547683716,0.43621304631233215,0.9282812476158142,0.570145308971405,0.9298286209478175,0.927846597957338,0.9280286363597784
893,0.9604882597923279,0.4344441890716553,0.9264062643051147,0.5733362436294556,0.9281762226867275,0.9260573043222212,0.9262759602059767
894,0.9618554711341858,0.431598961353302,0.9314844012260437,0.5593251585960388,0.9329958534510348,0.9312466500700243,0.9313296199093952
895,0.9600781202316284,0.4352560341358185,0.9255468845367432,0.5802409052848816,0.9272468806205946,0.9252284515364533,0.9253546815865459
896,0.9608398675918579,0.4343908727169037,0.9291406273841858,0.5693276524543762,0.9306123176364441,0.9287362385253237,0.9288990411556256
897,0.9618554711341858,0.431650310754776,0.928515613079071,0.5693137645721436,0.9298444087542679,0.928140498521943,0.9282651874259943
898,0.9603320360183716,0.4357515275478363,0.927734375,0.5673479437828064,0.9288705614393701,0.9274160250060208,0.9274859954195764
899,0.9608789086341858,0.4348863661289215,0.9302343726158142,0.5685656666755676,0.9313178638117411,0.9298589858682025,0.9299487189049561
900,0.9620898365974426,0.43178272247314453,0.9306250214576721,0.5583035945892334,0.9318644974852032,0.9301225584337796,0.9302517322430193
901,0.960156261920929,0.4346510171890259,0.9292187690734863,0.5642756819725037,0.9305293359714842,0.9288543614974195,0.9289914445193106
902,0.96240234375,0.43313708901405334,0.927734375,0.5673955082893372,0.929140065330626,0.9273868253222524,0.9275408598707525
903,0.961132824420929,0.43495309352874756,0.9282031059265137,0.5682041645050049,0.9299231848630665,0.9278955619608754,0.9281178403162746
904,0.9605664014816284,0.4340313673019409,0.9281250238418579,0.5653201937675476,0.9295358536822553,0.9274972800064399,0.9277923029126218
905,0.9625585675239563,0.4292529225349426,0.9267187714576721,0.5672469139099121,0.9279586843039944,0.9262979948040847,0.9264753508281636
906,0.9602929949760437,0.4346928894519806,0.9247656464576721,0.579756498336792,0.9265184827581799,0.9243269414322456,0.9245117682711872
907,0.9614453315734863,0.4332868158817291,0.9225780963897705,0.586484968662262,0.9241045522516633,0.9222745005203647,0.9223632442563046
908,0.962109386920929,0.4309040904045105,0.928906261920929,0.5737713575363159,0.9303538341860902,0.928690649337203,0.928837427070919
909,0.963574230670929,0.42345649003982544,0.926562488079071,0.5674600005149841,0.9280548685287144,0.9264419852403394,0.9264730255352813
910,0.9609570503234863,0.43388378620147705,0.9262499809265137,0.5730840563774109,0.9272694783080876,0.9261124516766281,0.9260160541661094
911,0.9608593583106995,0.4344743490219116,0.9251562356948853,0.577890932559967,0.9266995814421262,0.9250082568280598,0.9250415691785767
912,0.962207019329071,0.4299822747707367,0.9259374737739563,0.5785391330718994,0.9272060503600412,0.9254758269718565,0.9256010374953451
913,0.9617773294448853,0.43295082449913025,0.9282812476158142,0.5652922987937927,0.9295459454219275,0.9278788706154171,0.9280548838772572
914,0.96337890625,0.4284965991973877,0.9307812452316284,0.5621649026870728,0.9320346900196614,0.9304853906309131,0.9305935919595181
915,0.9617382884025574,0.4302077889442444,0.9280468821525574,0.5722141861915588,0.9293850055137631,0.9277775053182302,0.9278884842034578
916,0.9608203172683716,0.4334697723388672,0.9296093583106995,0.5621873140335083,0.9310269761789425,0.9291842834155061,0.9293430462133324
917,0.9625781178474426,0.429854154586792,0.9261718988418579,0.5738162994384766,0.9276647198109527,0.9257283293218972,0.9259002795428584
918,0.9609765410423279,0.4325476586818695,0.9275000095367432,0.5664581060409546,0.9289310784288407,0.927190049186573,0.9273335190681232
919,0.9602148532867432,0.43406420946121216,0.9268749952316284,0.5618227124214172,0.9284262903485427,0.9266244142646844,0.9268454829743246
920,0.9598437547683716,0.4379331171512604,0.9249218702316284,0.5705825686454773,0.9263891073498964,0.924659999772673,0.9247288421375953
921,0.9607031345367432,0.4327832758426666,0.9275781512260437,0.5623632669448853,0.9291564023042597,0.9273771774169571,0.92752871300275
922,0.9627344012260437,0.4270118474960327,0.930859386920929,0.5548226237297058,0.9323901034921075,0.930594508936724,0.930736128207823
923,0.9602148532867432,0.4342266917228699,0.9292968511581421,0.5623485445976257,0.9305361466896911,0.9291010491305003,0.9290790352169429
924,0.9608984589576721,0.431333988904953,0.9296093583106995,0.5625132918357849,0.9308016213773453,0.9291895405774995,0.9292822506236652
925,0.9624413847923279,0.43181565403938293,0.9276562333106995,0.5687606930732727,0.9289721451441099,0.9271532403497653,0.92720540471999
926,0.9619726538658142,0.43021145462989807,0.9267968535423279,0.5672776699066162,0.9283567574595568,0.9264036781101883,0.926557173170528
927,0.9592382907867432,0.4347572326660156,0.9262499809265137,0.5650355815887451,0.9278378697583716,0.9258862285606136,0.9260040498420463
928,0.9613085985183716,0.4347245395183563,0.9275781512260437,0.570107638835907,0.9292596193026081,0.9272473961776295,0.9273992445797561
929,0.9629687666893005,0.4256065785884857,0.9291406273841858,0.5612714290618896,0.9306316121714062,0.9288668804589093,0.9289748259606454
930,0.9626758098602295,0.4265040457248688,0.9281250238418579,0.5676553845405579,0.9296950109978273,0.9278159453062759,0.9279466491065714
931,0.9618359208106995,0.4293350577354431,0.9272656440734863,0.571586549282074,0.9287263146004348,0.927092046958516,0.9271783807095428
932,0.961230456829071,0.42956221103668213,0.9270312786102295,0.5681861639022827,0.928360940476213,0.9269685735643137,0.9269766833586282
933,0.9599999785423279,0.43288716673851013,0.9271875023841858,0.5733820199966431,0.9285236857336564,0.9270162272533224,0.9270619869678436
934,0.9589648246765137,0.43399733304977417,0.9240624904632568,0.5798309445381165,0.925906163553452,0.9238631931194822,0.9240228112176052
935,0.9603515863418579,0.4318654537200928,0.9266406297683716,0.572357714176178,0.928295674743925,0.9264915762269035,0.926530266595329
936,0.961621105670929,0.43349575996398926,0.9264843463897705,0.5663771629333496,0.9281243428604312,0.9261471142567436,0.9262656728122789
937,0.96240234375,0.4281766414642334,0.9292187690734863,0.5674094557762146,0.9305220166243732,0.9288326105327047,0.9289184352426161
938,0.9606835842132568,0.4334591329097748,0.9271093606948853,0.5674521923065186,0.9288294353777296,0.9267638473328842,0.9269844076017684
939,0.9622656106948853,0.42948997020721436,0.9307031035423279,0.5618664026260376,0.9322681242195653,0.9304575672754791,0.9306241237700645
940,0.9623242020606995,0.4295822083950043,0.9290624856948853,0.5720958113670349,0.9308625578318466,0.9287700312419905,0.9289478059992453
941,0.9604296684265137,0.4320884943008423,0.9251562356948853,0.5713838338851929,0.9267554795172881,0.9248276423565583,0.9249672380829996
942,0.9616992473602295,0.43183067440986633,0.9260937571525574,0.5721549987792969,0.9276795368053266,0.9258734589259863,0.9259683690033182
943,0.9614453315734863,0.4290113151073456,0.9303905963897705,0.5653253793716431,0.9317592979338942,0.9301510348591168,0.9302632546875651
944,0.9623437523841858,0.43060120940208435,0.9285937547683716,0.5669019222259521,0.9300612706074669,0.9282810575779358,0.9285235946463473
945,0.9616405963897705,0.4290495216846466,0.9275000095367432,0.5603142380714417,0.9290169512286003,0.9271892561702686,0.92729568695881
946,0.9637109637260437,0.4269953966140747,0.928906261920929,0.5651149749755859,0.9305358210904674,0.9284668630439823,0.9287015668471892
947,0.9610351324081421,0.43175774812698364,0.9294531345367432,0.5625603199005127,0.930991024873717,0.9290974614760577,0.9293158416818408
948,0.9625390768051147,0.43092525005340576,0.927734375,0.5615835785865784,0.9293453945337686,0.9272244709668176,0.9274703320396117
949,0.9626171588897705,0.4269827604293823,0.9294531345367432,0.5659292936325073,0.9311651564694556,0.9290793842605924,0.9292954252367257
950,0.9621679782867432,0.4276621639728546,0.9255468845367432,0.5708576440811157,0.9271413376138916,0.9253624131106775,0.9254646670041713
951,0.9602148532867432,0.4304267168045044,0.9287499785423279,0.5628125667572021,0.9301544132109703,0.9285451840505825,0.9285844749092507
952,0.9604296684265137,0.43453001976013184,0.9278125166893005,0.5707859396934509,0.9294877982874576,0.9273700482255763,0.9275384957854559
953,0.9614648222923279,0.4305230975151062,0.9256250262260437,0.5671010613441467,0.9271736315914837,0.9252000402950774,0.9253885351036799
954,0.9601757526397705,0.4318617880344391,0.9291406273841858,0.5660155415534973,0.9308918399181569,0.9288002278745286,0.9290442084782554
955,0.961230456829071,0.4339984059333801,0.9274218678474426,0.5682163238525391,0.9290487671130387,0.9270679977284895,0.9272798107592793
956,0.9604687690734863,0.43310001492500305,0.9244531393051147,0.5799787044525146,0.9261837753743947,0.9240419068122392,0.9242896179598741
957,0.9622851610183716,0.4285062551498413,0.9282031059265137,0.5625101327896118,0.9298680460349453,0.9277901246888733,0.9280280033788108
958,0.95947265625,0.436758816242218,0.9298437237739563,0.5684325695037842,0.9315563726182591,0.9294033265214889,0.9297097999613466
959,0.9600585699081421,0.4357367753982544,0.9278125166893005,0.5727525353431702,0.9295834825167617,0.9275252252601551,0.9276917000008309
960,0.9612890481948853,0.4343266785144806,0.926953136920929,0.5741317868232727,0.9282827933826151,0.9265570747165536,0.926708413289755
961,0.9595898389816284,0.4343292713165283,0.926562488079071,0.5622862577438354,0.9279517594097418,0.9262229080246073,0.926314788194574
962,0.9627344012260437,0.4289928674697876,0.9282812476158142,0.5637648105621338,0.9295484645497931,0.9280281357573787,0.9280643669504065
963,0.9640820026397705,0.4242001473903656,0.928906261920929,0.5618897080421448,0.9302484998543401,0.9285201204504209,0.9286899437046068
964,0.9628320336341858,0.4253605604171753,0.9276562333106995,0.5611535310745239,0.9290521552341556,0.9273064771108713,0.9273825516202724
965,0.9632617235183716,0.4252730906009674,0.9288281202316284,0.5605018734931946,0.9303249556434896,0.9283865344342074,0.9286341085536758
966,0.9624999761581421,0.42740684747695923,0.9266406297683716,0.5616357922554016,0.9279830640371789,0.926260837669093,0.9264176574275659
967,0.9623437523841858,0.42784062027931213,0.9311718940734863,0.5552248358726501,0.9324778933704176,0.9307665970717987,0.9309159200905281
968,0.9624999761581421,0.4280109405517578,0.9302343726158142,0.5618457198143005,0.9313902186047032,0.9297044527706609,0.9298451978395608
969,0.9620702862739563,0.42852017283439636,0.9267968535423279,0.5656716823577881,0.9282095659918798,0.9265795614719572,0.9265431076665627
970,0.9625195264816284,0.42735642194747925,0.9293749928474426,0.5661005973815918,0.9308600108002703,0.9291896030582864,0.9292159872858068
971,0.9603906273841858,0.4314325749874115,0.9272656440734863,0.5759599804878235,0.9287563690971885,0.9269846128946837,0.9270327802768293
972,0.9620898365974426,0.4295181632041931,0.9288281202316284,0.5644562244415283,0.9304164814626952,0.9285024422155321,0.9286896005365158
973,0.9627929925918579,0.4281417429447174,0.9278125166893005,0.5684233903884888,0.9296374939321913,0.9275416626095256,0.9276408166293586
974,0.9590234160423279,0.43476733565330505,0.9323437213897705,0.5589911937713623,0.9338317171888426,0.9321244418764032,0.9322063474987161
975,0.9601367115974426,0.4312514364719391,0.9274218678474426,0.562921404838562,0.9288043380360098,0.927163006609945,0.9272349991070785
976,0.9623047113418579,0.4273983836174011,0.926562488079071,0.5642729997634888,0.9280697460388349,0.9262079306446245,0.9263702446021767
977,0.9627538919448853,0.4261115789413452,0.9288281202316284,0.5600290894508362,0.9301354241417247,0.9285428629626795,0.92857855613762
978,0.9620312452316284,0.4286203682422638,0.9278905987739563,0.5609025359153748,0.9292316325223171,0.9276192615237112,0.9277271278410337
979,0.9612890481948853,0.432486891746521,0.928906261920929,0.5643239617347717,0.9304014585847855,0.9284443212208009,0.9286333778348623
980,0.9610937237739563,0.4274573028087616,0.9282812476158142,0.5682305693626404,0.9296477856284928,0.9280649557686885,0.9280492021033311
981,0.9620312452316284,0.4277524948120117,0.930468738079071,0.5600001811981201,0.931962137159537,0.9301771425796473,0.9303004164452875
982,0.9639648199081421,0.4206306040287018,0.9337499737739563,0.5456109046936035,0.9350726438118424,0.9333391828843796,0.9334899355311694
983,0.9625781178474426,0.42802801728248596,0.928515613079071,0.5627256631851196,0.92984354448579,0.9284230814925194,0.9284970513183823
984,0.9605273604393005,0.4291478395462036,0.9259374737739563,0.5637552738189697,0.9273933473186953,0.9257343385746553,0.9258573109417927
985,0.9622461199760437,0.4280339777469635,0.9271875023841858,0.5659390091896057,0.9285933713619077,0.9269734504395925,0.9271054433347503
986,0.9605859518051147,0.42775022983551025,0.926953136920929,0.5664411187171936,0.9284289817380631,0.9266939174197575,0.9268547809492187
987,0.9623437523841858,0.4260113537311554,0.9260156154632568,0.5712063312530518,0.9274010648342638,0.925844793880284,0.9258440040096971
988,0.9630078077316284,0.4259244501590729,0.9287499785423279,0.5643203258514404,0.929940984068261,0.9283480805857163,0.9284281529267409
989,0.9625585675239563,0.4290664792060852,0.9270312786102295,0.5653360486030579,0.9282578890340936,0.9266633023294426,0.9267340505817596
990,0.9617578387260437,0.42706501483917236,0.9312499761581421,0.5504400134086609,0.9325837450201317,0.9310707456016104,0.9311510264919065
991,0.9607226848602295,0.4310166537761688,0.928906261920929,0.5634943246841431,0.9307325859272306,0.9286649511927056,0.9288567171463675
992,0.9604296684265137,0.4321553707122803,0.9267968535423279,0.5783828496932983,0.9284768153696988,0.9265979679333829,0.9267125333108243
993,0.9605468511581421,0.4330079257488251,0.9287499785423279,0.5709224939346313,0.9300373523837638,0.9284698057563934,0.9284278345930437
994,0.9600195288658142,0.43152081966400146,0.9244531393051147,0.5794792771339417,0.9258172614905262,0.9241813170622468,0.9242057690995391
995,0.962695300579071,0.4258159399032593,0.9291406273841858,0.563443124294281,0.930607308866318,0.928832031796397,0.9289747568518617
996,0.9608789086341858,0.4300920069217682,0.9260156154632568,0.5739755630493164,0.9276641642861987,0.9255922655203535,0.9257973400167978
997,0.9616796970367432,0.42771226167678833,0.9301562309265137,0.5624892711639404,0.9318903824317966,0.9300962207597873,0.9301836806827203
998,0.9633593559265137,0.4228275716304779,0.9251562356948853,0.5677715539932251,0.9266543277767929,0.9250085856010144,0.9250468296061285
999,0.9618164300918579,0.4248962700366974,0.9296093583106995,0.570415735244751,0.9308558692505178,0.9293520536661837,0.9293904801709787
