epoch,accuracy,loss,val_accuracy,val_loss,val_precision,val_recall,val_f1
0,0.004218750167638063,11.136815071105957,0.004140624776482582,10.60051155090332,0.0039773283907263346,0.0041524030930411675,0.003442393136397948
1,0.0062500000931322575,10.725651741027832,0.0043750000186264515,10.331055641174316,0.004054309114510284,0.004306348972810436,0.003940888030679176
2,0.007636718917638063,10.387077331542969,0.005546874832361937,10.104205131530762,0.0057126515888051045,0.005486806757661084,0.005353979802678278
3,0.010976562276482582,10.072549819946289,0.005625000223517418,9.890935897827148,0.005699645310896621,0.005560880408638424,0.005390225502614079
4,0.014492187649011612,9.775274276733398,0.007656250149011612,9.682747840881348,0.007891206207354375,0.007596860099907841,0.007266792628519779
5,0.01908203214406967,9.492330551147461,0.009062499739229679,9.476157188415527,0.009428452699631738,0.008934960897107918,0.008558319861286866
6,0.02324218675494194,9.207805633544922,0.010703125037252903,9.26766586303711,0.010455784486077768,0.010548732018325237,0.009969856653840682
7,0.03046875074505806,8.93641185760498,0.012578125111758709,9.054162979125977,0.012368893326057012,0.012423463110175337,0.011784416154591224
8,0.03849609196186066,8.643314361572266,0.019218750298023224,8.824121475219727,0.018094757731831317,0.018895280957708982,0.017514354441618633
9,0.05363281071186066,8.346331596374512,0.024843750521540642,8.5736722946167,0.0233485137731051,0.02447009622763684,0.022667435067567493
10,0.07179687172174454,8.020415306091309,0.03218749910593033,8.289318084716797,0.031197299861883524,0.031751220691821784,0.029478885410333305
11,0.09378906339406967,7.681670665740967,0.04468749836087227,7.966943740844727,0.04226521198100967,0.04385408636481595,0.04035282424439303
12,0.11921875178813934,7.321428298950195,0.06210937350988388,7.619940280914307,0.05993779786825868,0.060924719661578794,0.05614516654572651
13,0.15144531428813934,6.9426727294921875,0.08359374850988388,7.263962268829346,0.08266996835806556,0.08219150944546516,0.07611747435319939
14,0.18861328065395355,6.57498836517334,0.10773437470197678,6.906297206878662,0.10543744926312752,0.10583060665493074,0.09879977022600231
15,0.22458983957767487,6.217937469482422,0.14085938036441803,6.563258171081543,0.14003831842621567,0.13852350795767387,0.1307829777254226
16,0.26564452052116394,5.8769917488098145,0.17585937678813934,6.234623908996582,0.17495913634116864,0.1731623788078927,0.16435063114679943
17,0.3115234375,5.5470051765441895,0.21085937321186066,5.910759925842285,0.20849220364188664,0.2078915607293173,0.1989896286135775
18,0.3518945276737213,5.237536430358887,0.25664061307907104,5.598424911499023,0.25688388709288557,0.253161928265974,0.2437551408682951
19,0.39841797947883606,4.935672283172607,0.30492186546325684,5.294210433959961,0.3043135475652295,0.3013403006359511,0.29261631127457977
20,0.4453125,4.642096996307373,0.3464062511920929,5.009120464324951,0.34753918449302457,0.34292356665302803,0.3355872190418986
21,0.49205076694488525,4.364518165588379,0.39554688334465027,4.734304904937744,0.3958381259642695,0.39181809922393895,0.38521346420368074
22,0.5354883074760437,4.109870433807373,0.4362500011920929,4.481173038482666,0.43923628813991294,0.43287930920883244,0.4277760590495078
23,0.5669921636581421,3.8895702362060547,0.4739062488079071,4.244271278381348,0.47657610288115526,0.4704002448253878,0.4661041683874571
24,0.6035546660423279,3.6765244007110596,0.5067187547683716,4.033697605133057,0.510943034009546,0.5033437430928844,0.5002343228401557
25,0.6322460770606995,3.4817776679992676,0.5305469036102295,3.8379383087158203,0.5352000359499881,0.5276238005690839,0.524607266387285
26,0.6589453220367432,3.3043558597564697,0.5608593821525574,3.658310890197754,0.5658061906692345,0.5582746566964052,0.5557301759183846
27,0.6836718916893005,3.1407973766326904,0.5853124856948853,3.493678331375122,0.591780561150667,0.5828968576252573,0.5815337009317283
28,0.703125,2.9949779510498047,0.6071875095367432,3.346787452697754,0.6111544274534632,0.6048615780835711,0.6037176408561111
29,0.7251952886581421,2.8510303497314453,0.6245312690734863,3.2023143768310547,0.6290330287444577,0.6223412037251828,0.6215978892960614
30,0.7412109375,2.727440595626831,0.6412500143051147,3.0724692344665527,0.6459415533411056,0.6393320433554928,0.6387414252028059
31,0.7583203315734863,2.608835458755493,0.6497656106948853,2.955815076828003,0.6546101369304234,0.6475143727687342,0.6471433886822489
32,0.7736132740974426,2.4942595958709717,0.6685937643051147,2.839325189590454,0.6739381020421238,0.6667030338702706,0.6664783139457744
33,0.785449206829071,2.3923113346099854,0.6767968535423279,2.736513376235962,0.6811003142305447,0.6750303183491304,0.6747493498706432
34,0.8003320097923279,2.2946977615356445,0.6875781416893005,2.640690565109253,0.6921527772122305,0.6856042736550585,0.685381986963931
35,0.8094726800918579,2.2038791179656982,0.6967187523841858,2.5443031787872314,0.7013234810889142,0.6950605624059454,0.6945762130969448
36,0.8239843845367432,2.113898754119873,0.704296886920929,2.4628384113311768,0.7080637938000589,0.7025957951117371,0.7022727209604371
37,0.828808605670929,2.0386557579040527,0.7168750166893005,2.380192518234253,0.7217165061292447,0.7153308570969308,0.7152089787427098
38,0.8380078077316284,1.9649004936218262,0.7186718583106995,2.3053760528564453,0.7229335584272247,0.7171745321785673,0.7168930848843589
39,0.8463476300239563,1.8929595947265625,0.7280468940734863,2.2313625812530518,0.7321900973842804,0.7264815582595823,0.7263999651719358
40,0.8536328077316284,1.8224858045578003,0.7334374785423279,2.163419723510742,0.7378682679625497,0.731888017949997,0.7319022094217542
41,0.8598437309265137,1.7614097595214844,0.7393749952316284,2.1045031547546387,0.7442750873226381,0.7381501358392821,0.7380396867563425
42,0.865039050579071,1.697458028793335,0.7470312714576721,2.0360071659088135,0.7515801853018198,0.7455428492351187,0.7457656311924488
43,0.8720898628234863,1.642244815826416,0.752734363079071,1.9814013242721558,0.7571130360039778,0.7514978592288202,0.7515465829786735
44,0.8753125071525574,1.5884909629821777,0.7528125047683716,1.925758719444275,0.7573124571411876,0.7512760519027353,0.7513534594441658
45,0.880859375,1.5373899936676025,0.762499988079071,1.8709238767623901,0.7667293329034396,0.7611266247849223,0.7612083710244444
46,0.8840234279632568,1.4903113842010498,0.7584375143051147,1.8330044746398926,0.7619902588279942,0.7569895702166564,0.7569314566482046
47,0.8896093964576721,1.4455310106277466,0.7674999833106995,1.773177981376648,0.770790464830121,0.7663035727837083,0.7662684253156686
48,0.8924609422683716,1.4031572341918945,0.7649999856948853,1.741681694984436,0.7683963994611434,0.7634743681245619,0.7637044192194808
49,0.8949023485183716,1.3649888038635254,0.7749218940734863,1.6845276355743408,0.778282977168309,0.7737759222334418,0.773690618269458
50,0.8979101777076721,1.3231011629104614,0.7764062285423279,1.6473033428192139,0.7803083046334868,0.7750402337071312,0.7751013784662727
51,0.9003320336341858,1.2888989448547363,0.7783593535423279,1.611743450164795,0.782769196262888,0.777180799647472,0.7772201506191961
52,0.9049023389816284,1.2485177516937256,0.7850000262260437,1.5711222887039185,0.7890040090775688,0.7840116143015093,0.7841282808388186
53,0.9043554663658142,1.2204253673553467,0.7884374856948853,1.5383952856063843,0.7922515162463521,0.7875737594006138,0.787631191876822
54,0.9102929830551147,1.1833338737487793,0.7877343893051147,1.5070456266403198,0.791014907663407,0.7866742775669764,0.786824454204636
55,0.9110546708106995,1.1553163528442383,0.788281261920929,1.4814053773880005,0.7919308276614847,0.7874293217243509,0.7872633588413972
56,0.9146093726158142,1.121497631072998,0.7909374833106995,1.441593050956726,0.7943412139270254,0.7899296896358338,0.7900729761875921
57,0.9155663847923279,1.0971051454544067,0.7950780987739563,1.4174835681915283,0.7984406914693117,0.7939819471593957,0.7941037158921463
58,0.9149414300918579,1.0790966749191284,0.7994531393051147,1.3879823684692383,0.8030563677386404,0.7987958207582257,0.7989727454136861
59,0.9147655963897705,1.0525765419006348,0.7957812547683716,1.3675432205200195,0.7991204803857834,0.7948876189886891,0.794907572007052
60,0.9172656536102295,1.0303733348846436,0.7996875047683716,1.3385969400405884,0.8037353864037817,0.7988380789226379,0.798972296380334
61,0.9200390577316284,1.0071979761123657,0.8018749952316284,1.3184734582901,0.8055368630168636,0.8011168439716727,0.8011184016754797
62,0.9202929735183716,0.9853143095970154,0.8037499785423279,1.3015694618225098,0.8071857124033452,0.8028351955677815,0.8027705131707286
63,0.9220507740974426,0.9662567973136902,0.8092187643051147,1.268439531326294,0.8124145427986709,0.8084049320741657,0.8084493066477706
64,0.9218945503234863,0.9499640464782715,0.8088281154632568,1.253398060798645,0.812004192659885,0.8076910480349189,0.8077166398268183
65,0.9212304949760437,0.9340978860855103,0.8072656393051147,1.237679362297058,0.8107063887059995,0.8060426621403435,0.8060571756090551
66,0.9220312237739563,0.9161219000816345,0.8106250166893005,1.2173269987106323,0.8141172630748506,0.8097077061529385,0.8099026688945808
67,0.9251562356948853,0.8956277370452881,0.8127343654632568,1.1899529695510864,0.81581811792663,0.8116796965134361,0.8118473702514978
68,0.9248242378234863,0.8791584968566895,0.8131250143051147,1.1769225597381592,0.8170145844562431,0.811899086706051,0.8120067222227476
69,0.9266210794448853,0.867234468460083,0.8139843940734863,1.164807677268982,0.8175934196151482,0.8131502853454837,0.8133241572087728
70,0.9268554449081421,0.8532087802886963,0.8164843916893005,1.147843837738037,0.8192445230893177,0.815484848271989,0.8155705112628442
71,0.9272851347923279,0.8402919769287109,0.815234363079071,1.1424548625946045,0.8184049923182783,0.8140512813792822,0.8142234429264829
72,0.925585925579071,0.8299938440322876,0.815625011920929,1.1249911785125732,0.8187886714083475,0.8144232367030018,0.8146138126127617
73,0.9291210770606995,0.814724326133728,0.8207812309265137,1.1043193340301514,0.824228179639787,0.8198342166612813,0.820073120767829
74,0.9275586009025574,0.8073066473007202,0.8192187547683716,1.1002349853515625,0.8221664109009028,0.81853970176445,0.8186482101732058
75,0.9320507645606995,0.7878738641738892,0.8260937333106995,1.065710186958313,0.8290992127556789,0.8249311908433392,0.8251791453290378
76,0.9332616925239563,0.7733219265937805,0.8265625238418579,1.064366340637207,0.8298316384381025,0.8257520628624102,0.8259137125798443
77,0.932812511920929,0.7649600505828857,0.8263280987739563,1.0559706687927246,0.8292678495364352,0.8252995698563409,0.8255757420203489
78,0.9339648485183716,0.7567337155342102,0.8243749737739563,1.04315984249115,0.8273494568982874,0.8234998202582793,0.8237324612745796
79,0.931640625,0.7507838606834412,0.829296886920929,1.029239535331726,0.8323119943556044,0.8284726405434351,0.8285909895794512
80,0.9327539205551147,0.7429409623146057,0.8307812213897705,1.0208359956741333,0.8337349626538482,0.8297182796425908,0.8298772701239221
81,0.93212890625,0.7339351773262024,0.8333593606948853,1.0064802169799805,0.8363964042136954,0.8330071296250228,0.8329434807998661
82,0.9336718916893005,0.7254678606987,0.831250011920929,1.0105888843536377,0.8338747524498864,0.8304759472995024,0.8306021715509577
83,0.9335741996765137,0.7179251313209534,0.8279687762260437,0.9995630383491516,0.8302080473361907,0.8269453512020886,0.8269029442542755
84,0.9321484565734863,0.7157309055328369,0.8366405963897705,0.9851275086402893,0.8397660566494618,0.8360818731012014,0.8363240005326505
85,0.9347265362739563,0.7014980316162109,0.8397656083106995,0.9666582345962524,0.8426533152661619,0.8387888904858576,0.8390902468027887
86,0.9343359470367432,0.6957082152366638,0.8360156416893005,0.9710536003112793,0.839437969969627,0.8352143966818448,0.8354617891800227
87,0.9379296898841858,0.6837767958641052,0.8393750190734863,0.9525169134140015,0.8427930893466551,0.8385964358159248,0.8387343743937756
88,0.936328113079071,0.6823880672454834,0.8334375023841858,0.9639853835105896,0.8367943362701918,0.8326497536452592,0.8328487545266599
89,0.9353125095367432,0.6777968406677246,0.8369531035423279,0.9440923929214478,0.839952473060749,0.8359797531416127,0.8362113745129605
90,0.934863269329071,0.6694246530532837,0.8394531011581421,0.947147011756897,0.8426719926432735,0.8384616724072469,0.8386289283864543
91,0.9354687333106995,0.6661527156829834,0.8432812690734863,0.9288226962089539,0.8466475172329933,0.8426151704247862,0.8428003621033981
92,0.9372851848602295,0.6594970226287842,0.8374218940734863,0.9324216246604919,0.8406148111289817,0.8362282051479331,0.8364329051095765
93,0.9388867020606995,0.6533476114273071,0.8470312356948853,0.9093594551086426,0.8496973507709431,0.846293694243708,0.8464529191696273
94,0.9397265911102295,0.6437669396400452,0.8432031273841858,0.9114633202552795,0.8457404028027614,0.8425346661727676,0.8425112419943623
95,0.9365234375,0.6478615403175354,0.8422656059265137,0.912710964679718,0.8451005620611197,0.8415653153207904,0.8415726051625291
96,0.9380468726158142,0.6378031969070435,0.8433593511581421,0.8994249105453491,0.8467827107260868,0.8424423769005296,0.8426949252688917
97,0.93603515625,0.6368475556373596,0.8411718606948853,0.9097225666046143,0.8444926624473976,0.8404823887287876,0.840776518121374
98,0.936816394329071,0.6351965069770813,0.8432031273841858,0.8954476118087769,0.8460515836248585,0.8424270064696628,0.8426989247837
99,0.9358593821525574,0.6309211850166321,0.8446875214576721,0.8894508481025696,0.8474062744238019,0.8440466096527268,0.8441940637328884
100,0.9379492402076721,0.625196099281311,0.8460937738418579,0.8901886940002441,0.8492540044437381,0.8451831466954802,0.8454220668453418
101,0.9401171803474426,0.6170244812965393,0.849609375,0.8749423027038574,0.8531000886567809,0.848715332818788,0.8490950557779698
102,0.9370507597923279,0.6195595860481262,0.8505468964576721,0.8640654683113098,0.8534470714681365,0.8498827870544982,0.8500457704569334
103,0.9361327886581421,0.6205090284347534,0.8515625,0.8597948551177979,0.8546523794657397,0.8507429435253715,0.850982433579045
104,0.9393945336341858,0.6088680028915405,0.8506249785423279,0.8596984148025513,0.8537295782861215,0.8496769137904429,0.849933316746122
105,0.9387304782867432,0.6073927879333496,0.8508594036102295,0.8506422638893127,0.8539437863379723,0.8499871288369539,0.8502714063564449
106,0.9400781393051147,0.6002628207206726,0.8531249761581421,0.8447318077087402,0.8554741532972548,0.8522998093547259,0.8525535740153667
107,0.9397070407867432,0.5991325974464417,0.8575000166893005,0.8409249186515808,0.8602267838003355,0.8569949524136506,0.8570857395562974
108,0.9415624737739563,0.5923988819122314,0.849609375,0.8471390008926392,0.853124994936793,0.8487086319558814,0.8489079160550891
109,0.9390038847923279,0.5958744883537292,0.8534374833106995,0.8377960920333862,0.8564074994480133,0.8526752915585898,0.8527727252739986
110,0.9420117139816284,0.5892494916915894,0.8539062738418579,0.8404337167739868,0.856493128646611,0.8529512125677374,0.8532256977499031
111,0.9415624737739563,0.5846176743507385,0.854687511920929,0.8322476148605347,0.8576480440922039,0.8538947176255067,0.8541444241313414
112,0.9436328411102295,0.5777761936187744,0.8496875166893005,0.8435491323471069,0.8523998673010538,0.8487296895200291,0.8491108732846694
113,0.9424218535423279,0.577981173992157,0.854296863079071,0.8270432949066162,0.8567676069738306,0.8536716290725317,0.8537910773100268
114,0.9431054592132568,0.5752438902854919,0.8533594012260437,0.826392650604248,0.856181736801529,0.8527496910030836,0.8529656997829792
115,0.9421093463897705,0.5750851631164551,0.8619531393051147,0.8118090033531189,0.8648633842659922,0.8613135386318932,0.8615426361231944
116,0.9437109231948853,0.5706619620323181,0.8542187213897705,0.822711706161499,0.8579913495060113,0.853579565213483,0.8537316667210636
117,0.9430859088897705,0.5675689578056335,0.8617187738418579,0.7998741865158081,0.8643920788919581,0.8608832525109604,0.8610443047582866
118,0.9405859112739563,0.5700681805610657,0.8581249713897705,0.8072521686553955,0.8608126490255106,0.8573218774284967,0.857561289509716
119,0.940625011920929,0.5708181858062744,0.8553906083106995,0.815582811832428,0.8579028293180957,0.8545939935787072,0.8546518578816518
120,0.94189453125,0.5666138529777527,0.8594531416893005,0.8081912398338318,0.8621631112740313,0.8587085842191822,0.8588929287366143
121,0.942089855670929,0.5645999312400818,0.8645312786102295,0.799743115901947,0.8669188723121714,0.8639602786134666,0.8640872875808483
122,0.9424414038658142,0.5630815625190735,0.8561718463897705,0.8065811991691589,0.8586843704704072,0.8555182141704636,0.8555239364258755
123,0.9435351490974426,0.5577021837234497,0.8655468821525574,0.7900747656822205,0.8685144539720133,0.8645418713731635,0.8648283385206352
124,0.9433007836341858,0.5544350147247314,0.8617187738418579,0.7988200187683105,0.8650497788747382,0.860947044355034,0.8611676766606768
125,0.9430273175239563,0.5551294088363647,0.8603906035423279,0.7984344959259033,0.8633417470146493,0.8596540096800739,0.8599875638183576
126,0.9446679949760437,0.5510124564170837,0.8607812523841858,0.7940459251403809,0.8639430090838528,0.8600510831681722,0.8603295328232509
127,0.9443163871765137,0.54909348487854,0.8648437261581421,0.7832096815109253,0.867731860439763,0.8642431559315684,0.864428100551015
128,0.9449804425239563,0.5481754541397095,0.8642968535423279,0.7768546342849731,0.8668579511418946,0.8636754536458398,0.8639295743881319
129,0.9431445598602295,0.5492112636566162,0.8615624904632568,0.7882703542709351,0.86418732277456,0.8610837324950532,0.8611272799725238
130,0.9448632597923279,0.5470610857009888,0.8664844036102295,0.7812966108322144,0.8689894052034319,0.8656976644170522,0.8658705176193402
131,0.9428906440734863,0.546389639377594,0.8684375286102295,0.7697179913520813,0.8707461469899154,0.8676264870248975,0.8677694568486043
132,0.9457421898841858,0.538036048412323,0.8625781536102295,0.7825899720191956,0.8648742071077513,0.8618671659144215,0.8621022637813335
133,0.940625011920929,0.5512904524803162,0.8650000095367432,0.7761739492416382,0.8673048286664274,0.864376597858716,0.8645681000104073
134,0.9433984160423279,0.5448057651519775,0.8715624809265137,0.765393853187561,0.8738645095739258,0.8708718572259996,0.871116215133638
135,0.9468749761581421,0.5345003008842468,0.8682031035423279,0.7708708047866821,0.8706622722040775,0.8672508108808293,0.8676388784900687
136,0.9425195455551147,0.5418747067451477,0.8645312786102295,0.7737122178077698,0.8673921421773485,0.8637950077904694,0.8641640848483292
137,0.9439257979393005,0.5397007465362549,0.8725000023841858,0.7593904137611389,0.8750193255387344,0.8718875957167944,0.8721706684411623
138,0.9457812309265137,0.5360106825828552,0.8717968463897705,0.7553905248641968,0.8742557103145728,0.871032609733591,0.8713031115954714
139,0.9462500214576721,0.5329822897911072,0.8705468773841858,0.7462125420570374,0.8726839875538002,0.8698825835563971,0.8700470952064445
140,0.9466211199760437,0.5302786827087402,0.8689844012260437,0.7600297331809998,0.871694839021411,0.8684047362295506,0.8686232881395808
141,0.9444726705551147,0.535630464553833,0.8729687333106995,0.7521301507949829,0.8755179198743874,0.8722668090539742,0.8724839158952641
142,0.947460949420929,0.5278947949409485,0.875,0.7483193874359131,0.8777788032424032,0.8743870655550114,0.8746110341054683
143,0.9447070360183716,0.5313943028450012,0.8673437237739563,0.762683093547821,0.8698716876881177,0.8669616158623985,0.8670600795813773
144,0.9442383050918579,0.5303815603256226,0.8755468726158142,0.7405433058738708,0.8777280259602203,0.8747895244866829,0.8749679881453729
145,0.9448437690734863,0.5305017232894897,0.8682812452316284,0.7579008340835571,0.8714993503519938,0.8676156294950731,0.8679172295162669
146,0.945996105670929,0.5292083621025085,0.8690624833106995,0.7654874920845032,0.8712672764427004,0.8683525193551416,0.8684512422244095
147,0.9424023628234863,0.5349727869033813,0.8743749856948853,0.7532148957252502,0.8770482951006483,0.874139925148723,0.8741276432573738
148,0.9437695145606995,0.532346248626709,0.8717968463897705,0.7482332587242126,0.8743551951485626,0.8713381298948741,0.8714965381680602
149,0.9449414014816284,0.5276577472686768,0.8685156106948853,0.7634124159812927,0.8707763544535676,0.867793088122015,0.8680297833946001
150,0.947558581829071,0.5250570178031921,0.8756250143051147,0.7436895966529846,0.8778337541290144,0.8751057687817346,0.8752651984664117
151,0.9493359327316284,0.5187610983848572,0.876171886920929,0.7412702441215515,0.8786797027211992,0.8755050448654151,0.8757879330433088
152,0.9488086104393005,0.5169716477394104,0.8764062523841858,0.7424948811531067,0.8790191745419749,0.8757558565285588,0.8761015359792202
153,0.9446679949760437,0.5252149701118469,0.8735937476158142,0.7398324608802795,0.8761465762711145,0.8727841803124856,0.8730931340048103
154,0.9462109208106995,0.5220478177070618,0.8806250095367432,0.7270910143852234,0.882711791023314,0.8798262175992249,0.880014725064638
155,0.9466797113418579,0.5185326933860779,0.8775781393051147,0.7252868413925171,0.8797982876123303,0.8768421740616293,0.877194718430613
156,0.9465234279632568,0.5194092988967896,0.8767187595367432,0.7279551029205322,0.8790380851672633,0.8759865481959563,0.8762323297803064
157,0.9470508098602295,0.5183912515640259,0.8783593773841858,0.7322779893875122,0.8805752504491151,0.877534261798038,0.8777983619699029
158,0.9462304711341858,0.5214416980743408,0.8733593821525574,0.7334714531898499,0.8755484161859522,0.8728672488936788,0.8730296837001998
159,0.947460949420929,0.5168070197105408,0.8797656297683716,0.7168776988983154,0.8818831660915042,0.8789973914049265,0.8792169074828562
160,0.9445703029632568,0.5244256854057312,0.8789843916893005,0.7220448851585388,0.8808889630582067,0.8785949395226045,0.8786536720587497
161,0.9461132884025574,0.517442524433136,0.875781238079071,0.7288731932640076,0.8777725608906854,0.8752859894922134,0.8753657795313887
162,0.9485546946525574,0.5136759877204895,0.8779687285423279,0.7243703603744507,0.8799749288913488,0.8771265851105765,0.8772915892094653
163,0.9495508074760437,0.5091661810874939,0.8828906416893005,0.7154910564422607,0.8852407833204555,0.8821070921531649,0.8823605233155446
164,0.9459375143051147,0.5166836380958557,0.8812500238418579,0.7292347550392151,0.8834083936773255,0.8805231713078581,0.8807401393135159
165,0.9470508098602295,0.5146236419677734,0.8797656297683716,0.7268609404563904,0.8820761092220997,0.8790371938637167,0.8792544853846369
166,0.9472460746765137,0.5149052739143372,0.8829687237739563,0.7194916605949402,0.8852819882940657,0.8822919328433194,0.8823301377248676
167,0.9459765553474426,0.5164892077445984,0.876953125,0.7389873266220093,0.8793570304683631,0.876256084659742,0.8764649067507695
168,0.9460742473602295,0.5175426006317139,0.880859375,0.724825382232666,0.8829960108710712,0.8802259384794069,0.8802768533233122
169,0.9476171731948853,0.5118343830108643,0.8822656273841858,0.7232329845428467,0.88412993299454,0.8817401584437324,0.8817974897601134
170,0.9452929496765137,0.5162806510925293,0.885937511920929,0.7204124927520752,0.8881932625380086,0.8852118924206627,0.8855449932771836
171,0.9460351467132568,0.5130377411842346,0.8811718821525574,0.7248131632804871,0.8833596491146453,0.8805454387602913,0.8807741435222007
172,0.9491797089576721,0.5070394277572632,0.8825781345367432,0.7101399302482605,0.8849072928502435,0.8818460557911791,0.8820923272528053
173,0.950390636920929,0.5044229030609131,0.880078136920929,0.7176508903503418,0.8822572150442399,0.8792708343386249,0.8794781060086347
174,0.9471484422683716,0.511845052242279,0.8814843893051147,0.7170225381851196,0.88385627895715,0.8808291109696001,0.881137161647332
175,0.948046863079071,0.5094504356384277,0.8860937356948853,0.7097023725509644,0.8877342958975623,0.8854371900283793,0.885585342163312
176,0.949511706829071,0.5067085027694702,0.8837500214576721,0.7184306979179382,0.8858331475610078,0.8830449792428492,0.8833479272881715
177,0.9470898509025574,0.5103675127029419,0.8841406106948853,0.7104933261871338,0.8862472685610387,0.8834842475853832,0.8835443833901295
178,0.9506640434265137,0.5031977295875549,0.8824999928474426,0.713103711605072,0.8851920642547659,0.8821067236352736,0.8822854706704804
179,0.948535144329071,0.5054460167884827,0.8824999928474426,0.7108078002929688,0.8848160113490375,0.8815120938928402,0.8817616328427482
180,0.9494531154632568,0.5031882524490356,0.8857031464576721,0.7011355757713318,0.8881842258797092,0.8851895201665575,0.8854050317571163
181,0.9484961032867432,0.5034650564193726,0.8840625286102295,0.7092974185943604,0.8860055928482753,0.8835356995490871,0.8836764680172318
182,0.9508203268051147,0.4997390806674957,0.8829687237739563,0.7051093578338623,0.8848131244366801,0.8824003225161615,0.8823388668716431
183,0.9492968916893005,0.503714382648468,0.8795312643051147,0.7230576872825623,0.8816611103321226,0.8792119160798302,0.8794684235023673
184,0.9475781321525574,0.508624792098999,0.8789843916893005,0.7257705926895142,0.8811415864745333,0.8783866002740638,0.8785631202438302
185,0.9490625262260437,0.5048962235450745,0.8869531154632568,0.698299765586853,0.8892545535068268,0.8864337796722439,0.8865372385441135
186,0.9494922161102295,0.5006259083747864,0.887499988079071,0.6988802552223206,0.889882707867155,0.887020196772658,0.8870948476977364
187,0.9498632550239563,0.5019299387931824,0.8856250047683716,0.7032039761543274,0.8878367228339519,0.8849426642743186,0.8852417514096549
188,0.9497851729393005,0.5002522468566895,0.8836718797683716,0.7033113837242126,0.8857741735046266,0.8829751879644727,0.8831707536692261
189,0.9488672018051147,0.5009361505508423,0.8889843821525574,0.6974825859069824,0.8910014276662093,0.8884619287982589,0.8886565707473193
190,0.9502929449081421,0.49798136949539185,0.8874218463897705,0.7072288393974304,0.8898677760362219,0.8869140523215691,0.887161956269461
191,0.9498046636581421,0.5004452466964722,0.8841406106948853,0.7070754766464233,0.8858902953813532,0.8834491760267963,0.8835503718484299
192,0.9468749761581421,0.5060531497001648,0.8874218463897705,0.7024078369140625,0.8891281380899834,0.8867204387497436,0.8868546629836564
193,0.950976550579071,0.49927109479904175,0.889453113079071,0.7077494859695435,0.8917501973638529,0.8889835830142476,0.8890469299741843
194,0.9504101276397705,0.49720945954322815,0.885937511920929,0.7067632079124451,0.888243027470966,0.8856502173037086,0.8858032633364608
195,0.9496093988418579,0.49824976921081543,0.8861718773841858,0.7073986530303955,0.8883598261068392,0.8854146409650968,0.8855907100218181
196,0.9481054544448853,0.5050138235092163,0.8834375143051147,0.7102451324462891,0.8863621080127386,0.8829192865757345,0.8831938751987638
197,0.9489648342132568,0.5018908977508545,0.8864062428474426,0.7008289098739624,0.8886990534017967,0.885510615809604,0.885815718243799
198,0.9496484398841858,0.4998764395713806,0.8831250071525574,0.7015539407730103,0.88541507456604,0.8823407708358797,0.8826552745201549
199,0.9493554830551147,0.5001175403594971,0.8881250023841858,0.6975855827331543,0.8902758379019038,0.8877001580169919,0.8877851485416188
200,0.9474999904632568,0.5053184032440186,0.8841406106948853,0.6949500441551208,0.8864681958449123,0.8835422855775616,0.8837152716787788
201,0.9522265791893005,0.49265700578689575,0.8924219012260437,0.6801523566246033,0.8946724872524001,0.8918159345943615,0.8920434451842725
202,0.9495508074760437,0.5002048015594482,0.8916406035423279,0.6870645880699158,0.8934873921042761,0.8907795673493402,0.8910769368535455
203,0.9501953125,0.4965093731880188,0.8923437595367432,0.6895145177841187,0.8947398202607284,0.8921474832004423,0.8922126154805232
204,0.9497656226158142,0.49536922574043274,0.8890625238418579,0.688332200050354,0.8918067950517354,0.8884318293362881,0.8888145558130822
205,0.9494922161102295,0.4985826015472412,0.8907812237739563,0.6925643682479858,0.893048396255979,0.8901622318310918,0.8903870456173766
206,0.9474804401397705,0.5033868551254272,0.8893749713897705,0.6988655924797058,0.8914465714863394,0.8889500231023814,0.8891631320819313
207,0.9515820145606995,0.49640601873397827,0.8912500143051147,0.6865895986557007,0.8934452522466059,0.8907655565715741,0.8910781303004414
208,0.9538671970367432,0.4884399473667145,0.8957812786102295,0.6715797185897827,0.8977709232532192,0.8952120572272743,0.8953987844777469
209,0.9528710842132568,0.48693034052848816,0.887890636920929,0.6930072903633118,0.890164784769313,0.8874118302394001,0.8875750505664717
210,0.9495702981948853,0.4957331717014313,0.8871874809265137,0.6985419392585754,0.8896012934602158,0.8869438659540387,0.8870017885268892
211,0.952441394329071,0.4887407720088959,0.8852343559265137,0.7072946429252625,0.8876887086140068,0.8845948601728622,0.8847585657348858
212,0.94970703125,0.49338725209236145,0.8869531154632568,0.7065434455871582,0.8892244952642215,0.8864846040714168,0.8866215443526877
213,0.9508203268051147,0.49198901653289795,0.8926562666893005,0.6910802721977234,0.8949948507178899,0.8922020187602979,0.8924027550514502
214,0.9505273699760437,0.4961473345756531,0.8920312523841858,0.6754589676856995,0.8938812865603345,0.8913702577914855,0.8916134220133243
215,0.9509961009025574,0.4926213026046753,0.8949218988418579,0.6738322973251343,0.8974018677244473,0.8943851459619169,0.8945379130559814
216,0.9491015672683716,0.49849334359169006,0.8901562690734863,0.6913030743598938,0.8919733822356206,0.889666897586713,0.8896777581128787
217,0.951171875,0.49115291237831116,0.8911718726158142,0.6902055144309998,0.8934480780199732,0.8903131778668847,0.8905963577331913
218,0.9494922161102295,0.4950268864631653,0.8910937309265137,0.6937155723571777,0.8938581869616282,0.8902325506703936,0.8906991772066337
219,0.9499218463897705,0.4950638711452484,0.8944531083106995,0.6808959245681763,0.8965929779914252,0.8939808156098351,0.8940877922524416
220,0.9477734565734863,0.49920493364334106,0.8971093893051147,0.6702790856361389,0.8991552085449964,0.8967116447934385,0.8968271909515797
221,0.94775390625,0.501389741897583,0.8902343511581421,0.6953189373016357,0.8928382028362092,0.8895615232108065,0.8898461971991825
222,0.9483203291893005,0.4994093179702759,0.8914843797683716,0.681773841381073,0.8934347458350465,0.891103528688165,0.8910752529069557
223,0.9512109160423279,0.492442786693573,0.8955468535423279,0.6806308031082153,0.8976543655788911,0.8949858314019159,0.8952393599153792
224,0.9500585794448853,0.49258631467819214,0.8967187404632568,0.6712813377380371,0.8992735351644159,0.8961163083521115,0.8963538189888408
225,0.9501953125,0.4933430850505829,0.8935156464576721,0.684761643409729,0.8960810924616717,0.8929291015198209,0.8932013787705901
226,0.9540429711341858,0.4878518581390381,0.8973437547683716,0.6734172701835632,0.899996742589904,0.8968035102555367,0.897021393351064
227,0.9541991949081421,0.48528730869293213,0.8990625143051147,0.667349100112915,0.9014439665173637,0.898542784949471,0.8988072752361519
228,0.9513280987739563,0.4882076680660248,0.8978124856948853,0.6609295010566711,0.9002574347220799,0.8972572082368584,0.8974798908122552
229,0.95166015625,0.4873770773410797,0.8963281512260437,0.6724745035171509,0.8984937458546198,0.8957825716803616,0.8960067997724044
230,0.9518359303474426,0.4875398278236389,0.8948437571525574,0.6737158298492432,0.8972278116616512,0.8943746654163494,0.8945241715270424
231,0.9526953101158142,0.4866703450679779,0.8960156440734863,0.6709246635437012,0.8982964138670345,0.8956548608971487,0.8957387222091409
232,0.9505468606948853,0.4917672276496887,0.8946093916893005,0.6719133853912354,0.8963585722223898,0.8938906386141815,0.8941196567455727
233,0.9499413967132568,0.4931928217411041,0.8918750286102295,0.6751459240913391,0.8945772284715598,0.8912697627851001,0.8914910122066205
234,0.9505468606948853,0.48762908577919006,0.8953906297683716,0.6790826916694641,0.8978797711134623,0.894774919110142,0.8951556761265358
235,0.9504687786102295,0.49265822768211365,0.897656261920929,0.6643696427345276,0.8998882487209829,0.8969506795248576,0.8973579921325554
236,0.951464831829071,0.4900020360946655,0.9010156393051147,0.6627470254898071,0.9028859531938074,0.9005173474579905,0.9006550333811234
237,0.9518163800239563,0.4883474111557007,0.8954687714576721,0.6765478253364563,0.897598812401568,0.8948955932359628,0.8950365207488784
238,0.9512890577316284,0.4889235198497772,0.8971093893051147,0.6757278442382812,0.8993446269160918,0.8965475187198388,0.8966646710978227
239,0.9486718773841858,0.4946538507938385,0.8978124856948853,0.6677733063697815,0.9002338754713739,0.8975581240252433,0.8976865069726541
240,0.9513476490974426,0.4911743104457855,0.8980468511581421,0.6756361126899719,0.9002579591464479,0.8975334701250595,0.8977482090778645
241,0.9505078196525574,0.4898262917995453,0.8967968821525574,0.6694401502609253,0.8991567724682579,0.8960497552347619,0.8963598900937638
242,0.9521288871765137,0.48583245277404785,0.8977344036102295,0.666744589805603,0.8997447845374429,0.8970754030989501,0.8973083936240602
243,0.9530273675918579,0.4827660322189331,0.8998437523841858,0.659942626953125,0.9020926747702049,0.8992928150898903,0.8995294494468747
244,0.9538867473602295,0.48234617710113525,0.8968750238418579,0.661488950252533,0.8992550882112167,0.8963024152551486,0.896658739886361
245,0.9551367163658142,0.4784174859523773,0.9001562595367432,0.6649925112724304,0.9027186084027429,0.8994017575634696,0.8997645647845602
246,0.9521288871765137,0.48654261231422424,0.9002344012260437,0.6670553684234619,0.9024344267940356,0.8997308922881255,0.8998679711502096
247,0.9510351419448853,0.48519036173820496,0.8907031416893005,0.6870660185813904,0.8931182122007426,0.8901185525545705,0.8904649247159482
248,0.9521288871765137,0.4855037331581116,0.9002344012260437,0.6601433753967285,0.9020772560761745,0.8996221734950957,0.8998515947081451
249,0.9514843821525574,0.4861576557159424,0.9016406536102295,0.6538028717041016,0.903715017698769,0.9010580086713512,0.9012796976336945
250,0.9506054520606995,0.4882725775241852,0.897265613079071,0.6644898056983948,0.8998108009174658,0.8966186594788967,0.8968788318381495
251,0.9510742425918579,0.4863768517971039,0.8988281488418579,0.6594295501708984,0.9012201516856537,0.8981032408441615,0.8983786538679583
252,0.9510156512260437,0.488582581281662,0.9019531011581421,0.654593288898468,0.9041280493176246,0.9014137259009141,0.9016929603478482
253,0.9518945217132568,0.4835628271102905,0.8960156440734863,0.6740449666976929,0.8978666810018319,0.8955377767719654,0.8956882750377553
254,0.9505468606948853,0.4870443344116211,0.9000781178474426,0.661723256111145,0.9020401361242701,0.8995321306413131,0.8996611177964215
255,0.9529687762260437,0.4837401509284973,0.9018750190734863,0.6484163403511047,0.903936295898546,0.9013429910859524,0.9015063504848182
256,0.9527148604393005,0.48193177580833435,0.8969531059265137,0.6589402556419373,0.8991660485918509,0.8965328182457388,0.8966616377903136
257,0.9528515338897705,0.482374370098114,0.9009374976158142,0.6481223106384277,0.9032865653486145,0.9005589903287188,0.9006620212581404
258,0.9545702934265137,0.4782460927963257,0.903515636920929,0.6519023776054382,0.9055520534424468,0.9031611715910453,0.903342662457027
259,0.9527734518051147,0.48455315828323364,0.9022656083106995,0.6473652720451355,0.9043229060414588,0.9016886855467419,0.9019201387029404
260,0.9523828029632568,0.4847744107246399,0.9021093845367432,0.6638006567955017,0.9042712669590676,0.9017317893937691,0.9018488962609532
261,0.9504101276397705,0.4875012934207916,0.8981249928474426,0.6646519303321838,0.9003128542407528,0.8977638376795818,0.8978658847511595
262,0.9513476490974426,0.4869113862514496,0.9017968773841858,0.6535143256187439,0.9045221830088033,0.901160382827523,0.9014037516371421
263,0.9520702958106995,0.48548275232315063,0.9016406536102295,0.6561526656150818,0.903769612012633,0.9011762169711297,0.901396903861577
264,0.9531054496765137,0.48301395773887634,0.899609386920929,0.6535319685935974,0.9018414542578821,0.8992241386311869,0.8993154324975594
265,0.9530078172683716,0.48276960849761963,0.9053124785423279,0.6492859721183777,0.9074125468165903,0.9047722862161387,0.9049696003002774
266,0.9541406035423279,0.48032572865486145,0.8999999761581421,0.656260073184967,0.9019128485523489,0.8997104685079772,0.8998404702493101
267,0.9532812237739563,0.48022329807281494,0.9018750190734863,0.6539897322654724,0.9040207776021153,0.9015648246010102,0.9016728889206831
268,0.9527539014816284,0.4828971028327942,0.9020312428474426,0.643678605556488,0.9044872901834524,0.9013626599805084,0.901685220647082
269,0.9519922137260437,0.4835314452648163,0.8986718654632568,0.6628419756889343,0.9008646244941494,0.8981625355917557,0.8983999076584397
270,0.9550195336341858,0.47516536712646484,0.9028906226158142,0.6526947021484375,0.9051182177010887,0.9022073000772401,0.9024612492021518
271,0.9553320407867432,0.4756471514701843,0.9082812666893005,0.6419276595115662,0.9098293291894963,0.9079770571800702,0.9079404245994387
272,0.9532226324081421,0.48000961542129517,0.9022656083106995,0.6489023566246033,0.9042137502135785,0.9018693855573638,0.9019126730042245
273,0.9546288847923279,0.47987568378448486,0.9055469036102295,0.6452444195747375,0.9073662352725007,0.9049766875561014,0.9052275220618905
274,0.9538867473602295,0.47739848494529724,0.9034374952316284,0.6493990421295166,0.9056551571781862,0.9030135665594357,0.9031400011885831
275,0.9535156488418579,0.4785482883453369,0.9078124761581421,0.6373311877250671,0.9097883974169686,0.9072675910932287,0.9074848074442653
276,0.9531640410423279,0.47776898741722107,0.8993750214576721,0.6557227969169617,0.9016121150330971,0.8986768548739473,0.8988984249812166
277,0.9520312547683716,0.48335498571395874,0.9017187356948853,0.6501123905181885,0.9041224609528076,0.9009978456966282,0.9012938612961425
278,0.9518359303474426,0.48313069343566895,0.9042187333106995,0.6434823870658875,0.9062870017914233,0.9036382132316573,0.9038957385153296
279,0.952343761920929,0.48030194640159607,0.9038281440734863,0.6504983305931091,0.9060383210292481,0.9031738673277288,0.9033899809325325
280,0.9536718726158142,0.4776025414466858,0.9048437476158142,0.6493692994117737,0.9070707474117878,0.9042633628464887,0.9044822052552971
281,0.9516797065734863,0.48251575231552124,0.9060937762260437,0.640418529510498,0.90786676529867,0.9055884371153564,0.905792635290437
282,0.9521874785423279,0.4835657775402069,0.9087499976158142,0.6404533386230469,0.9107247319310796,0.9081132063041241,0.9082868061361155
283,0.9547070264816284,0.47512301802635193,0.9045312404632568,0.642073392868042,0.9062859474859976,0.9037754179022679,0.9039487728789399
284,0.9561914205551147,0.4712108373641968,0.9032812714576721,0.6448017954826355,0.905403681716606,0.9026605657614266,0.9028872216339752
285,0.9534570574760437,0.47627899050712585,0.903515636920929,0.6530933380126953,0.9053599596408076,0.9032284463376903,0.9032889229722306
286,0.9524999856948853,0.48235705494880676,0.899609386920929,0.6584965586662292,0.9010869858281091,0.8990916770496058,0.8992458422376474
287,0.9522460699081421,0.4809664189815521,0.900390625,0.649193286895752,0.9022634511553482,0.8998490229140862,0.8999156458495219
288,0.9516797065734863,0.48665478825569153,0.8982812762260437,0.6760070323944092,0.8998528306093831,0.8977859050328414,0.8978140063172062
289,0.951464831829071,0.4855263829231262,0.8981249928474426,0.660854160785675,0.9001451870845287,0.897426704190511,0.8976732788231623
290,0.9514843821525574,0.4844151735305786,0.9049218893051147,0.651902973651886,0.9066239833282083,0.9043780126600349,0.9045522254371121
291,0.9527343511581421,0.4833250343799591,0.9065625071525574,0.6445013284683228,0.908456495460778,0.9061437270647006,0.9062986294142199
292,0.954296886920929,0.47769176959991455,0.9053906202316284,0.6455841064453125,0.9072927578924352,0.9049511028258426,0.9051609121570996
293,0.9546484351158142,0.47714558243751526,0.9043750166893005,0.6567507982254028,0.906054071681176,0.9040065570458284,0.9041200335144037
294,0.953808605670929,0.4797092378139496,0.8998437523841858,0.6576488614082336,0.9014979324090594,0.8994190620050715,0.8994640624156515
295,0.953906238079071,0.47647029161453247,0.9048437476158142,0.6521248817443848,0.9066166037971646,0.9041848889612814,0.9043786810663242
296,0.9527929425239563,0.48014411330223083,0.9028906226158142,0.6583875417709351,0.9051703290971418,0.9025661641839787,0.9027297128868078
297,0.9538280963897705,0.47737789154052734,0.8997656106948853,0.6645400524139404,0.9018059689258878,0.8992538181036491,0.8994071689948745
298,0.9528515338897705,0.47916144132614136,0.9029687643051147,0.6508772373199463,0.9048923255985871,0.902444344083132,0.9025760096907719
299,0.9559960961341858,0.47460612654685974,0.905078113079071,0.6479122042655945,0.9075077984153161,0.9042343297655131,0.9046486133320533
300,0.9540234208106995,0.47622454166412354,0.9027343988418579,0.6532159447669983,0.9045180046257275,0.9021535955458377,0.902421445171572
301,0.9546288847923279,0.475825697183609,0.9075781106948853,0.6379125714302063,0.9094859473598635,0.9069466790421592,0.9071947329193891
302,0.9542187452316284,0.47596561908721924,0.9022656083106995,0.6536778211593628,0.9043554058794596,0.9017157919309713,0.9019299267989154
303,0.9534375071525574,0.47636643052101135,0.9049999713897705,0.6451870799064636,0.9068282849218439,0.9044473526110903,0.9045788574031867
304,0.954785168170929,0.47733697295188904,0.9067968726158142,0.63908851146698,0.9087654968624941,0.9063031749357547,0.9064844897470523
305,0.9543554782867432,0.47628074884414673,0.9092187285423279,0.6309114694595337,0.9114990538687349,0.9087387122349849,0.909021014430931
306,0.952441394329071,0.4823220372200012,0.9065625071525574,0.6391887068748474,0.9088002393633308,0.9058861450794695,0.9062382477495992
307,0.9535156488418579,0.47799190878868103,0.9038281440734863,0.6454371809959412,0.9056159885225299,0.9033658349258782,0.903466148232921
308,0.9522070288658142,0.48112091422080994,0.9052343964576721,0.6433945298194885,0.9071296568847804,0.9045790629670332,0.9047964768701304
309,0.9554687738418579,0.47316083312034607,0.9087499976158142,0.6346226334571838,0.9102943395409175,0.9080541965499154,0.908268686756569
310,0.9531640410423279,0.4757414758205414,0.9092968702316284,0.6390920281410217,0.9111299135426878,0.9088076310620552,0.9088986170675629
311,0.9538476467132568,0.47527050971984863,0.9069530963897705,0.6378408670425415,0.9084624822246476,0.9064061544595183,0.9065673930396729
312,0.9532031416893005,0.4771212339401245,0.9071093797683716,0.6390998363494873,0.90896401913707,0.9067004958931042,0.9068961089833515
313,0.9553320407867432,0.473149836063385,0.9037500023841858,0.6458958387374878,0.9056276504439154,0.903235072278634,0.9033550967694218
314,0.9539843797683716,0.47579115629196167,0.9063281416893005,0.6431658267974854,0.9084733089141973,0.9059050745362119,0.9060813388804452
315,0.9537500143051147,0.4744516611099243,0.9017968773841858,0.6566213369369507,0.9038751578453437,0.9010235384287151,0.9013364262843606
316,0.9535156488418579,0.4757770895957947,0.9075000286102295,0.6398615837097168,0.9092531479826211,0.9071381759578314,0.9072367054250099
317,0.955859363079071,0.47219687700271606,0.9086718559265137,0.6319355964660645,0.9104357313507059,0.9083673031746984,0.908428738577046
318,0.954882800579071,0.4733802080154419,0.9075000286102295,0.6332113146781921,0.9093788811744978,0.9069049807596763,0.9071378045589101
319,0.9555273652076721,0.4719598889350891,0.9061718583106995,0.6406551599502563,0.9078090847432532,0.9054919946509318,0.9057134482424278
320,0.9543750286102295,0.47125011682510376,0.9143750071525574,0.6301038265228271,0.916048075098262,0.9140470244607714,0.9141010057625836
321,0.9539453387260437,0.47415968775749207,0.9066406488418579,0.6443261504173279,0.9085817852611501,0.9062002265580495,0.9064096100188008
322,0.9552343487739563,0.47423598170280457,0.9091406464576721,0.6328638195991516,0.9113757504491611,0.9085397579428292,0.9089331690352533
323,0.9531445503234863,0.4775537848472595,0.9129687547683716,0.6292225122451782,0.9146811446992427,0.9125611346965248,0.9126650265126307
324,0.9549023509025574,0.47384434938430786,0.907031238079071,0.6391107439994812,0.9089679463718241,0.9067084881224408,0.9068282214646514
325,0.9540820121765137,0.47583577036857605,0.9110156297683716,0.6282161474227905,0.9129583873433776,0.910490957753053,0.9106835521560526
326,0.9549023509025574,0.4712153673171997,0.9092968702316284,0.6378697752952576,0.9112229232177496,0.9091126718388868,0.909275490937115
327,0.9563086032867432,0.47186630964279175,0.91015625,0.6292439699172974,0.9117093930292209,0.9098864628473443,0.9098503721185189
328,0.9552929401397705,0.47396743297576904,0.9146875143051147,0.6185603141784668,0.9167707497981964,0.9140338120132134,0.9142428269472824
329,0.9544336199760437,0.4711623787879944,0.9119531512260437,0.6259560585021973,0.9137655546849467,0.9116201450030563,0.911734401306891
330,0.9542773365974426,0.4743887782096863,0.9108593463897705,0.6326085925102234,0.9130360638377262,0.91046087356914,0.9106826893116111
331,0.9540039300918579,0.4734066128730774,0.9140625,0.6182088255882263,0.9157679000521716,0.9134553657094477,0.9136248131961799
332,0.9557226300239563,0.46956610679626465,0.9094531536102295,0.6271425485610962,0.9112256212835245,0.9088807604918726,0.908997488536855
333,0.9540625214576721,0.47389477491378784,0.9095312356948853,0.6253613233566284,0.9113829249571342,0.908898550017802,0.9091476212246163
334,0.9538280963897705,0.47421401739120483,0.9082812666893005,0.629568874835968,0.9104069875553011,0.9077527071448269,0.9078283215420677
335,0.9517968893051147,0.4806395471096039,0.9096875190734863,0.6321377158164978,0.9115917698592084,0.90934395279928,0.909370099189313
336,0.9520117044448853,0.4801003932952881,0.9134374856948853,0.6183165907859802,0.9150692638183967,0.913088395002477,0.9132165145039914
337,0.9542773365974426,0.47470664978027344,0.910937488079071,0.625593900680542,0.9125693895936845,0.9105100908663359,0.9106366440974691
338,0.9556249976158142,0.47212591767311096,0.9127343893051147,0.6250844597816467,0.9143886323267604,0.9123885658689603,0.912558826530129
339,0.95458984375,0.473842591047287,0.9117187261581421,0.6270890235900879,0.9135204993233703,0.9110962696438333,0.9114129606094372
340,0.9556835889816284,0.46767890453338623,0.9123437404632568,0.6238687038421631,0.9139599630087638,0.9117361203258041,0.9119068419853458
341,0.9551171660423279,0.4717291593551636,0.91015625,0.6298887729644775,0.9122284919801382,0.9096774132812636,0.9098142358685781
342,0.9538476467132568,0.47675418853759766,0.9069530963897705,0.6381728649139404,0.9086350443633913,0.9065293980305738,0.906630738907945
343,0.9554687738418579,0.46992194652557373,0.9122655987739563,0.613440752029419,0.9135208501838252,0.9117588171558403,0.9118703695375562
344,0.9556249976158142,0.46802911162376404,0.9138281345367432,0.6235469579696655,0.9156041413993226,0.9132978116269839,0.913471423302191
345,0.9568164348602295,0.46753937005996704,0.9146875143051147,0.613000214099884,0.9164245479147389,0.9142663932345667,0.9143709958043649
346,0.9539843797683716,0.47249603271484375,0.9114062786102295,0.6233529448509216,0.9131359555970422,0.9109826173949895,0.911232904921256
347,0.9549609422683716,0.4701022207736969,0.91015625,0.6281620860099792,0.9121687394665992,0.9095903660121143,0.9098450090451271
348,0.9563086032867432,0.46795979142189026,0.9110156297683716,0.6206154227256775,0.9125192913515143,0.9104412041746165,0.9106371889579449
349,0.9540039300918579,0.4727863669395447,0.9119531512260437,0.619625985622406,0.9133952050753051,0.9114274376055276,0.91155007603423
350,0.9534960985183716,0.47547397017478943,0.9132031202316284,0.6146178245544434,0.9147283107135904,0.912749887818554,0.9129187336083382
351,0.9541797041893005,0.474044531583786,0.9153125286102295,0.6098363399505615,0.9169824753638537,0.9147816478897848,0.9149370858139382
352,0.9548242092132568,0.4721091389656067,0.9138281345367432,0.6206917762756348,0.9153720514471754,0.9131922608514104,0.9134648697434256
353,0.9532421827316284,0.47537779808044434,0.9129687547683716,0.6227536201477051,0.9145340514915885,0.9123907701332268,0.9125204152995092
354,0.9564453363418579,0.46756473183631897,0.9098437428474426,0.6320206522941589,0.9118478427272206,0.9094312556865669,0.9096690763818421
355,0.9558789134025574,0.46706268191337585,0.9115625023841858,0.6230636239051819,0.9133643167427166,0.9110925469640401,0.9111974742059766
356,0.9545312523841858,0.47210463881492615,0.9065625071525574,0.6278095841407776,0.9086513189483072,0.9060752376131549,0.9063181218339518
357,0.9561132788658142,0.46764805912971497,0.9107812643051147,0.6350921392440796,0.9127101453811557,0.9103499233894907,0.9105507329158868
358,0.9551953077316284,0.4678581953048706,0.914843738079071,0.6204908490180969,0.9163443499480604,0.9143507460979589,0.9144677455873814
359,0.9560742378234863,0.46813198924064636,0.913281261920929,0.6260868310928345,0.915322064691463,0.9128085396557126,0.9129927435061107
360,0.9554296731948853,0.470942884683609,0.9115625023841858,0.6264989972114563,0.9130887360603586,0.9110490157959832,0.9112615059704471
361,0.9534765481948853,0.471422016620636,0.9150781035423279,0.6157983541488647,0.9169034497459956,0.9145756756255715,0.9147606891752595
362,0.9538280963897705,0.4739192724227905,0.912890613079071,0.6236105561256409,0.9147270183903375,0.9122417582248992,0.912464438035145
363,0.9563867449760437,0.4687038064002991,0.9107031226158142,0.6237529516220093,0.9130995475163837,0.9100631419630503,0.9103272247905377
364,0.9554492235183716,0.46876394748687744,0.9128124713897705,0.6226121783256531,0.9145369743597609,0.912159280641438,0.9124396256786842
365,0.9569531083106995,0.46707987785339355,0.9139843583106995,0.6137815117835999,0.9158207714987894,0.9135127445919271,0.9136567052966591
366,0.9555468559265137,0.46629276871681213,0.9105468988418579,0.6257010102272034,0.9123305178955003,0.9101695212614603,0.9102906925046985
367,0.9553906321525574,0.4697394073009491,0.9135937690734863,0.6250777244567871,0.915755226466809,0.9131081934023078,0.9133883887665486
368,0.954394519329071,0.4738643765449524,0.9127343893051147,0.6164030432701111,0.9143435000031611,0.9121245183550777,0.9123465812468163
369,0.95556640625,0.47131168842315674,0.9132031202316284,0.616028904914856,0.9151107074230328,0.9124342640668459,0.9127007771284776
370,0.955371081829071,0.4671939015388489,0.9143750071525574,0.6155086755752563,0.9162966326865851,0.9138083393333132,0.9140372933868769
371,0.9534570574760437,0.47682908177375793,0.9126562476158142,0.6243703961372375,0.9145645715079731,0.912269154199696,0.9123734701296718
372,0.9531054496765137,0.47466471791267395,0.9117187261581421,0.6261897087097168,0.91311756271401,0.9111638308874104,0.9112585676357725
373,0.9573437571525574,0.4660942554473877,0.911328136920929,0.6232738494873047,0.9130163510546765,0.9108833358598627,0.9110287849690242
374,0.9559765458106995,0.4677342176437378,0.9156249761581421,0.6142935156822205,0.917740319090423,0.9151016697743545,0.9153428377361057
375,0.9536914229393005,0.4718136191368103,0.9168750047683716,0.6111072897911072,0.9182967287991961,0.916519558950086,0.9166146440514142
376,0.9554296731948853,0.46841537952423096,0.9161718487739563,0.6090799570083618,0.918060794960859,0.9157478547400895,0.915987891434483
377,0.9547265768051147,0.47017452120780945,0.9142968654632568,0.6135842800140381,0.915996130165634,0.913778480409037,0.9139744370869427
378,0.9559375047683716,0.46765801310539246,0.9183593988418579,0.6130903363227844,0.9201005293256213,0.9178675896033126,0.9180999007018897
379,0.95556640625,0.46665990352630615,0.9145312309265137,0.6194580793380737,0.916074980544266,0.9140315105410728,0.914116341645552
380,0.9566797018051147,0.4614025354385376,0.9166406393051147,0.6127468943595886,0.9184023551351799,0.9160137734813933,0.9161595390217108
381,0.9572851657867432,0.4615662693977356,0.9146093726158142,0.6103729009628296,0.9166298589506654,0.9141880925107957,0.9143853488216858
382,0.9563281536102295,0.4681905508041382,0.9155468940734863,0.6128915548324585,0.9178093028878844,0.9151444463040943,0.9153032533324661
383,0.9566797018051147,0.466223806142807,0.9139062762260437,0.6232316493988037,0.9154578240340119,0.9134204140619044,0.9135240997340213
384,0.9546093940734863,0.46718084812164307,0.9144531488418579,0.6181610226631165,0.9158682058909264,0.9139749829503745,0.9141288902828103
385,0.957324206829071,0.46298903226852417,0.9135937690734863,0.6152296662330627,0.9154299699465703,0.9132306608010463,0.9133853424641967
386,0.9559765458106995,0.46475139260292053,0.9175781011581421,0.6055881977081299,0.9191139255146131,0.9170188158504626,0.9172891378339529
387,0.9565820097923279,0.4635896384716034,0.9123437404632568,0.6254518628120422,0.9136988697972177,0.9119609614474373,0.9120225137081477
388,0.9549609422683716,0.46798619627952576,0.9106249809265137,0.6181795597076416,0.9122840947692239,0.9099417088181574,0.9101570377724593
389,0.9554492235183716,0.46593615412712097,0.9164843559265137,0.6071130633354187,0.9186518134067838,0.9158583706000248,0.9162012425754422
390,0.9545117020606995,0.4701223075389862,0.9153125286102295,0.6150926351547241,0.9169748017175237,0.9147250200802872,0.915032778735275
391,0.9563671946525574,0.4663645923137665,0.9158594012260437,0.6097007393836975,0.9173157867006554,0.9153838797772103,0.9155395051283435
392,0.9559179544448853,0.46744439005851746,0.9126562476158142,0.6235771775245667,0.9145360080553016,0.9120890672936236,0.9123622522008723
393,0.9547070264816284,0.4678792655467987,0.9150781035423279,0.6147243976593018,0.9164992766978082,0.9145752455050427,0.9147230694831245
394,0.9556445479393005,0.4672960042953491,0.9156249761581421,0.6103960275650024,0.9174052228843346,0.9151066353141736,0.9152951061806298
395,0.957226574420929,0.4623590409755707,0.9157812595367432,0.6092337369918823,0.9172812193457335,0.9153362735128789,0.9154775377835271
396,0.9555468559265137,0.46456241607666016,0.9141406416893005,0.6114215850830078,0.9162700027841886,0.9136040526213148,0.9139178218702902
397,0.9561718702316284,0.46685802936553955,0.9157031178474426,0.6066953539848328,0.9176374964138463,0.9153524159735854,0.9155031359321557
398,0.9572656154632568,0.46237629652023315,0.9208593964576721,0.5981186032295227,0.922177357062559,0.9203357792649889,0.920578800389219
399,0.9564062356948853,0.4653022289276123,0.9159374833106995,0.6042971014976501,0.9177413654905912,0.9154167792857337,0.9156583200761533
400,0.9559570550918579,0.4646914005279541,0.9221093654632568,0.5952919125556946,0.9234045466893627,0.921534949389618,0.9218214944129469
401,0.9565039277076721,0.4682481288909912,0.9182031154632568,0.6087592244148254,0.9197100478998804,0.917538871031385,0.9177538793723765
402,0.9563867449760437,0.46329793334007263,0.9173437356948853,0.5980128645896912,0.9190216262670594,0.9167260897537792,0.9170064298678573
403,0.9585937261581421,0.4588756263256073,0.9174218773841858,0.6139258742332458,0.9194184899812465,0.9169436461267502,0.9171800197057283
404,0.9567773342132568,0.46428805589675903,0.9192968606948853,0.6070155501365662,0.9208198473094661,0.9186446170863045,0.9188610190907754
405,0.9571093916893005,0.45964160561561584,0.9158594012260437,0.6127232909202576,0.9175180970990517,0.9153150205397003,0.9155262471348482
406,0.9563086032867432,0.46185824275016785,0.9142968654632568,0.6189497113227844,0.9162324055452719,0.9135775021259274,0.9139219310924377
407,0.9564062356948853,0.46160516142845154,0.9181249737739563,0.6001259088516235,0.9195545159173606,0.9175558153532823,0.9177824781101791
408,0.9572070240974426,0.4597662091255188,0.9189843535423279,0.6028718948364258,0.9207841683465646,0.918441584886309,0.9188120830163279
409,0.9572070240974426,0.4637656509876251,0.9150000214576721,0.606346607208252,0.9170158700976958,0.914471110676653,0.9146911628408625
410,0.9558007717132568,0.4644252359867096,0.9136718511581421,0.6112613677978516,0.9156039582168871,0.9132140343256332,0.9134243700204973
411,0.9579492211341858,0.45981377363204956,0.9195312261581421,0.6002601385116577,0.9215160389194335,0.9190525200267422,0.9192277377232778
412,0.955371081829071,0.46636542677879333,0.9208593964576721,0.5983154773712158,0.9224977009893831,0.9205030777540616,0.9206694687523642
413,0.9560546875,0.46489769220352173,0.9185937643051147,0.5973018407821655,0.9202792767078147,0.9181763199074251,0.9183132051886097
414,0.9580664038658142,0.45590806007385254,0.9214062690734863,0.5986460447311401,0.9227388407420023,0.9209313309102625,0.9210610934090222
415,0.9534960985183716,0.4707430601119995,0.919140636920929,0.6024389266967773,0.9206361532285228,0.9190786191845892,0.9190387415829893
416,0.9552929401397705,0.4654208719730377,0.9166406393051147,0.606926679611206,0.9183714140803964,0.9162561432764034,0.9164227435873926
417,0.9541406035423279,0.4688733220100403,0.9176562428474426,0.6085608601570129,0.9195393337649638,0.9173053396308756,0.917470696292577
418,0.9558398723602295,0.4661259949207306,0.9186718463897705,0.6061287522315979,0.9204944593002365,0.9180768978577681,0.9182191375656261
419,0.9556640386581421,0.4683326482772827,0.9165624976158142,0.6068713665008545,0.9183008743386593,0.9160895504300963,0.9163005862912053
420,0.955859363079071,0.4651784598827362,0.9177343845367432,0.6096935868263245,0.9194217260626675,0.9172911696650471,0.9174138166375904
421,0.9559765458106995,0.46393898129463196,0.9185937643051147,0.5983811020851135,0.9201755263571696,0.9183367122772814,0.9183798872856668
422,0.95751953125,0.46025362610816956,0.9196875095367432,0.6047646999359131,0.9217067579282698,0.9192862920649383,0.9195219163534751
423,0.9580273628234863,0.46028655767440796,0.9175781011581421,0.6022728085517883,0.9192981788147845,0.9170531862393687,0.9172750665195089
424,0.955273449420929,0.46458378434181213,0.9117187261581421,0.6286309957504272,0.913442398469936,0.911305179267766,0.9114284161626296
425,0.9555859565734863,0.4654550850391388,0.9198437333106995,0.613763153553009,0.9211549274513895,0.9193893759103196,0.9194924950992636
426,0.9556054472923279,0.46472153067588806,0.9156249761581421,0.616910457611084,0.9175540377100204,0.9154844911420437,0.9154399828844901
427,0.9562304615974426,0.4637390971183777,0.9190624952316284,0.6094446778297424,0.9207427294607233,0.9186130540324813,0.9187979447450527
428,0.9570702910423279,0.46176403760910034,0.9185937643051147,0.6079050302505493,0.9203976829294308,0.9182038752441577,0.9183016208927337
429,0.9525585770606995,0.47364842891693115,0.9192187786102295,0.6076483726501465,0.9206728802017619,0.9189278575594642,0.9189426493267142
430,0.9561718702316284,0.4650516211986542,0.9208593964576721,0.5988350510597229,0.9223747238110628,0.9205486478836322,0.9206482864696711
431,0.9571679830551147,0.46246352791786194,0.9217187762260437,0.5970718860626221,0.9230442180400482,0.9211798491922163,0.9213640000455986
432,0.9579882621765137,0.4589516818523407,0.9221093654632568,0.589576780796051,0.9234312950686597,0.9219167205932017,0.9220226554855429
433,0.9574804902076721,0.458400160074234,0.9173437356948853,0.6094026565551758,0.9190706431065848,0.9169815926437369,0.917025821373994
434,0.9595116972923279,0.45537200570106506,0.9223437309265137,0.5954057574272156,0.9238484328856089,0.9220680908494333,0.9220964180728485
435,0.9576562643051147,0.45975586771965027,0.922656238079071,0.5984060764312744,0.92449927984282,0.9223078744306586,0.9224486655813005
436,0.9575390815734863,0.4574965238571167,0.9178125262260437,0.610568642616272,0.9194796722564775,0.917606595730599,0.9175971529147713
437,0.9567577838897705,0.46124932169914246,0.922656238079071,0.598167896270752,0.9240754418064471,0.9223603382061889,0.9224403049142891
438,0.9559765458106995,0.4621507525444031,0.9215624928474426,0.5958108305931091,0.9233795515691243,0.9213161946336484,0.9215268615528682
439,0.9548633098602295,0.4672788381576538,0.9216406345367432,0.5947781801223755,0.9233547441138823,0.9214284590339796,0.9215845406618316
440,0.955859363079071,0.4653288722038269,0.9213281273841858,0.5945070385932922,0.9228753678786581,0.9209972165969951,0.9210712981723718
441,0.9590234160423279,0.4586222767829895,0.9221875071525574,0.5909801721572876,0.9235173486820418,0.9218640387954187,0.9220554637859465
442,0.9574218988418579,0.46011799573898315,0.9197656512260437,0.6055973768234253,0.9210803135385115,0.9195068559417431,0.9195809273953257
443,0.9554101824760437,0.4620870351791382,0.9214062690734863,0.5971659421920776,0.9231977360012364,0.9212809630863292,0.921395683795746
444,0.9574023485183716,0.4588850438594818,0.9180468916893005,0.6053087115287781,0.9195905291493411,0.9176259597061958,0.9177685670589617
445,0.956347644329071,0.4605861306190491,0.9210156202316284,0.5949429273605347,0.9220114031915702,0.9204830341326494,0.920623869884317
446,0.9585546851158142,0.4531271457672119,0.9232812523841858,0.5934171080589294,0.9247390550221845,0.9229388064165884,0.9230718185718022
447,0.9576367139816284,0.45608651638031006,0.9188281297683716,0.5990116000175476,0.9204795444697202,0.9184304071396359,0.9184951637365029
448,0.9574218988418579,0.45904257893562317,0.923046886920929,0.589931070804596,0.9248073234956652,0.922719634495125,0.922985205962876
449,0.9574804902076721,0.45885956287384033,0.9206249713897705,0.5916343927383423,0.922159870498789,0.9201584540445323,0.920269107958644
450,0.9557031393051147,0.4621064364910126,0.9193750023841858,0.6090851426124573,0.9210054725747334,0.9190595548307393,0.9190991719381079
451,0.9546679854393005,0.4649565815925598,0.9206249713897705,0.5985326170921326,0.9219547186577053,0.9204275639967279,0.9204586718030326
452,0.9569922089576721,0.4604264199733734,0.9203125238418579,0.5966830253601074,0.9218422958056736,0.9199719250440407,0.9200545620275116
453,0.9579882621765137,0.4570203423500061,0.9221093654632568,0.5911282896995544,0.923225525806896,0.9215956011016642,0.9217036747906118
454,0.9558398723602295,0.46117058396339417,0.9217968583106995,0.5936169624328613,0.9232412942216467,0.9215899693115015,0.9216408966800926
455,0.9560156464576721,0.4589821696281433,0.9216406345367432,0.5943718552589417,0.9232377208381439,0.9212619907291701,0.9213473103216289
456,0.9554882645606995,0.46352675557136536,0.9203906059265137,0.5920239090919495,0.9218679459626309,0.919957918588544,0.920099790057596
457,0.9580664038658142,0.457916796207428,0.9177343845367432,0.6007555723190308,0.9192929357444225,0.9173935864195144,0.9175420549253857
458,0.9588671922683716,0.45290037989616394,0.9208593964576721,0.5878049731254578,0.9224015098730431,0.9206669958955584,0.9207098959313331
459,0.957812488079071,0.45830968022346497,0.9196093678474426,0.6001888513565063,0.9213600183990582,0.9193049936662402,0.9194168125856927
460,0.9574413895606995,0.46001750230789185,0.9196875095367432,0.5962377786636353,0.9212432764076097,0.9193105396277623,0.9194093740273234
461,0.9571288824081421,0.4585025906562805,0.9193750023841858,0.5978030562400818,0.9207672213158166,0.9189750570238077,0.9190050676774169
462,0.9578906297683716,0.45605072379112244,0.9203906059265137,0.5917716026306152,0.9217482106386699,0.9199830824588081,0.9200975341983064
463,0.9580468535423279,0.45397594571113586,0.921093761920929,0.5986081957817078,0.9224211427543342,0.9208666523271842,0.9208998441762413
464,0.9585351347923279,0.4569661617279053,0.9232812523841858,0.5957283973693848,0.9247685048842829,0.9227990661397059,0.9230576930477932
465,0.9562695026397705,0.4613199234008789,0.918749988079071,0.5992603302001953,0.9200198054790796,0.9182918720735784,0.9184069024015727
466,0.9545312523841858,0.4666544795036316,0.9219531416893005,0.5950876474380493,0.9235353369969282,0.9217656890088981,0.9218798590225903
467,0.9549413919448853,0.46627914905548096,0.9185937643051147,0.6005221605300903,0.9198966214868785,0.9179938934136349,0.9181602963958613
468,0.9554101824760437,0.46330392360687256,0.9186718463897705,0.6007161140441895,0.9199443934821491,0.9183916031253214,0.9183581879759155
469,0.9560937285423279,0.4620726406574249,0.9201562404632568,0.6023525595664978,0.921854108971807,0.9195881517250375,0.9197975400511296
470,0.9588671922683716,0.4565719962120056,0.9203125238418579,0.5957568883895874,0.9218614100526352,0.9199556399029042,0.9201253228276338
471,0.957324206829071,0.4564332664012909,0.9181249737739563,0.5990409255027771,0.9198456506117934,0.9176107933443312,0.9178745193127475
472,0.9572070240974426,0.45752638578414917,0.9216406345367432,0.5973977446556091,0.9234265473499335,0.9212204575056109,0.9215322323030697
473,0.9581249952316284,0.45562633872032166,0.9198437333106995,0.6014524102210999,0.921311975344405,0.9194844568903299,0.919506618654403
474,0.959179699420929,0.45366331934928894,0.915234386920929,0.6214128732681274,0.9166876123578123,0.9147911252238001,0.9149451737338776
475,0.9561914205551147,0.46167314052581787,0.9240624904632568,0.5923783779144287,0.92543903968992,0.9236803752207886,0.923812571070888
476,0.95703125,0.4589121639728546,0.9246875047683716,0.5880438089370728,0.9259778529843092,0.9242337279167947,0.9244158692354797
477,0.9582226276397705,0.4587339758872986,0.9242968559265137,0.5881966352462769,0.9259536234059057,0.9239710341661305,0.9241305465729022
478,0.9561328291893005,0.4596615731716156,0.9227343797683716,0.58697110414505,0.9241503646603434,0.9222448120853961,0.9224701546891443
479,0.9593164324760437,0.45276913046836853,0.9246875047683716,0.583951473236084,0.9265083861111317,0.9243346065487527,0.9244966265410748
480,0.9584375023841858,0.4534890353679657,0.9189062714576721,0.5997471809387207,0.9206946831979326,0.9184325684088119,0.9186598088542574
481,0.957226574420929,0.4593764543533325,0.9216406345367432,0.5920408368110657,0.9230168313094353,0.9211992337438135,0.9213984060379767
482,0.956250011920929,0.459520161151886,0.9252343773841858,0.5857383608818054,0.926533426530411,0.9248045129421087,0.9249411693725904
483,0.9558984637260437,0.4608842730522156,0.9204687476158142,0.5971310138702393,0.9219372603089757,0.9202075193240215,0.9201516921972803
484,0.9563671946525574,0.45728033781051636,0.9212499856948853,0.5982557535171509,0.9227020552893279,0.9210444769521602,0.9210992369536403
485,0.95703125,0.4591623544692993,0.9245312213897705,0.5844022631645203,0.9259184240141731,0.9240786471605702,0.9241941462873305
486,0.9571288824081421,0.4594874978065491,0.9178125262260437,0.6021140813827515,0.9194209445775785,0.9172735112493482,0.9174465742063543
487,0.959765613079071,0.4490876793861389,0.9256250262260437,0.5862643718719482,0.927017020234283,0.9250354061914883,0.9251841093234207
488,0.9589257836341858,0.45501595735549927,0.9217187762260437,0.5967968702316284,0.9231285764098892,0.921468497031376,0.921481606573376
489,0.9576953053474426,0.45664462447166443,0.9208593964576721,0.5954862833023071,0.9222728395383777,0.9205480596145772,0.9205992566260152
490,0.9558203220367432,0.46157947182655334,0.9236719012260437,0.5953788757324219,0.9253093890469124,0.9234253323760322,0.9234894985945916
491,0.9564062356948853,0.4614611864089966,0.9232812523841858,0.592861533164978,0.9245748599652126,0.9230239848930772,0.9230749056724956
492,0.9575781226158142,0.4581182897090912,0.9214062690734863,0.5933723449707031,0.9228648071138517,0.9209237525614038,0.9211691096213855
493,0.9575781226158142,0.4547400176525116,0.9188281297683716,0.595359742641449,0.9204406802910614,0.9184627445731783,0.9186451841372644
494,0.9587695598602295,0.4541065990924835,0.9222656488418579,0.5931396484375,0.9238745812791384,0.9218271186234195,0.9218809060030018
495,0.9580078125,0.45551085472106934,0.9232031106948853,0.5953279733657837,0.9245243743642599,0.922898471812807,0.9229607841273355
496,0.9582226276397705,0.4568781554698944,0.9201562404632568,0.6015632748603821,0.9219077003149478,0.919777336865644,0.919979320107862
497,0.9569726586341858,0.46177929639816284,0.9186718463897705,0.6073607802391052,0.9205397532484791,0.9182580849966966,0.918487594010384
498,0.9570508003234863,0.4578374922275543,0.9190624952316284,0.6093857884407043,0.9205726729686283,0.9186978766510792,0.9188083641801867
499,0.957714855670929,0.4580361843109131,0.9229687452316284,0.5968167781829834,0.924181243512239,0.9223529021830148,0.9225837560641486
500,0.9564062356948853,0.4634929895401001,0.9208593964576721,0.5994774103164673,0.9223386569152028,0.9206103928230951,0.9207113754325971
501,0.9561718702316284,0.4597669541835785,0.9242187738418579,0.587721049785614,0.9254191944384393,0.9238063503242205,0.9238707689284502
502,0.9588476419448853,0.45444247126579285,0.9253906011581421,0.585886538028717,0.9265998486329405,0.9251259085183136,0.9251474357324536
503,0.957812488079071,0.4522983133792877,0.9221875071525574,0.5908858776092529,0.9238823939557104,0.9217831276724076,0.9219660100190014
504,0.958691418170929,0.4538002014160156,0.9253125190734863,0.5797479152679443,0.9265182505936336,0.9250429049412796,0.9251253752907466
505,0.9600781202316284,0.44999897480010986,0.9214062690734863,0.5931567549705505,0.9228082717241923,0.9209896434904524,0.9211653794375583
506,0.9582617282867432,0.4537919759750366,0.9212499856948853,0.5968317985534668,0.9226515503482682,0.921064119765868,0.9210288930225409
507,0.9599023461341858,0.44822707772254944,0.923828125,0.5886546969413757,0.9254654309609085,0.9235593524649879,0.923650905576009
508,0.9577538967132568,0.4527166485786438,0.9224218726158142,0.5939304828643799,0.9240890983553047,0.9220127682629182,0.9221842353112377
509,0.9584570527076721,0.45582589507102966,0.9282812476158142,0.5793106555938721,0.9297504654368152,0.9279704323113063,0.9280625081112455
510,0.9584765434265137,0.45230022072792053,0.9221093654632568,0.5918319821357727,0.9234641247248461,0.9216647645855895,0.9218160109987326
511,0.957812488079071,0.45423099398612976,0.9267187714576721,0.5864336490631104,0.9282826558858781,0.9263236869484455,0.9264816536419342
512,0.9590820074081421,0.4510379135608673,0.9225780963897705,0.5932611227035522,0.92413073392549,0.9224091143655788,0.922420872722808
513,0.9588671922683716,0.4516729712486267,0.9232031106948853,0.5873006582260132,0.9246353701154713,0.9228590453858029,0.9230279585158534
514,0.9575585722923279,0.45168235898017883,0.9256250262260437,0.585079550743103,0.9275593087344105,0.9251504733267826,0.9254601807662163
515,0.9584765434265137,0.452666699886322,0.9259374737739563,0.579779326915741,0.927569100002089,0.9256381289750117,0.9257482627329772
516,0.9580664038658142,0.45161232352256775,0.9231250286102295,0.5845844149589539,0.9242736521976311,0.9226943995414869,0.9228209502784132
517,0.959179699420929,0.4518657922744751,0.9253906011581421,0.5783566236495972,0.9268335849777256,0.9248018327232346,0.9249772862634549
518,0.9553124904632568,0.4593137800693512,0.9257031083106995,0.5856403112411499,0.9272490662378055,0.9254466825059751,0.9255586111233367
519,0.9554101824760437,0.4629114270210266,0.9164843559265137,0.6017364859580994,0.9179478250721889,0.9159761132854691,0.9161595927332089
520,0.9577343463897705,0.4536477029323578,0.9200780987739563,0.588014543056488,0.9213031810860965,0.9196217869426607,0.9197132926661549
521,0.9568945169448853,0.4564557373523712,0.922656238079071,0.5973518490791321,0.9245418036358126,0.9222473198243353,0.9225317958215646
522,0.9573047161102295,0.4607791602611542,0.9232031106948853,0.5951830148696899,0.9246261934644662,0.9229017835654018,0.922949372515218
523,0.9564257860183716,0.4584048390388489,0.9234374761581421,0.5846481323242188,0.925167250018938,0.9230080908471856,0.9231755451424568
524,0.9554882645606995,0.4629836976528168,0.9228125214576721,0.5933036208152771,0.9243767315929987,0.9224563278966966,0.9226607632267556
525,0.9590820074081421,0.45119181275367737,0.9257031083106995,0.5810568332672119,0.9270631532014015,0.9254089204119129,0.9254857949898261
526,0.957226574420929,0.45727282762527466,0.9229687452316284,0.5770829916000366,0.9242633685451236,0.9227399475356624,0.9227722939008787
527,0.9568750262260437,0.46145257353782654,0.9235937595367432,0.5919771790504456,0.9251885395392521,0.9230225587211455,0.9232568628351241
528,0.9568750262260437,0.45780864357948303,0.926953136920929,0.5761250853538513,0.9282231884129584,0.9266487197480007,0.9267802457330093
529,0.9574609398841858,0.45729514956474304,0.9237499833106995,0.5819769501686096,0.9253348452404745,0.9232730424972253,0.9234857560930578
530,0.9570702910423279,0.454941987991333,0.924609363079071,0.5859160423278809,0.9259526246607839,0.9242552721847825,0.9244247338801599
531,0.9608593583106995,0.4462376832962036,0.9237499833106995,0.579498291015625,0.9251201417705255,0.9235646351358014,0.923544474665224
532,0.9580273628234863,0.4504857361316681,0.9254687428474426,0.5772235989570618,0.9265463394739955,0.925300785097539,0.9252564188335083
533,0.9585156440734863,0.4532196819782257,0.9242968559265137,0.5844129323959351,0.9255372314359269,0.9240438498000154,0.9240471297530239
534,0.9581249952316284,0.45287129282951355,0.926562488079071,0.5806882977485657,0.9282000097673466,0.9262406500518079,0.9263385914273825
535,0.956347644329071,0.45777690410614014,0.9182812571525574,0.602684736251831,0.9194395735083524,0.9179507141102767,0.9180158126751905
536,0.9567968845367432,0.4585683345794678,0.922656238079071,0.5912858843803406,0.9242305133245471,0.9223863415850948,0.9225271705252505
537,0.9587109088897705,0.4501560926437378,0.9246875047683716,0.586209237575531,0.926016368447564,0.9246255706199247,0.9245251948954869
538,0.9584570527076721,0.45222529768943787,0.9231250286102295,0.5897091627120972,0.9245830922850444,0.9229815539662134,0.9230233658364823
539,0.9599999785423279,0.4500333070755005,0.9242187738418579,0.5795099139213562,0.9255473794038924,0.9239537275783067,0.9240678064652479
540,0.9598047137260437,0.44686004519462585,0.9270312786102295,0.5779107809066772,0.9285832995627867,0.9267047612065351,0.926880691426633
541,0.9589648246765137,0.44849300384521484,0.9258593916893005,0.5811870098114014,0.9271547187560413,0.9255984088654623,0.9256654767197303
542,0.9590820074081421,0.4507521092891693,0.9225000143051147,0.5934661626815796,0.9238618191128973,0.92240171261794,0.9223670791608716
543,0.9571093916893005,0.4534858465194702,0.9264062643051147,0.5823532342910767,0.927930357510327,0.9261333603955637,0.9262436622248775
544,0.9588086009025574,0.4524916708469391,0.9208593964576721,0.5947432518005371,0.9229397349116977,0.9203826207445379,0.9206143427526838
545,0.9577929973602295,0.45690616965293884,0.921875,0.5870855450630188,0.9235345319724867,0.9216654318355149,0.921782633542793
546,0.9582421779632568,0.4528828561306,0.9264062643051147,0.576174795627594,0.928153858644482,0.9260185737989015,0.9263015926470466
547,0.9585546851158142,0.4554166793823242,0.9262499809265137,0.5763617753982544,0.9277944913108647,0.9259063287815582,0.9260672172645115
548,0.9584765434265137,0.4541212320327759,0.9271093606948853,0.5731220841407776,0.9286813340734192,0.9266650331369379,0.9269200887208866
549,0.9573437571525574,0.4533555507659912,0.9240624904632568,0.5879830718040466,0.9256963904984492,0.9236869732719271,0.9238814133289963
550,0.9577343463897705,0.45538029074668884,0.9217968583106995,0.5893423557281494,0.9235269640561734,0.9217995969870371,0.921814173921204
551,0.9582617282867432,0.453933984041214,0.9253125190734863,0.5815610289573669,0.9267844485489876,0.9249401489762997,0.9250982668041977
552,0.9588086009025574,0.45064759254455566,0.9231250286102295,0.5861318111419678,0.9246406374259521,0.9228111412056195,0.9229502043315623
553,0.9587304592132568,0.45267757773399353,0.9270312786102295,0.578742504119873,0.9285390588253921,0.9266481547635912,0.9268391021668473
554,0.9580468535423279,0.4519879221916199,0.9257031083106995,0.5837266445159912,0.9273348829130206,0.9252807483206538,0.9254017196518001
555,0.960253894329071,0.445953905582428,0.9289844036102295,0.5779783725738525,0.9302802392695728,0.9286581570898417,0.9288398992236679
556,0.9593945145606995,0.44828903675079346,0.9287499785423279,0.5724467039108276,0.9302176219000914,0.9285390368973241,0.9286422587431575
557,0.9577538967132568,0.45130980014801025,0.9253125190734863,0.5882266759872437,0.9268762070757488,0.9251082668319102,0.9252039803197314
558,0.9570898413658142,0.45508480072021484,0.9232031106948853,0.5903978943824768,0.924600052651342,0.9227456552329802,0.9229613329775341
559,0.95849609375,0.4523390829563141,0.9296875,0.5798589587211609,0.9310729545071406,0.9295146984075766,0.929584019948549
560,0.958300769329071,0.4514103829860687,0.9245312213897705,0.5853262543678284,0.9256680413592934,0.9241871923370542,0.9242839877395925
561,0.9601757526397705,0.4473004937171936,0.927734375,0.5745492577552795,0.9293532769950374,0.9274061796980272,0.9276372976159861
562,0.9585937261581421,0.44710808992385864,0.9260156154632568,0.5791306495666504,0.9272442140605817,0.9256067847120923,0.9257715796030555
563,0.9579492211341858,0.455022931098938,0.9239062666893005,0.5846573114395142,0.9253021708026684,0.9236147472258959,0.9237357393056898
564,0.9562695026397705,0.45520758628845215,0.9242968559265137,0.5832866430282593,0.9256286996095962,0.9239398548909417,0.9240506337065509
565,0.9559960961341858,0.4578992426395416,0.9245312213897705,0.586866021156311,0.9259781523761716,0.9243068161725531,0.9243382051529747
566,0.9581249952316284,0.4533998966217041,0.9223437309265137,0.594131588935852,0.923700741971462,0.9221893622259132,0.9221434907953439
567,0.9576367139816284,0.4533448815345764,0.9249218702316284,0.5824254751205444,0.9265629828895854,0.9247710892020454,0.9248509098784714
568,0.9602344036102295,0.4448123872280121,0.924609363079071,0.5737253427505493,0.9259649882463507,0.924316211838174,0.9244137025354069
569,0.9594922065734863,0.4471603035926819,0.9300000071525574,0.5697306394577026,0.931264417125209,0.9297819041143738,0.9298448844102711
570,0.961230456829071,0.4403226971626282,0.9278905987739563,0.5849741697311401,0.929198997711347,0.9274744425999828,0.9276277931101204
571,0.9597070217132568,0.44440898299217224,0.9235156178474426,0.5863900184631348,0.9246291211500999,0.9233506668039586,0.923354219246844
572,0.9590625166893005,0.4483093023300171,0.927734375,0.5756121277809143,0.9290166321814465,0.9272823475037333,0.9274197215420146
573,0.9588867425918579,0.4472537934780121,0.9251562356948853,0.5746053457260132,0.9263369748807893,0.9249240301227016,0.925009623622361
574,0.9589453339576721,0.44548293948173523,0.922656238079071,0.5828121304512024,0.9239684953587536,0.9223966617708472,0.922478553908083
575,0.9583789110183716,0.4505058526992798,0.926562488079071,0.57845538854599,0.9278055979535794,0.9260926345092664,0.9262726360661573
576,0.9585351347923279,0.4515336751937866,0.9203125238418579,0.5936967134475708,0.9216274472414322,0.9199293861447342,0.919989002582125
577,0.9561523199081421,0.45399242639541626,0.9237499833106995,0.5844759345054626,0.9247746148305898,0.9232601145428445,0.923418214395362
578,0.9577343463897705,0.4542456567287445,0.9267187714576721,0.5800562500953674,0.9281239773516461,0.9265173581799043,0.9266840153945493
579,0.9580273628234863,0.45123541355133057,0.9224218726158142,0.5934977531433105,0.923775116603947,0.9219067842928941,0.922058803617329
580,0.9594140648841858,0.448203444480896,0.9275781512260437,0.5753393769264221,0.9292401541441184,0.9271027504255019,0.9274054031681599
581,0.958203136920929,0.45021766424179077,0.9262499809265137,0.5784801244735718,0.9275437832526814,0.9260044491107564,0.9261256782476053
582,0.95947265625,0.4449908435344696,0.9239843487739563,0.5835967063903809,0.9253311790265133,0.9237018710432271,0.9238487934646922
583,0.9601953029632568,0.4460031986236572,0.921875,0.5907575488090515,0.9234998882532484,0.9213611226285006,0.9215932754444254
584,0.9561132788658142,0.45387399196624756,0.9288281202316284,0.5746765732765198,0.9302588279697765,0.9283983862573748,0.9286513972929409
585,0.9579882621765137,0.453139990568161,0.9282031059265137,0.5742402076721191,0.9294886657824731,0.9279840438221489,0.9280942403875994
586,0.9573633074760437,0.453599214553833,0.9267187714576721,0.581745445728302,0.9282105945778402,0.9264381198912788,0.9265898628809638
587,0.9596093893051147,0.4474542737007141,0.9271093606948853,0.5704719424247742,0.9284888873379249,0.9266789402488458,0.9268601765672402
588,0.9600585699081421,0.4461771249771118,0.9242968559265137,0.5804848670959473,0.9259166425098186,0.9238220560478798,0.924090419649104
589,0.9599609375,0.44296643137931824,0.9260937571525574,0.5694336891174316,0.9275595891531523,0.9257980602705143,0.9259228475959895
590,0.9614843726158142,0.44160211086273193,0.9283593893051147,0.5674546957015991,0.9298815678773662,0.9281430459653222,0.9282239381949018
591,0.9593750238418579,0.44695258140563965,0.9264843463897705,0.5777733325958252,0.9279913961367438,0.9261904347599503,0.9263136470370921
592,0.9595507979393005,0.44745227694511414,0.9235937595367432,0.5776394009590149,0.9248462281254731,0.9232407453136117,0.9233024544081481
593,0.9592578411102295,0.44630658626556396,0.922656238079071,0.5834722518920898,0.9239456118197888,0.9225101630186491,0.9225276829413394
594,0.9583789110183716,0.45021694898605347,0.9282812476158142,0.5759380459785461,0.9298307921142737,0.9279690057780251,0.9281711845142977
595,0.9572070240974426,0.4550841450691223,0.9289844036102295,0.5673308372497559,0.9306124615383342,0.9288360909804545,0.9289956115908009
596,0.9608398675918579,0.44557711482048035,0.9297656416893005,0.568647563457489,0.9309619074565214,0.929487219908858,0.929488106134297
597,0.9586718678474426,0.4477091133594513,0.930859386920929,0.5578940510749817,0.9322951869289746,0.9304964624448533,0.9306734511948893
598,0.9582812786102295,0.4506208300590515,0.9252343773841858,0.5824751853942871,0.9265364951666051,0.9248463331782527,0.924990697749662
599,0.9587695598602295,0.450285941362381,0.926953136920929,0.5725241899490356,0.928239157842494,0.9268349232606171,0.926853727010008
600,0.9594531059265137,0.44362083077430725,0.924609363079071,0.5786274671554565,0.9261589979619096,0.924072990180629,0.9242325488597863
601,0.9609765410423279,0.44278714060783386,0.9259374737739563,0.5730391144752502,0.9274423088498126,0.9254772440440353,0.9257025775241261
602,0.9595702886581421,0.44447317719459534,0.9275781512260437,0.5710870623588562,0.9288973942268759,0.9271561475378394,0.9272812353052506
603,0.9603320360183716,0.4439687430858612,0.9252343773841858,0.5706331729888916,0.926591946444625,0.9248228105998781,0.9250791196270292
604,0.9602929949760437,0.4431278705596924,0.9225780963897705,0.5808521509170532,0.9236154044851379,0.9223235735430535,0.9223117344585466
605,0.9589648246765137,0.44835352897644043,0.9271875023841858,0.5725579261779785,0.9284761591131682,0.926820554918123,0.9269658267725741
606,0.9592968821525574,0.4466165602207184,0.926562488079071,0.5788118243217468,0.9278760093729513,0.9261527170832957,0.9263067167006629
607,0.959765613079071,0.44659528136253357,0.9260156154632568,0.5722262859344482,0.9273744169288304,0.9258858227350755,0.9258510209898834
608,0.9569140672683716,0.4527779817581177,0.9280468821525574,0.5606081485748291,0.9295918511977604,0.9277784746432521,0.9279707647670973
609,0.9609375,0.4410317540168762,0.9282031059265137,0.5613595843315125,0.9294867453262095,0.9278534364087225,0.9280044568686788
610,0.9575781226158142,0.450088232755661,0.9246875047683716,0.5877636075019836,0.9261976216756342,0.9244053864191288,0.9245498657061128
611,0.9587109088897705,0.4476113021373749,0.9274218678474426,0.5744124054908752,0.9288699552146591,0.9270499566046884,0.927169727127624
612,0.9602929949760437,0.4439878463745117,0.9290624856948853,0.5709821581840515,0.9304750503747968,0.9287011477125631,0.9288119214007744
613,0.9576757550239563,0.44913071393966675,0.9223437309265137,0.5819289684295654,0.9240537142508374,0.9221029684790564,0.9222170614719059
614,0.9580468535423279,0.4484591782093048,0.9246875047683716,0.5818890929222107,0.9262221600176906,0.9243040459475269,0.9243929724662225
615,0.9585742354393005,0.4499947726726532,0.9234374761581421,0.5880706906318665,0.9249692817077277,0.9230283486241706,0.9232184734859048
616,0.9591015577316284,0.44856810569763184,0.9290624856948853,0.5730449557304382,0.9306966085907031,0.9286797593942421,0.9289678558396608
617,0.9601367115974426,0.4442913830280304,0.9284374713897705,0.5822302103042603,0.9298383104264334,0.9281089865699457,0.928240463530404
618,0.9597851634025574,0.4466618597507477,0.9302343726158142,0.5667483806610107,0.9315947694917356,0.9300763543386517,0.9301511169968448
619,0.9599609375,0.4441092312335968,0.9275000095367432,0.5659825205802917,0.9286703091052162,0.9271275406152322,0.9272508492092539
620,0.9596874713897705,0.4450433850288391,0.9264062643051147,0.5707350969314575,0.9278792089914825,0.9260413632235648,0.9262040234056576
621,0.9602734446525574,0.4405907690525055,0.9299218654632568,0.5699565410614014,0.9313894318578375,0.9297435194811734,0.9298797960239106
622,0.9609375,0.44014641642570496,0.923828125,0.574127197265625,0.9252223692417465,0.9236911868471889,0.9236894562332865
623,0.9583398699760437,0.44596531987190247,0.9299218654632568,0.5618592500686646,0.9310182648613686,0.9295958961749979,0.9296975670226645
624,0.9573437571525574,0.4542238712310791,0.9292187690734863,0.5660731792449951,0.9305872413094876,0.9290070366557897,0.9291414538276672
625,0.9579882621765137,0.45147743821144104,0.926953136920929,0.5670314431190491,0.9283723261571274,0.9266869218295148,0.9267276195054905
626,0.958984375,0.4454134404659271,0.9295312762260437,0.5637910962104797,0.9305099455266979,0.9292895288416586,0.929217508319516
627,0.957714855670929,0.44960373640060425,0.9270312786102295,0.5693855881690979,0.9284023992186917,0.926555384844667,0.9267072758264496
628,0.9601367115974426,0.4455547630786896,0.9283593893051147,0.576262354850769,0.9296662309628171,0.9280295655105761,0.9281506187573771
629,0.9588281512260437,0.4471544325351715,0.9294531345367432,0.5706939101219177,0.9307457701335519,0.9292173322505136,0.9292493269322144
630,0.958789050579071,0.44961631298065186,0.928515613079071,0.5681981444358826,0.930129709015641,0.9282338347595793,0.9283762489223073
631,0.9598437547683716,0.44479966163635254,0.924609363079071,0.5832358598709106,0.9260080908799593,0.9243303848353934,0.9243869594925673
632,0.960742175579071,0.4430856704711914,0.9282812476158142,0.5738550424575806,0.9294438772462756,0.9279584824707463,0.9280333202342614
633,0.9601757526397705,0.44247671961784363,0.9253906011581421,0.5793135166168213,0.9267978306747703,0.925232904047538,0.9252860214860159
634,0.9592968821525574,0.44488126039505005,0.9251562356948853,0.580090343952179,0.9262515244137631,0.9248783146141085,0.9249484365863977
635,0.9605468511581421,0.44297149777412415,0.9287499785423279,0.5762679576873779,0.9301515686469463,0.9286347612131189,0.928627037289768
636,0.9598633050918579,0.44099879264831543,0.9254687428474426,0.5798509120941162,0.9269812915777765,0.9250478424428268,0.9252465482223249
637,0.959277331829071,0.44542205333709717,0.9267968535423279,0.5714566707611084,0.9283905255836846,0.9264704851559723,0.9266794093518989
638,0.9599999785423279,0.4419948160648346,0.9293749928474426,0.5668231844902039,0.9305611043221103,0.9290993089374655,0.9292338573629777
639,0.9599413871765137,0.44158244132995605,0.932812511920929,0.5621029138565063,0.9339767369832808,0.9326975690415001,0.9327452957182883
640,0.9580078125,0.4453914165496826,0.9263281226158142,0.5718982219696045,0.9278875895107968,0.9261773447968991,0.9262600271982456
641,0.9596093893051147,0.4443783462047577,0.926953136920929,0.5761736035346985,0.928665539242796,0.9265957922528476,0.926714216368731
642,0.9580273628234863,0.4483250677585602,0.928906261920929,0.5676007270812988,0.9303386815056102,0.9287316520127535,0.928848735583482
643,0.9598633050918579,0.4436388313770294,0.92578125,0.574130117893219,0.9273100823693685,0.9255742658898511,0.9256989793528865
644,0.9596093893051147,0.443462610244751,0.926953136920929,0.5721097588539124,0.9283623108915344,0.9266900156776459,0.9268338599425252
645,0.9581640362739563,0.4466606378555298,0.9253125190734863,0.5747472643852234,0.9265874905538862,0.9250432845101255,0.9250740222003406
646,0.96142578125,0.4404029846191406,0.9282812476158142,0.5678666234016418,0.9298310390373574,0.9280022699953719,0.9281487047834049
647,0.9584570527076721,0.44503235816955566,0.9273437261581421,0.5719935894012451,0.928541743986396,0.9272444633551957,0.9271921689237318
648,0.9602148532867432,0.4403820335865021,0.930859386920929,0.5618261694908142,0.9322420623622576,0.9307357240491598,0.9307641166065104
649,0.9590234160423279,0.4469386041164398,0.9267187714576721,0.5746718049049377,0.9282034170994571,0.9264117269120002,0.9265566666605296
650,0.9586523175239563,0.4469006359577179,0.9311718940734863,0.5664026141166687,0.9326726821728382,0.9310109647447603,0.9311338561039946
651,0.9586328268051147,0.4463570713996887,0.9260937571525574,0.5761002898216248,0.9274819638852925,0.9256718994835267,0.9257828864794214
652,0.9586718678474426,0.44697198271751404,0.9275781512260437,0.5701636672019958,0.9291000985432977,0.9270997408088146,0.9272335399677859
653,0.9605664014816284,0.4425289034843445,0.9260937571525574,0.5688138008117676,0.9273949248665672,0.9258469806249008,0.9260159669167619
654,0.959765613079071,0.44216102361679077,0.9271875023841858,0.5712913274765015,0.9285489611945498,0.9269033598226412,0.9270254612345982
655,0.9619140625,0.4378430247306824,0.9298437237739563,0.5645056366920471,0.9314346047831282,0.92960342579084,0.9297298966193848
656,0.9615234136581421,0.440979540348053,0.926562488079071,0.571140468120575,0.9277533542257396,0.9264201988977769,0.9265115552942119
657,0.9598633050918579,0.44148728251457214,0.9319531321525574,0.5670632719993591,0.9336500680540475,0.9316199389572495,0.931786377065011
658,0.9606640338897705,0.4393669068813324,0.927734375,0.5781440734863281,0.9294487933965411,0.927474728589658,0.9275870327466536
659,0.96142578125,0.43837034702301025,0.9293749928474426,0.5646829605102539,0.930952102955755,0.9291232186480645,0.9293340263453186
660,0.9609570503234863,0.43843069672584534,0.9317968487739563,0.5628889203071594,0.9333670076302202,0.9314330370380949,0.9316818573550132
661,0.9597265720367432,0.44396328926086426,0.9284374713897705,0.5682457089424133,0.9301030975634087,0.9282146710733317,0.9283397865386112
662,0.95947265625,0.44449660181999207,0.924609363079071,0.5735816955566406,0.9260233675634475,0.9243536207232715,0.9245113424887405
663,0.9571093916893005,0.4491991400718689,0.9303905963897705,0.5644925832748413,0.9317690214747061,0.9300198689937182,0.9302158519040977
664,0.9561914205551147,0.45391544699668884,0.9270312786102295,0.5731975436210632,0.9286944443789281,0.9268285220841646,0.9270792992069348
665,0.95849609375,0.44565415382385254,0.9299218654632568,0.5711610913276672,0.9313971546438296,0.9299173341348976,0.9299145880754487
666,0.9595507979393005,0.4454701542854309,0.9296875,0.5680264830589294,0.9309543250435436,0.9294750353341008,0.9295535305893334
667,0.9584179520606995,0.44613155722618103,0.9284374713897705,0.5664905309677124,0.9298906780729643,0.9281145584522801,0.9282669472626766
668,0.9588671922683716,0.44657430052757263,0.9278905987739563,0.5643042325973511,0.9295306402433918,0.9276274589723719,0.9278124254690018
669,0.9606249928474426,0.440032958984375,0.9261718988418579,0.571377158164978,0.9279517244615101,0.9259919480403168,0.9260935733304831
670,0.95849609375,0.44707149267196655,0.9263281226158142,0.5804773569107056,0.9279298686530102,0.925978309916109,0.9260408624320403
671,0.9600976705551147,0.4434549808502197,0.9314844012260437,0.5638113617897034,0.9327374107124888,0.9312359528799045,0.9313033643870153
672,0.9602344036102295,0.4438106119632721,0.9264843463897705,0.5667692422866821,0.9276662416737531,0.9260626946939584,0.9261833971462088
673,0.9590625166893005,0.44167283177375793,0.9295312762260437,0.5687100887298584,0.9309138264155342,0.9291919435835327,0.9292906262730155
674,0.9605859518051147,0.44246771931648254,0.9268749952316284,0.5676204562187195,0.9284565588518803,0.9265645837886851,0.9266657918773384
675,0.9595898389816284,0.44370394945144653,0.9268749952316284,0.5811740756034851,0.9283116147293513,0.9266919582125877,0.926719680947087
676,0.9597265720367432,0.4422484338283539,0.9260937571525574,0.5753429532051086,0.9277608659442023,0.9260863490075988,0.9261159366067875
677,0.9599413871765137,0.44230952858924866,0.9290624856948853,0.571371853351593,0.9301939115732962,0.9288507423492698,0.92888736253001
678,0.9618945121765137,0.43575137853622437,0.928906261920929,0.5651591420173645,0.9304526875962711,0.9287664013512366,0.9288684109714515
679,0.9614453315734863,0.43754276633262634,0.9278125166893005,0.5741853713989258,0.9291075225715024,0.9275196535415755,0.9276102493913528
680,0.9603710770606995,0.43919655680656433,0.9275000095367432,0.567227303981781,0.9287848863674686,0.9271920216005094,0.9273000125136139
681,0.9597461223602295,0.442633718252182,0.9283593893051147,0.5747643113136292,0.9293986131191763,0.9284049464949758,0.9283168390389922
682,0.9577734470367432,0.4491523802280426,0.9274218678474426,0.5763643383979797,0.9287482535331358,0.9272465808517597,0.9273147483713291
683,0.9579492211341858,0.4462840259075165,0.9280468821525574,0.5745744705200195,0.929478540670709,0.927750119921666,0.9278332015438681
684,0.9599218964576721,0.44319096207618713,0.9271875023841858,0.5742160677909851,0.9285095958672211,0.9269854834334534,0.9269840533427472
685,0.9584765434265137,0.4466162621974945,0.9275000095367432,0.5675525069236755,0.928752676962567,0.9273094854815158,0.9273468544459563
686,0.958691418170929,0.44653579592704773,0.9250781536102295,0.5765088796615601,0.9266975630666816,0.9250033083693692,0.9250046449856772
687,0.9581249952316284,0.44661739468574524,0.9264843463897705,0.5704723596572876,0.9278040870409304,0.9262001369951927,0.9262804118937112
688,0.9601953029632568,0.44299396872520447,0.927734375,0.5699973702430725,0.9289647390070006,0.9274991015323588,0.9275168520348566
689,0.9583203196525574,0.44615939259529114,0.9258593916893005,0.5718338489532471,0.9272128755224205,0.9254735393947193,0.9255355036034821
690,0.9596288800239563,0.44225171208381653,0.9271875023841858,0.5673054456710815,0.9285846093203888,0.9269430790850188,0.9270066700142108
691,0.9604687690734863,0.44032084941864014,0.932812511920929,0.5534318685531616,0.9339184207575557,0.9324554497551605,0.932529879941158
692,0.9593359231948853,0.4430423378944397,0.9289844036102295,0.5611035227775574,0.9303056252781333,0.9286601709079803,0.9286884407547764
693,0.9609960913658142,0.4410727024078369,0.9297656416893005,0.5562884211540222,0.9311179845601878,0.9294900083717985,0.9295352813342803
694,0.9593945145606995,0.44210925698280334,0.9276562333106995,0.5710963010787964,0.9290263238658617,0.9274215825547596,0.9274959384849149
695,0.9609765410423279,0.43730616569519043,0.9280468821525574,0.565900444984436,0.9292749816962254,0.9276561524693431,0.9277058853317678
696,0.9601367115974426,0.4398145377635956,0.9312499761581421,0.5644463896751404,0.9328601867883702,0.930923407626044,0.9311022011158416
697,0.9602734446525574,0.4379827380180359,0.9307812452316284,0.5604934692382812,0.9321681144350269,0.930604377270809,0.9306374098531429
698,0.9611914157867432,0.4382975399494171,0.9292187690734863,0.5684536099433899,0.93096251115072,0.9291288223144987,0.9292243278238028
699,0.9591211080551147,0.4440581202507019,0.928515613079071,0.5647460222244263,0.9300432445902599,0.9284480973641747,0.9285566457946876
700,0.960156261920929,0.44117677211761475,0.9303125143051147,0.5645740032196045,0.931691316253801,0.9301179030237843,0.9301687346237092
701,0.9583789110183716,0.4460435211658478,0.9278905987739563,0.585568904876709,0.9294216556468415,0.9277984390438698,0.9278488064104671
702,0.9590429663658142,0.446254163980484,0.9254687428474426,0.5747969150543213,0.9268269146092586,0.9250751925993365,0.925122316376685
703,0.9600976705551147,0.44152575731277466,0.9292187690734863,0.565782368183136,0.9307128081645173,0.9288306416536595,0.9290525230804738
704,0.9615234136581421,0.4398198425769806,0.9273437261581421,0.5726363658905029,0.928547679343726,0.9269768880954411,0.9270071953918959
705,0.9595898389816284,0.4409511685371399,0.9281250238418579,0.5730326175689697,0.929475879949393,0.9277096968189444,0.9278410351154522
706,0.9616992473602295,0.43549400568008423,0.9293749928474426,0.5610437989234924,0.9309544590879828,0.9292267446637879,0.92931573689305
707,0.9608203172683716,0.4384276270866394,0.9273437261581421,0.5645083785057068,0.9287642108806261,0.9270166484965171,0.9271110823060166
708,0.9599999785423279,0.44154831767082214,0.9268749952316284,0.5604032874107361,0.9279955367843282,0.9264776364040608,0.9264996963129133
709,0.9587695598602295,0.4441377520561218,0.9284374713897705,0.5621784925460815,0.9299274074870916,0.9281684773369311,0.9282407267900391
710,0.95947265625,0.4405149817466736,0.9340624809265137,0.5506199598312378,0.9352946942805704,0.9339095345600426,0.9339044646635166
711,0.9616992473602295,0.435423880815506,0.9314844012260437,0.5590691566467285,0.9325952187713247,0.9311436194592421,0.9311459597815487
712,0.9637890458106995,0.43110907077789307,0.9295312762260437,0.550836443901062,0.9306138846255732,0.9291394628139718,0.9292139397943581
713,0.9612500071525574,0.4366873800754547,0.9275000095367432,0.5582288503646851,0.9290543341463136,0.9274122069213061,0.9275476212690004
714,0.9590820074081421,0.44075751304626465,0.9309375286102295,0.5556829571723938,0.9325577727381582,0.9306465600703807,0.9308103405307566
715,0.96044921875,0.4397701323032379,0.9260937571525574,0.562757670879364,0.9276403954410417,0.9257913730810827,0.925943026316029
716,0.9592968821525574,0.44304603338241577,0.9267187714576721,0.5678834319114685,0.9280362437941867,0.9264844102252845,0.9265151632985438
717,0.9608203172683716,0.43616631627082825,0.9307812452316284,0.5573011636734009,0.9319607872173628,0.930612350794493,0.9306326458623448
718,0.9584179520606995,0.44274476170539856,0.9329687356948853,0.5537000298500061,0.9340143973517027,0.9326465561109027,0.9327423656276458
719,0.9583789110183716,0.4441089928150177,0.9288281202316284,0.5591082572937012,0.9300548895057601,0.9284769033104866,0.9286095998055794
720,0.9594336152076721,0.4428420662879944,0.932812511920929,0.5530274510383606,0.9339848997189069,0.9325711592184118,0.9326019582634023
721,0.9610937237739563,0.43809959292411804,0.9298437237739563,0.5618894100189209,0.9312914276918154,0.9295952473927616,0.9296882977047871
722,0.9620312452316284,0.431115984916687,0.9291406273841858,0.571602463722229,0.9305909508065002,0.9288349211765132,0.9289620129383549
723,0.9618945121765137,0.4349084198474884,0.9315624833106995,0.5568972229957581,0.9330736870983021,0.9313550688210297,0.9314608295272362
724,0.961132824420929,0.436223566532135,0.9289844036102295,0.5628023743629456,0.9304555568830976,0.928557452608274,0.9287270220168884
725,0.9594531059265137,0.4440314471721649,0.9299218654632568,0.560225784778595,0.9313846773660729,0.9296947211746125,0.9297562245638646
726,0.9595312476158142,0.44159358739852905,0.9298437237739563,0.5570183396339417,0.9313043522622191,0.9296174982014335,0.9295992819798902
727,0.9598827958106995,0.44147834181785583,0.9307031035423279,0.5606815814971924,0.9320320683998604,0.9303122515165394,0.9304903660434864
728,0.9611132740974426,0.4373105764389038,0.9285937547683716,0.5623694658279419,0.9299674547073633,0.9282558345599307,0.9283834419942208
729,0.960742175579071,0.43466392159461975,0.9286718964576721,0.5609388947486877,0.9299739379391118,0.9283528125563683,0.9284437107073069
730,0.9605273604393005,0.4420243799686432,0.9293749928474426,0.5643688440322876,0.9309595271838768,0.928951165796118,0.9291333993368434
731,0.9590820074081421,0.44201838970184326,0.9261718988418579,0.5734045505523682,0.9278108073380433,0.9256931232230823,0.9258396500261692
732,0.9599804878234863,0.44231945276260376,0.9303905963897705,0.5573443174362183,0.9315191124387164,0.9300317901451319,0.9301103828327203
733,0.9595312476158142,0.4394145905971527,0.9299218654632568,0.5642770528793335,0.930938254829646,0.9297223574907691,0.9296918261619991
734,0.9592578411102295,0.44175708293914795,0.9303125143051147,0.5534771084785461,0.9317893259318446,0.9300453517851373,0.9301793304930395
735,0.9620116949081421,0.4354347586631775,0.9317968487739563,0.5522308945655823,0.9331297496011492,0.9315344870502447,0.9316580397164487
736,0.9605859518051147,0.4357154071331024,0.9313281178474426,0.556668221950531,0.932577869767113,0.9310248894692528,0.9311138772330256
737,0.9610351324081421,0.4364441931247711,0.9303905963897705,0.5609828233718872,0.9317207674191041,0.9301119437754537,0.9302091384599257
738,0.9610351324081421,0.4352518916130066,0.928906261920929,0.5677316784858704,0.9303682456306719,0.9286823392923913,0.9287631523288896
739,0.9616015553474426,0.43529388308525085,0.9275000095367432,0.568017303943634,0.9290283343010193,0.9273184398129946,0.9273372503808424
740,0.9590820074081421,0.4423908293247223,0.9283593893051147,0.5753657817840576,0.9301621995810152,0.9279215714265361,0.9280369133123085
741,0.9576171636581421,0.4459344446659088,0.9283593893051147,0.5605880618095398,0.9299837731930185,0.9280303237004128,0.9282113392317339
742,0.9611523151397705,0.43808162212371826,0.9303905963897705,0.5612510442733765,0.9321652290238264,0.9301223352233279,0.9303059436058408
743,0.9611132740974426,0.43487322330474854,0.9311718940734863,0.556765615940094,0.9326187163419687,0.9310051288496162,0.9310900807644128
744,0.9624999761581421,0.43157070875167847,0.9320312738418579,0.5614740252494812,0.9332321235051729,0.9317625142984238,0.9318837271999536
745,0.9578320384025574,0.44389018416404724,0.9307812452316284,0.562648594379425,0.9321574188289414,0.9304984057970457,0.9306097498110466
746,0.9594922065734863,0.4402954578399658,0.9310937523841858,0.5593835115432739,0.9327938633856958,0.9309415836985553,0.9310647803337968
747,0.961132824420929,0.4355536997318268,0.9325781464576721,0.5565763711929321,0.9342245325630851,0.9322760617691236,0.9324183899158855
748,0.960644543170929,0.4388284981250763,0.9261718988418579,0.566382646560669,0.9274896403786299,0.9259202051436155,0.925921071170962
749,0.9594922065734863,0.4384773373603821,0.9307031035423279,0.5644248127937317,0.9322595282043973,0.9304245893205678,0.930532274160397
750,0.9623827934265137,0.43688198924064636,0.9306250214576721,0.5566924810409546,0.9317766500829828,0.9304896599316301,0.9304626971829444
751,0.9603906273841858,0.4370745122432709,0.9300781488418579,0.5628030300140381,0.9314965549256957,0.9298339793441945,0.9299138719837622
752,0.9601171612739563,0.43903106451034546,0.9291406273841858,0.5607629418373108,0.9306913950009569,0.9290025183011847,0.9290587036125585
753,0.9616405963897705,0.43597543239593506,0.9307031035423279,0.5511422753334045,0.9321061951931435,0.9304942347700232,0.930512038430687
754,0.9630663990974426,0.42982929944992065,0.9328906536102295,0.556236743927002,0.934236109912316,0.9326174120588167,0.9326913146944507
755,0.961132824420929,0.4338623285293579,0.9317187666893005,0.5533884167671204,0.9332847043578838,0.9313556182524596,0.9315898954426423
756,0.9599609375,0.4384460151195526,0.9290624856948853,0.5664452910423279,0.930246746904756,0.9288484149954915,0.928855620282599
757,0.9594140648841858,0.43995654582977295,0.9301562309265137,0.5610715746879578,0.9315156743605022,0.9296760401587004,0.9298442273912717
758,0.9609179496765137,0.43697917461395264,0.9278125166893005,0.5604957938194275,0.9290820708874392,0.9276462615662071,0.927679460251988
759,0.9600390791893005,0.4404210150241852,0.9280468821525574,0.5675997138023376,0.9292795119028536,0.9278814680178218,0.9278658131598606
760,0.9608398675918579,0.4359881281852722,0.9319531321525574,0.5597212910652161,0.9334231075570323,0.9317385260309241,0.931824952288788
761,0.9595116972923279,0.4401426613330841,0.9310937523841858,0.5523897409439087,0.9323919758748739,0.9308534353294373,0.9308748794786679
762,0.9624413847923279,0.4319421648979187,0.9293749928474426,0.5645248293876648,0.9307103570592018,0.9290627308609583,0.9292078837672407
763,0.95947265625,0.437531977891922,0.9310937523841858,0.5616636872291565,0.9321013756332092,0.9308022956066657,0.9308940658074218
764,0.962207019329071,0.42968013882637024,0.9300000071525574,0.560981810092926,0.9311279558639409,0.9297037169942481,0.9298026232662353
765,0.9588671922683716,0.4383526146411896,0.930468738079071,0.5618281364440918,0.9320133484896574,0.9300961389252191,0.9303165178915214
766,0.9617578387260437,0.43399402499198914,0.9352343678474426,0.5513303279876709,0.93664449204096,0.9348729291021034,0.9351053690058593
767,0.959765613079071,0.43879780173301697,0.9322656393051147,0.5538372993469238,0.9335501556805011,0.932089207731727,0.932131412605231
768,0.9609375,0.4347016215324402,0.930468738079071,0.5559453368186951,0.931896261211791,0.9303019683657964,0.9303767658668852
769,0.9603320360183716,0.438867449760437,0.926953136920929,0.5616227984428406,0.9284551426194052,0.92673038144238,0.9267747435834472
770,0.9600585699081421,0.43839889764785767,0.9321874976158142,0.5575962066650391,0.9337070490094767,0.9320440111755068,0.9321467082052991
771,0.9599218964576721,0.4369165301322937,0.9291406273841858,0.5664638876914978,0.9302042279951188,0.9289287433878068,0.9289407784687534
772,0.9625390768051147,0.43095657229423523,0.931640625,0.5560036897659302,0.9328446769017887,0.9314319336713337,0.9313995457055605
773,0.9581249952316284,0.44144752621650696,0.930468738079071,0.5583820939064026,0.9317331285879447,0.9302085908299729,0.930263180819533
774,0.9595898389816284,0.43972957134246826,0.9307812452316284,0.5643970966339111,0.931920529015249,0.9305014536807026,0.9305344175424817
775,0.9608789086341858,0.4368710219860077,0.9310937523841858,0.5583791136741638,0.9321401289406569,0.9309280709156222,0.9308727063569056
776,0.9608593583106995,0.4347250461578369,0.9289844036102295,0.5625158548355103,0.930212908380151,0.9286287208491829,0.9287218768410868
777,0.9602148532867432,0.4361472427845001,0.930859386920929,0.5567783713340759,0.9322312694234267,0.930530590942682,0.9306195976822488
778,0.9609960913658142,0.433003306388855,0.9305468797683716,0.5579757690429688,0.9318158491707642,0.9301066523277275,0.9303013914882394
779,0.9608593583106995,0.43439996242523193,0.928515613079071,0.5597376227378845,0.9298117222674311,0.9281698804304543,0.9282205167321234
780,0.9618945121765137,0.43428704142570496,0.9321874976158142,0.5528706908226013,0.933302279556395,0.9319767015256881,0.9319016459631199
781,0.9617382884025574,0.43067777156829834,0.9307031035423279,0.5601010918617249,0.9319867064922358,0.9305926369033103,0.9305654651176647
782,0.9623633027076721,0.4321216344833374,0.9317968487739563,0.551995038986206,0.9330374485558448,0.9315211441065603,0.93161116195595
783,0.961132824420929,0.43354105949401855,0.9300000071525574,0.5639329552650452,0.9314664961832771,0.9297327575127967,0.9299121555847862
784,0.9607226848602295,0.43146178126335144,0.9313281178474426,0.5653242468833923,0.9329013185858495,0.9310935709195156,0.9311575121464108
785,0.9602148532867432,0.43385353684425354,0.9312499761581421,0.5508732795715332,0.9323468556539016,0.930961989472207,0.931067311289648
786,0.9591991901397705,0.43889397382736206,0.9310156106948853,0.5631839036941528,0.9324200172371565,0.9307710244102362,0.9308120649551241
787,0.96142578125,0.4357823133468628,0.930859386920929,0.5597842931747437,0.9323349024120648,0.9304540950540798,0.930677313123903
788,0.9592187404632568,0.4400886595249176,0.928906261920929,0.5643852949142456,0.9311386808591346,0.9284514729741571,0.9287018739008392
789,0.9608007669448853,0.43863484263420105,0.9294531345367432,0.5610600113868713,0.9309486973708342,0.9289951042386526,0.9291668923146188
790,0.9607031345367432,0.434480756521225,0.9251562356948853,0.5778864026069641,0.9264157095232796,0.9249312535226056,0.9248700929433809
791,0.9607617259025574,0.4364466071128845,0.9328906536102295,0.5493197441101074,0.9339249626468302,0.9327161661391941,0.9326377974096434
792,0.9607226848602295,0.4365486800670624,0.9314062595367432,0.5523737072944641,0.9326514151723101,0.9310565970664644,0.9311433976554269
793,0.9614648222923279,0.4319056272506714,0.9278905987739563,0.5541200041770935,0.9290261620930218,0.9273864645230707,0.9274806974757575
794,0.961230456829071,0.4321211278438568,0.9289844036102295,0.5653790831565857,0.9307255445799582,0.9284373431521715,0.9286618034806953
795,0.9613867402076721,0.43663763999938965,0.9285937547683716,0.5608114004135132,0.9299364369822867,0.9281592360022062,0.9283085444603083
796,0.9612695574760437,0.43442240357398987,0.932421863079071,0.5515733361244202,0.9334982413599998,0.9321364268183896,0.9321420642032725
797,0.9598047137260437,0.4401323199272156,0.926953136920929,0.566703736782074,0.9281252843278631,0.9266507361551932,0.9266954513663199
798,0.9596874713897705,0.43529415130615234,0.9301562309265137,0.5615754723548889,0.9316536729765472,0.9298593768966517,0.9299192578629946
799,0.962109386920929,0.432012677192688,0.9298437237739563,0.5618376135826111,0.9307567891906118,0.9294373940347942,0.9294937463964541
800,0.9596484303474426,0.4363888204097748,0.9307812452316284,0.5650273561477661,0.9320941914062097,0.9304661653561774,0.9306094627643386
801,0.9599804878234863,0.43712684512138367,0.9294531345367432,0.5569192171096802,0.9307712348198158,0.929197920927114,0.9292871012319295
802,0.9610546827316284,0.4333621859550476,0.9301562309265137,0.562748372554779,0.9313833195702774,0.9298950128703343,0.9299456944021858
803,0.9594922065734863,0.43534374237060547,0.9309375286102295,0.5630642175674438,0.9320078155831766,0.9307454094710044,0.9307244722189901
804,0.9614062309265137,0.4320107400417328,0.9305468797683716,0.5570775866508484,0.9317293998934539,0.9301883209273631,0.9303298997577906
805,0.962890625,0.43029502034187317,0.9288281202316284,0.5627422332763672,0.9302197314909104,0.9283177912337144,0.9285443748567497
806,0.9619922041893005,0.4337303042411804,0.9303125143051147,0.5554865002632141,0.93170664622239,0.9299885642488621,0.9301972228823949
807,0.9603515863418579,0.43594563007354736,0.9298437237739563,0.5545614361763,0.9309922645686664,0.9296670962189265,0.9296348984807492
808,0.96044921875,0.4359685480594635,0.9314062595367432,0.5527018904685974,0.932927160549684,0.9313751955153503,0.9314197514925531
809,0.9615234136581421,0.43417540192604065,0.9283593893051147,0.5628631114959717,0.9297060820276861,0.9282739839087806,0.9283059969249229
810,0.9592187404632568,0.4367515444755554,0.9300781488418579,0.5601539015769958,0.9314713919294546,0.929928196274696,0.9299640498772901
811,0.962207019329071,0.4310912787914276,0.9275781512260437,0.5624145269393921,0.928892325044581,0.9274548885969071,0.927522345498335
812,0.960742175579071,0.43132102489471436,0.9303125143051147,0.5639570355415344,0.9318340065005839,0.9301285052083251,0.930213971028154
813,0.9618945121765137,0.43066027760505676,0.9311718940734863,0.559014618396759,0.9323705385036296,0.930866491203823,0.9309499003983254
814,0.9581054449081421,0.439515620470047,0.9314062595367432,0.5567840337753296,0.9329480792434756,0.9310515712199295,0.9312203926939544
815,0.9599218964576721,0.4361470937728882,0.9280468821525574,0.570138156414032,0.9293379134636957,0.9276196770676484,0.9276787476295849
816,0.9618945121765137,0.4313555061817169,0.9302343726158142,0.5597392916679382,0.931810296167304,0.9298257668982958,0.9299998706440706
817,0.961132824420929,0.4323514699935913,0.9309375286102295,0.5549814105033875,0.9322478465539656,0.9306409110984771,0.9307272249227241
818,0.9620702862739563,0.4326605498790741,0.930859386920929,0.5605160593986511,0.9320111313766661,0.9305181792105998,0.9306624423133336
819,0.9616796970367432,0.43277472257614136,0.9290624856948853,0.5547197461128235,0.9303998337338559,0.9288604151090063,0.928926251476609
820,0.9615039229393005,0.43079379200935364,0.9284374713897705,0.5586374998092651,0.9297557001661192,0.9281896672850283,0.9282267898954015
821,0.9620312452316284,0.4313381612300873,0.9311718940734863,0.5512091517448425,0.9324491857113019,0.9307496122949896,0.9309644760347349
822,0.9609960913658142,0.43076449632644653,0.9329687356948853,0.5494215488433838,0.9343171567079042,0.9326305433268741,0.9328001947904436
823,0.9603906273841858,0.43338295817375183,0.9312499761581421,0.5554646253585815,0.9324538922895538,0.9308710124201294,0.930954085619881
824,0.9605664014816284,0.43269091844558716,0.9275000095367432,0.5689178109169006,0.9286770358248755,0.9271092963824142,0.927153271494205
825,0.9612109661102295,0.4339563846588135,0.9327343702316284,0.5580776333808899,0.9339867015035073,0.9323933058507253,0.9324664693451752
826,0.9609570503234863,0.4322408437728882,0.928906261920929,0.5626361966133118,0.9302459091319418,0.9286305247728406,0.9287232981543486
827,0.9610156416893005,0.43364056944847107,0.9300781488418579,0.567450761795044,0.9312456699860874,0.9298025248215345,0.9298579416970938
828,0.9608398675918579,0.43240395188331604,0.9329687356948853,0.5500985383987427,0.9342313412173223,0.9327157992392306,0.9327746062847524
829,0.9620116949081421,0.42974501848220825,0.930468738079071,0.5579372644424438,0.9317499351604286,0.9299815331114237,0.9302133525816461
830,0.961132824420929,0.43286141753196716,0.9280468821525574,0.5631653070449829,0.9297163323734116,0.9276866568831266,0.927963693594634
831,0.959179699420929,0.4363662004470825,0.9306250214576721,0.5614020824432373,0.9318221713695545,0.9304554616074989,0.9304485087177506
832,0.9592578411102295,0.4380134642124176,0.9295312762260437,0.5618252754211426,0.9309479652436755,0.9293940240194024,0.9293523445318002
833,0.9580078125,0.44244149327278137,0.9314844012260437,0.5559015274047852,0.9329316215858299,0.9311574032322534,0.9313611444541073
834,0.9615039229393005,0.4312294125556946,0.9284374713897705,0.561514675617218,0.9299044282894765,0.9282181573627073,0.9282627424028395
835,0.9617578387260437,0.43110767006874084,0.9295312762260437,0.5606642961502075,0.931081802235125,0.9292668618676923,0.9292897881854904
836,0.9610156416893005,0.42988690733909607,0.9322656393051147,0.5556685924530029,0.9333161405906069,0.9318709130764147,0.9318927759238933
837,0.9605273604393005,0.43308132886886597,0.9323437213897705,0.5473724007606506,0.9334882763949138,0.9321051444750728,0.9322018733102687
838,0.9616601467132568,0.42854660749435425,0.934374988079071,0.5428454875946045,0.9356072312906768,0.9341961427952771,0.9342385336126172
839,0.9610546827316284,0.4324188232421875,0.9317187666893005,0.5559720396995544,0.9330760141450294,0.9313463525203654,0.9313586588543687
840,0.9613671898841858,0.4303750991821289,0.9302343726158142,0.5563510656356812,0.9315559019162611,0.9299624657911016,0.9300527363925787
841,0.9629882574081421,0.4280012249946594,0.9303905963897705,0.5601328015327454,0.9314875183551867,0.9300155479721559,0.9300273695130569
842,0.9616796970367432,0.4285305440425873,0.931640625,0.5536601543426514,0.9331825236332929,0.9314444601409493,0.9315220548857338
843,0.9598437547683716,0.4348260462284088,0.9325781464576721,0.5544591546058655,0.9339708102022919,0.9323799099068224,0.9324501232166027
844,0.9617968797683716,0.43045303225517273,0.9276562333106995,0.562408447265625,0.9288506537290466,0.9273733779219275,0.9274339805328073
845,0.9619140625,0.4319031536579132,0.9313281178474426,0.5523195266723633,0.9327229074331356,0.9312150662794159,0.9312487123551118
846,0.9600585699081421,0.43302464485168457,0.9317968487739563,0.5524955987930298,0.9328775381697884,0.9315965461469773,0.9315503161716537
847,0.9592187404632568,0.43885472416877747,0.9303905963897705,0.5536736249923706,0.9315692052070901,0.9302518198098153,0.930260647633297
848,0.9594140648841858,0.4363459348678589,0.9302343726158142,0.5469245910644531,0.9315944694233752,0.9299249658494289,0.9300281851355685
849,0.959765613079071,0.4348814785480499,0.9307812452316284,0.5557578802108765,0.9319684874578611,0.9303872813077276,0.9304748976153889
850,0.9606249928474426,0.4352453649044037,0.9326562285423279,0.5498237013816833,0.9338308832721844,0.9325520642572336,0.9325366618473929
851,0.9613281488418579,0.4344877302646637,0.9306250214576721,0.5649939775466919,0.9320173978771216,0.9302444747168177,0.9304002367083372
852,0.962597668170929,0.42978352308273315,0.9335156083106995,0.5486242175102234,0.9346245476177867,0.9333183792933188,0.9333133387223984
853,0.9630663990974426,0.42912888526916504,0.9306250214576721,0.5525683164596558,0.9322516811874326,0.9303869050952257,0.9304829433902426
854,0.9635937213897705,0.4268385171890259,0.9325781464576721,0.549344539642334,0.9339616458157167,0.932437154865255,0.9325721473411696
855,0.9635156393051147,0.42335498332977295,0.9338281154632568,0.5448600649833679,0.9354485728576104,0.9335511874913701,0.933640403477022
856,0.9631640911102295,0.4268795847892761,0.9312499761581421,0.5527037978172302,0.9328737948769772,0.9310652771361627,0.9311624123682535
857,0.9617968797683716,0.4287400543689728,0.9310156106948853,0.5535470247268677,0.9326270508390313,0.9306795045041544,0.9308495319022585
858,0.9611914157867432,0.42995932698249817,0.9303125143051147,0.5521060228347778,0.9318438931463418,0.9302135172026239,0.9301927200891759
859,0.9620116949081421,0.4269828498363495,0.9271875023841858,0.5696508884429932,0.9289040222516793,0.9269826861294044,0.927014591457243
860,0.9603906273841858,0.43354856967926025,0.9328906536102295,0.5477283000946045,0.9342896218937504,0.9322828542617357,0.9325424601924774
861,0.9608203172683716,0.43237975239753723,0.9271875023841858,0.5646879076957703,0.9284103704976011,0.9269176403927899,0.9268897272011398
862,0.9598242044448853,0.4351097047328949,0.928515613079071,0.5619601011276245,0.9299487400867883,0.9284379316136435,0.9284722343112791
863,0.9597070217132568,0.4360382854938507,0.9329687356948853,0.5514854192733765,0.9340012792247534,0.9327470971131013,0.9327875509822717
864,0.9595116972923279,0.4383310377597809,0.9311718940734863,0.5544142127037048,0.9325816236818785,0.9309179219107212,0.931014873914886
865,0.9582617282867432,0.4381134510040283,0.9329687356948853,0.5492007732391357,0.9341524613061771,0.9326060727278003,0.9326203678214485
866,0.9603710770606995,0.4332689344882965,0.9298437237739563,0.5606778860092163,0.9313626015366138,0.9294583880641543,0.9296345111892313
867,0.96142578125,0.4322536587715149,0.9298437237739563,0.5606117844581604,0.931154125560828,0.9296149941266583,0.9296007251778368
868,0.9620898365974426,0.4312005937099457,0.9309375286102295,0.5547713041305542,0.9320981991412092,0.9307610323132192,0.930750958472242
869,0.9614062309265137,0.43072283267974854,0.9346093535423279,0.546675443649292,0.9360662495970025,0.9343839447738802,0.9345138196499423
870,0.9627929925918579,0.42642924189567566,0.9299218654632568,0.5552393198013306,0.9312058426019086,0.9297403247434828,0.9297526363406349
871,0.9619726538658142,0.42727336287498474,0.930468738079071,0.5556808710098267,0.9319436452773895,0.9299913001169193,0.9301679948877182
872,0.9628710746765137,0.42608723044395447,0.9336718916893005,0.5470050573348999,0.9349147746856713,0.9334311830000046,0.9335220679987124
873,0.9618750214576721,0.4287830591201782,0.9320312738418579,0.5493408441543579,0.9337412065845885,0.9316882253191667,0.9318453259077308
874,0.9612500071525574,0.4314950704574585,0.9286718964576721,0.56438148021698,0.9303020132015193,0.9282672245183357,0.9284870731965695
875,0.9603710770606995,0.4333121180534363,0.9332812428474426,0.553078830242157,0.9346319282102037,0.9327696174631113,0.9330301771553248
876,0.9624804854393005,0.42872413992881775,0.9328906536102295,0.5534303784370422,0.9342673376399497,0.932604516445811,0.9327118788696691
877,0.9621288776397705,0.42769503593444824,0.9288281202316284,0.5622432827949524,0.9302063681713765,0.9284810217078605,0.9285270151402543
878,0.9611914157867432,0.4294421672821045,0.9317187666893005,0.5518530011177063,0.9329270912024595,0.9315038288215663,0.931508834116872
879,0.9608203172683716,0.43435436487197876,0.9307031035423279,0.5526689291000366,0.9320479843729942,0.930500853271788,0.9305543412340098
880,0.9614843726158142,0.4293363094329834,0.9296875,0.551588773727417,0.9310551471546206,0.9294924974453679,0.9294901795106989
881,0.9622461199760437,0.42854538559913635,0.9330468773841858,0.5495160818099976,0.934292998177613,0.9327243126164484,0.9328611690093352
882,0.9628320336341858,0.42642390727996826,0.9289844036102295,0.5585910081863403,0.9302423809245443,0.9287325571333357,0.928782754419994
883,0.9619922041893005,0.42764464020729065,0.9311718940734863,0.5587806105613708,0.9325384516176144,0.9309023580522624,0.9310477461430032
884,0.9598242044448853,0.43318071961402893,0.9286718964576721,0.5597058534622192,0.9301226747528407,0.9284732628979154,0.9285154706185046
885,0.95947265625,0.4365224838256836,0.9275781512260437,0.5689979791641235,0.9287168685082938,0.9273019876872852,0.9273404512799768
886,0.9607226848602295,0.4298557639122009,0.9303905963897705,0.5564249157905579,0.9318799989193656,0.9301590788582305,0.9302019218552202
887,0.9607031345367432,0.4317093789577484,0.9303905963897705,0.5572744607925415,0.9318496683531368,0.9299942586600349,0.9302019582315677
888,0.9597851634025574,0.43784812092781067,0.9331250190734863,0.551622211933136,0.9344436687499358,0.9328210321740023,0.9328895026374651
889,0.9615820050239563,0.4298727810382843,0.9296875,0.5546457171440125,0.9310829654451473,0.9295236601687304,0.9295640886971641
890,0.9622656106948853,0.42920807003974915,0.932421863079071,0.5498231649398804,0.9337859776099227,0.9320787372920427,0.9322468654720729
891,0.9629101753234863,0.4266594350337982,0.9320312738418579,0.5487096309661865,0.9333628066681384,0.9316536648331637,0.9318555415904926
892,0.959765613079071,0.4341932535171509,0.9321093559265137,0.5484219193458557,0.9335646777783816,0.9318937112956536,0.9319651675859258
893,0.9622656106948853,0.42693856358528137,0.9332031011581421,0.5447261333465576,0.9346712936990722,0.9328324102702346,0.9330164899072113
894,0.9609375,0.42780280113220215,0.9326562285423279,0.5460601449012756,0.9342912552724283,0.9322876703257703,0.9324069261991932
895,0.9616015553474426,0.42723292112350464,0.9332031011581421,0.5457203984260559,0.9346752763774258,0.932838036368346,0.9330264888307241
896,0.9623827934265137,0.42616888880729675,0.9286718964576721,0.5620044469833374,0.9302123539987812,0.9283876015634404,0.928509604563161
897,0.9614062309265137,0.4288133382797241,0.9315624833106995,0.5532991886138916,0.93308185891525,0.9312845076419336,0.9314574297009081
898,0.960644543170929,0.42967289686203003,0.930859386920929,0.5577943921089172,0.9321068438789637,0.9304769041400625,0.9306189221423012
899,0.9613671898841858,0.4290677011013031,0.9346874952316284,0.5495565533638,0.935859465235154,0.934473799343744,0.9345723509878572
900,0.9613867402076721,0.4308350384235382,0.9317187666893005,0.5475719571113586,0.933012992743196,0.9313954404728253,0.9315490450947183
901,0.9609375,0.42989107966423035,0.9321874976158142,0.5479781031608582,0.9332696349041064,0.9317657529109014,0.9319204775999348
902,0.9615429639816284,0.4283161163330078,0.9310937523841858,0.5596581697463989,0.9322838901270181,0.9307931141556515,0.9308724311598117
903,0.9618164300918579,0.429289847612381,0.932812511920929,0.5464295148849487,0.9344779552616578,0.9324513891706186,0.9325633010520527
904,0.9627929925918579,0.4252344071865082,0.9345312714576721,0.5468065738677979,0.93581893736751,0.9342161596681329,0.9344350021433245
905,0.9601367115974426,0.4315590560436249,0.9317968487739563,0.5482099652290344,0.9329887236612799,0.931358086740698,0.9315532061480021
906,0.9610156416893005,0.43037164211273193,0.9303125143051147,0.5509795546531677,0.9319248220278281,0.929972821362606,0.9302102397251866
907,0.9610546827316284,0.4329577684402466,0.9314062595367432,0.5534307956695557,0.9328787296858909,0.9311383629590335,0.9311940374731573
908,0.9601171612739563,0.43256115913391113,0.9315624833106995,0.5582311153411865,0.9329573253905381,0.9314328833166498,0.9314392227896471
909,0.9615429639816284,0.42906638979911804,0.9310937523841858,0.552095890045166,0.9323545959116595,0.9307608945109669,0.9308867136635234
910,0.9608007669448853,0.4300382733345032,0.9302343726158142,0.5557233095169067,0.9318472115288148,0.9299820208296117,0.9302144193571402
911,0.9625585675239563,0.4237323999404907,0.9321093559265137,0.551787793636322,0.9334891544396388,0.9320049852644445,0.9320724086307788
912,0.9619140625,0.42902687191963196,0.9296875,0.5514328479766846,0.9310145058155553,0.9295166830188896,0.9295674782001833
913,0.9604101777076721,0.4317072927951813,0.9335156083106995,0.5453536510467529,0.9347908192857954,0.9332056679740182,0.9333724487971096
914,0.9616992473602295,0.42764565348625183,0.9346093535423279,0.5441979169845581,0.9359391658329119,0.9341756912973411,0.934422994263294
915,0.9618945121765137,0.4295600652694702,0.9326562285423279,0.545200526714325,0.9339004314289425,0.9322530618617544,0.9324276788109328
916,0.9618164300918579,0.42753228545188904,0.9332031011581421,0.5428004860877991,0.9344334762536695,0.93306184490865,0.9329941618613039
917,0.9624804854393005,0.4255865812301636,0.9314062595367432,0.5472007393836975,0.9327779064211299,0.931298430598884,0.9313274843796852
918,0.960742175579071,0.4301711916923523,0.9318749904632568,0.5451998710632324,0.9328798322345204,0.9315153252678146,0.9316060470140042
919,0.9626171588897705,0.42753830552101135,0.930468738079071,0.5590927600860596,0.931952276635641,0.9299968937687875,0.9301738642401292
920,0.9618945121765137,0.42599883675575256,0.932421863079071,0.5454117059707642,0.9336387687489637,0.9321073149716153,0.9321651743377379
921,0.9619531035423279,0.4239245355129242,0.93359375,0.5409572720527649,0.9350628917914803,0.9331801139118319,0.9333487329361219
922,0.9624804854393005,0.42382630705833435,0.9276562333106995,0.5575901865959167,0.9289917604949027,0.9274499349753343,0.9274506631764123
923,0.9624218940734863,0.4225701093673706,0.9291406273841858,0.5534213781356812,0.9306602869423785,0.9287877675129612,0.9288632157762818
924,0.9615625143051147,0.4270835518836975,0.9321874976158142,0.5413013100624084,0.933450078393542,0.9318517197990617,0.9319469819184631
925,0.9612500071525574,0.429040789604187,0.9340624809265137,0.534459114074707,0.9354443489021813,0.9337522998225684,0.9338259869654716
926,0.9624218940734863,0.424692302942276,0.93359375,0.538367509841919,0.9350752938479773,0.9332926651825286,0.9333840430377973
927,0.961621105670929,0.4265809953212738,0.9280468821525574,0.5551732778549194,0.9290241929767453,0.9276204190208452,0.927582432560037
928,0.9621288776397705,0.42628201842308044,0.9335156083106995,0.5468777418136597,0.9347656259201421,0.9332277401492157,0.9333408074808893
929,0.9630273580551147,0.4255470633506775,0.9325000047683716,0.5484077334403992,0.9337562295336195,0.9323169972264543,0.9323822861692779
930,0.9632031321525574,0.42314350605010986,0.9333593845367432,0.540489673614502,0.9349533306793576,0.9331761257301654,0.9333086217531507
931,0.9627538919448853,0.4253954589366913,0.9328906536102295,0.5465161800384521,0.9345373071712246,0.9327513140306573,0.932796599844604
932,0.9615625143051147,0.4309076964855194,0.9337499737739563,0.5481686592102051,0.9351001283472493,0.9334189684860353,0.9336335343284241
933,0.9606249928474426,0.4282708764076233,0.930468738079071,0.5544239282608032,0.9317441789190863,0.9302055464642165,0.9303652768352189
934,0.9591601490974426,0.4332199990749359,0.9325781464576721,0.5517362356185913,0.9338056082560142,0.9321596997594539,0.9323047435126682
935,0.9592968821525574,0.4330814778804779,0.9302343726158142,0.5534515976905823,0.9315204056325781,0.9298881578790231,0.9299566529589123
936,0.9621288776397705,0.42676788568496704,0.9325000047683716,0.5481925010681152,0.9336982935189881,0.9322112405061923,0.9322704498328975
937,0.9620312452316284,0.4266572594642639,0.93359375,0.5450372099876404,0.9348307722814568,0.9333383465439784,0.9334084614907864
938,0.9617773294448853,0.4257977604866028,0.93359375,0.5495750904083252,0.9347392730918036,0.9333615453961233,0.9335035785853351
939,0.9623047113418579,0.4256344735622406,0.9353125095367432,0.5441920757293701,0.9363902541051062,0.934896988814917,0.9350384594153821
940,0.9629101753234863,0.4232737421989441,0.9303125143051147,0.549889087677002,0.9316195528710804,0.9300486368746799,0.9301378789155552
941,0.9618750214576721,0.4234870970249176,0.9325000047683716,0.5483675599098206,0.9340874596784594,0.9323404284022878,0.932479843245563
942,0.9604882597923279,0.4298381805419922,0.9322656393051147,0.5471649765968323,0.933827993343195,0.9320718735805067,0.9321958036835479
943,0.9604882597923279,0.42947810888290405,0.9283593893051147,0.5596248507499695,0.9301245138082168,0.9282004998091556,0.9283173691853801
944,0.962695300579071,0.4265645146369934,0.9327343702316284,0.5471856594085693,0.9341292565588806,0.9325875613578622,0.9326138238078008
945,0.9616796970367432,0.4263181686401367,0.9278905987739563,0.5662693977355957,0.9292002189731479,0.9275459400270084,0.9276504652541839
946,0.9596484303474426,0.4356294572353363,0.9289844036102295,0.560263991355896,0.9306179646365965,0.9286349035775654,0.9287851342776239
947,0.9603124856948853,0.43270352482795715,0.9312499761581421,0.5508325695991516,0.9327696031980943,0.931005809637439,0.9310503924697109
948,0.9631640911102295,0.4248374104499817,0.9278125166893005,0.5592725872993469,0.9293303713040659,0.9274168837545631,0.927536024025486
949,0.9617578387260437,0.42400237917900085,0.9288281202316284,0.5607288479804993,0.9302960905846258,0.9284480816038189,0.928585980043671
950,0.9625390768051147,0.4263532757759094,0.9314062595367432,0.5554863214492798,0.9327581844611863,0.9311514111981891,0.9313021371106646
951,0.9609570503234863,0.4283399283885956,0.9305468797683716,0.5583736896514893,0.9319917616071689,0.9301861877370794,0.9303536022930867
952,0.9598827958106995,0.431879460811615,0.9339843988418579,0.5496433973312378,0.9352619431474696,0.9336776066820691,0.9337679367756948
953,0.9613476395606995,0.4254487156867981,0.9325000047683716,0.5473144054412842,0.9337794295574872,0.932195977335159,0.9323515857360196
954,0.9620507955551147,0.4242123067378998,0.9297656416893005,0.5598476529121399,0.9312359398401596,0.9293630724264903,0.9295400118929231
955,0.9613281488418579,0.42694881558418274,0.9321874976158142,0.5576894879341125,0.933574175254718,0.9316836932076297,0.931975163006516
956,0.9604101777076721,0.4307396709918976,0.9336718916893005,0.548241376876831,0.9349755429115174,0.933347889639634,0.9336190870169851
957,0.9606249928474426,0.42914822697639465,0.9321874976158142,0.5519701242446899,0.9335493310692711,0.9316976678669253,0.9318532590456743
958,0.9619140625,0.4258328676223755,0.9284374713897705,0.5628118515014648,0.9300678031913236,0.9279901937229622,0.928293040170956
959,0.9618945121765137,0.42377904057502747,0.9320312738418579,0.5500904321670532,0.9332321879846335,0.9317186511724493,0.9318358581168409
960,0.9626758098602295,0.4257825016975403,0.9296875,0.5544859170913696,0.9308959827459257,0.9294801911881676,0.9295131263042591
961,0.9625390768051147,0.42343565821647644,0.9317968487739563,0.5448935031890869,0.9333298429465746,0.9314191826439536,0.931609199625772
962,0.9617382884025574,0.4276839792728424,0.932812511920929,0.5488374829292297,0.9341213580623045,0.9324600694874905,0.9325670251876186
963,0.9606835842132568,0.42682337760925293,0.93359375,0.5428914427757263,0.9346618149242378,0.9333778029318952,0.9334158025583223
964,0.9621679782867432,0.42485401034355164,0.9328906536102295,0.5514745116233826,0.9343791140642024,0.9326426752995627,0.9327516916870107
965,0.9627148509025574,0.4221082627773285,0.9300000071525574,0.5552088022232056,0.9312709152931409,0.9295618891061993,0.9297132124917492
966,0.9607226848602295,0.4282292425632477,0.9322656393051147,0.552306592464447,0.9336530499297493,0.9319204152448151,0.9321135887881755
967,0.9611914157867432,0.4279921054840088,0.934374988079071,0.5464112758636475,0.9358655426928084,0.9339675673029331,0.9341105076631226
968,0.9614843726158142,0.4259529411792755,0.9307031035423279,0.548179030418396,0.9319136263265199,0.9305271458686938,0.9305342109674044
969,0.9619922041893005,0.42488574981689453,0.9292968511581421,0.5518688559532166,0.9306557905210322,0.928969177915318,0.9290359858506116
970,0.9618750214576721,0.4261823296546936,0.9311718940734863,0.5479474067687988,0.9324466045965869,0.9308075330189347,0.930863093816116
971,0.9624804854393005,0.4230533838272095,0.9318749904632568,0.5472149848937988,0.9330719501309837,0.9318084469541306,0.931699437604198
972,0.9618359208106995,0.4263938069343567,0.9310937523841858,0.5476587414741516,0.9326856555064371,0.9308158038422476,0.9309771289051979
973,0.9621288776397705,0.4277516305446625,0.932421863079071,0.5469549298286438,0.9333274136381586,0.9321385428842761,0.9320999822012878
974,0.9629687666893005,0.42133885622024536,0.9342187643051147,0.5410130023956299,0.9351274568743817,0.9339001076779148,0.9339272629083613
975,0.964062511920929,0.4192825257778168,0.9310156106948853,0.5484963655471802,0.932371073958973,0.9308168901053419,0.9309002506737569
976,0.9603320360183716,0.4275195300579071,0.9320312738418579,0.5470499396324158,0.9333995737948741,0.9318106071023693,0.9318409158753815
977,0.9626562595367432,0.42335009574890137,0.931640625,0.5450446605682373,0.933216159017598,0.9313980205431952,0.931461795579022
978,0.9631054401397705,0.4199931025505066,0.9331250190734863,0.553358256816864,0.9345808925082651,0.9328175699729869,0.9329413435759362
979,0.962695300579071,0.4239102303981781,0.9293749928474426,0.5519446730613708,0.9307298416184895,0.9291211859445518,0.9291507408827246
980,0.9609375,0.4292607009410858,0.9313281178474426,0.5528411269187927,0.932615622399106,0.930858651140498,0.9309813222860819
981,0.9623633027076721,0.4231310188770294,0.9298437237739563,0.5574632883071899,0.9313080363682935,0.9295709020052515,0.9296142816255472
982,0.9629687666893005,0.42127618193626404,0.9313281178474426,0.5510302186012268,0.9326934053486502,0.931042539381829,0.9311236642524483
983,0.9639453291893005,0.4196362793445587,0.932812511920929,0.5431765913963318,0.9344196195614021,0.9324672960438147,0.9326824636530505
984,0.9645898342132568,0.4166848659515381,0.9325781464576721,0.5501897931098938,0.9338559135963993,0.9323805753842372,0.9324368828188455
985,0.9613867402076721,0.4245104193687439,0.9325000047683716,0.5498659610748291,0.9339504534020859,0.932110448258997,0.9322591291422465
986,0.9618554711341858,0.4256882071495056,0.9331250190734863,0.5471352338790894,0.9344544729446232,0.9326462322475715,0.9328412956554023
987,0.9615429639816284,0.4264896810054779,0.9307031035423279,0.5445812940597534,0.9323575802810421,0.9301901229274211,0.9304589236645985
988,0.9619922041893005,0.42362335324287415,0.9334375262260437,0.5432641506195068,0.9349077324917713,0.9330215129848526,0.9332400085423886
989,0.9614843726158142,0.4229792356491089,0.9325781464576721,0.5367117524147034,0.9340227412501838,0.9321349576353612,0.9323903034525304
990,0.9624804854393005,0.42465442419052124,0.9302343726158142,0.5421361923217773,0.9315260768439195,0.9298786285035376,0.9299936456267881
991,0.9619140625,0.422710120677948,0.9333593845367432,0.543919563293457,0.9345911951434676,0.9330703343955413,0.933107115321022
992,0.96240234375,0.4260658621788025,0.930859386920929,0.5524437427520752,0.9324366380364072,0.930525189183161,0.9306501117808818
993,0.9617773294448853,0.4244921803474426,0.9301562309265137,0.5490428805351257,0.931603221408137,0.9298005655091702,0.9299667854642077
994,0.9609960913658142,0.42836281657218933,0.9280468821525574,0.55805504322052,0.9297058837425594,0.9277052629713922,0.9278638238516319
995,0.9623242020606995,0.42338067293167114,0.9309375286102295,0.5517146587371826,0.9322362689536428,0.9308098875019833,0.9308369256023288
996,0.9618554711341858,0.4228614568710327,0.9322656393051147,0.5472381114959717,0.9335447966285463,0.9320646876494751,0.9321247720907745
997,0.9623047113418579,0.42274200916290283,0.9271875023841858,0.5602548122406006,0.9288267201728732,0.9269302980797005,0.9270305487354547
998,0.9634960889816284,0.4193136692047119,0.9330468773841858,0.5404036045074463,0.9343744116300233,0.9327157480848322,0.9328089907095138
999,0.9601953029632568,0.4274892807006836,0.9319531321525574,0.5548431277275085,0.9333027362761318,0.9314668016850376,0.9316565945679527
