epoch,accuracy,loss,val_accuracy,val_loss,val_precision,val_recall,val_f1
0,0.0038867187686264515,11.157549858093262,0.0044531249441206455,10.59276008605957,0.004693798012624951,0.004387340055161134,0.0036274791969195946
1,0.005781250074505806,10.752745628356934,0.003828125074505806,10.344263076782227,0.004155194935205467,0.0037508204105699953,0.003749413485533758
2,0.007890624925494194,10.424171447753906,0.0043750000186264515,10.134073257446289,0.004415420792475014,0.0042689080220074446,0.004171099175894441
3,0.009746093302965164,10.12369441986084,0.0042968750931322575,9.935641288757324,0.00442353434626785,0.004190099894851496,0.004054945579939372
4,0.012285156175494194,9.842388153076172,0.004609374795109034,9.744392395019531,0.004486884953234767,0.004509101529444185,0.0042904422278282894
5,0.015351562760770321,9.572322845458984,0.005078124813735485,9.561631202697754,0.0043916054658418475,0.004922550468619771,0.004540542576998969
6,0.018378905951976776,9.318743705749512,0.0053906249813735485,9.38428020477295,0.00472520443956535,0.005230152367828914,0.004790308816166668
7,0.021562499925494194,9.086392402648926,0.0062500000931322575,9.211359977722168,0.00612643319781463,0.006138988663187165,0.005919370801713118
8,0.026523437350988388,8.853067398071289,0.007109375204890966,9.045939445495605,0.00690625803114066,0.006956043197684917,0.006679547284432011
9,0.03095703199505806,8.617452621459961,0.007109375204890966,8.885099411010742,0.0068151902300219265,0.00698211733480889,0.0066690161369656435
10,0.03767578303813934,8.399101257324219,0.008281249552965164,8.725388526916504,0.008072015966571108,0.00809905531640502,0.007821452576526774
11,0.04437499865889549,8.176536560058594,0.007968749850988388,8.559199333190918,0.008224911686573423,0.007803228676862456,0.00768531160126432
12,0.05167968571186066,7.9595184326171875,0.008593750186264515,8.389664649963379,0.008667838485865947,0.008396076263286045,0.008106790995692071
13,0.059453126043081284,7.741880893707275,0.010625000111758709,8.215452194213867,0.010145793749548777,0.010342139204477801,0.009702652594042818
14,0.06884765625,7.51921272277832,0.011874999850988388,8.040083885192871,0.011658738194230474,0.011600560370741352,0.011073145910197042
15,0.07878906279802322,7.30644416809082,0.010937499813735485,7.874600887298584,0.010818576054542162,0.010723748591145298,0.01024470431292821
16,0.08902344107627869,7.106156826019287,0.01328125037252903,7.719083309173584,0.01323927756331545,0.012940129208344999,0.012340940752653863
17,0.09671875089406967,6.921066761016846,0.012890624813735485,7.575559616088867,0.012165701740031681,0.012587247232217588,0.011856137414338152
18,0.10480468720197678,6.744675159454346,0.014609375037252903,7.442703723907471,0.014437303057043042,0.014272779616227872,0.013824180328621344
19,0.11806640774011612,6.571312427520752,0.016093749552965164,7.318336009979248,0.015547319155841831,0.015704369520507924,0.015079721676807495
20,0.1261328160762787,6.40675163269043,0.01835937425494194,7.198303699493408,0.017708328871584782,0.01792629381340928,0.017232225125576726
21,0.13976562023162842,6.255128383636475,0.02054687589406967,7.085256576538086,0.02011191198375061,0.02005782982107003,0.019265726830786832
22,0.15085937082767487,6.102777481079102,0.022343749180436134,6.969330310821533,0.021021538796845422,0.02181699991894038,0.020833757171159588
23,0.16884765028953552,5.938114166259766,0.025624999776482582,6.850709438323975,0.02426632854147076,0.025114874890417305,0.023890393578896954
24,0.1838671863079071,5.779706001281738,0.03023437410593033,6.727755546569824,0.02893265377055597,0.029689270918911728,0.028510158394284897
25,0.2058984339237213,5.608355522155762,0.034843750298023224,6.595550060272217,0.032019383194151686,0.034145805896239056,0.032246012528575105
26,0.22923828661441803,5.433815956115723,0.04281250014901161,6.4581499099731445,0.04130742560987867,0.0422993740324356,0.040703907224438424
27,0.2535742223262787,5.242002010345459,0.052421875298023224,6.3058366775512695,0.05048829861055154,0.05164116010413919,0.049438999462176766
28,0.27925780415534973,5.063277721405029,0.0657031238079071,6.148248672485352,0.06301960743722906,0.06467404640365845,0.062148294729948275
29,0.3042968809604645,4.875640392303467,0.07640624791383743,5.968399524688721,0.07453645391794295,0.07544495084462913,0.07293366986786937
30,0.34056639671325684,4.666606903076172,0.09398437291383743,5.7845964431762695,0.0917515117861043,0.09293774726786441,0.09001390077760793
31,0.36439454555511475,4.481445789337158,0.11351562291383743,5.589277267456055,0.11246478769770285,0.11226236064420501,0.10925927616483469
32,0.40345704555511475,4.268309116363525,0.13367187976837158,5.385670185089111,0.13095000141907406,0.13207345635589784,0.1281417304590803
33,0.43111327290534973,4.077277660369873,0.1569531261920929,5.180718421936035,0.15439895995332562,0.1552195655650175,0.1509646827034125
34,0.46484375,3.877756357192993,0.18210937082767487,4.9856791496276855,0.18037274551388066,0.18040838894207123,0.17676545203045702
35,0.4981445372104645,3.6985557079315186,0.21265624463558197,4.784987926483154,0.21068060664280586,0.21067392527582537,0.20719173382418285
36,0.530468761920929,3.5238330364227295,0.2427343726158142,4.586847305297852,0.2418415825667024,0.240596500227844,0.23724584970079382
37,0.5574609637260437,3.360320806503296,0.2706249952316284,4.4003095626831055,0.26983900070058653,0.26834508093596576,0.26493838948258275
38,0.5851171612739563,3.2091727256774902,0.29804688692092896,4.228199481964111,0.2977948719791107,0.29589522928723566,0.2926824111906597
39,0.6077539324760437,3.0684332847595215,0.3235156238079071,4.059545040130615,0.3234535959465067,0.32113037855772514,0.31817446326486787
40,0.6378515362739563,2.922785758972168,0.35179686546325684,3.904240131378174,0.3523340312923255,0.34958625542692395,0.34632542452799925
41,0.6570117473602295,2.803812265396118,0.38062500953674316,3.7543129920959473,0.3814848664174444,0.3780139740237397,0.37529067055808285
42,0.676562488079071,2.690096378326416,0.40437498688697815,3.615525722503662,0.4066269730376293,0.4019981043969465,0.3998517952343159
43,0.6984179615974426,2.5827507972717285,0.4321874976158142,3.486116886138916,0.43371111280202806,0.43019049379574104,0.42786799802997444
44,0.7131249904632568,2.48850679397583,0.4515624940395355,3.367142915725708,0.4540097461365614,0.4490488165992029,0.4474287265699567
45,0.7296093702316284,2.3916099071502686,0.47437500953674316,3.248547315597534,0.47727991527956337,0.47253073048062544,0.47114571651701614
46,0.7431250214576721,2.3125572204589844,0.4953906238079071,3.1418063640594482,0.4984493609685884,0.49354397783426834,0.49221208927763055
47,0.7554882764816284,2.2326152324676514,0.5134375095367432,3.0401430130004883,0.5164813900839657,0.5112994856209656,0.5102838009905719
48,0.7667382955551147,2.1661083698272705,0.5353124737739563,2.9475595951080322,0.5381210181473639,0.5335414060464094,0.5324599284739656
49,0.7851758003234863,2.0822389125823975,0.5540624856948853,2.8552286624908447,0.5570741456604035,0.5520585693674093,0.550889575503267
50,0.7923437356948853,2.0233163833618164,0.5684375166893005,2.771252155303955,0.5715582959324417,0.5665406942560669,0.5656926170109187
51,0.8019726276397705,1.9620803594589233,0.5814062356948853,2.6934313774108887,0.5849094123350327,0.5798235643571095,0.5789494155089128
52,0.8066601753234863,1.9109245538711548,0.5942968726158142,2.623370885848999,0.5987685254756707,0.5928187865423844,0.5920487458517878
53,0.8152148723602295,1.8596529960632324,0.6157031059265137,2.5454208850860596,0.6203413036750041,0.6134864167504183,0.6128788056260689
54,0.8233398199081421,1.8079396486282349,0.6259375214576721,2.476370334625244,0.6298582417825112,0.6243254666849541,0.6235717435170209
55,0.8328515887260437,1.7598509788513184,0.629687488079071,2.417253255844116,0.6335891307031205,0.6278049327362061,0.6269475683084029
56,0.8342578411102295,1.7187408208847046,0.64453125,2.3593242168426514,0.6485667423506303,0.642983432999858,0.6422640797284062
57,0.8408398628234863,1.6773430109024048,0.6564062237739563,2.2976274490356445,0.6599114323745997,0.6546760816071725,0.6541622377665127
58,0.8470703363418579,1.6395317316055298,0.663281261920929,2.2402806282043457,0.6674171327716607,0.661408126282615,0.661349969529335
59,0.8511132597923279,1.6000207662582397,0.674609363079071,2.1905572414398193,0.6780988933135732,0.6728644486387123,0.672673260322915
60,0.855664074420929,1.563603401184082,0.6793749928474426,2.14906907081604,0.682077061453916,0.6780919975089799,0.6774569504110388
61,0.8570898175239563,1.5342378616333008,0.6880468726158142,2.105654239654541,0.6911694299897847,0.6864748766051073,0.6858132781610845
62,0.8639257550239563,1.500065565109253,0.6958593726158142,2.0590391159057617,0.6993870911474024,0.694456404076402,0.6940961376401025
63,0.8651562333106995,1.473813772201538,0.6956250071525574,2.0281641483306885,0.6997515144942505,0.6942187620452948,0.6941737683727076
64,0.8687304854393005,1.4465916156768799,0.7074218988418579,1.9723753929138184,0.7115286660034491,0.7062070008027337,0.7059859813038831
65,0.8694140911102295,1.4251160621643066,0.7124999761581421,1.9386305809020996,0.7163979249410931,0.7115060878474821,0.7111043126342449
66,0.8714843988418579,1.3963912725448608,0.7162500023841858,1.90376615524292,0.7198182859625317,0.7154504542004665,0.7151520167144062
67,0.8738476634025574,1.371940016746521,0.7228906154632568,1.8684566020965576,0.7268334017738896,0.7216639346606132,0.7216644907501346
68,0.8755664229393005,1.3486098051071167,0.7282031178474426,1.830825924873352,0.7325400575806758,0.7269731878976992,0.7268492346383977
69,0.8783007860183716,1.3279366493225098,0.7335156202316284,1.7977584600448608,0.7372585512553229,0.7323892334822525,0.7322544365560791
70,0.8814062476158142,1.3024537563323975,0.7367187738418579,1.768505573272705,0.7405267728955405,0.7356171877953404,0.7356440178286096
71,0.8805468678474426,1.290226697921753,0.741406261920929,1.7388126850128174,0.7450931350137859,0.739994599528179,0.7400526788923087
72,0.8850195407867432,1.2634940147399902,0.7450781464576721,1.7092100381851196,0.7483887794237295,0.7439790931674435,0.7440345835864743
73,0.8862109184265137,1.2450546026229858,0.7484375238418579,1.6782745122909546,0.7513303005702774,0.747109079360803,0.7470596551917856
74,0.8833203315734863,1.2339190244674683,0.7442968487739563,1.6658178567886353,0.7481913741492614,0.7431122706189018,0.7429857949405185
75,0.8873632550239563,1.2154603004455566,0.7569531202316284,1.6335541009902954,0.7599580267327447,0.7561740725258758,0.7559645374572617
76,0.8912695050239563,1.1883635520935059,0.7543749809265137,1.6195285320281982,0.7584443608275595,0.7532676462703349,0.7532437522401176
77,0.8906054496765137,1.1781636476516724,0.7598437666893005,1.5993905067443848,0.7626220056068364,0.7588856963206376,0.7586802406372798
78,0.8921484351158142,1.1629689931869507,0.7612500190734863,1.5787898302078247,0.764331571464532,0.7604960787349283,0.7601678163140064
79,0.8928906321525574,1.151288628578186,0.7662500143051147,1.5432037115097046,0.7691966161537214,0.7654175572673347,0.7653140944062106
80,0.8936718702316284,1.1335774660110474,0.7599999904632568,1.552065372467041,0.7629644739620888,0.7590729931457872,0.7591316671059516
81,0.8941406011581421,1.1252914667129517,0.7735156416893005,1.5029656887054443,0.7769356318544179,0.772776104084251,0.7727151279886831
82,0.8958984613418579,1.1111187934875488,0.7745312452316284,1.4894418716430664,0.7774976856645304,0.7736701791327991,0.773852611246244
83,0.8930468559265137,1.1044769287109375,0.7775781154632568,1.4759373664855957,0.7815835354912111,0.7767437300357878,0.7768878353350633
84,0.898632824420929,1.0862640142440796,0.7790625095367432,1.4547654390335083,0.7819891203016911,0.7782643618086631,0.7780717719519941
85,0.8981054425239563,1.074748158454895,0.7791406512260437,1.4452630281448364,0.7822364917484769,0.77809192746248,0.7777838596541344
86,0.8985937237739563,1.0642690658569336,0.7747656106948853,1.4382115602493286,0.7774483532855572,0.7737001375219936,0.77357676785951
87,0.8956249952316284,1.0620219707489014,0.7780468463897705,1.4218748807907104,0.7813250998663781,0.777065803595753,0.7770025152695832
88,0.8991796970367432,1.0485574007034302,0.7788281440734863,1.4128848314285278,0.7815103419161038,0.7781798614238948,0.7781048681491064
89,0.8976367115974426,1.0442737340927124,0.7853906154632568,1.385844111442566,0.7876748325073857,0.7844169272043249,0.7843708209799705
90,0.8990039229393005,1.0343867540359497,0.7867187261581421,1.3730157613754272,0.7894101749099053,0.7859793246904612,0.7859021189880928
91,0.8997656106948853,1.0229841470718384,0.7909374833106995,1.3591941595077515,0.7939343467873063,0.7904807170593304,0.7903656268820964
92,0.8984960913658142,1.0161335468292236,0.7894531488418579,1.3542991876602173,0.7925182181358112,0.7885400193734602,0.7883760601678997
93,0.8992578387260437,1.0085645914077759,0.7932031154632568,1.3367843627929688,0.7967145742365569,0.7924620370406423,0.7925696617703193
94,0.9008398652076721,0.9966035485267639,0.7969531416893005,1.319280982017517,0.7994498008699158,0.795878327037256,0.7958108145097813
95,0.9038671851158142,0.9855212569236755,0.7965624928474426,1.3194975852966309,0.7997202176932732,0.7953713526676538,0.795205542378874
96,0.9026952981948853,0.9810855388641357,0.7924218773841858,1.315393328666687,0.795119765557882,0.7914524786482157,0.791476780610877
97,0.9033007621765137,0.9769698977470398,0.8017187714576721,1.2840615510940552,0.8045679717796157,0.8008015360252341,0.8005443325641071
98,0.9031640887260437,0.9670311808586121,0.7987499833106995,1.2891147136688232,0.8015971274273355,0.7977319219903266,0.7977483730994254
99,0.90625,0.9555764198303223,0.7993749976158142,1.279660701751709,0.8021473646781477,0.7985546958639371,0.798446382933256
100,0.9034374952316284,0.9553190469741821,0.803906261920929,1.2653872966766357,0.8067374524003095,0.803200029712705,0.80314161461318
101,0.906933605670929,0.9419746994972229,0.8050000071525574,1.2477489709854126,0.8082001194812392,0.8042357000275392,0.804250617598389
102,0.9036718606948853,0.9437963962554932,0.7979687452316284,1.2661675214767456,0.8011906804814815,0.7971283497970336,0.7971137918351936
103,0.9022656083106995,0.9468544125556946,0.8009374737739563,1.2461907863616943,0.8041507022661335,0.8002311811245977,0.8002463918749267
104,0.9073827862739563,0.9272354245185852,0.8086718916893005,1.2284942865371704,0.8116773421441457,0.8078694327108354,0.8078511481783313
105,0.9062695503234863,0.9261521100997925,0.8106250166893005,1.2212103605270386,0.8140408383160506,0.8098344492447598,0.8099382660949073
106,0.9072070121765137,0.9183153510093689,0.8110937476158142,1.2143950462341309,0.8140476560592027,0.8101259226427487,0.8102851077056386
107,0.9066210985183716,0.9147560000419617,0.8101562261581421,1.2147581577301025,0.8132176509219585,0.8093828668380336,0.8095198123498134
108,0.9104101657867432,0.9083831906318665,0.81640625,1.1855396032333374,0.8189978787463671,0.8156909428061957,0.8155196263040407
109,0.9075976610183716,0.9042502045631409,0.8119531273841858,1.1930385828018188,0.8154630418336444,0.8113261313335748,0.8114455005095976
110,0.9046679735183716,0.9057610034942627,0.8098437786102295,1.1889125108718872,0.8127663718224389,0.8090685750902598,0.8091666330514996
111,0.9091992378234863,0.8915760517120361,0.8060937523841858,1.1870580911636353,0.8087378376188687,0.8052172323591846,0.8051940609200869
112,0.9085937738418579,0.8884280323982239,0.8192187547683716,1.1639400720596313,0.8216163825303942,0.8185159749575786,0.8184218273302193
113,0.9121289253234863,0.8787273168563843,0.8174218535423279,1.1640751361846924,0.819612109834629,0.816541723018254,0.8165618972808132
114,0.9120117425918579,0.8754716515541077,0.8182812333106995,1.1555757522583008,0.8211679841191215,0.8176073376671182,0.8176832310519849
115,0.9101366996765137,0.8769841194152832,0.8068749904632568,1.1720385551452637,0.8099292301610643,0.8060332984274032,0.806046528016226
116,0.9089062213897705,0.8758243322372437,0.8143749833106995,1.1518921852111816,0.8177920807280766,0.8134342967662807,0.8136250405666554
117,0.91064453125,0.863149881362915,0.8178906440734863,1.1443676948547363,0.8208214784095487,0.8169267349013524,0.8168791534661934
118,0.9109570384025574,0.8657152652740479,0.8167968988418579,1.1443827152252197,0.8195329512613317,0.8163360147081417,0.8163775639168726
119,0.911425769329071,0.8614848852157593,0.8207031488418579,1.1297261714935303,0.8231602760130929,0.820021233674463,0.8198229676752988
120,0.9085351824760437,0.8641201257705688,0.8185937404632568,1.1346067190170288,0.821546580166542,0.817996628617452,0.8180105203240915
121,0.9098241925239563,0.855999767780304,0.8165624737739563,1.1260486841201782,0.8193502414305234,0.8160860005983426,0.8159849535749728
122,0.9101366996765137,0.856416642665863,0.8243749737739563,1.114018201828003,0.8267709191829533,0.8234044287699168,0.8234427280297372
123,0.9092187285423279,0.8539431095123291,0.821484386920929,1.1125996112823486,0.8237637855175384,0.8206584565003854,0.8206825338251993
124,0.9124804735183716,0.8457803130149841,0.8256250023841858,1.098139762878418,0.8283369665024305,0.824788856638963,0.8250317301395707
125,0.9139453172683716,0.8363815546035767,0.8228906393051147,1.1067026853561401,0.8255764248338952,0.8222921762182742,0.8222227988712434
126,0.9091796875,0.847352147102356,0.8226562738418579,1.1071358919143677,0.8256228254684231,0.8221403297259877,0.8221263246600667
127,0.9114453196525574,0.8388786315917969,0.8240625262260437,1.0985169410705566,0.8265410341975407,0.8234137281623466,0.8233694273119188
128,0.9097461104393005,0.8383194208145142,0.823437511920929,1.092356562614441,0.8262931018518584,0.8227608297174089,0.8227956279353099
129,0.9121679663658142,0.832703173160553,0.8256250023841858,1.086233377456665,0.8284849553370753,0.8249078728387192,0.8248240911185944
130,0.9137890338897705,0.8250622749328613,0.8317187428474426,1.0665227174758911,0.833996494903982,0.831072921942169,0.8309154628547258
131,0.917285144329071,0.8184165358543396,0.8303906321525574,1.0748732089996338,0.8330599081090758,0.8296722752116805,0.8297835319521474
132,0.9138281345367432,0.8187078833580017,0.8388281464576721,1.0527433156967163,0.8411751015395958,0.8381276368107495,0.8382643225820181
133,0.9166796803474426,0.812770664691925,0.8349218964576721,1.061292290687561,0.8373466896214156,0.8342495661065901,0.8342588841753805
134,0.9179101586341858,0.8110868334770203,0.833984375,1.0524790287017822,0.8369250538332407,0.8332301715741988,0.8333658157654061
135,0.9163476824760437,0.8109733462333679,0.8367968797683716,1.0411174297332764,0.8392971493718131,0.836217988142997,0.8363235286320336
136,0.9127343893051147,0.8151411414146423,0.8248437643051147,1.0732407569885254,0.8273902864872124,0.8238545616858324,0.8239114700888821
137,0.9160546660423279,0.8048079609870911,0.8310937285423279,1.0486633777618408,0.8334397619843781,0.8305517899486095,0.8304445740524042
138,0.9149804711341858,0.8076750040054321,0.8260156512260437,1.0623127222061157,0.829044861409552,0.8253749484744486,0.8252473260757562
139,0.9142773151397705,0.8074285984039307,0.833203136920929,1.0472800731658936,0.8357763346299752,0.8327087647011802,0.8326252667974093
140,0.9182812571525574,0.7977287769317627,0.8362500071525574,1.0367727279663086,0.8383956631025309,0.8355962821011547,0.8356670371281398
141,0.9168945550918579,0.7972395420074463,0.8353124856948853,1.042494297027588,0.837820453373027,0.8342039889646984,0.8342348212608808
142,0.9146679639816284,0.8005496263504028,0.8418750166893005,1.0185319185256958,0.8441163643266588,0.8411438100171587,0.8412832451845897
143,0.9191796779632568,0.7876381874084473,0.8346874713897705,1.0360254049301147,0.8370171845913901,0.8341926848469181,0.8340728603323879
144,0.9188867211341858,0.790864884853363,0.8383593559265137,1.0128107070922852,0.8407286946780538,0.8378993744829144,0.8377287228948216
145,0.9180663824081421,0.7882167100906372,0.8353906273841858,1.0331252813339233,0.8372798202614171,0.8345196798438217,0.8345038379441237
146,0.9135351777076721,0.7960687279701233,0.8414843678474426,1.020007610321045,0.8443620393046576,0.8407192303019517,0.8408118065866482
147,0.9166406393051147,0.7892504930496216,0.8330468535423279,1.0264209508895874,0.8349094814089105,0.8323910425352821,0.8322049330663503
148,0.9179491996765137,0.7854444980621338,0.8418750166893005,1.0181235074996948,0.8438933752075277,0.8409626516452675,0.8410729327968718
149,0.919238269329071,0.7794039845466614,0.8374218940734863,1.0084952116012573,0.8398286711065647,0.836779327200842,0.83693683121648
150,0.9163281321525574,0.781098484992981,0.8382031321525574,1.0190950632095337,0.8409889624986877,0.8375145619148812,0.8376946923738867
151,0.9164257645606995,0.7835047841072083,0.8349999785423279,1.012760043144226,0.837648423358551,0.8343769170303916,0.8345178459018063
152,0.9187890887260437,0.7785766124725342,0.8413281440734863,1.0071097612380981,0.843599691644705,0.8407068007984422,0.8408056430111258
153,0.9198437333106995,0.7728901505470276,0.8335937261581421,1.0244174003601074,0.8361117180988262,0.8329127311756308,0.8330422797947853
154,0.9156054854393005,0.7796075344085693,0.8423437476158142,1.0016840696334839,0.844522295053016,0.8417400328764116,0.8417509432920175
155,0.9166796803474426,0.7754323482513428,0.8440625071525574,0.9912387728691101,0.846124615160536,0.8436319676301848,0.843468594836602
156,0.9175976514816284,0.7747519612312317,0.8415625095367432,0.9925604462623596,0.8439334771196061,0.8408631717178217,0.8408285800579391
157,0.9191015362739563,0.7712795734405518,0.8424218893051147,0.9835405945777893,0.8452016517202903,0.8420584189097078,0.842028557245107
158,0.9200195074081421,0.764374852180481,0.8427343964576721,0.9876668453216553,0.844518465493534,0.8423861101774988,0.8422133324465715
159,0.9215039014816284,0.763618528842926,0.844921886920929,0.9816436171531677,0.846997555858801,0.8443176996831296,0.8442844978946438
160,0.9185351729393005,0.7700452208518982,0.8428124785423279,0.9795180559158325,0.8452316953880482,0.8422767866285285,0.8421836113723178
161,0.9197461009025574,0.7648678421974182,0.8446875214576721,0.9860493540763855,0.8476206900226266,0.8438867736325839,0.843888449433158
162,0.9180273413658142,0.763533353805542,0.8388281464576721,0.9931008219718933,0.8405790743395961,0.83805823490967,0.8380581891908735
163,0.9217187762260437,0.7585053443908691,0.8487499952316284,0.9728619456291199,0.8514177662296105,0.8480107414327998,0.8480170177458605
164,0.9185546636581421,0.7607184648513794,0.8407812714576721,0.9773537516593933,0.8439556088054715,0.8402556728362687,0.8401812891618772
165,0.9193945527076721,0.7555569410324097,0.8393750190734863,0.9831874966621399,0.8417080950911571,0.8386588911423718,0.8387060254502506
166,0.9182226657867432,0.7606445550918579,0.8433593511581421,0.9775621294975281,0.8455067384719654,0.8428381569099694,0.842896427716184
167,0.9193554520606995,0.7561353445053101,0.8446093797683716,0.969683051109314,0.8472087344550616,0.8440053843011117,0.844063348909814
168,0.9185937643051147,0.7612552642822266,0.8482031226158142,0.9625368714332581,0.8507647825901076,0.847482635732361,0.8475556076483606
169,0.9168164134025574,0.7578729391098022,0.8480468988418579,0.9670841097831726,0.8506803782285091,0.8475950576047705,0.8476638830404607
170,0.9215039014816284,0.7467020153999329,0.8464062213897705,0.9695224761962891,0.8499344450882051,0.845848611382877,0.8460479638677836
171,0.9171484112739563,0.7564737200737,0.8478906154632568,0.9627968668937683,0.8506721470835117,0.8471127544200223,0.8473023599640463
172,0.9201366901397705,0.753278374671936,0.8475000262260437,0.9551037549972534,0.8495447664957594,0.8468996644391793,0.8468764132648676
173,0.9198046922683716,0.7516632676124573,0.8461718559265137,0.9600159525871277,0.8489814247202971,0.8456467446068088,0.8455742321287835
174,0.9224023222923279,0.7426081299781799,0.8519531488418579,0.9505565166473389,0.854457009281973,0.8513331119247505,0.851352007064247
175,0.920214831829071,0.7475574016571045,0.8541406393051147,0.9439355731010437,0.8562285216647574,0.8537179285770592,0.853674849855167
176,0.9211328029632568,0.7452858090400696,0.8520312309265137,0.9438081383705139,0.8542688797418876,0.851238383906605,0.8513431826653981
177,0.9234374761581421,0.7403220534324646,0.8480468988418579,0.948122501373291,0.8506197674414937,0.8476973598408368,0.8475796780344086
178,0.9230663776397705,0.740186333656311,0.8519531488418579,0.9435796141624451,0.8543134212890919,0.8514962225835373,0.8515232006921156
179,0.9222265481948853,0.7412582635879517,0.8541406393051147,0.9405576586723328,0.8568746555884275,0.853346582012329,0.8535488082339202
180,0.9226953387260437,0.7417003512382507,0.852343738079071,0.9464786052703857,0.8545617231375913,0.8519205505545504,0.8519388294611606
181,0.9236719012260437,0.7347396016120911,0.8467968702316284,0.9465476274490356,0.8494402387729821,0.8462230861116125,0.8461625776384856
182,0.9219726324081421,0.7386877536773682,0.8526562452316284,0.9360448718070984,0.8549959631079733,0.8522257309917631,0.8523022949303541
183,0.9201757907867432,0.741627037525177,0.852343738079071,0.9398014545440674,0.8544910782635369,0.8518450736542267,0.8518409647253026
184,0.9228125214576721,0.7347511053085327,0.8482812643051147,0.9469271302223206,0.8513287092316797,0.8476538149810335,0.847652402175704
185,0.9239648580551147,0.7320924401283264,0.8532031178474426,0.9338691234588623,0.8554738534157869,0.8527686545592064,0.8525437129660554
186,0.9205273389816284,0.7352281808853149,0.8533594012260437,0.9298150539398193,0.8559515279945691,0.8530562671953048,0.8531009760662305
187,0.9226367473602295,0.7343608736991882,0.8557812571525574,0.9267784953117371,0.8579179529401479,0.8552939946261788,0.8551884441975097
188,0.9231640696525574,0.731411874294281,0.8510156273841858,0.9394619464874268,0.8528957942876378,0.8504070486667237,0.8503621759050748
189,0.9208202958106995,0.7365509271621704,0.852343738079071,0.9332537651062012,0.8549238598386744,0.8517720609387733,0.85174737231049
190,0.9225000143051147,0.7344128489494324,0.8548437356948853,0.9267579913139343,0.8574350264517143,0.854244961184822,0.8542955351703132
191,0.9231054782867432,0.7317909002304077,0.8544531464576721,0.923597514629364,0.8575193752895649,0.8540283492601455,0.8541452200935262
192,0.9223437309265137,0.7305153012275696,0.8568750023841858,0.9224880933761597,0.859335957335152,0.856522723071611,0.8564831735188194
193,0.9224023222923279,0.7315382957458496,0.8524218797683716,0.9276942610740662,0.8556033389709539,0.8517788045347773,0.8519481920342791
194,0.9215039014816284,0.7328575849533081,0.8598437309265137,0.9165924191474915,0.8618696043193343,0.8592866986604775,0.8594580601111257
195,0.9214453101158142,0.730641782283783,0.8536718487739563,0.9288079142570496,0.8560742103175878,0.8531244802144258,0.8532102042566625
196,0.9251562356948853,0.7231565117835999,0.856640636920929,0.9117251634597778,0.8591055020577767,0.8562257191222189,0.8562552243549507
197,0.9237304925918579,0.7252733707427979,0.8564843535423279,0.9054672122001648,0.8592212634266057,0.8561702488261098,0.8561979514417832
198,0.9242773652076721,0.7204786539077759,0.8571875095367432,0.9094113707542419,0.8596181350495968,0.856548128339925,0.8567067597963276
199,0.92236328125,0.7251627445220947,0.8610156178474426,0.9012181758880615,0.8637966007385012,0.860401330183939,0.8605984110473129
200,0.9196484088897705,0.7325720191001892,0.8603125214576721,0.9064732193946838,0.8629789170437421,0.8600697671834655,0.8599762138248781
201,0.9222851395606995,0.7287349700927734,0.8565624952316284,0.9140561819076538,0.8587383335951052,0.8559721543905062,0.8559697118416674
202,0.92333984375,0.7217254638671875,0.8597656488418579,0.9013413190841675,0.8626618783904791,0.8593409125782515,0.8594745968056579
203,0.9260547161102295,0.7158454060554504,0.8536718487739563,0.9153867363929749,0.8560987201383787,0.8532262150998068,0.8531756676715323
204,0.9265234470367432,0.7136015892028809,0.8584374785423279,0.9039982557296753,0.8609178273489659,0.8578949958689934,0.8580325882484816
205,0.9256836175918579,0.712065577507019,0.8656250238418579,0.8885299563407898,0.8679828696792846,0.8650472982827897,0.8651153968328922
206,0.9260156154632568,0.7117705345153809,0.8647656440734863,0.9004684686660767,0.867104212071656,0.8642294760079797,0.864453041529853
207,0.9226953387260437,0.720672607421875,0.8666406273841858,0.8933793902397156,0.8688651233687793,0.8661012878570965,0.8662001560322019
208,0.9254687428474426,0.7156100273132324,0.858203113079071,0.9036480784416199,0.8607496250246851,0.8577423870493761,0.8578297960538128
209,0.9244335889816284,0.7156462669372559,0.8596875071525574,0.9049808382987976,0.8619813942809162,0.8591338563043094,0.8592255343005717
210,0.9230859279632568,0.7180595993995667,0.8608593940734863,0.9019320607185364,0.8635851126315316,0.8603712451408441,0.860377713617136
211,0.9210351705551147,0.7259731292724609,0.8553125262260437,0.9107155799865723,0.8577169743270328,0.8549441384305774,0.8549244698977946
212,0.92431640625,0.7178333401679993,0.8635156154632568,0.897397518157959,0.86595862904109,0.8631089769553627,0.863187480446542
213,0.9226367473602295,0.7199867963790894,0.8558593988418579,0.9089241623878479,0.8582367403031348,0.8553315540230506,0.8552835541802217
214,0.9247656464576721,0.7162535190582275,0.8547656536102295,0.9087658524513245,0.8568548379641541,0.8540691332083763,0.8540083809191978
215,0.925585925579071,0.7089032530784607,0.8600780963897705,0.9019982218742371,0.8625401737287914,0.8596892847355834,0.859679387748196
216,0.9249804615974426,0.7122028470039368,0.8637499809265137,0.8950759768486023,0.8660224981882282,0.8632090294741599,0.8632717945916593
217,0.924511730670929,0.7130451798439026,0.8648437261581421,0.8890256285667419,0.8669078260561736,0.8643216536675473,0.8643805527928956
218,0.928027331829071,0.701802134513855,0.8650781512260437,0.879838764667511,0.8673994319937044,0.864669663901747,0.8648068515724504
219,0.9274804592132568,0.7000312805175781,0.862500011920929,0.8924955725669861,0.8649670814613561,0.8619180635877253,0.862109536269512
220,0.9252734184265137,0.705241322517395,0.8675000071525574,0.8861887454986572,0.8692818737274075,0.8670126785305126,0.8670267999763314
221,0.9248828291893005,0.7084618210792542,0.8629687428474426,0.8882095217704773,0.865475897245106,0.8623685857993653,0.8624562866842682
222,0.9259570240974426,0.7065304517745972,0.8659374713897705,0.8794582486152649,0.8682924643742453,0.8652215881640618,0.8653324900134938
223,0.9266796708106995,0.7052223086357117,0.8624218702316284,0.8894296288490295,0.8648412062365284,0.8619539223643314,0.8619245108691361
224,0.9244335889816284,0.7090191841125488,0.864062488079071,0.8858925700187683,0.8661379359853595,0.8637433330243993,0.8637341606499978
225,0.9270703196525574,0.7034532427787781,0.8689844012260437,0.8802900910377502,0.871626622196009,0.8687569669809938,0.86875685009498
226,0.9269140362739563,0.7002408504486084,0.8628125190734863,0.8874103426933289,0.8647538910458948,0.8624374626116229,0.8623778427695714
227,0.9262304902076721,0.7027043700218201,0.8649218678474426,0.8827972412109375,0.8672693752510716,0.8642449632211222,0.8643756508216462
228,0.9240429401397705,0.7090519070625305,0.8609374761581421,0.8850967884063721,0.8633586651199838,0.860027556230784,0.8603310586578841
229,0.9247070550918579,0.7056846022605896,0.864062488079071,0.8883110880851746,0.8665057164814399,0.8635373595258815,0.8636727964197144
230,0.9248242378234863,0.7070233225822449,0.8616406321525574,0.8830023407936096,0.8643086733885547,0.8612269585401973,0.8612534449168953
231,0.9268164038658142,0.6989250779151917,0.8622656464576721,0.8824388980865479,0.8645599146512846,0.861632563901264,0.8618428034174707
232,0.9271093606948853,0.6985166668891907,0.8655468821525574,0.875387966632843,0.8679833389121765,0.8649372606740461,0.8651544491402785
233,0.93017578125,0.6892192363739014,0.8614062666893005,0.8824025988578796,0.8637144079338362,0.8610897823018081,0.8609013455858758
234,0.9261523485183716,0.7012579441070557,0.8627343773841858,0.8821604251861572,0.8650587206830429,0.8625062183945589,0.8623795507021139
235,0.9260937571525574,0.7010432481765747,0.8604687452316284,0.883648693561554,0.8622827076091377,0.8601580883036921,0.8599684341595399
236,0.9266210794448853,0.6971237063407898,0.8670312762260437,0.8755346536636353,0.8688892830959742,0.8665472870966082,0.8665082180941124
237,0.9271289110183716,0.696267306804657,0.8646875023841858,0.8756216168403625,0.8675164662286194,0.8641672187158351,0.8644151193477185
238,0.9246679544448853,0.698539137840271,0.8627343773841858,0.8725628852844238,0.865151956396931,0.8621521324480126,0.8622728509818945
239,0.9267382621765137,0.6958673596382141,0.8680468797683716,0.8756002187728882,0.8709475146118679,0.8675488578625716,0.8678018652629504
240,0.9252734184265137,0.7007651329040527,0.8711718916893005,0.8594496846199036,0.8735064559235828,0.8706848055830897,0.8709237506636693
241,0.9284961223602295,0.6914108991622925,0.8687499761581421,0.8686162829399109,0.8708802784526903,0.8683645656110266,0.8683850746177375
242,0.9272070527076721,0.6953217387199402,0.869140625,0.8634074926376343,0.871737238289371,0.8687909127698596,0.8688842846458396
243,0.9282422065734863,0.6900303363800049,0.8657812476158142,0.8741053938865662,0.8682995015192074,0.86530269339191,0.8655035179682595
244,0.9266210794448853,0.6949276924133301,0.8657031059265137,0.8739177584648132,0.8676778662466542,0.8651758063817286,0.8652293943519627
245,0.9303125143051147,0.6839104294776917,0.8714062571525574,0.8543630242347717,0.8739052203722846,0.8711134619160054,0.8712886471994302
246,0.928027331829071,0.6928343772888184,0.8657031059265137,0.8729247450828552,0.8686873742824691,0.8653999334266167,0.8655282570658136
247,0.9263085722923279,0.6969573497772217,0.867968738079071,0.8646795749664307,0.869984854129488,0.867565053466939,0.8674263831462405
248,0.9287109375,0.6864912509918213,0.8694531321525574,0.8575019240379333,0.8721927163101497,0.8692228065120777,0.8693276616011192
249,0.925976574420929,0.697267472743988,0.8700781464576721,0.8599479794502258,0.8724383705030674,0.8698596935468302,0.8698693532916029
250,0.9281836152076721,0.6872218251228333,0.8689844012260437,0.8587849140167236,0.8715443609705309,0.8685969336191337,0.868605056120078
251,0.9269140362739563,0.6880401372909546,0.8663281202316284,0.8697057962417603,0.8686690185836161,0.8658107961685717,0.8658949269982292
252,0.9261718988418579,0.6928322315216064,0.8723437786102295,0.8577357530593872,0.8745000118328243,0.8719319834414582,0.871936887423246
253,0.9282616972923279,0.6894596815109253,0.8728906512260437,0.8516654968261719,0.87532729032249,0.8721464552495505,0.8724103232962008
254,0.9286913871765137,0.6846151947975159,0.8693749904632568,0.8564371466636658,0.8718523283549402,0.868718730803844,0.8689915388693983
255,0.9289648532867432,0.6842811107635498,0.8715624809265137,0.8572478294372559,0.8736635064810591,0.8711064630429299,0.8711905383071961
256,0.9298046827316284,0.6858615875244141,0.8737499713897705,0.8460778594017029,0.8763241851456152,0.8735260356457833,0.8735999600226556
257,0.9278320074081421,0.6845000386238098,0.8680468797683716,0.8565823435783386,0.8699085313797601,0.8676431325408887,0.8675293885086128
258,0.9283398389816284,0.6857936978340149,0.8746874928474426,0.8426854014396667,0.8765586179828209,0.874152697606372,0.874269501188865
259,0.9319140911102295,0.6797195672988892,0.8713281154632568,0.8526642322540283,0.8734944946964691,0.870922181594475,0.8709505043522265
260,0.9302539229393005,0.6782536506652832,0.8729687333106995,0.8428238034248352,0.8750668384436087,0.8725351915709276,0.8726554920851204
261,0.9301562309265137,0.6817522644996643,0.8731250166893005,0.843330442905426,0.8759746313562868,0.8725608891884344,0.8727529314389163
262,0.9313867092132568,0.6748382449150085,0.8723437786102295,0.8424897193908691,0.8742291758236235,0.8720923651086696,0.8719842621190153
263,0.9280664324760437,0.6799683570861816,0.8729687333106995,0.8420977592468262,0.8751775514462481,0.8726750417172451,0.8726703260279187
264,0.9274218678474426,0.6816624999046326,0.8728125095367432,0.8485926985740662,0.8748782369212365,0.8724339244293613,0.8724533414821827
265,0.9271484613418579,0.6827163696289062,0.8723437786102295,0.8402526378631592,0.8747020278801558,0.8718397687501958,0.8720014241071193
266,0.9290820360183716,0.6801344156265259,0.8696093559265137,0.8496782183647156,0.8716269306403341,0.8691097727502815,0.869157266199784
267,0.9276367425918579,0.6840053796768188,0.8716406226158142,0.8372905850410461,0.8738924857637451,0.8711747546038827,0.8712025364192783
268,0.9284765720367432,0.6797487139701843,0.870312511920929,0.849002480506897,0.8722132485740609,0.8696950010618054,0.8697337127335145
269,0.9289453029632568,0.6803174018859863,0.866406261920929,0.8516024947166443,0.8682102152548894,0.8659946207263404,0.8659745867137186
270,0.9296679496765137,0.6786370873451233,0.874218761920929,0.8429830074310303,0.8764514654848488,0.8736554663027619,0.8738377058403688
271,0.9300976395606995,0.678020715713501,0.8735156059265137,0.8417625427246094,0.8762591938163429,0.8731711906049977,0.8731640699646057
272,0.9308398365974426,0.6723466515541077,0.8705468773841858,0.8343020677566528,0.8730240801196139,0.8699750277624019,0.8700454829028237
273,0.9304296970367432,0.6712605953216553,0.8731250166893005,0.8459812998771667,0.8751322524210163,0.8728058587671047,0.8727810122040087
274,0.9315429925918579,0.6682264804840088,0.8721093535423279,0.8424434661865234,0.8747579848384155,0.8714867565488771,0.8715924196888334
275,0.9292968511581421,0.6754913330078125,0.8753906488418579,0.8343855142593384,0.8775353014641127,0.875107580290397,0.8750494248941836
276,0.9327148199081421,0.6680688261985779,0.8758593797683716,0.8226187825202942,0.8783383706900999,0.8754374119013406,0.8754842534503504
277,0.9297070503234863,0.6741875410079956,0.8689062595367432,0.8468278646469116,0.8714134911737931,0.8684262926098941,0.8686780289468153
278,0.9304492473602295,0.6719710826873779,0.8748437762260437,0.8323131799697876,0.8774651999231955,0.8745291171238352,0.8746695127462902
279,0.9331445097923279,0.6679866909980774,0.8693749904632568,0.8385164141654968,0.8722954143992079,0.8689001953949229,0.8689825205128581
280,0.9302734136581421,0.6712057590484619,0.8717187643051147,0.8329561352729797,0.8739897889650475,0.8711620325187364,0.8714358836922771
281,0.926074206829071,0.679471492767334,0.8743749856948853,0.8321552276611328,0.8768546367700463,0.8738929330815155,0.8739419566899144
282,0.9289648532867432,0.671785831451416,0.8768749833106995,0.8242413997650146,0.8788868650055539,0.8764848196895991,0.8765951828765256
283,0.9281250238418579,0.6787583231925964,0.8736718893051147,0.8304637670516968,0.8763595969439916,0.8730916813676801,0.8731846773130847
284,0.9282812476158142,0.6765294671058655,0.8747656345367432,0.8339840173721313,0.8769776641365453,0.8741961731603773,0.8742818220130102
285,0.9318554401397705,0.6675403118133545,0.8735156059265137,0.8298525214195251,0.8759585186167045,0.8730819129960332,0.8732433853866834
286,0.9279101490974426,0.6742651462554932,0.876953125,0.8237307071685791,0.878973826569939,0.8766396389945479,0.8765236951647104
287,0.9317773580551147,0.6670349836349487,0.8734375238418579,0.8314772248268127,0.8757249080434704,0.8728458774399313,0.8730438364483701
288,0.9317968487739563,0.666770339012146,0.874218761920929,0.8275220394134521,0.8769642410927034,0.873796544889204,0.873939821797983
289,0.9303125143051147,0.6711309552192688,0.8733593821525574,0.8270866870880127,0.8755457560115953,0.8729451532208476,0.8730187135650439
290,0.9304101467132568,0.668062686920166,0.8715624809265137,0.8354328870773315,0.8737319498424282,0.8708717360492595,0.8710585690728779
291,0.9288476705551147,0.6704885363578796,0.8750781416893005,0.823627233505249,0.8769092073264548,0.875002576297125,0.87495277971757
292,0.931347668170929,0.6659529209136963,0.8739843964576721,0.8289457559585571,0.8761901290800427,0.87355705229108,0.8735383952477476
293,0.9306836128234863,0.6685636043548584,0.8774999976158142,0.8130918145179749,0.8797421815638309,0.8772999297396359,0.8772146626826223
294,0.931640625,0.6667444109916687,0.8750781416893005,0.8232299089431763,0.8772730517707604,0.8747323300009571,0.8747390255031019
295,0.9309961199760437,0.6654809713363647,0.8723437786102295,0.8358414173126221,0.8754241299347364,0.8719025922070303,0.871869418074009
296,0.9306836128234863,0.6643387079238892,0.8758593797683716,0.8292550444602966,0.8784324783634114,0.8752859271211051,0.8753810341336767
297,0.9306445121765137,0.6682239770889282,0.876171886920929,0.8183687329292297,0.8786602795904375,0.875440956193215,0.8756918943367096
298,0.9312890768051147,0.664588451385498,0.8779687285423279,0.8175855278968811,0.8800139723446603,0.8773950867854112,0.8774621996100752
299,0.9308007955551147,0.66959547996521,0.8779687285423279,0.8184905052185059,0.8802368234267721,0.8775822565253553,0.8776828854248147
300,0.9304882884025574,0.6656447052955627,0.8746874928474426,0.8274124264717102,0.8767661006327244,0.8741299423647977,0.8742883540323495
301,0.9314258098602295,0.6633507609367371,0.8753125071525574,0.8149812817573547,0.8776506044301126,0.8748149715533766,0.8749637289250182
302,0.9316015839576721,0.6634315252304077,0.8743749856948853,0.8311533331871033,0.8767308267790506,0.8737050217728572,0.8738988612973069
303,0.9313867092132568,0.6629990339279175,0.8746093511581421,0.8261429071426392,0.8765405701007607,0.8742674086794247,0.8741218318453532
304,0.9302734136581421,0.6642494797706604,0.8755468726158142,0.8236536383628845,0.8777765500656095,0.8750422711207174,0.8750270868405283
305,0.9326953291893005,0.6595433950424194,0.8806250095367432,0.8137713670730591,0.8827706547488142,0.8801226527917028,0.8801848409984088
306,0.9325585961341858,0.6553162336349487,0.876953125,0.8140896558761597,0.8793829174366938,0.8766561608844117,0.8767009858693667
307,0.931835949420929,0.6615642309188843,0.8774999976158142,0.8118105530738831,0.8797365569226847,0.8772390798932498,0.8771718263048245
308,0.9352148175239563,0.6536737680435181,0.8809375166893005,0.8030811548233032,0.8832257512020742,0.8802676447820643,0.8802887722144357
309,0.932421863079071,0.6567236185073853,0.8814062476158142,0.8072234988212585,0.8836536216662073,0.8807827288345305,0.8807584128099815
310,0.9345507621765137,0.6527184844017029,0.8788281083106995,0.8109598755836487,0.8810257354534835,0.8784783326442296,0.8784295812335919
311,0.9312499761581421,0.657930850982666,0.8804687261581421,0.8075448870658875,0.882219668493742,0.8799381801086164,0.879955967760863
312,0.9327929615974426,0.6597403883934021,0.8794531226158142,0.812544584274292,0.881771722420835,0.8791578891835194,0.8791480842061764
313,0.929882824420929,0.6620985269546509,0.8795312643051147,0.8069032430648804,0.881745717246858,0.8792096802604874,0.8792395519209733
314,0.9308007955551147,0.6610516309738159,0.8785156011581421,0.8041308522224426,0.8808494360018995,0.877858538209956,0.8780122274540794
315,0.9312890768051147,0.6585819721221924,0.8687499761581421,0.8370721936225891,0.8706213423465313,0.8683142151568496,0.8683214518427939
316,0.9311718940734863,0.6608198285102844,0.8773437738418579,0.8042972087860107,0.8794677116389421,0.8769521424124471,0.8770223354605827
317,0.9337499737739563,0.6516993641853333,0.8796093463897705,0.8089859485626221,0.881751109508238,0.8790301208089,0.8791444180223666
318,0.9333789348602295,0.6552674174308777,0.8788281083106995,0.8118239641189575,0.8808158930418075,0.8784752464477439,0.8785477345084614
319,0.9337304830551147,0.6520270705223083,0.8767187595367432,0.8135746121406555,0.8792372525148822,0.8761342693778847,0.8760263383112894
320,0.9347070455551147,0.6502974033355713,0.8828125,0.8001261949539185,0.8851047985093828,0.8821017847038096,0.8823150108267651
321,0.9322460889816284,0.653896152973175,0.8788281083106995,0.8055210709571838,0.880888455690067,0.8783884582761041,0.8784693191540638
322,0.929492175579071,0.6630644202232361,0.8815624713897705,0.8064349293708801,0.8837762639714315,0.8809396194990393,0.8810892407813465
323,0.9302148222923279,0.6616978645324707,0.8831250071525574,0.8075459003448486,0.8852772000322396,0.8825833819905213,0.8826834187481076
324,0.9331640601158142,0.6539666056632996,0.8732030987739563,0.8162270188331604,0.8753287600509635,0.8726164357976769,0.872752835638816
325,0.9342968463897705,0.651634931564331,0.8764062523841858,0.8104780316352844,0.8785023122689433,0.8758121498733235,0.8759230625465538
326,0.9343945384025574,0.6500827074050903,0.8790624737739563,0.7959741950035095,0.8814506794532682,0.8786273915322849,0.878747501962268
327,0.9338281154632568,0.6506388783454895,0.881640613079071,0.8002027273178101,0.8846319193387624,0.8810295013624688,0.8813284092971998
328,0.9345703125,0.647454023361206,0.8806250095367432,0.7901647686958313,0.8831662481567302,0.8801147262045335,0.8802854617601177
329,0.9315234422683716,0.6502435207366943,0.8821874856948853,0.8007874488830566,0.8845947436771981,0.8816147839509829,0.8816854794917712
330,0.9337499737739563,0.6483400464057922,0.8806250095367432,0.7998071908950806,0.8824920770537057,0.8801670507144408,0.880102044375465
331,0.9315624833106995,0.6492372751235962,0.8822656273841858,0.7916476726531982,0.8841395480584959,0.8815603381162578,0.8818200034126087
332,0.9344531297683716,0.648771345615387,0.8821874856948853,0.796893298625946,0.8845415279413432,0.8816762187307567,0.8818341694316446
333,0.9340429902076721,0.6474666595458984,0.8795312643051147,0.8046057224273682,0.8818770594276764,0.8790356428105894,0.8791719548471159
334,0.9332422018051147,0.6510298848152161,0.8803906440734863,0.8017814755439758,0.8824141256838842,0.8798770369793992,0.8799643811771929
335,0.9378906488418579,0.6386663913726807,0.8815624713897705,0.798480212688446,0.8831125181608432,0.8809288226368915,0.8809897864594061
336,0.9362499713897705,0.6390929222106934,0.8821094036102295,0.7993836998939514,0.884604965800279,0.8815947983720606,0.8816051059902872
337,0.9348437786102295,0.6427578926086426,0.8839062452316284,0.7855832576751709,0.8862073502291141,0.8836010875809552,0.8836385676526457
338,0.9345898628234863,0.6431077718734741,0.8836718797683716,0.7914098501205444,0.8858138385263896,0.8833600755712041,0.8834708800304386
339,0.9334375262260437,0.6474944353103638,0.8834375143051147,0.7912713885307312,0.8854722261362548,0.8830462604940662,0.8830980157253201
340,0.9354101419448853,0.6421149969100952,0.8838281035423279,0.7927674651145935,0.8857328875742799,0.8832614579456992,0.883240215692854
341,0.9327929615974426,0.6479058861732483,0.8819531202316284,0.7948544025421143,0.88369129290982,0.8816604624736832,0.8816228736950711
342,0.9323828220367432,0.6510492563247681,0.8828906416893005,0.7934547662734985,0.8847636969159105,0.8824790581959938,0.8824875777192702
343,0.93359375,0.6423958539962769,0.8803906440734863,0.7970464825630188,0.8826438257154666,0.8799091822688617,0.8799476498645838
344,0.9336327910423279,0.6493284702301025,0.8833593726158142,0.7917421460151672,0.8853379113382045,0.8827349279768921,0.882772462722186
345,0.9327343702316284,0.647305428981781,0.8785937428474426,0.7991511821746826,0.8805856455620248,0.8779533947671829,0.8780409724432887
346,0.9354101419448853,0.6404201984405518,0.8835155963897705,0.7881693840026855,0.886115321057023,0.8829761997116973,0.8831768065250335
347,0.9335741996765137,0.6472221612930298,0.8871874809265137,0.7839216589927673,0.8888310811222885,0.8867503656746443,0.8868318138480535
348,0.9318554401397705,0.6502220630645752,0.8795312643051147,0.7907865643501282,0.8814499209919505,0.878990435424899,0.8790816501016417
349,0.93603515625,0.6392897963523865,0.8861718773841858,0.7840597629547119,0.8885718524091828,0.8857592515791408,0.8857178726310369
350,0.9356640577316284,0.6407407522201538,0.8810155987739563,0.7940704226493835,0.8832525582917474,0.88052067673603,0.8807610269982908
351,0.9359375238418579,0.6363492608070374,0.8871874809265137,0.7862096428871155,0.8891667090163906,0.8864251377229586,0.8865743989258481
352,0.9345507621765137,0.6424791216850281,0.8849218487739563,0.7808737754821777,0.886815824445442,0.8845741122025059,0.8846797391831409
353,0.936328113079071,0.6389760971069336,0.8765624761581421,0.8015174269676208,0.8789193267062414,0.8761040119974997,0.8761321105635075
354,0.935351550579071,0.6380298733711243,0.8771093487739563,0.7964528799057007,0.8795783448636025,0.8765724849197679,0.8767238064873619
355,0.9370898604393005,0.6353253126144409,0.8791406154632568,0.7936720252037048,0.8808233361606348,0.8785578822255968,0.8785657802997766
356,0.934374988079071,0.6381766200065613,0.87890625,0.7899091839790344,0.8811929897377094,0.8784234764478532,0.878433838256813
357,0.9360741972923279,0.6377095580101013,0.8826562762260437,0.7848929762840271,0.8848523251250706,0.8822726540245387,0.8824281507645897
358,0.9341406226158142,0.6421382427215576,0.8813281059265137,0.796298623085022,0.8836397574084365,0.8807961333194124,0.8808716509342832
359,0.935742199420929,0.6389787197113037,0.8850781321525574,0.7820870280265808,0.8870939993009218,0.8847632921971241,0.8846166361971934
360,0.9344531297683716,0.6398277878761292,0.8817968964576721,0.7845491170883179,0.8839968308963266,0.8814167219503966,0.8814178692385206
361,0.9351367354393005,0.638899028301239,0.881640613079071,0.7915422320365906,0.8834969375185218,0.8812369697372757,0.8811804525567414
362,0.9340624809265137,0.6420547962188721,0.8831250071525574,0.7894388437271118,0.8853619688850949,0.8826166093926635,0.8826220725398581
363,0.9337499737739563,0.6415069103240967,0.8785156011581421,0.7925259470939636,0.8809147348638098,0.8780674948645484,0.878158601418665
364,0.9358593821525574,0.6370041370391846,0.8832812309265137,0.779621958732605,0.8850470717938832,0.8830112768894371,0.882833631588188
365,0.9364258050918579,0.6365219354629517,0.8817187547683716,0.7894424200057983,0.8836832654460147,0.8811273583263434,0.8811908819550942
366,0.9337499737739563,0.6408794522285461,0.8814843893051147,0.786835253238678,0.8838619549063603,0.8808692562139423,0.8810091229920305
367,0.9355273246765137,0.6352246999740601,0.8841406106948853,0.7787231206893921,0.8864763868573672,0.8836586999466857,0.8837255345083879
368,0.9361523389816284,0.6352522373199463,0.880078136920929,0.7880668640136719,0.8825452163419186,0.8796457396514148,0.8797723948784639
369,0.9384179711341858,0.6310150623321533,0.888671875,0.770505428314209,0.8911375325717754,0.8884110894856302,0.888348976690962
370,0.9366210699081421,0.6345576047897339,0.8842968940734863,0.7708451747894287,0.8869443999048697,0.8835816682995445,0.8838521745201938
371,0.9336133003234863,0.6412752270698547,0.8863281011581421,0.7792975902557373,0.8889984431982043,0.8857211788971306,0.8859717735799474
372,0.9359961152076721,0.6357383131980896,0.88671875,0.7805416584014893,0.8892046175603636,0.8860796439657559,0.8863536416593452
373,0.9360547065734863,0.6336579322814941,0.8803906440734863,0.7834300994873047,0.8825310013456464,0.8799382778004579,0.8799278520433679
374,0.939257800579071,0.6263393759727478,0.8843749761581421,0.7780394554138184,0.8869693853208802,0.8838904217764794,0.8838853443907585
375,0.9343359470367432,0.6384813189506531,0.8834375143051147,0.7832260131835938,0.8857051544647676,0.883180033539779,0.883032283990717
376,0.9353320598602295,0.6380952596664429,0.883593738079071,0.7839527726173401,0.8858043053196676,0.8833091782217144,0.8833015948508387
377,0.9364258050918579,0.6321374773979187,0.8807812333106995,0.7826677560806274,0.8833145785850791,0.8804437267332392,0.8805244258008291
378,0.9340429902076721,0.6399309039115906,0.8832812309265137,0.7811883687973022,0.8853018741577945,0.8829442970404042,0.8829876821753662
379,0.9361523389816284,0.6307054162025452,0.8876562714576721,0.7684378027915955,0.8895684255862659,0.8874365073600716,0.887381751416751
380,0.9359375238418579,0.6354728937149048,0.8851562738418579,0.7726102471351624,0.8872040039947189,0.8844903362313836,0.884714236511058
381,0.9349804520606995,0.6358173489570618,0.8871093988418579,0.7677143216133118,0.8889927814813511,0.8864884083809319,0.8866815524730711
382,0.9360937476158142,0.6320164203643799,0.8849218487739563,0.7689049243927002,0.8868694212063414,0.8845281549056567,0.8844804338599197
383,0.9360741972923279,0.6325222253799438,0.8854687213897705,0.7698986530303955,0.8876258745013931,0.8850563045262096,0.8852510930826946
384,0.93896484375,0.6239721179008484,0.8856250047683716,0.770780086517334,0.8877697370112756,0.8853237566328112,0.8853759123795333
385,0.9336523413658142,0.6371170282363892,0.8838281035423279,0.7829623222351074,0.8860354247142934,0.8833136778110703,0.8835087184113148
386,0.9355664253234863,0.6372207403182983,0.8853906393051147,0.7749412655830383,0.8874171074424941,0.8849668064310687,0.8849785094636933
387,0.9385156035423279,0.6254003643989563,0.8842187523841858,0.7779797911643982,0.8863207210282524,0.8838335366785195,0.8838097310203342
388,0.9361718893051147,0.627993106842041,0.8823437690734863,0.7778581380844116,0.8845243290508944,0.8819695488361692,0.8819696824578708
389,0.9348046779632568,0.6351220607757568,0.8832812309265137,0.7839025855064392,0.8853018333864268,0.8827395386642037,0.8827315686015423
390,0.9350000023841858,0.6311759352684021,0.8889062404632568,0.767996072769165,0.890692159659322,0.8885163114276498,0.8884697754107953
391,0.9365038871765137,0.6315077543258667,0.8863281011581421,0.7729262709617615,0.8883632219436062,0.885840933732219,0.885903302762236
392,0.9378320574760437,0.627473771572113,0.8839062452316284,0.7789409160614014,0.8857165377874142,0.8834451927559094,0.883446478540631
393,0.9383984208106995,0.6255086660385132,0.8830468654632568,0.775298535823822,0.8849350871317666,0.8823613724464949,0.8824898960203955
394,0.9385741949081421,0.6234414577484131,0.8867968916893005,0.7663096785545349,0.8886951888389061,0.8864485654240191,0.886550113506119
395,0.9383398294448853,0.6234187483787537,0.8867968916893005,0.7669217586517334,0.8887990155841237,0.8865706390204895,0.8865893388632446
396,0.937207043170929,0.6262139678001404,0.883984386920929,0.7689841985702515,0.8867888355463172,0.8835097097131257,0.883663110330772
397,0.9365624785423279,0.6269714832305908,0.8860156536102295,0.7725751399993896,0.8880707609920959,0.8855599150537862,0.8856540737128555
398,0.93798828125,0.6256054043769836,0.8877343535423279,0.7628659605979919,0.8902405971284757,0.8874485803475947,0.8876270079864949
399,0.939746081829071,0.6227821707725525,0.8876562714576721,0.7570496201515198,0.8897857429758936,0.8871231582780155,0.8872389679737179
400,0.9378710985183716,0.6267760992050171,0.8848437666893005,0.7670027017593384,0.8869818853119664,0.8843862690017441,0.8845245553580319
401,0.9370507597923279,0.6237245798110962,0.8873437643051147,0.762220561504364,0.8890061424227881,0.8869813628149027,0.8870711709735644
402,0.934765636920929,0.6316463351249695,0.8839062452316284,0.7741977572441101,0.8859285432690529,0.883272512130929,0.8833917278380978
403,0.9378125071525574,0.6244683265686035,0.8836718797683716,0.776934027671814,0.8859535855277441,0.8832555206262428,0.8833577331552749
404,0.9361327886581421,0.6273913383483887,0.8846874833106995,0.7642876505851746,0.8870423738554589,0.884140859325514,0.8844046736804562
405,0.9394921660423279,0.6192395687103271,0.8873437643051147,0.768349289894104,0.8892462442603708,0.8868089065707464,0.8869062665423217
406,0.9361327886581421,0.6284710168838501,0.8871874809265137,0.7703021168708801,0.8890326735319505,0.886751074912969,0.8869840929538598
407,0.9372851848602295,0.6267403960227966,0.8899999856948853,0.7654668688774109,0.8920548321302302,0.8895898170791255,0.8897708099564983
408,0.9385351538658142,0.6215035915374756,0.8851562738418579,0.7677150964736938,0.8879865930444746,0.8844376239240014,0.8848339871116919
409,0.9386327862739563,0.6188758015632629,0.88671875,0.7617498636245728,0.8888189688976783,0.8862055490990686,0.8863465957817497
410,0.9381250143051147,0.6189199090003967,0.88671875,0.7646186947822571,0.8885250391145529,0.8861070597277378,0.8862460476604666
411,0.9385547041893005,0.6152206659317017,0.8832812309265137,0.7694768309593201,0.8853230911928082,0.8827366736872525,0.8827437879015119
412,0.9389452934265137,0.6176081299781799,0.8849218487739563,0.7667557001113892,0.8871201686640858,0.8843633120074068,0.8844300449676037
413,0.9372656345367432,0.6221659183502197,0.885937511920929,0.762362539768219,0.8878535123704068,0.8853689800090166,0.8854042680900787
414,0.9369531273841858,0.6237314343452454,0.8871874809265137,0.7647793292999268,0.889004881912036,0.8868063494134768,0.8868562340987145
415,0.9379492402076721,0.6193424463272095,0.8853124976158142,0.7634906768798828,0.8875128512943937,0.8847720551921128,0.8849170300980027
416,0.9381445050239563,0.6232515573501587,0.8827343583106995,0.7739356756210327,0.8853018396010177,0.8822161054855798,0.8824321802731798
417,0.9367382526397705,0.6227794885635376,0.885937511920929,0.7545247673988342,0.8880848592150228,0.885323895069545,0.8855327540479807
418,0.9383203387260437,0.620822548866272,0.8846874833106995,0.758380115032196,0.8865733714894499,0.8842373431159758,0.8842980655942971
419,0.9388867020606995,0.6184120774269104,0.8845312595367432,0.7606514096260071,0.8862453106548976,0.8840833518262636,0.8840911187082721
420,0.9400195479393005,0.6150950193405151,0.8858593702316284,0.7594558596611023,0.887662401620507,0.885280258801903,0.8854782695361083
421,0.9400781393051147,0.615243136882782,0.8885937333106995,0.7568695545196533,0.8911034235371196,0.8880827309022526,0.8883043653461167
422,0.9412695169448853,0.6102419495582581,0.8832031488418579,0.7678520083427429,0.8853204038801784,0.882819289493362,0.8829161348259067
423,0.9398828148841858,0.6120454668998718,0.885937511920929,0.7584031820297241,0.8877659961497993,0.8853577689948242,0.8853864903119559
424,0.9396093487739563,0.6108603477478027,0.8892968893051147,0.7501387596130371,0.8910672467922782,0.8889059253736971,0.8889557896152221
425,0.9412695169448853,0.6076269745826721,0.8883593678474426,0.7575215101242065,0.8903238704916113,0.8880713169940171,0.8881647455894386
426,0.93896484375,0.6163237690925598,0.8824218511581421,0.770843505859375,0.8841512974344795,0.8818032261644941,0.8819309782612273
427,0.9382226467132568,0.6206291317939758,0.8860156536102295,0.7626063823699951,0.8879287913258814,0.8855642679471853,0.8856911551545936
428,0.9383203387260437,0.6194385290145874,0.882031261920929,0.774797260761261,0.8838216843893706,0.881524660627051,0.8816063146851768
429,0.9388281106948853,0.6122956275939941,0.8888280987739563,0.7505440711975098,0.8909390349813051,0.8881354497651144,0.8883225095968295
430,0.940136730670929,0.6131330132484436,0.888671875,0.7505174279212952,0.8905754587680259,0.8882720494383958,0.8884360296165432
431,0.9380859136581421,0.6191762089729309,0.8913280963897705,0.7469221353530884,0.8935101195481259,0.8907791426925037,0.8909552159166019
432,0.9371289014816284,0.6188220381736755,0.8844531178474426,0.7650827765464783,0.8865923275634189,0.8838412877538733,0.8840456418159812
433,0.9369921684265137,0.6220076680183411,0.8885156512260437,0.754382312297821,0.8903541207735797,0.8881558483776334,0.8882177316839367
434,0.93798828125,0.615689218044281,0.8853124976158142,0.7575790882110596,0.8874666921602101,0.8848079020944976,0.8849494000147269
435,0.9372851848602295,0.623555064201355,0.8860156536102295,0.7649674415588379,0.8887808622638234,0.8856771884453126,0.8857832290273931
436,0.935546875,0.6225529909133911,0.8873437643051147,0.7659910321235657,0.8895577444114594,0.8868922016046784,0.887129797695522
437,0.9366601705551147,0.6198682188987732,0.88671875,0.7566397190093994,0.8888733415439352,0.8862776636895691,0.8864075329453889
438,0.9389062523841858,0.6167561411857605,0.8854687213897705,0.7611623406410217,0.8873578631680532,0.8851622808841003,0.8851124691911006
439,0.9404101371765137,0.6146954894065857,0.8864843845367432,0.7595356702804565,0.8889894528639053,0.8860686342914574,0.8861917523043562
440,0.9420507550239563,0.6080618500709534,0.8897656202316284,0.7473192811012268,0.8918076909546058,0.8894970408134598,0.8896512808820601
441,0.9427343606948853,0.6057292819023132,0.8885156512260437,0.750989556312561,0.8909817035069236,0.8882314575880296,0.8881721377188876
442,0.939257800579071,0.6134949326515198,0.8868749737739563,0.7517703771591187,0.8886533819829354,0.8864622943578624,0.8864436596807848
443,0.9386523365974426,0.6141645312309265,0.8803125023841858,0.7656212449073792,0.882223429777121,0.8798909235202899,0.8799894421435819
444,0.9375976324081421,0.6159099340438843,0.8849999904632568,0.7598540782928467,0.8868586715894456,0.8846343199812395,0.8847524353524314
445,0.9372460842132568,0.6167849898338318,0.8892187476158142,0.7539750933647156,0.8912124337045066,0.8889279822547395,0.889019117458252
446,0.9398632645606995,0.6125520467758179,0.8888280987739563,0.7465728521347046,0.8904709182857038,0.888547636741704,0.8885518569300768
447,0.941113293170929,0.6080436110496521,0.8850781321525574,0.7564565539360046,0.8869179991474219,0.8848904810964427,0.8848371396475908
448,0.9395898580551147,0.6140316128730774,0.8834375143051147,0.7672479152679443,0.885750798213017,0.8828887177293758,0.8830583516978808
449,0.9381640553474426,0.6144867539405823,0.8885156512260437,0.7403255701065063,0.8902814408195672,0.887931765064505,0.8880764745955197
450,0.9385741949081421,0.6181554198265076,0.8880468606948853,0.76119065284729,0.8900207215785318,0.8874659276961055,0.8876127001288194
451,0.9390234351158142,0.6147376298904419,0.8897656202316284,0.7499762773513794,0.8920722623612101,0.8891035855053304,0.8893420440207986
452,0.9375585913658142,0.6129037737846375,0.890625,0.7495481371879578,0.8927293533157861,0.889996306603494,0.8902219735002581
453,0.9376757740974426,0.6125617027282715,0.8907812237739563,0.7440654635429382,0.8927711660509974,0.8902934139569411,0.8904059026158511
454,0.9422851800918579,0.6046582460403442,0.8887500166893005,0.7476699352264404,0.8904171015687752,0.8885498805430457,0.888444911538243
455,0.9386523365974426,0.6106222867965698,0.8864062428474426,0.7544525861740112,0.8881180170888775,0.886086977770632,0.8859946272217623
456,0.9395703077316284,0.6105321645736694,0.8866406083106995,0.7541211843490601,0.8886567174059528,0.8864258741787268,0.8863334928865092
457,0.9378906488418579,0.6167662143707275,0.8878124952316284,0.7522292137145996,0.889795642102551,0.8876309578745215,0.8875308686334418
458,0.9384375214576721,0.6124498844146729,0.891796886920929,0.7431405782699585,0.8942203857794837,0.8916169025680817,0.8917032712344856
459,0.9401171803474426,0.6063807606697083,0.8877343535423279,0.7494133710861206,0.8902336376001111,0.8872009174417815,0.8874206856385358
460,0.9410741925239563,0.6087568402290344,0.8884375095367432,0.7488142251968384,0.8902356799509747,0.8880158327589791,0.8880814005481621
461,0.940722644329071,0.603506326675415,0.8889843821525574,0.748929500579834,0.8904472136194097,0.8885825030379451,0.8885893523199396
462,0.942187488079071,0.6028127074241638,0.8866406083106995,0.7449662089347839,0.8888644192621851,0.8860182929622522,0.886101788643538
463,0.9425390362739563,0.5993914604187012,0.8887500166893005,0.7494781613349915,0.8906738517424949,0.8883461905433784,0.8882590493020481
464,0.9429882764816284,0.6003432869911194,0.8844531178474426,0.7577986717224121,0.8862744816620363,0.8841204139992541,0.8840652276800214
465,0.9402148723602295,0.6075903177261353,0.8874218463897705,0.7510950565338135,0.8898711217730002,0.8870804542327996,0.8868540071382671
466,0.9413672089576721,0.6034365296363831,0.889453113079071,0.7466010451316833,0.8920692351788142,0.8889880244608932,0.8890892803042343
467,0.9405664205551147,0.6040844321250916,0.8883593678474426,0.744669497013092,0.8905642748945761,0.8879274184979724,0.8880498801393352
468,0.9386523365974426,0.6092568635940552,0.891406238079071,0.7379013299942017,0.8930840386805423,0.8911261080409619,0.8910186905797615
469,0.9395898580551147,0.6113914847373962,0.8867968916893005,0.742285966873169,0.8887780388739219,0.8865007794758868,0.8864941863700384
470,0.9372656345367432,0.6154661178588867,0.8885937333106995,0.7462406754493713,0.8908079280838805,0.8881192343080606,0.8882422101729325
471,0.9374609589576721,0.6151317358016968,0.8871093988418579,0.7459973096847534,0.8887699982645172,0.886804969574934,0.886729072742056
472,0.9420703053474426,0.6034951210021973,0.8909375071525574,0.7344692349433899,0.8926098289930896,0.8906648726973458,0.8905490920178601
473,0.940722644329071,0.6024186611175537,0.8881250023841858,0.7432443499565125,0.8896619368181808,0.8877491015333906,0.8877622935238794
474,0.9393554925918579,0.60773104429245,0.8852343559265137,0.7510233521461487,0.8875864641532247,0.8846773596018165,0.8848479726108913
475,0.9370898604393005,0.6117924451828003,0.8846874833106995,0.7594451904296875,0.886674602786037,0.8842814994664527,0.8843956550903544
476,0.940136730670929,0.6080008745193481,0.8876562714576721,0.7495852708816528,0.889895743484238,0.8871164539201224,0.8873025656448733
477,0.9406640529632568,0.6067239046096802,0.8842968940734863,0.7560632228851318,0.8867155591274396,0.8838199500262566,0.8839484283148648
478,0.9410156011581421,0.6050521731376648,0.8877343535423279,0.7541959881782532,0.8898622590239882,0.8873318933799181,0.8872967870569941
479,0.9386913776397705,0.6111961007118225,0.888671875,0.7560549974441528,0.8905584323553699,0.8882772331428848,0.8881695225257614
480,0.9398242235183716,0.6076382994651794,0.8876562714576721,0.7549545764923096,0.8896256592345512,0.8872074354790758,0.8872323664274646
481,0.9407812356948853,0.6032562255859375,0.8865625262260437,0.7500472068786621,0.8885368041811474,0.8862610644474178,0.8863554291250426
482,0.9435937404632568,0.600235641002655,0.8872656226158142,0.7499948143959045,0.889288700734948,0.8867235704515456,0.8868090600752117
483,0.9419531226158142,0.5997754335403442,0.8842187523841858,0.752897322177887,0.8859636944453952,0.8840456838203858,0.8839845680377006
484,0.9400976300239563,0.6023104786872864,0.8891406059265137,0.7483543157577515,0.8909944712061881,0.8891066260096123,0.8888686114811477
485,0.9420312643051147,0.6005985140800476,0.8882031440734863,0.7414705753326416,0.8901236023463519,0.8878346269976374,0.88779323231915
486,0.9417577981948853,0.6016700863838196,0.889843761920929,0.7421048879623413,0.891997479958799,0.889587199522216,0.8895778542514462
487,0.9421484470367432,0.6018644571304321,0.8923437595367432,0.7334352731704712,0.8942423192685416,0.8919699917445829,0.8920382020301527
488,0.9418359398841858,0.596412718296051,0.8932031393051147,0.7390114068984985,0.895100337562625,0.8928146561005462,0.8928334570486423
489,0.9412304759025574,0.6018431186676025,0.8908593654632568,0.733935534954071,0.8927822893477864,0.890449779658421,0.8904486077113867
490,0.9395117163658142,0.6058951616287231,0.8917187452316284,0.7300499081611633,0.8933601591629343,0.8911810361673834,0.8912557003787268
491,0.9425390362739563,0.6013608574867249,0.8883593678474426,0.74544358253479,0.8902260569708176,0.888049008357526,0.8879470390020361
492,0.9421093463897705,0.5989898443222046,0.8902343511581421,0.7410953044891357,0.8925667831047936,0.8897953050828731,0.8897309331792027
493,0.942675769329071,0.5995743274688721,0.890625,0.7359177470207214,0.8922480659591929,0.8902091799961429,0.8902313547135579
494,0.9444140791893005,0.5929862856864929,0.8885156512260437,0.743559718132019,0.8905439401031785,0.8879954109005428,0.8880763661854814
495,0.9423437714576721,0.5965853333473206,0.8901562690734863,0.7414104342460632,0.8922584790711507,0.8896325324811072,0.8898459801583
496,0.94140625,0.6002378463745117,0.8883593678474426,0.7377755641937256,0.8897170151861863,0.8878203042141494,0.8878107254103831
497,0.9396874904632568,0.6048996448516846,0.8849999904632568,0.7460798621177673,0.886878548650879,0.8846034057381452,0.8846161833517194
498,0.9397656321525574,0.6079598069190979,0.8874218463897705,0.7466192841529846,0.8896078701628856,0.8870982272335975,0.8871848140208012
499,0.9388476610183716,0.6073646545410156,0.8880468606948853,0.7418338060379028,0.8898056325680892,0.8876677379905125,0.8876831313127486
500,0.9415624737739563,0.5996703505516052,0.8892968893051147,0.7398566603660583,0.8912209867353094,0.8887946250296401,0.8889194443316557
501,0.9412304759025574,0.5978882312774658,0.89453125,0.7286088466644287,0.8964541358347289,0.8941692699225104,0.8942174774144308
502,0.9415624737739563,0.6004860401153564,0.8949218988418579,0.7325764298439026,0.8968640540253818,0.8946325411847538,0.89459534003712
503,0.9419921636581421,0.5983126163482666,0.8899999856948853,0.740180253982544,0.8916927634785491,0.8894659202795743,0.8895672754542945
504,0.9411327838897705,0.5986377000808716,0.8896093964576721,0.7471029162406921,0.8914196530553998,0.8891927401215591,0.8892240119442897
505,0.9429101347923279,0.5967925786972046,0.8924219012260437,0.7317807078361511,0.8941811820620128,0.8920150618045053,0.8921211158296143
506,0.9431836009025574,0.5915891528129578,0.8923437595367432,0.7314047813415527,0.894489065626378,0.8920636863842094,0.8920666223484939
507,0.9413281083106995,0.5973458290100098,0.8875781297683716,0.7425691485404968,0.8897995659120482,0.887125314862969,0.8871418796172492
508,0.9444921612739563,0.5905396342277527,0.8904687762260437,0.7405306100845337,0.8926049004512175,0.8900574597028748,0.8901736700397933
509,0.9423242211341858,0.5976439118385315,0.8884375095367432,0.7401804327964783,0.8905527923852986,0.8883034874929655,0.8882349748046314
510,0.943066418170929,0.5918996930122375,0.8857812285423279,0.7372735738754272,0.8877844713661829,0.8855103969313991,0.8854030980853664
511,0.9417968988418579,0.5971112847328186,0.8922656178474426,0.7367560863494873,0.8940821017722961,0.8920626229242454,0.8920056438388202
512,0.9424414038658142,0.5975486040115356,0.8890625238418579,0.7364048957824707,0.8907052640355526,0.8886197715027427,0.8886248510297297
513,0.9424218535423279,0.596297025680542,0.8885937333106995,0.7423924803733826,0.8903174169443232,0.8882260207038695,0.8882183553277143
514,0.9419335722923279,0.5948671102523804,0.8902343511581421,0.734079897403717,0.8917625726365798,0.8897980268863372,0.8898089795497542
515,0.9407812356948853,0.6004048585891724,0.8907812237739563,0.7449706792831421,0.8926927709642752,0.8904408810426799,0.890485931269825
516,0.9409570097923279,0.5975980162620544,0.88671875,0.7504905462265015,0.8883314845149723,0.8862655375118977,0.8862686895356224
517,0.9394140839576721,0.599337637424469,0.891406238079071,0.7359834313392639,0.893185150060037,0.891062843155356,0.8911457348728276
518,0.9420703053474426,0.5947774052619934,0.893750011920929,0.729027509689331,0.8953646137079085,0.8933529232297731,0.8934664521635436
519,0.9440038800239563,0.5883997678756714,0.8919531106948853,0.7329777479171753,0.8933843451700084,0.8915963371184151,0.891565586708791
520,0.9447265863418579,0.5883305072784424,0.8935937285423279,0.7346422076225281,0.8953978451052528,0.8931924512647811,0.8933189281723752
521,0.9424999952316284,0.595678985118866,0.8908593654632568,0.7361414432525635,0.8932509406870167,0.8906527318899471,0.8907623315326365
522,0.9408593773841858,0.5987284779548645,0.8860156536102295,0.7494779229164124,0.8878848368150838,0.8856756240232306,0.8857161206007167
523,0.9424218535423279,0.5952427387237549,0.8869531154632568,0.7322688102722168,0.8891367291277905,0.8867951956699758,0.8868475345837132
524,0.9415429830551147,0.5998646020889282,0.8885156512260437,0.7482937574386597,0.8908285248877705,0.8883075684927173,0.8882921445584401
525,0.9422265887260437,0.5960196256637573,0.8913280963897705,0.7390603423118591,0.8930352786458052,0.8911482427300614,0.8911803023451819
526,0.9421679973602295,0.5935454368591309,0.8920312523841858,0.7314022779464722,0.8935729764161223,0.8920973328922914,0.8919010266674232
527,0.9413476586341858,0.595184862613678,0.8911718726158142,0.7369543313980103,0.8929337468720975,0.8908365465575263,0.8908773092040121
528,0.9453125,0.5867710113525391,0.8852343559265137,0.7426643967628479,0.8871461552855485,0.8850202366415545,0.8850003988989079
529,0.9420312643051147,0.5949361324310303,0.8934375047683716,0.7289766669273376,0.8951342148715538,0.8931829981144259,0.893191121323408
530,0.9434961080551147,0.5915042757987976,0.8899999856948853,0.7290599942207336,0.8917798023947852,0.8898081012025629,0.8897846870911649
531,0.9443749785423279,0.5914689302444458,0.891796886920929,0.7344169020652771,0.893592038549642,0.8913148891291333,0.8914470742342984
532,0.94287109375,0.593209445476532,0.8893749713897705,0.7321692705154419,0.8911610571421265,0.8891141977663729,0.8891487137976346
533,0.9437890648841858,0.5909968614578247,0.8920312523841858,0.7265604138374329,0.8939172237284023,0.8916877888702752,0.8917724044493011
534,0.9418359398841858,0.5926827788352966,0.8922656178474426,0.732154130935669,0.8940887035633568,0.892000557440449,0.8921402002024483
535,0.9435351490974426,0.5914841294288635,0.8895312547683716,0.73614501953125,0.8913178833778346,0.8894743588601872,0.8893784639224674
536,0.942089855670929,0.5960915088653564,0.8928906321525574,0.7339072227478027,0.8947676368702857,0.8926116082491662,0.892649146533423
537,0.9391992092132568,0.6007617712020874,0.8946874737739563,0.7309747934341431,0.8962990262232737,0.8943156190965043,0.8943887273447364
538,0.9435351490974426,0.5910199880599976,0.8919531106948853,0.7302476763725281,0.8936937866907736,0.8915801573946882,0.8915726082355878
539,0.945507824420929,0.5869663953781128,0.8910156488418579,0.7367050051689148,0.8928041672427977,0.8904986472131602,0.8906722436141052
540,0.9460546970367432,0.5836228132247925,0.8912500143051147,0.7326852679252625,0.893148406880103,0.8910020851595283,0.890971687046926
541,0.9441992044448853,0.5897467732429504,0.8892968893051147,0.7430408596992493,0.8909343295730028,0.8889191959743987,0.8888940675320509
542,0.9447070360183716,0.5853972434997559,0.8873437643051147,0.7518408894538879,0.8891499818004749,0.8871884259089577,0.8870017477609939
543,0.9438281059265137,0.5868455767631531,0.8907812237739563,0.7410410046577454,0.8925155330729471,0.8905574441739492,0.8905394810934832
544,0.9426953196525574,0.5918897390365601,0.8896874785423279,0.737403154373169,0.8919586865309101,0.8894210475471394,0.8894663328978312
545,0.941699206829071,0.5966211557388306,0.887890636920929,0.7362896800041199,0.889758140813729,0.887530640164897,0.8875376374159379
546,0.9442187547683716,0.5889154076576233,0.889453113079071,0.7335723638534546,0.8911923307108076,0.8889941823958848,0.8890919263025485
547,0.9461328387260437,0.583483874797821,0.8902343511581421,0.7296217083930969,0.8921455963562273,0.8899093183208446,0.8899204160699599
548,0.9444921612739563,0.5848480463027954,0.8912500143051147,0.7322474718093872,0.8934115167974119,0.8909444301779832,0.8908740703021865
549,0.944140613079071,0.5838215947151184,0.890625,0.7346296906471252,0.8927676498990171,0.8903106193043364,0.8903088959656447
550,0.9442383050918579,0.5852422714233398,0.8893749713897705,0.726533055305481,0.8908763163097713,0.8892682637728664,0.8890675009110093
551,0.9432031512260437,0.5897991061210632,0.8902343511581421,0.7331170439720154,0.8920168609448846,0.8901664938849346,0.8900103522549806
552,0.9426562786102295,0.589460551738739,0.8928124904632568,0.7247118949890137,0.8946706266174367,0.8926562928675499,0.8925800764058238
553,0.9421288967132568,0.5953278541564941,0.8903906345367432,0.7306123375892639,0.8919449501829475,0.8901857898256669,0.8901016882494837
554,0.943066418170929,0.5886582136154175,0.8874218463897705,0.7392410039901733,0.8892140424867658,0.8873324576121993,0.8872448871811458
555,0.9435351490974426,0.5849361419677734,0.8916406035423279,0.7353668212890625,0.8938076227104175,0.8915666138597031,0.891544832432728
556,0.9412890672683716,0.5927038192749023,0.890625,0.7368998527526855,0.8922210363436514,0.8901993794922708,0.8902444031311185
557,0.9451562762260437,0.5850570797920227,0.8903906345367432,0.7299903631210327,0.8926572156951027,0.8901249456542,0.8900893416746172
558,0.9457226395606995,0.5841735601425171,0.8935156464576721,0.7217851281166077,0.8954793407879045,0.8930904455602762,0.89311691755025
559,0.9449023604393005,0.5836517810821533,0.8885937333106995,0.7352622747421265,0.890152279304177,0.8883873177494563,0.8882970568743089
560,0.9449023604393005,0.5836073756217957,0.891796886920929,0.728651225566864,0.8938850914932427,0.8913242976291587,0.8914885139707833
561,0.9424999952316284,0.5896305441856384,0.8910937309265137,0.7283333539962769,0.8933143700466926,0.8908553088822,0.8909429580400183
562,0.9422265887260437,0.5905376076698303,0.8946093916893005,0.7275910973548889,0.897204872730508,0.8942955883437084,0.8944076327648873
563,0.9433398246765137,0.5866307020187378,0.8884375095367432,0.7375649213790894,0.8906052886165661,0.8879405894506437,0.8879804026617419
564,0.9445703029632568,0.5840965509414673,0.8959375023841858,0.7275541424751282,0.8979026282706688,0.8955485178787591,0.8957625359212593
565,0.9446484446525574,0.5857625603675842,0.895312488079071,0.71812903881073,0.8969534706338764,0.8949166217757591,0.8948724047775524
566,0.9453515410423279,0.5817986130714417,0.8950781226158142,0.72376549243927,0.8978061627586035,0.8948012282933999,0.8949924254268535
567,0.945019543170929,0.583775520324707,0.8910937309265137,0.7303106188774109,0.8930904892536075,0.8907961851630616,0.890839644981535
568,0.9452734589576721,0.5843877196311951,0.889843761920929,0.7360155582427979,0.8916912255255626,0.8895527856217044,0.8895681648779998
569,0.9449609518051147,0.5831584334373474,0.8924219012260437,0.7297290563583374,0.89440309362618,0.8920107273421296,0.8920596541925867
570,0.9443554878234863,0.5839784145355225,0.8901562690734863,0.731529951095581,0.8917679198500563,0.889837837182385,0.8898680508362753
571,0.9447460770606995,0.580470860004425,0.8901562690734863,0.727389931678772,0.8922879202997797,0.8899508574918954,0.8900055182395261
572,0.9425195455551147,0.5892074108123779,0.8943750262260437,0.7312775254249573,0.8967968508282416,0.8938069059676516,0.8939786577204836
573,0.9428320527076721,0.5866526961326599,0.8857812285423279,0.7439213395118713,0.88801283038319,0.8853079753032628,0.8854059509383647
574,0.942578136920929,0.5914415121078491,0.8922656178474426,0.726815938949585,0.8947174656112876,0.8920566203274756,0.8921423149205002
575,0.9431250095367432,0.590126633644104,0.8888280987739563,0.7393782138824463,0.8910671968252767,0.8884905477348952,0.8885406011223693
576,0.9435741901397705,0.5889994502067566,0.889453113079071,0.7302796244621277,0.8915392530961314,0.889201239500546,0.8891972256874564
577,0.9444335699081421,0.5845717787742615,0.8913280963897705,0.7335045337677002,0.8932689446435158,0.8911386541449722,0.8910744011059473
578,0.945019543170929,0.5846970081329346,0.8899999856948853,0.7320692539215088,0.89203430727496,0.8896341505854268,0.8897026795824621
579,0.94580078125,0.5795567631721497,0.8955468535423279,0.7198445796966553,0.8972859112867871,0.8952932994939133,0.8952885786514033
580,0.9435351490974426,0.5843151807785034,0.8934375047683716,0.7304985523223877,0.8953433296972482,0.8930796503247025,0.8931447945105031
581,0.9427148699760437,0.586546778678894,0.8893749713897705,0.7347273230552673,0.8910267582011945,0.8890034676935774,0.8890873850789353
582,0.9467187523841858,0.5810374021530151,0.8944531083106995,0.7305982112884521,0.8960343061808884,0.8943307199143946,0.8942370333381884
583,0.9458593726158142,0.580923855304718,0.8914843797683716,0.7352118492126465,0.8930996523876781,0.8912611639675503,0.8912498114952381
584,0.9454687237739563,0.5779399275779724,0.8927343487739563,0.7255352735519409,0.8950262012426113,0.8924234343707629,0.8925076695481098
585,0.9460155963897705,0.575908899307251,0.8896093964576721,0.726570188999176,0.8914271919400139,0.8893824823804803,0.8893258940529378
586,0.9447070360183716,0.582874059677124,0.8929687738418579,0.7224932909011841,0.8948086855962298,0.8926391321821132,0.892734863640783
587,0.9443359375,0.5858341455459595,0.8907812237739563,0.7330434322357178,0.8927939757310626,0.8901857955230965,0.8902489572003917
588,0.9439648389816284,0.5834863781929016,0.8910156488418579,0.7289114594459534,0.8929655800773464,0.8907877085038558,0.8907528656872489
589,0.9439062476158142,0.5804330706596375,0.8890625238418579,0.736339807510376,0.8912435683807487,0.8890510302162433,0.8889714842994606
590,0.9433789253234863,0.5832096338272095,0.888671875,0.7320206165313721,0.8902696394169431,0.8884273710317807,0.8882628080017604
591,0.94287109375,0.5860593914985657,0.8908593654632568,0.7256519794464111,0.8925577851922852,0.8907601325342624,0.8906003756180603
592,0.9453515410423279,0.5809532999992371,0.8947656154632568,0.7225856184959412,0.8965430346021557,0.8944008075963451,0.8944556803707941
593,0.9460351467132568,0.5788412094116211,0.8924219012260437,0.7270622849464417,0.8943525976610505,0.8918764684225808,0.8919115139677822
594,0.9439257979393005,0.5839619636535645,0.89453125,0.7218382954597473,0.8964836616657262,0.8943352228092742,0.8943277694070905
595,0.946582019329071,0.5778321623802185,0.891796886920929,0.7258889675140381,0.8936618211721725,0.8914845078863168,0.8914855182196278
596,0.9455859661102295,0.5779332518577576,0.893359363079071,0.7210798859596252,0.8954533247958066,0.892814167040144,0.8929539375030822
597,0.9443554878234863,0.5854145288467407,0.8918750286102295,0.723095178604126,0.8939899832219695,0.8914931741865196,0.89161001171976
598,0.9469335675239563,0.5741609930992126,0.8931249976158142,0.7292585968971252,0.8946777501547458,0.8926667870810486,0.8926138470986482
599,0.9434570074081421,0.581601619720459,0.8917187452316284,0.7245734333992004,0.8945217539988992,0.8913062607235505,0.8914132554619723
600,0.9468359351158142,0.5757120847702026,0.8929687738418579,0.7220821976661682,0.894695646149624,0.8923572435884155,0.8925350092076525
601,0.9449218511581421,0.5776445269584656,0.8895312547683716,0.7393951416015625,0.8913416851998264,0.8892158555481516,0.8892611036103635
602,0.9429687261581421,0.5848121047019958,0.8939843773841858,0.7199614644050598,0.8960788123084866,0.8937417970254207,0.8937382254030248
603,0.9448437690734863,0.5810561776161194,0.896484375,0.7127867341041565,0.8985332905257677,0.8959783088170423,0.8961266824366412
604,0.9461328387260437,0.577688992023468,0.8946093916893005,0.7218602895736694,0.8967920378500077,0.8941742125992052,0.8941873442910497
605,0.9435351490974426,0.5840590596199036,0.893359363079071,0.7209960222244263,0.8950713266741621,0.8929876530451599,0.893061897846198
606,0.945996105670929,0.578438401222229,0.8960937261581421,0.7186874151229858,0.8980383339139505,0.8957930405121519,0.8958830256952063
607,0.945996105670929,0.575260579586029,0.8950781226158142,0.7207633852958679,0.8970444051774122,0.8947326476017534,0.8947751110469541
608,0.944531261920929,0.5830731987953186,0.8913280963897705,0.7246384620666504,0.8929333312950901,0.8911821443294099,0.8910414263959235
609,0.9474218487739563,0.5736752152442932,0.896484375,0.7117587327957153,0.8988259571408477,0.8962060950471702,0.8963469972156661
610,0.9478124976158142,0.5721767544746399,0.8954687714576721,0.7136773467063904,0.8972541730896866,0.8950093400899062,0.8950573811019121
611,0.9444726705551147,0.5805013179779053,0.8930468559265137,0.7235669493675232,0.8944522656257792,0.8925932269918203,0.8925407042459583
612,0.9473632574081421,0.5744243860244751,0.891796886920929,0.7253289818763733,0.8935626805308965,0.8914470408585948,0.8914237381742449
613,0.9449218511581421,0.5805643200874329,0.8917187452316284,0.7252605557441711,0.8938385753334573,0.8913412823734268,0.8914168223152966
614,0.9473632574081421,0.569797158241272,0.8932812213897705,0.7227178812026978,0.8953096609556397,0.8926575460369176,0.8929012076738867
615,0.9446484446525574,0.578872561454773,0.8920312523841858,0.7225725650787354,0.8940321687802104,0.8916325525152814,0.891674456540518
616,0.944531261920929,0.5803530216217041,0.8878124952316284,0.7292298674583435,0.8896196678483881,0.8876732852990283,0.8875982360177939
617,0.9434961080551147,0.5824120044708252,0.8935156464576721,0.7220346927642822,0.8954298788378527,0.8931498983560229,0.8932400687012438
618,0.9433203339576721,0.5839511156082153,0.8942187428474426,0.7142927646636963,0.8955751248245111,0.894126320102284,0.8940624172541558
619,0.94482421875,0.5826128721237183,0.8896093964576721,0.7277118563652039,0.8911216877326015,0.8892944302244479,0.8892491553153323
620,0.945507824420929,0.5784643292427063,0.8915625214576721,0.7192701697349548,0.8934952416785897,0.8913039650563087,0.891343177213452
621,0.9458984136581421,0.5759544372558594,0.8915625214576721,0.7247531414031982,0.8930792999460082,0.8913332365313321,0.8913085898632742
622,0.9436328411102295,0.5832197666168213,0.8926562666893005,0.7203925848007202,0.8950438837031414,0.892286139469815,0.8923590358008322
623,0.9450585842132568,0.5782846808433533,0.8961718678474426,0.7131088972091675,0.8980569234755159,0.8956545556685365,0.8957394552090285
624,0.9462109208106995,0.5763779878616333,0.896484375,0.7152446508407593,0.8986627924074388,0.8960372999075554,0.8961237609016275
625,0.9472070336341858,0.5716685056686401,0.895312488079071,0.7187883257865906,0.8974499822350139,0.8950561393380311,0.8950017177678367
626,0.9458593726158142,0.5766834020614624,0.8910156488418579,0.7217208743095398,0.892807615497412,0.890542564898091,0.8906104634601175
627,0.946093738079071,0.5743391513824463,0.8913280963897705,0.7256969213485718,0.8932633400317266,0.8909663122763309,0.8910466614403046
628,0.9470898509025574,0.5750804543495178,0.8924999833106995,0.721940279006958,0.8946447896259007,0.8920929505315383,0.892245728187796
629,0.9493554830551147,0.5640056729316711,0.8955468535423279,0.7142155170440674,0.8972117429979564,0.8953658712592132,0.8952054333892395
630,0.9493945240974426,0.5652962327003479,0.8944531083106995,0.7138273119926453,0.8964024416530628,0.8940906491955136,0.8942042762749154
631,0.9483789205551147,0.567034125328064,0.8929687738418579,0.7177796363830566,0.8943485607069728,0.8927188986853135,0.8926070538451794
632,0.9478906393051147,0.5694218277931213,0.8899999856948853,0.7308335900306702,0.8918063827319259,0.8895292417543479,0.8895771315845351
633,0.9451562762260437,0.5755593180656433,0.890625,0.7264921069145203,0.8924356264572922,0.8900171709624589,0.8901715077443528
634,0.944140613079071,0.5780558586120605,0.8904687762260437,0.7207520008087158,0.892044462457775,0.8901446937774394,0.8901107065217835
635,0.9441211223602295,0.5790873169898987,0.8928906321525574,0.7173795104026794,0.8946435680708236,0.8924895666608185,0.8925009973144397
636,0.9448632597923279,0.5770485401153564,0.889453113079071,0.7318215370178223,0.8910317951277604,0.8892422376355835,0.8891586761546323
637,0.9432812333106995,0.5801365971565247,0.8903124928474426,0.7346034049987793,0.8923965483281472,0.8897707482029391,0.8899593501735644
638,0.9447656273841858,0.5754340291023254,0.8909375071525574,0.7270568609237671,0.892697505827849,0.8904103135694665,0.8905216582790378
639,0.9452539086341858,0.5738651156425476,0.8902343511581421,0.7228853106498718,0.892411996802331,0.8898010932518772,0.8898920482153503
640,0.9449414014816284,0.5765931606292725,0.8942187428474426,0.7187456488609314,0.8961532512578485,0.8937140808462638,0.8938778037437755
641,0.94677734375,0.576798141002655,0.8905468583106995,0.719016432762146,0.8927619033794532,0.8901904288424836,0.8902979019547312
642,0.9480664134025574,0.569071888923645,0.895312488079071,0.7095558047294617,0.8978222564200098,0.8949422150747228,0.8949970128005302
643,0.9483984112739563,0.566301167011261,0.8926562666893005,0.7086367607116699,0.8949655723813719,0.8923559131881521,0.8924570514384514
644,0.9488672018051147,0.5633490085601807,0.8957812786102295,0.7138118147850037,0.897818664412998,0.8954837878163336,0.895598162694905
645,0.947949230670929,0.5663489699363708,0.893359363079071,0.7116949558258057,0.8957982365773092,0.8927599132160662,0.8929796940213627
646,0.9463281035423279,0.5743985772132874,0.8951562643051147,0.7053255438804626,0.8974409112490562,0.8946116025857047,0.8948354269919465
647,0.9469335675239563,0.573101282119751,0.8946874737739563,0.7093088030815125,0.8970768817033739,0.8942636518016918,0.8944193414590458
648,0.9465429782867432,0.5697645545005798,0.8966405987739563,0.7084263563156128,0.8982939389691555,0.8963361713896312,0.8963043839358205
649,0.9467968940734863,0.5717378854751587,0.8961718678474426,0.7110276818275452,0.898214939242656,0.8960281306449417,0.8959769100791397
650,0.9474413990974426,0.5688086152076721,0.8978124856948853,0.7062143683433533,0.8994347008733453,0.8974250349780319,0.8974729196233276
651,0.9458789229393005,0.5713427662849426,0.8921093940734863,0.7174291014671326,0.8938262026461604,0.891964498350301,0.8918090898519883
652,0.9455859661102295,0.5734870433807373,0.8903124928474426,0.7177659869194031,0.8919999895706434,0.889898112499763,0.889949766015864
653,0.9453710913658142,0.5744810700416565,0.8955468535423279,0.7197628021240234,0.897119458682592,0.8951532904981605,0.8952269314078856
654,0.9467187523841858,0.5684117674827576,0.8942187428474426,0.7145586609840393,0.8962534669445512,0.8937586883882789,0.8938151771683696
655,0.9458984136581421,0.5740945339202881,0.8928124904632568,0.7138298749923706,0.8945211550367884,0.8925439980876155,0.8925289137004478
656,0.9449414014816284,0.5782276391983032,0.8908593654632568,0.7257660031318665,0.8928659351410887,0.8903514338550087,0.8905249772683279
657,0.9461328387260437,0.5719266533851624,0.8951562643051147,0.711147665977478,0.8969352451046204,0.8949095836412408,0.8948964903455419
658,0.9476757645606995,0.5668596029281616,0.8934375047683716,0.7168678045272827,0.895261716342747,0.8931954893398563,0.8932320388069496
659,0.9465625286102295,0.5694940090179443,0.8920312523841858,0.7175102829933167,0.8936459311700379,0.8917264477240314,0.8917024982519623
660,0.9493359327316284,0.5618669390678406,0.89453125,0.7077599167823792,0.8967936230254788,0.8940461434541884,0.8940859552168104
661,0.9474804401397705,0.5669671893119812,0.8914843797683716,0.7101710438728333,0.893519902331933,0.8910763884961139,0.8911058732854579
662,0.9480859637260437,0.5662791728973389,0.8959375023841858,0.7097280621528625,0.8980982272989014,0.8955877178585322,0.8956809585191023
663,0.9470117092132568,0.5722104907035828,0.8954687714576721,0.7071850299835205,0.8975241331233887,0.8951315927599685,0.8952886357631026
664,0.9450976848602295,0.5721099376678467,0.8921874761581421,0.7179523706436157,0.8939068715779427,0.8917929468337846,0.8917791827849695
665,0.9466211199760437,0.5709612369537354,0.8935156464576721,0.7199270725250244,0.8953190238238302,0.8932041099764472,0.8932109894676035
666,0.947070300579071,0.5685064196586609,0.8939062356948853,0.7176410555839539,0.8954289642742636,0.8935730978951915,0.8935876927132148
667,0.9466797113418579,0.567838191986084,0.8922656178474426,0.7158569097518921,0.8945183244322945,0.8919593154114688,0.8919198534087497
668,0.946972668170929,0.5700598955154419,0.8955468535423279,0.7179924845695496,0.8972801695820624,0.8952694525105815,0.8953439279940618
669,0.9468163847923279,0.5713889002799988,0.891796886920929,0.7137351036071777,0.8938289723318764,0.8916423565463525,0.8915786954726519
670,0.9467968940734863,0.5691409111022949,0.893359363079071,0.7111508846282959,0.8950105916580917,0.8931042009107029,0.8930910752281135
671,0.9474999904632568,0.56589275598526,0.8931249976158142,0.7112458944320679,0.8946408054682422,0.8926927121993702,0.8927015894361465
672,0.9501171708106995,0.5599707961082458,0.8919531106948853,0.7188165783882141,0.8936897039209933,0.8915609473341085,0.8916791357580934
673,0.9507421851158142,0.5580413937568665,0.8983593583106995,0.7061340808868408,0.9002704891449567,0.8980546393583889,0.8981235393161223
674,0.94970703125,0.5606528520584106,0.8979687690734863,0.7013102769851685,0.9000241424536483,0.8977518295028428,0.8978515734822431
675,0.9484179615974426,0.561862587928772,0.8947656154632568,0.7070804834365845,0.8966254994004794,0.894567323644545,0.8944649892708101
676,0.9473632574081421,0.5649436116218567,0.8948437571525574,0.7125627994537354,0.8967130856150909,0.8947874717816952,0.8946837506929914
677,0.9485546946525574,0.5626428723335266,0.8956249952316284,0.7045195698738098,0.8975986682305042,0.8953924527316153,0.895403197624727
678,0.9487109184265137,0.562290608882904,0.8928906321525574,0.7070249915122986,0.8952233601882409,0.892662050355431,0.8927191476639704
679,0.9464452862739563,0.5699331760406494,0.8935156464576721,0.7179649472236633,0.8954609238814224,0.8933570188173925,0.8933859462133503
680,0.9473046660423279,0.5674652457237244,0.8919531106948853,0.7190759778022766,0.8936673958371855,0.8915609870608746,0.8916264535807303
681,0.9456640481948853,0.5712188482284546,0.8902343511581421,0.7223116159439087,0.8925213815514027,0.8901123034433738,0.8901171303797049
682,0.9456250071525574,0.5693793296813965,0.8932031393051147,0.7140288352966309,0.8955798012656925,0.8930138289186258,0.8930426581283919
683,0.9447070360183716,0.5726409554481506,0.8942968845367432,0.715308666229248,0.8963450152888941,0.893967248345358,0.8939876946934098
684,0.949511706829071,0.5616137981414795,0.8954687714576721,0.7130605578422546,0.897504443379999,0.8951812113192243,0.8952183670767735
685,0.9497656226158142,0.5581123232841492,0.891796886920929,0.7130823731422424,0.8944049277023315,0.89155015661303,0.8917089303279284
686,0.9488086104393005,0.5620284080505371,0.8955468535423279,0.7153360843658447,0.8975476736117999,0.8952712111467448,0.8953047510384482
687,0.9467577934265137,0.5691536068916321,0.8935937285423279,0.7229777574539185,0.8955749845192957,0.8934248583242077,0.8934549418381681
688,0.9479882717132568,0.5647549629211426,0.892578125,0.725788414478302,0.8948593797098685,0.8924855304198664,0.8925288325079741
689,0.9461523294448853,0.5687848925590515,0.8905468583106995,0.7250849008560181,0.8925749885467014,0.8902536776178339,0.8903965004360157
690,0.9448046684265137,0.5731247067451477,0.888671875,0.7285723090171814,0.8913272186104655,0.8882352757803454,0.8883831530416818
691,0.9466406106948853,0.56679767370224,0.8913280963897705,0.7221933603286743,0.8937130094266629,0.8909968984450001,0.891201881452426
692,0.9457421898841858,0.5693514943122864,0.8935156464576721,0.7180336713790894,0.8957487457169138,0.893237176905564,0.8933157803266247
693,0.9497656226158142,0.561647355556488,0.8956249952316284,0.7062413096427917,0.8975568652787813,0.8951785220579014,0.8952125461740481
694,0.9481835961341858,0.5646241307258606,0.8941406011581421,0.7090747952461243,0.8964475849351063,0.8936118352361155,0.8938254431049366
695,0.9500585794448853,0.5562611818313599,0.8974999785423279,0.7017506957054138,0.8995961796548368,0.8971751055062098,0.8972892413936022
696,0.9491015672683716,0.5618695616722107,0.8949218988418579,0.7106189727783203,0.8972265473079514,0.8946445065990025,0.8947819479471639
697,0.9489843845367432,0.5582738518714905,0.8932812213897705,0.7119346857070923,0.8951818180461869,0.892947412595857,0.8929220888796056
698,0.9461328387260437,0.5700547695159912,0.8930468559265137,0.7174238562583923,0.8948323940951187,0.8926506917292084,0.8927875572641467
699,0.947949230670929,0.5621083974838257,0.8904687762260437,0.7228285074234009,0.8929853284741762,0.8900775814488303,0.8902876253714789
700,0.9474218487739563,0.5634756684303284,0.8971874713897705,0.7097143530845642,0.8988735132764358,0.8967957527530976,0.8969423079640646
701,0.9470508098602295,0.5633832812309265,0.8913280963897705,0.7130168080329895,0.8933998263840537,0.8912270006282421,0.8911367841261711
702,0.94970703125,0.5603633522987366,0.8910156488418579,0.7176096439361572,0.8929270155357707,0.8905722108263647,0.8906902099555908
703,0.9491991996765137,0.561260461807251,0.8921874761581421,0.7158836126327515,0.8937871905755684,0.8919842682619603,0.8918635559323466
704,0.9478515386581421,0.5660573840141296,0.8946093916893005,0.7118983268737793,0.8963919848465172,0.8943916972132286,0.8944174511221326
705,0.9486718773841858,0.559856116771698,0.8939062356948853,0.715010404586792,0.8963478243065968,0.8937888624493637,0.8938341777804395
706,0.9472265839576721,0.5654168128967285,0.8913280963897705,0.7189835906028748,0.8933170349804738,0.8911825376022247,0.8912157927143698
707,0.950390636920929,0.5581634640693665,0.8892187476158142,0.7274208068847656,0.8915054228174556,0.8890846382911434,0.8891026325728437
708,0.9497265815734863,0.5580930113792419,0.8922656178474426,0.7211006879806519,0.8940988192238372,0.8919930741149261,0.8919880095774354
709,0.9470508098602295,0.5652071237564087,0.8936718702316284,0.7134563326835632,0.895327840199794,0.8937300237429864,0.8935640260939929
710,0.9488281011581421,0.5624117255210876,0.8987500071525574,0.7027261257171631,0.9009865185838832,0.8984112124138706,0.8985811996405486
711,0.9476562738418579,0.5620825290679932,0.8926562666893005,0.711182713508606,0.8946037111422322,0.8922867353260524,0.8924009560521527
712,0.9487109184265137,0.5583009123802185,0.8962500095367432,0.708702564239502,0.8981749588935644,0.8960209534889951,0.8961621634174575
713,0.9494726657867432,0.5583502054214478,0.8947656154632568,0.7148892879486084,0.896770443249862,0.8945207386846475,0.8945612942963626
714,0.9491406083106995,0.5616686344146729,0.8958593606948853,0.7049083709716797,0.8981344843177196,0.8954449154854819,0.8955234415942088
715,0.9472460746765137,0.5650243163108826,0.8967968821525574,0.7056220769882202,0.8986579261096493,0.8963873237887958,0.8965812657640386
716,0.9469921588897705,0.5651402473449707,0.8912500143051147,0.7194671034812927,0.8929482760698229,0.8907655962128289,0.8909192004220148
717,0.9485937356948853,0.5603511929512024,0.8949999809265137,0.7107197046279907,0.8969864447888893,0.8944981130395884,0.8946734759207079
718,0.9495508074760437,0.5567754507064819,0.8955468535423279,0.7085357904434204,0.8971314940631989,0.8952971727592168,0.8952471455448556
719,0.9506445527076721,0.5566906929016113,0.893359363079071,0.7168006300926208,0.8951163650865681,0.8928727096716108,0.8930170700511195
720,0.9496093988418579,0.5561264157295227,0.8895312547683716,0.7256543636322021,0.8911432258714386,0.8894046114210242,0.8892860035969344
721,0.9486523270606995,0.5615535378456116,0.8901562690734863,0.7225087881088257,0.8923118999860571,0.8898695215165645,0.8898779698733209
722,0.9483984112739563,0.5639947056770325,0.8932812213897705,0.7132254838943481,0.8950185500939297,0.89284427618935,0.8929628283086575
723,0.9500781297683716,0.5568640232086182,0.8929687738418579,0.7040418386459351,0.89503234953661,0.8927719542958554,0.892873242991894
724,0.9484179615974426,0.5622748136520386,0.8946093916893005,0.7113577127456665,0.8967094706828926,0.8943272857726507,0.8943720390247523
725,0.9452343583106995,0.5698875188827515,0.8910156488418579,0.7208114862442017,0.8930173602077793,0.8906706135629524,0.8906339814276508
726,0.9474023580551147,0.5638473629951477,0.8922656178474426,0.7185816168785095,0.8938435613796394,0.8920051685457216,0.8919500884808715
727,0.9503515362739563,0.5553076863288879,0.8892187476158142,0.7186688780784607,0.8908046580028391,0.8888663176310524,0.8889279861215738
728,0.9508203268051147,0.5549222826957703,0.8944531083106995,0.7081170082092285,0.8963661769748087,0.8941378958205294,0.8942413801110669
729,0.9462890625,0.5691866874694824,0.8956249952316284,0.710955798625946,0.8976487285976802,0.8952396765593333,0.8953701335839266
730,0.9493945240974426,0.5585212111473083,0.8946874737739563,0.7142874002456665,0.896946933675937,0.89429183410088,0.8943961047620954
731,0.9495312571525574,0.5604411959648132,0.8895312547683716,0.7197522521018982,0.8914450066547297,0.8890484856970644,0.8892064121459227
732,0.9492383003234863,0.5568121075630188,0.8905468583106995,0.7195756435394287,0.8923685865996899,0.8900860171003661,0.8902467652825496
733,0.9491211175918579,0.5588289499282837,0.8935156464576721,0.7169888019561768,0.8956600029957813,0.8930492703761066,0.8931946410697303
734,0.9495312571525574,0.5563386678695679,0.8931249976158142,0.7138760089874268,0.8950008757332546,0.892738376554849,0.8927587774980246
735,0.9499413967132568,0.556053638458252,0.8904687762260437,0.715812087059021,0.8921418468594318,0.8899576794067134,0.890025203815803
736,0.9479296803474426,0.5625972151756287,0.8905468583106995,0.7142860293388367,0.8926512396523102,0.8902543628438859,0.8902651610963885
737,0.9477734565734863,0.5642752647399902,0.8946093916893005,0.7083225250244141,0.8964945965214022,0.8942005131956472,0.8943072813891435
738,0.9483203291893005,0.5654276013374329,0.8901562690734863,0.721722424030304,0.8925230802800115,0.8899520906667615,0.88995309816265
739,0.9474218487739563,0.5639315247535706,0.8943750262260437,0.7121354937553406,0.8964722263259364,0.8938669022503458,0.8939916574661165
740,0.9485546946525574,0.5631288886070251,0.8948437571525574,0.7107151746749878,0.8964666498334353,0.8944987222251314,0.89455480603905
741,0.9486718773841858,0.5617991089820862,0.8889062404632568,0.7220584750175476,0.8910079976729184,0.8885542320270674,0.8886615659638308
742,0.9493554830551147,0.5569849610328674,0.8935937285423279,0.7057054042816162,0.8951301425996169,0.8932873714470925,0.8933021966547734
743,0.9479296803474426,0.5626564621925354,0.8951562643051147,0.7102160453796387,0.8967005536487995,0.8949738435398376,0.895049964124524
744,0.95166015625,0.5503981709480286,0.8905468583106995,0.7193478345870972,0.8921890789456675,0.8902628239348399,0.8904418184476537
745,0.9516797065734863,0.5505954623222351,0.895703136920929,0.6934534311294556,0.8973041891219209,0.8954340704325263,0.8954418721720336
746,0.9513866901397705,0.5503990650177002,0.8967968821525574,0.696726381778717,0.8982901801751939,0.8966077277713015,0.8965927958602656
747,0.9514062404632568,0.5520008206367493,0.8913280963897705,0.7097991704940796,0.8932299701141501,0.8909709210458303,0.891139852655088
748,0.9482031464576721,0.5614081025123596,0.8896093964576721,0.7129814028739929,0.8915092376265379,0.8891792303308006,0.8892705877531664
749,0.9463086128234863,0.5647827386856079,0.8916406035423279,0.7161136865615845,0.8939081725385546,0.8915437136929351,0.8915352673718941
750,0.94775390625,0.5632889270782471,0.8915625214576721,0.7233200669288635,0.8932603817841799,0.8911898887796172,0.8912173975340651
751,0.9475976824760437,0.5627011060714722,0.8885937333106995,0.7251793146133423,0.8903140827812599,0.8883055066619563,0.8882263907328822
752,0.9478320479393005,0.5642542839050293,0.8917187452316284,0.7135508060455322,0.8932690358616096,0.89146740758269,0.8914388540195608
753,0.9469335675239563,0.5641329288482666,0.8931249976158142,0.7099265456199646,0.895009190593403,0.8928064569709098,0.8927841475381706
754,0.9498046636581421,0.5563719272613525,0.8928124904632568,0.7147690057754517,0.894918659136138,0.8924534236705135,0.892533054283395
755,0.9508593678474426,0.5531157851219177,0.890625,0.7104182243347168,0.8921602219036878,0.8901412192623489,0.8901878319350081
756,0.9499218463897705,0.5588446259498596,0.8926562666893005,0.7240104079246521,0.8942515275625965,0.892571378933048,0.8924732299191336
757,0.9508984088897705,0.5517087578773499,0.8916406035423279,0.7101312875747681,0.8937014153143099,0.8913827409412594,0.8914650055337046
758,0.9514453411102295,0.5519095659255981,0.8924219012260437,0.7121683359146118,0.8941820268712909,0.8920984293379597,0.8921765137788078
759,0.951464831829071,0.5532041788101196,0.8923437595367432,0.7083784341812134,0.8942111416417903,0.8922105252570967,0.8922915309328754
760,0.9490820169448853,0.5577459931373596,0.8927343487739563,0.7130982279777527,0.8944744768658428,0.8925345245642428,0.8924718385793051
761,0.9496093988418579,0.55366450548172,0.8932031393051147,0.707974910736084,0.8948281030264726,0.892719466277935,0.8928088114429009
762,0.949999988079071,0.5565512180328369,0.8916406035423279,0.7142608761787415,0.8936274982893909,0.8912035788324391,0.891325676996469
763,0.9481835961341858,0.5591623187065125,0.8924219012260437,0.7186415195465088,0.8941509595851556,0.8923443601655847,0.8922811379342466
764,0.9500976800918579,0.5547910928726196,0.8916406035423279,0.7149331569671631,0.8935902084657419,0.8912004701351934,0.8913134312751411
765,0.9513280987739563,0.5491758584976196,0.8918750286102295,0.7080238461494446,0.8936509871513134,0.8917654639566267,0.8917494003354041
766,0.9507421851158142,0.5535707473754883,0.8920312523841858,0.7146777510643005,0.8940915158715309,0.8916908391229234,0.8917909878500787
767,0.9494726657867432,0.55679851770401,0.8935156464576721,0.7059666514396667,0.8953571466996946,0.8933369919303316,0.8933904930759675
768,0.948437511920929,0.5562283992767334,0.8939062356948853,0.7055813074111938,0.8962917526848247,0.8937416150838331,0.8938644320363844
769,0.9490429759025574,0.5572038888931274,0.8941406011581421,0.7053202986717224,0.8957990122637276,0.8940130540323663,0.8939933166907859
770,0.9493359327316284,0.5544875860214233,0.8985156416893005,0.6929170489311218,0.9002950275792667,0.8983590597167828,0.8983742187735826
771,0.949414074420929,0.5585122108459473,0.8944531083106995,0.7109284996986389,0.8965452011583248,0.8943261642292366,0.894277024767782
772,0.9516797065734863,0.5534667372703552,0.8942968845367432,0.7031749486923218,0.8961125615754324,0.8938110028394511,0.8939069572138033
773,0.9482617378234863,0.5562685132026672,0.8978124856948853,0.7022255063056946,0.8994875654238883,0.8975172176120205,0.8975107564756173
774,0.9503124952316284,0.5535705089569092,0.8960937261581421,0.7048903107643127,0.8979083362287821,0.8960175255708742,0.8959960157318339
775,0.9500976800918579,0.5553236603736877,0.8955468535423279,0.7128167748451233,0.8973810751071412,0.8953878070090482,0.8952868795465951
776,0.949511706829071,0.5554249286651611,0.8921093940734863,0.7191144824028015,0.8936932005700499,0.8918048546252204,0.8917851902717817
777,0.9486914277076721,0.5567471981048584,0.8949218988418579,0.7046841382980347,0.8968292477133883,0.8946501688546986,0.8946441060283326
778,0.9498828053474426,0.5539776086807251,0.8949999809265137,0.6974998712539673,0.8967332301552423,0.8949220991803938,0.8948412094125098
779,0.9498242139816284,0.5528813004493713,0.8909375071525574,0.7192857265472412,0.8931159279067076,0.8908597560929827,0.8908605214232084
780,0.948535144329071,0.5553716421127319,0.8960156440734863,0.7102268934249878,0.8982508543356882,0.8957193599264055,0.8957994556391828
781,0.9502734541893005,0.5533741116523743,0.8934375047683716,0.7181202173233032,0.8953796867466471,0.8930493005898619,0.8929822884936156
782,0.9510937333106995,0.551707923412323,0.8958593606948853,0.7051966786384583,0.8977113648619556,0.8956724593634076,0.8956281781501707
783,0.9535742402076721,0.5460768342018127,0.895703136920929,0.7007607817649841,0.8975370633005415,0.8955164725401923,0.8955412839350023
784,0.9508593678474426,0.5513994097709656,0.8951562643051147,0.7104597687721252,0.8968351069961347,0.894967642550395,0.8948850024530303
785,0.9495508074760437,0.5534070134162903,0.8958593606948853,0.7050741314888,0.8974258799549384,0.8956584854022209,0.8955365900266744
786,0.9506640434265137,0.5532618761062622,0.8954687714576721,0.7040933966636658,0.8971521985038483,0.8953293609119644,0.8952849435642289
787,0.9501953125,0.5549411773681641,0.8910156488418579,0.7140313982963562,0.8927898932454674,0.8905463482802481,0.8906042415759294
788,0.9498632550239563,0.5571936964988708,0.8921093940734863,0.7052867412567139,0.893614887555422,0.8920279718678024,0.8919103617796651
789,0.948535144329071,0.5560176372528076,0.892578125,0.7136112451553345,0.8941298319416235,0.8923122392168286,0.8923079501551581
790,0.9488476514816284,0.5556042194366455,0.8950781226158142,0.7007325887680054,0.8968442936394893,0.8947298287302863,0.8947919419676917
791,0.9493945240974426,0.5555741786956787,0.8946874737739563,0.7041512131690979,0.8964826954472023,0.8943595918167982,0.89435418983306
792,0.9500781297683716,0.5547203421592712,0.8913280963897705,0.7158327698707581,0.8931138512707435,0.8911210423933476,0.891118357493438
793,0.9501757621765137,0.553170919418335,0.8952343463897705,0.7067713737487793,0.8968359480647929,0.8949565278833148,0.8949546324906669
794,0.951464831829071,0.5514721274375916,0.8936718702316284,0.70952308177948,0.8956553934458135,0.8934922220089005,0.8934350536837097
795,0.9529687762260437,0.5477310419082642,0.8971874713897705,0.7081029415130615,0.8987415675523545,0.8971029881614655,0.8968649417244832
796,0.9507421851158142,0.5499770045280457,0.8940625190734863,0.7090062499046326,0.8955006202136102,0.8937701106097473,0.8937419324042888
797,0.9500976800918579,0.5513145923614502,0.8932031393051147,0.7097022533416748,0.8949845655245657,0.8929111104157048,0.8929936460669077
798,0.9515234231948853,0.550727903842926,0.8923437595367432,0.714141845703125,0.8939295980032502,0.8921899295147164,0.8921215478974389
799,0.9478710889816284,0.5620114207267761,0.891406238079071,0.7116604447364807,0.8927831208827527,0.8911311719154944,0.8911277185054427
800,0.9469140768051147,0.564644992351532,0.895312488079071,0.7043121457099915,0.8966087039849426,0.8951174031599229,0.8949924926822042
801,0.9482031464576721,0.5607010722160339,0.8928906321525574,0.7142480611801147,0.8945393906186176,0.892702405516682,0.8926232472363582
802,0.947460949420929,0.5613519549369812,0.8903124928474426,0.7098408341407776,0.8920174469431316,0.8900802546023778,0.8899986232976581
803,0.9494531154632568,0.5566201210021973,0.89453125,0.708039402961731,0.8962561718768685,0.8940797755873249,0.894215271930491
804,0.9518163800239563,0.5506637692451477,0.8928906321525574,0.7186468243598938,0.8945372059133243,0.8925777547448904,0.8924636768367427
805,0.9509179592132568,0.5483468770980835,0.8957812786102295,0.7050544619560242,0.8975478787010754,0.8955450008946255,0.8955892728317103
806,0.9505664110183716,0.5496026873588562,0.8940625190734863,0.7129996418952942,0.8953679369894794,0.8939334362054451,0.8939112090846287
807,0.9514843821525574,0.5477912425994873,0.89453125,0.705639123916626,0.8960928181798796,0.894294976565333,0.894245291450077
808,0.9522656202316284,0.5453230738639832,0.8921093940734863,0.7061948180198669,0.8940162944632596,0.8918635565761317,0.8919007905281013
809,0.9503320455551147,0.5510783195495605,0.8910937309265137,0.7117612957954407,0.8924678711138327,0.8906351938639251,0.8906924274070372
810,0.9525195360183716,0.5424034595489502,0.8920312523841858,0.7061609625816345,0.8935554361929233,0.8918292350890843,0.8917266163674799
811,0.9497851729393005,0.5524812340736389,0.8944531083106995,0.7081055641174316,0.8960389396491362,0.8943259435716262,0.8941222767637013
812,0.9502539038658142,0.5476753115653992,0.8951562643051147,0.6992803812026978,0.8968931862538163,0.8947311813827079,0.8948877169541869
813,0.9525976777076721,0.543964684009552,0.8948437571525574,0.7028269171714783,0.8968448058070086,0.8945412085918648,0.8945212136324697
814,0.950488269329071,0.5535130500793457,0.8940625190734863,0.7050604224205017,0.8960743094106933,0.8935748553668168,0.8937049019867921
815,0.9525585770606995,0.5452744364738464,0.8921093940734863,0.7150311470031738,0.8939274583157268,0.8915917923031571,0.8916321644851586
816,0.9511132836341858,0.5470983386039734,0.8950781226158142,0.7126829028129578,0.8967205522557584,0.8947583580067919,0.894787375486394
817,0.9527929425239563,0.545281171798706,0.8949218988418579,0.7022039294242859,0.8965309124720726,0.8947425862213295,0.8946540045790222
818,0.95263671875,0.5452396869659424,0.8951562643051147,0.7089660167694092,0.8971246664168266,0.8949783273532776,0.8949668364233145
819,0.9517187476158142,0.5427607893943787,0.8935937285423279,0.7049852013587952,0.8956027704235898,0.8934879333662733,0.8934380807975192
820,0.9507812261581421,0.5451667308807373,0.8910156488418579,0.7171687483787537,0.8930903005479081,0.8906861544098585,0.8908040589609408
821,0.9504492282867432,0.548184335231781,0.8995312452316284,0.6992707848548889,0.9014476663203477,0.8993342079683991,0.8994158226707352
822,0.9533789157867432,0.5416419506072998,0.8963281512260437,0.6997358798980713,0.8983230635287162,0.8960119924907424,0.8960697270554009
823,0.9527343511581421,0.5420938730239868,0.8957812786102295,0.7091600894927979,0.8977017754106,0.8953956609483886,0.8954852056544523
824,0.9499218463897705,0.5482487678527832,0.8932812213897705,0.6978223323822021,0.8951432450241072,0.8931411827750608,0.8930874148669454
825,0.9498437643051147,0.5492759346961975,0.8885156512260437,0.7129162549972534,0.8902572474708667,0.8883400642153334,0.8883445780839001
826,0.9507617354393005,0.5504767894744873,0.8907812237739563,0.7131356596946716,0.8925124705987717,0.8904384339239204,0.8904715503213502
827,0.9483007788658142,0.5559451580047607,0.8965625166893005,0.7039386630058289,0.898314989393152,0.8962624646290791,0.8963450031782713
828,0.9493945240974426,0.5541627407073975,0.8957812786102295,0.7064436078071594,0.8974341357542698,0.8954916789921898,0.8955263544164744
829,0.9492577910423279,0.5546463131904602,0.8934375047683716,0.7120758891105652,0.8954286647478531,0.8929835565274309,0.8930416406770665
830,0.9506445527076721,0.5501156449317932,0.89453125,0.7059348225593567,0.8963065052646462,0.8944313274122901,0.8943617927693899
831,0.9512890577316284,0.550382673740387,0.8931249976158142,0.7161048054695129,0.8948704563375599,0.892660008495735,0.8927640480220347
832,0.9493749737739563,0.5560443997383118,0.893359363079071,0.7081018090248108,0.8949011407188763,0.8929707134447408,0.8930350736521164
833,0.9516406059265137,0.5475788712501526,0.9017187356948853,0.6909485459327698,0.9037121853018636,0.9014674313037897,0.9014435086082807
834,0.9532226324081421,0.5437582731246948,0.8928124904632568,0.706581711769104,0.8948475815053877,0.8924529176330773,0.8924910592005352
835,0.952441394329071,0.5449423789978027,0.8939062356948853,0.7063743472099304,0.8961313009009133,0.893498702936562,0.8935716999936758
836,0.9533593654632568,0.5392987728118896,0.8946874737739563,0.7080197930335999,0.8962064192092882,0.8944694407946803,0.8943330926777016
837,0.9504296779632568,0.54715895652771,0.8935937285423279,0.7115840315818787,0.8952642586765256,0.893305372717091,0.8932499192054499
838,0.9508398175239563,0.5485106706619263,0.8905468583106995,0.7120140194892883,0.8922332274359389,0.8901179027337137,0.8901710239785899
839,0.9522460699081421,0.5426492094993591,0.8944531083106995,0.7052534222602844,0.8961289446237798,0.8940068173908491,0.8940969082887633
840,0.9495898485183716,0.5528852343559265,0.8922656178474426,0.711500346660614,0.8939031556595496,0.8918988333794574,0.8919397838222538
841,0.9523046612739563,0.5436594486236572,0.8928906321525574,0.70862877368927,0.8948108646761403,0.8924499760574791,0.8925287697603392
842,0.9531835913658142,0.5428733229637146,0.8941406011581421,0.711411714553833,0.8957785352743788,0.8936463725713715,0.8937275175472277
843,0.9502734541893005,0.5492990612983704,0.895312488079071,0.7115424275398254,0.8969194358596408,0.8949289356439463,0.8948707118949162
844,0.9498046636581421,0.5495083332061768,0.8917187452316284,0.7204742431640625,0.8937508423676696,0.8911811535631651,0.891257893921986
845,0.9500195384025574,0.5536277294158936,0.8910156488418579,0.7154749035835266,0.8927237356116484,0.8906042127963969,0.8905613582034089
846,0.9501757621765137,0.549246609210968,0.8957812786102295,0.7012632489204407,0.8974423935925849,0.8956135518233279,0.8954730105921715
847,0.9515234231948853,0.5463129281997681,0.8939843773841858,0.7039816975593567,0.8954449995379143,0.8937638592998921,0.8936744148701197
848,0.9508007764816284,0.5473645329475403,0.8931249976158142,0.7120660543441772,0.8948279871384552,0.8929104121141119,0.8928395325733121
849,0.9519726634025574,0.5458157062530518,0.8970312476158142,0.6999463438987732,0.8986940092861102,0.8967089888481384,0.8967348595399294
850,0.9515039324760437,0.5444433093070984,0.8940625190734863,0.707383930683136,0.8955127976883583,0.8936197882776447,0.8936970671499739
851,0.9512890577316284,0.5456886887550354,0.8949218988418579,0.6974625587463379,0.8965112166028777,0.8946003934065102,0.89466483054569
852,0.9486914277076721,0.5524110198020935,0.892578125,0.7094301581382751,0.8942631420896305,0.8922646549589195,0.8923214261002541
853,0.9507421851158142,0.5489115715026855,0.8968750238418579,0.6990333795547485,0.8984477350045046,0.8967777048071981,0.8966100289136673
854,0.9526757597923279,0.5443517565727234,0.895312488079071,0.6984784603118896,0.8968456666047315,0.8950174777963573,0.8950832008982412
855,0.9501367211341858,0.5512101054191589,0.8946874737739563,0.7021279335021973,0.8960601775833918,0.8945006301790933,0.89446285662819
856,0.9492577910423279,0.5517134666442871,0.8919531106948853,0.7107411026954651,0.8938265373879801,0.8918244296925298,0.8917680354962076
857,0.9506250023841858,0.5476803183555603,0.8924219012260437,0.7090426683425903,0.8939932598756195,0.892141685063373,0.8921956081643394
858,0.9517187476158142,0.5498331189155579,0.8914843797683716,0.7136135697364807,0.8929117978753284,0.8912509724081807,0.8912790080850268
859,0.94970703125,0.5505102276802063,0.8954687714576721,0.7029505968093872,0.8970487541353167,0.8952599465597151,0.895240176529082
860,0.9506640434265137,0.5488846302032471,0.8939843773841858,0.7057822346687317,0.8956104591111331,0.8936313402688145,0.8936166869806674
861,0.9505273699760437,0.5461448431015015,0.8956249952316284,0.7074849009513855,0.897382569721596,0.8952103143209352,0.8952530424778369
862,0.9541211128234863,0.5390531420707703,0.893359363079071,0.7102540731430054,0.8947238893768021,0.8930727290461192,0.8929051058256025
863,0.953417956829071,0.5369085669517517,0.8929687738418579,0.7016118764877319,0.8950953481780753,0.8925260722857444,0.8925944698158967
864,0.9522070288658142,0.5426549911499023,0.8927343487739563,0.7145624756813049,0.8948536017163264,0.8923449623945752,0.89248336596475
865,0.9506640434265137,0.5471354126930237,0.8946874737739563,0.7061876654624939,0.896549072835096,0.8942564118228509,0.894444719520742
866,0.9531640410423279,0.5434042811393738,0.8949218988418579,0.6992341876029968,0.8966160157367191,0.8945206473106495,0.8946940163408557
867,0.953125,0.5399015545845032,0.8932812213897705,0.7083728313446045,0.8948950672458629,0.8928284819056015,0.8929330600558691
868,0.9533398151397705,0.540036141872406,0.8939062356948853,0.7110137939453125,0.8956624965292219,0.8933506808410896,0.8933752330517142
869,0.9507617354393005,0.5455424785614014,0.8969531059265137,0.7010952234268188,0.8981675202631783,0.8965803402485035,0.8965332460670405
870,0.949902355670929,0.5474945306777954,0.8971874713897705,0.6987964510917664,0.8987900282930354,0.8967929765427841,0.8968592734544214
871,0.9526757597923279,0.540757954120636,0.8953906297683716,0.70746910572052,0.8976817510428465,0.8952230855170106,0.8952561284920167
872,0.95166015625,0.541860044002533,0.8936718702316284,0.7062622308731079,0.8954295818704687,0.8932565980839152,0.8932364123882826
873,0.9513280987739563,0.5452550053596497,0.8926562666893005,0.7070165276527405,0.8945553309597407,0.8922391483704111,0.8922268579919168
874,0.9531640410423279,0.5403445363044739,0.8899219036102295,0.7127416133880615,0.8918494162035439,0.8894261755368761,0.889503887957414
875,0.9519922137260437,0.5452726483345032,0.8914843797683716,0.7187397480010986,0.8932894257495827,0.8913545223912765,0.8912677579874391
876,0.951855480670929,0.543248176574707,0.8939062356948853,0.7079062461853027,0.8952912158235222,0.8935442448012401,0.8934561822037095
877,0.9526562690734863,0.540727972984314,0.8935937285423279,0.7073819637298584,0.8954036008369493,0.8932155932140275,0.8932985202028335
878,0.9533007740974426,0.5409259796142578,0.8959375023841858,0.6970632076263428,0.8981779065360533,0.895636289172585,0.8955732393746507
879,0.9511328339576721,0.5431631803512573,0.8943750262260437,0.7015373110771179,0.8961493483898901,0.8939897024944751,0.8940244298671318
880,0.9510742425918579,0.5431931018829346,0.8918750286102295,0.7134144306182861,0.8932528146267114,0.8913071335714072,0.8912948897605553
881,0.9514257907867432,0.5417247414588928,0.8952343463897705,0.7023271918296814,0.8967875057086057,0.8948753192705163,0.894841929493742
882,0.9516406059265137,0.5450860857963562,0.8934375047683716,0.7055628299713135,0.8951363985321348,0.8932425929118565,0.8931200973036284
883,0.9488476514816284,0.5507605671882629,0.892578125,0.7083390951156616,0.8940073366248944,0.8923406150843128,0.8922325913580027
884,0.9490820169448853,0.5522977113723755,0.8905468583106995,0.7181994915008545,0.8921311634788944,0.8902438837752953,0.8901710622715283
885,0.9514257907867432,0.5442920923233032,0.896484375,0.7033031582832336,0.8981507523228756,0.8961541640278325,0.8960665300224355
886,0.9531640410423279,0.5388494729995728,0.8946093916893005,0.700988233089447,0.8963147866649579,0.8943176094825804,0.8942155459977843
887,0.9525195360183716,0.5397273898124695,0.8931249976158142,0.7036737203598022,0.894464296465263,0.8927201360943977,0.8926158209330544
888,0.9549219012260437,0.5347347855567932,0.8934375047683716,0.7040346264839172,0.8948721033910403,0.8930435412408468,0.8930806122783111
889,0.9532226324081421,0.5378152132034302,0.8926562666893005,0.7036911845207214,0.8939049880479946,0.892346369666398,0.8922950314630209
890,0.9532226324081421,0.5346500873565674,0.8942968845367432,0.696429431438446,0.8957187696513714,0.8940446371855397,0.8940150471178364
891,0.9532617330551147,0.537710428237915,0.8919531106948853,0.7091501355171204,0.8938369531044814,0.8915721702860854,0.8916516968112586
892,0.9524023532867432,0.5389865040779114,0.8923437595367432,0.7061364054679871,0.8940737416107529,0.8920686278517838,0.8920314300422477
893,0.9508203268051147,0.5449519157409668,0.8936718702316284,0.7068412899971008,0.8952866625776997,0.8933054883330899,0.8933283101452003
894,0.95166015625,0.5419437289237976,0.8966405987739563,0.6966280937194824,0.8979753490373084,0.8963508698569478,0.8962465545864491
895,0.9508984088897705,0.5431925058364868,0.8943750262260437,0.7025498151779175,0.8959785591191121,0.8940781189523668,0.8940896610804967
896,0.9498242139816284,0.546858549118042,0.8914843797683716,0.7096555829048157,0.8930951843195927,0.8912892864321903,0.8911887764137515
897,0.9519336223602295,0.5426023006439209,0.8930468559265137,0.7071124315261841,0.8945767117878,0.8926009758929067,0.8925715158260294
898,0.9509961009025574,0.5434736013412476,0.8923437595367432,0.7171335816383362,0.8941370057012586,0.8920932007855129,0.8919787442296904
899,0.9491015672683716,0.5524559617042542,0.8891406059265137,0.724270224571228,0.890973453038172,0.8886585315500743,0.8886941447834391
900,0.9525390863418579,0.5417384505271912,0.8927343487739563,0.7028722167015076,0.8942895092375056,0.8924719696096488,0.8923900637528781
901,0.9539843797683716,0.5374224185943604,0.893750011920929,0.7102696895599365,0.8955191038936741,0.8935451623072963,0.8935535406071113
902,0.955273449420929,0.5330948829650879,0.8942968845367432,0.6985058784484863,0.8957700049597399,0.8942430552503817,0.894099071490778
903,0.954785168170929,0.5315985083580017,0.8961718678474426,0.7019989490509033,0.8977305670674383,0.8960064686190881,0.8959632806207866
904,0.9548046588897705,0.5322014093399048,0.8960937261581421,0.6984294056892395,0.8977563848889105,0.8958818651716579,0.8958347769365618
905,0.9501757621765137,0.5431929230690002,0.8932031393051147,0.7100410461425781,0.894861480433468,0.8926936973189303,0.8928043874439157
906,0.95361328125,0.5386298894882202,0.8947656154632568,0.7012376189231873,0.8964086178396565,0.8946435523422801,0.8946081054929964
907,0.9510742425918579,0.5437345504760742,0.8961718678474426,0.7032294273376465,0.8982198923161198,0.8959452770559628,0.895907345970444
908,0.9530859589576721,0.5375163555145264,0.8908593654632568,0.7052037119865417,0.8924653747958222,0.8903811612654067,0.8903120624242888
909,0.95361328125,0.5341045260429382,0.8939062356948853,0.7054725885391235,0.8952510644048061,0.8938043515754694,0.8936963611437466
910,0.95166015625,0.5426478981971741,0.8924999833106995,0.711707353591919,0.8941223642207564,0.8921392935372063,0.8920761975935828
911,0.9544922113418579,0.5354999303817749,0.890625,0.7065216302871704,0.8918412550520923,0.8903703564906669,0.8901861031683436
912,0.9538671970367432,0.53465336561203,0.8931249976158142,0.7088491916656494,0.8950143803994031,0.8928848082262137,0.8928401921787044
913,0.9536523222923279,0.5365302562713623,0.8868749737739563,0.7235338687896729,0.8893813471666101,0.8867106447010993,0.8864798348115641
914,0.9522851705551147,0.5381019115447998,0.8956249952316284,0.702988862991333,0.897533445408793,0.8952776834394942,0.895302740351459
915,0.9518945217132568,0.5442951321601868,0.8949999809265137,0.7009921073913574,0.8964425661973863,0.8946048641875776,0.8946102116322759
916,0.9520702958106995,0.5426343679428101,0.8910937309265137,0.7130966186523438,0.8930651050493832,0.8908461117845938,0.8906948474640386
917,0.9514062404632568,0.5407819151878357,0.8899219036102295,0.7133581638336182,0.8920316473994625,0.8893996306305616,0.8896191478739789
918,0.9528515338897705,0.538469135761261,0.8888280987739563,0.718397855758667,0.890674887470745,0.8887657127914101,0.8885692976466789
919,0.9525781273841858,0.5366542339324951,0.89453125,0.7148396968841553,0.8964688395216376,0.8943428005036366,0.8942680836533974
920,0.9542577862739563,0.5328163504600525,0.8935937285423279,0.7045151591300964,0.8954386550185122,0.8934055571651581,0.893285324071396
921,0.9529882669448853,0.5375715494155884,0.8928906321525574,0.7034209370613098,0.894580535030963,0.8923839815957895,0.8924948307040768
922,0.9514062404632568,0.5418105125427246,0.8910937309265137,0.708998441696167,0.8925878573964876,0.8907874044264249,0.8907352015702028
923,0.9505664110183716,0.544319212436676,0.8922656178474426,0.704856276512146,0.8939130647790217,0.8919824800180999,0.8918714594702205
924,0.9501171708106995,0.5442149639129639,0.8956249952316284,0.7038440704345703,0.8968311831595033,0.8953784124098882,0.8952221627174871
925,0.9529101848602295,0.5359988212585449,0.8939843773841858,0.7017890214920044,0.895174194238586,0.8939334478607999,0.8938330157512799
926,0.9535937309265137,0.5380477905273438,0.8967187404632568,0.692281186580658,0.8984594598213347,0.8963107386469031,0.8963181369382913
927,0.9548046588897705,0.5328936576843262,0.8941406011581421,0.69921875,0.8959288813297545,0.8938323750670976,0.8938904521863471
928,0.9509570598602295,0.5421287417411804,0.8949218988418579,0.6966285705566406,0.8966241271185826,0.8945530572251906,0.8945467675883256
929,0.9513086080551147,0.5409406423568726,0.8939062356948853,0.6997935771942139,0.8953358752557674,0.8935133258400572,0.8935517907443473
930,0.9522460699081421,0.540351390838623,0.8946874737739563,0.7024907469749451,0.8963867151534279,0.8944417025797383,0.8944208112771188
931,0.9528124928474426,0.5401859879493713,0.8970312476158142,0.6973520517349243,0.8987469458279551,0.8969754683470071,0.8968893339823445
932,0.9537109136581421,0.5343309640884399,0.8942187428474426,0.7103040814399719,0.8955507538752485,0.8940347043740365,0.8940174279882861
933,0.9572460651397705,0.5261224508285522,0.8943750262260437,0.7063762545585632,0.8958528134211214,0.8940301861760223,0.8940666923484033
934,0.9557812213897705,0.52720707654953,0.893750011920929,0.697944700717926,0.8954455165952703,0.8933841217059284,0.8934286619044005
935,0.9529882669448853,0.5389289259910583,0.8948437571525574,0.7006530165672302,0.8962564159974277,0.89453569691224,0.8944376123873626
936,0.950878918170929,0.5414159893989563,0.8946874737739563,0.7016098499298096,0.8961756715917497,0.8943903568976214,0.8943301650036939
937,0.9511914253234863,0.5428228974342346,0.8956249952316284,0.701249897480011,0.8970122891050922,0.8953350638948155,0.8952761156744595
938,0.9520508050918579,0.5390669107437134,0.8911718726158142,0.7118393182754517,0.8923380931407152,0.8908637814847747,0.8907139757679865
939,0.9542382955551147,0.533959150314331,0.8953906297683716,0.7049716114997864,0.8970592732989665,0.8951196984943071,0.8950733992507545
940,0.9561914205551147,0.5307245850563049,0.8951562643051147,0.6899713277816772,0.896626625446237,0.8947003018205779,0.8947693201986118
941,0.9564257860183716,0.5287880897521973,0.897656261920929,0.6935383677482605,0.8993933737355342,0.897370009034313,0.8973588477675005
942,0.9541211128234863,0.5342268347740173,0.8934375047683716,0.7030735611915588,0.8952749994021456,0.8930343966859915,0.8930939230361875
943,0.95263671875,0.5391094088554382,0.8932812213897705,0.7133741974830627,0.8948601893378568,0.8929928943418128,0.8929537324038495
944,0.9511523246765137,0.535080075263977,0.8887500166893005,0.7195524573326111,0.890204645830194,0.8883783829099565,0.8883091983406388
945,0.9533593654632568,0.5328689217567444,0.8887500166893005,0.7166377305984497,0.8904357584671505,0.8885175412001735,0.8884538122321086
946,0.9519922137260437,0.5386610627174377,0.8939843773841858,0.7007814049720764,0.8957022368879792,0.8935929017856845,0.8935854528189027
947,0.9510546922683716,0.5409678816795349,0.8931249976158142,0.7050538063049316,0.8947882357962618,0.8926892997845676,0.8927378844478984
948,0.9505468606948853,0.5441120862960815,0.8917187452316284,0.7094776034355164,0.8936174436013706,0.891149288258167,0.8912580843903749
949,0.9515234231948853,0.5431492328643799,0.8935937285423279,0.7061076164245605,0.8952888331324758,0.8934945104540996,0.8933950504609387
950,0.951171875,0.5392751693725586,0.8926562666893005,0.7104936242103577,0.8946287419901429,0.8923934944034039,0.8924565634105748
951,0.9541211128234863,0.5354049205780029,0.8924999833106995,0.7006916999816895,0.8943277209759435,0.8920318678563934,0.8920834642796608
952,0.9554687738418579,0.5313762426376343,0.8929687738418579,0.7084974646568298,0.8948431362319764,0.8926045000104649,0.8927423253312653
953,0.9537109136581421,0.5340520739555359,0.8921874761581421,0.7094792127609253,0.8936841292343339,0.8919292814507933,0.8918642534023772
954,0.9548046588897705,0.5311506986618042,0.891406238079071,0.705752968788147,0.8932333078037646,0.8910178261648943,0.8909314563414037
955,0.9534570574760437,0.5312331318855286,0.8936718702316284,0.7056894898414612,0.8951076431400655,0.8933904010472695,0.8933502353358622
956,0.9533398151397705,0.5324956774711609,0.8927343487739563,0.7063949704170227,0.8945266605268658,0.8924573865376138,0.8925264811917188
957,0.9507031440734863,0.5412713885307312,0.8921874761581421,0.7073432207107544,0.8937873101121483,0.891831410762967,0.8918099134403836
958,0.953125,0.5359185338020325,0.891406238079071,0.7071211338043213,0.8928382808427657,0.8911278911638352,0.8909957060318522
959,0.9560937285423279,0.5277228355407715,0.8938281536102295,0.7041714191436768,0.895201142473756,0.8933990643080406,0.8932485279074038
960,0.9532031416893005,0.5357559323310852,0.8923437595367432,0.7136085033416748,0.8939602580074353,0.8920172142882672,0.892051823593921
961,0.9547460675239563,0.5303879380226135,0.8936718702316284,0.6951010227203369,0.8956998877366105,0.8931082719945755,0.893258686753371
962,0.9534375071525574,0.5339106321334839,0.893750011920929,0.7080543637275696,0.8957910893089578,0.8935824254762595,0.8935737233754765
963,0.9514062404632568,0.5414218306541443,0.8944531083106995,0.7043511867523193,0.8961596386919422,0.8942763966451421,0.8942612274167734
964,0.9510742425918579,0.5408111810684204,0.8957812786102295,0.700276792049408,0.8973819080619285,0.8952177594138033,0.8953307759172339
965,0.9516991972923279,0.5375142097473145,0.8961718678474426,0.7030705213546753,0.8979081559929125,0.8959271956452306,0.8959144154456156
966,0.9523828029632568,0.537324070930481,0.8958593606948853,0.708855390548706,0.8980646821669522,0.8955703071637217,0.8955714255974856
967,0.9521874785423279,0.5351718664169312,0.8965625166893005,0.694974422454834,0.8981977147310358,0.8961572641627062,0.8961664455857842
968,0.9533789157867432,0.5367968678474426,0.8935156464576721,0.7053059339523315,0.8952117123311902,0.893186222312554,0.8931343997798415
969,0.9551562666893005,0.5298416614532471,0.8991405963897705,0.6942387223243713,0.9009938707437574,0.8986572991293138,0.8988065169737633
970,0.9566601514816284,0.5286543369293213,0.8949218988418579,0.7021491527557373,0.8970310787864946,0.8947236088118713,0.8946124341845791
971,0.9537500143051147,0.5291431546211243,0.8974218964576721,0.6974561810493469,0.8993987667924489,0.8971733555382881,0.8971715838772643
972,0.9527148604393005,0.5356011986732483,0.8956249952316284,0.6916419267654419,0.8976719359917196,0.8954014359586244,0.8954761815596445
973,0.9528710842132568,0.5343899130821228,0.8974999785423279,0.6880397796630859,0.8994025797225136,0.8973052754206824,0.8971486775323061
974,0.9530859589576721,0.5352611541748047,0.8946874737739563,0.7015398144721985,0.8966663053656394,0.8944286582949241,0.8943938452876501
975,0.954296886920929,0.5337461233139038,0.8950781226158142,0.7028462290763855,0.8969818657136478,0.894703070963909,0.8947667364232705
976,0.9533789157867432,0.5337209105491638,0.893750011920929,0.6997188329696655,0.8951482280767316,0.8934692758084399,0.8934054914167955
977,0.9541991949081421,0.5336328148841858,0.891796886920929,0.7054027318954468,0.8934802350857969,0.8916731003807337,0.8915662543977942
978,0.9519336223602295,0.5370861291885376,0.8924219012260437,0.7057784199714661,0.8940107878542983,0.8920525578910097,0.8921033661491928
979,0.9564648270606995,0.5242049694061279,0.8952343463897705,0.6980451345443726,0.8968847403510464,0.8951031762026526,0.895128338333096
980,0.9555468559265137,0.5280454158782959,0.896484375,0.6926696300506592,0.898003725197295,0.8963003406076652,0.8963828466249295
981,0.9534375071525574,0.5314794182777405,0.893750011920929,0.7028607726097107,0.8953381781257914,0.8936255566009552,0.8936367066472523
982,0.9546288847923279,0.5303404927253723,0.8946874737739563,0.7040151953697205,0.8963970907035597,0.8945361283091584,0.8945094493004991
983,0.9544336199760437,0.5297576189041138,0.8949999809265137,0.7022942900657654,0.8967095193461381,0.8949413624225474,0.8949292451868478
984,0.9548242092132568,0.529766321182251,0.8943750262260437,0.7030417919158936,0.8960528636463077,0.8940796505756865,0.8941363371364237
985,0.9541406035423279,0.5301063656806946,0.8912500143051147,0.7129080295562744,0.8933557264750849,0.890927923890274,0.8910178536662701
986,0.9554882645606995,0.5306601524353027,0.8941406011581421,0.6949945092201233,0.8955026373597587,0.8937653986530715,0.8936718846506659
987,0.9519922137260437,0.5349305868148804,0.888671875,0.7158559560775757,0.890409729738562,0.88841175382697,0.8882602895965934
988,0.9492577910423279,0.5437238812446594,0.8959375023841858,0.7060716152191162,0.8978742726210349,0.8955978419103952,0.8956376411930527
989,0.9517577886581421,0.5374898910522461,0.8923437595367432,0.7092776298522949,0.894109249435997,0.8917776699495661,0.891901521931344
990,0.9526953101158142,0.5359605550765991,0.890625,0.7140315771102905,0.892702648140604,0.8900223407486576,0.8902355774226882
991,0.9522265791893005,0.5394986271858215,0.8949999809265137,0.7036232948303223,0.8965239187875874,0.8945726093563309,0.8947068234855633
992,0.9555273652076721,0.5298023819923401,0.8941406011581421,0.7028161883354187,0.8958766020218208,0.8936200869618195,0.8937782310206381
993,0.9545508027076721,0.5287320613861084,0.8951562643051147,0.7050599455833435,0.8964269333978634,0.8947716454280481,0.8947897518909029
994,0.9549804925918579,0.5284218788146973,0.8952343463897705,0.7006934285163879,0.8966499516295121,0.8947354523804246,0.8947478879212419
995,0.9541015625,0.5293307304382324,0.8974999785423279,0.6951061487197876,0.8990029779172488,0.897187040404207,0.897200964855587
996,0.953906238079071,0.5310664176940918,0.8939843773841858,0.6962149143218994,0.89528599045855,0.8935136822714294,0.8934975634126009
997,0.9537890553474426,0.5307756066322327,0.8938281536102295,0.7039002776145935,0.8954185585575782,0.8936820456813374,0.8935808604763622
998,0.955273449420929,0.5298583507537842,0.8885937333106995,0.7114126086235046,0.8901888559669684,0.8883106129277907,0.8883244496690712
999,0.9544726610183716,0.528338611125946,0.8911718726158142,0.7186489701271057,0.8926856564267158,0.8908941082692972,0.8908643869897348
