epoch,accuracy,loss,val_accuracy,val_loss,val_precision,val_recall,val_f1
0,0.004101562313735485,11.13443374633789,0.003984374925494194,10.594574928283691,0.0031739777989089955,0.0039517508906806035,0.0031314754799472233
1,0.005449218675494194,10.729316711425781,0.004062499850988388,10.341238021850586,0.004035489623079919,0.003988267179048504,0.0037629831656203422
2,0.00839843787252903,10.405418395996094,0.005859375,10.12527084350586,0.00627612419642843,0.005805925040454562,0.005724595538705985
3,0.009843749925494194,10.098608016967773,0.006015624850988388,9.91720962524414,0.005911506637101313,0.0059543248795421245,0.00575497655347748
4,0.01230468787252903,9.813685417175293,0.0053906249813735485,9.720464706420898,0.005432746726510551,0.005342845639632589,0.005209335370793848
5,0.016855468973517418,9.535837173461914,0.005625000223517418,9.528646469116211,0.0054096064974643344,0.005563233103829863,0.005350460027153862
6,0.01992187462747097,9.282427787780762,0.005546874832361937,9.34225082397461,0.0055553474410994395,0.0054551929758986165,0.00537396916767993
7,0.02291015535593033,9.025249481201172,0.007499999832361937,9.157358169555664,0.007826685102289925,0.007433503364146178,0.0074009547039866385
8,0.030058594420552254,8.77699089050293,0.010234374552965164,8.97021198272705,0.010699722698759543,0.010128029376907877,0.009915336428942325
9,0.03558593615889549,8.534320831298828,0.010703125037252903,8.780076026916504,0.010850882123996127,0.010527030887244975,0.010200996711932968
10,0.04300781339406967,8.282716751098633,0.010859374888241291,8.586012840270996,0.011382817125813825,0.01066865113538543,0.010482685134116355
11,0.052460938692092896,8.035920143127441,0.013046874664723873,8.389031410217285,0.012667501405448438,0.012792551318267509,0.012162135826785752
12,0.06330078095197678,7.7845940589904785,0.015703124925494194,8.190238952636719,0.01575118521531498,0.015343465778648386,0.01461172240337773
13,0.07074218988418579,7.557555675506592,0.017109375447034836,8.002447128295898,0.0176148114976521,0.016830953042868038,0.016190649512840164
14,0.08291015774011612,7.329514026641846,0.018046874552965164,7.824682235717773,0.01825372098508358,0.017717760678640247,0.01717484089828106
15,0.09480468928813934,7.114240646362305,0.02031249925494194,7.657553195953369,0.02185593946242366,0.020073781912693846,0.019800042975710374
16,0.10679687559604645,6.904811859130859,0.02265625074505806,7.4945573806762695,0.02196481027622301,0.022219968678080924,0.021137928598597054
17,0.12222656607627869,6.703022480010986,0.026093749329447746,7.332347869873047,0.025448134613253924,0.025697849969864177,0.024596594841215447
18,0.13615234196186066,6.505115509033203,0.029062500223517418,7.17129373550415,0.028697304776586254,0.028678092420378803,0.02756129323735565
19,0.1538671851158142,6.301450252532959,0.03570312634110451,7.0109124183654785,0.03634416685569737,0.035335759242479864,0.03451564405211968
20,0.1685156226158142,6.112110137939453,0.039921876043081284,6.850160598754883,0.038865173519318556,0.039343743254277384,0.037729421552310585
21,0.1872265636920929,5.9151153564453125,0.045625001192092896,6.689167022705078,0.0445928483763966,0.04493935393345269,0.04323561584286877
22,0.21179687976837158,5.713071823120117,0.05101562663912773,6.529848575592041,0.05051541075693983,0.05040378170792773,0.04876441154683841
23,0.23050780594348907,5.527897834777832,0.05820312350988388,6.368161678314209,0.057062463775095364,0.057364284822136874,0.0554460809077368
24,0.2520507872104645,5.337792873382568,0.0657031238079071,6.211029052734375,0.06448690826556355,0.06475602471432965,0.06270036814421973
25,0.2738281190395355,5.154818534851074,0.0754687488079071,6.047248363494873,0.0749128478115882,0.07433000191936612,0.07238541638127326
26,0.3001953065395355,4.966315746307373,0.09007812291383743,5.888052463531494,0.09012507409884866,0.0889454313405362,0.08702976634358864
27,0.32267579436302185,4.782857418060303,0.1015625,5.730644702911377,0.1004200404281171,0.10024690006149375,0.09799808034775276
28,0.3444140553474426,4.615400314331055,0.11273437738418579,5.576761245727539,0.11203848496901102,0.11139477782586833,0.10943314385993924
29,0.37068358063697815,4.443188190460205,0.12437500059604645,5.429098129272461,0.12486227495788979,0.12314170562822944,0.1212565021273471
30,0.3976367115974426,4.275051593780518,0.13789062201976776,5.279127597808838,0.1378154142661569,0.1365537308183204,0.134697899697747
31,0.4188281297683716,4.122939586639404,0.1509374976158142,5.144084453582764,0.15141044789298963,0.14936218244870755,0.1475748118057392
32,0.4444531202316284,3.958362102508545,0.16968749463558197,5.012585163116455,0.17068461392188206,0.16826170197914136,0.1668644419268665
33,0.4597851634025574,3.82487154006958,0.18242187798023224,4.875951290130615,0.18231625109664784,0.18075478527783834,0.1787713847017347
34,0.48291015625,3.6926889419555664,0.19046874344348907,4.761068820953369,0.19167795843290708,0.18886265107612255,0.18734246002981358
35,0.5033984184265137,3.5561108589172363,0.20140625536441803,4.635806083679199,0.20300437174362929,0.1998051792441731,0.1983756489058484
36,0.5236523151397705,3.4389379024505615,0.2228125035762787,4.519475936889648,0.22347343001327905,0.22135343894385512,0.22011013920909955
37,0.5436132550239563,3.3096466064453125,0.23554687201976776,4.4165730476379395,0.23751657465730558,0.23405005281194208,0.23323820487006658
38,0.5613672137260437,3.2047951221466064,0.24187499284744263,4.325137138366699,0.2429265223800911,0.2403094141227759,0.23899241668126103
39,0.5760937333106995,3.1018567085266113,0.25828126072883606,4.218552112579346,0.2583530792488178,0.2564429991556387,0.2546117132513527
40,0.5923827886581421,2.997227430343628,0.26820313930511475,4.129388809204102,0.26966136242712124,0.2666004601989136,0.26510104438073967
41,0.6149218678474426,2.8999853134155273,0.27757811546325684,4.038766384124756,0.2791049829819485,0.27608201702139556,0.27478838562038543
42,0.6268749833106995,2.8105053901672363,0.2940624952316284,3.950697422027588,0.29505124390493587,0.2925170801933691,0.2909567695496826
43,0.6379101276397705,2.7305824756622314,0.3028906285762787,3.867879629135132,0.303355883528755,0.300990914664405,0.29913877175359016
44,0.6552343964576721,2.641690254211426,0.3109374940395355,3.799591064453125,0.3111944191338442,0.3090904863156188,0.3070680574227047
45,0.6646875143051147,2.5695149898529053,0.31812500953674316,3.7256975173950195,0.31937581195836107,0.3161077154594727,0.31447269191654875
46,0.6753515601158142,2.5053446292877197,0.32640624046325684,3.6529247760772705,0.32732481005110925,0.32481312894563114,0.3230116847456959
47,0.6873242259025574,2.431396007537842,0.3357812464237213,3.586775302886963,0.3380214484295459,0.33427600591644346,0.33312218256932963
48,0.6960742473602295,2.3689756393432617,0.34078124165534973,3.532576084136963,0.34156347925853936,0.3388975970863693,0.3374990220104253
49,0.7113085985183716,2.2973995208740234,0.3536718785762787,3.4651873111724854,0.3549012710896734,0.351966774303184,0.3504090241543168
50,0.7193750143051147,2.2399702072143555,0.3585156202316284,3.407944917678833,0.3592621553405305,0.3568931640186832,0.35542721842219416
51,0.7255273461341858,2.187403917312622,0.3717968761920929,3.3512299060821533,0.37539903506472105,0.36999740280356264,0.3695172778801221
52,0.7339257597923279,2.138110399246216,0.3760937452316284,3.2938642501831055,0.37739297759305857,0.37452558674158914,0.37303845539810737
53,0.7423046827316284,2.0908515453338623,0.3819531202316284,3.236105442047119,0.3832080518321984,0.38027535849137833,0.3787027851451037
54,0.7500585913658142,2.0416393280029297,0.3907812535762787,3.1887264251708984,0.39278311356295925,0.3894322567752703,0.38787701430551424
55,0.75830078125,1.9940285682678223,0.3929687440395355,3.146531581878662,0.3946258044422635,0.39153862255371896,0.39004410741581785
56,0.7651171684265137,1.9481523036956787,0.4044531285762787,3.099386692047119,0.4064285025722696,0.40260600371236444,0.4007929088107727
57,0.7757812738418579,1.9010411500930786,0.40476563572883606,3.0517168045043945,0.4057546278070314,0.40304963490005624,0.40096586403655643
58,0.7752148509025574,1.872105598449707,0.4161718785762787,3.0212512016296387,0.41778680678686636,0.4145325897849649,0.41295600685922906
59,0.7843945026397705,1.8289929628372192,0.41898438334465027,2.9863476753234863,0.4209563717559331,0.4171402666086512,0.4155235026809456
60,0.7854101657867432,1.800303339958191,0.4200781285762787,2.960085391998291,0.42277696883227045,0.4185366601214098,0.41725925229176497
61,0.7902734279632568,1.7648687362670898,0.42281249165534973,2.9266302585601807,0.42478668417319543,0.42121693920146047,0.4196577126936176
62,0.7931835651397705,1.7411552667617798,0.4339062571525574,2.8739054203033447,0.43641439082320665,0.43277473936511285,0.4314541097311955
63,0.799023449420929,1.7093994617462158,0.4405468702316284,2.8494763374328613,0.44185116021268467,0.43911075854281745,0.4373555443599799
64,0.8083398342132568,1.664514422416687,0.4447656273841858,2.8109209537506104,0.4469799850388372,0.443143785717952,0.44150110249419816
65,0.8109179735183716,1.6417357921600342,0.4520312547683716,2.7700469493865967,0.45324691636282755,0.4502717944457114,0.44855099994842784
66,0.8191992044448853,1.6043827533721924,0.4566406309604645,2.740327835083008,0.4586645889171583,0.45500293197004216,0.4532861921787331
67,0.8174609541893005,1.585943341255188,0.4602343738079071,2.7061192989349365,0.4623312916146468,0.45890112393382465,0.45742440975603593
68,0.8206445574760437,1.5667390823364258,0.4655468761920929,2.686081647872925,0.46767977539228905,0.4642214088791566,0.46277332810850624
69,0.8269336223602295,1.5360345840454102,0.45945313572883606,2.6719253063201904,0.46127301787518826,0.45790132339572703,0.4564927887602727
70,0.8244335651397705,1.5203101634979248,0.4645312428474426,2.634671211242676,0.4666059736653225,0.4628868495780958,0.46130343338150354
71,0.8309960961341858,1.4950538873672485,0.4753125011920929,2.597886323928833,0.4781944795101235,0.473630500480192,0.4723938350293671
72,0.8310546875,1.4772143363952637,0.4781250059604645,2.5831332206726074,0.48060263304591355,0.4770415770148626,0.4755870931331016
73,0.831347644329071,1.4602127075195312,0.48445311188697815,2.557709217071533,0.4861703798592417,0.4826644332333454,0.48130080888044874
74,0.8344336152076721,1.4403626918792725,0.4829687476158142,2.541311264038086,0.48561440918034293,0.4816104770946329,0.4805173128765519
75,0.8423047065734863,1.4166516065597534,0.49046874046325684,2.5027167797088623,0.4930455420017643,0.4889329099334315,0.487841899319918
76,0.841796875,1.4007606506347656,0.4971874952316284,2.4878218173980713,0.500223480358564,0.49612347173796767,0.49491444631595466
77,0.8460156321525574,1.3789085149765015,0.49867188930511475,2.4723598957061768,0.501473465859551,0.49715569995234343,0.4964656457858759
78,0.8483788967132568,1.3613293170928955,0.4932812452316284,2.456557273864746,0.4958512809058345,0.49193124041849823,0.4907877887957223
79,0.8486132621765137,1.3499407768249512,0.49992188811302185,2.425081253051758,0.502340528888648,0.49840670301544826,0.49739014140360044
80,0.8467773199081421,1.3391218185424805,0.5017187595367432,2.4212872982025146,0.5042431692745653,0.5004155435999487,0.499042453976402
81,0.8487304449081421,1.3272795677185059,0.501171886920929,2.410614252090454,0.5034516018742003,0.4995056556025287,0.4985612785716328
82,0.8520703315734863,1.3085681200027466,0.5034375190734863,2.388956308364868,0.506944168521319,0.5019576866231166,0.501318026563939
83,0.8540429472923279,1.2952786684036255,0.5049999952316284,2.3731791973114014,0.5078268676658793,0.5033945020172051,0.502290830868485
84,0.8564257621765137,1.2765839099884033,0.5049999952316284,2.3534159660339355,0.5061811290559819,0.5032010198157337,0.5014187024183969
85,0.8552539348602295,1.2739790678024292,0.5085155963897705,2.3405449390411377,0.5111487581856036,0.5069818803984882,0.5053914981254686
86,0.8594921827316284,1.25495183467865,0.5132812261581421,2.328430414199829,0.515766715902077,0.5119181246356631,0.5107825762639466
87,0.8583593964576721,1.2463980913162231,0.5207812786102295,2.2974905967712402,0.5237666245397823,0.5191579488536264,0.5184101995595292
88,0.8633593916893005,1.2264068126678467,0.5150781273841858,2.3054897785186768,0.5179893076441761,0.5134057480674268,0.5122061868188215
89,0.8649023175239563,1.2130227088928223,0.5253124833106995,2.2716565132141113,0.527734400141378,0.5238709995371138,0.5223194363477183
90,0.8638867139816284,1.209417700767517,0.5231249928474426,2.2687766551971436,0.5241384305775335,0.5216566508269103,0.520017217986982
91,0.8643945455551147,1.2049371004104614,0.5237500071525574,2.2579257488250732,0.5264257567374233,0.5221875305561008,0.5206328556194597
92,0.864941418170929,1.1877082586288452,0.5264843702316284,2.2452282905578613,0.5300061722172381,0.525192098668078,0.5240171775021458
93,0.8690038919448853,1.1766678094863892,0.5266406536102295,2.2417399883270264,0.5285316338744144,0.5252908780273959,0.5238022203447077
94,0.8693945407867432,1.1655583381652832,0.5283593535423279,2.2292869091033936,0.531141820182994,0.5268798446230926,0.5261238630488663
95,0.8704492449760437,1.1591761112213135,0.5297656059265137,2.218613624572754,0.5309191009993912,0.5281646783529368,0.5270370233076539
96,0.8699609637260437,1.154983401298523,0.5305469036102295,2.2031984329223633,0.5321231317816826,0.5287149609253906,0.5275573818676929
97,0.8726757764816284,1.140291690826416,0.5360156297683716,2.1811296939849854,0.5388262161346082,0.5346658979865275,0.5332416382118386
98,0.8714843988418579,1.131038784980774,0.5370312333106995,2.172128200531006,0.5404014311697944,0.5357064553028127,0.534612198623667
99,0.876953125,1.1158350706100464,0.5396875143051147,2.1615161895751953,0.5428751987508598,0.5383098259752955,0.5374828650353487
100,0.8733007907867432,1.1182150840759277,0.5442968606948853,2.1444952487945557,0.5469477815719235,0.5427748173696102,0.5416747481175057
101,0.8809179663658142,1.0958353281021118,0.5369531512260437,2.1444525718688965,0.5412149865455118,0.5354248926191458,0.5348112275552752
102,0.8750390410423279,1.102048397064209,0.5494531393051147,2.1113386154174805,0.5516087232235238,0.547596294811286,0.5463371425703076
103,0.8770507574081421,1.092540979385376,0.5422656536102295,2.125262975692749,0.5443713857182543,0.5410793499066716,0.5398244900355811
104,0.875781238079071,1.093866229057312,0.5435156226158142,2.1284685134887695,0.546897556001618,0.542036132100641,0.5408409341145342
105,0.8778515458106995,1.083702802658081,0.5439062714576721,2.122950792312622,0.5470738414862089,0.5430320167228954,0.5419940463499946
106,0.8753906488418579,1.080604910850525,0.548828125,2.1000216007232666,0.5516493032472167,0.5476342405226184,0.5459907136398343
107,0.8777929544448853,1.072344183921814,0.5510156154632568,2.107182741165161,0.5538248164870114,0.5496719383754944,0.5485377652968464
108,0.8812304735183716,1.062556266784668,0.5559375286102295,2.0773515701293945,0.558590027122825,0.5546039953697672,0.553570868187854
109,0.879687488079071,1.0585318803787231,0.5550781488418579,2.072664260864258,0.5588589920576794,0.55381461341833,0.552817472377958
110,0.8807226419448853,1.0508618354797363,0.5538281202316284,2.0650975704193115,0.5564820038497562,0.5527647132452043,0.5514479832056729
111,0.8856640458106995,1.035934329032898,0.5688281059265137,2.0491678714752197,0.5720395404983738,0.5672285394098221,0.5660840563642957
112,0.88134765625,1.039968729019165,0.5599218606948853,2.0483784675598145,0.563109506038777,0.5586389507063112,0.5574931285625322
113,0.8843359351158142,1.0304511785507202,0.5718749761581421,2.0355100631713867,0.574455008725343,0.5703769243602451,0.569358518651859
114,0.8825390338897705,1.0327847003936768,0.5682812333106995,2.0221433639526367,0.5707854974904445,0.5667469456440013,0.5657780043627133
115,0.8836914300918579,1.020119071006775,0.5670312643051147,2.016650438308716,0.5704669503177111,0.5660968135854054,0.565456387563561
116,0.88330078125,1.0173518657684326,0.5637500286102295,2.0339269638061523,0.5669171473484329,0.5625744210039003,0.5616795738103691
117,0.8840625286102295,1.0124872922897339,0.5703125,2.0044240951538086,0.5728625279828586,0.5693291694160956,0.5676882646035948
118,0.8843945264816284,1.008447289466858,0.5674218535423279,2.009774684906006,0.5697547997008365,0.566550886466834,0.5655558930331893
119,0.8880859613418579,1.0031143426895142,0.5674218535423279,2.0101375579833984,0.5707405674043917,0.5660237902134131,0.565181608926847
120,0.8884961009025574,0.9929323792457581,0.5728124976158142,1.9872496128082275,0.5752489922461432,0.5715132464072918,0.5702750580132365
121,0.8904101848602295,0.9858826398849487,0.5672656297683716,1.9871634244918823,0.5701012538572435,0.5662212666363349,0.5650415068817969
122,0.8844921588897705,0.9916660189628601,0.572265625,1.9756191968917847,0.5739880826325975,0.5707039495033605,0.5693447435619614
123,0.8897070288658142,0.9835439920425415,0.5706250071525574,1.9662855863571167,0.5729331070604127,0.5692509658479695,0.5678705043403535
124,0.8866601586341858,0.9852309226989746,0.5754687786102295,1.959985375404358,0.5791030076328085,0.5741776506437637,0.5732714086484034
125,0.888867199420929,0.9764004349708557,0.5696874856948853,1.9735554456710815,0.5729634571918539,0.5682670778202277,0.5671967904109796
126,0.8882031440734863,0.9780637621879578,0.5702343583106995,1.974518895149231,0.5733270305252293,0.5691373838832147,0.568064756039757
127,0.8901953101158142,0.967395007610321,0.5756250023841858,1.9583152532577515,0.5785064524490369,0.5745228235118249,0.5735703049945383
128,0.8898046612739563,0.9640605449676514,0.5849999785423279,1.928499698638916,0.5877572816690027,0.583582350146712,0.5825473579937595
129,0.891796886920929,0.959349513053894,0.579296886920929,1.9392355680465698,0.5831793295974801,0.5784121059776953,0.5776687171001189
130,0.8896093964576721,0.9591737985610962,0.580859363079071,1.9381301403045654,0.5840755113231582,0.5795206106632023,0.5788400662697744
131,0.8936523199081421,0.9495007395744324,0.5830468535423279,1.9267784357070923,0.5854753458121972,0.5816183345911594,0.5807041042490977
132,0.8925195336341858,0.9502522945404053,0.5826562643051147,1.9229942560195923,0.5847710998240245,0.5815020935341557,0.580326508333932
133,0.8924413919448853,0.9440106749534607,0.5803906321525574,1.920652151107788,0.583192613478318,0.5790134119913082,0.5781537470561522
134,0.8933203220367432,0.9456878900527954,0.5873437523841858,1.9004744291305542,0.5900727719885311,0.5858574975447204,0.5849060988726211
135,0.8947851657867432,0.9383160471916199,0.5882031321525574,1.8999804258346558,0.5914297208221935,0.5867255367306243,0.5860582371131657
136,0.8967382907867432,0.9321479201316833,0.5889062285423279,1.9185618162155151,0.590999253107348,0.587280566057995,0.5864320444599231
137,0.8961523175239563,0.9283473491668701,0.5917187333106995,1.8960788249969482,0.5948139443345174,0.5901804239857704,0.5892436249863311
138,0.893750011920929,0.9281483292579651,0.5875781178474426,1.8967472314834595,0.5905719219702767,0.5862715357091285,0.5850840166825321
139,0.8923046588897705,0.9331380724906921,0.5936718583106995,1.8854690790176392,0.5959753613761813,0.5924675007616453,0.5915849758561107
140,0.8951757550239563,0.9257807731628418,0.5922656059265137,1.8909811973571777,0.5948178212322061,0.590913235895091,0.5896219220506786
141,0.8957421779632568,0.92230224609375,0.591796875,1.8884849548339844,0.5954220439288418,0.5907723663930599,0.589817175691602
142,0.8972461223602295,0.9158025979995728,0.5907812714576721,1.8789546489715576,0.5932913185342694,0.5894948651904068,0.5884015138654679
143,0.8945702910423279,0.9182501435279846,0.5926562547683716,1.8727024793624878,0.5960426246649297,0.59148215394739,0.5906645229517875
144,0.8954101800918579,0.9172120094299316,0.5943750143051147,1.8721956014633179,0.5991925943504381,0.5930387358849651,0.5924556833680745
145,0.8958984613418579,0.910683810710907,0.5989062786102295,1.8530751466751099,0.6025330698429209,0.5974046107290603,0.5962694007706169
146,0.8948633074760437,0.9126312732696533,0.5901562571525574,1.8592820167541504,0.5927217479445079,0.5886963635738474,0.5874856826900474
147,0.8984375,0.9012734293937683,0.5982031226158142,1.8458027839660645,0.6001605375270405,0.5970652232990188,0.5958708136799288
148,0.8957226276397705,0.9104118347167969,0.6008594036102295,1.8436938524246216,0.6036183743885865,0.599701720807126,0.5988105228648075
149,0.8949023485183716,0.9081723690032959,0.6001562476158142,1.8483734130859375,0.6023714718532964,0.5987981107904727,0.5977794625749351
150,0.897265613079071,0.8991818428039551,0.6095312237739563,1.8309346437454224,0.6126950976211478,0.6084014417639291,0.607067248046209
151,0.8985937237739563,0.8962118029594421,0.6031249761581421,1.849075198173523,0.6050769686623791,0.6021030348301921,0.6008133017096741
152,0.8979296684265137,0.8971444964408875,0.6000000238418579,1.8453086614608765,0.6040124999376161,0.5989337146966784,0.5978508050059096
153,0.8990820050239563,0.89191734790802,0.604296863079071,1.8386482000350952,0.6076826234268984,0.6032660587487957,0.6025757454138777
154,0.9016211032867432,0.8861171007156372,0.6050781011581421,1.836020827293396,0.608906249614475,0.6036681194163118,0.6031267251374894
155,0.9034179449081421,0.8770172595977783,0.604687511920929,1.8211815357208252,0.6076476943015299,0.6029928826323352,0.6024095293104861
156,0.8994140625,0.8879847526550293,0.6067968606948853,1.814743161201477,0.6094212629017988,0.6053526427693554,0.6044258002468459
157,0.9023047089576721,0.8759298920631409,0.6014062762260437,1.8286129236221313,0.6047022988023973,0.6003963714650655,0.5998148563868879
158,0.8987695574760437,0.8829188346862793,0.6092187762260437,1.7963898181915283,0.6123070486970182,0.6080545857348822,0.6071924259124974
159,0.90185546875,0.8803970217704773,0.6071093678474426,1.8217962980270386,0.611454202980723,0.6056284587498875,0.60524496286012
160,0.901660144329071,0.8768576979637146,0.6078906059265137,1.8012995719909668,0.6113020624184854,0.606468007198826,0.6056423448412491
161,0.9029296636581421,0.870939314365387,0.6092968583106995,1.7986509799957275,0.6122588073989266,0.6076632104932753,0.6066323424651339
162,0.9046093821525574,0.8664975166320801,0.6145312786102295,1.7922269105911255,0.6177380088966378,0.6131791258726148,0.6122746558748682
163,0.9029101729393005,0.8689656853675842,0.6102343797683716,1.787997841835022,0.613464983878688,0.608998406433821,0.6082670388515669
164,0.9021093845367432,0.8674560785293579,0.6104687452316284,1.7897459268569946,0.6130523205575681,0.6088520504496733,0.6080622671162811
165,0.9027929902076721,0.8646125793457031,0.6124218702316284,1.8120189905166626,0.6153990532999165,0.6109937497597249,0.6100538571906748
166,0.8999804854393005,0.8686302304267883,0.6107031106948853,1.8057326078414917,0.6139645384218051,0.609397344688597,0.608596979541678
167,0.9009960889816284,0.8694929480552673,0.6097656488418579,1.7983386516571045,0.6140484081350998,0.6085920002279934,0.6078841484079405
168,0.9008203148841858,0.8660284280776978,0.6150000095367432,1.7897253036499023,0.6185945006712685,0.6141194934056802,0.6133928833249109
169,0.9014453291893005,0.8666761517524719,0.6124218702316284,1.7899073362350464,0.6162142928721801,0.6112096433059209,0.6104862678906646
170,0.9037109613418579,0.8594996929168701,0.6159374713897705,1.7727932929992676,0.6198388143763867,0.6144480744086402,0.6139579264612742
171,0.9035351276397705,0.8565771579742432,0.6137499809265137,1.7982367277145386,0.6176009064052117,0.6124422119997757,0.6119343507549819
172,0.9011914134025574,0.8622370958328247,0.6156250238418579,1.7777061462402344,0.6184743653363365,0.6145140083789948,0.6136004984043802
173,0.905957043170929,0.8519257307052612,0.614062488079071,1.7678004503250122,0.6175760794658801,0.6129495817864743,0.6121069898073298
174,0.9032812714576721,0.8597287535667419,0.6150781512260437,1.7770075798034668,0.6176310065624497,0.6140718534828646,0.6131446511608873
175,0.9050195217132568,0.8497989773750305,0.6146093606948853,1.7829033136367798,0.6177892187526117,0.613675065197234,0.6129621351306981
176,0.9063867330551147,0.8415465354919434,0.6193749904632568,1.7663640975952148,0.6214559403957212,0.6181235138371304,0.6171173113647193
177,0.905468761920929,0.8464410901069641,0.6206250190734863,1.7466764450073242,0.6233847078270351,0.6195382125757243,0.6186974478305729
178,0.9054882526397705,0.8467129468917847,0.6153905987739563,1.7620717287063599,0.6182956806737079,0.6142418088642325,0.6132516070486678
179,0.9051367044448853,0.8448745608329773,0.6146093606948853,1.7720280885696411,0.618737652468826,0.6134085531316243,0.6130478121748211
180,0.908398449420929,0.8388793468475342,0.6161718964576721,1.7608205080032349,0.619174736278197,0.6148784995322005,0.6141340354948094
181,0.9071679711341858,0.8409066796302795,0.6236718893051147,1.7463575601577759,0.6265679361792893,0.6224988282620431,0.6217473544774761
182,0.905566394329071,0.8395606875419617,0.6164844036102295,1.7579501867294312,0.6190765030591894,0.6153230977480529,0.6144678794196019
183,0.9038671851158142,0.8465822339057922,0.6150000095367432,1.766176700592041,0.6183304500335665,0.6133359064620657,0.6126448344433517
184,0.9033203125,0.8502213358879089,0.6192968487739563,1.7528810501098633,0.6227243914650507,0.6178315570848918,0.6171602668861399
185,0.9032812714576721,0.8450436592102051,0.6235156059265137,1.7606300115585327,0.6268337870570058,0.6223773150285354,0.6218081928022519
186,0.9051952958106995,0.8401857018470764,0.6175781488418579,1.758337378501892,0.6207916746688578,0.6164124858276205,0.6154686637387778
187,0.90478515625,0.8408516049385071,0.62109375,1.7652778625488281,0.6249359361806563,0.6203345914908047,0.6196153019600967
188,0.907031238079071,0.8380513191223145,0.6145312786102295,1.7719645500183105,0.6170649485610091,0.6131970981992964,0.6122991667107363
189,0.9055273532867432,0.8368050456047058,0.6227343678474426,1.738828182220459,0.6257314957626012,0.6215785016978596,0.621077749669557
190,0.9100781083106995,0.8277956247329712,0.6239843964576721,1.7427502870559692,0.6267776061643373,0.6230068233207221,0.6222278885231896
191,0.9110156297683716,0.8246288299560547,0.6264062523841858,1.7375454902648926,0.6291787182141892,0.6254813731996447,0.6245203454289752
192,0.9064648151397705,0.8334977030754089,0.6231250166893005,1.734865427017212,0.6256309603258263,0.6220526517214954,0.6212696174881609
193,0.908984363079071,0.8257845044136047,0.6256250143051147,1.7284094095230103,0.6292560854200417,0.6245315609539808,0.6233914450376952
194,0.9084374904632568,0.8224457502365112,0.6252343654632568,1.7264490127563477,0.6283613838742261,0.6243250776799233,0.6233314046676659
195,0.9096484184265137,0.8191779851913452,0.6340625286102295,1.7207789421081543,0.6372347617677262,0.6326613526527053,0.6321484033787297
196,0.9084765911102295,0.8242072463035583,0.6340625286102295,1.7220016717910767,0.6375772606429729,0.6328665589054525,0.6323034856662912
197,0.907031238079071,0.8243167996406555,0.6276562213897705,1.7421886920928955,0.6311319337924026,0.6266490776459533,0.6259604393639855
198,0.9084374904632568,0.8253462314605713,0.6310937404632568,1.7285239696502686,0.6355147176732969,0.6296828426825198,0.6294837084746788
199,0.9091406464576721,0.8226844668388367,0.6336718797683716,1.71611750125885,0.6370466088300042,0.632162529503977,0.6315834710974697
200,0.9110742211341858,0.8149612545967102,0.6304687261581421,1.7186033725738525,0.633577757185388,0.6293454826747736,0.6286337132392724
201,0.909375011920929,0.8150912523269653,0.628125011920929,1.7226992845535278,0.6313644156552458,0.6271203600777748,0.6265448053115689
202,0.9095898270606995,0.818314790725708,0.6255468726158142,1.7195358276367188,0.627702468805587,0.6243867977494812,0.623275221429592
203,0.9107812643051147,0.8148907423019409,0.6278906464576721,1.726255178451538,0.6312192626926175,0.6267783952643511,0.6259284451005489
204,0.9117382764816284,0.8097009062767029,0.63671875,1.715049147605896,0.6400376339500071,0.6356838513265453,0.6352603968509205
205,0.9107421636581421,0.8155958652496338,0.6388280987739563,1.6970524787902832,0.641791667307632,0.6379405786395012,0.6373041197323341
206,0.9104883074760437,0.8141522407531738,0.629687488079071,1.7329552173614502,0.6335893148973665,0.6281189125031681,0.6279517970906128
207,0.9086328148841858,0.8195413947105408,0.6322656273841858,1.7226754426956177,0.6361555299007984,0.6310077357904587,0.630582383128329
208,0.9092773199081421,0.8171648383140564,0.6328125,1.7154954671859741,0.6372408641976111,0.6315596849011795,0.6311210981234361
209,0.9081640839576721,0.8200482726097107,0.6319531202316284,1.6999528408050537,0.6351555234287227,0.6307382333711846,0.6302566089156709
210,0.9098241925239563,0.8118475079536438,0.6366406083106995,1.7033495903015137,0.6407136389989062,0.6357964589921549,0.6353904634174432
211,0.9138085842132568,0.8035845756530762,0.6392187476158142,1.6910072565078735,0.6435565259985361,0.6383598286498254,0.6378150128563432
212,0.9118359088897705,0.8097178936004639,0.6375781297683716,1.6862751245498657,0.6416435891729502,0.6366735765282887,0.6361225703126353
213,0.9097461104393005,0.8105314373970032,0.6378124952316284,1.6920491456985474,0.6413918171814954,0.6369507962263786,0.6364120022545167
214,0.909863293170929,0.8101490139961243,0.6441406011581421,1.6794100999832153,0.6475078688559374,0.6429953728845212,0.6424777492159545
215,0.9110156297683716,0.8087103962898254,0.6409375071525574,1.6992132663726807,0.6441099755618851,0.6396398074491836,0.639170173773901
216,0.9118945598602295,0.8022128343582153,0.6350781321525574,1.6899235248565674,0.6390123945296431,0.6338740299882342,0.6332009034716393
217,0.9098827838897705,0.8081770539283752,0.637499988079071,1.6863995790481567,0.6423415107493178,0.6366522848448428,0.6360405603765578
218,0.912109375,0.8051502108573914,0.6363281011581421,1.7007529735565186,0.6397883925395612,0.6353371768129052,0.6347441036864541
219,0.9114062786102295,0.8042088150978088,0.6382812261581421,1.6778963804244995,0.641690113160144,0.6369723970984943,0.636262526703621
220,0.9119726419448853,0.8093259930610657,0.6426562666893005,1.6830960512161255,0.6458772811037601,0.6417572927720104,0.6412712371194116
221,0.909375011920929,0.8083584308624268,0.6393749713897705,1.6835933923721313,0.6425963568984856,0.6381312521773058,0.6377727124816833
222,0.9139453172683716,0.7978798747062683,0.639843761920929,1.6966238021850586,0.6430584490699396,0.6388407903399538,0.6382185636478659
223,0.9124218821525574,0.8003670573234558,0.6383593678474426,1.6838011741638184,0.6420656929705977,0.6374349735119569,0.6366830034975526
224,0.9122070074081421,0.7982930541038513,0.6371874809265137,1.6849168539047241,0.6400414029983719,0.636124902119168,0.6353917765493609
225,0.9136328101158142,0.7945967316627502,0.637890636920929,1.6919331550598145,0.6411750427700036,0.6366372768851065,0.6362414425589737
226,0.9130077958106995,0.800553560256958,0.6395312547683716,1.6915205717086792,0.6423706142020765,0.6382597055858024,0.6374648400311107
227,0.9118554592132568,0.8002897500991821,0.6376562714576721,1.6810458898544312,0.641335808427769,0.6367115734661692,0.6363635187093655
228,0.9125195145606995,0.8000859618186951,0.642578125,1.6782182455062866,0.6466436189167468,0.6414155610406839,0.6407748088582671
229,0.9135156273841858,0.7984640598297119,0.6456249952316284,1.675695538520813,0.6489323678862843,0.6444632521460898,0.6441393279369206
230,0.9134765863418579,0.7951263189315796,0.6379687786102295,1.6837576627731323,0.6405742742453939,0.6369916417373976,0.6359975412280199
231,0.9139062762260437,0.7949740886688232,0.6432812213897705,1.6650489568710327,0.6468373290605627,0.6424831559158914,0.641892541610837
232,0.9158398509025574,0.791913628578186,0.6410937309265137,1.6826941967010498,0.6448215414091385,0.6398879950835998,0.6394929470683532
233,0.9127538800239563,0.7958157062530518,0.6387500166893005,1.699842929840088,0.6418936720418029,0.6374913559587906,0.6368221633799686
234,0.912890613079071,0.7947487831115723,0.641406238079071,1.675338864326477,0.6450749755014077,0.6402807745292766,0.6397299965300406
235,0.9130077958106995,0.7951379418373108,0.6393749713897705,1.6763626337051392,0.6429754808304435,0.6388659686481177,0.6381162561992908
236,0.9153515696525574,0.7881861329078674,0.6457812786102295,1.6713894605636597,0.649381112336054,0.6448727226798907,0.6441726643581867
237,0.9146289229393005,0.7898073792457581,0.6421874761581421,1.6873174905776978,0.6457202907341786,0.641077613688661,0.6404363314941741
238,0.9146093726158142,0.7935507893562317,0.6463281512260437,1.6701639890670776,0.6496627484296225,0.6457463287063947,0.6449946137091473
239,0.9100781083106995,0.7991002798080444,0.6430468559265137,1.6769495010375977,0.646072402444047,0.6418139581820324,0.6412906579955949
240,0.9110742211341858,0.8005923628807068,0.64453125,1.6687965393066406,0.6469120522284989,0.6432518333012069,0.6425483703904477
241,0.9139648675918579,0.7957075238227844,0.647265613079071,1.6655346155166626,0.6518517665455408,0.6462991943492289,0.6455956141443787
242,0.9132421612739563,0.7937486171722412,0.6517187356948853,1.6571855545043945,0.6553113543089468,0.6508890835420398,0.6502083736008819
243,0.9136914014816284,0.7904962301254272,0.6501562595367432,1.6490789651870728,0.6533779649708733,0.6491256642938645,0.6484958262892937
244,0.9154297113418579,0.7877799272537231,0.649218738079071,1.646287441253662,0.6524483459450543,0.6479890258292972,0.6474775279994496
245,0.9165624976158142,0.7835502624511719,0.6557812690734863,1.6470234394073486,0.6604319548449298,0.6546429244361625,0.6542757908527884
246,0.9131640791893005,0.7890493273735046,0.6482812762260437,1.6499273777008057,0.6519375814622752,0.6468604054969027,0.6464848445997329
247,0.9172461032867432,0.7806105017662048,0.6502344012260437,1.644391655921936,0.6543699762306996,0.6489317861847942,0.648419450424047
248,0.9169726371765137,0.7781423330307007,0.6491405963897705,1.648604154586792,0.6535819233630631,0.647904570978746,0.6477007736317295
249,0.9176172018051147,0.777405858039856,0.6513281464576721,1.6428810358047485,0.6552178645589583,0.6501995756065821,0.6496733833279307
250,0.9150000214576721,0.7842031717300415,0.6510937213897705,1.6475738286972046,0.6546591242908582,0.6500981665371355,0.6495922725064365
251,0.9155468940734863,0.7831916213035583,0.6526562571525574,1.6501480340957642,0.6561435304507568,0.6515396811394177,0.6506832068164542
252,0.9139843583106995,0.783054530620575,0.6507031321525574,1.6541693210601807,0.6541064392426479,0.6495116048913077,0.6487730025690632
253,0.9172070026397705,0.7763194441795349,0.6525781154632568,1.6406042575836182,0.6564028473843634,0.6515941096091589,0.6510527789318994
254,0.9137304425239563,0.7872273325920105,0.653515636920929,1.6384299993515015,0.6574215584767235,0.6526915904436809,0.6522431972408073
255,0.9159179925918579,0.7812768816947937,0.6560937762260437,1.6408724784851074,0.6589162680613418,0.6546813483567173,0.6543766007599845
256,0.9151757955551147,0.7812371850013733,0.6520312428474426,1.6502712965011597,0.6548212865001404,0.6512036767518485,0.6505527543218663
257,0.916015625,0.7847322821617126,0.6606249809265137,1.6350479125976562,0.6642373081328714,0.659625952542334,0.6590407309614329
258,0.9164648652076721,0.7806689739227295,0.654296875,1.635441780090332,0.657264121569874,0.6533277324938116,0.6527259329739367
259,0.9163476824760437,0.7760946750640869,0.6545312404632568,1.6313731670379639,0.657831988399753,0.6537550343352538,0.6530667553375316
260,0.914746105670929,0.781787097454071,0.6557031273841858,1.629544734954834,0.6593494446883587,0.6547981125621685,0.6546433641182077
261,0.9145117402076721,0.7821797132492065,0.6474218964576721,1.6578234434127808,0.650995283301369,0.646146518837343,0.6456688423845183
262,0.9148828387260437,0.7821584343910217,0.6485937237739563,1.6395630836486816,0.6509107809295185,0.647695722429163,0.6465887358826911
263,0.9162890911102295,0.7786359190940857,0.6564062237739563,1.6271971464157104,0.6595888277934008,0.6553051388289601,0.6546999914534664
264,0.9210742115974426,0.7685898542404175,0.658203125,1.6145881414413452,0.6620518643349799,0.6570473916929248,0.6567430312274969
265,0.9199023246765137,0.7733480930328369,0.663281261920929,1.6179144382476807,0.6671268646612349,0.6622628692236492,0.661769688752365
266,0.91943359375,0.7725085616111755,0.6538281440734863,1.6278806924819946,0.6560445387260222,0.6524843510695787,0.6515952132539333
267,0.9168554544448853,0.7766532897949219,0.657421886920929,1.6234713792800903,0.660368094879203,0.6562558831474173,0.6556320915637118
268,0.9161523580551147,0.7777301669120789,0.6504687666893005,1.635960578918457,0.6535208322249635,0.6494468169684224,0.6489766947292662
269,0.9160742163658142,0.7795052528381348,0.6561718583106995,1.6308064460754395,0.6593012764630343,0.6548082822035537,0.6542417637780233
270,0.9169921875,0.7789258360862732,0.6578906178474426,1.624758005142212,0.6621233764629364,0.6568813601576264,0.6565689895178237
271,0.9178906083106995,0.7696385383605957,0.6564062237739563,1.6289936304092407,0.6589405693013722,0.6553080035583818,0.6546336900987222
272,0.9165234565734863,0.7729326486587524,0.6564843654632568,1.6255035400390625,0.6602754392919539,0.6553128707057996,0.6547282696319497
273,0.9176952838897705,0.7735082507133484,0.6636718511581421,1.6057653427124023,0.6668998718008223,0.6627203219337311,0.6620500303504693
274,0.9170703291893005,0.775560736656189,0.655078113079071,1.621627926826477,0.6585630345285549,0.6539957397862015,0.6531465125553058
275,0.91845703125,0.7684454321861267,0.6561718583106995,1.610870361328125,0.6608427809113406,0.6550714401063297,0.6545692638070839
276,0.9190039038658142,0.7709481716156006,0.6619531512260437,1.6108735799789429,0.6652522025341925,0.6611153557933729,0.6602473012279563
277,0.9161913990974426,0.7754901051521301,0.657421886920929,1.625396728515625,0.6598057308467767,0.6559738360408423,0.6551348435773802
278,0.9178515672683716,0.7741752862930298,0.6646875143051147,1.6201672554016113,0.6683952026048872,0.6637370084095779,0.6629919991063243
279,0.9175586104393005,0.7745134830474854,0.6618750095367432,1.6203951835632324,0.6650590348805621,0.6607725218085343,0.6600972857243779
280,0.9179101586341858,0.7730208039283752,0.6591406464576721,1.6241846084594727,0.6618668967998133,0.6586310573736389,0.6575756182080654
281,0.9213281273841858,0.7622803449630737,0.6673437356948853,1.5999360084533691,0.6707421969211964,0.6664543170543011,0.6661096516777405
282,0.921093761920929,0.7653751373291016,0.6582812666893005,1.6121577024459839,0.6616276338992912,0.6573030060933346,0.6567877146761044
283,0.9175586104393005,0.7711806297302246,0.6538281440734863,1.6499037742614746,0.6574397293365395,0.652686821482551,0.6521687989514517
284,0.9195312261581421,0.7662743330001831,0.658984363079071,1.6336207389831543,0.6621838050921962,0.6580118349503365,0.6572617191526119
285,0.9171093702316284,0.7716770172119141,0.6614062786102295,1.6106858253479004,0.6644886762985143,0.6608650994922154,0.6605356912125133
286,0.9184765815734863,0.7674739360809326,0.6586718559265137,1.621012568473816,0.6626225817256131,0.6577208818502365,0.6572467836137721
287,0.9182812571525574,0.7714999318122864,0.6590625047683716,1.6260167360305786,0.6623220730939976,0.6579724224667066,0.6575284892605431
288,0.9182812571525574,0.7693656086921692,0.6658594012260437,1.604438304901123,0.6690007688060473,0.6648777541574921,0.6643344957276245
289,0.9182422161102295,0.769299328327179,0.649609386920929,1.626155972480774,0.6533010362934517,0.6488919024185634,0.6485571387808948
290,0.9194140434265137,0.7678182125091553,0.6583593487739563,1.6165391206741333,0.6610739494330392,0.6577897145786521,0.6568964109076731
291,0.9195703268051147,0.7642781734466553,0.6655468940734863,1.6023857593536377,0.6690040338872272,0.6646381378795909,0.6642024100707218
292,0.9206640720367432,0.7634540796279907,0.6585937738418579,1.6151704788208008,0.6620541520122165,0.6578625339368415,0.6573773617963015
293,0.9201757907867432,0.761162281036377,0.6624218821525574,1.614730954170227,0.6661480326563061,0.6613122421505869,0.6612096957844597
294,0.9187304973602295,0.7662991285324097,0.6651562452316284,1.6197421550750732,0.6695692615080222,0.6643099352030134,0.6637374794811323
295,0.9221093654632568,0.7596873641014099,0.6650000214576721,1.60792875289917,0.6693368765595971,0.6642715597176392,0.6638809091615461
296,0.9223828315734863,0.7544266581535339,0.6619531512260437,1.6187962293624878,0.6656111616603468,0.6608624950125626,0.6605046703610579
297,0.9213085770606995,0.7565228939056396,0.6636718511581421,1.6144322156906128,0.6671520169538359,0.662366090066988,0.6620332680281283
298,0.9208398461341858,0.762949526309967,0.6576562523841858,1.6331084966659546,0.6618411881558977,0.656877299575979,0.6563932373834038
299,0.919628918170929,0.7649516463279724,0.6614843606948853,1.6203444004058838,0.6647440279222612,0.6604212068126815,0.6599886762277443
300,0.921093761920929,0.7614527940750122,0.6592187285423279,1.6168590784072876,0.662290951533145,0.6585036831076558,0.6577565573127212
301,0.9203320145606995,0.7597765326499939,0.6692968606948853,1.59734308719635,0.6730064921475729,0.6682907149625048,0.6680662869969305
302,0.9197851419448853,0.7618293762207031,0.6646875143051147,1.6034536361694336,0.6683537914422939,0.6634148311453363,0.6630537925430251
303,0.919921875,0.763588547706604,0.6690624952316284,1.5943727493286133,0.6730677538171057,0.6679147614522741,0.6674997666310021
304,0.9219531416893005,0.7581937313079834,0.6587499976158142,1.615092158317566,0.6619400267894361,0.6576878814687495,0.6572701960827054
305,0.9217968583106995,0.7599356770515442,0.6618750095367432,1.6147936582565308,0.6655648387135783,0.6609431147607941,0.6602113738022469
306,0.9202539324760437,0.7639060020446777,0.6592187285423279,1.6206403970718384,0.6622604279374917,0.65828259003272,0.6578151786778503
307,0.9217578172683716,0.7597988843917847,0.6642968654632568,1.5952541828155518,0.6688643274695418,0.6630998429687671,0.6628410917316684
308,0.9218359589576721,0.7600015997886658,0.6651562452316284,1.609591007232666,0.6691419572224866,0.6640074400494673,0.6637982865223391
309,0.9225195050239563,0.7576396465301514,0.6739843487739563,1.5773797035217285,0.6774732520560276,0.6731728875547844,0.6725460115098998
310,0.9202343821525574,0.7599117755889893,0.6673437356948853,1.605613112449646,0.6702893931597868,0.6663501392426123,0.6656992092921425
311,0.9173437356948853,0.7686246633529663,0.6752343773841858,1.5872172117233276,0.6793015318070829,0.6741989654027924,0.6737623345706891
312,0.9225780963897705,0.7549844980239868,0.6635156273841858,1.6024473905563354,0.6673086208897727,0.662270426966787,0.6621749690484818
313,0.9231054782867432,0.7522263526916504,0.66796875,1.5936346054077148,0.6718834957776783,0.6669468442038923,0.6665919091200274
314,0.92333984375,0.7520127296447754,0.6696875095367432,1.609097957611084,0.673086122232686,0.6689368103783362,0.6683732086124329
315,0.9197851419448853,0.7619950175285339,0.6619531512260437,1.6225723028182983,0.6654331418733428,0.6610619793731074,0.6606674491874035
316,0.919921875,0.7628324031829834,0.6714062690734863,1.5903278589248657,0.6748548792494753,0.670517578991136,0.6699036456657512
317,0.9191601276397705,0.7661945223808289,0.6646093726158142,1.6210589408874512,0.6681981332021314,0.6637088852623776,0.6632624374314995
318,0.9187695384025574,0.7626503109931946,0.662890613079071,1.6078176498413086,0.6663242229355874,0.6620942016263849,0.6617488161061614
319,0.925585925579071,0.7450393438339233,0.6660937666893005,1.6061650514602661,0.668510621325776,0.665009516597632,0.6647129594772304
320,0.9239843487739563,0.7519286870956421,0.6696093678474426,1.596982479095459,0.6733980174181519,0.6691384150739653,0.6686309470724598
321,0.9220507740974426,0.7505236864089966,0.6690624952316284,1.5853232145309448,0.673481007731118,0.6680584179684745,0.66796218141565
322,0.9250195026397705,0.7483286261558533,0.6649218797683716,1.598746657371521,0.6689133932346056,0.6639233599136036,0.6636880231779719
323,0.9212304949760437,0.7547512054443359,0.6643750071525574,1.6149797439575195,0.6678324300036038,0.6637173930511794,0.6630599090369378
324,0.9195117354393005,0.7625844478607178,0.6612499952316284,1.610498070716858,0.6641737339171184,0.6603435308313653,0.6596650846908056
325,0.9217382669448853,0.7580274939537048,0.6663281321525574,1.606333613395691,0.6692100402633695,0.6653770879975899,0.6649301535408427
326,0.9244140386581421,0.7496885061264038,0.6636718511581421,1.6271346807479858,0.6663688566675644,0.6628143250758805,0.662413425499018
327,0.9221484661102295,0.7507747411727905,0.6677343845367432,1.6037639379501343,0.6705973506157602,0.6668678690595828,0.6661104163573323
328,0.921875,0.7527182698249817,0.6639062762260437,1.6153013706207275,0.6682727774553031,0.6633909236774198,0.6628841152769852
329,0.9248242378234863,0.7457597255706787,0.6660937666893005,1.6155142784118652,0.6696179202054037,0.6653253340725604,0.6651212134432365
330,0.9244921803474426,0.7457942962646484,0.6654687523841858,1.6101933717727661,0.6683520286066429,0.6646394152199107,0.663923291867261
331,0.922558605670929,0.752685010433197,0.6686718463897705,1.5866345167160034,0.6719530542378145,0.667595573858845,0.6672786042588661
332,0.9207812547683716,0.7606903910636902,0.6653125286102295,1.6104811429977417,0.6679064112949926,0.6641743007833164,0.6636445718160471
333,0.9245507717132568,0.7477074265480042,0.6607812643051147,1.5888766050338745,0.6652393334970077,0.659725894883819,0.6592901475882416
334,0.9233788847923279,0.7513064742088318,0.6646875143051147,1.6002469062805176,0.6675596404001978,0.6642026335443103,0.6636460413248352
335,0.9237109422683716,0.7477129101753235,0.6675781011581421,1.6031348705291748,0.670811201045948,0.6667063560486739,0.6666179606363616
336,0.9233788847923279,0.748680591583252,0.6690624952316284,1.5859782695770264,0.6726179025406952,0.6681875328065141,0.667854650956917
337,0.9247265458106995,0.7453370094299316,0.6723437309265137,1.593380331993103,0.6765382813031259,0.6716012889970693,0.6715094166699906
338,0.9264257550239563,0.7407982349395752,0.6735937595367432,1.5782191753387451,0.6771026926733463,0.6725325446620003,0.6726284269316369
339,0.9225976467132568,0.7502136826515198,0.6703125238418579,1.5984549522399902,0.6736109320238272,0.669098092042117,0.6684705935390024
340,0.9236523509025574,0.7524264454841614,0.6689843535423279,1.5839760303497314,0.6719037380431405,0.6680469843735076,0.6674183818979951
341,0.9256250262260437,0.7447291612625122,0.6641406416893005,1.603197455406189,0.6673902436480268,0.6632511298924331,0.6627068504337129
342,0.9217968583106995,0.7531989812850952,0.6714843511581421,1.597100019454956,0.6754991875594752,0.670916857320136,0.670221454405373
343,0.9230663776397705,0.7506486773490906,0.6725000143051147,1.5860378742218018,0.6762276573502386,0.671847654888189,0.6711687432888003
344,0.9233984351158142,0.7487389445304871,0.6756250262260437,1.5676156282424927,0.6788683026478035,0.6750851168823354,0.6742514530817157
345,0.9243554472923279,0.7494503259658813,0.6745312213897705,1.5708744525909424,0.6773372064308687,0.6738995159957558,0.6732199209490611
346,0.922656238079071,0.7497716546058655,0.6763281226158142,1.5711801052093506,0.6796161259528102,0.6756841287747115,0.6751138195538828
347,0.9253515601158142,0.7404971122741699,0.6733593940734863,1.5833145380020142,0.6764868407027413,0.6724986972984961,0.6720946114427194
348,0.9261327981948853,0.7406104207038879,0.6719531416893005,1.5852562189102173,0.6746888889540468,0.6712452637311723,0.6704988446154015
349,0.925097644329071,0.7416529059410095,0.6710156202316284,1.5680623054504395,0.674429903002728,0.6701146724864918,0.6694392640809508
350,0.9244921803474426,0.7452136278152466,0.6713281273841858,1.5780668258666992,0.6738666925226806,0.6705458637369888,0.6698877229657809
351,0.922070324420929,0.751396656036377,0.6712499856948853,1.5935896635055542,0.6742244142965564,0.6703541059435708,0.6696633641620376
352,0.9245703220367432,0.7395131587982178,0.6683593988418579,1.5896801948547363,0.671663664954852,0.667441069701481,0.6669176406436361
353,0.9215234518051147,0.7488544583320618,0.666796863079071,1.5986273288726807,0.6706770856282558,0.6660890300773065,0.6656234330424495
354,0.9218359589576721,0.7548336982727051,0.6734374761581421,1.5813097953796387,0.6769241672722721,0.6723127301862322,0.6718599959281817
355,0.9242578148841858,0.7474845051765442,0.6712499856948853,1.5881567001342773,0.6748885942626903,0.6705693210688298,0.6699617144588306
356,0.9252148270606995,0.7445082068443298,0.6696875095367432,1.5864601135253906,0.6729766634332788,0.6687422307853627,0.6684165979767415
357,0.9255468845367432,0.7427754998207092,0.6696093678474426,1.5915043354034424,0.6721915792707929,0.6687462614733856,0.6682256719556056
358,0.924511730670929,0.7465417981147766,0.6735156178474426,1.578050136566162,0.6764062621569438,0.6727736416109206,0.6720963168071363
359,0.9254297018051147,0.7416183352470398,0.6798437237739563,1.5650546550750732,0.6832833579394288,0.6789643911771267,0.6786860458927043
360,0.9270898699760437,0.740296483039856,0.6771875023841858,1.567894458770752,0.6800910999808372,0.6761010408130272,0.6756185423295591
361,0.9272656440734863,0.7370210289955139,0.6717187762260437,1.5748203992843628,0.6745923280795767,0.6705840525384535,0.6699747761887653
362,0.9254687428474426,0.7401180267333984,0.6713281273841858,1.5884673595428467,0.6745497196287518,0.6704324033885817,0.6700216845751539
363,0.9272265434265137,0.7398434281349182,0.6753906011581421,1.5722819566726685,0.6794868339023409,0.6745159595739051,0.6741577611664238
364,0.9271679520606995,0.7352008819580078,0.6800781488418579,1.552810549736023,0.6839385444276775,0.679349062148918,0.6790502820166352
365,0.9247460961341858,0.7430494427680969,0.6734374761581421,1.5732589960098267,0.6766136405890919,0.6730534421063024,0.672368091206715
366,0.9262109398841858,0.7410648465156555,0.6745312213897705,1.573815941810608,0.6781691271437738,0.6735003746434111,0.6733540040469702
367,0.9255273342132568,0.7421441078186035,0.6722656488418579,1.5890003442764282,0.6758734286029331,0.671024591446279,0.6706992483131683
368,0.9269921779632568,0.7414924502372742,0.6763281226158142,1.5723289251327515,0.6798480161563349,0.6755360506174687,0.6751396168589021
369,0.9260547161102295,0.7423583269119263,0.6737499833106995,1.5697330236434937,0.677223820980164,0.6726599729299544,0.6721802508260282
370,0.9245898723602295,0.7408038377761841,0.675000011920929,1.5636248588562012,0.6784745554040204,0.674284249890148,0.6739489565194735
371,0.9276171922683716,0.7373623847961426,0.6758593916893005,1.579390525817871,0.6794880971735978,0.674810471077544,0.6746363688084573
372,0.9273632764816284,0.7357766628265381,0.6788281202316284,1.5587714910507202,0.6827970525674546,0.6779013864589966,0.6777756340978874
373,0.927539050579071,0.7352064251899719,0.6785937547683716,1.5568711757659912,0.683213022528254,0.6775305363244997,0.6773951358502794
374,0.9266406297683716,0.7371122241020203,0.6806250214576721,1.5622901916503906,0.6842847863364494,0.6795778186843489,0.6790643554936888
375,0.9266796708106995,0.7396351099014282,0.6834375262260437,1.562104344367981,0.6872803449759766,0.6827045784088158,0.6824073915694313
376,0.9261718988418579,0.7379103302955627,0.6771875023841858,1.578244924545288,0.6809040945731653,0.6765779008886943,0.6764317389104983
377,0.925585925579071,0.7382618188858032,0.677734375,1.5645778179168701,0.6813193370863408,0.6771233295370163,0.6766576762695538
378,0.9262890815734863,0.7393969893455505,0.675000011920929,1.5792837142944336,0.6783051659258905,0.6742085231298403,0.6740122759100569
379,0.926464855670929,0.7397604584693909,0.6779687404632568,1.5818332433700562,0.6812038525370594,0.6770938852351858,0.6766369316025777
380,0.9244140386581421,0.7422654628753662,0.6791406273841858,1.5746243000030518,0.6817704219098544,0.6785058205846803,0.6778739628783883
381,0.9271484613418579,0.7357370257377625,0.6731250286102295,1.5822852849960327,0.6768946834299314,0.6719816595241865,0.6719308465958804
382,0.924023449420929,0.7409319281578064,0.6754687428474426,1.5702662467956543,0.678908298949361,0.6744505492506497,0.6742742779375569
383,0.9250390529632568,0.7372212409973145,0.6739843487739563,1.5717984437942505,0.6777481066709568,0.6730081053522761,0.6724419758370792
384,0.9247070550918579,0.7409253120422363,0.6720312237739563,1.5753833055496216,0.6758264468633419,0.6711397402409787,0.6707627355636955
385,0.9255664348602295,0.7413864731788635,0.6692968606948853,1.5878589153289795,0.6725667732511872,0.6686222848833883,0.6679513566418398
386,0.9251953363418579,0.73746657371521,0.6764062643051147,1.5684889554977417,0.6789355182096437,0.6756417684422215,0.6750178955824033
387,0.9292187690734863,0.7306957840919495,0.6725000143051147,1.5746606588363647,0.6757248663108532,0.6716804952549841,0.6712109040157432
388,0.9263085722923279,0.7378290295600891,0.6797656416893005,1.5615936517715454,0.6825523715719818,0.6787430090639102,0.6781820043103949
389,0.9265038967132568,0.7386220693588257,0.6784374713897705,1.5826977491378784,0.6820481560961518,0.677566040030145,0.6770581446417812
390,0.92822265625,0.7330725193023682,0.6774218678474426,1.560776710510254,0.6804879550969747,0.6767211896024202,0.6762538794688866
391,0.9283984303474426,0.7313870787620544,0.6751562356948853,1.566743016242981,0.6780230108165879,0.6744541724983935,0.6740851460173488
392,0.92578125,0.7359883189201355,0.6775781512260437,1.5682997703552246,0.6804753195626685,0.6767171995157896,0.676353118117366
393,0.9264257550239563,0.7360475063323975,0.6776562333106995,1.5622166395187378,0.6807539471265202,0.6766976666981228,0.676084266936252
394,0.9269140362739563,0.7355640530586243,0.6757031083106995,1.5658918619155884,0.6784835579065038,0.6750525192323564,0.6746161616180928
395,0.925976574420929,0.7387306094169617,0.6736719012260437,1.5780965089797974,0.6768276049422839,0.6730758151698732,0.6723345108528106
396,0.9262499809265137,0.7380983829498291,0.678906261920929,1.5699321031570435,0.6834629195079518,0.6782189322171766,0.6781718819093893
397,0.9253711104393005,0.7397291660308838,0.6784374713897705,1.5683246850967407,0.6818245344675002,0.6778079044222347,0.6774860201383703
398,0.9298632740974426,0.7304769158363342,0.6757031083106995,1.5676120519638062,0.6789960008540751,0.675312020030695,0.6748230497693339
399,0.9279882907867432,0.7314019203186035,0.681640625,1.5514883995056152,0.6846551057546,0.6810684250858585,0.6805403789323945
400,0.9304882884025574,0.7243074774742126,0.6760937571525574,1.5687686204910278,0.6789927729123726,0.675197106371282,0.6746514529807748
401,0.9278515577316284,0.729824423789978,0.6778905987739563,1.5674042701721191,0.6808103299419981,0.6768743560790111,0.6762742467522291
402,0.9276171922683716,0.7304948568344116,0.6757031083106995,1.569936990737915,0.6792054166013333,0.6747872061916338,0.6745592297907873
403,0.9260156154632568,0.7358368635177612,0.6763281226158142,1.5815809965133667,0.6793790776717628,0.6755052342506608,0.6748514321445398
404,0.9284765720367432,0.7326482534408569,0.6744531393051147,1.5833059549331665,0.6786270524319324,0.6739083991414492,0.6735973528428494
405,0.9274609088897705,0.7340483069419861,0.6817187666893005,1.565147042274475,0.6856024030000355,0.6809977620207113,0.6807788767986078
406,0.9259570240974426,0.7364799380302429,0.6763281226158142,1.5759669542312622,0.6786550286724502,0.675258489961029,0.6746817872731721
407,0.9272656440734863,0.7324024438858032,0.6779687404632568,1.564957857131958,0.682004502487086,0.6771252066540578,0.6770805472627696
408,0.9287304878234863,0.7285005450248718,0.671093761920929,1.5710258483886719,0.6749236875232606,0.6701241964588796,0.6700908959300542
409,0.9285937547683716,0.7291123270988464,0.6744531393051147,1.5603995323181152,0.6778945962793648,0.673375419074288,0.6734124504698822
410,0.9308202862739563,0.7213796377182007,0.6822656393051147,1.544291377067566,0.686741188386272,0.6813071054257359,0.6814019647008448
411,0.9291601777076721,0.724606454372406,0.6851562261581421,1.553747296333313,0.6885695022237388,0.6843702509261247,0.6841654699651846
412,0.9281054735183716,0.7281036376953125,0.6763281226158142,1.5693203210830688,0.6802826591021591,0.6753342340626713,0.6752756904779235
413,0.9272656440734863,0.7301762104034424,0.676953136920929,1.5559254884719849,0.6808233832433594,0.6760481626457053,0.6757290921214901
414,0.9300976395606995,0.7241031527519226,0.675000011920929,1.5554307699203491,0.6783368263705005,0.6738134776552132,0.6734487272048182
415,0.9299414157867432,0.726406455039978,0.6800000071525574,1.552217960357666,0.6838356199407961,0.6789952516291771,0.6783405894542074
416,0.9309179782867432,0.7272248864173889,0.6764062643051147,1.556748390197754,0.6793200973682066,0.675763937863392,0.6752460998965656
417,0.9275781512260437,0.7300328612327576,0.6825000047683716,1.5583319664001465,0.685317575571778,0.6814605426594105,0.681225770236892
418,0.9297070503234863,0.727959156036377,0.6792968511581421,1.5523589849472046,0.6821019439486881,0.6782977748574954,0.6777430090071892
419,0.9280468821525574,0.7296355962753296,0.6722656488418579,1.5771328210830688,0.6754544450536255,0.6712162908698531,0.6708126718960001
420,0.9274609088897705,0.7321016192436218,0.6766406297683716,1.5768232345581055,0.6804166376790448,0.6760302354673577,0.6754700018862871
421,0.9281640648841858,0.7354316711425781,0.6764843463897705,1.5703577995300293,0.6799985200920337,0.6758451021314686,0.6755864228289824
422,0.9294726848602295,0.7237840890884399,0.6850781440734863,1.550594449043274,0.688852144416889,0.6841360941024335,0.6836312639030485
423,0.9314648509025574,0.7204315066337585,0.6829687356948853,1.5658118724822998,0.6862263521610432,0.6822090873636462,0.6818204468236899
424,0.9294140338897705,0.724077045917511,0.6779687404632568,1.5651609897613525,0.6807145246982733,0.6771662895090271,0.676528675613583
425,0.9256640672683716,0.7347205877304077,0.6784374713897705,1.5583759546279907,0.6815688785414894,0.6774380978884194,0.6771137933270577
426,0.9291601777076721,0.7293943166732788,0.6781250238418579,1.571090579032898,0.6816853016109553,0.677485488878312,0.6771283033502645
427,0.9277148246765137,0.7309145331382751,0.6826562285423279,1.5637527704238892,0.6859796068367632,0.6817933035283655,0.6814558269160136
428,0.9271289110183716,0.7334157824516296,0.6762499809265137,1.5770585536956787,0.6791120199090164,0.6753475968026142,0.6748200455805948
429,0.9282031059265137,0.7326180934906006,0.6778905987739563,1.5683741569519043,0.6813334498225581,0.6770564921046556,0.6765203989800671
430,0.9302929639816284,0.7233251929283142,0.6781250238418579,1.5766570568084717,0.6820169336747813,0.6775813935474786,0.6770773522305091
431,0.9304492473602295,0.721656322479248,0.6833593845367432,1.5567350387573242,0.6866065397258424,0.6826199421840438,0.6824448011728772
432,0.9304882884025574,0.7252501845359802,0.6827343702316284,1.5641587972640991,0.6858456283023324,0.6818550458855162,0.6814232667593751
433,0.928515613079071,0.7285372018814087,0.6795312762260437,1.5707616806030273,0.6836984785710228,0.6785785070501678,0.6784962702517785
434,0.9262499809265137,0.7380056977272034,0.6842187643051147,1.5689119100570679,0.6872018970195097,0.6831434553288251,0.6826852850439995
435,0.9289844036102295,0.7270587682723999,0.6841406226158142,1.5597337484359741,0.6874527610692058,0.6833407954286131,0.6831419473287448
436,0.9312109351158142,0.7226173281669617,0.6849218606948853,1.5506478548049927,0.688383174484481,0.6841364750349532,0.683890012229013
437,0.9291210770606995,0.7260271310806274,0.6781250238418579,1.5717471837997437,0.6819345960994084,0.6771439668618142,0.6769638057049454
438,0.9310351610183716,0.7210648059844971,0.6817187666893005,1.5628067255020142,0.6852706560318059,0.6807115215686159,0.6806656653255728
439,0.9307226538658142,0.7228826284408569,0.6763281226158142,1.5677125453948975,0.6793482426755104,0.6755909305707721,0.6753729701087369
440,0.9295117259025574,0.7231466174125671,0.682421863079071,1.5678706169128418,0.6859946982944091,0.6818002239222603,0.6815910556393643
441,0.9291210770606995,0.7254194021224976,0.6829687356948853,1.57340407371521,0.6872852062391884,0.6824515295329857,0.682205393580338
442,0.9292773604393005,0.7267334461212158,0.6793749928474426,1.5679420232772827,0.6825461580309655,0.6785271535562937,0.6784126004611029
443,0.9299023151397705,0.7234362959861755,0.6848437786102295,1.5454734563827515,0.6884143854112512,0.6842152068508509,0.6839571203761877
444,0.9284765720367432,0.725577175617218,0.6820312738418579,1.5611578226089478,0.6852984563238027,0.6812844791504383,0.6807984911647953
445,0.9290429949760437,0.7280659675598145,0.6786718964576721,1.5692042112350464,0.6814802712852406,0.6781801794347895,0.6775293035255792
446,0.9298046827316284,0.726952314376831,0.6787499785423279,1.5729397535324097,0.6825099569264024,0.6779057359069622,0.6777513123459715
447,0.9299023151397705,0.7250579595565796,0.6800000071525574,1.5708056688308716,0.6830317939836904,0.6788710430933084,0.6785320213965699
448,0.9322656393051147,0.7210140228271484,0.6794531345367432,1.563224196434021,0.6822237084973568,0.6785137409042008,0.6782890729704442
449,0.9317968487739563,0.7199392914772034,0.678906261920929,1.5662143230438232,0.6825275286391457,0.6781557416049713,0.6776595091788794
450,0.9309765696525574,0.7216432690620422,0.6761718988418579,1.5734314918518066,0.6801037118237897,0.6757012415928197,0.6751037654847767
451,0.9306445121765137,0.7177620530128479,0.6862499713897705,1.5541452169418335,0.6903872823370932,0.6855414869055056,0.6851381400041636
452,0.9291796684265137,0.7252533435821533,0.6803905963897705,1.5644394159317017,0.6837241455671761,0.6795840258243253,0.6793169157682724
453,0.9307812452316284,0.7221932411193848,0.682812511920929,1.548877239227295,0.686110141313842,0.6817770228690438,0.6813041157151919
454,0.9313085675239563,0.7202638983726501,0.6773437261581421,1.5784090757369995,0.6802288673642357,0.6764164397242991,0.6757917340893509
455,0.9300976395606995,0.7254685163497925,0.6792187690734863,1.5722564458847046,0.6832902265200853,0.6782717822668409,0.6779821363991926
456,0.9312304854393005,0.7192189693450928,0.6835156083106995,1.5572010278701782,0.686747192798733,0.6822907147339268,0.682051890547781
457,0.930371105670929,0.7231788635253906,0.6774218678474426,1.575331687927246,0.6806482935533487,0.6764728145771024,0.6762687444850353
458,0.9290234446525574,0.7248046398162842,0.6806250214576721,1.5533266067504883,0.6844201482323133,0.6796737799915996,0.6794008489733336
459,0.9302343726158142,0.7214241623878479,0.678906261920929,1.5555225610733032,0.6823863966494884,0.6779675183520103,0.6775960380210662
460,0.9297460913658142,0.7233461737632751,0.6837499737739563,1.5608922243118286,0.6876794120226177,0.6830390729032405,0.6828545989660454
461,0.9322851300239563,0.7153987884521484,0.6772656440734863,1.5712628364562988,0.679951341280354,0.6766716935947743,0.6760666864370763
462,0.9309179782867432,0.7205549478530884,0.6788281202316284,1.5579229593276978,0.6825063427592873,0.6779688571690412,0.6776256194747202
463,0.9302539229393005,0.7246650457382202,0.6768749952316284,1.5683605670928955,0.6814185103453757,0.6760070095305338,0.6758370013517883
464,0.9327539205551147,0.7141681909561157,0.6767968535423279,1.5677813291549683,0.6798672952229214,0.67614100846948,0.6757149377138171
465,0.9339258074760437,0.7129615545272827,0.6786718964576721,1.5467900037765503,0.6827303940691188,0.6779410628074578,0.6776378660718807
466,0.9323828220367432,0.7166664600372314,0.6732031106948853,1.577144980430603,0.6764078063975074,0.6726769158599881,0.6721491529620667
467,0.9303125143051147,0.7192057967185974,0.6775781512260437,1.5688278675079346,0.6807459460311756,0.6769028762247431,0.6766163627560551
468,0.9298242330551147,0.7227826118469238,0.6785937547683716,1.5685780048370361,0.6816452370792817,0.6772755865648479,0.6768473266707218
469,0.9288281202316284,0.7281022667884827,0.6819531321525574,1.5791953802108765,0.6857912957392998,0.6813298685455995,0.6810820048313352
470,0.9288085699081421,0.7235559225082397,0.6850781440734863,1.5513705015182495,0.6888094658318631,0.6841904329317754,0.6840147460700731
471,0.9299218654632568,0.7262600660324097,0.6851562261581421,1.5604418516159058,0.6886608189689725,0.6844974484475952,0.6838194333209104
472,0.9302148222923279,0.7224652171134949,0.6853125095367432,1.5585784912109375,0.6894283478845145,0.6842777942485447,0.6839398476805282
473,0.9322265386581421,0.7177459597587585,0.6810156106948853,1.5728482007980347,0.68429978850016,0.67988378501852,0.6797568200689372
474,0.9322851300239563,0.7172302007675171,0.6827343702316284,1.5631059408187866,0.6865128034370717,0.681462355896111,0.6813195429094694
475,0.9338085651397705,0.714189887046814,0.686328113079071,1.5435059070587158,0.6896101210475964,0.6854245218287698,0.6851374883088615
476,0.9314648509025574,0.7175137996673584,0.6846093535423279,1.5631393194198608,0.6884155812210299,0.6836083570741882,0.6834250341635928
477,0.9320117235183716,0.7185598015785217,0.6836718916893005,1.5568177700042725,0.6870247644282803,0.6824530341290249,0.6821698802649503
478,0.9317187666893005,0.7196973562240601,0.6838281154632568,1.5660320520401,0.6880426888574485,0.6828141140996005,0.6826985157190313
479,0.929980456829071,0.7232304215431213,0.6790624856948853,1.5781430006027222,0.683244706489581,0.678519373861225,0.6778379004713307
480,0.9287499785423279,0.7235516309738159,0.6740624904632568,1.5641167163848877,0.678673178761166,0.6730299723243403,0.6729542932326811
481,0.9312695264816284,0.7206259369850159,0.6772656440734863,1.5727663040161133,0.6807794188252699,0.6761498194154656,0.6760226054469628
482,0.9320507645606995,0.7201641798019409,0.68359375,1.5565752983093262,0.6881458300960435,0.6827774346335631,0.6825124946205396
483,0.9340234398841858,0.7157531976699829,0.6802343726158142,1.5631303787231445,0.6835369003766323,0.6793363251494066,0.678764157507203
484,0.9310351610183716,0.7215768694877625,0.6815624833106995,1.5652965307235718,0.6856628217575371,0.6803304597390446,0.680332349391063
485,0.9308984279632568,0.7232096195220947,0.6802343726158142,1.5709995031356812,0.684270941570053,0.679174033716418,0.6791190591081653
486,0.9315038919448853,0.7245451211929321,0.676953136920929,1.5611217021942139,0.6804390188097196,0.6759715592723414,0.6755336583626359
487,0.9316796660423279,0.7167034149169922,0.680468738079071,1.5567331314086914,0.6836911371200799,0.6795269414163945,0.6792508512812332
488,0.9286913871765137,0.721017062664032,0.6818749904632568,1.56028151512146,0.6854410262689693,0.6811441300478713,0.6808625148763433
489,0.931640625,0.7216567993164062,0.6821874976158142,1.5491653680801392,0.6861748338250242,0.6815798583329172,0.681589486762797
490,0.9337695240974426,0.7133121490478516,0.6756250262260437,1.5539954900741577,0.6796278976911494,0.6745982029188845,0.6744202417918603
491,0.9321484565734863,0.7192873954772949,0.6761718988418579,1.567262887954712,0.6793569256245449,0.6753627865854375,0.6749737017458353
492,0.9315820336341858,0.7155319452285767,0.678515613079071,1.5713375806808472,0.6817645719957846,0.6775456126325606,0.6771645504535084
493,0.9334570169448853,0.7120053768157959,0.6800000071525574,1.5762578248977661,0.683440981242306,0.6791258622936592,0.6788690750325158
494,0.9313867092132568,0.7191699743270874,0.6813281178474426,1.5759098529815674,0.6843860586885571,0.6801726976213415,0.6797929227384509
495,0.9294140338897705,0.726462721824646,0.6787499785423279,1.574275016784668,0.6823651940056676,0.6777341755252515,0.6774960711203275
496,0.9301367402076721,0.7255109548568726,0.6832812428474426,1.5656129121780396,0.6866265588259148,0.6821903449747015,0.6818490112611559
497,0.9322851300239563,0.716838538646698,0.6888281106948853,1.5507972240447998,0.6934773576860458,0.6881878409846086,0.6883454621213414
498,0.9343163967132568,0.7126674652099609,0.6836718916893005,1.5575780868530273,0.6872762223287896,0.6827407680420499,0.6825912074377827
499,0.9349414110183716,0.7098224759101868,0.6846093535423279,1.5515556335449219,0.6885280596597302,0.6836069550377036,0.6834603019227532
500,0.9326953291893005,0.7149888873100281,0.6825000047683716,1.561696171760559,0.6864542858474116,0.6818537117348346,0.6814315044738273
501,0.9361718893051147,0.7073036432266235,0.6827343702316284,1.5464372634887695,0.6859764090488905,0.6818725734824197,0.6813143424077341
502,0.93408203125,0.7114585041999817,0.6851562261581421,1.560996651649475,0.6882460578801606,0.6840276418680791,0.6835627903965606
503,0.9334961175918579,0.716610848903656,0.6776562333106995,1.5747711658477783,0.681209938330221,0.6768489681392083,0.676477964880738
504,0.9314258098602295,0.7164743542671204,0.6825781464576721,1.560597538948059,0.6860754786966313,0.6814058514024474,0.6811451548489944
505,0.9340038895606995,0.7137976288795471,0.6798437237739563,1.5780192613601685,0.6828085968346673,0.6787292597186626,0.6783782118746736
506,0.9306250214576721,0.7245902419090271,0.6832812428474426,1.5725277662277222,0.6872462686013359,0.6821534391145858,0.6820615243847115
507,0.9332031011581421,0.7152478694915771,0.6823437213897705,1.5619878768920898,0.6855762838684749,0.6814139187581346,0.6811148507483068
508,0.9323437213897705,0.7171682715415955,0.6835156083106995,1.580664038658142,0.6872299007987333,0.6827270522010787,0.6823405555348925
509,0.9334765672683716,0.7152904272079468,0.6778125166893005,1.579932451248169,0.6816678619526847,0.676894955793749,0.676405015619953
510,0.93408203125,0.7104946374893188,0.684374988079071,1.568506121635437,0.6886256598520426,0.6834934777795432,0.6830519843725482
511,0.9324804544448853,0.7158548831939697,0.6813281178474426,1.5722213983535767,0.6853840830970609,0.6803836258768563,0.6800695386075428
512,0.9329687356948853,0.715749979019165,0.6857030987739563,1.5618900060653687,0.6886492395628244,0.6846697588825981,0.6841055257123675
513,0.9350390434265137,0.7078122496604919,0.6841406226158142,1.5407873392105103,0.6873275739608948,0.6828214264701554,0.682593790243659
514,0.9326562285423279,0.7184165120124817,0.6828906536102295,1.563661813735962,0.6863706671055791,0.6818244020861436,0.6814428601540006
515,0.9325781464576721,0.7145408391952515,0.6849218606948853,1.5650864839553833,0.6878174456892626,0.6837404631644106,0.6834026330974636
516,0.9359765648841858,0.7022640109062195,0.6867969036102295,1.5494478940963745,0.689030394572619,0.6859751163061714,0.6855298438944197
517,0.9355078339576721,0.7091558575630188,0.6819531321525574,1.572412371635437,0.6859604826998854,0.6806005116158096,0.680239582394029
518,0.9347851276397705,0.7097055912017822,0.6884375214576721,1.5502612590789795,0.6916513964363773,0.6873281279821858,0.6870165806856955
519,0.9332226514816284,0.710367739200592,0.6820312738418579,1.562489628791809,0.6866578021771446,0.6811518622934868,0.6808767068341968
520,0.9329882860183716,0.711556613445282,0.6810937523841858,1.5609370470046997,0.6847386100686671,0.6798731719591211,0.6795717006488476
521,0.9339062571525574,0.7128534913063049,0.6899999976158142,1.55635666847229,0.6933086031820199,0.6889821999402936,0.6885070950069353
522,0.9340429902076721,0.7110507488250732,0.6836718916893005,1.5596897602081299,0.6876618376958008,0.6827440614259338,0.6825987768746422
523,0.9324609637260437,0.7140849828720093,0.6849218606948853,1.5509610176086426,0.6886391798902503,0.6841007150140286,0.6838548082768227
524,0.9330468773841858,0.7111767530441284,0.6783593893051147,1.5630319118499756,0.6817822835185285,0.6774445338853703,0.6769135154805537
525,0.933398425579071,0.7128502726554871,0.6790624856948853,1.5675044059753418,0.6824572460321773,0.6780975138410436,0.6775594881731917
526,0.93212890625,0.718515932559967,0.6839062571525574,1.5634338855743408,0.6869568576062515,0.6830499233911425,0.6825097414079531
527,0.9315429925918579,0.7184434533119202,0.6771093606948853,1.5703691244125366,0.6810359487152287,0.6761984777293168,0.6756049652586449
528,0.9341406226158142,0.7104663848876953,0.68359375,1.5541141033172607,0.6864141097809642,0.6822214064209691,0.6819432126735866
529,0.9330273270606995,0.7166762351989746,0.6806250214576721,1.5761915445327759,0.6839948989988178,0.6795965255276895,0.6791172313800281
530,0.9330273270606995,0.7143707871437073,0.6857030987739563,1.5482925176620483,0.6887289944031858,0.6846510680053636,0.684086530069353
531,0.9323046803474426,0.7118255496025085,0.6880468726158142,1.5426321029663086,0.6912070712134253,0.6869040685716206,0.6864709232445303
532,0.9348437786102295,0.711316704750061,0.6838281154632568,1.556024193763733,0.6878601068574179,0.6829365018392097,0.6827306483043616
533,0.9365820288658142,0.704547107219696,0.6904687285423279,1.550510048866272,0.6932050313052269,0.6896610105566747,0.6891090456636797
534,0.9348437786102295,0.7078660726547241,0.6876562237739563,1.5625710487365723,0.6909990145519126,0.6868376585298599,0.6865202084452886
535,0.9312304854393005,0.7185515761375427,0.6829687356948853,1.5705146789550781,0.6850435881654836,0.6819878728211946,0.6814280865557266
536,0.931640625,0.7194213271141052,0.6807031035423279,1.5745494365692139,0.683930587946816,0.6796594721084043,0.6792903678569688
537,0.9344531297683716,0.7106920480728149,0.6734374761581421,1.5765655040740967,0.6765936532305006,0.6726793548606262,0.672374621762099
538,0.9344921708106995,0.7089742422103882,0.682421863079071,1.551581621170044,0.686099787903028,0.6815845487126682,0.6813387340343735
539,0.9344726800918579,0.7152982950210571,0.678906261920929,1.574404239654541,0.6821879418365826,0.6782983730140718,0.6779605557557092
540,0.9302148222923279,0.7184268236160278,0.6792968511581421,1.5765337944030762,0.6825872107389155,0.6784459582072919,0.6782727428983812
541,0.9311913847923279,0.7181088924407959,0.6821093559265137,1.5513020753860474,0.6855108606037972,0.6812194097153224,0.680815198213713
542,0.9348046779632568,0.707166850566864,0.6842187643051147,1.565812110900879,0.6874718696313392,0.6832577949852804,0.6825083288947404
543,0.935253918170929,0.7082648277282715,0.6799218654632568,1.560356616973877,0.6832079826487506,0.6790930246983047,0.67895460784492
544,0.9328515529632568,0.7147037386894226,0.6844531297683716,1.567071795463562,0.6875334807991698,0.683726289554177,0.6834918739482148
545,0.9366406202316284,0.7059481739997864,0.6858593821525574,1.5492990016937256,0.689643121622455,0.6852274198580622,0.6846646754068753
546,0.9342578053474426,0.7116404175758362,0.6853125095367432,1.556350827217102,0.6886624104862527,0.6842772144154549,0.6841852352997977
547,0.9326171875,0.7113964557647705,0.6800781488418579,1.5725785493850708,0.6827697745177531,0.6791210377043668,0.6788432809068845
548,0.9360156059265137,0.7086645364761353,0.6858593821525574,1.5622363090515137,0.6893874261304782,0.6849885782838788,0.6850821389795988
549,0.9371093511581421,0.7026693820953369,0.6877343654632568,1.5629551410675049,0.691489989933885,0.6867879607164755,0.6865887313071942
550,0.9350976347923279,0.7071581482887268,0.684765636920929,1.5568552017211914,0.6879377403724078,0.6836964336385439,0.6833374507108421
551,0.9354101419448853,0.7079835534095764,0.6854687333106995,1.5525295734405518,0.6890562364427455,0.6843335329934661,0.6842787104951669
552,0.9371093511581421,0.7042876482009888,0.6817968487739563,1.5712519884109497,0.6864654887422517,0.6809883860147695,0.6808367812900831
553,0.9324414134025574,0.7145360708236694,0.6871093511581421,1.5620357990264893,0.6909300070602651,0.6858923819454454,0.6856317363630835
554,0.934277355670929,0.7065223455429077,0.6841406226158142,1.5671131610870361,0.6875954133113706,0.6830369141443844,0.6827966698783028
555,0.9346874952316284,0.707722544670105,0.6862499713897705,1.5455660820007324,0.6900259010857985,0.6856279470678639,0.6852622328031142
556,0.9352343678474426,0.7079020142555237,0.681640625,1.570448398590088,0.685805851335324,0.6806217074942571,0.6806413309738011
557,0.9335741996765137,0.7085168957710266,0.6841406226158142,1.5563359260559082,0.6874248265359204,0.6829555048194527,0.6829220675298526
558,0.9349023699760437,0.7076260447502136,0.6866406202316284,1.565096378326416,0.6900050367476553,0.6857765085952445,0.6854141727600471
559,0.935742199420929,0.7027599811553955,0.686718761920929,1.556884765625,0.6899364621134354,0.685563387491624,0.685602510912146
560,0.9358203411102295,0.70643150806427,0.6874218583106995,1.5577197074890137,0.6902103163281655,0.6864676622977263,0.686053650236922
561,0.9341406226158142,0.7086224555969238,0.6835156083106995,1.5618617534637451,0.6873636959660869,0.682751119801996,0.6825239116384263
562,0.9330859184265137,0.717638373374939,0.6825781464576721,1.5731027126312256,0.685881672641475,0.6815940275785,0.6814827795452372
563,0.9345898628234863,0.7119778990745544,0.6811718940734863,1.5637532472610474,0.6845098844746954,0.6805794509050899,0.6803132318535183
564,0.9341992139816284,0.7102901935577393,0.6799218654632568,1.5632764101028442,0.6834197823248855,0.6793022894237192,0.6788899832403253
565,0.9348828196525574,0.7074465751647949,0.6784374713897705,1.577014446258545,0.6818673546788716,0.6780645481277924,0.6774845451955457
566,0.9377734661102295,0.7032047510147095,0.6841406226158142,1.5535593032836914,0.6871575588194493,0.6835575819776646,0.6831577124312707
567,0.937304675579071,0.7008765339851379,0.6874218583106995,1.5560168027877808,0.6896544948318479,0.6867158826200654,0.686114209021156
568,0.934765636920929,0.7067263126373291,0.6820312738418579,1.5664938688278198,0.6860326256955678,0.6815241922025,0.6810122285138414
569,0.9350195527076721,0.7071684002876282,0.6869531273841858,1.5550193786621094,0.6898694249352373,0.686269271935583,0.6858253006066768
570,0.9363476634025574,0.7043798565864563,0.6839843988418579,1.5591599941253662,0.6866079995783948,0.6833725393933616,0.6828460769172935
571,0.9332812428474426,0.7100037932395935,0.6862499713897705,1.5437366962432861,0.6894300073288957,0.6855702019387384,0.6853853697945302
572,0.9354101419448853,0.7058946490287781,0.6826562285423279,1.5680824518203735,0.6853150453053192,0.6823012410305543,0.6818184751272394
573,0.9359375238418579,0.704653799533844,0.6852343678474426,1.5585598945617676,0.6878902516389052,0.6845111069973251,0.6842182902663902
574,0.9359570145606995,0.7047014832496643,0.6874218583106995,1.5562348365783691,0.6902320592899965,0.6866579283570726,0.6861381631065944
575,0.9333398342132568,0.7104830741882324,0.6850781440734863,1.568289041519165,0.6882298436964167,0.6843909121253007,0.6838737110767505
576,0.9356250166893005,0.706543505191803,0.6811718940734863,1.5635493993759155,0.6847493442482493,0.6805700606083092,0.6803820335757473
577,0.9348828196525574,0.7059361338615417,0.6798437237739563,1.5640649795532227,0.6835576967989555,0.679240427832779,0.6791211188486522
578,0.9355859160423279,0.7034575939178467,0.6860937476158142,1.5650246143341064,0.6895928785676211,0.6852814996364585,0.6850070328096872
579,0.9349609613418579,0.7130081653594971,0.6851562261581421,1.5711462497711182,0.6880693937060147,0.6841280399013947,0.6839755182788751
580,0.9355273246765137,0.7077893614768982,0.6844531297683716,1.5644301176071167,0.6880181944840122,0.6835137048528233,0.6834940465235354
581,0.9365234375,0.7021811008453369,0.6814062595367432,1.5716403722763062,0.6847390772652575,0.6804409105710838,0.6803024777134196
582,0.9359570145606995,0.7008553147315979,0.6810937523841858,1.567582607269287,0.6855034911822653,0.6804688284538047,0.6801899943405865
583,0.9359375238418579,0.7049104571342468,0.6796875,1.5763790607452393,0.68299674406106,0.6786178129429057,0.6784785240958298
584,0.9358984231948853,0.7075988054275513,0.6839843988418579,1.5501784086227417,0.6867877684853942,0.6830025630827097,0.6825761164185657
585,0.936328113079071,0.7036668658256531,0.684765636920929,1.562652587890625,0.6890898574903941,0.6840048402079566,0.6839708836882683
586,0.9336327910423279,0.7115366458892822,0.688281238079071,1.5520477294921875,0.6910705332297515,0.6871239313124308,0.686833515949423
587,0.9340038895606995,0.7084980607032776,0.682812511920929,1.5646693706512451,0.6862100741109518,0.6824615446960556,0.6821940787203833
588,0.9353320598602295,0.70638108253479,0.6809375286102295,1.5589889287948608,0.6844474692731959,0.6800297959562027,0.6793384031431925
589,0.9365429878234863,0.703136146068573,0.6860937476158142,1.5573233366012573,0.6898556269279384,0.685361902090331,0.685034871302953
590,0.9344531297683716,0.7102594971656799,0.6836718916893005,1.5622793436050415,0.6873650710200395,0.6827049701786914,0.6825844506395953
591,0.9345507621765137,0.7102594971656799,0.6801562309265137,1.5642169713974,0.6833934774170215,0.6793905057851113,0.6790521169537898
592,0.9357226490974426,0.7074682116508484,0.6818749904632568,1.5570276975631714,0.6869570560083353,0.6808923932520115,0.6807290237817833
593,0.9376562237739563,0.7015859484672546,0.6832812428474426,1.5667697191238403,0.6869952710138194,0.6825030881038002,0.6820990184002165
594,0.9399804472923279,0.6915873885154724,0.6882030963897705,1.5526238679885864,0.6912371118649498,0.6874117035689677,0.6869645632844201
595,0.9372460842132568,0.6989861130714417,0.6872656345367432,1.553218126296997,0.6907328760751763,0.6866543619935254,0.6860133409854327
596,0.9357616901397705,0.7036417126655579,0.6813281178474426,1.5724374055862427,0.6843654014483107,0.6806209841557167,0.6800054313159026
597,0.9371289014816284,0.6978487968444824,0.680468738079071,1.5688655376434326,0.6841086857194763,0.6797774495343899,0.6793248747515941
598,0.9388281106948853,0.6952937841415405,0.6839843988418579,1.5609546899795532,0.6879992996992912,0.683274127105092,0.6829253377600881
599,0.9369140863418579,0.7003869414329529,0.6848437786102295,1.5478439331054688,0.688845911965441,0.6838789772609408,0.6836873398447825
600,0.935839831829071,0.705615222454071,0.6850781440734863,1.5538837909698486,0.6890035244540588,0.684462236931515,0.6838902066449034
601,0.9359179735183716,0.7018078565597534,0.6849218606948853,1.5630137920379639,0.6880341196750419,0.6841607114916706,0.683746635352251
602,0.9363672137260437,0.7023876905441284,0.6841406226158142,1.5821222066879272,0.6872374768579622,0.6834030888743796,0.6831235859181773
603,0.9334570169448853,0.7138447761535645,0.6814062595367432,1.5854754447937012,0.6842894939369744,0.680712971872681,0.6802328838285122
604,0.9349023699760437,0.7082576155662537,0.6826562285423279,1.572920322418213,0.6857928292295823,0.681672247371123,0.6813298916755133
605,0.9338672161102295,0.708049476146698,0.684374988079071,1.555430293083191,0.6886966849144718,0.6836633976906612,0.6833275241485008
606,0.9320312738418579,0.7154873013496399,0.6827343702316284,1.5601810216903687,0.6863256361940808,0.6817149711790008,0.6811621912258369
607,0.9366601705551147,0.7030372023582458,0.6880468726158142,1.542479395866394,0.6915108437479736,0.6871727059264717,0.6869534813268219
608,0.9367578029632568,0.7009438872337341,0.696093738079071,1.5321961641311646,0.6996714733085976,0.6955173255321674,0.695140583706989
609,0.9381054639816284,0.6942092180252075,0.6859375238418579,1.5545744895935059,0.6879990736073676,0.6849455991423827,0.684554819851111
610,0.9387304782867432,0.695168137550354,0.6924218535423279,1.5560575723648071,0.6953180616909345,0.6915090371053465,0.6911773416464477
611,0.9369921684265137,0.7044296264648438,0.6853906512260437,1.5693631172180176,0.6892483622784553,0.6846717953484456,0.6843499496384918
612,0.9360937476158142,0.7014782428741455,0.6910937428474426,1.5520219802856445,0.6945061161107207,0.6903297291090796,0.6898818221713198
613,0.9398437738418579,0.6930283308029175,0.6871093511581421,1.5567055940628052,0.690845068172653,0.6862824475521911,0.6861225921428042
614,0.9386132955551147,0.695534884929657,0.6812499761581421,1.5675700902938843,0.6848037160212189,0.680795894043827,0.6801357512449713
615,0.9374023675918579,0.7021932005882263,0.6736719012260437,1.5941685438156128,0.6766378508204083,0.6728962820494877,0.6725759295972189
616,0.9360937476158142,0.7048205733299255,0.6825000047683716,1.5695880651474,0.6859143995388082,0.6817696722814921,0.6812503218461526
617,0.9354882836341858,0.7091836333274841,0.680859386920929,1.5834444761276245,0.6843192212766578,0.6804052512372982,0.6801063242199261
618,0.9350976347923279,0.7056193351745605,0.6871874928474426,1.5743516683578491,0.691303155564805,0.6865314881182594,0.6862976515204429
619,0.9354882836341858,0.7085716724395752,0.681640625,1.5741668939590454,0.6849343545358182,0.6808948000781592,0.6801688504453729
620,0.9345898628234863,0.7055570483207703,0.6835156083106995,1.566948413848877,0.6864919371789899,0.6827516172700542,0.6822160600512406
621,0.9370312690734863,0.7052010893821716,0.6888281106948853,1.5580717325210571,0.6915083553479027,0.6882230068334643,0.6878616252498573
622,0.9394726753234863,0.6974018216133118,0.6825000047683716,1.5633336305618286,0.6854455166538045,0.6817349822879207,0.6815487947618786
623,0.9390429854393005,0.6947988867759705,0.6865624785423279,1.5620979070663452,0.6894888687429126,0.685835425022558,0.6857041986816401
624,0.9370312690734863,0.7006485462188721,0.6850000023841858,1.5705921649932861,0.6890112857508655,0.684206046092309,0.6840522052891456
625,0.936718761920929,0.7010882496833801,0.6822656393051147,1.578163743019104,0.6851801541768833,0.6817049874683296,0.6812229344939515
626,0.9373828172683716,0.6970735788345337,0.6820312738418579,1.5688587427139282,0.6849974588669645,0.6814147665322186,0.6809729842918633
627,0.9382030963897705,0.696519672870636,0.6875,1.5595927238464355,0.6912508037337725,0.687249625971408,0.6870464028771296
628,0.9381054639816284,0.6969032883644104,0.6850000023841858,1.5586315393447876,0.6883393024195794,0.6843291870079444,0.6840321329352346
629,0.9383007884025574,0.6972950100898743,0.6884375214576721,1.5549345016479492,0.6917134181670364,0.6878054631677806,0.687723117182603
630,0.9374023675918579,0.6971970200538635,0.6814062595367432,1.5608285665512085,0.6842320810869618,0.6804727964685803,0.6801191168422032
631,0.9387890696525574,0.6966302394866943,0.6792968511581421,1.5764148235321045,0.6826623618088123,0.6787256713836232,0.6782668110746384
632,0.9335156083106995,0.7079974412918091,0.6831250190734863,1.5674045085906982,0.6862818275356937,0.6822745341585398,0.6818456262467694
633,0.9366015791893005,0.7022948265075684,0.6862499713897705,1.5724740028381348,0.6895796221719772,0.6855761062186589,0.6850999178328382
634,0.9370507597923279,0.7029148936271667,0.6821874976158142,1.5815585851669312,0.6854192642355501,0.6813917524537916,0.6810637783067937
635,0.9388281106948853,0.6935354471206665,0.6857030987739563,1.566399335861206,0.6890524108577194,0.6850334671667851,0.6845580920689969
636,0.9381250143051147,0.6994045376777649,0.6853125095367432,1.5608526468276978,0.6887556617016811,0.6842013016669706,0.6837616825172234
637,0.9390038847923279,0.6949804425239563,0.6809375286102295,1.5635714530944824,0.6844450224785774,0.6801563029335362,0.6800313600649628
638,0.938281238079071,0.6991994976997375,0.6788281202316284,1.5616320371627808,0.6821788744514363,0.6781566518791878,0.6777452307850443
639,0.9383984208106995,0.696627676486969,0.6821093559265137,1.5620753765106201,0.6856915621805492,0.6809578100787188,0.680400877712347
640,0.9362109303474426,0.6997265815734863,0.6795312762260437,1.5767685174942017,0.6829579395399229,0.6784081145805727,0.6783103062609028
641,0.9375390410423279,0.7038050889968872,0.6817968487739563,1.579942226409912,0.6850488713627332,0.6808430657929544,0.6804760541901169
642,0.9367773532867432,0.7012112140655518,0.6821093559265137,1.5701048374176025,0.6850495433997553,0.6815260956099309,0.6812516665277356
643,0.9373828172683716,0.699145495891571,0.6850781440734863,1.5619289875030518,0.6884897525090545,0.6843264599341887,0.6840348788916928
644,0.9375585913658142,0.6979697942733765,0.6775000095367432,1.5872972011566162,0.6814766181278313,0.6770430342934181,0.6768380631368954
645,0.937207043170929,0.7016138434410095,0.6781250238418579,1.5710530281066895,0.6819863366358474,0.6776010890947204,0.6772940276150177
646,0.9387304782867432,0.6959502696990967,0.6798437237739563,1.5796425342559814,0.6838522621862222,0.6790145345000338,0.6787697507097123
647,0.9366406202316284,0.7001953721046448,0.6849218606948853,1.5797297954559326,0.6879675064115707,0.6844262722885867,0.684040072565682
648,0.9384961128234863,0.6960914731025696,0.675000011920929,1.6000076532363892,0.6785839524607509,0.6740972475067022,0.6737746155593476
649,0.9352734088897705,0.7099385857582092,0.6830468773841858,1.5810682773590088,0.6864704335686033,0.6824967351574491,0.682046013599445
650,0.9397656321525574,0.6926360130310059,0.6784374713897705,1.5869920253753662,0.6823024465236679,0.6775329571002742,0.6774646496459764
651,0.9387109279632568,0.6962271332740784,0.6786718964576721,1.5764803886413574,0.6815846834006081,0.6775469674098726,0.6775331035556031
652,0.9383007884025574,0.6966108083724976,0.6805468797683716,1.560004711151123,0.6835671539984849,0.6798719332479239,0.6793312870882986
653,0.9394921660423279,0.6923388838768005,0.6839062571525574,1.5708218812942505,0.6862369386138701,0.6833597576447141,0.682926397930937
654,0.9404687285423279,0.6912961602210999,0.6803125143051147,1.5791077613830566,0.6832342936514844,0.6794120619456979,0.6789209048091882
655,0.938281238079071,0.6971195340156555,0.6853906512260437,1.565556287765503,0.6883808204673614,0.6845373691551954,0.6840805862788643
656,0.9385741949081421,0.6981227397918701,0.682812511920929,1.5688960552215576,0.6861954538969196,0.6819238430533969,0.681611718151893
657,0.9353906512260437,0.7039723992347717,0.6807812452316284,1.5781255960464478,0.683949628457501,0.6800297744770604,0.6794301714288729
658,0.9366210699081421,0.7030586004257202,0.6856250166893005,1.5704944133758545,0.689489517861548,0.6850110034802865,0.6844598125171082
659,0.9372265338897705,0.6989169120788574,0.6803125143051147,1.5732461214065552,0.6840168306838426,0.6793535969585229,0.6788834956067242
660,0.938281238079071,0.6999713182449341,0.6851562261581421,1.55067777633667,0.6892862228410049,0.6841261682387989,0.6838709548232473
661,0.937207043170929,0.7023655772209167,0.6803125143051147,1.5777809619903564,0.6835095849495978,0.6792499142799469,0.6787519255696812
662,0.9375390410423279,0.7012622952461243,0.6820312738418579,1.5624841451644897,0.6855398056691415,0.6807208833804099,0.6806120369924489
663,0.9377343654632568,0.7016972899436951,0.6757031083106995,1.5882779359817505,0.6790191690193157,0.6748923639528837,0.6744715097842064
664,0.9393163919448853,0.6943262219429016,0.6809375286102295,1.5583997964859009,0.6830477026858246,0.6800220457887542,0.6794695729962932
665,0.9380273222923279,0.6969735026359558,0.6815624833106995,1.566314697265625,0.6847968224662068,0.6806387098750606,0.680002034079457
666,0.9371289014816284,0.697821855545044,0.681640625,1.5782477855682373,0.684204297440256,0.6808945466270273,0.6799777298853404
667,0.9383007884025574,0.696549654006958,0.6825000047683716,1.5693387985229492,0.6856132020963658,0.681455353499006,0.681206924313103
668,0.9388281106948853,0.6946519613265991,0.6853125095367432,1.5770074129104614,0.6888186435700916,0.6842121612991219,0.6838262877802672
669,0.9389843940734863,0.695668637752533,0.6835156083106995,1.5604573488235474,0.6868544285501235,0.6823852841561828,0.6817548728779137
670,0.9379687309265137,0.6972192525863647,0.6825000047683716,1.5712666511535645,0.6852502327942731,0.6812045567505525,0.6806350898266665
671,0.9381640553474426,0.7020614743232727,0.6803125143051147,1.5776183605194092,0.6833224688669873,0.6792822311869187,0.678928315078922
672,0.9366992115974426,0.7015040516853333,0.6838281154632568,1.5715992450714111,0.6870104128416656,0.6832828630959429,0.6825084695417599
673,0.9396093487739563,0.6936113238334656,0.6789844036102295,1.5782432556152344,0.6818832436427482,0.6780412088999725,0.6776622712354534
674,0.939648449420929,0.6939364075660706,0.6822656393051147,1.5651077032089233,0.6856982581051704,0.681444821078171,0.6811189297410207
675,0.9389452934265137,0.69673752784729,0.678906261920929,1.5707008838653564,0.6822934804456668,0.6779173517701221,0.6776522404865034
676,0.9386132955551147,0.6948118805885315,0.6832812428474426,1.563984990119934,0.6860968366588067,0.6822576009586683,0.6819201448283485
677,0.940234363079071,0.6913779377937317,0.6790624856948853,1.587538719177246,0.6825650834596328,0.6781481643025196,0.6779013785642118
678,0.9396288990974426,0.6938275694847107,0.6782812476158142,1.5828231573104858,0.6817746748430998,0.6776489368866321,0.6771880166225953
679,0.9383398294448853,0.6994600892066956,0.6839843988418579,1.5709757804870605,0.6868124835133915,0.6832756474674815,0.6827710151187067
680,0.9387500286102295,0.6936653852462769,0.6851562261581421,1.5611059665679932,0.6874088152048045,0.6843739638422155,0.6838637825716806
681,0.9385741949081421,0.6962604522705078,0.6819531321525574,1.5735450983047485,0.6852067221628013,0.6811435917731512,0.6807461826510057
682,0.9379101395606995,0.6981696486473083,0.680859386920929,1.5770454406738281,0.6839747359907107,0.68015921582995,0.6799450937368479
683,0.936718761920929,0.6986511945724487,0.6762499809265137,1.5936121940612793,0.6793539655800149,0.6754487398142524,0.6751784966778261
684,0.9382617473602295,0.6965993642807007,0.6851562261581421,1.573897123336792,0.6880833134532492,0.6845503822933378,0.683864341314983
685,0.9413281083106995,0.6858633160591125,0.6872656345367432,1.579372525215149,0.6904503072446571,0.6862813660832956,0.685774315136191
686,0.9403320550918579,0.6905408501625061,0.680859386920929,1.5954211950302124,0.6840956007147331,0.6803860371919304,0.6798730538091087
687,0.9394921660423279,0.693672239780426,0.678906261920929,1.5900442600250244,0.6813149648659087,0.6780074249770217,0.677320175198409
688,0.9393945336341858,0.6950068473815918,0.6776562333106995,1.590019702911377,0.6809225662976383,0.6766498521747637,0.6761913184882142
689,0.9357030987739563,0.7089542150497437,0.6822656393051147,1.6007362604141235,0.6860180556409957,0.6816762597216286,0.6813987900152307
690,0.9353711009025574,0.708479642868042,0.6801562309265137,1.5901814699172974,0.683359015641388,0.679346310193018,0.6788071585174045
691,0.9376562237739563,0.7001864910125732,0.6829687356948853,1.5829379558563232,0.6859716007268976,0.6823415177362713,0.6817868732203407
692,0.9367969036102295,0.7011591196060181,0.6853906512260437,1.5637257099151611,0.6882808876150458,0.6845583794368715,0.6842248530761272
693,0.9383593797683716,0.6995571851730347,0.6859375238418579,1.5794798135757446,0.6885827950815814,0.6850796012020546,0.684554274994359
694,0.9384375214576721,0.6993452310562134,0.6806250214576721,1.5834414958953857,0.6837393122176466,0.6797423755135911,0.6793616811466745
695,0.9393749833106995,0.695415735244751,0.6834375262260437,1.5630301237106323,0.6864044928961807,0.6828016943304765,0.6821662477570904
696,0.9380273222923279,0.7005162239074707,0.6860156059265137,1.5740543603897095,0.6887107160392174,0.6854382623141523,0.684848627164796
697,0.9393554925918579,0.6955226063728333,0.6887500286102295,1.5594085454940796,0.6919868724352898,0.6881154890293191,0.6878219121763087
698,0.939453125,0.696352481842041,0.6865624785423279,1.5803087949752808,0.6891633681175484,0.6863269857543031,0.6856769114113548
699,0.9402734637260437,0.6952962279319763,0.6844531297683716,1.567522406578064,0.6875806566967547,0.6840779043137142,0.6837343000029323
700,0.9401757717132568,0.6899874806404114,0.6850781440734863,1.5652611255645752,0.6879282209550753,0.6842499870992556,0.684190569163904
701,0.9404492378234863,0.6912956237792969,0.6814844012260437,1.5862371921539307,0.6846972633289148,0.6806985213249693,0.6802837984908856
702,0.9427148699760437,0.6827637553215027,0.6850000023841858,1.556925654411316,0.6884076038230795,0.6843084550826242,0.6841745920061244
703,0.9408203363418579,0.6908146739006042,0.6862499713897705,1.5580625534057617,0.6902100314252647,0.6857556387697212,0.6855017696643371
704,0.93994140625,0.6904334425926208,0.6892187595367432,1.563997507095337,0.692395025382798,0.6889270084312691,0.6883116188602859
705,0.9386913776397705,0.6953596472740173,0.6898437738418579,1.5683811902999878,0.6930936208353636,0.6895840230864663,0.6891089364915873
706,0.9391992092132568,0.6935639381408691,0.6842968463897705,1.560292363166809,0.6877688184877243,0.6838790824851524,0.6834421275622478
707,0.9384961128234863,0.6964612603187561,0.6889843940734863,1.5648658275604248,0.6925275936537973,0.6886722991633896,0.6882790483159533
708,0.9398437738418579,0.6949071288108826,0.6929687261581421,1.5506213903427124,0.6965936052631511,0.6929852856156622,0.6925633647493525
709,0.9393554925918579,0.6925161480903625,0.685546875,1.5591315031051636,0.688821944024538,0.6851832903890838,0.6846306858370379
710,0.9405273199081421,0.6906920671463013,0.6857030987739563,1.578505039215088,0.6893035070611704,0.6852405727273639,0.684591855822853
711,0.9398046731948853,0.6901773810386658,0.6836718916893005,1.5814164876937866,0.6866531473952577,0.6830391852471316,0.6824700577681713
712,0.9372851848602295,0.695854663848877,0.6860156059265137,1.5867003202438354,0.6896314300192639,0.6855308238380409,0.68509124133818
713,0.9378710985183716,0.6974735856056213,0.6806250214576721,1.5746372938156128,0.6837345122155376,0.6803594382298737,0.6797350100662589
714,0.9379101395606995,0.6979972720146179,0.6814062595367432,1.5739531517028809,0.6848271971380318,0.681028176938312,0.6806492732935319
715,0.9383984208106995,0.6972264647483826,0.6785937547683716,1.5764753818511963,0.6828507482250493,0.6780282317859487,0.6775598933599584
716,0.9383203387260437,0.6993385553359985,0.684765636920929,1.5709878206253052,0.6889569705953289,0.6840117627603561,0.6834548765314905
717,0.9392969012260437,0.6940250396728516,0.686718761920929,1.56870436668396,0.6897742853774123,0.6860944379366121,0.6859174610347261
718,0.9380859136581421,0.6945072412490845,0.6880468726158142,1.5652776956558228,0.6918640741962935,0.6870329463082804,0.6867492586471158
719,0.940722644329071,0.6911594271659851,0.6831250190734863,1.5816081762313843,0.687117980325644,0.6821663589373105,0.6816760641730882
720,0.9410937428474426,0.6897398233413696,0.6861718893051147,1.5843979120254517,0.690252665459232,0.6853649951061677,0.685130914364986
721,0.9390429854393005,0.6965215802192688,0.6814844012260437,1.5798825025558472,0.6849777162330473,0.6809222451708237,0.6804697354415925
722,0.9401757717132568,0.6926522850990295,0.6860937476158142,1.5652055740356445,0.689240663014036,0.6855866513307391,0.6849229816138396
723,0.9384961128234863,0.6947036981582642,0.6850000023841858,1.5638937950134277,0.6883124116680093,0.6842645275656286,0.6839353626346071
724,0.9399609565734863,0.6924353241920471,0.6891406178474426,1.5731306076049805,0.6927514494532769,0.6882731837340968,0.6879242062210109
725,0.9391015768051147,0.6960357427597046,0.686328113079071,1.5704429149627686,0.6898453218026609,0.6853800939183632,0.6849753997492949
726,0.9379687309265137,0.694688618183136,0.6796875,1.5936410427093506,0.6840274634771156,0.6789206196579507,0.6787174090834667
727,0.9407421946525574,0.692156195640564,0.6820312738418579,1.5866446495056152,0.6857611733318023,0.681227747340175,0.6811582916183611
728,0.9384179711341858,0.6970866322517395,0.6780468821525574,1.5869739055633545,0.6817966199875813,0.6771780103649384,0.6768958960538461
729,0.9393359422683716,0.6932741403579712,0.6853906512260437,1.559211015701294,0.6890898775178244,0.6845485871450154,0.6844708236898389
730,0.9383007884025574,0.6925597190856934,0.6845312714576721,1.557073712348938,0.6887259001678858,0.6836684739311136,0.6835814005888251
731,0.9392969012260437,0.698004961013794,0.682421863079071,1.5684747695922852,0.6859151810985371,0.6817187758114707,0.681488726414186
732,0.9416406154632568,0.6886301636695862,0.6780468821525574,1.5897620916366577,0.6810857104092142,0.6770983332105609,0.676908172095182
733,0.9406640529632568,0.6900716423988342,0.6813281178474426,1.575605034828186,0.6842316960958484,0.6801432012821156,0.6795355116012399
734,0.941699206829071,0.6861422061920166,0.6892187595367432,1.5679479837417603,0.6927286243371679,0.6883218496115043,0.6881505368469281
735,0.9416406154632568,0.6842291951179504,0.6857812404632568,1.5828708410263062,0.6913562375146969,0.6849554184095172,0.6850092585375462
736,0.9399804472923279,0.6922329664230347,0.689453125,1.5878889560699463,0.6934290051997591,0.688982551142648,0.6885290612981836
737,0.9394921660423279,0.6926455497741699,0.6787499785423279,1.5906659364700317,0.6819440884267081,0.6781453955798156,0.6776841918504308
738,0.9421484470367432,0.6844801306724548,0.686328113079071,1.5800174474716187,0.6902428149364854,0.6855746276899317,0.6852940281133967
739,0.9389062523841858,0.6945463418960571,0.685546875,1.5722918510437012,0.6887579692326772,0.6848585747557343,0.6846851646923806
740,0.9402929544448853,0.6902278065681458,0.6860937476158142,1.5515154600143433,0.6894598168228699,0.6855057302712839,0.6852129233889654
741,0.9397851824760437,0.6922631859779358,0.6884375214576721,1.5741844177246094,0.6919766717904953,0.6876438270985117,0.6871393085106018
742,0.9400585889816284,0.6935798525810242,0.6861718893051147,1.563198447227478,0.6895734001983282,0.6849254362702907,0.6850276675111149
743,0.9403515458106995,0.6880915760993958,0.6877343654632568,1.5585933923721313,0.6906466828140618,0.68668788579598,0.6865027823513388
744,0.9391015768051147,0.6915026307106018,0.684765636920929,1.5804169178009033,0.6883680267019356,0.6840402686813707,0.6840230742308361
745,0.9406836032867432,0.6879918575286865,0.6885937452316284,1.5596938133239746,0.6918636078736062,0.6878786374355328,0.6877973547588245
746,0.9413866996765137,0.689583957195282,0.6908593773841858,1.5649462938308716,0.6942498772871083,0.6899697906020198,0.6899264070084267
747,0.9381250143051147,0.6960276961326599,0.6840624809265137,1.5845527648925781,0.6880941284296966,0.6834336761156776,0.6831088372727683
748,0.9433007836341858,0.68506920337677,0.6822656393051147,1.5834286212921143,0.6864830798252133,0.6812763442553228,0.6810814249540008
749,0.9381640553474426,0.6965959668159485,0.6807812452316284,1.5877711772918701,0.6848241639170929,0.6800173170369309,0.6798395595843377
750,0.9394921660423279,0.6962869763374329,0.6825781464576721,1.593907117843628,0.685972279667183,0.6819715244528111,0.68169447617077
751,0.93994140625,0.694796621799469,0.6839843988418579,1.5918443202972412,0.6874312493471031,0.6834559213187421,0.6831810799931737
752,0.9395898580551147,0.696534276008606,0.682812511920929,1.5886483192443848,0.6863181412056242,0.682002126525146,0.6816263414155511
753,0.9391406178474426,0.6964075565338135,0.6842187643051147,1.5895558595657349,0.6878488413504871,0.6836053193349826,0.6835134729894078
754,0.9386523365974426,0.6964354515075684,0.6883593797683716,1.56791090965271,0.6921647725588137,0.6875572592641798,0.6874036061848058
755,0.9395703077316284,0.6927865743637085,0.686718761920929,1.5705317258834839,0.6890074791575498,0.6859014504483212,0.6856533944758714
756,0.9401953220367432,0.6902881860733032,0.6842187643051147,1.5690182447433472,0.6885553680577584,0.683640528085636,0.6833567911929811
757,0.9404687285423279,0.6889969706535339,0.6821874976158142,1.588220238685608,0.6856469743672552,0.6813751722765884,0.6811866852518775
758,0.9409570097923279,0.6901881694793701,0.6875,1.5659384727478027,0.6912514658924735,0.6868979401694586,0.6868368125595549
759,0.9391992092132568,0.6934651136398315,0.6871874928474426,1.568413257598877,0.690849749694026,0.6863501661069455,0.6860090789557495
760,0.9435351490974426,0.6830912232398987,0.6859375238418579,1.5690979957580566,0.6891871941179806,0.6850810404688108,0.6845813480374268
761,0.9424999952316284,0.6835925579071045,0.688671886920929,1.557154655456543,0.6921559142412721,0.6879327712386105,0.6875529078484384
762,0.9429882764816284,0.6831820607185364,0.6817968487739563,1.5979065895080566,0.6855189713696996,0.6808369189863772,0.6804379459504707
763,0.9400195479393005,0.6886466145515442,0.680859386920929,1.5908513069152832,0.6844450558284274,0.6799870122065381,0.6797696031434335
764,0.9384765625,0.6953790187835693,0.686328113079071,1.5575414896011353,0.6905870463878865,0.6855459802643238,0.6851743726406543
765,0.9377539157867432,0.6981181502342224,0.6832812428474426,1.5847686529159546,0.6871325438832332,0.6826546581231395,0.6822912683314452
766,0.9397851824760437,0.6913252472877502,0.6842187643051147,1.578371286392212,0.6883634445374901,0.6832309574203814,0.6825864070057535
767,0.9408789277076721,0.6905703544616699,0.6833593845367432,1.566880702972412,0.6872566125642924,0.6826252032923517,0.6822158010438005
768,0.9395703077316284,0.6889318823814392,0.6814844012260437,1.571933388710022,0.685355314923654,0.6806596888838214,0.6802991436603394
769,0.9429882764816284,0.6835856437683105,0.6846874952316284,1.5729336738586426,0.6883793004040135,0.6845301824341188,0.6839691187256605
770,0.9432617425918579,0.6831122040748596,0.6920312643051147,1.5451163053512573,0.6955415413298867,0.691640148460074,0.691088756043482
771,0.9433398246765137,0.6810989379882812,0.68359375,1.5736373662948608,0.6869886146879407,0.683094815372875,0.6826203464563054
772,0.9402734637260437,0.6867034435272217,0.6892187595367432,1.5558260679244995,0.6931008535829309,0.6887253624602963,0.6881984165722557
773,0.9404101371765137,0.6887713074684143,0.6839843988418579,1.5669219493865967,0.6876770654689905,0.6831844205302404,0.6830453549733903
774,0.9422656297683716,0.6829130053520203,0.6850781440734863,1.5758472681045532,0.6883545632530883,0.6842151044123823,0.683961569156137
775,0.9416210651397705,0.6852735280990601,0.6837499737739563,1.5650606155395508,0.6873251595913559,0.6826402475323934,0.6820461978029635
776,0.9412890672683716,0.6857358813285828,0.685546875,1.573549509048462,0.6882106360009508,0.6846146794479508,0.684282967273781
777,0.9433007836341858,0.681842565536499,0.688671886920929,1.5666881799697876,0.6912594220503976,0.6877829033353684,0.6873715654278258
778,0.9418359398841858,0.6867844462394714,0.6780468821525574,1.5977342128753662,0.6823414902885758,0.6776733005837882,0.6776110519668264
779,0.9378710985183716,0.6970625519752502,0.6853125095367432,1.5759793519973755,0.6889891540738775,0.6847613321711249,0.6843622483177263
780,0.9399023652076721,0.6935098171234131,0.6789844036102295,1.598626732826233,0.6824980903512528,0.6785535682547943,0.6782151632678524
781,0.9399804472923279,0.6895698308944702,0.6867969036102295,1.5805883407592773,0.690281216495283,0.6863138714630668,0.6860903282042659
782,0.9415820240974426,0.6849143505096436,0.6901562213897705,1.5716689825057983,0.6944235713941833,0.6896346130161782,0.6893360387478273
783,0.9411523342132568,0.6894721388816833,0.6946094036102295,1.5597853660583496,0.6981380773559517,0.6939320089632994,0.6936914704035368
784,0.9400390386581421,0.6904280185699463,0.6967187523841858,1.5540510416030884,0.6995617611665228,0.6956991867877094,0.695377086395775
785,0.941113293170929,0.6876830458641052,0.6907812356948853,1.5740314722061157,0.6943120378204678,0.6899829880003923,0.689818509390483
786,0.9408593773841858,0.6958139538764954,0.6875,1.5748562812805176,0.6908289165215181,0.6869565949848365,0.6864448138013206
787,0.9417577981948853,0.6870685815811157,0.6909375190734863,1.553737759590149,0.6945963311309843,0.6903453426412884,0.6902080368933845
788,0.9414452910423279,0.6901414394378662,0.6911718845367432,1.5484764575958252,0.6945587229844874,0.6905056299139777,0.6902082632488054
789,0.941601574420929,0.6849719285964966,0.6923437714576721,1.5660676956176758,0.6957703424102168,0.691669075021037,0.6912941339116636
790,0.939746081829071,0.6912232041358948,0.6916406154632568,1.5600762367248535,0.6952022948612888,0.6909161558767234,0.6906667658151344
791,0.9400390386581421,0.6897047162055969,0.6877343654632568,1.5691173076629639,0.6906325295497402,0.6868749860445176,0.6865294676499346
792,0.9407421946525574,0.687137246131897,0.6838281154632568,1.5737115144729614,0.6883245587157775,0.6833551706290704,0.6831425164092089
793,0.9417773485183716,0.6887675523757935,0.6916406154632568,1.5494494438171387,0.6949988818806184,0.6908426866871151,0.690443949426843
794,0.9398828148841858,0.6898416876792908,0.6862499713897705,1.5681469440460205,0.6899118202777054,0.6854196343245178,0.6852547467422163
795,0.9423632621765137,0.6838972568511963,0.6864062547683716,1.57319974899292,0.6902214132542209,0.6853673011632313,0.6852714765820571
796,0.9405664205551147,0.6866512298583984,0.6910156011581421,1.5598411560058594,0.6944093082754887,0.6904110775333782,0.6902894029479579
797,0.9386913776397705,0.6962743997573853,0.6841406226158142,1.5872759819030762,0.6876996050893283,0.6831700681715539,0.6830103348138923
798,0.9419531226158142,0.6852778792381287,0.6862499713897705,1.5771862268447876,0.6902154657858464,0.6853540240835783,0.6852805340554561
799,0.9409375190734863,0.6843454837799072,0.6846093535423279,1.5878891944885254,0.6878069510129206,0.6835211389258982,0.6833185714700851
800,0.9414648413658142,0.6856351494789124,0.685546875,1.5964055061340332,0.6890282142556811,0.6846950610611393,0.6845616187196774
801,0.9423632621765137,0.6853025555610657,0.6865624785423279,1.5827102661132812,0.6898392724372169,0.6856763235165622,0.6858110656715811
802,0.9413672089576721,0.6865679025650024,0.6793749928474426,1.5855202674865723,0.6827309121634662,0.6785194796365956,0.6785820848921964
803,0.9417577981948853,0.6872590780258179,0.676953136920929,1.5998631715774536,0.6794391226555403,0.6765928867586637,0.6760811798790594
804,0.9425390362739563,0.6860378980636597,0.6839062571525574,1.583769679069519,0.6861224074561398,0.6831871402293159,0.682629780175805
805,0.942578136920929,0.680314838886261,0.6813281178474426,1.5979613065719604,0.6840997723783845,0.6800713365655098,0.6797585877490933
806,0.9435155987739563,0.6828204989433289,0.6796875,1.6040582656860352,0.6820646841021958,0.679024217779755,0.678616203028461
807,0.9409765601158142,0.6827155351638794,0.6825781464576721,1.5943456888198853,0.6865490332820167,0.6817691746275222,0.6816666351229562
808,0.9422070384025574,0.6829313635826111,0.6812499761581421,1.601314663887024,0.684490331706462,0.6804082369320703,0.6801842150532817
809,0.9404296875,0.6871945858001709,0.6823437213897705,1.589133620262146,0.6849761718779995,0.6816725787279605,0.6812879796157025
810,0.9433203339576721,0.6843215823173523,0.6831250190734863,1.5782166719436646,0.6861697898416892,0.6823845836269419,0.6822182601362974
811,0.9397070407867432,0.6893976330757141,0.6860156059265137,1.5882904529571533,0.6888745881506488,0.6852162749320732,0.6847719704054678
812,0.9412695169448853,0.6866318583488464,0.6846093535423279,1.576406717300415,0.6885791659277732,0.683718879323624,0.6835096633006483
813,0.9398046731948853,0.6911847591400146,0.6850781440734863,1.5891996622085571,0.6884895129783433,0.6842605191295934,0.6840099285621744
814,0.9417383074760437,0.6849270462989807,0.6849218606948853,1.5779186487197876,0.6884978737059234,0.6836468506089515,0.6835373313469802
815,0.9406836032867432,0.6885945200920105,0.6856250166893005,1.5785984992980957,0.6893011109861138,0.6847664218343157,0.6846827730657211
816,0.9438866972923279,0.6815371513366699,0.6867969036102295,1.5744034051895142,0.6899465505629074,0.6860292134460142,0.6857162675810368
817,0.943066418170929,0.6795586943626404,0.6842968463897705,1.5878829956054688,0.686992114515603,0.6834858477130374,0.6831522525429683
818,0.9429101347923279,0.6822595000267029,0.6822656393051147,1.5943135023117065,0.6849294869973455,0.6814825399301632,0.6809483846447559
819,0.9434765577316284,0.6793262362480164,0.6856250166893005,1.5843325853347778,0.689230179553346,0.6847359080379198,0.6843499754065587
820,0.9412890672683716,0.6836628913879395,0.682421863079071,1.5954298973083496,0.6864385431620321,0.681457653598176,0.6813687653667737
821,0.9422656297683716,0.6833075881004333,0.6785937547683716,1.5858567953109741,0.6819607833906807,0.6774369266280161,0.6773692157078501
822,0.9417968988418579,0.6863633990287781,0.6811718940734863,1.585134744644165,0.6841215257699196,0.6800569157724976,0.6795626616815869
823,0.9440624713897705,0.6809980273246765,0.6799218654632568,1.6112701892852783,0.6824170838741419,0.6791694119287737,0.6788246516109677
824,0.9411327838897705,0.6869860887527466,0.6859375238418579,1.5936909914016724,0.6889035014225839,0.6854759076532817,0.6847765289816321
825,0.9406640529632568,0.6893743872642517,0.6800781488418579,1.6152812242507935,0.6829116124697214,0.6795029090643054,0.6790193393517123
826,0.9410741925239563,0.686958909034729,0.6834375262260437,1.6050797700881958,0.6863218513688352,0.6827108542113713,0.6820253149827326
827,0.9417187571525574,0.6830891966819763,0.6814062595367432,1.5979986190795898,0.6849417549266534,0.680711069994739,0.680405162632361
828,0.940234363079071,0.6908860206604004,0.6821093559265137,1.608851671218872,0.6853433696127045,0.6812195684535749,0.680785059318368
829,0.9400976300239563,0.6899282336235046,0.6846874952316284,1.5962414741516113,0.688115515314323,0.6839726124580817,0.6833132038272675
830,0.940136730670929,0.6891749501228333,0.6869531273841858,1.5913896560668945,0.6895893663872079,0.6863477856166826,0.6857393796990126
831,0.9408789277076721,0.6914752125740051,0.6815624833106995,1.5889662504196167,0.6849911175356223,0.680632175916157,0.6801538436131481
832,0.9414648413658142,0.6850183010101318,0.6773437261581421,1.593743920326233,0.6808080012211613,0.6767904878174618,0.6761569624555754
833,0.9428906440734863,0.6830796599388123,0.6864062547683716,1.584653615951538,0.6899640114495527,0.6856988226974778,0.6849709432713318
834,0.9442773461341858,0.6784907579421997,0.6893749833106995,1.5655804872512817,0.6931246810642341,0.6888209659264541,0.6884977538024086
835,0.9424999952316284,0.6855849623680115,0.6810156106948853,1.5977357625961304,0.6848510930812923,0.6802658321440893,0.6801509801601514
836,0.9388672113418579,0.6959209442138672,0.6809375286102295,1.5993397235870361,0.6847369254511986,0.680498684035796,0.6796966753010415
837,0.9399999976158142,0.6894561648368835,0.6832031011581421,1.6047602891921997,0.6868833141464394,0.6826318229237365,0.6822983769132076
838,0.9417968988418579,0.6855645775794983,0.6835156083106995,1.580642819404602,0.6865191899980081,0.6830465075083425,0.682573521378693
839,0.9404492378234863,0.6911041736602783,0.680468738079071,1.6155726909637451,0.6840866753310961,0.6798878762910772,0.6794805801278839
840,0.9413476586341858,0.6892542839050293,0.6865624785423279,1.5838525295257568,0.6894673581417792,0.685926198253697,0.685226627313128
841,0.9430273175239563,0.6835777163505554,0.6852343678474426,1.59784734249115,0.6883658282593248,0.6845454671513718,0.684144720828241
842,0.9418554902076721,0.6876406073570251,0.6837499737739563,1.5911188125610352,0.6873051108552859,0.683206877580564,0.6826680924528249
843,0.9431445598602295,0.6818155646324158,0.6860937476158142,1.5871471166610718,0.689672349475122,0.6857150530183699,0.6853323480623031
844,0.9436132907867432,0.6803580522537231,0.6860937476158142,1.5889859199523926,0.6894179387767014,0.6855892227472861,0.6849481899599885
845,0.9424609541893005,0.6821905374526978,0.6903125047683716,1.5802017450332642,0.6935187914963146,0.6895974689305788,0.6888704450251505
846,0.9430078268051147,0.6795002818107605,0.6853906512260437,1.5765970945358276,0.6894946515539965,0.6848555500469973,0.6845921952456824
847,0.9428515434265137,0.6812849640846252,0.682812511920929,1.591739296913147,0.6860001152369681,0.6818524561688512,0.6814118039841446
848,0.942675769329071,0.6833503842353821,0.680859386920929,1.6019665002822876,0.6837306064510397,0.679961516330911,0.6796375165343183
849,0.9447656273841858,0.678977370262146,0.6807812452316284,1.6011794805526733,0.6839547787840425,0.6799161606869883,0.6794305219546439
850,0.9431250095367432,0.6814619302749634,0.6802343726158142,1.5818403959274292,0.6831115266218579,0.6796860986472786,0.6792405417327035
851,0.9423437714576721,0.6832405924797058,0.6853125095367432,1.5891019105911255,0.6888012631564108,0.6847981140430626,0.6843595399685147
852,0.9430078268051147,0.6799771189689636,0.6884375214576721,1.5820823907852173,0.6922604662983425,0.6877749706013839,0.6874509186561425
853,0.9429101347923279,0.6788849830627441,0.684374988079071,1.5859367847442627,0.6873089943646111,0.683610183093128,0.683377422189051
854,0.9424999952316284,0.6826226711273193,0.69140625,1.5832056999206543,0.6944077512923557,0.6905423114846572,0.690141271721339
855,0.943554699420929,0.6821920871734619,0.6851562261581421,1.601864218711853,0.6884178492690932,0.68466157399974,0.6841464154655942
856,0.942578136920929,0.6813210844993591,0.6802343726158142,1.6128709316253662,0.6840506218169959,0.679759795796827,0.6794463874506034
857,0.9422265887260437,0.6835843920707703,0.676562488079071,1.631198763847351,0.6810318604848045,0.6760935084230657,0.6760412362387265
858,0.9425390362739563,0.6840828061103821,0.6795312762260437,1.6091570854187012,0.6838885137729194,0.6787310005797633,0.6785777691566512
859,0.9414258003234863,0.6846542358398438,0.6878906488418579,1.588373064994812,0.6914859142642733,0.6870668720428605,0.6868330197339143
860,0.9441797137260437,0.6805719137191772,0.6797656416893005,1.6039389371871948,0.6838062036835226,0.6791227686335315,0.6788491873341795
861,0.9446484446525574,0.6805610060691833,0.6814062595367432,1.6023391485214233,0.6842178013778373,0.6806777677798093,0.6801470367591389
862,0.9413086175918579,0.6844943165779114,0.6796875,1.6273868083953857,0.683467207374914,0.6790807667117096,0.6789336559721901
863,0.9399218559265137,0.691159725189209,0.6814062595367432,1.6044925451278687,0.685107859907782,0.6806559083633994,0.6804356314170807
864,0.9415624737739563,0.6850042939186096,0.6801562309265137,1.6127870082855225,0.6840284300385727,0.6795670972455558,0.6792824987564046
865,0.9423242211341858,0.6817087531089783,0.6814844012260437,1.5903303623199463,0.6848862261265083,0.6810607061651474,0.6805699165503716
866,0.9413281083106995,0.6849310398101807,0.6814062595367432,1.5982997417449951,0.6844593880041165,0.6804327478029726,0.6800702809661145
867,0.9437890648841858,0.682064950466156,0.681640625,1.5975004434585571,0.6853134005299186,0.6808933162670074,0.6805939521439835
868,0.9427539110183716,0.6843734979629517,0.6830468773841858,1.6048327684402466,0.686351675544257,0.6823020261703673,0.6818675707547952
869,0.9428515434265137,0.679161548614502,0.6792968511581421,1.6137100458145142,0.6835908961993851,0.6785925595022674,0.6782499882277843
870,0.9420507550239563,0.6852602958679199,0.6812499761581421,1.6061482429504395,0.6846742834886148,0.6804032493740357,0.6800400363391932
871,0.9428515434265137,0.6809597611427307,0.680859386920929,1.6032476425170898,0.6836703572390301,0.680309490741155,0.6797955676955116
872,0.9441015720367432,0.6802142858505249,0.6800000071525574,1.6118767261505127,0.683896656930226,0.6796021522956007,0.6791948970445683
873,0.945019543170929,0.6789089441299438,0.6743749976158142,1.605584740638733,0.6780500026543337,0.6738521266428266,0.6736183073713126
874,0.9443163871765137,0.6776946783065796,0.6819531321525574,1.6067912578582764,0.6854564363384279,0.6811475622499001,0.6807280563105241
875,0.9422265887260437,0.6829408407211304,0.6794531345367432,1.5956361293792725,0.6824546048087177,0.6787479216265999,0.6784413881815685
876,0.9438866972923279,0.675383448600769,0.6796093583106995,1.5966696739196777,0.682713653006181,0.6789967948025588,0.6786428262056563
877,0.9434570074081421,0.6801259517669678,0.6796875,1.610344409942627,0.6828190339141544,0.6786994358718699,0.6784095580414671
878,0.9428320527076721,0.6829986572265625,0.6799218654632568,1.6174993515014648,0.6835182546818426,0.6789162262008661,0.6789687184792417
879,0.9450585842132568,0.6744409203529358,0.6829687356948853,1.6043989658355713,0.6861509155282334,0.6823197370844315,0.6819921357938025
880,0.9442383050918579,0.678670346736908,0.6788281202316284,1.6093579530715942,0.6825987596319886,0.6784002400219973,0.6777785820301121
881,0.9412500262260437,0.6843537092208862,0.6766406297683716,1.618167757987976,0.68071568302829,0.67622806428262,0.6760397566351015
882,0.9418554902076721,0.6868906617164612,0.6757031083106995,1.6222752332687378,0.6786621282331173,0.6746013030430276,0.6742551323537406
883,0.9424414038658142,0.6826888918876648,0.6763281226158142,1.6134061813354492,0.6800958097006384,0.6756664400471006,0.6756274184855495
884,0.9423632621765137,0.6877593994140625,0.6788281202316284,1.6085271835327148,0.6829808101924946,0.6781193694910688,0.6778477417015683
885,0.9437500238418579,0.6813752055168152,0.6810156106948853,1.595900535583496,0.6843641743225949,0.6800529256518943,0.6799453478632492
886,0.9412304759025574,0.6863343119621277,0.6763281226158142,1.6139074563980103,0.6794416248332911,0.6752680562220077,0.6750022141622825
887,0.9410156011581421,0.6871160268783569,0.6850781440734863,1.5898690223693848,0.6881152343849442,0.6842950482390984,0.6837848955033539
888,0.9441601634025574,0.6813656687736511,0.680859386920929,1.6047897338867188,0.6840355493814718,0.6801099169863871,0.6797202149694205
889,0.9425390362739563,0.6849090456962585,0.6800781488418579,1.6149134635925293,0.6826964943533436,0.6794623226925463,0.6789824958906204
890,0.9441992044448853,0.6777381896972656,0.6766406297683716,1.6124531030654907,0.6803825462415802,0.6758959414477932,0.6753488484296959
891,0.9420312643051147,0.687278151512146,0.6785937547683716,1.6100753545761108,0.6818830514813232,0.6776401824512278,0.6772815601186586
892,0.9418554902076721,0.6842060685157776,0.6826562285423279,1.6107982397079468,0.6867913865808235,0.6818620800726911,0.681540143924888
893,0.9430273175239563,0.6815502047538757,0.680859386920929,1.6115341186523438,0.6852901799345854,0.6798958067054444,0.6798064020094918
894,0.9435741901397705,0.6800656914710999,0.6810937523841858,1.6118115186691284,0.685274764423036,0.679969859349314,0.6797410753781129
895,0.9442383050918579,0.6780247688293457,0.6829687356948853,1.597853183746338,0.6868864963587177,0.6825638196726733,0.6822437220661753
896,0.9444531202316284,0.6767210364341736,0.6805468797683716,1.6119656562805176,0.6838545787007737,0.6798792798429198,0.6795940716413884
897,0.9417187571525574,0.6804327964782715,0.6811718940734863,1.611294150352478,0.6840587091920418,0.6805265140414019,0.6800664651201518
898,0.9428320527076721,0.6815346479415894,0.6800781488418579,1.6237972974777222,0.6830556183037895,0.6788435345426447,0.6783767879350222
899,0.9451367259025574,0.6765981316566467,0.6814844012260437,1.6082463264465332,0.6855130889921885,0.6809012965237355,0.6806053556510301
900,0.9414843916893005,0.6851183176040649,0.681640625,1.6177852153778076,0.6855468075633022,0.6811904987331626,0.6809071938019045
901,0.9433398246765137,0.6829274892807007,0.6822656393051147,1.607486367225647,0.6859049118863819,0.6816022783297909,0.6813965113916766
902,0.9405664205551147,0.6885941028594971,0.6801562309265137,1.6077451705932617,0.6837396789080228,0.6799492780510508,0.6796986700660184
903,0.9453710913658142,0.6805670261383057,0.6768749952316284,1.6246914863586426,0.680052300676691,0.6762838603131146,0.6758593665686398
904,0.9400585889816284,0.6864923238754272,0.6789844036102295,1.6118497848510742,0.6823111255405656,0.678217269761497,0.6777589375178861
905,0.9432226419448853,0.6809484362602234,0.6782812476158142,1.6087853908538818,0.6819646267667672,0.6774995920355537,0.6770005559559885
906,0.9444531202316284,0.6806280612945557,0.6814062595367432,1.6118179559707642,0.6863106915008323,0.680659653516019,0.6802569157365232
907,0.943066418170929,0.6847007870674133,0.6829687356948853,1.6051809787750244,0.6873702730205671,0.6825701449854514,0.6824910982314232
908,0.9432617425918579,0.6789565086364746,0.6832812428474426,1.6169177293777466,0.6870382525580523,0.6825484550730243,0.6822824203108294
909,0.9452343583106995,0.6768372058868408,0.6785937547683716,1.610888957977295,0.6823991770604216,0.6779397900710462,0.677740097476226
910,0.9437304735183716,0.6768994331359863,0.6780468821525574,1.6132391691207886,0.6823866164749217,0.6771403758201977,0.6772699380532116
911,0.9436328411102295,0.6808583736419678,0.6771875023841858,1.6220091581344604,0.6810956357265081,0.6765212725249357,0.6762828550790632
912,0.9424999952316284,0.6822303533554077,0.6778905987739563,1.6112033128738403,0.6810883506484251,0.6768902362885969,0.6766091204671822
913,0.9415234327316284,0.6880847215652466,0.6830468773841858,1.6051368713378906,0.6861980559534124,0.6820140675569081,0.6817878313082808
914,0.9436328411102295,0.6786754727363586,0.6825781464576721,1.5989468097686768,0.686732742765042,0.6818642027187347,0.6815045213700219
915,0.9432421922683716,0.6799375414848328,0.6794531345367432,1.6062672138214111,0.6824113701390564,0.6785277000551233,0.6783516314977178
916,0.9438672065734863,0.6780739426612854,0.68359375,1.5955806970596313,0.6877093447812761,0.6826180043160128,0.6825415008533018
917,0.9441211223602295,0.6768514513969421,0.6885937452316284,1.5813536643981934,0.6912271413586623,0.6876826117693878,0.6871931263603318
918,0.9440624713897705,0.6759448051452637,0.6817187666893005,1.5990411043167114,0.6845820589181209,0.6806209212502946,0.6804394989231186
919,0.9420703053474426,0.6815504431724548,0.68359375,1.5939120054244995,0.6862185561590273,0.6827968448149178,0.6821932036016742
920,0.9415624737739563,0.6853639483451843,0.6856250166893005,1.6011794805526733,0.6893128738159038,0.6847623050324001,0.6842616571967708
921,0.9437109231948853,0.678856611251831,0.6857812404632568,1.5899953842163086,0.689960737274047,0.6852790183590234,0.6848930572640277
922,0.9453710913658142,0.6737599968910217,0.6858593821525574,1.5885142087936401,0.6892551451379167,0.6851674312499351,0.6848360139422306
923,0.9449414014816284,0.6787076592445374,0.6853906512260437,1.5890507698059082,0.6882458498663762,0.6846036694322751,0.6841098767903088
924,0.9418163895606995,0.6813531517982483,0.6823437213897705,1.6000348329544067,0.6860965403834645,0.6815547013022347,0.6809717516959548
925,0.9439843893051147,0.676426112651825,0.6833593845367432,1.5978394746780396,0.6865584219878432,0.6825981047964009,0.6821250717333978
926,0.9430859088897705,0.6791319251060486,0.684374988079071,1.586001992225647,0.6879295815402725,0.6836345498186627,0.6833300014047811
927,0.9424804449081421,0.6805116534233093,0.6852343678474426,1.5820149183273315,0.6885765753323427,0.6843456443015061,0.684022132899212
928,0.9430273175239563,0.68384850025177,0.6823437213897705,1.6031662225723267,0.6866081970513527,0.6816887677636787,0.6816247156313022
929,0.9434961080551147,0.6798238158226013,0.6913281083106995,1.574935793876648,0.6948981167634498,0.690380137854226,0.6900835430592046
930,0.9437500238418579,0.6778673529624939,0.6791406273841858,1.6104669570922852,0.6822500477261986,0.6784179503485317,0.6780573945872851
931,0.9424999952316284,0.6808876991271973,0.6846874952316284,1.5954681634902954,0.6873759873056127,0.6838301462959133,0.6834203533988628
932,0.9431445598602295,0.6834865808486938,0.6800000071525574,1.616591453552246,0.6831225758793651,0.6789460040340507,0.6785345626885998
933,0.943164050579071,0.6784316897392273,0.6800000071525574,1.610367774963379,0.683360352865469,0.6792438223310726,0.6790579238133292
934,0.9438866972923279,0.6780975461006165,0.6810156106948853,1.616145133972168,0.6850934098945639,0.6800671450964966,0.6801152017495551
935,0.9453710913658142,0.6736147999763489,0.6849218606948853,1.5921010971069336,0.6882667824231715,0.6839270296812326,0.6834403684101373
936,0.9436718821525574,0.6787016987800598,0.6875,1.5961618423461914,0.6911105539612563,0.686914417752718,0.6865947089629827
937,0.9410937428474426,0.6843655109405518,0.6898437738418579,1.578374981880188,0.6924274303754528,0.6890271072483178,0.6886125881750663
938,0.9413866996765137,0.6848896741867065,0.6805468797683716,1.6018571853637695,0.6841464321889148,0.6801180835400022,0.6797551364546206
939,0.9413476586341858,0.6857149004936218,0.6817968487739563,1.595365285873413,0.6852726026622586,0.6809765746804309,0.6804111189906499
940,0.9438866972923279,0.6779453158378601,0.6797656416893005,1.6023085117340088,0.6831294219203499,0.6787752689655704,0.6784420801341574
941,0.9439062476158142,0.6798537373542786,0.681640625,1.6072317361831665,0.6850266703426985,0.6810458129689345,0.6808254362693378
942,0.9453320503234863,0.6771108508110046,0.68359375,1.5896111726760864,0.6872765982709659,0.682554469412519,0.682552891352773
943,0.944140613079071,0.6755615472793579,0.6812499761581421,1.5952891111373901,0.6854303708227758,0.6805584338032047,0.680578890991218
944,0.94580078125,0.6723494529724121,0.6862499713897705,1.5984176397323608,0.6901912745996607,0.6852553100636202,0.6850340246114677
945,0.94384765625,0.6778154969215393,0.6829687356948853,1.6048182249069214,0.6874149265027794,0.6822536295565462,0.6820918964063196
946,0.9444335699081421,0.676038384437561,0.6814062595367432,1.6018985509872437,0.6853859060759434,0.6806944755509503,0.6806087353380667
947,0.9436718821525574,0.6753633618354797,0.6807031035423279,1.617388129234314,0.6839560131784916,0.6800243763518377,0.6797707965693417
948,0.9425390362739563,0.6829602718353271,0.6789844036102295,1.6066070795059204,0.6818458788234442,0.6781713477956783,0.6779154634328424
949,0.9429296851158142,0.6813176870346069,0.6832031011581421,1.6053707599639893,0.686978370120852,0.682340819621585,0.6822670785200209
950,0.9432421922683716,0.6810898780822754,0.6846093535423279,1.5938851833343506,0.6878257428483348,0.6837907011899497,0.6834266220645622
951,0.9428320527076721,0.6796649098396301,0.6838281154632568,1.6030125617980957,0.687543649747872,0.6831874736832155,0.6831644243467543
952,0.945117175579071,0.6742246150970459,0.6821874976158142,1.6056840419769287,0.686304947006102,0.6816125654056886,0.681330208716729
953,0.9448046684265137,0.6774335503578186,0.6764062643051147,1.6142387390136719,0.6798359486866627,0.6754885903512519,0.6753469069788909
954,0.9451367259025574,0.6773507595062256,0.6796093583106995,1.5972648859024048,0.6837538260545435,0.6790609615165951,0.6787174525011626
955,0.9449414014816284,0.6734039187431335,0.6782812476158142,1.6048425436019897,0.6821340419986548,0.6774434894446589,0.6772799738754407
956,0.9443359375,0.6787546277046204,0.6744531393051147,1.6203868389129639,0.6774968201245148,0.6738590056972582,0.6731063830813524
957,0.9429492354393005,0.6809909343719482,0.6814844012260437,1.5995991230010986,0.684556102270831,0.6808144337742996,0.6801764403949675
958,0.9445117115974426,0.6775476932525635,0.6819531321525574,1.6115559339523315,0.6848031987455492,0.6811617982077945,0.680755477339479
959,0.9431836009025574,0.6790738105773926,0.6812499761581421,1.6082745790481567,0.6847877508070779,0.6807299126962529,0.6801792266879934
960,0.9419921636581421,0.6825299859046936,0.6825000047683716,1.5908795595169067,0.686060463225897,0.6818755116470012,0.6813190012308264
961,0.9433789253234863,0.6810288429260254,0.6833593845367432,1.599027156829834,0.6868537193386527,0.6826998767676562,0.6824670535360754
962,0.9430468678474426,0.67957603931427,0.6800781488418579,1.6102097034454346,0.6842258346594474,0.6794345934753562,0.6792179275397712
963,0.943164050579071,0.6785981059074402,0.6794531345367432,1.606683373451233,0.682456053806352,0.6784825955251728,0.677974677860385
964,0.9451757669448853,0.6728612780570984,0.6888281106948853,1.5823681354522705,0.692472213374804,0.6883599059388978,0.687687660984775
965,0.9434570074081421,0.6796700954437256,0.6835156083106995,1.5827429294586182,0.6869132468110842,0.683092563175501,0.6827051861090991
966,0.9436718821525574,0.680875301361084,0.6823437213897705,1.584275722503662,0.6870163967645471,0.6814327838326498,0.6812756657384056
967,0.9431250095367432,0.6847540140151978,0.6832031011581421,1.6051268577575684,0.686956963424397,0.6824347270498797,0.6822119074847806
968,0.9436328411102295,0.6788703203201294,0.684374988079071,1.5955111980438232,0.6882669960316469,0.6836818004293305,0.6837864308903354
969,0.9445703029632568,0.6766785979270935,0.6858593821525574,1.6101030111312866,0.6898608832890135,0.6850016981670948,0.6849766039200723
970,0.9436914324760437,0.6803428530693054,0.6802343726158142,1.614346981048584,0.6844529142883895,0.6794344429005614,0.6794482779356772
971,0.9447656273841858,0.677048921585083,0.6785937547683716,1.6370444297790527,0.6822787735072994,0.6778151240652033,0.6777379981809839
972,0.9418554902076721,0.6831226944923401,0.6829687356948853,1.5993844270706177,0.6863933574582464,0.6822328047021817,0.6817061557280228
973,0.9449999928474426,0.6773393750190735,0.6803125143051147,1.6130568981170654,0.6847420412810916,0.6796787032263829,0.6796773522423317
974,0.94482421875,0.6750781536102295,0.6848437786102295,1.6010231971740723,0.6885792600880328,0.6839540071524282,0.6838078742980713
975,0.9434961080551147,0.6807190775871277,0.6789844036102295,1.6354390382766724,0.6816577201004572,0.6782387158336718,0.6778235154195207
976,0.9430859088897705,0.6818744540214539,0.6823437213897705,1.619246244430542,0.68586258400601,0.6814349344217403,0.6809138380816265
977,0.9424609541893005,0.6800897121429443,0.6767187714576721,1.6350903511047363,0.6805906939460618,0.6758990653913626,0.6753923844933842
978,0.9444921612739563,0.6775543689727783,0.6760937571525574,1.6246997117996216,0.6799746179522101,0.6756984215791446,0.6753197087020881
979,0.9455664157867432,0.6739428639411926,0.6817187666893005,1.6153355836868286,0.6854195128078993,0.6808501389709887,0.680674689321524
980,0.9454296827316284,0.6774382591247559,0.6817968487739563,1.6107767820358276,0.6855205838739793,0.6809268679435412,0.6806884939105651
981,0.9443163871765137,0.6774383783340454,0.6834375262260437,1.6145695447921753,0.6874505343907024,0.6825830640122633,0.6823261130334668
982,0.9433007836341858,0.6794782280921936,0.678906261920929,1.6185165643692017,0.6825182189188961,0.6778376555985477,0.6775889522912956
983,0.9442383050918579,0.6759653687477112,0.6825781464576721,1.6113989353179932,0.6867847774329174,0.6814945650744204,0.6813163472749908
984,0.9457226395606995,0.671567976474762,0.6778125166893005,1.6178488731384277,0.6816953685664906,0.6768495818207485,0.6765995304653606
985,0.9449414014816284,0.6749042272567749,0.6835156083106995,1.613462209701538,0.6865518295041707,0.6825691780971184,0.6822957836127148
986,0.9434765577316284,0.6782040596008301,0.6825000047683716,1.6138731241226196,0.6860162098906426,0.6817775758177751,0.681356780156911
987,0.9454882740974426,0.6747640371322632,0.6778905987739563,1.621290922164917,0.6809540302821913,0.6772149172572929,0.6766711658065003
988,0.9453125,0.6760438680648804,0.678906261920929,1.6208609342575073,0.6819794353100944,0.6782352041583007,0.6779271218676894
989,0.9453320503234863,0.6714956164360046,0.68359375,1.603123426437378,0.6870617633428109,0.6826800142333951,0.6826237747757051
990,0.9448828101158142,0.6749823689460754,0.6831250190734863,1.6147873401641846,0.6867465056124683,0.6819016835895246,0.6816976935043162
991,0.9443945288658142,0.6735720038414001,0.6842968463897705,1.6150803565979004,0.6874280125491082,0.6834567781743017,0.6833648794558571
992,0.9431836009025574,0.6791377067565918,0.6865624785423279,1.5906175374984741,0.6902889097609941,0.6856806817747773,0.6855195796718089
993,0.9433984160423279,0.6770136952400208,0.6865624785423279,1.6122195720672607,0.6889546250872167,0.6856706464172817,0.6852261474875236
994,0.9424804449081421,0.6850013732910156,0.6784374713897705,1.619632601737976,0.682087486783227,0.6775792513466538,0.6770815206803116
995,0.9424999952316284,0.679497480392456,0.6788281202316284,1.6348260641098022,0.6816405874566571,0.6782055761131048,0.6775597128274118
996,0.9445507526397705,0.6764746904373169,0.6825000047683716,1.5996558666229248,0.6860490429604535,0.6816530604572996,0.681217937726146
997,0.9439452886581421,0.677020788192749,0.6796093583106995,1.6117265224456787,0.6826886899551807,0.6786258646942006,0.6783487282326961
998,0.944140613079071,0.676847517490387,0.6807031035423279,1.6084611415863037,0.6848716328399023,0.6798996210320234,0.6798589061976434
999,0.9427343606948853,0.6799566745758057,0.6789844036102295,1.6100640296936035,0.6833153206505427,0.6785676257252091,0.6784268783098651
