epoch,accuracy,loss,val_accuracy,val_loss,val_precision,val_recall,val_f1
0,0.004160156473517418,11.143284797668457,0.0042968750931322575,10.59408187866211,0.003945284404330716,0.004273705367021494,0.003576613588573817
1,0.0063671874813735485,10.73752212524414,0.003984374925494194,10.343640327453613,0.00400885345437156,0.003908842514479214,0.0037210368961369577
2,0.008105468936264515,10.413383483886719,0.0053125000558793545,10.127974510192871,0.005886110840951711,0.005266960883196631,0.005233012359664405
3,0.010390625335276127,10.116808891296387,0.006093749776482582,9.919395446777344,0.006004393337314661,0.006032904246169711,0.005805185759652593
4,0.01259765587747097,9.823801040649414,0.006796875037252903,9.721222877502441,0.006899380408344103,0.006694465202822663,0.006489357596428092
5,0.015781249850988388,9.54596996307373,0.007031249813735485,9.529008865356445,0.0077984125066266705,0.006950958612681767,0.0068612902064154845
6,0.019648438319563866,9.28116226196289,0.0074218749068677425,9.341388702392578,0.007405254535666227,0.007296876679092812,0.007084537870711234
7,0.024179687723517418,9.029690742492676,0.007109375204890966,9.15359878540039,0.006714633323466392,0.007024083850738841,0.006559556980397956
8,0.02884765714406967,8.769881248474121,0.010468750260770321,8.964319229125977,0.010808860148882613,0.010350918560852039,0.010031367789236526
9,0.036835938692092896,8.525622367858887,0.010937499813735485,8.770828247070312,0.010723365057834,0.010725364408849764,0.010240302502427613
10,0.04437499865889549,8.270963668823242,0.011874999850988388,8.571858406066895,0.012002431833778209,0.011709865893367356,0.011300306253199607
11,0.053886719048023224,8.021883010864258,0.011484375223517418,8.371776580810547,0.011649463612188823,0.011292787785097173,0.010824739393913698
12,0.06386718899011612,7.7844061851501465,0.013749999925494194,8.173271179199219,0.013396702170100588,0.013468371752232929,0.01285677908769817
13,0.07339844107627869,7.542230129241943,0.014765624888241291,7.984728813171387,0.01419261856452961,0.014492985031102482,0.013780904199827686
14,0.08263672143220901,7.322025299072266,0.01718750037252903,7.807690620422363,0.016871495912198643,0.01694749778868619,0.01615156733517907
15,0.09839843958616257,7.092957973480225,0.020781250670552254,7.633529186248779,0.0203286309217922,0.02037822656440682,0.019432944682465276
16,0.11050781607627869,6.881855010986328,0.021484375,7.468365669250488,0.021700667339668966,0.02110282203547851,0.020302226106086247
17,0.12310546636581421,6.67913818359375,0.026249999180436134,7.3037238121032715,0.02608825487411504,0.02585712799487927,0.024880272665132284
18,0.13857421278953552,6.485975742340088,0.030937500298023224,7.135087490081787,0.02998582304475468,0.03023653552524474,0.028766797155733687
19,0.15509766340255737,6.2835774421691895,0.03656249865889549,6.967137336730957,0.035031973320612225,0.03573837513420261,0.034030110489879924
20,0.17423827946186066,6.075345993041992,0.04007812589406967,6.806249618530273,0.03956413025762022,0.03928019995262522,0.03775982180230018
21,0.19279296696186066,5.885208606719971,0.045625001192092896,6.641725063323975,0.04542208479243985,0.04489119322197081,0.043302783379807294
22,0.21181640028953552,5.6949076652526855,0.05179687589406967,6.4837727546691895,0.050683974045078045,0.05102662759659758,0.04892352748227705
23,0.23130859434604645,5.509033203125,0.05726562440395355,6.327369213104248,0.05576137191966973,0.05642737359542751,0.05410506508460104
24,0.25341796875,5.313699245452881,0.06499999761581421,6.176969528198242,0.0627780671461712,0.0638822183044525,0.06126110309624037
25,0.27433595061302185,5.13577127456665,0.07718750089406967,6.025308609008789,0.07747699445795027,0.07613532229650022,0.07401709934722331
26,0.30058592557907104,4.965444564819336,0.08546874672174454,5.87654972076416,0.08379825565920868,0.08439540093549686,0.08184207378486288
27,0.32035157084465027,4.780333995819092,0.09601562470197678,5.730602264404297,0.09470141545027205,0.09477896191432314,0.09244828071344682
28,0.3464648425579071,4.607058525085449,0.10531249642372131,5.587723255157471,0.10419340898621249,0.10409974634622743,0.10147462943967933
29,0.36667969822883606,4.452429294586182,0.11578124761581421,5.448546886444092,0.11487094775021225,0.11459209191839967,0.11237443516094836
30,0.3907226622104645,4.293112277984619,0.130859375,5.313101291656494,0.12949814525271694,0.12940084592386353,0.1267501879693393
31,0.40849608182907104,4.152973175048828,0.14374999701976776,5.187758922576904,0.14338253300079218,0.14240875697579564,0.14029025361309228
32,0.4333203136920929,4.0044755935668945,0.1530468761920929,5.063249588012695,0.15276940216590887,0.15142413996345488,0.14940573993994305
33,0.44996094703674316,3.860487937927246,0.16843749582767487,4.944268703460693,0.16904676891162235,0.16700092754227067,0.16531232331687645
34,0.4710937440395355,3.737855911254883,0.17765624821186066,4.826512336730957,0.17700696985877262,0.1760017620732357,0.17366827524719325
35,0.48750001192092896,3.6106112003326416,0.18953125178813934,4.7253737449646,0.1882653529347458,0.1878186402156453,0.18560397622099178
36,0.5089452862739563,3.489556074142456,0.20374999940395355,4.619153022766113,0.20345525272003617,0.2021673016351393,0.2000073042836047
37,0.524609386920929,3.379598617553711,0.2110937535762787,4.520808696746826,0.2113149855003888,0.20953937758836283,0.2078282127745677
38,0.5450195074081421,3.2662923336029053,0.2228125035762787,4.431032180786133,0.2231114042197579,0.2213762970426937,0.21989217421954826
39,0.5615038871765137,3.1634092330932617,0.23023436963558197,4.337987422943115,0.23140892426039075,0.2287526463623309,0.2274234149733787
40,0.5781445503234863,3.0622260570526123,0.24210937321186066,4.259913444519043,0.24299558654707734,0.24052350796860866,0.2390953629169571
41,0.5894531011581421,2.9782345294952393,0.25171875953674316,4.171072483062744,0.25270040265795096,0.25031274864345354,0.2488907927207233
42,0.6088476777076721,2.874191999435425,0.26265624165534973,4.089115142822266,0.26387740669973125,0.26101799469191844,0.25968309577066695
43,0.6207226514816284,2.799616813659668,0.2703906297683716,4.0244669914245605,0.27104656475424704,0.26909171877751925,0.26747847948804593
44,0.6328710913658142,2.721079111099243,0.27335938811302185,3.951146125793457,0.27414166880996726,0.27195583530690715,0.27030606549111863
45,0.6486523151397705,2.6384735107421875,0.28687500953674316,3.887420892715454,0.2885531045226707,0.2853603651217084,0.28424391207569716
46,0.6583788990974426,2.5694949626922607,0.28757813572883606,3.831974983215332,0.28914667730513943,0.28638789807743087,0.28519734586312834
47,0.66943359375,2.50283145904541,0.2999218702316284,3.760416269302368,0.3010558943425035,0.29856749693004725,0.297038039982769
48,0.679394543170929,2.4383604526519775,0.30101561546325684,3.7094192504882812,0.30169281118726926,0.299829318090439,0.29822461877736095
49,0.6862695217132568,2.389691114425659,0.31257811188697815,3.647233486175537,0.31438477794460745,0.31166160121405684,0.3106395384127344
50,0.7009570598602295,2.318833112716675,0.31937500834465027,3.584751844406128,0.32073757232333167,0.31828070785768703,0.3167971159562381
51,0.7078320384025574,2.2585692405700684,0.32734376192092896,3.536492347717285,0.32853517367573726,0.3257596806160562,0.3240263043167433
52,0.7158203125,2.214423179626465,0.3317187428474426,3.493295907974243,0.3325138047651321,0.33074217068843675,0.3288351886291474
53,0.7249609231948853,2.1616921424865723,0.33812499046325684,3.4340949058532715,0.33824311685612024,0.33726012402414074,0.33483501783127584
54,0.7323828339576721,2.114105701446533,0.3414062559604645,3.3928167819976807,0.34230447652851825,0.3401317531810375,0.3381930607964419
55,0.7379491925239563,2.0733301639556885,0.34984374046325684,3.3519458770751953,0.3522930146984763,0.348913653593662,0.3477167637840314
56,0.7484961152076721,2.017789602279663,0.3533593714237213,3.3061294555664062,0.35561853179558606,0.35224385036608236,0.35037532718812436
57,0.7519140839576721,1.9801278114318848,0.36156249046325684,3.2656359672546387,0.3629766274830317,0.36049053787759766,0.3589143836463634
58,0.7570117115974426,1.9444552659988403,0.3667968809604645,3.229841709136963,0.36752725294881217,0.36539163525214113,0.3636756941899145
59,0.7664648294448853,1.9035073518753052,0.3703906238079071,3.190916061401367,0.3711750658184413,0.3690233807103368,0.3673763042891087
60,0.7708398699760437,1.8661845922470093,0.3760937452316284,3.160566806793213,0.37738947617581386,0.37469021285384785,0.3730856567917635
61,0.7759765386581421,1.833736538887024,0.380859375,3.118655204772949,0.3824344023496894,0.37963121562896873,0.3777755125049784
62,0.7843164205551147,1.796195387840271,0.37632811069488525,3.1000609397888184,0.3783872296360752,0.3753644875519354,0.3736550552407978
63,0.7840820550918579,1.770243525505066,0.3892187476158142,3.051987648010254,0.39107870326890853,0.3883836135369004,0.3865580168121099
64,0.7871484160423279,1.7437069416046143,0.3963281214237213,3.0210607051849365,0.39734548867759734,0.39531636304301543,0.3935457869718022
65,0.7937695384025574,1.711625337600708,0.39210936427116394,3.002673625946045,0.3931536839175406,0.39093122730739394,0.3890265163142412
66,0.8007226586341858,1.675994873046875,0.39976561069488525,2.9650986194610596,0.40108669211178216,0.39832977155456445,0.3965163559740947
67,0.8028125166893005,1.6503970623016357,0.4000000059604645,2.9424872398376465,0.4015198910203561,0.39912940054457796,0.3974310196582843
68,0.8054101467132568,1.6341098546981812,0.40531250834465027,2.914329767227173,0.40696531667243796,0.40431458526023645,0.40263355892085295
69,0.8097851276397705,1.6066211462020874,0.4122656285762787,2.8860583305358887,0.41366028876935723,0.41109261471159336,0.40939176289857393
70,0.8145507574081421,1.5766198635101318,0.4126562476158142,2.868030309677124,0.4144911438627194,0.4116868250721696,0.4102969762329617
71,0.8184961080551147,1.553792119026184,0.41328126192092896,2.8467519283294678,0.4136602514740378,0.4118635640171168,0.40969768277314833
72,0.81982421875,1.5360205173492432,0.4151562452316284,2.8248136043548584,0.4172650415710314,0.41435608124704293,0.41289653179186836
73,0.8189648389816284,1.525439739227295,0.4210156202316284,2.7988314628601074,0.4229433805464998,0.4202126640625262,0.41849709425086007
74,0.8287109136581421,1.485870361328125,0.42578125,2.7797794342041016,0.4272934623787765,0.42475358786682044,0.42305478141286507
75,0.8250781297683716,1.4782792329788208,0.43015626072883606,2.750053644180298,0.43294990033228364,0.4292635508253405,0.4278458737964751
76,0.8305468559265137,1.4580903053283691,0.4334374964237213,2.73783540725708,0.4363172303004333,0.432729594449601,0.43089930811987565
77,0.8294531106948853,1.4451484680175781,0.43453124165534973,2.7215938568115234,0.43629770075884905,0.43326335850740133,0.4318796276385681
78,0.8308984637260437,1.4254462718963623,0.43437498807907104,2.7081079483032227,0.4368068836801674,0.4336195866158179,0.43201638899978734
79,0.83642578125,1.400851845741272,0.4378125071525574,2.6759033203125,0.4405960921142428,0.43701500476160954,0.4355315521514999
80,0.8382226824760437,1.3889551162719727,0.4417968690395355,2.660296678543091,0.4440046014158334,0.4411259469452572,0.4394297902175368
81,0.8414453268051147,1.372044324874878,0.4467187523841858,2.6525180339813232,0.4483481706277813,0.44601201365003623,0.44394809409063807
82,0.8396289348602295,1.363337755203247,0.4483593702316284,2.6225767135620117,0.45086867985623175,0.44755615344903,0.446028572311912
83,0.8432226777076721,1.3445152044296265,0.44999998807907104,2.618290901184082,0.45193872350639686,0.44909653865577026,0.44750694798287716
84,0.8441601395606995,1.3329710960388184,0.4524218738079071,2.595360040664673,0.45411496006762486,0.45160483443238,0.4494397057961409
85,0.8471093773841858,1.3191571235656738,0.4556249976158142,2.575230598449707,0.45868482146167533,0.4545318147769506,0.4534777261191121
86,0.8494336009025574,1.3006186485290527,0.4535156190395355,2.5646207332611084,0.45558090896991926,0.45277053895524644,0.45104573032467493
87,0.8510937690734863,1.2927557229995728,0.45710936188697815,2.5513768196105957,0.4598283701089647,0.4559314175504063,0.4546274928124028
88,0.8521093726158142,1.2778915166854858,0.4552343785762787,2.549107313156128,0.45846118779440614,0.45478630775326423,0.45344899385683457
89,0.8563085794448853,1.2603260278701782,0.46546876430511475,2.518441915512085,0.46826760040835413,0.4643901120866255,0.4629624776921414
90,0.8526757955551147,1.2608704566955566,0.46562498807907104,2.5166754722595215,0.46843544236112544,0.4649703615222702,0.4637545154534289
91,0.8507617115974426,1.2610563039779663,0.46382811665534973,2.504930019378662,0.46740840340497636,0.4630166894243332,0.46166387389573627
92,0.8548632860183716,1.2423007488250732,0.46296873688697815,2.4911386966705322,0.46547844774633784,0.4620695519887759,0.460577167281608
93,0.8569726347923279,1.2266391515731812,0.4691406190395355,2.4827394485473633,0.4717902972439828,0.4682960207080772,0.46684687332183294
94,0.8589843511581421,1.216776728630066,0.4701562523841858,2.4833743572235107,0.4730077713499574,0.4692211261614562,0.4676899819020551
95,0.8563671708106995,1.2144089937210083,0.4655468761920929,2.471289873123169,0.4680796591192901,0.4647297447159313,0.46362132420372737
96,0.8590234518051147,1.2082242965698242,0.47664061188697815,2.4375221729278564,0.4795156655895013,0.47584269138872515,0.4743632944073348
97,0.8606054782867432,1.1872466802597046,0.4781250059604645,2.4291493892669678,0.4822909216883169,0.4778013372404713,0.47668826416358784
98,0.8611133098602295,1.184900164604187,0.4776562452316284,2.4209463596343994,0.48014702922649166,0.4766536814187694,0.47550195265853434
99,0.8625586032867432,1.1745424270629883,0.4761718809604645,2.4116640090942383,0.4794360811456743,0.47535347183486465,0.47433434908316197
100,0.8651953339576721,1.1600706577301025,0.48265624046325684,2.409728765487671,0.48462838630878363,0.4816875103845872,0.4800743724339145
101,0.8660351634025574,1.1557176113128662,0.48335936665534973,2.386115550994873,0.48612289592842917,0.48254936998316655,0.4812778839856693
102,0.8687695264816284,1.142186164855957,0.4910937547683716,2.3787875175476074,0.494532831597514,0.490139544492918,0.4891013920838315
103,0.8670117259025574,1.1411240100860596,0.4810156226158142,2.382554054260254,0.4840822166692603,0.4803925327877,0.47874411068010136
104,0.8701757788658142,1.1290322542190552,0.4875781238079071,2.3639726638793945,0.4898070392898993,0.486861072704155,0.48521752551747865
105,0.8681445121765137,1.1273685693740845,0.48679688572883606,2.3540761470794678,0.4889035703143929,0.4858668278243371,0.484464331978786
106,0.8689062595367432,1.122206449508667,0.49609375,2.352215528488159,0.4987022882586721,0.4949829024466319,0.49354818716675214
107,0.8703711032867432,1.1102252006530762,0.49070313572883606,2.335988759994507,0.4932891406475536,0.49011192198080794,0.4886030953876074
108,0.8723437786102295,1.1006604433059692,0.4921875,2.3155462741851807,0.49562621503361354,0.4914018061775692,0.4902508938546411
109,0.8760156035423279,1.0907068252563477,0.49812498688697815,2.311302423477173,0.5017896882261458,0.49734548001486145,0.49678099525957686
110,0.8752148151397705,1.0860224962234497,0.4984374940395355,2.302640914916992,0.5012523599867884,0.49744507121885456,0.49602310267792005
111,0.8737695217132568,1.088620901107788,0.49937498569488525,2.3048746585845947,0.5024099805962592,0.49830575702602,0.4966797809682503
112,0.8749609589576721,1.080459713935852,0.4996874928474426,2.297898769378662,0.5028290905007211,0.4988435992127563,0.49763046815452344
113,0.8767773509025574,1.0705870389938354,0.4977343678474426,2.2901554107666016,0.5009552519997735,0.49698892982671455,0.49556557459849293
114,0.875683605670929,1.0642796754837036,0.5017187595367432,2.2661304473876953,0.5037266814258223,0.5007571826360824,0.4994334869792686
115,0.8747460842132568,1.0662657022476196,0.5084375143051147,2.2630090713500977,0.5114796468789056,0.5077532025413698,0.5065509258859631
116,0.87646484375,1.0572444200515747,0.5081250071525574,2.266049385070801,0.5109035886835941,0.5073421766772881,0.5057690911733436
117,0.8738672137260437,1.0598827600479126,0.5078125,2.263009786605835,0.5101778352741058,0.5073088071544282,0.505633962487545
118,0.8746874928474426,1.0582983493804932,0.5134375095367432,2.2290151119232178,0.5161388110535088,0.5127009944012295,0.5114150332643324
119,0.8767187595367432,1.0489988327026367,0.5138280987739563,2.2284276485443115,0.5161722044099344,0.5131254154798579,0.5115222186117332
120,0.8809179663658142,1.0367950201034546,0.5139843821525574,2.2220563888549805,0.5158849087060422,0.5131492422874819,0.5115446812912245
121,0.8800976276397705,1.031665325164795,0.5126562714576721,2.2195558547973633,0.5148596468706043,0.5120746243957158,0.5105837157701301
122,0.8827148675918579,1.0245648622512817,0.5110937356948853,2.232497453689575,0.5138874978211869,0.5102209045974462,0.5088778167483765
123,0.8841797113418579,1.0131030082702637,0.51171875,2.2304916381835938,0.5150762837601325,0.5108508962036513,0.5097459481266529
124,0.882617175579071,1.0153777599334717,0.5167187452316284,2.2109405994415283,0.5192535368012383,0.5158234069331791,0.5143397428691812
125,0.8833398222923279,1.0118021965026855,0.5164843797683716,2.208378314971924,0.5192107618247868,0.5156565145271131,0.5146958396621704
126,0.8833593726158142,1.0123591423034668,0.5163280963897705,2.2125089168548584,0.5183567346289888,0.5158089798116925,0.5142953681014251
127,0.8804492354393005,1.0173614025115967,0.5163280963897705,2.191545009613037,0.5197168666918064,0.5156165657647452,0.5146443146887189
128,0.8828320503234863,1.0038186311721802,0.5110937356948853,2.205716609954834,0.5134899552991813,0.5105307191787725,0.5089573959523498
129,0.8864648342132568,0.9921687245368958,0.5224999785423279,2.189432144165039,0.5260930926489135,0.5217715776003335,0.5207483056627822
130,0.8856445550918579,0.9939439296722412,0.5254687666893005,2.1642980575561523,0.5292172337638796,0.5243850027995397,0.5236288712908503
131,0.8837500214576721,0.9879599213600159,0.5223437547683716,2.170273780822754,0.5246752728676933,0.5216205173044182,0.520455643836164
132,0.8842187523841858,0.9870798587799072,0.5181249976158142,2.1869335174560547,0.5214957547014236,0.5172270688751107,0.5161612199568589
133,0.8842187523841858,0.9879192113876343,0.5235156416893005,2.154823064804077,0.5264784470476805,0.5226955018443527,0.5214760856270855
134,0.8867577910423279,0.9766812920570374,0.53125,2.144320011138916,0.5340740614016638,0.5304286520950907,0.5293803185959318
135,0.8856835961341858,0.9767047166824341,0.5296093821525574,2.15483021736145,0.5319617413959379,0.5287926323554987,0.5269672957538397
136,0.8901171684265137,0.9633287787437439,0.5260156393051147,2.138957977294922,0.5292971896033161,0.5252474975696804,0.5238403056976191
137,0.8910156488418579,0.9603113532066345,0.5255468487739563,2.1458921432495117,0.5280022116781702,0.5247091650125281,0.5233575283696427
138,0.8896288871765137,0.96234130859375,0.530468761920929,2.1388111114501953,0.5329511966964009,0.5296835159636459,0.5284262300330804
139,0.8868359327316284,0.9662979245185852,0.5264062285423279,2.1549410820007324,0.5302168140549717,0.525932946494716,0.5249566539645476
140,0.8890429735183716,0.9593548774719238,0.5299999713897705,2.146702766418457,0.5328935472177931,0.529025273613854,0.5278070726212398
141,0.8887304663658142,0.956604540348053,0.5368750095367432,2.1196835041046143,0.5405283099328265,0.5359398153789833,0.5349610179256454
142,0.8898828029632568,0.9564811587333679,0.5292187333106995,2.1223151683807373,0.5328693030601384,0.5284192136625439,0.5271978994309944
143,0.8907031416893005,0.9485000371932983,0.5349218845367432,2.112912178039551,0.5385698774036333,0.5342843641287753,0.5331737458179785
144,0.8897070288658142,0.9502900838851929,0.5333593487739563,2.11832594871521,0.5368144649092874,0.5327182793842868,0.5316362189197297
145,0.8904882669448853,0.949525773525238,0.5367187261581421,2.1171576976776123,0.538977827980273,0.5357480350015817,0.5344702500440075
146,0.8908007740974426,0.9411997199058533,0.53515625,2.1141974925994873,0.5381943076927516,0.5341986870045234,0.5335985428989338
147,0.8900976777076721,0.9438861012458801,0.5410937666893005,2.109621524810791,0.5451094283507054,0.5401590718680511,0.5395627259221024
148,0.8917187452316284,0.9399996399879456,0.5425000190734863,2.0824544429779053,0.5452272811034182,0.5417551936629285,0.5398060433164522
149,0.8940625190734863,0.9338425397872925,0.5427343845367432,2.0837812423706055,0.5456264710215158,0.5419610102902627,0.5403822885013809
150,0.8908789157867432,0.9361580014228821,0.5428906083106995,2.0891640186309814,0.5452485591267037,0.5419142886250317,0.5404939491353895
151,0.89111328125,0.9356454610824585,0.5470312237739563,2.086230993270874,0.5499123721761758,0.5464534214932656,0.5448069680338856
152,0.8936914205551147,0.9260451793670654,0.5462499856948853,2.082437515258789,0.5492694023889504,0.5455049170654368,0.5442018228210583
153,0.8921288847923279,0.9266100525856018,0.5442187786102295,2.082610845565796,0.5482137397654372,0.5433976252859978,0.5420819454273988
154,0.8937304615974426,0.9197127819061279,0.5435937643051147,2.0733726024627686,0.547101044045996,0.5430504813671796,0.5418164122402889
155,0.8940234184265137,0.9170079231262207,0.5397655963897705,2.082732915878296,0.5431503306394637,0.5390768255873917,0.5374235539753158
156,0.8945508003234863,0.9185493588447571,0.5467187762260437,2.065967321395874,0.5497529903735868,0.5461006871385603,0.5446114603105339
157,0.8938281536102295,0.9185989499092102,0.5451562404632568,2.070725440979004,0.5486548872735992,0.5446691435420647,0.5434541770055373
158,0.8934570550918579,0.9174444079399109,0.5464062690734863,2.040483236312866,0.5500858196183886,0.5459471157812166,0.5447674448526119
159,0.8960742354393005,0.9098448753356934,0.5434374809265137,2.0562689304351807,0.5469595529628045,0.5431267705729799,0.5418051356197396
160,0.8947070240974426,0.9056346416473389,0.5549218654632568,2.0377044677734375,0.5582766062534856,0.5544538654511186,0.5532693214452837
161,0.8941015601158142,0.9120856523513794,0.5557031035423279,2.0458872318267822,0.5596980372837984,0.5550457995961833,0.5534809465027085
162,0.8961328268051147,0.901772677898407,0.5525781512260437,2.043156385421753,0.5559320665871118,0.5519056563210976,0.5504179106631703
163,0.8975585699081421,0.9045530557632446,0.5475780963897705,2.0333988666534424,0.5519785336984,0.546689409074459,0.5458882940160683
164,0.8979296684265137,0.9009774923324585,0.5518749952316284,2.039898157119751,0.5542363643535598,0.5512117323112509,0.5498046891277153
165,0.8958789110183716,0.900676429271698,0.5503125190734863,2.0413384437561035,0.5541930520966996,0.5496655941276797,0.5488501573042712
166,0.8954101800918579,0.9027570486068726,0.5589843988418579,2.0241811275482178,0.5624916473501391,0.5581130586390802,0.5570752830636007
167,0.8965625166893005,0.8951674103736877,0.559374988079071,2.0216174125671387,0.562264825304972,0.5588318173432558,0.5577598418011311
168,0.8970116972923279,0.8960835337638855,0.5542968511581421,2.021972894668579,0.5575954031005765,0.5542457228751105,0.5531235162241999
169,0.8968945145606995,0.893842875957489,0.5608593821525574,2.020779848098755,0.5632118213776727,0.5600602726793716,0.5587542630020538
170,0.897753894329071,0.8898184299468994,0.5619531273841858,1.9981437921524048,0.5646254378954079,0.561424500321444,0.5601349611658326
171,0.8994336128234863,0.8900737166404724,0.5580468773841858,2.012840509414673,0.5607841626078478,0.557406188698255,0.5561917973409771
172,0.8995507955551147,0.8850687146186829,0.5523437261581421,2.0459325313568115,0.555632068518201,0.5516058270901936,0.550598576027683
173,0.898730456829071,0.8868000507354736,0.5561718940734863,2.002779006958008,0.55944250048536,0.5556095539480661,0.5540658089903732
174,0.9020312428474426,0.8761110901832581,0.5565624833106995,2.0084574222564697,0.5589840122849228,0.5554865334522827,0.5542839757097437
175,0.8999804854393005,0.8769290447235107,0.5581250190734863,2.0200693607330322,0.5622322921482257,0.5574793832760727,0.5564481000956151
176,0.8983398675918579,0.8817449808120728,0.5612499713897705,2.0130999088287354,0.5634968693852083,0.5604144838409506,0.559016728392433
177,0.8994336128234863,0.8799335956573486,0.5602343678474426,2.020256280899048,0.563358780701745,0.5596094092903985,0.5584498513927254
178,0.901562511920929,0.874330997467041,0.5578906536102295,2.0044002532958984,0.5605980938459592,0.5568865576481994,0.5557381866690219
179,0.899707019329071,0.876060426235199,0.55859375,2.0197646617889404,0.5628039291929591,0.5578606210487465,0.5568396828420221
180,0.9004296660423279,0.8702023029327393,0.5629687309265137,1.9974445104599,0.5663921692323843,0.5623657457767577,0.5609996275308048
181,0.9011914134025574,0.8706701397895813,0.5617969036102295,1.9927023649215698,0.564617201440059,0.5610091062305089,0.5600675290106392
182,0.902148425579071,0.8716241717338562,0.5659375190734863,1.9878730773925781,0.5685645629491489,0.5657061589534301,0.5644956577704724
183,0.9025195240974426,0.8670526146888733,0.5649999976158142,1.9884203672409058,0.5683259824091375,0.564666386610058,0.5634565085295468
184,0.9022265672683716,0.8711097836494446,0.5666406154632568,1.9867959022521973,0.5691014446813567,0.5660575673070446,0.5642062450723033
185,0.9018164277076721,0.8647282123565674,0.5653125047683716,1.9837760925292969,0.569003813438205,0.5644389575624524,0.5633362526937279
186,0.9008593559265137,0.8642085790634155,0.5667968988418579,1.985802412033081,0.5696262732202859,0.566306092521306,0.5651109788126218
187,0.9027343988418579,0.8646345734596252,0.555859386920929,2.003183364868164,0.5595972890638581,0.5551269293820277,0.5544857711855515
188,0.9018359184265137,0.8654406666755676,0.5639843940734863,1.9951603412628174,0.5684121735786589,0.5632707196479274,0.562638860119566
189,0.9021093845367432,0.8648955821990967,0.5608593821525574,2.0011818408966064,0.5643090827176359,0.5602975669328969,0.5594633678260188
190,0.9025195240974426,0.861555278301239,0.5696874856948853,1.9795069694519043,0.5731612460303203,0.5689897490495265,0.567757691863445
191,0.9046484231948853,0.8544358015060425,0.5689062476158142,1.9731370210647583,0.5725383910949957,0.5683261431738719,0.56706865614635
192,0.9030078053474426,0.8583605885505676,0.5617969036102295,1.9836764335632324,0.5644717846367344,0.560873906230525,0.5595989204182837
193,0.9031835794448853,0.8591189384460449,0.571484386920929,1.9752109050750732,0.5746955995224412,0.5710153791616462,0.5700942256212684
194,0.9042187333106995,0.8538775444030762,0.5696094036102295,1.959666132926941,0.5726888793694718,0.5690923791465264,0.5682666329050173
195,0.9064843654632568,0.8481199145317078,0.5684375166893005,1.9789031744003296,0.5722372699848235,0.567853202451289,0.5666791427287586
196,0.9066601395606995,0.8453797101974487,0.5688281059265137,1.963507056236267,0.5722910737948457,0.5680028337541148,0.5668407566810556
197,0.9008593559265137,0.8593752980232239,0.5684375166893005,1.9612939357757568,0.5719726129302711,0.5677540572529024,0.5668130643205457
198,0.9022070169448853,0.85394287109375,0.5731250047683716,1.9677387475967407,0.576480865395532,0.5722763946133054,0.5706618624004444
199,0.9033398628234863,0.8515511155128479,0.5739843845367432,1.9536694288253784,0.5769050650107499,0.5729231521007905,0.5714213526452618
200,0.9031835794448853,0.8511431217193604,0.568359375,1.9731972217559814,0.5715781513831926,0.5676524930844526,0.5666074254708039
201,0.9036328196525574,0.850655198097229,0.5710155963897705,1.9471259117126465,0.5754927743669881,0.5704999656685426,0.5700446643646518
202,0.9046679735183716,0.850185215473175,0.5724999904632568,1.9625461101531982,0.5761860429417448,0.5716117862392212,0.571108018919795
203,0.9058984518051147,0.8464460968971252,0.5775781273841858,1.9558829069137573,0.5801276049047261,0.5770905506907131,0.5761863081537242
204,0.9051172137260437,0.84514319896698,0.579296886920929,1.9320592880249023,0.5827738968111019,0.5790753860689437,0.5782759180812584
205,0.9063867330551147,0.8428547382354736,0.5746093988418579,1.9443284273147583,0.5788677704777179,0.573704366609028,0.5728165605221542
206,0.904589831829071,0.843172013759613,0.5779687762260437,1.94455885887146,0.5821899734829918,0.5770640849404585,0.5763933337716246
207,0.9081640839576721,0.8374656438827515,0.583203136920929,1.9365174770355225,0.5867214095537534,0.5825501298181022,0.5815098073424303
208,0.9078124761581421,0.8341203927993774,0.580078125,1.9382787942886353,0.5838573522696485,0.5795083619509558,0.5787709129233761
209,0.908496081829071,0.8299475312232971,0.5806249976158142,1.9257580041885376,0.5836305777855848,0.5800137981488406,0.5790362871966174
210,0.9060742259025574,0.8351166248321533,0.574999988079071,1.940701961517334,0.579637271529264,0.5741184710112739,0.5733200313657308
211,0.9074804782867432,0.8356075286865234,0.5760156512260437,1.9276683330535889,0.5796035091356362,0.5751862982069799,0.5734880916238598
212,0.9077538847923279,0.8345031142234802,0.5780468583106995,1.9351392984390259,0.5819534486204758,0.5775491985198454,0.5762494350547884
213,0.9036718606948853,0.847551167011261,0.5751562714576721,1.9384291172027588,0.5787706765185588,0.5744086846044039,0.573412652343452
214,0.9053515791893005,0.8426455855369568,0.5746093988418579,1.9400826692581177,0.5768146913793342,0.5737746666336001,0.5724028789099428
215,0.905078113079071,0.8385137915611267,0.5766406059265137,1.9429333209991455,0.5787435127350856,0.5755567210082451,0.5745487317103737
216,0.9043945074081421,0.84112948179245,0.5835156440734863,1.9343328475952148,0.5872004855401597,0.5824706142544545,0.5816857293136243
217,0.9070703387260437,0.8330255150794983,0.5811718702316284,1.9456154108047485,0.5840806004101919,0.5799676067364974,0.5788657473502894
218,0.9046875238418579,0.8402260541915894,0.5843750238418579,1.9274969100952148,0.5877475816521046,0.5835732397979204,0.5826953574964007
219,0.9089648723602295,0.8297073245048523,0.5774999856948853,1.9308894872665405,0.5810833883140384,0.5765182241922475,0.5754848328806427
220,0.908886730670929,0.8266558647155762,0.5840625166893005,1.9107999801635742,0.5874833407157158,0.5831930902533803,0.5824481968268458
221,0.9052538871765137,0.8363017439842224,0.576171875,1.9344325065612793,0.5795316453059777,0.5754851904686165,0.574570630238298
222,0.9083007574081421,0.8264909386634827,0.5735937356948853,1.9115620851516724,0.5768987577533594,0.572800510476636,0.5717110677708626
223,0.9099023342132568,0.8219226002693176,0.5823437571525574,1.914869785308838,0.586227423391294,0.5816291103207236,0.5808532603895186
224,0.9131445288658142,0.8155665397644043,0.5804687738418579,1.918874979019165,0.5830163158658683,0.5797479635518868,0.5783957312561858
225,0.9124609231948853,0.8140767812728882,0.5866405963897705,1.9148435592651367,0.5906284620682982,0.5857011267094415,0.5848283407499779
226,0.9077538847923279,0.8255468606948853,0.5835937261581421,1.9215487241744995,0.5865531501839489,0.5822910893155795,0.5811439781721037
227,0.9090820550918579,0.8217681646347046,0.5827343463897705,1.9084745645523071,0.5856004774906047,0.5816565139836335,0.5805945674434694
228,0.9097070097923279,0.8236781358718872,0.5774219036102295,1.9183415174484253,0.5813157668099613,0.5761943337974491,0.5749296224348404
229,0.9082812666893005,0.8242528438568115,0.5822656154632568,1.915022611618042,0.5858139593406337,0.5814358897915839,0.5803321486636497
230,0.9094531536102295,0.8221334218978882,0.579296886920929,1.916796088218689,0.5831614291670679,0.5783208125214049,0.5771325356707525
231,0.9097851514816284,0.8155876398086548,0.5817968845367432,1.9047648906707764,0.585496491435084,0.5811584151602617,0.5798532399536231
232,0.9079296588897705,0.8244762420654297,0.5857812762260437,1.8950238227844238,0.5896534989545459,0.5849439677434398,0.5839582862102681
233,0.9090429544448853,0.8224108815193176,0.5803124904632568,1.9215506315231323,0.5834956603222152,0.5795120157946381,0.5781465654060788
234,0.9089648723602295,0.8229901790618896,0.5802343487739563,1.9219155311584473,0.5837049933891199,0.5792775429505665,0.5783532174061583
235,0.9103124737739563,0.8192577362060547,0.5829687714576721,1.9079899787902832,0.5867280189655278,0.5821010831214486,0.581171070185488
236,0.9085742235183716,0.8203192949295044,0.5807812213897705,1.899714469909668,0.5845890774523236,0.5799935508472724,0.5790240112122599
237,0.9131835699081421,0.8112267255783081,0.5876562595367432,1.8941041231155396,0.5916627231395364,0.5869031635191269,0.5860578146215996
238,0.910839855670929,0.8160611987113953,0.5857812762260437,1.9015353918075562,0.589835954870788,0.5849951047597458,0.5838810378718484
239,0.9145312309265137,0.8071070909500122,0.5875781178474426,1.8826501369476318,0.5909200294511607,0.5862460748832047,0.5853450536029349
240,0.9117968678474426,0.8162966370582581,0.5856249928474426,1.9031364917755127,0.5902110996381105,0.5848056783284756,0.5842455168022174
241,0.9116406440734863,0.8124182224273682,0.5857031345367432,1.9067697525024414,0.5888806035564471,0.5850769154467902,0.5839024116746483
242,0.9125390648841858,0.8120656609535217,0.5842968821525574,1.8945149183273315,0.5874201869046691,0.5833045504899061,0.5828053554709443
243,0.9130468964576721,0.8100670576095581,0.5868750214576721,1.894514560699463,0.5906397194834783,0.5860469232633467,0.5854227209377483
244,0.91259765625,0.8094409704208374,0.5823437571525574,1.9144679307937622,0.5857054105194379,0.581237924769989,0.5801841834633401
245,0.9143359661102295,0.8010237216949463,0.5827343463897705,1.9000717401504517,0.5859874869142507,0.5818521315910667,0.580691918312157
246,0.9120703339576721,0.8071193695068359,0.587109386920929,1.9209332466125488,0.5916753910674516,0.5863423674929539,0.5856921145476787
247,0.9105273485183716,0.8144875168800354,0.5910937786102295,1.8954216241836548,0.5955012151279645,0.5899767746154578,0.5891777294770354
248,0.9116601347923279,0.8106120824813843,0.5885156393051147,1.8840657472610474,0.591640026478421,0.5875326240255222,0.5861933781095768
249,0.9108203053474426,0.8112024664878845,0.5926562547683716,1.8940027952194214,0.5959091158638372,0.5916788187258517,0.590694069726921
250,0.9120312333106995,0.8086296916007996,0.591796875,1.8913859128952026,0.594575254358287,0.5913458904345665,0.5900750347471329
251,0.9109765887260437,0.8092453479766846,0.5876562595367432,1.895187497138977,0.5916803443486234,0.5866159471021706,0.5858183643304873
252,0.9094140529632568,0.8118721842765808,0.5933593511581421,1.8777861595153809,0.5968002256661514,0.5923940351953929,0.591432123462504
253,0.9126952886581421,0.8120667934417725,0.5881249904632568,1.8957890272140503,0.5914735535216579,0.5874911454654068,0.58651984532813
254,0.9123437404632568,0.8084871768951416,0.5867968797683716,1.9084956645965576,0.5906063489213846,0.5859901030112223,0.5845954169219711
255,0.9129883050918579,0.8054518103599548,0.5960156321525574,1.8710298538208008,0.5985229237097428,0.5949441501194122,0.5940343121342868
256,0.9130273461341858,0.8050234913825989,0.5964062213897705,1.8660813570022583,0.599975176601229,0.5957407550692891,0.5947584210359984
257,0.9135546684265137,0.8052104711532593,0.5958593487739563,1.8699780702590942,0.5985776082082048,0.5945899696303896,0.5936198930916442
258,0.9131640791893005,0.8033125996589661,0.592968761920929,1.8773231506347656,0.594644159369698,0.5922374812499861,0.5910806058954361
259,0.9126757979393005,0.8008242845535278,0.5982031226158142,1.8794512748718262,0.602072593990671,0.5977953771444612,0.5967811077255384
260,0.9137890338897705,0.7996957898139954,0.5930469036102295,1.8838459253311157,0.5968565179298725,0.5926918508831911,0.5914631551591666
261,0.9131835699081421,0.8040565252304077,0.5985156297683716,1.858035683631897,0.6026141539031251,0.5978360836583503,0.5970120689444881
262,0.9152929782867432,0.8004562854766846,0.5967187285423279,1.8656774759292603,0.60072330826601,0.5956937261891195,0.5948430522063356
263,0.9121875166893005,0.8064953684806824,0.5930469036102295,1.8790851831436157,0.5969917583788866,0.592323580509623,0.5916835988878587
264,0.9150000214576721,0.799632728099823,0.5972656011581421,1.855846881866455,0.6000686454227511,0.5966532166468508,0.5954581242965418
265,0.9125586152076721,0.8023499846458435,0.59375,1.8641666173934937,0.5975926350332816,0.5929932704775791,0.5921632955817655
266,0.9158008098602295,0.7924247980117798,0.5960937738418579,1.8600218296051025,0.5994804396347695,0.5953632379270248,0.5947190212049647
267,0.913281261920929,0.8005884289741516,0.6013281345367432,1.8532400131225586,0.604477236199201,0.6004605448284792,0.5995218848783752
268,0.9150781035423279,0.7970066666603088,0.6039843559265137,1.8527945280075073,0.607687708072355,0.6030645279030147,0.6023488643892094
269,0.915332019329071,0.797261118888855,0.595703125,1.8719735145568848,0.5989899295637651,0.5949990786574336,0.5941488936536538
270,0.9146484136581421,0.7935118675231934,0.59765625,1.8594636917114258,0.6010174642139698,0.596950192472003,0.5957786754500848
271,0.9142773151397705,0.7969079613685608,0.5957812666893005,1.8674589395523071,0.5999595869247298,0.5949537947197447,0.594360009948057
272,0.9167578220367432,0.7903257012367249,0.6000781059265137,1.8561596870422363,0.6035058781212702,0.599017928007639,0.5983586247619807
273,0.9154687523841858,0.7945723533630371,0.5927343964576721,1.8641891479492188,0.5960961850814898,0.59182627641581,0.5909382309748266
274,0.9135351777076721,0.7985843420028687,0.592578113079071,1.8734917640686035,0.5963918399764889,0.5918516010372153,0.5911243885994203
275,0.9139648675918579,0.8002943396568298,0.5926562547683716,1.8650420904159546,0.5951306047630704,0.5915988366235373,0.5904855189858094
276,0.916308581829071,0.791546106338501,0.5996875166893005,1.865422010421753,0.6026422613402656,0.5986608668440058,0.5976787735364814
277,0.915722668170929,0.7920997142791748,0.5914843678474426,1.8644776344299316,0.5953703482003994,0.5906025657933097,0.5898689957825505
278,0.9164453148841858,0.7920003533363342,0.5942187309265137,1.8627184629440308,0.5974734958450647,0.5935066073120685,0.5926467484464357
279,0.9163281321525574,0.7893346548080444,0.5953124761581421,1.8665084838867188,0.5982883533897436,0.5944631339686897,0.5934851593684187
280,0.9179883003234863,0.7872568368911743,0.6035937666893005,1.8509716987609863,0.6071330193216087,0.6027402667198472,0.6018224097288775
281,0.9170703291893005,0.7873948812484741,0.600781261920929,1.8556846380233765,0.6042892607285456,0.5997843444714153,0.5993653234328304
282,0.9135351777076721,0.7969828248023987,0.6021093726158142,1.8613038063049316,0.6053848262359354,0.6012879031833774,0.6003578195024543
283,0.9155663847923279,0.7905843257904053,0.6003124713897705,1.8639875650405884,0.6037334127489815,0.5994256260990046,0.5984990680021203
284,0.9162890911102295,0.7896265387535095,0.6017968654632568,1.8551647663116455,0.6051157711235103,0.6010034373681763,0.5999310413290166
285,0.9130859375,0.7992151379585266,0.6042187213897705,1.8557623624801636,0.607626825560422,0.6033401651298171,0.6022600480416961
286,0.9150195121765137,0.792055606842041,0.6031249761581421,1.8579291105270386,0.6068767204519847,0.6018548872542646,0.6010611129555135
287,0.9178320169448853,0.7873098254203796,0.6037499904632568,1.8433746099472046,0.6074225741018482,0.6030445674750069,0.6019389734982423
288,0.9190624952316284,0.7829048037528992,0.5993750095367432,1.8650583028793335,0.6023435561849166,0.5985006609726248,0.5975064400564571
289,0.9153906106948853,0.786882758140564,0.6000000238418579,1.8611871004104614,0.6040565367071904,0.599156839429264,0.598430584524822
290,0.9178320169448853,0.7877055406570435,0.6042187213897705,1.8441004753112793,0.607327822816534,0.6029997020489302,0.6021233728968628
291,0.9144140481948853,0.7924299836158752,0.6057031154632568,1.850928544998169,0.6091999331247766,0.6046395741506778,0.6037882367867187
292,0.916015625,0.7890762090682983,0.6053125262260437,1.8554503917694092,0.6093942351430052,0.6045191261623912,0.6034955603698309
293,0.9156640768051147,0.7872985005378723,0.604296863079071,1.8349356651306152,0.6080751480998066,0.6031772946270333,0.602483081061407
294,0.9207617044448853,0.7760276794433594,0.6010156273841858,1.8449630737304688,0.604225630671769,0.6001945343154681,0.599097113381241
295,0.9198828339576721,0.7791756987571716,0.6014843583106995,1.856473445892334,0.6048113899672639,0.600557857355306,0.5998370350681144
296,0.9161718487739563,0.7838836908340454,0.6024218797683716,1.8531543016433716,0.6058489305419359,0.601836350776918,0.601141301651948
297,0.9169140458106995,0.7864915728569031,0.6011718511581421,1.858902931213379,0.6042200542632937,0.6002879320612157,0.5994177566088674
298,0.9173632860183716,0.7838547229766846,0.6079687476158142,1.8423161506652832,0.6106638648750309,0.607199737794723,0.606192143372677
299,0.9201366901397705,0.7777340412139893,0.6021093726158142,1.8512457609176636,0.6052895524609152,0.6013920200844258,0.6005121264301311
300,0.9190429449081421,0.780548095703125,0.6051562428474426,1.8513593673706055,0.6090695046519256,0.6042055375023203,0.603211688565773
301,0.9186718463897705,0.779679536819458,0.6079687476158142,1.8438005447387695,0.6111017573496438,0.6071063486579424,0.6061960305624532
302,0.9202343821525574,0.778394877910614,0.6064062714576721,1.8349946737289429,0.6095208814903791,0.6057945267007279,0.6050979719902825
303,0.919726550579071,0.7790451049804688,0.6075000166893005,1.860630750656128,0.6104886665313369,0.6069715919712675,0.6058620486157063
304,0.9199023246765137,0.776725709438324,0.6007031202316284,1.8554296493530273,0.604145868508011,0.6001474347509397,0.5994233407931902
305,0.9165624976158142,0.7833805680274963,0.6040624976158142,1.8464224338531494,0.6079749339861564,0.6033778070208498,0.602718368880106
306,0.916699230670929,0.7841063737869263,0.6085156202316284,1.8422694206237793,0.6119399703313291,0.6076150387691552,0.6069373401755676
307,0.9167382717132568,0.7873406410217285,0.6032812595367432,1.8546204566955566,0.6070280091869109,0.6028620270728458,0.60214409025386
308,0.91796875,0.7848330736160278,0.6092187762260437,1.839930534362793,0.6133980931302988,0.6084124191668672,0.6076497599970758
309,0.9178515672683716,0.7855935096740723,0.6100780963897705,1.8317927122116089,0.6138935943671431,0.6089488007040496,0.6079679439158703
310,0.9165429472923279,0.784837007522583,0.6098437309265137,1.8275117874145508,0.6138295772974677,0.6089204260832664,0.6079835354626155
311,0.9195312261581421,0.7797873020172119,0.6078125238418579,1.8464210033416748,0.6109412017547341,0.6068679241323396,0.6058012756897198
312,0.9188867211341858,0.7836886048316956,0.6061718463897705,1.8501390218734741,0.6093808726645813,0.6053108352366365,0.6044603496922937
313,0.9178906083106995,0.7812018394470215,0.6034374833106995,1.8507441282272339,0.606541786194153,0.6027487160853243,0.6016323159399737
314,0.9186718463897705,0.7808685302734375,0.6089062690734863,1.8299670219421387,0.6121622441293584,0.608062609280809,0.6074370127774814
315,0.9183788895606995,0.7785108685493469,0.6075780987739563,1.8407357931137085,0.6111585353121558,0.6069766459849077,0.6063665351463802
316,0.9206249713897705,0.7723091840744019,0.6130468845367432,1.8252041339874268,0.6164414828157054,0.612035868721749,0.6118243556426901
317,0.9174023270606995,0.7846405506134033,0.6075780987739563,1.8433656692504883,0.6106316512290337,0.6068732766596421,0.605933932148766
318,0.9214843511581421,0.7732611298561096,0.6083593964576721,1.8531838655471802,0.6108003453239541,0.6074054504231093,0.6062774399808661
319,0.9213671684265137,0.7716070413589478,0.6067187786102295,1.8505864143371582,0.6091946045549983,0.6059776661499736,0.6051882383102437
320,0.9195898175239563,0.777301013469696,0.6042187213897705,1.8501588106155396,0.6078811821341733,0.6038884407609102,0.6030188415304869
321,0.9174414277076721,0.7836414575576782,0.6069531440734863,1.839936375617981,0.6104331580997019,0.6062067682493437,0.6057460125639136
322,0.9178515672683716,0.7830702066421509,0.6026562452316284,1.8562144041061401,0.6060197234182435,0.6016106851441736,0.6012291646429699
323,0.9194921851158142,0.7758517265319824,0.6098437309265137,1.8441449403762817,0.6128575686705156,0.608937589447889,0.608007992266633
324,0.9198242425918579,0.7744897603988647,0.6114843487739563,1.8417128324508667,0.6150530042830052,0.6106597886320273,0.6097613370532725
325,0.9188476800918579,0.7786812782287598,0.6040624976158142,1.8513500690460205,0.6066057754276948,0.6031973120122669,0.6021979374802564
326,0.9197656512260437,0.7765739560127258,0.6049218773841858,1.8435676097869873,0.6078348541681594,0.6037048850279699,0.6029067769220342
327,0.919140636920929,0.7799067497253418,0.6070312261581421,1.8398222923278809,0.6105250705177612,0.6063332001380359,0.6056652635742732
328,0.9188867211341858,0.7795044779777527,0.6103125214576721,1.8483140468597412,0.6136639047390743,0.6095896640766765,0.6087163237637967
329,0.9208593964576721,0.7763093709945679,0.615234375,1.8295756578445435,0.6187782636182116,0.6143861659936728,0.6137588228892505
330,0.9211523532867432,0.7705445885658264,0.6091406345367432,1.8371646404266357,0.6131924356579834,0.6081940870843676,0.6077772098847779
331,0.9195312261581421,0.7757154107093811,0.6128125190734863,1.8344441652297974,0.6166575317161525,0.6119661467036068,0.6112550265242456
332,0.9184960722923279,0.7751213312149048,0.6119531393051147,1.8277438879013062,0.6143686935466048,0.6109353154885699,0.6097809105095471
333,0.919921875,0.7746533751487732,0.61328125,1.8280633687973022,0.6168606919488853,0.6121079140698329,0.6112996127315283
334,0.920703113079071,0.7747024297714233,0.6081249713897705,1.832839846611023,0.6117984691812661,0.6071171477283719,0.6063654287632521
335,0.9241796731948853,0.7602787017822266,0.609375,1.831396222114563,0.6128937105534585,0.6083593973062884,0.6075990251638623
336,0.9216992259025574,0.772176206111908,0.6092187762260437,1.8410509824752808,0.6130723243794068,0.6083655761844053,0.6078415942332062
337,0.9203125238418579,0.7701127529144287,0.6076562404632568,1.8479318618774414,0.6122120069819021,0.6066199524743501,0.6061393302829166
338,0.921875,0.7680925726890564,0.6111719012260437,1.8287254571914673,0.6145867187193697,0.6101568326983539,0.6098003664069256
339,0.9214453101158142,0.7713817358016968,0.6129687428474426,1.8291516304016113,0.6164244655819207,0.6120468302713182,0.6114564786756892
340,0.9196093678474426,0.7702258229255676,0.6115624904632568,1.8310563564300537,0.6154121166111662,0.6110689359735282,0.6104772752929198
341,0.924121081829071,0.7631735801696777,0.612109363079071,1.829026222229004,0.6159514859826477,0.6111664684752381,0.61082491239647
342,0.9216406345367432,0.7711203694343567,0.6092187762260437,1.824304461479187,0.6122260016501797,0.6085695233414676,0.6078270401944257
343,0.9204297065734863,0.7743280529975891,0.6073437333106995,1.8365613222122192,0.6120483155844014,0.6064881816235581,0.6061154793368704
344,0.9192773699760437,0.7743557095527649,0.6126562356948853,1.816157341003418,0.6156816996595982,0.6123525395512466,0.6113602815291124
345,0.921875,0.7696838974952698,0.609375,1.8227009773254395,0.6129437535628404,0.6087925479979966,0.6082417769046997
346,0.9220898151397705,0.7673500776290894,0.6094531416893005,1.820709228515625,0.6124590810622397,0.6086000159407216,0.6075221512867552
347,0.9213281273841858,0.7678874731063843,0.6103125214576721,1.8166652917861938,0.614134730579262,0.6098539383319168,0.6087643809406381
348,0.9205663800239563,0.7690163254737854,0.6119531393051147,1.8234646320343018,0.6155874578086933,0.611317474740898,0.6102401824660982
349,0.923535168170929,0.76241135597229,0.6129687428474426,1.8153338432312012,0.6168261566738618,0.6121936526973022,0.6114611002959709
350,0.9228515625,0.7631770968437195,0.6096875071525574,1.8392863273620605,0.6133075977235806,0.6091244584068325,0.6084479017929104
351,0.9226171970367432,0.7649408578872681,0.6176562309265137,1.8044934272766113,0.6211656596880231,0.6169364554027232,0.6160967140604604
352,0.9200780987739563,0.7736138105392456,0.6139843463897705,1.8286235332489014,0.6176930414970427,0.6133149518985337,0.6124803330578281
353,0.9199609160423279,0.7724511027336121,0.6102343797683716,1.8331313133239746,0.6132521897163234,0.609168113699726,0.6081409351953861
354,0.920605480670929,0.7695558667182922,0.6159374713897705,1.8183870315551758,0.6192339330716559,0.614868296144317,0.6140233568905284
355,0.9217578172683716,0.7665457129478455,0.6188281178474426,1.820443868637085,0.6220709229739041,0.6183499239592661,0.6174112082228576
356,0.9211132526397705,0.7715845704078674,0.6110937595367432,1.810431718826294,0.6151556525757012,0.6100103122148852,0.6090442235176626
357,0.9216015338897705,0.7721900939941406,0.6134374737739563,1.8013006448745728,0.6174266872562781,0.612827293635647,0.6119954415213467
358,0.9204882979393005,0.7733410000801086,0.6159374713897705,1.810447335243225,0.6198465347764417,0.6152322444199392,0.6146763734632947
359,0.9206640720367432,0.7723041772842407,0.619140625,1.7903255224227905,0.6223172805943933,0.6183135814691956,0.6175026028964303
360,0.9244531393051147,0.7612904906272888,0.6200000047683716,1.8002876043319702,0.6225587111194262,0.6192570545212903,0.6181968923592818
361,0.9241796731948853,0.7605027556419373,0.6193749904632568,1.8022749423980713,0.6225047340480371,0.6185884414323263,0.6181198129945077
362,0.9232617020606995,0.7613955140113831,0.6136718988418579,1.8018558025360107,0.6165357782077361,0.6127519335419858,0.6119190054783381
363,0.9219140410423279,0.7666317820549011,0.6171875,1.807472586631775,0.6206409036326741,0.616291555033599,0.6157119911394803
364,0.9258398413658142,0.7566598653793335,0.6175781488418579,1.8086456060409546,0.620202929751717,0.6164888712804342,0.6156553881790945
365,0.922656238079071,0.7680386900901794,0.6150781512260437,1.826277732849121,0.6186844134487772,0.6142806866043403,0.6134533042038873
366,0.9223437309265137,0.7676961421966553,0.612109363079071,1.842978835105896,0.6159168970880635,0.6112791796428909,0.6105899725297037
367,0.9228515625,0.7607623934745789,0.6120312213897705,1.8341073989868164,0.6160668180585173,0.6110987352011751,0.6102514094767142
368,0.9225976467132568,0.7628263235092163,0.6142187714576721,1.8238061666488647,0.6175702991889573,0.6132512877474826,0.6126099223576722
369,0.9208202958106995,0.7707855105400085,0.614453136920929,1.821404218673706,0.6184927711164092,0.6136839104036227,0.613046311066181
370,0.9216015338897705,0.7681196331977844,0.6147656440734863,1.8280340433120728,0.6183272020592199,0.6141367850264506,0.6134045211145206
371,0.9223828315734863,0.7635251879692078,0.6171093583106995,1.8209903240203857,0.6208113902748716,0.6163664017773325,0.6155759144265787
372,0.9230077862739563,0.7638111114501953,0.6189062595367432,1.8115421533584595,0.6226834150818568,0.6182619304670764,0.6177518708380025
373,0.9239453077316284,0.7607419490814209,0.6167187690734863,1.8234792947769165,0.6200485004237495,0.6157356810661925,0.6150433959220182
374,0.924121081829071,0.7602100372314453,0.6154687404632568,1.8201537132263184,0.6181120561930182,0.6144279472535228,0.6133742892344536
375,0.9227539300918579,0.7613049149513245,0.6142968535423279,1.826704978942871,0.6172408301640258,0.6132284400572919,0.6123208353777811
376,0.9258202910423279,0.7564203143119812,0.6086719036102295,1.8564660549163818,0.6116392520532408,0.6073405146835577,0.6067273568210856
377,0.9240820407867432,0.7574792504310608,0.6150781512260437,1.8009165525436401,0.6184211011501166,0.614336813459021,0.6137405763161102
378,0.9245703220367432,0.7565383315086365,0.6060937643051147,1.8383692502975464,0.6103777088798255,0.6052404569884781,0.604301167293319
379,0.9264257550239563,0.75250643491745,0.6155468821525574,1.8284553289413452,0.6193099773178012,0.6148244698557765,0.6143669299702443
380,0.9261133074760437,0.7533493638038635,0.6147656440734863,1.8169184923171997,0.618339458002279,0.6138913476392279,0.6130323972336365
381,0.9235937595367432,0.7596448659896851,0.6128906011581421,1.8171420097351074,0.6159651932744613,0.6119797197011498,0.611473786094526
382,0.9257616996765137,0.7551479339599609,0.6192187666893005,1.8120232820510864,0.6225332132928685,0.618335054406501,0.6176896948058839
383,0.9238085746765137,0.7584466338157654,0.61328125,1.8128646612167358,0.6170490125499897,0.6125465491568871,0.6120716489036372
384,0.923046886920929,0.7635148763656616,0.6185156106948853,1.8054333925247192,0.6210635938495515,0.6176257432964831,0.6167144866595692
385,0.9232617020606995,0.7606419324874878,0.6171093583106995,1.8276419639587402,0.6201334620730848,0.6165478640314677,0.6157426309483025
386,0.9216210842132568,0.76820969581604,0.6206250190734863,1.8180099725723267,0.6239104405823173,0.6197459693200619,0.6192433237273337
387,0.921582043170929,0.7703558206558228,0.6223437786102295,1.8074824810028076,0.6252100991939731,0.6216918450076617,0.6209150894589845
388,0.9239843487739563,0.7602751851081848,0.619921863079071,1.8055187463760376,0.6243189473637253,0.619332220312117,0.6187935280976794
389,0.9246289134025574,0.7554464936256409,0.6180468797683716,1.7960211038589478,0.6208874973528969,0.6168949655296494,0.6160902184063985
390,0.9239843487739563,0.7604348659515381,0.6165624856948853,1.8156371116638184,0.6197004587547486,0.6157426374811271,0.6149759415897654
391,0.9224609136581421,0.7645532488822937,0.6197656393051147,1.812069058418274,0.6222692417818793,0.6189685223124785,0.6179275696086488
392,0.9267187714576721,0.7528689503669739,0.616406261920929,1.807140827178955,0.6197240066312011,0.6155600249400792,0.6149598826250477
393,0.9219921827316284,0.7623443603515625,0.614062488079071,1.835456132888794,0.6181195136890902,0.6132926866776981,0.6127706640591566
394,0.9231640696525574,0.7643276453018188,0.6207812428474426,1.816759467124939,0.6252006060601876,0.619732099361454,0.6192926345328312
395,0.9289453029632568,0.7478854656219482,0.6187499761581421,1.8051879405975342,0.6226310476035217,0.6181474753996491,0.617420462955881
396,0.92431640625,0.7591609358787537,0.6221093535423279,1.8049343824386597,0.6272325294712114,0.6214705337549775,0.620856115233302
397,0.9246289134025574,0.7550022602081299,0.616406261920929,1.8160473108291626,0.6204107473040227,0.6154714675510814,0.6151366723831302
398,0.9249804615974426,0.7568067312240601,0.6192968487739563,1.813810110092163,0.6231753733815503,0.6182576077661136,0.6179572559576079
399,0.9274609088897705,0.7498759627342224,0.6177343726158142,1.804591178894043,0.6207814396322581,0.616891494719913,0.6161730438662156
400,0.9269140362739563,0.749677836894989,0.6149218678474426,1.8324360847473145,0.61787105053804,0.6139344268255548,0.6131667491798127
401,0.9260156154632568,0.7515482306480408,0.6158593893051147,1.8260743618011475,0.6196583950731792,0.6147643088598955,0.6143003786876184
402,0.9300000071525574,0.7416446805000305,0.6153905987739563,1.8109409809112549,0.619710134589613,0.6147858162671859,0.6142515788962135
403,0.9269140362739563,0.7542674541473389,0.6180468797683716,1.8078231811523438,0.6215830384955896,0.6173839301204503,0.6168548772589123
404,0.9254297018051147,0.7535470724105835,0.6176562309265137,1.7974375486373901,0.620793762951702,0.6169348835531188,0.6161997547419923
405,0.9239453077316284,0.7552155256271362,0.6136718988418579,1.8168727159500122,0.6162220965208031,0.6129918649129049,0.6120607960845992
406,0.9247460961341858,0.7553566694259644,0.6167187690734863,1.8077377080917358,0.6194156748183534,0.6160662538216769,0.6153444918044895
407,0.9258202910423279,0.7532495260238647,0.6175000071525574,1.801284670829773,0.6207643236788265,0.6167223867736376,0.6162369447952932
408,0.9243945479393005,0.7527716755867004,0.6145312786102295,1.817090630531311,0.6178106466311484,0.6138778261445579,0.6133024389711935
409,0.9245312213897705,0.7546656131744385,0.6178905963897705,1.8101811408996582,0.6212567030883472,0.6171520565443105,0.6164070703844906
410,0.92529296875,0.7516140937805176,0.6205468773841858,1.7962830066680908,0.6248485400937099,0.6200537483056245,0.6195850785560723
411,0.9266796708106995,0.7483788132667542,0.6240624785423279,1.777806043624878,0.6277837437519893,0.623318530660856,0.6228092809489068
412,0.9261718988418579,0.7505409121513367,0.615234375,1.8027567863464355,0.6191156985614334,0.6142066184469759,0.6134486475298749
413,0.927050769329071,0.7495387196540833,0.625781238079071,1.8048533201217651,0.6296280186131618,0.624964133112471,0.6243598668349251
414,0.9233593940734863,0.7567187547683716,0.6213281154632568,1.800754427909851,0.6245292977101967,0.6207249182157852,0.6199151122934585
415,0.9239843487739563,0.7587892413139343,0.6182031035423279,1.8094831705093384,0.6220636363199586,0.6178173040138026,0.617327273588653
416,0.9253320097923279,0.7538841366767883,0.6189844012260437,1.8052341938018799,0.622412629926368,0.6180972400471698,0.617559332930057
417,0.9268945455551147,0.7516239881515503,0.6169531345367432,1.807295560836792,0.6199453359403702,0.6158697127263744,0.6150410820422816
418,0.9271875023841858,0.7498188614845276,0.6150781512260437,1.8161572217941284,0.6182257862010274,0.6142102454684057,0.6134546628303341
419,0.9257616996765137,0.753664493560791,0.6154687404632568,1.8163511753082275,0.6190302949218478,0.6144422812615106,0.613585604554429
420,0.9278125166893005,0.7475979328155518,0.6130468845367432,1.816590428352356,0.6164658371292051,0.6119448834990002,0.610983034403024
421,0.9251367449760437,0.7552380561828613,0.6216406226158142,1.7902288436889648,0.6245860837801401,0.6209205964613967,0.6200275920708775
422,0.9237890839576721,0.7579419016838074,0.6178125143051147,1.8034067153930664,0.6207433215451015,0.6171000049572185,0.6163029901945856
423,0.9243945479393005,0.7569206357002258,0.6117968559265137,1.818711519241333,0.6142086044798207,0.6112867585197503,0.6100141330811326
424,0.9232226610183716,0.763257622718811,0.6185156106948853,1.8042467832565308,0.6220537503432872,0.6179323290895119,0.6171838707905035
425,0.9274804592132568,0.748207688331604,0.6162499785423279,1.7965104579925537,0.6195385262257735,0.6153229471035186,0.614825184502142
426,0.9281054735183716,0.7470698356628418,0.6228906512260437,1.7992712259292603,0.6266420745589927,0.6218758198672543,0.6212386853036367
427,0.9262304902076721,0.7493654489517212,0.6204687356948853,1.8050925731658936,0.6241853498565455,0.619744205111085,0.6190728133749419
428,0.925976574420929,0.7459648251533508,0.6176562309265137,1.7928307056427002,0.6211625023088002,0.6167486942115605,0.6160039467589424
429,0.926074206829071,0.7560218572616577,0.619921863079071,1.8060390949249268,0.6234521237241288,0.6191766658435429,0.618315137738343
430,0.9258593916893005,0.7538223266601562,0.6185937523841858,1.8200500011444092,0.6214007354066986,0.6175849288917259,0.6167077047326308
431,0.9262890815734863,0.7504515051841736,0.6200000047683716,1.8183459043502808,0.6226161567902654,0.619197023818107,0.618323956757947
432,0.9269726276397705,0.7512413859367371,0.619921863079071,1.796676516532898,0.6230334351748599,0.6192905692487213,0.6183562351955353
433,0.9263671636581421,0.7520209550857544,0.6239062547683716,1.7915394306182861,0.627760530959375,0.6232252119843117,0.6226595558735224
434,0.9273437261581421,0.7488545179367065,0.623828113079071,1.778565526008606,0.6270834572068853,0.6228503500417193,0.622285037662447
435,0.9263476729393005,0.7494409084320068,0.6225781440734863,1.777334451675415,0.6259937619471704,0.621972753891176,0.6209690720096772
436,0.927441418170929,0.7460981011390686,0.6282812356948853,1.7924727201461792,0.6312496098041567,0.627817948889124,0.6269101270054427
437,0.9257031083106995,0.7532814741134644,0.6246874928474426,1.7976515293121338,0.6283444697243912,0.6236506494735706,0.6227821437017368
438,0.9279491901397705,0.7464739084243774,0.624218761920929,1.8033961057662964,0.6271520541503539,0.6232820703043853,0.622710791965637
439,0.9275976419448853,0.7494266629219055,0.619921863079071,1.8050912618637085,0.6232951338950181,0.6190532120853378,0.6183061704205932
440,0.9272851347923279,0.7464379072189331,0.623046875,1.8041914701461792,0.6259883607000902,0.6225998299919746,0.6218411193798674
441,0.9276953339576721,0.749897301197052,0.6258593797683716,1.789636492729187,0.6289700699866025,0.6251070521247051,0.6245364133703449
442,0.9271484613418579,0.7504599094390869,0.6267969012260437,1.7944331169128418,0.6315748753874806,0.6262465890489126,0.6259620440914044
443,0.9278711080551147,0.7478144764900208,0.6244531273841858,1.8046929836273193,0.6278415299474469,0.6232593069184278,0.6227247799540805
444,0.9289844036102295,0.7452408671379089,0.6190624833106995,1.8125196695327759,0.6217951336242097,0.6183196060502705,0.6173770680329322
445,0.9297070503234863,0.7449598908424377,0.6176562309265137,1.8149042129516602,0.6199754601960297,0.6166369699054832,0.6156259267957348
446,0.9294140338897705,0.7392868995666504,0.6219531297683716,1.7923556566238403,0.624792662010861,0.6212823355103199,0.6201765428320428
447,0.9281445145606995,0.746988832950592,0.6240624785423279,1.7957861423492432,0.6273459104198152,0.6239588477536053,0.6226984779764626
448,0.9280078411102295,0.7459847331047058,0.6278906464576721,1.7781940698623657,0.6310644328986778,0.6270713248672684,0.6262197817746198
449,0.9294531345367432,0.7412449717521667,0.6258593797683716,1.795770287513733,0.6291363832593273,0.6253829051417341,0.6245951956607366
450,0.9269140362739563,0.747527539730072,0.6244531273841858,1.7870157957077026,0.628710356665195,0.6240236739797063,0.6231641391365672
451,0.926074206829071,0.7515572905540466,0.6228125095367432,1.7938013076782227,0.6261370817864788,0.6220943835527624,0.6213588893117516
452,0.9275781512260437,0.7464638352394104,0.6235937476158142,1.7991489171981812,0.626259124127552,0.6230149127134199,0.621905660878628
453,0.9302148222923279,0.7403097748756409,0.6264843940734863,1.7911591529846191,0.6303159894327104,0.6262466124399788,0.6253577782449449
454,0.9278320074081421,0.7457901835441589,0.628125011920929,1.7892508506774902,0.6311229410973171,0.6277761957243442,0.6269365695397973
455,0.927929699420929,0.7495006322860718,0.6248437762260437,1.7803547382354736,0.6278843704283111,0.6242676971002885,0.6232084410771133
456,0.9265820384025574,0.7489250898361206,0.6221874952316284,1.7824140787124634,0.6260192880573752,0.6211748516393987,0.6205748710363475
457,0.9286913871765137,0.7455269694328308,0.621874988079071,1.8045734167099,0.6251481774274509,0.621069602782883,0.6202912322100155
458,0.9267773628234863,0.7472138404846191,0.6278125047683716,1.7993472814559937,0.6323054201990828,0.6271615598207531,0.6267927850108217
459,0.9291015863418579,0.7411161065101624,0.6239062547683716,1.7920427322387695,0.6285551233670464,0.6231371282078436,0.6223012424733091
460,0.9310742020606995,0.739514172077179,0.6193749904632568,1.802901268005371,0.6239805674736956,0.618484043999314,0.6175628452137482
461,0.9310937523841858,0.7366800904273987,0.6247656345367432,1.8056203126907349,0.6283200747565596,0.6238836692267997,0.6233859179156183
462,0.9268164038658142,0.748209536075592,0.6256250143051147,1.7955204248428345,0.6290567771922249,0.6250132628674844,0.6241604066663327
463,0.9282812476158142,0.7425887584686279,0.6262500286102295,1.7921497821807861,0.6290202022070892,0.6259639591386661,0.6247822423718176
464,0.9279882907867432,0.7459560632705688,0.621874988079071,1.7943694591522217,0.6259034605395903,0.6212868924373167,0.6207201177799275
465,0.9251171946525574,0.7498548030853271,0.6274999976158142,1.794681429862976,0.630933402313256,0.6267135423202397,0.6259454081897169
466,0.9289648532867432,0.7438690066337585,0.6206250190734863,1.793669581413269,0.6243028548369178,0.6201228384597035,0.6197182325235165
467,0.9266406297683716,0.7471142411231995,0.6178905963897705,1.8064476251602173,0.6211218113039159,0.6174554591461593,0.6164430449670505
468,0.928417980670929,0.7454487085342407,0.6285937428474426,1.786880612373352,0.6324050031629045,0.6282500152469479,0.6276869978313526
469,0.9265820384025574,0.7465671300888062,0.6223437786102295,1.7998757362365723,0.6256666084538459,0.6214804615538152,0.6206473617207586
470,0.9283593893051147,0.7440586686134338,0.6245312690734863,1.7813568115234375,0.6284224369328557,0.6242309699369973,0.6234874973337825
471,0.9275586009025574,0.7446776032447815,0.6239062547683716,1.792905330657959,0.6278302224994798,0.6233412045692067,0.6226302228254825
472,0.9287109375,0.7440195679664612,0.6297656297683716,1.7951503992080688,0.6342423914369859,0.629163701126179,0.6283855496547728
473,0.9292578101158142,0.7454173564910889,0.6295312643051147,1.7757724523544312,0.6332717413708545,0.6288751870952569,0.6279734727177976
474,0.9287499785423279,0.7430800795555115,0.6350781321525574,1.7715210914611816,0.6384564219110422,0.6343410521922443,0.6333507614283654
475,0.9296679496765137,0.7418684959411621,0.6260156035423279,1.7971441745758057,0.6291905054192649,0.6252193677991873,0.6245410052175722
476,0.9282812476158142,0.7405136227607727,0.623828113079071,1.7942230701446533,0.6279094882299049,0.6235538176619246,0.6231090983962486
477,0.9292382597923279,0.7400591969490051,0.6243749856948853,1.7934470176696777,0.6275498793678749,0.6239330549226547,0.6231713127546161
478,0.9297460913658142,0.7451711297035217,0.6213281154632568,1.7854297161102295,0.624841528067011,0.620603948220037,0.6195240215691791
479,0.9288671612739563,0.7420015931129456,0.6249218583106995,1.7821571826934814,0.6276668619642026,0.624097020340937,0.6232855041311507
480,0.9298242330551147,0.7383292317390442,0.6241406202316284,1.7813355922698975,0.6275735339428998,0.623615236058974,0.6229432592129948
481,0.929980456829071,0.7407252788543701,0.6240624785423279,1.7955321073532104,0.6269331230408787,0.6235704024497544,0.6228025122129248
482,0.9302148222923279,0.736854076385498,0.6266406178474426,1.7835177183151245,0.6292752564119528,0.6262747392055,0.625391014453551
483,0.9298632740974426,0.7372303605079651,0.6224218606948853,1.8042657375335693,0.6259078621848616,0.6217594377697468,0.6210965390387229
484,0.9295312762260437,0.7409705519676208,0.6270312666893005,1.7828658819198608,0.6306132126304187,0.6264150392723749,0.6259560933681693
485,0.9288671612739563,0.741678774356842,0.6272656321525574,1.7904226779937744,0.6310044587218722,0.6264331322090481,0.6257622825149181
486,0.9292382597923279,0.7423559427261353,0.6240624785423279,1.7786526679992676,0.6286117829050852,0.6235755915635885,0.6227494037764154
487,0.9311133027076721,0.7353732585906982,0.6289843916893005,1.795159101486206,0.6325486405675746,0.6280826841218997,0.6275113655793166
488,0.92822265625,0.7437537312507629,0.6263281106948853,1.7882294654846191,0.6299367328741649,0.625800663862575,0.6250889789532663
489,0.9293359518051147,0.7387003302574158,0.6264062523841858,1.7992860078811646,0.6300530268407125,0.6259646903824359,0.6253098335578955
490,0.9304296970367432,0.7360097765922546,0.6214843988418579,1.7833144664764404,0.6257015309096464,0.6207961729228806,0.6206151176479209
491,0.9316015839576721,0.7375839948654175,0.6247656345367432,1.7787283658981323,0.6298039835522233,0.6244357736768301,0.6240893234662122
492,0.9308007955551147,0.7368923425674438,0.6223437786102295,1.7848049402236938,0.6251059493481272,0.6214637166822009,0.6208472259218928
493,0.9309375286102295,0.7372496724128723,0.6272656321525574,1.7820777893066406,0.6307634241345573,0.6266164970942121,0.6261367488608938
494,0.9299609661102295,0.7381994724273682,0.6250781416893005,1.786506175994873,0.628747229393684,0.6246412711401529,0.623912413896159
495,0.93017578125,0.7411259412765503,0.6228906512260437,1.7891933917999268,0.626716073406882,0.6225648396088226,0.6220650729313946
496,0.9323632717132568,0.7322989702224731,0.625781238079071,1.7926937341690063,0.6285007838276468,0.6254102114869065,0.6244743846840033
497,0.9304882884025574,0.7371618747711182,0.6142968535423279,1.8203853368759155,0.6176802749673536,0.61363356185223,0.6128415033243095
498,0.9292578101158142,0.7391768097877502,0.6157031059265137,1.817388653755188,0.6192092283275514,0.6152907504506591,0.6147135371327028
499,0.9316015839576721,0.7379844188690186,0.6208593845367432,1.80229914188385,0.6243856032130621,0.620094827289444,0.6196164879893808
500,0.9295703172683716,0.7400839328765869,0.6235937476158142,1.7997772693634033,0.6275892771015305,0.6225443984814065,0.622072086005853
501,0.9292773604393005,0.7387210130691528,0.6239843964576721,1.7925231456756592,0.6273911731460058,0.6232831259658893,0.6228703189909541
502,0.932812511920929,0.7312153577804565,0.6297656297683716,1.7853686809539795,0.6325834607083374,0.6291607673983677,0.6285148437681767
503,0.9270898699760437,0.744490385055542,0.628125011920929,1.7811161279678345,0.6318734512572393,0.6277944790399623,0.6272509439695251
504,0.9292382597923279,0.7419574856758118,0.6221093535423279,1.7951059341430664,0.6249358874937121,0.6215935749427288,0.6208962333976773
505,0.9294726848602295,0.7426751852035522,0.6215624809265137,1.8084598779678345,0.6252004301323457,0.6210991950766402,0.620142332682359
506,0.9312304854393005,0.7366136908531189,0.6280468702316284,1.7966595888137817,0.6312012410288099,0.627223347280111,0.626440435768625
507,0.9311133027076721,0.7376833558082581,0.620312511920929,1.8049523830413818,0.624394162385872,0.6201521842728085,0.6193051595980367
508,0.931835949420929,0.7324631214141846,0.6273437738418579,1.8027687072753906,0.6309255414060497,0.6268053752555485,0.6263700334030007
509,0.9301953315734863,0.7382041215896606,0.6245312690734863,1.7972606420516968,0.6279270444496688,0.6241407654180093,0.6233708102527589
510,0.9299023151397705,0.7406237125396729,0.6306250095367432,1.7900099754333496,0.6342652344611841,0.6300031636680883,0.6293539253464694
511,0.9335351586341858,0.73076993227005,0.6216406226158142,1.7929192781448364,0.625465168388921,0.6211994132340993,0.620604259770566
512,0.931445300579071,0.7353518605232239,0.626953125,1.7933272123336792,0.6309134595070465,0.6261256979389952,0.6258920756402415
513,0.9340624809265137,0.7269332408905029,0.632031261920929,1.7915774583816528,0.6354958394013335,0.6316782910967509,0.6310609255762865
514,0.9334765672683716,0.7266143560409546,0.6280468702316284,1.7978355884552002,0.6321609620121452,0.6277383671366709,0.627357628238485
515,0.9308788776397705,0.7329217791557312,0.6291406154632568,1.780808687210083,0.6332175377456594,0.6286004838433226,0.6279677408645372
516,0.931445300579071,0.7353425621986389,0.631640613079071,1.7870233058929443,0.6354473623617907,0.6310533089185226,0.6304221778845915
517,0.929980456829071,0.7376041412353516,0.6246874928474426,1.7931029796600342,0.6282108455013721,0.6239218649216819,0.6234898320862307
518,0.929003894329071,0.7394987344741821,0.6279687285423279,1.791883111000061,0.6312713514306746,0.6276472404136846,0.6270033067950808
519,0.9325195550918579,0.7290818691253662,0.6258593797683716,1.7952821254730225,0.6292377593699304,0.6251620443671297,0.6248970957508793
520,0.9279882907867432,0.7420713901519775,0.6286718845367432,1.7842329740524292,0.6320271922565817,0.6279532949287618,0.6275811628338054
521,0.9303905963897705,0.742435097694397,0.628125011920929,1.7744373083114624,0.6315253211797709,0.6274955392516686,0.6267347366101073
522,0.9277148246765137,0.7442609667778015,0.6270312666893005,1.8022756576538086,0.6304792853744656,0.6262592411190095,0.6257500460436953
523,0.9276171922683716,0.7426332831382751,0.6248437762260437,1.8008145093917847,0.6281489550693413,0.6242237625671425,0.6236007127755154
524,0.9327148199081421,0.731861412525177,0.6310937404632568,1.7820477485656738,0.6349395848620165,0.6306117048736009,0.6295027982377065
525,0.9332422018051147,0.7309200763702393,0.6258593797683716,1.7866113185882568,0.6294168951336607,0.6253661800744763,0.6246470906271299
526,0.9298437237739563,0.7382557392120361,0.620312511920929,1.8011318445205688,0.6247545227312872,0.6195969813113043,0.6190767109265268
527,0.9306445121765137,0.7354057431221008,0.6297656297683716,1.787308931350708,0.6330086486303007,0.6292167446865053,0.6285384826171014
528,0.9289453029632568,0.7439894676208496,0.624218761920929,1.7996710538864136,0.6274577483073787,0.6234137327095317,0.622511171684974
529,0.9337304830551147,0.7289447784423828,0.6259375214576721,1.79581880569458,0.6297876197635157,0.6250882924212032,0.6241757723255155
530,0.9311718940734863,0.7387670278549194,0.6248437762260437,1.8105554580688477,0.6282754447839024,0.6240986374495772,0.623347502424134
531,0.9310351610183716,0.7327979803085327,0.6223437786102295,1.7933512926101685,0.6258306504084281,0.6212046909836931,0.620413497972858
532,0.9341210722923279,0.7252710461616516,0.6292187571525574,1.7979731559753418,0.6320657060183892,0.6285003869878415,0.6275426376558777
533,0.9306054711341858,0.7381864786148071,0.6254687309265137,1.8112815618515015,0.6293078790388305,0.6250280907978656,0.6243240534562824
534,0.9312109351158142,0.7355000376701355,0.6274218559265137,1.7995426654815674,0.6312999278761817,0.627034349601616,0.6263343965225393
535,0.9318945407867432,0.7322523593902588,0.630078136920929,1.78153395652771,0.6337380806949736,0.6293236707141325,0.6285527674294307
536,0.9316601753234863,0.7327485680580139,0.6256250143051147,1.8087162971496582,0.6291707403480975,0.6249196494117313,0.6242344803617328
537,0.9314844012260437,0.7352541089057922,0.6292968988418579,1.8029063940048218,0.6338848813531591,0.6286867718886375,0.6281110665768976
538,0.9314648509025574,0.7358927130699158,0.6295312643051147,1.789718508720398,0.6325204239752945,0.62857600799893,0.6282140086194112
539,0.932324230670929,0.7331716418266296,0.6283593773841858,1.7838531732559204,0.6320377713440308,0.6271708017870326,0.6269283627444446
540,0.9322851300239563,0.7301878333091736,0.6285937428474426,1.7897869348526,0.6320923839377013,0.6275888587064673,0.6270001575896745
541,0.932812511920929,0.7322267889976501,0.62890625,1.7904057502746582,0.6328627564008587,0.6280594585359754,0.6276068887949169
542,0.9340234398841858,0.7288780808448792,0.6282031536102295,1.7901208400726318,0.6312043721867887,0.6274664852958887,0.6269255980210219
543,0.9318163990974426,0.7322912812232971,0.6257030963897705,1.8022525310516357,0.6285729405679391,0.6247585633635114,0.6241035711774752
544,0.9315820336341858,0.7344825267791748,0.6201562285423279,1.8145719766616821,0.6239170059152818,0.6191877496167766,0.6188305395069332
545,0.929980456829071,0.7407128810882568,0.6239062547683716,1.7992268800735474,0.6277352127269198,0.6231063100607795,0.6229013443330893
546,0.930957019329071,0.7361771464347839,0.6257030963897705,1.8025994300842285,0.6294148992017395,0.6248407285978915,0.6243391992539806
547,0.9299609661102295,0.740520179271698,0.6270312666893005,1.797010064125061,0.6303674569882828,0.6262501820260018,0.6255579764411892
548,0.9317578077316284,0.7328407168388367,0.6245312690734863,1.7920681238174438,0.628117214914057,0.6239946307852409,0.6233472810885563
549,0.9320703148841858,0.7358788251876831,0.6282031536102295,1.8055058717727661,0.6313497017921895,0.6274906659477181,0.6269150776569477
550,0.9326171875,0.7315191030502319,0.6271093487739563,1.786920428276062,0.6305827202121705,0.626409073792777,0.6262310074338153
551,0.931835949420929,0.7328144311904907,0.6304687261581421,1.7915719747543335,0.6340415751403964,0.6301202065461142,0.6295198979414598
552,0.9346484541893005,0.7273183465003967,0.6260937452316284,1.7939735651016235,0.6299773495119,0.6256032894179854,0.6249913267902132
553,0.9333202838897705,0.7264949679374695,0.629687488079071,1.7979671955108643,0.6327267115612509,0.6291179201238284,0.6287798325744594
554,0.9336133003234863,0.7270922064781189,0.6303906440734863,1.7858635187149048,0.632919655916168,0.6298474686270203,0.6290359977281075
555,0.9343359470367432,0.7252954244613647,0.6279687285423279,1.7940797805786133,0.6322468737430982,0.6274779193172535,0.6273057188737816
556,0.9344921708106995,0.727794349193573,0.6289843916893005,1.7863600254058838,0.6317128343113418,0.6282544607400501,0.6278330177080591
557,0.9330468773841858,0.728183388710022,0.6196874976158142,1.8177026510238647,0.6225342046219364,0.6192258637463207,0.618793564653985
558,0.9307031035423279,0.7333986163139343,0.6217968463897705,1.7914559841156006,0.6253255120714715,0.6213488454140756,0.6210602378578318
559,0.9318749904632568,0.7343665361404419,0.6248437762260437,1.78852117061615,0.6288409863354449,0.6241053154505654,0.6240259978269929
560,0.9302734136581421,0.7358185648918152,0.6287500262260437,1.7903852462768555,0.632400399183705,0.6279833954258038,0.6275476870212489
561,0.931933581829071,0.7313359975814819,0.626171886920929,1.8029136657714844,0.6301934157113283,0.6256010968004804,0.6249893035893308
562,0.9305468797683716,0.7350730895996094,0.6262500286102295,1.8052104711532593,0.6296419578373087,0.6252280090171103,0.6247486300106964
563,0.9315820336341858,0.7341862320899963,0.6264843940734863,1.8095124959945679,0.6295635532685225,0.6256183068660057,0.625083957431906
564,0.9312499761581421,0.7320396304130554,0.6278125047683716,1.8116322755813599,0.6309713154759673,0.627282226927308,0.6267618116475824
565,0.9309179782867432,0.7396829128265381,0.6302343606948853,1.7962833642959595,0.6340172502548787,0.6296333144746806,0.6289047941703374
566,0.9328320026397705,0.7323219776153564,0.6311718821525574,1.7811996936798096,0.6351316489210899,0.6304472875568339,0.6302134213531642
567,0.9342968463897705,0.7315508127212524,0.6299218535423279,1.777274489402771,0.6332481230480843,0.6290645113956181,0.6288601662903708
568,0.932910144329071,0.7254335284233093,0.6284375190734863,1.7961403131484985,0.6331770019126524,0.627831083910182,0.6276868629982737
569,0.9341601729393005,0.7246506214141846,0.6327343583106995,1.7853988409042358,0.6365130651771124,0.6322153368378209,0.6316881659031444
570,0.9337499737739563,0.7278964519500732,0.625,1.7980635166168213,0.6290471715865505,0.6243884776831102,0.6239441033502682
571,0.9327929615974426,0.7275617718696594,0.6264843940734863,1.7823067903518677,0.6297177955937115,0.6258364435365859,0.6252957725521738
572,0.9337695240974426,0.724179208278656,0.623828113079071,1.7946858406066895,0.6275630803434127,0.6228826391922073,0.6224226023954778
573,0.9322656393051147,0.7297638654708862,0.625781238079071,1.797499179840088,0.6288419825105496,0.6247576915887247,0.6244068785654404
574,0.9311718940734863,0.7334810495376587,0.623828113079071,1.8168522119522095,0.6266618737688222,0.622841041218662,0.6226107136930099
575,0.9351367354393005,0.7233810424804688,0.625,1.7971807718276978,0.6281340716254356,0.6241912454330527,0.6233502816784124
576,0.9344140887260437,0.7248485088348389,0.6276562213897705,1.7850109338760376,0.6304398969965171,0.6271333546685094,0.6264456659657205
577,0.9350390434265137,0.7223545908927917,0.622265636920929,1.8035229444503784,0.6260723836697355,0.6217279519642822,0.6207912670312183
578,0.9376171827316284,0.7149326801300049,0.6279687285423279,1.787774682044983,0.6298628814773095,0.6269525314522705,0.6262449434806148
579,0.9335156083106995,0.7272008657455444,0.6250781416893005,1.7957791090011597,0.6279250258913527,0.624055820920868,0.6235976715958143
580,0.9322070479393005,0.7275747060775757,0.6247656345367432,1.8038322925567627,0.6281389509532702,0.6239686846865835,0.6232664189931383
581,0.9339258074760437,0.7253662943840027,0.6273437738418579,1.7941912412643433,0.6306911316895865,0.6265913935813163,0.625924318707371
582,0.9287109375,0.7359297275543213,0.6319531202316284,1.790981411933899,0.6359789050576341,0.6314337665800491,0.6310119167756743
583,0.9317578077316284,0.7300423383712769,0.6276562213897705,1.7949711084365845,0.6308593367401363,0.6270312158473734,0.6266265778770408
584,0.9349804520606995,0.7220405340194702,0.6294531226158142,1.7972265481948853,0.6327332300422636,0.6288013410189119,0.6282712276384916
585,0.9333593845367432,0.7241064310073853,0.6266406178474426,1.8127646446228027,0.6299517303166023,0.6260201766398991,0.6255799600708081
586,0.9336327910423279,0.7246008515357971,0.6205468773841858,1.8099552392959595,0.6232713593549783,0.6197593869643098,0.6192125115163455
587,0.9331250190734863,0.7278052568435669,0.6239062547683716,1.8106322288513184,0.6275869925118298,0.6234714445653549,0.6228501513869915
588,0.9312890768051147,0.7345401048660278,0.6271874904632568,1.8119856119155884,0.6302703387891009,0.6266148017547993,0.6259313023335142
589,0.9330078363418579,0.7325640320777893,0.6229687333106995,1.8311457633972168,0.6280431741639197,0.6220014960833765,0.6215171390167564
590,0.9320898652076721,0.7328599691390991,0.6267969012260437,1.8235349655151367,0.6292929036721795,0.6256089995286892,0.6248951030463434
591,0.933789074420929,0.7264373898506165,0.6249218583106995,1.804673433303833,0.62848631783667,0.6240628510993975,0.623638152715762
592,0.9327148199081421,0.732250988483429,0.6240624785423279,1.8175506591796875,0.6270608311328622,0.6231184696237788,0.6225575309319543
593,0.9316796660423279,0.7373285889625549,0.6273437738418579,1.8141919374465942,0.631721870632838,0.6261855071533318,0.625803618076216
594,0.9318749904632568,0.7352883815765381,0.6246093511581421,1.8060200214385986,0.6281529251183862,0.6235988190496797,0.6232501186428043
595,0.931640625,0.7370090484619141,0.6271093487739563,1.8076090812683105,0.6304512752543223,0.6264428574542258,0.6258639040985239
596,0.9344531297683716,0.7259955406188965,0.6282031536102295,1.8014898300170898,0.6304652967672468,0.6273962494921295,0.6265960283975793
597,0.9365234375,0.7187889814376831,0.620312511920929,1.8186763525009155,0.6232590690579796,0.6194341503775536,0.6186606422151857
598,0.9325585961341858,0.730407178401947,0.6237499713897705,1.8119407892227173,0.6268804172254736,0.622794161653228,0.6219073123335712
599,0.9348828196525574,0.7233898043632507,0.6272656321525574,1.8234460353851318,0.6301490854187989,0.6266730398985345,0.625703195774927
600,0.9346289038658142,0.7226049900054932,0.630078136920929,1.8024879693984985,0.6328218848734575,0.6291766740141207,0.6285292553297246
601,0.9319726824760437,0.731153666973114,0.6306250095367432,1.8066052198410034,0.6338650842236604,0.6297325470886167,0.6292718245095855
602,0.93408203125,0.7256036400794983,0.6255468726158142,1.8195387125015259,0.6297378627010186,0.6248140912901528,0.6243756992847804
603,0.9345898628234863,0.7284866571426392,0.6240624785423279,1.8127995729446411,0.6277627744570813,0.6229563238725477,0.6223739741629212
604,0.935351550579071,0.7236606478691101,0.6303125023841858,1.8046965599060059,0.6344454288775914,0.6293289291648545,0.6288813589710793
605,0.9362695217132568,0.7245949506759644,0.6244531273841858,1.8170219659805298,0.6285844157028445,0.6235260828457203,0.623186731579715
606,0.9366796612739563,0.720472514629364,0.6234375238418579,1.8109707832336426,0.6271936749388511,0.6229268924734213,0.6223109097231919
607,0.9346289038658142,0.7233394384384155,0.6256250143051147,1.8071480989456177,0.6293342898147122,0.6249154532643562,0.6245105843408155
608,0.9341015815734863,0.7231309413909912,0.6263281106948853,1.7943648099899292,0.6306269708515505,0.6256246725101802,0.6250569600823992
609,0.9341210722923279,0.7259845733642578,0.6207812428474426,1.811122179031372,0.6245540251895516,0.6196782838829313,0.6192419195885799
610,0.9362499713897705,0.7170007228851318,0.6276562213897705,1.7986578941345215,0.6301711104461456,0.6266337560745641,0.625675755310883
611,0.9356250166893005,0.7268099188804626,0.6252343654632568,1.7959299087524414,0.627811201758313,0.6244748863527354,0.6235650614404751
612,0.9352343678474426,0.7204040288925171,0.6253125071525574,1.7971563339233398,0.6291968259871299,0.624365571498567,0.6240040736726549
613,0.9353320598602295,0.7217717170715332,0.6298437714576721,1.7905060052871704,0.6326948409585247,0.6288458325383004,0.6281054638115577
614,0.9325585961341858,0.7304158210754395,0.625,1.8136707544326782,0.6273552981490065,0.6240483765826184,0.6231099111024248
615,0.9333789348602295,0.7279880046844482,0.6303906440734863,1.7881909608840942,0.633766719796226,0.6296785267282401,0.6292059905949421
616,0.934765636920929,0.722149133682251,0.6307031512260437,1.8134783506393433,0.6335930241113183,0.6293712347622675,0.6289040335730808
617,0.9325976371765137,0.7306245565414429,0.6274218559265137,1.8034141063690186,0.6304064980270525,0.6261748940245067,0.625411752634394
618,0.9340038895606995,0.7253907918930054,0.633984386920929,1.784542441368103,0.6364231828922561,0.6327466981062801,0.6317188936898892
619,0.9347460865974426,0.7224764227867126,0.635546863079071,1.787550687789917,0.6397776332595777,0.6346483111055891,0.6343610711698625
620,0.9345703125,0.7268815636634827,0.6278906464576721,1.8196831941604614,0.6311427271811253,0.6268703029747524,0.6263307393057681
621,0.9350390434265137,0.7237823009490967,0.6288281083106995,1.8088973760604858,0.6316169177235265,0.6279673451931507,0.6271963539428078
622,0.9337499737739563,0.7276930809020996,0.6282031536102295,1.8097355365753174,0.6309878663857789,0.6276259136860458,0.6268593046886384
623,0.9334961175918579,0.7262635827064514,0.6318749785423279,1.794691801071167,0.6344137346212987,0.6310907096676543,0.6303508836436508
624,0.9374804496765137,0.7171803116798401,0.6265624761581421,1.8013007640838623,0.6282253712001722,0.6256546321386561,0.6248878791224335
625,0.9354492425918579,0.7226358652114868,0.6265624761581421,1.8137418031692505,0.6300657846094514,0.6257268098502975,0.6248143797987884
626,0.9356640577316284,0.7210252285003662,0.6299218535423279,1.8044438362121582,0.6326349119012079,0.6291286814938131,0.6286001183629917
627,0.9367969036102295,0.7176113128662109,0.6244531273841858,1.811753273010254,0.6277814403742509,0.6234811939269223,0.6231264214417005
628,0.9338476657867432,0.7286952137947083,0.6239843964576721,1.8148013353347778,0.6274985263023973,0.6230141810739575,0.622320541916735
629,0.9363086223602295,0.7201988697052002,0.6225781440734863,1.8047856092453003,0.6255671547570268,0.621762752869605,0.6209756816910763
630,0.9336913824081421,0.7225633263587952,0.6225781440734863,1.8205679655075073,0.6255647876850131,0.6221782670451657,0.6214640853749963
631,0.9333398342132568,0.7295817732810974,0.6264843940734863,1.8237446546554565,0.6300517491856026,0.6260508854157613,0.6253323732999089
632,0.9352734088897705,0.7238049507141113,0.6233593821525574,1.8260403871536255,0.6273228246544009,0.6223869014785037,0.6215522614033782
633,0.9366601705551147,0.720444917678833,0.6225000023841858,1.8096203804016113,0.6255245259910104,0.621861266677806,0.6212843551025138
634,0.9362109303474426,0.7217209339141846,0.6246093511581421,1.810634732246399,0.6286621374360944,0.6239828062708788,0.6233453720746793
635,0.9351562261581421,0.7247328162193298,0.6262500286102295,1.8250534534454346,0.6296211821637238,0.6251036860443292,0.6247061699925298
636,0.9380273222923279,0.7199664115905762,0.6290624737739563,1.8167157173156738,0.6325747779538382,0.6279709285865686,0.6270523913033677
637,0.9362109303474426,0.7238597273826599,0.6264843940734863,1.8114662170410156,0.6306208797714237,0.6259815900862485,0.6255242795443544
638,0.9347851276397705,0.7241422533988953,0.6303125023841858,1.8068726062774658,0.6329902607894698,0.6298059851562041,0.6286956121637808
639,0.9349218606948853,0.7210478782653809,0.625,1.8039616346359253,0.6285565445386558,0.6243081772395851,0.6238828278758788
640,0.9357030987739563,0.7191531658172607,0.6324999928474426,1.810910701751709,0.636366464753048,0.6318941302717129,0.6313564717732016
641,0.9344921708106995,0.723101794719696,0.6303125023841858,1.8231474161148071,0.6331164654100028,0.6294251028436799,0.6291893282551758
642,0.9335547089576721,0.7262446880340576,0.627734363079071,1.7971514463424683,0.6315406159643585,0.6269738370884114,0.6265421992430907
643,0.9334765672683716,0.7269163727760315,0.6234375238418579,1.8050775527954102,0.6261866053838994,0.6227010659070562,0.6217674021181606
644,0.9333202838897705,0.7284691333770752,0.6279687285423279,1.804032802581787,0.6309182679782063,0.6269689285462308,0.6264382427119721
645,0.9367969036102295,0.7186424136161804,0.6286718845367432,1.7924869060516357,0.6316884137782106,0.6278874518479509,0.6273081373912148
646,0.9358593821525574,0.7209464907646179,0.6295312643051147,1.7980173826217651,0.6323814392092602,0.628646495213659,0.6280687435812427
647,0.9359375238418579,0.7196967601776123,0.6266406178474426,1.8100159168243408,0.6287201188419478,0.6256145553726706,0.6247523745703545
648,0.9372265338897705,0.714142382144928,0.6318749785423279,1.7936828136444092,0.6343377513243271,0.6309091118111256,0.6301063488291585
649,0.93701171875,0.7156739830970764,0.6284375190734863,1.807051658630371,0.6311972321864576,0.6277030368483185,0.6267846991913643
650,0.9358203411102295,0.7244932651519775,0.6323437690734863,1.7968577146530151,0.6364341544696889,0.6314091756642046,0.63114525626524
651,0.9351367354393005,0.7222343683242798,0.6290624737739563,1.818923830986023,0.6314047649086105,0.6283970282354144,0.6273604148841858
652,0.9332226514816284,0.7317529320716858,0.6318749785423279,1.8038150072097778,0.6350868234184144,0.6310207002919931,0.6303622436090617
653,0.9358203411102295,0.7176032066345215,0.6318749785423279,1.7973803281784058,0.6354168929364963,0.630968643822069,0.6302063505851463
654,0.9368749856948853,0.714963972568512,0.6307812333106995,1.8032712936401367,0.6343529903889558,0.6301018864670477,0.6295412050131655
655,0.9347070455551147,0.7193088531494141,0.6282031536102295,1.8039686679840088,0.6314183685561714,0.6274868797744018,0.626993265311885
656,0.9365429878234863,0.7196799516677856,0.6291406154632568,1.8022451400756836,0.6324967793628669,0.6282705138125836,0.6278242118235999
657,0.9349804520606995,0.7244292497634888,0.6287500262260437,1.8076910972595215,0.6324549198771021,0.628301116237467,0.6274059113784616
658,0.9349804520606995,0.7217433452606201,0.6279687285423279,1.8080999851226807,0.6312111093536478,0.6270382700254069,0.6264345173651555
659,0.9351171851158142,0.7193306684494019,0.6291406154632568,1.7929775714874268,0.6321146377000268,0.6283511866774096,0.6275276214979506
660,0.9368945360183716,0.7179597616195679,0.6279687285423279,1.8088847398757935,0.6318673750169257,0.6272690246308367,0.6265373819515767
661,0.9345117211341858,0.7218527793884277,0.6328125,1.8077884912490845,0.6358266904807739,0.6319263135360287,0.6311148165177481
662,0.9354296922683716,0.7203369140625,0.6296093463897705,1.7963234186172485,0.6332170882627328,0.6288147042243346,0.6284113501464814
663,0.9367773532867432,0.7165195345878601,0.6332812309265137,1.7935700416564941,0.637085519295559,0.6326005443640265,0.631706667021352
664,0.9354492425918579,0.720348596572876,0.6267187595367432,1.8091132640838623,0.6302178031275343,0.6261309978117907,0.6252444909749824
665,0.9374609589576721,0.7184429168701172,0.6272656321525574,1.8009587526321411,0.6315238671215785,0.6265869835272257,0.6259542760642804
666,0.9374218583106995,0.7148906588554382,0.6303125023841858,1.8078467845916748,0.633850595706785,0.6299720110882259,0.6292439479450189
667,0.9349414110183716,0.7233750224113464,0.6283593773841858,1.8122639656066895,0.6317498565505084,0.6277663142980928,0.6269836850487241
668,0.9360156059265137,0.7220624685287476,0.626953125,1.8064897060394287,0.6304159184589675,0.6262858010484051,0.6255869926824795
669,0.9341406226158142,0.7234764099121094,0.6333593726158142,1.7862460613250732,0.6377061953894102,0.6326412708456799,0.6322007968807535
670,0.9350000023841858,0.7209153175354004,0.6321094036102295,1.7963262796401978,0.6357061853220812,0.6312897812622045,0.6306454143567227
671,0.9359375238418579,0.7208201885223389,0.6324999928474426,1.7994742393493652,0.6358119406896878,0.6320126613442096,0.6315192115894965
672,0.9362695217132568,0.7200846672058105,0.6240624785423279,1.8165686130523682,0.6278061539397795,0.6232436113475367,0.6230263204229716
673,0.9366406202316284,0.7187328934669495,0.6301562786102295,1.8060908317565918,0.6343529569988555,0.6294373112547086,0.629018099432845
674,0.93505859375,0.7243364453315735,0.626171886920929,1.8216861486434937,0.6288033488665175,0.6256288108854124,0.6250765559787679
675,0.9350390434265137,0.724933385848999,0.6334375143051147,1.7930046319961548,0.6365148023205327,0.6325483083496704,0.6319535168987782
676,0.93701171875,0.7183724045753479,0.6286718845367432,1.8070683479309082,0.6321878731237339,0.6281245437080173,0.6274424544232882
677,0.9342578053474426,0.7211704254150391,0.625781238079071,1.8114155530929565,0.6295840732036171,0.6250147069631093,0.6247647144695333
678,0.9377148151397705,0.7168927788734436,0.6284375190734863,1.803167700767517,0.630812733245119,0.6273514348113391,0.6266416067556797
679,0.9381445050239563,0.7146602869033813,0.6224218606948853,1.8235549926757812,0.626035612333745,0.6219496815838346,0.6214690036460702
680,0.9366210699081421,0.7163990139961243,0.6284375190734863,1.822426438331604,0.6315773590073658,0.6279392040930376,0.6272949814196269
681,0.93310546875,0.7249788641929626,0.6249218583106995,1.823357105255127,0.6273084472894113,0.6240773147910059,0.6233182860109747
682,0.935839831829071,0.7226906418800354,0.630078136920929,1.8152154684066772,0.6331632341187761,0.6290116220243674,0.6282983777790965
683,0.939453125,0.7117599248886108,0.6286718845367432,1.8024535179138184,0.6312370915308139,0.6276658501295118,0.6269879404097681
684,0.9381445050239563,0.7132022380828857,0.6296093463897705,1.7961714267730713,0.6326115318838117,0.6287239089518016,0.6280983139495345
685,0.9375195503234863,0.7146977186203003,0.6289843916893005,1.8240047693252563,0.6314885763465499,0.6283112266412805,0.6275270292491673
686,0.9401953220367432,0.7091339826583862,0.6307812333106995,1.8080167770385742,0.6335113994364601,0.6299106533791833,0.6292965708322541
687,0.9358593821525574,0.7189681529998779,0.6282812356948853,1.8181147575378418,0.6308325961337543,0.6272416891152379,0.6265681633533644
688,0.9347460865974426,0.7228537201881409,0.6263281106948853,1.8248374462127686,0.6311813068924963,0.6259067678860855,0.6252193373541737
689,0.9361523389816284,0.7199001908302307,0.6242969036102295,1.8227654695510864,0.6270499871947883,0.6234574373131618,0.6226429761389762
690,0.9358593821525574,0.7199279069900513,0.6267969012260437,1.803411841392517,0.6304218785322664,0.6262921224805322,0.625640574974793
691,0.9342578053474426,0.7281472682952881,0.6267969012260437,1.8260844945907593,0.6303530927765187,0.626059052090498,0.6254823619416414
692,0.9351953268051147,0.7235530018806458,0.630859375,1.8003945350646973,0.6339564374362618,0.6302672629274051,0.6293202602325818
693,0.9362890720367432,0.7191930413246155,0.6310155987739563,1.8036094903945923,0.6342282349509912,0.6304176319289498,0.6296224222401653
694,0.939453125,0.7165138721466064,0.6254687309265137,1.7976957559585571,0.6285755429073961,0.6246274987159026,0.6241556725190134
695,0.9363086223602295,0.7189194560050964,0.6273437738418579,1.796458125114441,0.6300447763251089,0.6263908732707757,0.6254828028900712
696,0.9365820288658142,0.7137508988380432,0.6334375143051147,1.7866744995117188,0.6357717415847081,0.6323226369330386,0.6314414903786998
697,0.9371484518051147,0.7179674506187439,0.6285156011581421,1.8055592775344849,0.6318840007112643,0.6276146190254496,0.6269855398814539
698,0.9369335770606995,0.7178130149841309,0.6274218559265137,1.8228946924209595,0.6310638727317632,0.62692857703431,0.6261699027992446
699,0.9366796612739563,0.7213334441184998,0.6319531202316284,1.8066917657852173,0.6360783871295824,0.6311747324205037,0.6306146135730464
700,0.9346484541893005,0.7201266288757324,0.6198437213897705,1.8263713121414185,0.6236726247324007,0.6191491567867318,0.6183678912293022
701,0.9371484518051147,0.7143316864967346,0.627734363079071,1.8151309490203857,0.6310829067671746,0.6271048511838472,0.6258834172171678
702,0.9377539157867432,0.7130045294761658,0.6268749833106995,1.8141343593597412,0.6298462096820712,0.625946332434073,0.6249923553605202
703,0.9383007884025574,0.713309645652771,0.6317187547683716,1.7945142984390259,0.6342279304484868,0.6311846199678717,0.6303616274392733
704,0.9378125071525574,0.7124271988868713,0.6266406178474426,1.806134819984436,0.629421396253677,0.6260026728913184,0.6250639816891927
705,0.9379296898841858,0.7165635824203491,0.6236718893051147,1.8137048482894897,0.627485914830322,0.6230518842313105,0.6227198845065804
706,0.9369140863418579,0.7174273729324341,0.6203906536102295,1.8331959247589111,0.6241017786825305,0.6198229298257967,0.6191679901896655
707,0.9376171827316284,0.7161974906921387,0.6278906464576721,1.7859326601028442,0.630579176135484,0.6271236925848442,0.6263385567033747
708,0.9356250166893005,0.7240657806396484,0.6264062523841858,1.8120285272598267,0.629680730951958,0.625419191322834,0.6251911692786742
709,0.9373437762260437,0.7157917618751526,0.6241406202316284,1.8235528469085693,0.6279901772476157,0.6232078564327547,0.6228001755536483
710,0.9378710985183716,0.7118768095970154,0.6283593773841858,1.8055628538131714,0.6312433669672938,0.6277682950250156,0.6269342436222329
711,0.9377734661102295,0.7123284339904785,0.6285937428474426,1.8067941665649414,0.6312432021602123,0.6281295867008032,0.6271926732592094
712,0.9388281106948853,0.7082623243331909,0.6231250166893005,1.8321841955184937,0.6262591815631042,0.6223091139866676,0.6216436991518834
713,0.9347460865974426,0.721351683139801,0.627734363079071,1.8246098756790161,0.6306971854471086,0.6270788392093599,0.6265440157245558
714,0.9358203411102295,0.7191295623779297,0.6326562762260437,1.809890866279602,0.6368487220765338,0.6321623654471897,0.6318345812446999
715,0.9357812404632568,0.7192208766937256,0.632031261920929,1.8242311477661133,0.6359708936167274,0.6315009141633565,0.6311620070215134
716,0.937304675579071,0.7117034792900085,0.6368749737739563,1.7899054288864136,0.640567124475175,0.6361915845035095,0.6357843967803585
717,0.9359765648841858,0.7197353839874268,0.6239062547683716,1.8250387907028198,0.6270267720191671,0.6233402107396633,0.6225031473697898
718,0.9363476634025574,0.7199739217758179,0.6252343654632568,1.82012939453125,0.6287096784069768,0.6247170609785785,0.6242454934677608
719,0.9361327886581421,0.7188714742660522,0.6295312643051147,1.8151805400848389,0.6330215236158869,0.6287646914060769,0.6282397799816887
720,0.9364843964576721,0.717037558555603,0.6256250143051147,1.8280044794082642,0.6290198858672498,0.6253156921265528,0.6245307484771895
721,0.9364062547683716,0.7204502820968628,0.6285937428474426,1.8101211786270142,0.6322997239940847,0.6280627716070974,0.6274821929135002
722,0.9380859136581421,0.7127797603607178,0.6335155963897705,1.8110644817352295,0.637254321903318,0.6329698800297684,0.6323375065267975
723,0.9393945336341858,0.7105799913406372,0.6326562762260437,1.7953588962554932,0.6358994577001861,0.6319877645775678,0.6312288732372469
724,0.9375585913658142,0.718288242816925,0.6285937428474426,1.8133225440979004,0.6315710654459534,0.6281446006548557,0.6272750715043703
725,0.9373632669448853,0.7181144952774048,0.6215624809265137,1.8216733932495117,0.625333947845794,0.621143234771078,0.6205348437323471
726,0.9363476634025574,0.7205162644386292,0.6341406106948853,1.8059453964233398,0.6371022625113116,0.6334058127015945,0.632886174523421
727,0.935351550579071,0.7235682606697083,0.6274999976158142,1.8103348016738892,0.6299379227822594,0.6267873102527668,0.6262177061179668
728,0.9370703101158142,0.7188347578048706,0.6283593773841858,1.8273842334747314,0.6307471187160716,0.6273357743489597,0.6263447681631858
729,0.9362890720367432,0.7144433856010437,0.6291406154632568,1.7963507175445557,0.6315292316813599,0.628135836866004,0.6272273705207234
730,0.938183605670929,0.7122466564178467,0.6371874809265137,1.7996612787246704,0.640246125066927,0.6364778190814838,0.6356239157335015
731,0.9375781416893005,0.7132743000984192,0.6288281083106995,1.8139032125473022,0.632657865359024,0.628001729417087,0.6277140725628236
732,0.9364452958106995,0.719748318195343,0.6289843916893005,1.8198193311691284,0.6319629899204511,0.6282385301402467,0.6277235923463003
733,0.9394335746765137,0.7111414074897766,0.6285156011581421,1.8249592781066895,0.6321466700626577,0.6277911530350705,0.6273069829537508
734,0.937207043170929,0.7179026007652283,0.6326562762260437,1.8270552158355713,0.6354796674510693,0.6323088688598428,0.6315001387977823
735,0.9391406178474426,0.7121708393096924,0.6338281035423279,1.8229420185089111,0.6371586967953027,0.6333602493780466,0.6326988661489534
736,0.9401953220367432,0.7076113224029541,0.6346094012260437,1.8085664510726929,0.6378251230355314,0.6341703141147181,0.6335488061329463
737,0.9384179711341858,0.7123460173606873,0.6303906440734863,1.807409644126892,0.6337283282433082,0.6299113148050817,0.6292217329904246
738,0.9397851824760437,0.7077391147613525,0.6278125047683716,1.8153506517410278,0.6320135841573714,0.6272461463401051,0.6269059020008816
739,0.9382030963897705,0.7093966007232666,0.6254687309265137,1.8257673978805542,0.6294596657691796,0.6249338019689494,0.6241680386507167
740,0.9405273199081421,0.7071245312690735,0.6242969036102295,1.8278943300247192,0.6279515082412936,0.6238823035317885,0.6233165304532117
741,0.9371484518051147,0.714214563369751,0.6253125071525574,1.821439266204834,0.6282333050704937,0.6244212729829878,0.6237518456693039
742,0.9351367354393005,0.7193398475646973,0.6289843916893005,1.815938115119934,0.6325229415244247,0.628094577674366,0.6273773205821381
743,0.9369531273841858,0.7137398719787598,0.6294531226158142,1.8177720308303833,0.632212744506671,0.6289262241193262,0.6282266445941259
744,0.9392187595367432,0.7117661237716675,0.6299218535423279,1.806265115737915,0.6327187913495951,0.6293374976828674,0.6286567163511444
745,0.9383398294448853,0.7099506855010986,0.6311718821525574,1.8158496618270874,0.6336640073896798,0.6304827029210682,0.6297775148942171
746,0.9400781393051147,0.7105217576026917,0.623046875,1.834913969039917,0.626143267306849,0.6223623346412984,0.6219664726638849
747,0.9386523365974426,0.709328830242157,0.6257030963897705,1.8495357036590576,0.6283921816325349,0.6246254882702067,0.623968620107048
748,0.9380859136581421,0.7133709192276001,0.6249218583106995,1.8145369291305542,0.6280153896583622,0.6238948334553613,0.6235061210174595
749,0.9393749833106995,0.709319531917572,0.6272656321525574,1.8219101428985596,0.630029793934527,0.626364181884103,0.6258705930542912
750,0.9389258027076721,0.7124039530754089,0.6265624761581421,1.8126181364059448,0.6289151055168927,0.6256470738848927,0.625124488323522
751,0.9373437762260437,0.7131410837173462,0.6225000023841858,1.8216112852096558,0.6262545655876159,0.6215103056821647,0.6211656658407683
752,0.9378125071525574,0.7157195210456848,0.6237499713897705,1.833556056022644,0.6270401721498224,0.6230382274870385,0.6226163576591996
753,0.9385156035423279,0.7114875316619873,0.6323437690734863,1.8175941705703735,0.6362008797981462,0.6316142536584741,0.6312391325752345
754,0.9378320574760437,0.7132042050361633,0.6224218606948853,1.8376044034957886,0.6258512824386064,0.6217802527137466,0.6211569640206311
755,0.9395117163658142,0.708054780960083,0.627734363079071,1.8162461519241333,0.6310766211701427,0.6272075749390853,0.6267229308655053
756,0.9384765625,0.7119470834732056,0.6280468702316284,1.8199279308319092,0.6317757910088759,0.6275540851475694,0.6269742588857671
757,0.9376171827316284,0.7168818712234497,0.6244531273841858,1.8415695428848267,0.627381476263456,0.6237773235822681,0.6227915499986816
758,0.9371093511581421,0.7177186608314514,0.6264062523841858,1.8213673830032349,0.6285864077861271,0.6258615459978095,0.6249340772112705
759,0.9365429878234863,0.7178743481636047,0.6223437786102295,1.846541404724121,0.6261888759256771,0.6213345833599859,0.6206444673068104
760,0.9361132979393005,0.7170191407203674,0.6231250166893005,1.832289695739746,0.6264513642518311,0.6223175579772368,0.622073775177778
761,0.937792956829071,0.714246928691864,0.6278906464576721,1.8181153535842896,0.6312082676432794,0.6270491993906787,0.6267695388986497
762,0.9412890672683716,0.7081396579742432,0.6317187547683716,1.8300174474716187,0.6357113845352564,0.6310700742786801,0.6303354256243148
763,0.9379687309265137,0.7101410031318665,0.6267969012260437,1.8200933933258057,0.630341331148514,0.6262098366480531,0.625871205144398
764,0.9375390410423279,0.7148827910423279,0.6285156011581421,1.8318272829055786,0.6324084181725071,0.6279499688295216,0.6273203796743287
765,0.9378125071525574,0.7131416201591492,0.6307031512260437,1.8283826112747192,0.6339574671741222,0.6304569963011767,0.6295196045346119
766,0.9371484518051147,0.718143105506897,0.6305468678474426,1.8351534605026245,0.6335914989466853,0.6302106541442051,0.6294117314501222
767,0.9380468726158142,0.7139759659767151,0.6279687285423279,1.8221324682235718,0.6310182971157282,0.6272635147520244,0.6265931478079854
768,0.935351550579071,0.7181423306465149,0.6267187595367432,1.8118563890457153,0.6297583020221635,0.6262107264370902,0.6256621512773296
769,0.9379492402076721,0.7168824672698975,0.6221874952316284,1.8220221996307373,0.6249162912631886,0.6216797207167108,0.621042664838938
770,0.9381445050239563,0.7116748690605164,0.6259375214576721,1.8309155702590942,0.6292719239795213,0.6251630855873007,0.6246257020623733
771,0.9375585913658142,0.7139163017272949,0.6296093463897705,1.8149784803390503,0.6326959080238425,0.6290269482319576,0.6282265180436326
772,0.9419335722923279,0.7002369165420532,0.6271874904632568,1.8242852687835693,0.6303959755025826,0.626524643296272,0.6262192889128675
773,0.9416601657867432,0.7016528248786926,0.6303125023841858,1.8162841796875,0.6338908954093021,0.6295083722395802,0.629013955575869
774,0.9395117163658142,0.7088636755943298,0.6284375190734863,1.8200175762176514,0.6315372384970801,0.6277665871838625,0.6272067761842688
775,0.9398632645606995,0.7047630548477173,0.629687488079071,1.8129583597183228,0.6330164742401109,0.6289700795267024,0.6283125223084194
776,0.938769519329071,0.7076458930969238,0.6298437714576721,1.8244378566741943,0.6332342021653365,0.6291138632810189,0.6286956240182813
777,0.9375,0.7151612639427185,0.626171886920929,1.8245924711227417,0.6302484883612434,0.6259168082341864,0.6253189655972871
778,0.9383593797683716,0.7122759819030762,0.6306250095367432,1.8155908584594727,0.6338935902567939,0.6303058675511231,0.6297653977218882
779,0.9393749833106995,0.7127399444580078,0.6263281106948853,1.8228451013565063,0.6298434708402848,0.6262339409709436,0.6252555118750672
780,0.9394726753234863,0.7112510204315186,0.6305468678474426,1.8220018148422241,0.6333904652035242,0.6300875148530132,0.6292697863471326
781,0.9369531273841858,0.712776243686676,0.6274999976158142,1.8355128765106201,0.6304925931396057,0.6272158565278869,0.6264507425027381
782,0.9395312666893005,0.7076753973960876,0.6296093463897705,1.812512993812561,0.6329713079070146,0.6292862013264827,0.6288248131892958
783,0.93798828125,0.7120844125747681,0.6283593773841858,1.8136978149414062,0.6320093099549259,0.6279367111393617,0.6272061144442318
784,0.9383398294448853,0.7091881632804871,0.6332812309265137,1.811538577079773,0.6366839005313293,0.6327378230793674,0.6321097902394823
785,0.9393945336341858,0.7101491689682007,0.6315624713897705,1.822023868560791,0.6348239200375911,0.6310200030064074,0.630590555009872
786,0.9377343654632568,0.7137053608894348,0.6313281059265137,1.8084304332733154,0.63480514305724,0.6306820567500908,0.63029204712306
787,0.9384570121765137,0.7099955081939697,0.62890625,1.8220374584197998,0.6312231150572285,0.6283484613307755,0.6273854373834102
788,0.9421679973602295,0.7030727863311768,0.6299999952316284,1.814185380935669,0.6336283965172842,0.6293579958988132,0.628934546356374
789,0.9405664205551147,0.7055399417877197,0.6285937428474426,1.8101979494094849,0.631727044101604,0.6275584213161363,0.62702790078444
790,0.9382226467132568,0.7111694812774658,0.6290624737739563,1.8226276636123657,0.6323025808708822,0.6281828138387774,0.6272517237148711
791,0.9372265338897705,0.7120873928070068,0.629687488079071,1.8082053661346436,0.633852856332811,0.628916162240953,0.628407051262992
792,0.9404882788658142,0.7039997577667236,0.6273437738418579,1.8130007982254028,0.6307444181070249,0.6265877396293671,0.6259914237541693
793,0.9390234351158142,0.7096942067146301,0.6232030987739563,1.8300788402557373,0.6260338553438027,0.6223412171863815,0.6216157355694624
794,0.9387304782867432,0.7118039131164551,0.6237499713897705,1.829969882965088,0.6279868439266252,0.622981468294352,0.6224635051510627
795,0.9408789277076721,0.704643964767456,0.6331250071525574,1.8302432298660278,0.6368800686595211,0.6322864526436752,0.6316672780633031
796,0.9384375214576721,0.712526261806488,0.6287500262260437,1.8214105367660522,0.6325405326784035,0.6282265968653753,0.6277523177366986
797,0.9392383098602295,0.7082562446594238,0.6297656297683716,1.8141840696334839,0.632312043089988,0.6289989459452787,0.6284912405736705
798,0.9383984208106995,0.7099228501319885,0.6279687285423279,1.819532036781311,0.6312178551198689,0.6274520407163791,0.626935939851424
799,0.9374804496765137,0.7134867906570435,0.6184375286102295,1.8454861640930176,0.6224515312606151,0.6178154068848873,0.6174670044806233
800,0.9395898580551147,0.7072436809539795,0.6242969036102295,1.837706446647644,0.6277814564790233,0.6237714692621311,0.6231013791932261
801,0.9410351514816284,0.7043886780738831,0.6274218559265137,1.8274039030075073,0.6311898741781492,0.6269200905353136,0.6262126524924416
802,0.9390429854393005,0.7041778564453125,0.6282031536102295,1.8231329917907715,0.631882335492929,0.6274970396157922,0.6269665441733058
803,0.9381250143051147,0.7144821882247925,0.6294531226158142,1.8297396898269653,0.63273151531144,0.6287220836471239,0.627948183201558
804,0.9409375190734863,0.7029376029968262,0.630859375,1.8122069835662842,0.634481380023924,0.6300916736179718,0.6295495372665129
805,0.9394921660423279,0.7085699439048767,0.6286718845367432,1.8204268217086792,0.6323294904730827,0.6281922219762575,0.6273928377706529
806,0.9382226467132568,0.7118026614189148,0.6243749856948853,1.8375844955444336,0.6271312706193141,0.6233725425070554,0.6228642582195381
807,0.9354687333106995,0.7177331447601318,0.629687488079071,1.8354592323303223,0.632204526053358,0.6289285716654829,0.628231891387965
808,0.9370703101158142,0.7168298959732056,0.6287500262260437,1.844788670539856,0.6327606230697042,0.6283276462455502,0.6275123579091734
809,0.939453125,0.7123598456382751,0.6290624737739563,1.8350878953933716,0.6330099346350786,0.6287986480296383,0.6282037024092977
810,0.9391015768051147,0.7086173295974731,0.6266406178474426,1.835767388343811,0.630132500976907,0.6257793832656013,0.6250835519226103
811,0.9388281106948853,0.7070047855377197,0.6303125023841858,1.825516700744629,0.6336635422635549,0.6295425255931445,0.6288028327475526
812,0.9396093487739563,0.7088660597801208,0.6328906416893005,1.839491367340088,0.63649260928477,0.6322367660165074,0.6320154668356852
813,0.9404101371765137,0.7074221968650818,0.6328906416893005,1.820459246635437,0.6362299934496995,0.6323123165082626,0.6316915641671857
814,0.9396874904632568,0.7050585150718689,0.626171886920929,1.8388545513153076,0.6295934705692845,0.6254624475016293,0.6247822648624771
815,0.9401757717132568,0.7064090967178345,0.6239062547683716,1.8336840867996216,0.627376155057161,0.6235068156424015,0.6227717490231794
816,0.9385547041893005,0.7093870043754578,0.6244531273841858,1.8193386793136597,0.6279510060599349,0.6241247853116426,0.6231011234930002
817,0.9390234351158142,0.7104442119598389,0.6210156083106995,1.8513847589492798,0.6242177810010944,0.6200145099131354,0.6196658897109051
818,0.9391406178474426,0.704861581325531,0.6215624809265137,1.8539773225784302,0.6244182348327789,0.6204890535792961,0.6199204173820232
819,0.9386132955551147,0.7073961496353149,0.6307812333106995,1.833346962928772,0.6332630616029234,0.6299242088731403,0.6295918429586045
820,0.9379101395606995,0.7140849232673645,0.6271093487739563,1.8432170152664185,0.6293559550943627,0.6261603668178147,0.6256121121671016
821,0.9376562237739563,0.7125734686851501,0.6271093487739563,1.8323332071304321,0.6295030540084305,0.6264931550731359,0.6256928137570867
822,0.9386913776397705,0.7083331346511841,0.6264062523841858,1.8344714641571045,0.6292514736303734,0.6258181253700679,0.6252615732628786
823,0.9391015768051147,0.7089930772781372,0.6303906440734863,1.83241605758667,0.6339314644853455,0.6298582232251271,0.6293439745225424
824,0.9391210675239563,0.7111020088195801,0.6225000023841858,1.8255109786987305,0.6253403722586701,0.6217140448056554,0.6208930881436042
825,0.9395117163658142,0.7081822752952576,0.6274218559265137,1.835829496383667,0.6316101451180941,0.6268755895852853,0.6263948230291484
826,0.93994140625,0.7041272521018982,0.6294531226158142,1.8286521434783936,0.6327720908023545,0.6290636863810632,0.6286206536188
827,0.9396679401397705,0.7092506289482117,0.6268749833106995,1.8341251611709595,0.6298311039322317,0.6260608138195918,0.6254457579352892
828,0.9391406178474426,0.7117432355880737,0.624218761920929,1.8430018424987793,0.6271281626921557,0.6233673674160635,0.6227387162111069
829,0.9401953220367432,0.7046520709991455,0.6246874928474426,1.8305984735488892,0.6275925611465586,0.6240739493664693,0.6234352413695541
830,0.9393554925918579,0.7077298760414124,0.6307812333106995,1.8263453245162964,0.6329147836651718,0.6300253790064168,0.6292029964798773
831,0.9419335722923279,0.7040585279464722,0.6321094036102295,1.8378567695617676,0.6352797063497259,0.631464239530395,0.6311056752337063
832,0.9415429830551147,0.7079867720603943,0.627734363079071,1.8403798341751099,0.6316211502814283,0.6273110293586426,0.626566649828047
833,0.9397070407867432,0.7075232863426208,0.6236718893051147,1.8382912874221802,0.6274618107232965,0.62331641995681,0.6230347904166831
834,0.9402734637260437,0.7030680775642395,0.6270312666893005,1.8445934057235718,0.6302690993105711,0.6265112814638579,0.625586617522582
835,0.9412304759025574,0.7063858509063721,0.623046875,1.8435114622116089,0.6265827279593994,0.6223900621496565,0.6218210695340073
836,0.9376562237739563,0.7154265642166138,0.6267187595367432,1.8269643783569336,0.6294931644415862,0.6256327465743999,0.6249122554522968
837,0.9382030963897705,0.7155888080596924,0.6239062547683716,1.82891047000885,0.6272447004930913,0.622847372217449,0.6223702346414344
838,0.9395898580551147,0.7079408168792725,0.6327343583106995,1.8088853359222412,0.6370977945484038,0.6322129165591892,0.6319264134127466
839,0.9411914348602295,0.7038130164146423,0.6292968988418579,1.805384635925293,0.6317290426231895,0.6283733417711042,0.6276579449872765
840,0.9408398270606995,0.7039660811424255,0.627734363079071,1.8175795078277588,0.6308983075354504,0.6267916505572589,0.6262635663647695
841,0.9388086199760437,0.7116017937660217,0.6267187595367432,1.824143409729004,0.6306267527934001,0.6257768057341483,0.6254658696561108
842,0.9374023675918579,0.7162221670150757,0.6258593797683716,1.8282699584960938,0.6283386015255614,0.6248014915689772,0.6244093841316922
843,0.9383398294448853,0.7100272178649902,0.6226562261581421,1.8514678478240967,0.626350377097052,0.6219115411682066,0.6215113149660981
844,0.9406054615974426,0.7084723711013794,0.6270312666893005,1.8295683860778809,0.6298805718579964,0.6262919315531068,0.6259188629651233
845,0.9387890696525574,0.7176055908203125,0.6283593773841858,1.830184817314148,0.6319645227722516,0.6274218251014763,0.627162049742447
846,0.9393945336341858,0.7087852954864502,0.6267969012260437,1.8349320888519287,0.6302938007559492,0.625781988760788,0.6252350571722236
847,0.9405273199081421,0.7052392363548279,0.6223437786102295,1.8551658391952515,0.6254562355835589,0.6214927262220875,0.6209058964263086
848,0.9405664205551147,0.7038348317146301,0.629687488079071,1.8191038370132446,0.6324229709037213,0.6288017314073241,0.6279867058462937
849,0.9412500262260437,0.7043054699897766,0.6295312643051147,1.8366906642913818,0.6327460678914321,0.6289894002255972,0.6284075991810497
850,0.940136730670929,0.7033706903457642,0.6296093463897705,1.8386818170547485,0.6330231638469603,0.6287262947310922,0.6282992551399221
851,0.9412695169448853,0.7016613483428955,0.626953125,1.8414154052734375,0.6308838611096617,0.625771394362507,0.6255372974306822
852,0.9431445598602295,0.6995969414710999,0.6326562762260437,1.820996880531311,0.6368351023485741,0.6322232598706722,0.6316948367669315
853,0.9413476586341858,0.7063917517662048,0.6287500262260437,1.820061206817627,0.6306167435710529,0.6282617846956844,0.6273040423798195
854,0.9391210675239563,0.7083979845046997,0.631640613079071,1.822579026222229,0.6350824580212069,0.6311206723702587,0.6304387656122085
855,0.9381445050239563,0.7100709676742554,0.6279687285423279,1.8382861614227295,0.6312791733433365,0.6273219123424958,0.6267169667073283
856,0.9394726753234863,0.7095691561698914,0.6219531297683716,1.8345979452133179,0.6263157904017509,0.6214030396277886,0.6207230129887295
857,0.9391406178474426,0.7079102396965027,0.6228906512260437,1.8424787521362305,0.626313161806852,0.6223359500484535,0.6216520822429353
858,0.9406640529632568,0.7051486372947693,0.6207031011581421,1.8485026359558105,0.6242900119472811,0.6201717418302573,0.6194334722249533
859,0.9395117163658142,0.703461766242981,0.6233593821525574,1.8391554355621338,0.6261871482781008,0.6225217645540593,0.6218473980743651
860,0.9398632645606995,0.7027739882469177,0.6235937476158142,1.8389304876327515,0.6264582412100248,0.622887612947888,0.6224821949245511
861,0.9392969012260437,0.7113978862762451,0.6243749856948853,1.843428373336792,0.6271767932636692,0.6239220274884145,0.6233222562690632
862,0.9396874904632568,0.7088742256164551,0.6225781440734863,1.8319653272628784,0.6255149455171268,0.6220506394929055,0.6214146464481121
863,0.940234363079071,0.7046007513999939,0.626953125,1.8422021865844727,0.6305861619573894,0.6265330293045875,0.6258842739543132
864,0.9395312666893005,0.7089971899986267,0.6280468702316284,1.8356486558914185,0.6316234170290989,0.6276054038304969,0.6271523332887349
865,0.9383593797683716,0.7141748070716858,0.6274999976158142,1.8325450420379639,0.6310709882512794,0.6269682661929398,0.6261340881918007
866,0.9403320550918579,0.703927218914032,0.6280468702316284,1.8225312232971191,0.6313828899470961,0.6274034735675129,0.6268810894794644
867,0.9387500286102295,0.7073915004730225,0.6302343606948853,1.8158077001571655,0.6339797634380812,0.6298946982462459,0.6295538758195072
868,0.9383203387260437,0.7140592932701111,0.6288281083106995,1.8222875595092773,0.6324545493218818,0.628199337809408,0.6277974202628299
869,0.9405078291893005,0.7074548602104187,0.6252343654632568,1.8296151161193848,0.6289653920598386,0.6240627748665021,0.6236429858177829
870,0.940722644329071,0.7060203552246094,0.6290624737739563,1.8257519006729126,0.6330825434163996,0.6282449534172273,0.6278722767436696
871,0.9392773509025574,0.7073574066162109,0.6271093487739563,1.835412621498108,0.6296647385474787,0.6264538101056467,0.6257829261942455
872,0.9403515458106995,0.7052269577980042,0.6258593797683716,1.8255099058151245,0.629261458713356,0.6251417286603205,0.6246053147920163
873,0.940625011920929,0.7069132328033447,0.6278906464576721,1.8267877101898193,0.6315678748122061,0.6273474167189934,0.6268050665829485
874,0.9403710961341858,0.7083579301834106,0.6236718893051147,1.8542332649230957,0.6273087748358139,0.6230005674781542,0.622397506258424
875,0.9413672089576721,0.7049817442893982,0.6248437762260437,1.847023367881775,0.6284147185649362,0.6242387846802473,0.6236675612159914
876,0.9407421946525574,0.7027321457862854,0.6312500238418579,1.8079475164413452,0.634640850126522,0.6306407660189015,0.630013842797818
877,0.941113293170929,0.704667866230011,0.6311718821525574,1.8249212503433228,0.633391955615867,0.6305341025655953,0.6296741402831842
878,0.9408789277076721,0.7004845142364502,0.6263281106948853,1.839425802230835,0.6296720107495339,0.6258980048458146,0.6253602096554502
879,0.9405664205551147,0.7028985023498535,0.6259375214576721,1.8229824304580688,0.6288617114784074,0.6253875104548362,0.6246239306450865
880,0.941699206829071,0.6976809501647949,0.6278125047683716,1.8309788703918457,0.6312475885576457,0.6278502845645975,0.627008423568584
881,0.9414648413658142,0.6971133351325989,0.6298437714576721,1.8213839530944824,0.6332089911112825,0.6293666966564823,0.628818718399998
882,0.93896484375,0.7095941305160522,0.6285156011581421,1.8184682130813599,0.6315004213759577,0.6282023364817942,0.6276909481054174
883,0.940234363079071,0.70770263671875,0.6377343535423279,1.8030108213424683,0.641486588124587,0.6375235308194127,0.6368174116543388
884,0.9416797161102295,0.7030171155929565,0.6379687786102295,1.809719443321228,0.6411812520792438,0.6374227803436927,0.6369641460823102
885,0.9416797161102295,0.7036176919937134,0.6364062428474426,1.8006980419158936,0.6399883417909338,0.6351832174698018,0.6351324770689837
886,0.9418163895606995,0.7027103304862976,0.6256250143051147,1.8162540197372437,0.6283629167419349,0.6250132476201595,0.6245550565953077
887,0.9425976276397705,0.700147271156311,0.6321874856948853,1.8261609077453613,0.6352079383218784,0.6315130660026348,0.6311736674870148
888,0.9407031536102295,0.7072759866714478,0.6318749785423279,1.8073958158493042,0.6353119432952891,0.6310874771214051,0.6305281401796239
889,0.938281238079071,0.7127096056938171,0.6264843940734863,1.8350951671600342,0.6298931466421925,0.6259146386442764,0.6255164406950633
890,0.9382421970367432,0.70984947681427,0.6266406178474426,1.8441494703292847,0.6300205347757701,0.6264666543508522,0.6259339094043442
891,0.9393945336341858,0.7055156230926514,0.6243749856948853,1.843387246131897,0.6278392272850888,0.6236964660154813,0.6231289369988706
892,0.9412500262260437,0.7044464349746704,0.6292187571525574,1.8302158117294312,0.6324336729479548,0.6284047170280451,0.6279449399302177
893,0.9430859088897705,0.6983628869056702,0.6290624737739563,1.8301873207092285,0.6318201120224404,0.6287992156373892,0.628324820762044
894,0.9426171779632568,0.699597954750061,0.6336718797683716,1.8195821046829224,0.6373317972324763,0.6330501340411523,0.6327080258647078
895,0.9400976300239563,0.7043560147285461,0.6253906488418579,1.8381359577178955,0.6289235058030596,0.6250159095675583,0.624573329720727
896,0.9424023628234863,0.6992852687835693,0.6310155987739563,1.8285444974899292,0.6344525295055375,0.6306741891878989,0.6302622811842875
897,0.9420507550239563,0.6969389319419861,0.6292187571525574,1.8208327293395996,0.633181065188613,0.6284537717603786,0.6282950534960856
898,0.9424218535423279,0.6953943371772766,0.6352343559265137,1.803402066230774,0.6392268754461334,0.6344899605488812,0.6342822998647872
899,0.9429687261581421,0.6964693665504456,0.6301562786102295,1.817764163017273,0.6330436082741482,0.6293662464651897,0.6288057872366883
900,0.9422070384025574,0.6985054612159729,0.6323437690734863,1.796269416809082,0.6362287262676897,0.6314946916930837,0.6311562851585086
901,0.94189453125,0.6981832385063171,0.6331250071525574,1.8118810653686523,0.6361321165372009,0.632170922252645,0.6318474068235973
902,0.9412890672683716,0.7016986608505249,0.6266406178474426,1.843797206878662,0.6297414007901945,0.6259091521750781,0.6257048329870125
903,0.9405664205551147,0.7058492302894592,0.6253906488418579,1.8427917957305908,0.6280562004464645,0.6247066456987023,0.6241977691814842
904,0.9396288990974426,0.7055876851081848,0.628125011920929,1.834632158279419,0.6317078336643658,0.6280064405203991,0.627456756999685
905,0.9398046731948853,0.7061867713928223,0.6296093463897705,1.8298312425613403,0.6332014706296258,0.6289944159100478,0.6284798556964271
906,0.9404101371765137,0.7044414281845093,0.6296093463897705,1.8231666088104248,0.6330024857791248,0.6290307304115483,0.6284675091872316
907,0.9419335722923279,0.6975727677345276,0.6328125,1.8239250183105469,0.6357651350849066,0.6324319390604972,0.6317740435423342
908,0.9408203363418579,0.7038445472717285,0.6310155987739563,1.820074200630188,0.6339966712752737,0.6302644371669337,0.6297892727548139
909,0.9414452910423279,0.6968181133270264,0.6319531202316284,1.8241206407546997,0.6356815604434708,0.6316877244392085,0.6311774246913543
910,0.9382421970367432,0.71100252866745,0.6299999952316284,1.834910273551941,0.6335533322546486,0.6293405816244477,0.6290877301042219
911,0.9393163919448853,0.7070697546005249,0.6278125047683716,1.8393136262893677,0.6306506700698389,0.6273384167448621,0.6267013398137147
912,0.9412695169448853,0.7000591158866882,0.6255468726158142,1.8294755220413208,0.62837153914284,0.6251724579000316,0.6245519609239287
913,0.9408789277076721,0.6997382640838623,0.6307812333106995,1.8375146389007568,0.6340280743762985,0.6303601805657828,0.629706820504341
914,0.9402539134025574,0.7048206925392151,0.6319531202316284,1.8214824199676514,0.6347718114631753,0.6313685204615591,0.6309804410754452
915,0.9386327862739563,0.7099043130874634,0.6322656273841858,1.8302186727523804,0.6349923315555607,0.6317778565197825,0.6313371704579012
916,0.9419140815734863,0.6984248161315918,0.6311718821525574,1.837978720664978,0.6340998055122821,0.630805573127257,0.6303114456333943
917,0.9435741901397705,0.6937336921691895,0.6273437738418579,1.8517788648605347,0.6305935980486564,0.6268605817572311,0.6262558776842007
918,0.9426562786102295,0.6958686113357544,0.6329687237739563,1.825126051902771,0.6361136767122209,0.63235803416015,0.6315641653557869
919,0.9408789277076721,0.7022854089736938,0.6313281059265137,1.8339084386825562,0.6350544166206213,0.6305147466397905,0.6300693730292672
920,0.9428906440734863,0.6956760883331299,0.6285156011581421,1.8477885723114014,0.6322580353306322,0.6276535605535979,0.6271945657387775
921,0.9408007860183716,0.7014023065567017,0.6298437714576721,1.8479576110839844,0.6332153050705881,0.6290719409952996,0.6285969114427625
922,0.9408789277076721,0.701965868473053,0.6288281083106995,1.834933876991272,0.6320575540150406,0.6282333735643643,0.6275324524383492
923,0.93896484375,0.706662654876709,0.6321094036102295,1.852260708808899,0.6348255351369865,0.6311746500068249,0.6306163669861184
924,0.9400195479393005,0.7059509754180908,0.6259375214576721,1.8458819389343262,0.6289946351248024,0.6250599086748065,0.624177946814367
925,0.9393163919448853,0.7083244323730469,0.6307812333106995,1.8377907276153564,0.634831517413523,0.6297492671939131,0.6292819678290075
926,0.939648449420929,0.7073767781257629,0.619921863079071,1.853581190109253,0.6226158676379803,0.6190856063786779,0.618445372644363
927,0.9422656297683716,0.700715959072113,0.6297656297683716,1.8393032550811768,0.632373641463384,0.6291233686828328,0.6286830448650679
928,0.9404687285423279,0.7007385492324829,0.6292187571525574,1.8378297090530396,0.632354213286397,0.6285700629016402,0.6279901239840564
929,0.9423046708106995,0.6990891098976135,0.6292187571525574,1.840037226676941,0.6320817161596137,0.6286049007521914,0.6282430479760326
930,0.9414452910423279,0.7032968997955322,0.6313281059265137,1.82470703125,0.6346188270167168,0.6304899970001723,0.6304195490858713
931,0.9425195455551147,0.6964926719665527,0.6286718845367432,1.8393292427062988,0.6325312586002441,0.6281105481128844,0.6276934022537077
932,0.9419726729393005,0.7024045586585999,0.6259375214576721,1.8552364110946655,0.6290515273116373,0.6250507473226206,0.6245468421675416
933,0.9419726729393005,0.7021588087081909,0.6296093463897705,1.8428311347961426,0.6336525940327065,0.6289912285432282,0.6286030776988394
934,0.9400585889816284,0.7074133157730103,0.6226562261581421,1.8547477722167969,0.6261930988131571,0.6219291727100322,0.6214416692095155
935,0.9416210651397705,0.7033991813659668,0.6231250166893005,1.846968650817871,0.626194008558576,0.6226197220238899,0.6221780463548673
936,0.9418749809265137,0.6980106234550476,0.6272656321525574,1.8367068767547607,0.6307927531481115,0.626750959569168,0.6264528413072024
937,0.9421679973602295,0.700847327709198,0.6270312666893005,1.8387725353240967,0.6305711903513259,0.6262340261447764,0.6256153430802918
938,0.9425390362739563,0.6976687908172607,0.6302343606948853,1.8297909498214722,0.6340977980697837,0.6295812995584573,0.6291691865419267
939,0.9432031512260437,0.693595290184021,0.6214062571525574,1.8530099391937256,0.6245595608776897,0.6207013335184206,0.6204878870810813
940,0.9425585865974426,0.6951315999031067,0.6298437714576721,1.837088942527771,0.6324150605508183,0.6291825873809785,0.628836063929408
941,0.9422070384025574,0.6995907425880432,0.6260937452316284,1.8454954624176025,0.6289568864110255,0.6252772865638057,0.6246956014612755
942,0.9396679401397705,0.7054765224456787,0.6253125071525574,1.8492892980575562,0.6295833030030968,0.6247841428694952,0.6244216412249288
943,0.9403125047683716,0.706256091594696,0.6252343654632568,1.837059736251831,0.6284075139440188,0.6246102008865332,0.6241117722426393
944,0.943554699420929,0.6993653178215027,0.6266406178474426,1.8485411405563354,0.6296545836151755,0.6259364013966009,0.6253640162526876
945,0.9409961104393005,0.7022106051445007,0.6245312690734863,1.8325157165527344,0.6280393061398429,0.6237053960784114,0.623143409404346
946,0.9419335722923279,0.6993456482887268,0.6217968463897705,1.8643263578414917,0.6255148836323567,0.6214560434752613,0.6206467466065686
947,0.9422851800918579,0.6971695423126221,0.6279687285423279,1.8410834074020386,0.6318292515073438,0.6275334717555754,0.6272222382615642
948,0.9427148699760437,0.6957054734230042,0.6265624761581421,1.8434430360794067,0.6303622314770561,0.625739815408031,0.6255163831216135
949,0.9429882764816284,0.6955716013908386,0.6267187595367432,1.8446507453918457,0.6299850909155208,0.6258883570097662,0.6256410568335968
950,0.9440038800239563,0.6929038166999817,0.6283593773841858,1.8501759767532349,0.6316998679597037,0.6277973984735353,0.6275354038961651
951,0.9420117139816284,0.6964372396469116,0.6246874928474426,1.8559859991073608,0.6278155785538322,0.6243779637974808,0.6237092496582646
952,0.9428320527076721,0.6967470049858093,0.6313281059265137,1.8176894187927246,0.6348651601204649,0.6308730090578369,0.6303985333114484
953,0.9428320527076721,0.6952542662620544,0.6279687285423279,1.8296034336090088,0.631760414447625,0.6275952683966723,0.6272618662335124
954,0.9386327862739563,0.7072345018386841,0.6251562237739563,1.8472055196762085,0.6287011475916706,0.6244301632634177,0.6242938728532937
955,0.9403906464576721,0.7065173387527466,0.6255468726158142,1.843938946723938,0.629089152043747,0.6251557956631026,0.6243976479306106
956,0.941601574420929,0.7026000022888184,0.6249218583106995,1.8362092971801758,0.6284284999422772,0.6243463179589701,0.6238334590955106
957,0.9404296875,0.6990344524383545,0.6229687333106995,1.8550050258636475,0.6261090870961807,0.622419545345952,0.621753753239825
958,0.9397265911102295,0.704500675201416,0.6229687333106995,1.839179277420044,0.6257357016004422,0.6222031657212141,0.6214712963618765
959,0.9388867020606995,0.7114664316177368,0.624218761920929,1.859142780303955,0.6266365718039582,0.6236795671041457,0.6230506236142067
960,0.9414258003234863,0.7002246975898743,0.6267969012260437,1.8413447141647339,0.628437541050133,0.6259668873875472,0.6251831095032211
961,0.9405468702316284,0.6998105049133301,0.6229687333106995,1.838782787322998,0.6259558264716452,0.622022334469661,0.6211699662375798
962,0.939257800579071,0.70737624168396,0.6265624761581421,1.842531442642212,0.6304188337779575,0.6263130491743567,0.6261013407834954
963,0.9421288967132568,0.6996097564697266,0.6257030963897705,1.8464747667312622,0.629142912973036,0.6247945146148965,0.6242364690849083
964,0.9426953196525574,0.6995193958282471,0.6260156035423279,1.8417025804519653,0.6294382723746779,0.6253090696549063,0.6251327711672057
965,0.9419140815734863,0.7029814124107361,0.6288281083106995,1.8260661363601685,0.6324891427506423,0.6281970181561991,0.6277520541599364
966,0.9422070384025574,0.6984824538230896,0.625781238079071,1.8226592540740967,0.6277393912126721,0.6250820887092532,0.6241992064784679
967,0.9432617425918579,0.6967901587486267,0.6246874928474426,1.8370862007141113,0.6281281074943414,0.6240526202921731,0.6233413499959505
968,0.943359375,0.6914726495742798,0.6225000023841858,1.8448201417922974,0.6259622470213682,0.6219773545142372,0.6210787166088036
969,0.9411718845367432,0.6994603872299194,0.6239843964576721,1.8463079929351807,0.6262596334338821,0.6231661638987641,0.6223664507848561
970,0.9417773485183716,0.7006157636642456,0.62890625,1.8328243494033813,0.6320172956436305,0.6281580581130866,0.6277172489108409
971,0.9415429830551147,0.7025478482246399,0.623828113079071,1.840269923210144,0.6286655165664523,0.6229738694007229,0.6227460256359268
972,0.9449804425239563,0.6935280561447144,0.6256250143051147,1.8236052989959717,0.6293121900585406,0.624926964590444,0.624448845076982
973,0.94384765625,0.6917967200279236,0.6250781416893005,1.8495837450027466,0.6280934371990852,0.6240612253588033,0.6233698673641377
974,0.9425390362739563,0.6973625421524048,0.619921863079071,1.855677843093872,0.6231748976250592,0.6194384428169892,0.6184386478985266
975,0.9419140815734863,0.7004320621490479,0.6228125095367432,1.8429092168807983,0.6264470399611186,0.6222868710952943,0.6217801906394216
976,0.9423828125,0.6981160640716553,0.6292187571525574,1.8462088108062744,0.6318770634696421,0.6283269710779227,0.6276241802266527
977,0.9401757717132568,0.7027838230133057,0.6217187643051147,1.8621541261672974,0.6248132892764429,0.6210312522878034,0.6205918598258906
978,0.9408007860183716,0.7056705951690674,0.6332031488418579,1.8288644552230835,0.6359829719430012,0.6324595687482228,0.6319307366138307
979,0.9429101347923279,0.697206974029541,0.6204687356948853,1.8483582735061646,0.6236744343810686,0.6195984603318243,0.6188383054540694
980,0.9419335722923279,0.6996083855628967,0.6253906488418579,1.8375048637390137,0.6288219061143809,0.6246370461120467,0.6241139141056659
981,0.9406836032867432,0.7039567828178406,0.6253125071525574,1.8511319160461426,0.6287857554552229,0.6242946080655418,0.6237434572404656
982,0.9420312643051147,0.6987784504890442,0.6245312690734863,1.8510048389434814,0.6272198127842974,0.623880098142336,0.623140094548348
983,0.9404101371765137,0.7066595554351807,0.6299999952316284,1.8387489318847656,0.6335387574232505,0.6294867274569313,0.628895443658022
984,0.9407617449760437,0.7047088742256165,0.625,1.83066725730896,0.6277821719751003,0.6244132774784283,0.6239706047696277
985,0.94384765625,0.6969295740127563,0.6227343678474426,1.870368480682373,0.6259597866938013,0.6222378649847295,0.6218051405140581
986,0.9415038824081421,0.7015110850334167,0.6219531297683716,1.855583667755127,0.6250693611630052,0.6212694164768633,0.620582038916819
987,0.9416797161102295,0.6987206935882568,0.6271874904632568,1.8457003831863403,0.6310085920342762,0.6265049597078498,0.6259529497509415
988,0.9408398270606995,0.7035740613937378,0.6252343654632568,1.8537201881408691,0.6290659484348715,0.6248809145513203,0.6242453853934088
989,0.9442187547683716,0.6928911805152893,0.6271093487739563,1.8384718894958496,0.6316635037571763,0.6263305269620061,0.6261938834897165
990,0.9436914324760437,0.6934652924537659,0.623046875,1.858811616897583,0.6267049139502252,0.6224241851347858,0.6219963222846263
991,0.9421288967132568,0.6976245045661926,0.6282031536102295,1.8340283632278442,0.6313240219900229,0.6274328681909787,0.6269052438449755
992,0.9441601634025574,0.6950541734695435,0.6310937404632568,1.8360176086425781,0.6351316191204331,0.6305183881362119,0.6303455516975243
993,0.9425390362739563,0.6956174969673157,0.6264062523841858,1.8324000835418701,0.6290628861604514,0.6256664020767131,0.6249844926532581
994,0.9433398246765137,0.6927264332771301,0.6235156059265137,1.858713984489441,0.6262429745276216,0.6227431204647771,0.6224512743913098
995,0.9442773461341858,0.6932734847068787,0.624218761920929,1.8559942245483398,0.6267613218993084,0.6233454468884665,0.6227607837673304
996,0.9427148699760437,0.6939244866371155,0.6294531226158142,1.853134036064148,0.6315803315520955,0.6284008371873843,0.6277009439340083
997,0.9418554902076721,0.6994808912277222,0.6341406106948853,1.8335697650909424,0.6370069301428125,0.6333174708932101,0.6329777687830203
998,0.9405273199081421,0.6998290419578552,0.6364062428474426,1.8212411403656006,0.6399771851252154,0.6357505712490491,0.6353004222468599
999,0.9410351514816284,0.700630247592926,0.6307031512260437,1.836178183555603,0.6335382388635947,0.630081273793974,0.6293674843794772
