epoch,accuracy,loss,val_accuracy,val_loss,val_precision,val_recall,val_f1
0,0.004121093545109034,11.148917198181152,0.004218750167638063,10.601404190063477,0.004559578770377732,0.004119639118781219,0.0036853737706702694
1,0.0058398437686264515,10.744431495666504,0.003984374925494194,10.351091384887695,0.003936125894523966,0.003869930148081838,0.0036885819850382886
2,0.007988281548023224,10.422394752502441,0.0037499999161809683,10.141281127929688,0.003991705546984636,0.00378922902936052,0.003764386106891975
3,0.009765625,10.116183280944824,0.004687500186264515,9.945596694946289,0.004822127196193227,0.004664248919390143,0.004526086266133928
4,0.012187499552965164,9.835848808288574,0.005078124813735485,9.757148742675781,0.0051874439017685,0.005008199168364591,0.004932815582045974
5,0.014707031659781933,9.575857162475586,0.005546874832361937,9.577058792114258,0.0059143272746312,0.005496316837413759,0.005457897365412295
6,0.017910156399011612,9.324090957641602,0.005156250204890966,9.40677547454834,0.005314224594342392,0.005081601953342556,0.0049429958583523505
7,0.022089844569563866,9.086407661437988,0.0064843748696148396,9.240689277648926,0.006473880596451284,0.0063281485014523055,0.006133095725294291
8,0.02500000037252903,8.862654685974121,0.005937499925494194,9.083438873291016,0.006011669286840689,0.005878733800149406,0.0057239432971139415
9,0.030781250447034836,8.644918441772461,0.004999999888241291,8.933357238769531,0.005061881405100739,0.0048625760834342825,0.0047753483698857865
10,0.03421875089406967,8.43935489654541,0.0064843748696148396,8.788272857666016,0.006329377042035672,0.0063098779297677396,0.006090310643681967
11,0.03951171785593033,8.2420654296875,0.007031249813735485,8.648419380187988,0.006721769394393283,0.006870176193507419,0.006526141821097512
12,0.04701171815395355,8.044984817504883,0.008124999701976776,8.514150619506836,0.007519415336365383,0.007925054430557257,0.007434642659698239
13,0.052617188543081284,7.860210418701172,0.008124999701976776,8.382635116577148,0.007725944718770561,0.00796479183276647,0.007426973063439415
14,0.05982421711087227,7.6793060302734375,0.008906249888241291,8.256292343139648,0.008366823048855915,0.008766382605765398,0.008227474280008048
15,0.06775390356779099,7.507567882537842,0.00937500037252903,8.130868911743164,0.008550405003960908,0.009226112504954496,0.008598118491083929
16,0.07640624791383743,7.332885265350342,0.009843749925494194,8.007393836975098,0.009051066135710386,0.00961524548690085,0.008992150934590434
17,0.0830078125,7.171909332275391,0.008984374813735485,7.8892998695373535,0.007844328964520773,0.008710482021366584,0.008006327602576632
18,0.08982422202825546,7.00244140625,0.009999999776482582,7.773475170135498,0.009190930148018063,0.009734316611628092,0.009089935072034424
19,0.10076171904802322,6.848329544067383,0.011796874925494194,7.658724308013916,0.010966797232137773,0.011520742158892278,0.010792231235848514
20,0.11074218899011612,6.695827007293701,0.011093749664723873,7.550601005554199,0.010698238699387099,0.010823790836930216,0.010344537681718502
21,0.1218554675579071,6.540146350860596,0.012968749739229679,7.444573879241943,0.012387777405876457,0.01274145218499375,0.012197935777887598
22,0.12871094048023224,6.393315315246582,0.013437500223517418,7.34439754486084,0.01287113222434817,0.013188849558263292,0.012629535902634749
23,0.14060546457767487,6.260863780975342,0.013749999925494194,7.250094413757324,0.01301480880079826,0.013505611034396557,0.012869597557584678
24,0.15029296278953552,6.119400501251221,0.014921874739229679,7.154973030090332,0.013854644547406533,0.014706789416114113,0.013865900426875036
25,0.1593945324420929,5.989480495452881,0.016718750819563866,7.068044662475586,0.01549625740041333,0.016394627810174957,0.015475879895057425
26,0.17435546219348907,5.857057571411133,0.01664062589406967,6.985846042633057,0.015961622861698957,0.016386968976571208,0.015699143759477202
27,0.18113280832767487,5.7289323806762695,0.017578125,6.901157379150391,0.016311352828283665,0.01726226022007777,0.016377204909178496
28,0.19486327469348907,5.604542255401611,0.019375000149011612,6.823577404022217,0.018530905431223828,0.01905264295112222,0.01836077143124359
29,0.20552735030651093,5.489078998565674,0.021640624850988388,6.7470574378967285,0.020617856236295355,0.02134925488541422,0.0205047508711058
30,0.21871094405651093,5.3708086013793945,0.021796874701976776,6.67392110824585,0.02057195118117304,0.021384522360450534,0.02053082374620365
31,0.22734375298023224,5.266819953918457,0.023203125223517418,6.604604721069336,0.02188493364398838,0.022847941918514025,0.021897600966772686
32,0.23888671398162842,5.146564483642578,0.023671874776482582,6.534907341003418,0.022619708104228396,0.023298004357031332,0.02248564510936354
33,0.2510937452316284,5.03888463973999,0.026718750596046448,6.471625804901123,0.0252114857540826,0.02626673587074881,0.025228826112570622
34,0.2667578160762787,4.9248366355896,0.029843749478459358,6.408097743988037,0.028524612825900096,0.029431584026449385,0.02846276764304905
35,0.2774023413658142,4.820084571838379,0.029062500223517418,6.3532514572143555,0.02825444488178977,0.028676904456200566,0.02798715155576062
36,0.28767576813697815,4.726232528686523,0.03007812425494194,6.2918171882629395,0.028605066619124396,0.029696623622330526,0.02866675039467844
37,0.2985546886920929,4.6282243728637695,0.03140624985098839,6.243275165557861,0.030305928128678557,0.03100302817161735,0.03013027854759109
38,0.3094531297683716,4.5347795486450195,0.03179687634110451,6.194417953491211,0.031239502327000814,0.031473016174739826,0.030842817097507802
39,0.32201170921325684,4.441659450531006,0.03531249985098839,6.148659706115723,0.034046194466008164,0.03472657290582161,0.03381738522775271
40,0.33156248927116394,4.3505940437316895,0.034296873956918716,6.1002044677734375,0.03425916267616027,0.03411834300445828,0.03367918289722027
41,0.34388673305511475,4.262770652770996,0.03648437559604645,6.05729866027832,0.03531655215973645,0.03609498395647767,0.03515470956966771
42,0.35279297828674316,4.182954788208008,0.03812500089406967,6.018924713134766,0.037557332941938505,0.03780433466718756,0.03717979015162119
43,0.3671289086341858,4.096308708190918,0.041328124701976776,5.977216720581055,0.040170922871757164,0.04105858716656571,0.04013932977723652
44,0.3722460865974426,4.024615287780762,0.03968749940395355,5.9396138191223145,0.03883701232775076,0.039258216241559986,0.03845178342932874
45,0.38431641459465027,3.9415078163146973,0.042109373956918716,5.902498245239258,0.04128092004257872,0.04177406936633358,0.04100047305696018
46,0.3986523449420929,3.8464581966400146,0.04289062321186066,5.869626522064209,0.04275948953820029,0.042796714904208805,0.042205637975124756
47,0.40589845180511475,3.7890496253967285,0.044453125447034836,5.839670181274414,0.044184001594387116,0.04428279503970073,0.04360755781293461
48,0.4215429723262787,3.703090190887451,0.043281249701976776,5.811676025390625,0.04345188369633155,0.04303208303395914,0.042580035630133004
49,0.4288671910762787,3.6466312408447266,0.04500000178813934,5.775205135345459,0.04437812466875685,0.04458772615195891,0.043913060510784904
50,0.43699219822883606,3.586010456085205,0.05023437365889549,5.745779991149902,0.04971647548040757,0.04989671141456048,0.049170092881536454
51,0.44810545444488525,3.511488914489746,0.04859374836087227,5.722860336303711,0.04823060571972842,0.048294335489760594,0.04764569784216502
52,0.4573046863079071,3.4396584033966064,0.05039062350988388,5.689830303192139,0.050062589842810194,0.05013549553408358,0.049380672337340066
53,0.4642578065395355,3.387601852416992,0.05093749985098839,5.662344455718994,0.05015743932951121,0.050695144159523926,0.04984576255124851
54,0.47609373927116394,3.3255810737609863,0.05249999836087227,5.643177509307861,0.052008385851282216,0.05222301018182097,0.05147736934734759
55,0.48570311069488525,3.2589917182922363,0.05296875163912773,5.619636058807373,0.05260146938933347,0.05262228500142094,0.052021713778182634
56,0.4923046827316284,3.2113027572631836,0.055937498807907104,5.605693817138672,0.05548087752155017,0.05567435368667048,0.055034909780828235
57,0.5036718845367432,3.153419256210327,0.055781248956918716,5.578452110290527,0.05540680420031877,0.05544993286586228,0.05471038128510765
58,0.512011706829071,3.1105356216430664,0.055781248956918716,5.559426784515381,0.05613434473304321,0.05560240340045276,0.055118447189403647
59,0.5193554759025574,3.050997018814087,0.05781250074505806,5.541046619415283,0.05816010520143241,0.05756272166028137,0.05712506214151143
60,0.5324413776397705,2.988826036453247,0.05624999850988388,5.523212909698486,0.05666183872139689,0.05589961494194956,0.055668541999260746
61,0.5384960770606995,2.9432153701782227,0.060078125447034836,5.503629207611084,0.05894947505417762,0.059672274816763654,0.05864794786294169
62,0.5438867211341858,2.9034063816070557,0.06109375134110451,5.495877742767334,0.060488866744894204,0.06077750922458605,0.059990376319755144
63,0.554394543170929,2.8481485843658447,0.06070312485098839,5.4688334465026855,0.06012133480524065,0.060327675635505326,0.05957998753237055
64,0.5587304830551147,2.8128159046173096,0.05999999865889549,5.457162857055664,0.05896998622436331,0.05969388941508665,0.05868363192982347
65,0.5671093463897705,2.761904239654541,0.06273437291383743,5.436891555786133,0.06279593347494246,0.06235118542650471,0.06202540816392254
66,0.5796484351158142,2.7163455486297607,0.06187500059604645,5.4239068031311035,0.06202544915030864,0.0614866057499114,0.06099438593903489
67,0.5850976705551147,2.6733269691467285,0.06171875074505806,5.404010772705078,0.0618383809083546,0.06147124128612272,0.06092009108443063
68,0.5894922018051147,2.6399848461151123,0.06523437798023224,5.3918375968933105,0.06500469512985765,0.06480366807167465,0.06422261062939663
69,0.5952929854393005,2.6055209636688232,0.06546875089406967,5.387991905212402,0.0653714992833273,0.06522608531958443,0.06458356027382604
70,0.6025195121765137,2.5751430988311768,0.06859374791383743,5.364990711212158,0.06790327070554335,0.06834944976438823,0.06749494120437596
71,0.6079491972923279,2.539095640182495,0.07187499850988388,5.355557441711426,0.07172182193355076,0.0716027701391159,0.07087516798053117
72,0.6090429425239563,2.5113987922668457,0.06945312768220901,5.341106414794922,0.07005321144376123,0.06914830617622417,0.0687382339441319
73,0.6212499737739563,2.4657928943634033,0.07382812350988388,5.319291591644287,0.07427967220177004,0.07365769867804033,0.07310194946759016
74,0.63134765625,2.4207510948181152,0.07195312529802322,5.307155132293701,0.07179758690936469,0.07167105271121477,0.07116204360333514
75,0.6338281035423279,2.389676809310913,0.07421875,5.2963948249816895,0.07432170333388027,0.07374923961131219,0.07324577828724743
76,0.6386914253234863,2.3636858463287354,0.0754687488079071,5.287955284118652,0.07589263775256931,0.07504871880792843,0.07466915171187369
77,0.6450585722923279,2.3348288536071777,0.07374999672174454,5.2743239402771,0.07354569564091357,0.07344983949050285,0.0727044311911483
78,0.6523633003234863,2.29472279548645,0.07500000298023224,5.264181613922119,0.07464231403321625,0.07447064006314058,0.07374955434866588
79,0.6576952934265137,2.2625725269317627,0.07578124850988388,5.2508416175842285,0.07472834191016381,0.07524249486581831,0.07426506571807101
80,0.6592382788658142,2.2505476474761963,0.0754687488079071,5.239190101623535,0.07408373858926334,0.07500425505394767,0.07388085209060626
81,0.6653125286102295,2.215928792953491,0.07554687559604645,5.231715202331543,0.07553281638704057,0.07507510550804922,0.07455481214099616
82,0.6683202981948853,2.195690393447876,0.07820312678813934,5.220839977264404,0.07775076972542992,0.0778627440166039,0.07706267793897956
83,0.6766015887260437,2.161496877670288,0.0793749988079071,5.214157581329346,0.07932922816516721,0.07891331286859665,0.07831981691149274
84,0.6810547113418579,2.1378514766693115,0.07851562649011612,5.207054615020752,0.07832840004505615,0.07807730160710155,0.07742305752462092
85,0.6868359446525574,2.10996675491333,0.07929687201976776,5.188126087188721,0.07851893961798277,0.078874437790729,0.07798524222734687
86,0.6893554925918579,2.091876268386841,0.07914062589406967,5.194109916687012,0.07842767435144199,0.0786056808607595,0.07778694651727908
87,0.6932031512260437,2.075115442276001,0.08312500268220901,5.1646881103515625,0.0824651047624403,0.0827242987384971,0.08186342067351007
88,0.6937304735183716,2.0615782737731934,0.08171875029802322,5.174233436584473,0.08084253529973054,0.08120923095027596,0.08033859760038585
89,0.7022070288658142,2.033874034881592,0.08734375238418579,5.158594131469727,0.0869863542805734,0.08682706104619353,0.08614244430499579
90,0.7070508003234863,2.0068225860595703,0.0852343738079071,5.149774551391602,0.08466732349491546,0.08475493140138199,0.08393834947788464
91,0.7088281512260437,1.9975707530975342,0.08421874791383743,5.14798641204834,0.0841999255000056,0.08378503674375533,0.0832237215764719
92,0.7125781178474426,1.9672836065292358,0.08710937201976776,5.132521152496338,0.08721052512629945,0.0867352437628632,0.08614477981221971
93,0.7158203125,1.9560813903808594,0.08515624701976776,5.135389804840088,0.08540704110697671,0.08473913801596938,0.08431149665963437
94,0.7233984470367432,1.9241148233413696,0.08757812529802322,5.11600399017334,0.08737781480077172,0.08716276372511139,0.0864777794099911
95,0.7202343940734863,1.9192310571670532,0.08937499672174454,5.109905242919922,0.08912592618407107,0.08882392523507869,0.08818063195597443
96,0.7253124713897705,1.9007090330123901,0.09203124791383743,5.098809719085693,0.09242623862196774,0.09170006963071517,0.09129120197065235
97,0.730761706829071,1.8792921304702759,0.09312500059604645,5.094331741333008,0.09271422603241886,0.09267313209553155,0.09188942227332472
98,0.7327734231948853,1.866327166557312,0.09421875327825546,5.083940029144287,0.0934505694456732,0.09364887050177614,0.09257663033262958
99,0.7325976490974426,1.8568836450576782,0.09375,5.071257591247559,0.09337408015865388,0.09313550447491352,0.09237118288775736
100,0.7379101514816284,1.834722876548767,0.08960937708616257,5.081439018249512,0.08888582430470453,0.08894536620094126,0.08816055078853884
101,0.7386913895606995,1.8194011449813843,0.09242187440395355,5.0698771476745605,0.09183355726119526,0.09200035991522074,0.09101886761710072
102,0.7417187690734863,1.8076897859573364,0.09554687142372131,5.063035011291504,0.09511737935521315,0.09524091175195556,0.09437610007732374
103,0.7473437786102295,1.7813752889633179,0.09523437172174454,5.049124240875244,0.09610116374774592,0.09478635411116546,0.0945108468391522
104,0.7457616925239563,1.7860043048858643,0.09664062410593033,5.067485809326172,0.0968383463915174,0.09617831825858289,0.09555706576809617
105,0.7518163919448853,1.7621564865112305,0.09718749672174454,5.048434734344482,0.09686284261756917,0.09677099626927423,0.09590803443152868
106,0.7528906464576721,1.755771279335022,0.09648437798023224,5.032913684844971,0.09618903400436934,0.09620946085410689,0.09541686716767336
107,0.7576953172683716,1.7383527755737305,0.10046874731779099,5.029748916625977,0.10053366244755468,0.0999867012164513,0.09928027321817463
108,0.7575390338897705,1.7255570888519287,0.0964062511920929,5.016456604003906,0.09681196416722668,0.09599014380585819,0.09536069333919914
109,0.7584765553474426,1.7207231521606445,0.10023437440395355,5.0133957862854,0.09997522275739312,0.09987930242067619,0.099002244181741
110,0.7613281011581421,1.704201102256775,0.10109374672174454,5.005273818969727,0.1004521317366962,0.10075180049143861,0.09966571749350675
111,0.7612890601158142,1.6996827125549316,0.09906250238418579,5.014384746551514,0.09892324291391705,0.09852424457002673,0.09774232398387796
112,0.7664843797683716,1.6789644956588745,0.10171875357627869,4.997893810272217,0.10242965930790861,0.10147263013746238,0.10100030669479729
113,0.7709570527076721,1.6651368141174316,0.10343749821186066,4.996180534362793,0.10282206794277386,0.10280665780000287,0.10184304044626041
114,0.7703906297683716,1.6568466424942017,0.10578124970197678,4.98802375793457,0.10566803998546988,0.10524113463644123,0.10430240137752333
115,0.7678515911102295,1.6592504978179932,0.10539062321186066,4.975764274597168,0.1057923545454745,0.10498625315935954,0.1044420692679719
116,0.7742578387260437,1.6356370449066162,0.10414062440395355,4.959576606750488,0.10412676584386217,0.10371993557784791,0.10301792912642568
117,0.7776562571525574,1.6240234375,0.1067187488079071,4.955390453338623,0.10677402754137065,0.10628913062171769,0.10545508402127433
118,0.7759179472923279,1.6266456842422485,0.10515625029802322,4.958164215087891,0.10510716780582798,0.10472763536106053,0.10392250159423738
119,0.7781640887260437,1.6071456670761108,0.10710937529802322,4.957776069641113,0.10615127303570901,0.10632220629859257,0.10518746633072643
120,0.7827734351158142,1.6007782220840454,0.10523437708616257,4.96898078918457,0.10505825628616648,0.10472466638705899,0.10398476737670406
121,0.7831054925918579,1.5897741317749023,0.10828124731779099,4.958409786224365,0.10854062045473296,0.1080066165896906,0.10743619018477218
122,0.7781835794448853,1.6023544073104858,0.10601562261581421,4.976354598999023,0.10524057803133773,0.10542593631731406,0.10446325691117116
123,0.7867968678474426,1.5690698623657227,0.10960937291383743,4.95554780960083,0.10950533194085599,0.10886894834659591,0.1081455994649686
124,0.7855273485183716,1.5662198066711426,0.10906250029802322,4.927183151245117,0.10915732453978351,0.10860781257426955,0.10793116840353802
125,0.7915429472923279,1.5520074367523193,0.11101562529802322,4.923768043518066,0.11146980103430759,0.11059234169552312,0.10996936230915416
126,0.7927343845367432,1.5466666221618652,0.10960937291383743,4.9323344230651855,0.10899145540289645,0.10915025609778384,0.10810752818675914
127,0.7937109470367432,1.5357117652893066,0.11218749731779099,4.911166667938232,0.11225871841147357,0.11167080312369648,0.11101558361468242
128,0.7954297065734863,1.5303199291229248,0.11023437231779099,4.921947479248047,0.1100813911019588,0.10995663689025914,0.10909875107174193
129,0.7973437309265137,1.5187753438949585,0.11039062589406967,4.90325403213501,0.11022829313407927,0.11006049476605767,0.10911085434226471
130,0.7980663776397705,1.5108925104141235,0.11429687589406967,4.8881916999816895,0.1137449799693998,0.1137078444325905,0.1127213606860468
131,0.8015820384025574,1.499861478805542,0.11367187649011612,4.909770965576172,0.11405924274514401,0.11306529678032032,0.11245916797371666
132,0.801074206829071,1.4982669353485107,0.11390624940395355,4.88542366027832,0.1138268850427957,0.1132694442522239,0.11248253628804203
133,0.8030078411102295,1.489591121673584,0.11515624821186066,4.874836444854736,0.1149088468408634,0.11453584144290274,0.11361069685414749
134,0.7999023199081421,1.490484356880188,0.115234375,4.898130416870117,0.1148400700314137,0.11461497000863376,0.11368840181382997
135,0.8067578077316284,1.4735664129257202,0.11406250298023224,4.88848352432251,0.11339649955375009,0.11350743610659324,0.11239945891530395
136,0.804492175579071,1.4735995531082153,0.11890625208616257,4.885025501251221,0.12013635966682562,0.11842989801306567,0.11799440172749819
137,0.8057226538658142,1.467046856880188,0.11796875298023224,4.876681327819824,0.11729796578147722,0.11747270701773652,0.11629144656999302
138,0.8059179782867432,1.4576029777526855,0.11773437261581421,4.8864426612854,0.11850545370117224,0.11736987371386069,0.11658431362865276
139,0.8082812428474426,1.4556480646133423,0.11828125268220901,4.859587669372559,0.11912770828465655,0.11795130326597153,0.11757282860997928
140,0.80908203125,1.4489738941192627,0.11671874672174454,4.866377353668213,0.11721972882521255,0.11638040188033028,0.11580944415727899
141,0.8117969036102295,1.4356961250305176,0.11625000089406967,4.853174209594727,0.11778193074358473,0.11560976341781759,0.11534383391648222
142,0.8176367282867432,1.4195735454559326,0.11859375238418579,4.856658458709717,0.11867543606036149,0.11804231692084377,0.11741585191073961
143,0.8141210675239563,1.4255579710006714,0.12023437768220901,4.835867404937744,0.1207844650833019,0.11959629142059257,0.11911731957743629
144,0.8138867020606995,1.4191840887069702,0.12171874940395355,4.852194309234619,0.12108990662061905,0.12132049159090866,0.1201062516013259
145,0.8155664205551147,1.418038010597229,0.12117187678813934,4.84707498550415,0.12134914735551383,0.12086084026141206,0.1199120508254478
146,0.8156836032867432,1.4070219993591309,0.12085937708616257,4.8540568351745605,0.12193210051005263,0.12055618529401024,0.12019059522891981
147,0.8151757717132568,1.4105615615844727,0.12015625089406967,4.852753162384033,0.12018732960185227,0.11976998409667627,0.11883629188675389
148,0.818066418170929,1.398398995399475,0.12343750149011612,4.834329128265381,0.12303194862341033,0.12274467491898768,0.12182638616977334
149,0.8189062476158142,1.4006264209747314,0.12578125298023224,4.825509071350098,0.12523692576111917,0.12529087313689116,0.12415782540214843
150,0.8189452886581421,1.4018205404281616,0.12632812559604645,4.820756912231445,0.1262208227139633,0.12600035785201386,0.12491315342987741
151,0.8182421922683716,1.394894003868103,0.12398437410593033,4.823228359222412,0.12426198963021035,0.12354190886167822,0.12269490652458842
152,0.8207226395606995,1.3819888830184937,0.12195312231779099,4.827733039855957,0.12168755377951562,0.12144911281966533,0.12038640998346797
153,0.8192773461341858,1.3878450393676758,0.1251562535762787,4.8100905418396,0.1250830839558278,0.12462010028714603,0.12342426300331663
154,0.824511706829071,1.377741813659668,0.12335937470197678,4.801252365112305,0.12365193604054853,0.12285581255662785,0.12194241279020174
155,0.8230273723602295,1.3710403442382812,0.12851563096046448,4.809278964996338,0.12921922338077063,0.12799944455205675,0.12719521675361672
156,0.8277929425239563,1.362364649772644,0.1264062523841858,4.794321060180664,0.12780108362966086,0.12609364518139698,0.12570246621167838
157,0.8283593654632568,1.3541961908340454,0.12546874582767487,4.79250431060791,0.1254835573171825,0.12507451076345805,0.12406781177542775
158,0.8278906345367432,1.352017879486084,0.12406250089406967,4.794434547424316,0.12411118744452454,0.12352515125497182,0.12270999801458674
159,0.8302343487739563,1.347705364227295,0.12867186963558197,4.7918291091918945,0.1295290840742149,0.12803660424158253,0.12759190667568293
160,0.8311523199081421,1.3416705131530762,0.12562499940395355,4.797529220581055,0.12547577364330736,0.1252251427221288,0.12437426767796088
161,0.8291406035423279,1.3397938013076782,0.1287499964237213,4.761338710784912,0.1284394678813108,0.12815833780654085,0.12718903074447577
162,0.8310546875,1.3372392654418945,0.12968750298023224,4.792027473449707,0.12942005801349113,0.12899313129183265,0.12812251524035417
163,0.8275976777076721,1.3430986404418945,0.13218750059604645,4.778489589691162,0.13257454644873207,0.13155990082772712,0.13095562607428124
164,0.8341991901397705,1.326479434967041,0.13124999403953552,4.785426139831543,0.13133940202098288,0.13070229298892,0.1298219240462278
165,0.8353515863418579,1.3183757066726685,0.13007812201976776,4.796875476837158,0.13006405178043134,0.12927522923302126,0.128344280004769
166,0.8324999809265137,1.3199650049209595,0.1294531226158142,4.781537055969238,0.12967996139886184,0.12895365909899992,0.1281004735411294
167,0.8336328268051147,1.3241069316864014,0.13062499463558197,4.785316467285156,0.12967504492642729,0.12982802406206367,0.12860165402575582
168,0.833203136920929,1.3167041540145874,0.13203124701976776,4.774832248687744,0.13160687743545996,0.13170088165953092,0.13046939893118292
169,0.8322460651397705,1.3158023357391357,0.13304688036441803,4.757369518280029,0.13273003430403854,0.1327144326513685,0.13168187901720374
170,0.8355859518051147,1.3112425804138184,0.130859375,4.758642673492432,0.1305789387538503,0.13030749645146475,0.12922987666901042
171,0.8373827934265137,1.2988343238830566,0.1326562464237213,4.7466044425964355,0.1331933796244149,0.13236037103739895,0.13134474046605568
172,0.838085949420929,1.299535870552063,0.1315625011920929,4.763445854187012,0.13168250464424786,0.13106935271694145,0.1301494670929555
173,0.8372851610183716,1.298001766204834,0.13273437321186066,4.749834060668945,0.13261373858940476,0.13197037761219838,0.13109821838850613
174,0.8420703411102295,1.2860352993011475,0.13132812082767487,4.756468296051025,0.13223125917022902,0.1308911447432251,0.13032959527867977
175,0.8398241996765137,1.281805396080017,0.13078124821186066,4.765909194946289,0.13108865349285503,0.13033390713425774,0.12972496947618223
176,0.8406445384025574,1.2832543849945068,0.13507813215255737,4.748717784881592,0.1345752519798158,0.13439834679804608,0.13335100198520689
177,0.8404687643051147,1.2807883024215698,0.13414062559604645,4.757714748382568,0.13380959435443113,0.13356756701301814,0.13220311884031125
178,0.8436718583106995,1.2713314294815063,0.13179688155651093,4.751913547515869,0.1318301277045626,0.1314985773633549,0.1303877812886115
179,0.8394531011581421,1.2808455228805542,0.13906249403953552,4.746543884277344,0.13913041231467138,0.1387326943440486,0.13758292030434105
180,0.84521484375,1.2647945880889893,0.14015625417232513,4.743181228637695,0.13997929155202204,0.1396527527607759,0.13836877398712827
181,0.8425976634025574,1.2712458372116089,0.13820312917232513,4.72927713394165,0.1385996079711533,0.1375374962176454,0.13656420538877015
182,0.8410546779632568,1.270305871963501,0.1372656226158142,4.733612537384033,0.13654409813376578,0.1365652414222437,0.13535313069613752
183,0.8451562523841858,1.2609196901321411,0.1400781273841858,4.7259392738342285,0.1396120546664626,0.1394203645332517,0.13818891021473123
184,0.8440039157867432,1.2663003206253052,0.134765625,4.741646766662598,0.1344471662434286,0.1341457130590601,0.1331153482239279
185,0.8484960794448853,1.2541519403457642,0.13539062440395355,4.7441630363464355,0.13585512928317936,0.13490830806200266,0.134085516535634
186,0.846386730670929,1.2519818544387817,0.13757812976837158,4.745547294616699,0.13796555871574567,0.13728632735140356,0.13645498490412186
187,0.8480077981948853,1.244663953781128,0.134765625,4.7254319190979,0.1355401207377396,0.1343996576532377,0.13372962670567196
188,0.8456445336341858,1.253010869026184,0.1340624988079071,4.737537384033203,0.1343550361602288,0.13359303689392638,0.13277962871097632
189,0.8426952958106995,1.260622501373291,0.13789062201976776,4.7476301193237305,0.13752485259871305,0.13744062886257852,0.13630008574487912
190,0.8480859398841858,1.2453978061676025,0.1432812511920929,4.716331481933594,0.1429655356636128,0.14268692327053398,0.1415737700045947
191,0.8490625023841858,1.2409518957138062,0.1411718726158142,4.737201690673828,0.1410337995662352,0.1407702972230342,0.1395306904567261
192,0.8505273461341858,1.2377055883407593,0.14281250536441803,4.715501308441162,0.14292395447348183,0.1421862851896126,0.14127460184564974
193,0.85009765625,1.2382893562316895,0.14031249284744263,4.728297710418701,0.13998736552907187,0.13996377683454736,0.1387862405909086
194,0.8524609208106995,1.231613039970398,0.14304687082767487,4.708444595336914,0.14257040487733966,0.14234225088236502,0.1411450012689533
195,0.8511914014816284,1.2271738052368164,0.1443749964237213,4.7025017738342285,0.14483680958613682,0.14368082197270826,0.14275451256210436
196,0.8517773151397705,1.228152871131897,0.14179687201976776,4.70123291015625,0.1427548371521149,0.1414514833437524,0.14079825427402445
197,0.8542187213897705,1.2185252904891968,0.14570312201976776,4.689823150634766,0.14676112104310107,0.14521268701193046,0.14470328848528963
198,0.8490820527076721,1.237760066986084,0.14492186903953552,4.6943817138671875,0.1451901624333493,0.1445465603242579,0.14361410934085597
199,0.8491015434265137,1.2346775531768799,0.14390625059604645,4.7037153244018555,0.14461270944561241,0.1435738889194547,0.14286302305281165
200,0.8521875143051147,1.2215770483016968,0.1452343761920929,4.695539474487305,0.14498645645034086,0.14453666409714822,0.1435936218110752
201,0.8534374833106995,1.2092965841293335,0.14210937917232513,4.707576751708984,0.1421134938931224,0.14132338949351186,0.14032001805086844
202,0.8553320169448853,1.2120411396026611,0.1424218714237213,4.700324535369873,0.14361279375482228,0.14200869395097593,0.14154937196298634
203,0.8556054830551147,1.207841396331787,0.14749999344348907,4.686807155609131,0.1474542697974918,0.14691637382548106,0.14590872991937917
204,0.8548437356948853,1.207319974899292,0.14601562917232513,4.697390556335449,0.14591793181577603,0.14530795847850564,0.1443349863826176
205,0.853808581829071,1.2077305316925049,0.14000000059604645,4.6993207931518555,0.13988701148858246,0.1394874439474671,0.13857393498761458
206,0.8547656536102295,1.2068889141082764,0.14374999701976776,4.706904888153076,0.14383712156374306,0.14329916642597523,0.14224703405543737
207,0.8566601276397705,1.201841950416565,0.14656250178813934,4.688594818115234,0.14782540702588542,0.14601056519903088,0.1454490114510047
208,0.8561132550239563,1.2030315399169922,0.14539062976837158,4.684323787689209,0.14593604398581184,0.1446763267606296,0.14401889565869863
209,0.858105480670929,1.1977207660675049,0.1466406285762787,4.667725086212158,0.14676278261836584,0.14589272827317334,0.1449882837814945
210,0.8547070026397705,1.2042782306671143,0.1477343738079071,4.683976173400879,0.14775091268299814,0.1472807269913497,0.14645687174458594
211,0.8586719036102295,1.194288730621338,0.14546875655651093,4.687275409698486,0.14533737880159053,0.14473473793068214,0.14367747877216047
212,0.856640636920929,1.1958038806915283,0.14960937201976776,4.67108154296875,0.14998513910125577,0.14897030478480858,0.1481388885603086
213,0.85791015625,1.1904497146606445,0.1477343738079071,4.6670637130737305,0.1485929223292236,0.1471603348288211,0.1465099395625999
214,0.8588476777076721,1.1913195848464966,0.14820311963558197,4.651669502258301,0.14786064398836293,0.1476100139107553,0.14649383977603514
215,0.8583398461341858,1.192014217376709,0.15031249821186066,4.6962080001831055,0.15129274103701476,0.1496326952059988,0.14902513774503162
216,0.8615038990974426,1.1818565130233765,0.15031249821186066,4.66151237487793,0.1500065513621297,0.14968867980139056,0.14848213836694996
217,0.8608008027076721,1.1766659021377563,0.15046875178813934,4.662647724151611,0.15078945759695306,0.1497382139214071,0.1486578525713544
218,0.8638085722923279,1.1686351299285889,0.1528906226158142,4.671736240386963,0.15316417364347285,0.15227209185766072,0.1511675141653266
219,0.8604882955551147,1.1816011667251587,0.14937500655651093,4.679030895233154,0.14954017391588176,0.14876726238030297,0.1477987380219961
220,0.8603906035423279,1.1747020483016968,0.15328125655651093,4.671252250671387,0.15485312705850057,0.15302032350585298,0.15246965353979758
221,0.8604297041893005,1.1758917570114136,0.150390625,4.665346145629883,0.151215192493296,0.14995427688570173,0.14933532861351137
222,0.8616015911102295,1.1710585355758667,0.1537500023841858,4.663758754730225,0.15421091801709164,0.15319425685447974,0.15241323779210697
223,0.8641210794448853,1.174036979675293,0.15546874701976776,4.654706954956055,0.15508600977017142,0.154949501534083,0.15359767975101418
224,0.8599023222923279,1.1736562252044678,0.15882812440395355,4.6561784744262695,0.1594335514955122,0.15841068806425887,0.15726643817261723
225,0.8604101538658142,1.1790149211883545,0.1521874964237213,4.673951148986816,0.1536271203446094,0.15176900911813793,0.1511134812669388
226,0.8612695336341858,1.1706515550613403,0.1521874964237213,4.656347274780273,0.15329203530314034,0.15151010012010174,0.1510465530846979
227,0.8652929663658142,1.159620761871338,0.1535937488079071,4.661760330200195,0.15429268609282165,0.1529018327106016,0.15216762064061753
228,0.8671289086341858,1.1551384925842285,0.1509374976158142,4.657503128051758,0.1514492354521693,0.15020111412129467,0.14941874159990814
229,0.8634570240974426,1.165368676185608,0.15335936844348907,4.650052070617676,0.15333397461821152,0.1525067753381551,0.15144308594510653
230,0.8638281226158142,1.1610705852508545,0.1505468785762787,4.66096305847168,0.15081616954887644,0.14978031619878712,0.1487680924866117
231,0.8654101490974426,1.1539500951766968,0.15281249582767487,4.658382415771484,0.15277333225092612,0.15224787563432585,0.15089279434514596
232,0.8665820360183716,1.1494346857070923,0.15562500059604645,4.634483814239502,0.15588552321649723,0.15498002766834912,0.15403367015869718
233,0.8641406297683716,1.1634703874588013,0.1477343738079071,4.666360378265381,0.14847836051786362,0.1474880712592953,0.14644569304715516
234,0.8652929663658142,1.154119849205017,0.15351562201976776,4.642122745513916,0.15335620365084118,0.15300211788645682,0.15183783299218137
235,0.8663476705551147,1.1464613676071167,0.15515625476837158,4.636559963226318,0.15464183652056715,0.1547549461779739,0.15315097042652256
236,0.8640038967132568,1.156777024269104,0.15531249344348907,4.65242338180542,0.15574846722704455,0.15482793088204772,0.15376678749893735
237,0.8652148246765137,1.1504216194152832,0.15742187201976776,4.624881744384766,0.15776581455209532,0.1569933697853809,0.15606537581923374
238,0.8674023151397705,1.1473233699798584,0.1557031273841858,4.639991760253906,0.1555901333035625,0.15544639691987128,0.15402710801794212
239,0.8645703196525574,1.1544573307037354,0.158203125,4.634143829345703,0.15886466851622355,0.15773781283211355,0.15666627591714108
240,0.8656054735183716,1.1474745273590088,0.15976563096046448,4.624917030334473,0.1597578240657177,0.15911793664967672,0.15800793496031543
241,0.8703515529632568,1.133851170539856,0.15953125059604645,4.635659694671631,0.1598230223517616,0.15909795732593257,0.15796075034549883
242,0.866992175579071,1.143264889717102,0.15656250715255737,4.658107757568359,0.15686565008058648,0.15621980214205328,0.15494757301413997
243,0.8682812452316284,1.1416385173797607,0.1576562523841858,4.640650749206543,0.15760348646469297,0.15704846008345735,0.15580268186566099
244,0.8692773580551147,1.1350057125091553,0.15351562201976776,4.636756896972656,0.15346486760281358,0.15273204679284838,0.15173575509258766
245,0.8685742020606995,1.1433405876159668,0.15718750655651093,4.641149997711182,0.1578090795539816,0.15677759518959306,0.15580837355084542
246,0.8691992163658142,1.132968544960022,0.16132812201976776,4.618356227874756,0.16176304633129043,0.16073792773961484,0.15969673751674957
247,0.8703906536102295,1.1304794549942017,0.16187499463558197,4.643248081207275,0.16366385911209702,0.16148903867724654,0.16094633459712585
248,0.8678905963897705,1.143028974533081,0.15968750417232513,4.6321210861206055,0.1599833639316116,0.15899806805251335,0.15807787315548832
249,0.8658593893051147,1.1410179138183594,0.15773437917232513,4.643797397613525,0.15852244087169676,0.15733447599837816,0.15649886951468328
250,0.8696679472923279,1.1336758136749268,0.15539062023162842,4.66391134262085,0.15605682428139428,0.1548893361829204,0.1541654117387146
251,0.870800793170929,1.1302491426467896,0.1548437476158142,4.657531261444092,0.15511308504891663,0.15432327226635503,0.15307021729818623
252,0.8726171851158142,1.125267744064331,0.15953125059604645,4.620851516723633,0.16018646945074425,0.15901383044394984,0.1579942753248797
253,0.8733984231948853,1.1209980249404907,0.15882812440395355,4.6475911140441895,0.1599644001974807,0.15815840743608794,0.15749714417832852
254,0.8727148175239563,1.1256071329116821,0.15656250715255737,4.631411552429199,0.15765022886819965,0.1560757182498991,0.15542412411424986
255,0.8744921684265137,1.1189817190170288,0.16320312023162842,4.613112926483154,0.16332831946215148,0.16284568058713084,0.16175395098133444
256,0.8750585913658142,1.116760492324829,0.16093750298023224,4.620502471923828,0.16087897505723378,0.16047333301259667,0.1592910611752827
257,0.874218761920929,1.1122701168060303,0.16367188096046448,4.627291679382324,0.16391240148474331,0.16302631594494452,0.16182221794321924
258,0.8763672113418579,1.109853744506836,0.16249999403953552,4.6182475090026855,0.1632081254992483,0.16212453798894957,0.16119691369634276
259,0.8733593821525574,1.1189132928848267,0.16374999284744263,4.621408462524414,0.16454678877085854,0.16326003579650156,0.16253787371793538
260,0.87255859375,1.1144901514053345,0.16007812321186066,4.640958786010742,0.1600816912404438,0.15950542859268013,0.15847521482269222
261,0.8709765672683716,1.1226050853729248,0.16414062678813934,4.626125812530518,0.16334759497538504,0.16349896980495526,0.1617518056039544
262,0.8718359470367432,1.1187397241592407,0.16257812082767487,4.62684440612793,0.16321479013572415,0.16203940765734662,0.16115430084451218
263,0.8753515481948853,1.1111279726028442,0.16132812201976776,4.614925861358643,0.16189851078004464,0.16117017917040813,0.1601804991771193
264,0.8744726777076721,1.1111690998077393,0.1596093773841858,4.610324859619141,0.16018947049171472,0.1590324906496061,0.15806535563878063
265,0.8714452981948853,1.1187677383422852,0.15968750417232513,4.6098127365112305,0.15965409587738424,0.15889285799479053,0.15766881060988014
266,0.8763086199760437,1.1055206060409546,0.16007812321186066,4.617793560028076,0.16057617502420574,0.1597737260138765,0.15890675990591474
267,0.8746093511581421,1.106940746307373,0.16257812082767487,4.606362342834473,0.16328194270244673,0.16214070277530662,0.16127660416143547
268,0.8757421970367432,1.1078046560287476,0.16039063036441803,4.599121570587158,0.15965780005517055,0.16005168056720848,0.1584829893977332
269,0.8757617473602295,1.10478675365448,0.1607031226158142,4.6150898933410645,0.16188832707673645,0.1603123543217713,0.1598702410055224
270,0.878222644329071,1.1006674766540527,0.16625000536441803,4.611737251281738,0.16705598183366596,0.16610521932114494,0.1650169209403165
271,0.8765429854393005,1.0993708372116089,0.1646093726158142,4.619926929473877,0.16519091810671305,0.16426264158568268,0.16333110735614081
272,0.8787500262260437,1.094819188117981,0.1607031226158142,4.612553596496582,0.16235029611448215,0.1602826864631942,0.15975303158262416
273,0.8750781416893005,1.097437858581543,0.16625000536441803,4.610009670257568,0.16758987738752068,0.16594150913296196,0.1653027315099277
274,0.8785741925239563,1.1033324003219604,0.16187499463558197,4.609178066253662,0.16289811503295382,0.16170463206603863,0.16074635594561765
275,0.8761132955551147,1.1011642217636108,0.1626562476158142,4.624509811401367,0.16275310005934768,0.16213422057343968,0.16089075012662904
276,0.8760156035423279,1.0995452404022217,0.16320312023162842,4.610376834869385,0.16343573955324125,0.16258614358121287,0.1614912060423585
277,0.8758398294448853,1.0998820066452026,0.16593749821186066,4.597303867340088,0.165503017452869,0.1652118191772335,0.1639582252515584
278,0.8803320527076721,1.0882940292358398,0.1692187488079071,4.5817365646362305,0.16940323190843193,0.16863532654793484,0.16754869845841092
279,0.8775390386581421,1.0979313850402832,0.1667187511920929,4.586881160736084,0.16668074629600316,0.16611514608362848,0.16474746289420725
280,0.8804101347923279,1.0875709056854248,0.1647656261920929,4.592021942138672,0.1648611746830402,0.16416086774318667,0.16304418369722753
281,0.8769921660423279,1.0896191596984863,0.16554687917232513,4.605459690093994,0.1655433177642942,0.16515090072706307,0.16384720371889816
282,0.8780468702316284,1.092220425605774,0.16500000655651093,4.606297016143799,0.166367979810974,0.1646610184460838,0.1639803358131391
283,0.8767773509025574,1.0944761037826538,0.16804687678813934,4.602035045623779,0.1685965620124915,0.16731737107585862,0.1662960232185572
284,0.8810741901397705,1.0911115407943726,0.16679687798023224,4.592321395874023,0.16685814976436564,0.16624204140901366,0.1652348337480961
285,0.8771874904632568,1.0941776037216187,0.16968749463558197,4.588266849517822,0.1700245770389462,0.16913827306317586,0.1680750327643959
286,0.8785741925239563,1.093200445175171,0.17039062082767487,4.610790729522705,0.17246945701715966,0.16994322413588075,0.16939995244670897
287,0.8777929544448853,1.0986392498016357,0.16648437082767487,4.623123645782471,0.16655600659961844,0.16559121565912543,0.1645599224985135
288,0.8799023628234863,1.0890637636184692,0.16632813215255737,4.603276252746582,0.1659459731181191,0.16566237419932003,0.1642723159777082
289,0.8810351490974426,1.0867148637771606,0.16820313036441803,4.594671726226807,0.16806532167402224,0.1674409142095188,0.16613602454097492
290,0.8812304735183716,1.0863054990768433,0.16929687559604645,4.583136081695557,0.16967288716657025,0.1686187853977255,0.1674818313437036
291,0.8822656273841858,1.0824735164642334,0.16718749701976776,4.586580276489258,0.16781542289566087,0.16662680086010642,0.165803631286079
292,0.881640613079071,1.0779978036880493,0.16960936784744263,4.5960493087768555,0.16990944057289808,0.168955103456007,0.1680330066747565
293,0.8817968964576721,1.0802792310714722,0.17359374463558197,4.578983306884766,0.17429271256523654,0.17258936261287394,0.17184420112698215
294,0.8799414038658142,1.0851202011108398,0.1700781285762787,4.586249828338623,0.17081407615291586,0.16930939418610647,0.1685716760232287
295,0.8804492354393005,1.0867016315460205,0.17093749344348907,4.592017650604248,0.17099726927466885,0.1701938382405689,0.16923869228691435
296,0.8824414014816284,1.0797631740570068,0.17164061963558197,4.5871992111206055,0.17272553176835104,0.17122780732566603,0.1703965403080613
297,0.8814648389816284,1.0740149021148682,0.1706250011920929,4.603785514831543,0.17144012011355514,0.17020922447509884,0.16908581271485779
298,0.8837890625,1.0720032453536987,0.16984374821186066,4.578773498535156,0.17026234032958965,0.16938154459862592,0.16827764018978592
299,0.882617175579071,1.0758335590362549,0.17265625298023224,4.565891265869141,0.17306210483195517,0.17234650936296947,0.17138596068996353
300,0.8799999952316284,1.0788254737854004,0.17085938155651093,4.591379165649414,0.1708649271752744,0.17003819778872048,0.16892238845766888
301,0.8827929496765137,1.0798419713974,0.17179687321186066,4.5772905349731445,0.17171962913771852,0.1709623376989193,0.16986899028034114
302,0.8819335699081421,1.0749306678771973,0.17078125476837158,4.568798542022705,0.17011867319374235,0.16995685473107924,0.1687526267584365
303,0.8811914324760437,1.0801239013671875,0.17531250417232513,4.557961463928223,0.17488054362159933,0.17453919876751717,0.1734239431124068
304,0.8823828101158142,1.0722005367279053,0.17304687201976776,4.572524547576904,0.1738926044630096,0.17238230664499646,0.17172665764892464
305,0.8837304711341858,1.0695022344589233,0.169921875,4.580470561981201,0.1696851337888176,0.1692565677525303,0.16789248272094084
306,0.8823828101158142,1.0762419700622559,0.16859374940395355,4.576737880706787,0.16874730867708576,0.16767404349624654,0.16676403547652932
307,0.8853124976158142,1.0689139366149902,0.17421874403953552,4.556388854980469,0.1741454303223588,0.17363499457865217,0.1723215004631709
308,0.8846094012260437,1.0702183246612549,0.1752343773841858,4.5688347816467285,0.17566021360328776,0.17421130900967283,0.17325985333856325
309,0.8843163847923279,1.0697731971740723,0.169921875,4.575867652893066,0.171398716603756,0.169267474745769,0.16871520258987016
310,0.8826562762260437,1.0699663162231445,0.17687499523162842,4.560125350952148,0.17643562154556539,0.17604098360093462,0.17475809129524106
311,0.8838281035423279,1.0674539804458618,0.17468750476837158,4.569021701812744,0.17469105387139292,0.17387439504520014,0.1726496055314642
312,0.8841601610183716,1.069137692451477,0.1706250011920929,4.5601348876953125,0.17053395902995994,0.17013876575419934,0.1687897461851529
313,0.8853710889816284,1.062843918800354,0.171875,4.584000587463379,0.1713458878948579,0.1708215771789957,0.16972222546995308
314,0.8871093988418579,1.0558464527130127,0.17570312321186066,4.5520405769348145,0.1751778804036565,0.17473648813113835,0.17358079274228447
315,0.8839452862739563,1.064496636390686,0.17218750715255737,4.565976142883301,0.17298147033229722,0.17151407943002211,0.17072734572538745
316,0.8864843845367432,1.0566558837890625,0.16960936784744263,4.559795379638672,0.17027724201353847,0.16891932297057435,0.1682677074488912
317,0.8871874809265137,1.0547415018081665,0.17234374582767487,4.582003116607666,0.1734499156940977,0.17171249249061005,0.17098567934688763
318,0.8859961032867432,1.0615226030349731,0.16929687559604645,4.577419281005859,0.17037117932124302,0.16848041445962536,0.1678931564265727
319,0.8864452838897705,1.059540033340454,0.17125000059604645,4.57075309753418,0.17110735354093307,0.1702143256880036,0.1690877073199104
320,0.8824218511581421,1.0646213293075562,0.17289061844348907,4.57381534576416,0.17325991704341356,0.17215410112983537,0.171015317492885
321,0.8845898509025574,1.0612236261367798,0.17484374344348907,4.575911045074463,0.17442456245037327,0.17394344935518147,0.17263881321151414
322,0.8847265839576721,1.0593883991241455,0.17429687082767487,4.549289703369141,0.17432834426126104,0.17342775381417205,0.1726527903504865
323,0.8845312595367432,1.0631767511367798,0.17343750596046448,4.564797401428223,0.1733965631217116,0.17275503470014816,0.17163803591139054
324,0.883984386920929,1.0624306201934814,0.17539063096046448,4.571329116821289,0.17563485575989324,0.17462309371513118,0.17351531328046857
325,0.8876562714576721,1.055810809135437,0.1782812476158142,4.575384616851807,0.17806349992998893,0.1773097189785217,0.17613360036069642
326,0.885937511920929,1.0581201314926147,0.1809374988079071,4.5707688331604,0.18109621683931557,0.18018293529470225,0.17901824953052595
327,0.8871484398841858,1.0516277551651,0.17624999582767487,4.588351726531982,0.17566200521117342,0.17571532534208012,0.1742734115997848
328,0.8842383027076721,1.0651769638061523,0.17546874284744263,4.569337368011475,0.17555237310162214,0.17468497325372495,0.1737173314621762
329,0.8871874809265137,1.0562412738800049,0.1736718714237213,4.552196502685547,0.17281553073521616,0.17274683072755465,0.17137783385558886
330,0.8846874833106995,1.0596009492874146,0.17851562798023224,4.5463337898254395,0.1777835171507794,0.17788266564730953,0.17656055459088588
331,0.8912500143051147,1.041562557220459,0.18000000715255737,4.565622806549072,0.1815038370303606,0.17926541497366438,0.1786918967061691
332,0.8898632526397705,1.0482678413391113,0.17374999821186066,4.568425178527832,0.1736755795215323,0.1730736465911476,0.17210673456908704
333,0.8843945264816284,1.064266324043274,0.17585937678813934,4.576986789703369,0.175857375334165,0.17533828267940635,0.17424479139080215
334,0.8860937356948853,1.0603501796722412,0.1778906285762787,4.5688557624816895,0.17901154475193895,0.17768647114760855,0.1769600861700247
335,0.8866406083106995,1.0525975227355957,0.17624999582767487,4.578455448150635,0.17655148852272154,0.17576304873751433,0.1746511649760148
336,0.8889843821525574,1.0515350103378296,0.17296874523162842,4.572738170623779,0.17330470914100163,0.1722102381907799,0.1711444035487643
337,0.8911523222923279,1.0398647785186768,0.17976562678813934,4.559962272644043,0.18013071916184858,0.17914361267623216,0.17818604640946709
338,0.8891406059265137,1.0465174913406372,0.17874999344348907,4.558321475982666,0.1789678677292808,0.1784350150509978,0.17702279698981654
339,0.8890820145606995,1.048753261566162,0.17734375596046448,4.5740885734558105,0.17754422094362915,0.1769229203765871,0.1759231552582016
340,0.8912304639816284,1.040030598640442,0.17687499523162842,4.567194938659668,0.1772741884712333,0.17646003341009098,0.17556658980011555
341,0.8893945217132568,1.0502526760101318,0.1809374988079071,4.552822113037109,0.18070671997246585,0.18020945137189565,0.17888137716544794
342,0.8888476490974426,1.0457355976104736,0.1784375011920929,4.5709733963012695,0.17930582317811683,0.1781356857392093,0.17720936710915144
343,0.8867577910423279,1.05054771900177,0.17531250417232513,4.562264919281006,0.17542619476105575,0.17470653381264767,0.17356216501822402
344,0.8882617354393005,1.0491546392440796,0.17945311963558197,4.570863246917725,0.18071801106131544,0.17874307254490707,0.177952254787076
345,0.8909570574760437,1.0384429693222046,0.1770312488079071,4.577386379241943,0.17750631650312582,0.1765194935821378,0.17535227655007404
346,0.8893163800239563,1.0427029132843018,0.1778906285762787,4.564842700958252,0.1781704750532316,0.17744971752163058,0.17617531617510493
347,0.8927343487739563,1.0321377515792847,0.1810937523841858,4.569234848022461,0.18066454835932924,0.180283460843276,0.1789857515483822
348,0.8916991949081421,1.0350863933563232,0.1784375011920929,4.567598342895508,0.17865747493938028,0.17762407859335388,0.17657569923091226
349,0.8896679878234863,1.0419363975524902,0.17882812023162842,4.567039489746094,0.17832853215802846,0.17824121554028544,0.17685806843240914
350,0.8875976800918579,1.0519359111785889,0.1796875,4.566291809082031,0.18019697195731288,0.17911621390401913,0.178259462266933
351,0.888964831829071,1.0459110736846924,0.17664062976837158,4.57943868637085,0.1769759634944173,0.17604001354755927,0.17504546131802468
352,0.8878515362739563,1.0452983379364014,0.17820312082767487,4.560816287994385,0.17698945974590857,0.17738353040795757,0.1757702063164983
353,0.8919531106948853,1.0393348932266235,0.17710937559604645,4.560791492462158,0.17727947106712977,0.17657609129346877,0.17558444942951723
354,0.8898632526397705,1.0384176969528198,0.181640625,4.580573558807373,0.18272199800682365,0.18113797017853656,0.18045437759347366
355,0.8927148580551147,1.0368444919586182,0.1782812476158142,4.588327407836914,0.17872376345978752,0.1780151550874726,0.1767460808756981
356,0.8885351419448853,1.044036626815796,0.17882812023162842,4.583800792694092,0.17858864721528434,0.17802887520705102,0.1766687612791233
357,0.8920508027076721,1.0351601839065552,0.17796875536441803,4.579357147216797,0.1769939184227974,0.17747035417920615,0.17584362987893337
358,0.8918163776397705,1.036016821861267,0.17882812023162842,4.5951666831970215,0.17844701269072719,0.17829314235237503,0.17680391911791948
359,0.8874609470367432,1.0481114387512207,0.17960937321186066,4.58479118347168,0.17985050471502023,0.1790678175090367,0.17779894078277464
360,0.8913867473602295,1.0362504720687866,0.18320313096046448,4.557875633239746,0.18298665966091512,0.18253525826414244,0.1811326748329621
361,0.8916015625,1.0343825817108154,0.181640625,4.558686256408691,0.1806563341070212,0.18100641874935808,0.17947914159838257
362,0.8924609422683716,1.0342965126037598,0.17851562798023224,4.568236351013184,0.17813384995912362,0.17803893370678325,0.17671712012481655
363,0.8921874761581421,1.0324214696884155,0.18265624344348907,4.532572269439697,0.18251102650067283,0.18229397907001327,0.18105433560835227
364,0.8964453339576721,1.0191699266433716,0.18132811784744263,4.554342746734619,0.18209338869136255,0.18096826776690486,0.17975656727483208
365,0.8916406035423279,1.0358731746673584,0.17906250059604645,4.5555195808410645,0.18013426624864592,0.17847891262372229,0.17773932377136017
366,0.8946484327316284,1.029639482498169,0.1802343726158142,4.560049533843994,0.17936148827988926,0.17974935990438393,0.17807304252099443
367,0.8909375071525574,1.033363699913025,0.18156249821186066,4.5493268966674805,0.18196270102533857,0.18085859900661583,0.17953496687824771
368,0.8938671946525574,1.0228978395462036,0.18242187798023224,4.556731700897217,0.18244212075511634,0.18179486441827586,0.1804331688738516
369,0.8887109160423279,1.0378320217132568,0.17976562678813934,4.550382137298584,0.180188812090756,0.17891830924394475,0.178093863785301
370,0.892871081829071,1.0302040576934814,0.18421874940395355,4.548266887664795,0.18377571361004652,0.18337664203156476,0.1821747777751508
371,0.8918750286102295,1.0324580669403076,0.18406249582767487,4.531654357910156,0.1843593806879485,0.18321126338567828,0.18232969087055895
372,0.8933984637260437,1.0270392894744873,0.185546875,4.532847881317139,0.18504265372254997,0.18485371960328945,0.1836343720845426
373,0.8929687738418579,1.028895616531372,0.17992188036441803,4.552165985107422,0.17901886579549886,0.179391601606796,0.17760787307548107
374,0.8912890553474426,1.0322529077529907,0.17765624821186066,4.581778049468994,0.17748870514758558,0.17703997598691418,0.17575704517082222
375,0.8950585722923279,1.0243542194366455,0.18281249701976776,4.536822319030762,0.18262734486175353,0.181979789471719,0.18084305307526388
376,0.8954882621765137,1.0193511247634888,0.18203124403953552,4.54437780380249,0.18339976162008323,0.18134652434918613,0.1809558807118718
377,0.8937695026397705,1.0196025371551514,0.1802343726158142,4.561599254608154,0.18009134644865993,0.17929759491076527,0.1779824563258412
378,0.8933984637260437,1.0278462171554565,0.18578125536441803,4.537572860717773,0.18578596244970857,0.18493970237385748,0.18387343687454405
379,0.8938671946525574,1.022416353225708,0.18382813036441803,4.54475212097168,0.18349260749134685,0.18285483847477688,0.18132749609430598
380,0.8979687690734863,1.0178442001342773,0.18445312976837158,4.552639961242676,0.18408076210978835,0.18388404881194914,0.18246075591116834
381,0.8936132788658142,1.024092435836792,0.18453125655651093,4.571619510650635,0.18370407723201923,0.18379727923543382,0.18223595813652266
382,0.8927929401397705,1.0288406610488892,0.18328124284744263,4.544916152954102,0.18368328930104005,0.18259989504246746,0.18160191342038695
383,0.895703136920929,1.024566411972046,0.18796874582767487,4.555461883544922,0.1879880393949112,0.1872880190961844,0.1862070162338983
384,0.8953515887260437,1.0187093019485474,0.18367187678813934,4.5677971839904785,0.18411725160818443,0.1829294914584954,0.18188948491420748
385,0.8926171660423279,1.0248152017593384,0.18421874940395355,4.55131721496582,0.1849987280140143,0.18358397749506014,0.18267046374996623
386,0.8950390815734863,1.0200825929641724,0.1867968738079071,4.556265354156494,0.1862263607514232,0.18593923906259352,0.18457807297616624
387,0.8957421779632568,1.016767144203186,0.18421874940395355,4.543735504150391,0.18478226142584522,0.18358646353840577,0.18257416103533275
388,0.8949804902076721,1.0207499265670776,0.189453125,4.551002025604248,0.1893269657558554,0.1887750261911019,0.18745252770900278
389,0.8957812786102295,1.021828293800354,0.18671874701976776,4.5594801902771,0.18659039008249362,0.18600413817329908,0.1847420198603983
390,0.8967968821525574,1.0146186351776123,0.18593749403953552,4.545941352844238,0.18534285417595084,0.18526807153871666,0.18400804596007203
391,0.8970312476158142,1.0140800476074219,0.18156249821186066,4.569707870483398,0.18192309008236957,0.18092977750981115,0.17980934338623214
392,0.8957617282867432,1.01707124710083,0.18757812678813934,4.5550336837768555,0.1874118431515603,0.18690080640352352,0.18565013173372277
393,0.8944531083106995,1.022503137588501,0.1882031261920929,4.559494495391846,0.18856791036039833,0.18748236891294157,0.18656608504788114
394,0.8956835865974426,1.017675518989563,0.18445312976837158,4.562368392944336,0.18437081266624014,0.18364360550899395,0.182444851231916
395,0.8954101800918579,1.018634557723999,0.18843750655651093,4.554607391357422,0.1883208900644249,0.18781145523561638,0.18659620024575435
396,0.8970898389816284,1.0125168561935425,0.18859374523162842,4.567094326019287,0.1886277264232954,0.18777199642905723,0.18681027120484145
397,0.898144543170929,1.0153379440307617,0.18601562082767487,4.539142608642578,0.1868285621128639,0.18525887194019075,0.1844211725260972
398,0.8967187404632568,1.012600302696228,0.18492187559604645,4.5455474853515625,0.1850067243951486,0.18413834382086394,0.18280470889948738
399,0.8974804878234863,1.0099973678588867,0.1848437488079071,4.5614752769470215,0.18513330209619705,0.1840114792114378,0.18297681130652943
400,0.8968359231948853,1.0121275186538696,0.181640625,4.5709638595581055,0.18129378627500986,0.18077166892902316,0.1793677671714711
401,0.8949609398841858,1.0164649486541748,0.18437500298023224,4.584819793701172,0.18392232582095372,0.18342197633684212,0.18214549446086298
402,0.8949804902076721,1.019619345664978,0.1823437511920929,4.570034980773926,0.1831652741126708,0.18185828605403465,0.18074723159528883
403,0.8954882621765137,1.0210362672805786,0.18812499940395355,4.573354721069336,0.18797905297906262,0.18745101713175472,0.18608123083498612
404,0.8986718654632568,1.0076501369476318,0.18492187559604645,4.5584821701049805,0.1858963773833382,0.18418430235825892,0.18304051524124787
405,0.8968164324760437,1.0136736631393433,0.18515625596046448,4.554653644561768,0.18621787820674038,0.1845855318993826,0.18357112546623588
406,0.8955468535423279,1.012922763824463,0.1821874976158142,4.547869682312012,0.18150533144280523,0.18147249873942503,0.18022852185605823
407,0.9009374976158142,1.0007824897766113,0.1869531273841858,4.5493574142456055,0.18651546580504008,0.18612213615139195,0.18481342148282032
408,0.8973633050918579,1.0074048042297363,0.1873437464237213,4.5533833503723145,0.1882956416932006,0.18662192494442767,0.1857632603609313
409,0.8984570503234863,1.0078669786453247,0.18640625476837158,4.5492777824401855,0.18602915829947841,0.18539887433832633,0.18421568972535218
410,0.8994336128234863,1.006231665611267,0.18328124284744263,4.534205436706543,0.18360813983304197,0.18269193000564035,0.18176516056078837
411,0.8978515863418579,1.0120055675506592,0.18132811784744263,4.547509670257568,0.18162236706010265,0.18082548517332536,0.17984187095101356
412,0.8973827958106995,1.0094025135040283,0.18773438036441803,4.553857326507568,0.1884091156300507,0.18691847504845555,0.1860026320247712
413,0.8982226848602295,1.0044896602630615,0.1882031261920929,4.5435709953308105,0.18746170323033917,0.18776352261445106,0.18586547594877678
414,0.8977734446525574,1.0066434144973755,0.18640625476837158,4.550879955291748,0.18712408171130068,0.1861321864202652,0.18477842772608577
415,0.8985937237739563,1.0069527626037598,0.18492187559604645,4.55266809463501,0.18507968176446998,0.18433820596621409,0.18306686319083101
416,0.899218738079071,1.0067611932754517,0.18718749284744263,4.5626654624938965,0.18687193848912778,0.18690525837099628,0.18524024523696225
417,0.8983007669448853,1.0019903182983398,0.18531249463558197,4.560148239135742,0.1848992361588762,0.18454905962033755,0.18323196719079154
418,0.896679699420929,1.0098148584365845,0.18664062023162842,4.551100730895996,0.18688920874254952,0.18595930246369374,0.18479566584212045
419,0.8965820074081421,1.0117580890655518,0.18398436903953552,4.555994510650635,0.1830658730861533,0.18339601045330806,0.18167335551274316
420,0.8973633050918579,1.0137534141540527,0.1873437464237213,4.522030830383301,0.18666369402853827,0.18633570526689866,0.18500083211884955
421,0.8968164324760437,1.00771963596344,0.19093750417232513,4.541929244995117,0.19064293123512627,0.19022448271839532,0.18884875323272998
422,0.8990234136581421,1.0057690143585205,0.18937499821186066,4.5257768630981445,0.18896652208056158,0.1886807186365523,0.1871475411274927
423,0.8951757550239563,1.0139024257659912,0.1875,4.52786111831665,0.18815052310683006,0.1867443953267624,0.18560946737896517
424,0.9002538919448853,1.0002894401550293,0.18914061784744263,4.543363571166992,0.188925001407476,0.18817959047047805,0.186847391529167
425,0.8974413871765137,1.013569951057434,0.19257812201976776,4.510342121124268,0.19276545519269406,0.1916849958874181,0.19036078301127346
426,0.8976171612739563,1.0112391710281372,0.19140625,4.520758152008057,0.19043689834874838,0.19017487856946047,0.18861771431908742
427,0.8985351324081421,1.0020112991333008,0.1882031261920929,4.522024631500244,0.18915455051214358,0.18734596431144612,0.18648312175722523
428,0.8986718654632568,1.0022399425506592,0.1867968738079071,4.544439792633057,0.18762669076944472,0.18622403070943988,0.1851784961792013
429,0.897167980670929,1.0046403408050537,0.1907031238079071,4.528659820556641,0.1893767125983868,0.18985021515383943,0.18811664844182013
430,0.8987500071525574,1.000434160232544,0.18921874463558197,4.529159069061279,0.18880867639158533,0.1883256530212839,0.18680511190695254
431,0.9006054401397705,1.0013713836669922,0.18921874463558197,4.5517096519470215,0.1896689615189041,0.18846515686450666,0.18731606253932429
432,0.8975976705551147,1.0126316547393799,0.18828125298023224,4.539030075073242,0.18776336728681453,0.1875126961814576,0.18607889039369838
433,0.898242175579071,1.003909945487976,0.19007812440395355,4.523950099945068,0.19065776560794945,0.18942617480607973,0.1882949321047269
434,0.8984960913658142,1.0077884197235107,0.1860937476158142,4.5386762619018555,0.18689750660912088,0.1855992506486312,0.18445564412631354
435,0.9003124833106995,1.000166654586792,0.19101563096046448,4.535925388336182,0.1913161034606542,0.19060398382954216,0.18920620428798146
436,0.9024218916893005,0.9960936903953552,0.18789061903953552,4.523063659667969,0.18781393450081763,0.18727934374062993,0.18599348363692103
437,0.9021875262260437,0.9957345724105835,0.1882031261920929,4.5309343338012695,0.18793868141295283,0.18747605475480428,0.18608615314656374
438,0.9062304496765137,0.9821159243583679,0.19054687023162842,4.502040386199951,0.19218164762781045,0.18978255294127888,0.18911650874951103
439,0.9021679759025574,0.9890826344490051,0.19109374284744263,4.513455867767334,0.1920384943008729,0.19045920090948237,0.18961538993570842
440,0.8997851610183716,0.9987190365791321,0.19359375536441803,4.5294365882873535,0.1941934659734587,0.19305486332484278,0.19227247680582216
441,0.8984375,1.0013023614883423,0.19226562976837158,4.534672737121582,0.1930698565431999,0.1914934024686789,0.19051406986689856
442,0.8982617259025574,1.0057011842727661,0.19374999403953552,4.531282901763916,0.19347460713116466,0.193161367803864,0.19169328909408984
443,0.9016406536102295,0.9944338798522949,0.1912499964237213,4.557812690734863,0.19115224139684,0.1906514951897303,0.1892897243669449
444,0.9017382860183716,0.992828369140625,0.18976563215255737,4.531412124633789,0.19101027574963086,0.18947326975007692,0.18842185621688376
445,0.9000195264816284,1.0001331567764282,0.19523437321186066,4.5337018966674805,0.19599493203245993,0.19459181689972935,0.19351902657288544
446,0.8979882597923279,1.0027881860733032,0.18851561844348907,4.5615057945251465,0.18857791505991867,0.18799052899935298,0.1865531341571095
447,0.9003710746765137,0.997515082359314,0.19148437678813934,4.527812957763672,0.1918919908579773,0.19083147996896976,0.18951259690097563
448,0.903515636920929,0.98695969581604,0.19249999523162842,4.548333644866943,0.1932262311450399,0.19180311029403596,0.19078602166801034
449,0.9020116925239563,0.9888226985931396,0.19484375417232513,4.535989284515381,0.19514330206992306,0.19403899248738138,0.19292169516668506
450,0.9019531011581421,0.9878678321838379,0.19171875715255737,4.542974472045898,0.19269034684618183,0.19097253236042627,0.19005782163682616
451,0.899609386920929,1.001198172569275,0.19328124821186066,4.563884735107422,0.19462903214432176,0.1928436944945366,0.19185702761581191
452,0.8994726538658142,0.9967101216316223,0.19820313155651093,4.533981800079346,0.19911250039122705,0.19750232151803976,0.19661297220081428
453,0.901660144329071,0.9953729510307312,0.19468750059604645,4.5204691886901855,0.19543784516105578,0.19409791860546316,0.19292856832722252
454,0.9040234088897705,0.9849439263343811,0.19109374284744263,4.5458292961120605,0.19205707543905212,0.19049176269042428,0.1894870476963864
455,0.9013671875,0.9935314655303955,0.19554688036441803,4.528964996337891,0.19678499553703138,0.19505948453743385,0.1942992285138601
456,0.8998437523841858,0.9933844804763794,0.19312499463558197,4.524961948394775,0.19366261256404543,0.1926013241389561,0.19157699415367097
457,0.9009570479393005,0.9980388879776001,0.19492188096046448,4.5051422119140625,0.1945880723699825,0.1939397123702737,0.19237414167153155
458,0.8998242020606995,0.9955810308456421,0.19835937023162842,4.493095397949219,0.19857487252335074,0.1977921238717278,0.19640222945118008
459,0.9016992449760437,0.9930810332298279,0.1921093761920929,4.522650241851807,0.19266559606550004,0.19147113622109818,0.19038500355538293
460,0.9028124809265137,0.9881932735443115,0.19445312023162842,4.511976718902588,0.1942616209830253,0.19370549276170715,0.19232811941573533
461,0.9026758074760437,0.9893051385879517,0.19429688155651093,4.53041410446167,0.19545669361297865,0.19369284611465665,0.19275710884436192
462,0.9051952958106995,0.9826264381408691,0.19257812201976776,4.506714820861816,0.19383909780236447,0.19192012858958934,0.1912217639644446
463,0.9028710722923279,0.9841774702072144,0.19179686903953552,4.521986484527588,0.1931292512211487,0.19109729812610332,0.19053117743637138
464,0.9034374952316284,0.9871540069580078,0.19499999284744263,4.505048751831055,0.19549137621838675,0.19464149449935708,0.19351115809565952
465,0.9040820598602295,0.9836472272872925,0.19234375655651093,4.523069381713867,0.19205078352925792,0.19157170153277922,0.1902596667027956
466,0.9021289348602295,0.9862992167472839,0.19625000655651093,4.491219997406006,0.19628451117639079,0.19546392954001035,0.19412772928523295
467,0.9037304520606995,0.983370840549469,0.1926562488079071,4.509337902069092,0.19303562735850235,0.1922584642674734,0.19082307501456003
468,0.9028515815734863,0.987881064414978,0.1954687535762787,4.504510402679443,0.19613914908819918,0.1950777279995668,0.19370514680657416
469,0.9037304520606995,0.9846351742744446,0.19632811844348907,4.521050930023193,0.19692942353134935,0.1959364847582722,0.19475447402186935
470,0.9026952981948853,0.9828593730926514,0.1932031214237213,4.521954536437988,0.1944292133630714,0.1927330748658396,0.19169296559617682
471,0.9021289348602295,0.9866248965263367,0.19562500715255737,4.502184867858887,0.19670362688038717,0.1951095417425191,0.19409205924643297
472,0.9007812738418579,0.9894232749938965,0.19367188215255737,4.531235218048096,0.1950563526957831,0.19316025408993737,0.1924558371921266
473,0.9042578339576721,0.9828574657440186,0.19679687917232513,4.509806156158447,0.1960119263066098,0.1958464452315974,0.1941748160000818
474,0.9034374952316284,0.9835371971130371,0.19640624523162842,4.5071492195129395,0.19716764820358967,0.19552048665351823,0.19471285012692127
475,0.9009960889816284,0.9951739311218262,0.19437499344348907,4.511280059814453,0.19503005518041422,0.1938384771062485,0.19271297873043464
476,0.9020312428474426,0.9907654523849487,0.19039063155651093,4.521529674530029,0.19106820945823313,0.18970050251232357,0.18844910366738665
477,0.9052148461341858,0.9783175587654114,0.19523437321186066,4.518151760101318,0.1954050332831302,0.19492555889274152,0.19367564634614579
478,0.9029492139816284,0.987110435962677,0.19296875596046448,4.544521808624268,0.1929441239067881,0.19220840522516536,0.1910455255630319
479,0.9016015529632568,0.9901703000068665,0.19687500596046448,4.525491714477539,0.1977782790414848,0.19631928099396467,0.19553769535806098
480,0.9019531011581421,0.9909088015556335,0.19734375178813934,4.533681392669678,0.19865628524854803,0.1969352695275274,0.1958939523613466
481,0.904296875,0.9795949459075928,0.19843749701976776,4.521967887878418,0.19820209265972333,0.19784176632261996,0.19659625223833527
482,0.9038671851158142,0.9813777208328247,0.19914062321186066,4.519281387329102,0.19963953214961477,0.19862262127752464,0.197503631882939
483,0.9045507907867432,0.9798632860183716,0.1954687535762787,4.545037746429443,0.19672895662427878,0.19493907170914268,0.19434191715176308
484,0.9022656083106995,0.987285315990448,0.19289062917232513,4.551269054412842,0.19364141607105956,0.19270067798953194,0.19135319569758075
485,0.9028124809265137,0.9866340756416321,0.1935156285762787,4.530539035797119,0.1936789445218275,0.19306322314886643,0.1918338628870971
486,0.9048827886581421,0.983242392539978,0.19437499344348907,4.520272731781006,0.19567597738872367,0.1936754519936993,0.1928597828204604
487,0.903124988079071,0.984443724155426,0.1997656226158142,4.514952182769775,0.19889527700795862,0.19910011763514596,0.19726320734500719
488,0.9035351276397705,0.9854373931884766,0.1953125,4.532956600189209,0.19563495978179524,0.19484993574973963,0.1934700741796055
489,0.9052734375,0.9831697344779968,0.19429688155651093,4.5189032554626465,0.19422588518951217,0.19367830909686518,0.19239886712035748
490,0.9052148461341858,0.9788970947265625,0.19046874344348907,4.550515651702881,0.19036110844284404,0.18957973238939888,0.18840844793776707
491,0.9029101729393005,0.9824528694152832,0.19835937023162842,4.535056114196777,0.19832734898243842,0.19761042172870708,0.19636805668203303
492,0.9049023389816284,0.9812958240509033,0.1967187523841858,4.5365824699401855,0.19785306351395415,0.19617502506918089,0.1954000710778869
493,0.9056249856948853,0.9779834747314453,0.19757813215255737,4.533902645111084,0.19942902285773106,0.19700488485332399,0.1965563683135056
494,0.9073241949081421,0.9725971221923828,0.19773437082767487,4.519152641296387,0.19845025952409362,0.19719011157421873,0.195929740380633
495,0.9063281416893005,0.9753962159156799,0.19687500596046448,4.523159027099609,0.19828863386897852,0.19649802634291463,0.1956793475131849
496,0.9032617211341858,0.9820273518562317,0.19687500596046448,4.5252766609191895,0.19753257060999582,0.19647620381157357,0.19547529805071712
497,0.9052929878234863,0.9775805473327637,0.19953125715255737,4.5222249031066895,0.2008936999056727,0.19892664054279668,0.19806589565540236
498,0.9056054949760437,0.9766426086425781,0.19968749582767487,4.537445545196533,0.20033303091391066,0.19901729753457095,0.19813253558908112
499,0.9031640887260437,0.9868852496147156,0.19828124344348907,4.534886360168457,0.19912370111873365,0.1976332418242189,0.19668748883954817
500,0.9036914110183716,0.9833316206932068,0.2010156214237213,4.511752128601074,0.20219486779251655,0.20053271913974308,0.19979709067551815
501,0.903515636920929,0.9841955304145813,0.19609375298023224,4.507741928100586,0.19612328030070697,0.19550581717816412,0.19422290396518077
502,0.9036914110183716,0.9816298484802246,0.20039062201976776,4.516930103302002,0.20142425866495445,0.19967446613870415,0.19868771244899383
503,0.9039843678474426,0.9827627539634705,0.1978124976158142,4.550277233123779,0.19727394920293922,0.19702619113817998,0.19572560144316764
504,0.9029101729393005,0.983563244342804,0.19882813096046448,4.516348361968994,0.20011188270973135,0.1982127015725248,0.19760798677084368
505,0.9059960842132568,0.9763772487640381,0.20070312917232513,4.506872653961182,0.20109623593801493,0.1999279538885997,0.19874819226239188
506,0.9046289324760437,0.9820219278335571,0.19734375178813934,4.5145697593688965,0.19734606027674617,0.19661897362723155,0.19528200329842904
507,0.9048632979393005,0.9768328070640564,0.1993750035762787,4.521761894226074,0.20097379709425006,0.19879408441005458,0.1982102091023356
508,0.9025195240974426,0.9857597947120667,0.19734375178813934,4.528012275695801,0.1966789904382821,0.1965227482885113,0.19518319163062986
509,0.9076758027076721,0.9712569713592529,0.1985156238079071,4.5200724601745605,0.1991325889064334,0.197806975133864,0.1968658350043002
510,0.9057812690734863,0.9741654992103577,0.1971093714237213,4.52122163772583,0.19760920614601557,0.1961684761596654,0.19533031167556753
511,0.9056249856948853,0.9732262492179871,0.1978124976158142,4.5270304679870605,0.19855930844339953,0.19691054866511412,0.1959131226158181
512,0.9056445360183716,0.976240336894989,0.1979687511920929,4.514907360076904,0.19853419329686345,0.19729873259267433,0.19614625046037049
513,0.9069726467132568,0.9732308387756348,0.19679687917232513,4.518655300140381,0.19760771190606274,0.19617446613802614,0.19537360357098937
514,0.9090039134025574,0.9650827646255493,0.197265625,4.503390312194824,0.1981302465740464,0.19650833154296807,0.19580715922473527
515,0.9074413776397705,0.9706385731697083,0.1990624964237213,4.506959915161133,0.19986673800041732,0.1984754120937404,0.1975802070606409
516,0.9079883098602295,0.9663504958152771,0.20164062082767487,4.495495796203613,0.20323321192042848,0.20121949968061745,0.20059427708508154
517,0.9043359160423279,0.9764697551727295,0.19968749582767487,4.4962544441223145,0.19847194847106286,0.19878283282967268,0.1969598134716361
518,0.9038867354393005,0.9784682393074036,0.2024218738079071,4.531161308288574,0.20267382159521036,0.20176432028420185,0.20069962755435614
519,0.9032226800918579,0.9844921231269836,0.19921875,4.515443801879883,0.1994622172708317,0.19842472676229717,0.19722591115752147
520,0.9052538871765137,0.9745461940765381,0.1997656226158142,4.514479160308838,0.20143734537184485,0.19915243280153402,0.19833368733292794
521,0.9066015481948853,0.9741544127464294,0.20140625536441803,4.521999359130859,0.20202054192327829,0.2005084788372403,0.199427092110415
522,0.9069921970367432,0.9717373847961426,0.20226562023162842,4.512329578399658,0.2035149145157506,0.20168031620526317,0.2009381313724366
523,0.9055469036102295,0.9762852191925049,0.20054687559604645,4.509430885314941,0.19995310089500234,0.1996386768018868,0.19830764121100647
524,0.9080859422683716,0.9682255387306213,0.2017187476158142,4.517066478729248,0.2024745131277464,0.20066899093070462,0.1996879780889364
525,0.906933605670929,0.9709278345108032,0.20148438215255737,4.516292095184326,0.20207299128501927,0.20054883940193458,0.19958605147862402
526,0.9093945026397705,0.9676797986030579,0.20281249284744263,4.516391754150391,0.20305890583520086,0.2019671064640461,0.20089818601904108
527,0.9079883098602295,0.9700459241867065,0.2018750011920929,4.489731311798096,0.20312995807811013,0.20115004447331844,0.20037932082230142
528,0.9034765362739563,0.9789595603942871,0.201171875,4.510437488555908,0.20116840770132205,0.20048062284384682,0.19911843557006403
529,0.9052734375,0.9760120511054993,0.19789062440395355,4.538424491882324,0.1977069545264396,0.197081411073765,0.19559872051276617
530,0.9056054949760437,0.9760941863059998,0.20015625655651093,4.5097455978393555,0.20077555804409122,0.199338221179132,0.19829450511781077
531,0.9088476300239563,0.9586885571479797,0.20499999821186066,4.4924092292785645,0.20520799625330044,0.20421755014329074,0.20315569317541082
532,0.9106835722923279,0.957740843296051,0.20351561903953552,4.509092807769775,0.20435103307325425,0.20290802616688683,0.20216005530484843
533,0.9079687595367432,0.96587073802948,0.19648437201976776,4.510925769805908,0.1969842892499885,0.1958849966348899,0.19499756441944305
534,0.9061914086341858,0.9730494618415833,0.20601563155651093,4.509626388549805,0.20674153648381566,0.20542431162677788,0.2043202644240018
535,0.907421886920929,0.968437671661377,0.20624999701976776,4.496227741241455,0.20622066239040204,0.20561694439832914,0.20428554917143604
536,0.9051367044448853,0.9754101634025574,0.2056249976158142,4.493091583251953,0.2069978894900252,0.20503227016969178,0.20437522833119165
537,0.9081054925918579,0.9703894257545471,0.20468750596046448,4.479118824005127,0.20539401519965345,0.20392344135524632,0.2029931784340258
538,0.9062109589576721,0.977846622467041,0.20000000298023224,4.5018696784973145,0.1998127569290554,0.1993482107463586,0.1978528581608131
539,0.9069530963897705,0.9656462073326111,0.20460937917232513,4.481828689575195,0.20487378413512658,0.20362707073617378,0.2026506781153349
540,0.9079296588897705,0.964068591594696,0.20531250536441803,4.489838600158691,0.2066686934916911,0.20470975739026093,0.20379575193125463
541,0.9056054949760437,0.9694938659667969,0.20265625417232513,4.481202602386475,0.203017337157828,0.20178320619975187,0.20071644572357522
542,0.9100586175918579,0.9591336250305176,0.2064843773841858,4.490976333618164,0.20772238133443507,0.20585402751000773,0.20540554446393497
543,0.9052343964576721,0.9739305973052979,0.20156249403953552,4.497631549835205,0.20220012618260785,0.20103174766753346,0.20021157891271432
544,0.9076172113418579,0.9663247466087341,0.2068749964237213,4.475519180297852,0.2074046991474784,0.20616697735637465,0.20525216494668913
545,0.9088671803474426,0.9625969529151917,0.20335938036441803,4.503781318664551,0.20400696989622125,0.20258053731117515,0.2017693440871388
546,0.9085156321525574,0.9618462920188904,0.20499999821186066,4.487572193145752,0.2053719267423295,0.20426203757335587,0.20319213740036524
547,0.9096093773841858,0.9649296402931213,0.20617187023162842,4.495628356933594,0.20755690398369642,0.2055575730321795,0.2048008457228272
548,0.9104687571525574,0.9591429829597473,0.20351561903953552,4.508252143859863,0.20508762285092738,0.20297415822728082,0.20223456014734453
549,0.9071679711341858,0.968669056892395,0.20273438096046448,4.510069370269775,0.20363994699951754,0.20234148698350363,0.20142333072060004
550,0.9065625071525574,0.967552125453949,0.20812499523162842,4.486287593841553,0.20816638819721017,0.20770679683087545,0.20636467523754295
551,0.9103906154632568,0.9588358998298645,0.20929688215255737,4.4740095138549805,0.20920680167798542,0.20865408036962907,0.2073829072655602
552,0.9085742235183716,0.9642919301986694,0.2121874988079071,4.4683613777160645,0.21305542365305327,0.21170366137518928,0.2109741104371557
553,0.9042578339576721,0.9758704304695129,0.1990624964237213,4.487043857574463,0.1997645671109746,0.19864281119207017,0.1976395240509425
554,0.9090039134025574,0.9622014760971069,0.20796875655651093,4.467033386230469,0.2094156030865847,0.2074626614369864,0.20664154797787512
555,0.9099804759025574,0.9589337110519409,0.20781250298023224,4.461310863494873,0.20930878797574554,0.20724206563743452,0.20639140443140241
556,0.9098047018051147,0.9606083631515503,0.20664063096046448,4.483878135681152,0.20732719203925065,0.20624440223632434,0.20511524315473867
557,0.9091796875,0.9627004861831665,0.2071875035762787,4.492424488067627,0.20680015229362625,0.20683973495154714,0.20541184743869872
558,0.9087109565734863,0.9654750823974609,0.20749999582767487,4.502837657928467,0.2084369371970951,0.20681826173902745,0.20611288321356686
559,0.909375011920929,0.9601165056228638,0.20320312678813934,4.500565052032471,0.20440806325110555,0.20287304982775584,0.2019212704762144
560,0.9090429544448853,0.9626864790916443,0.20359374582767487,4.49611759185791,0.20501676780825878,0.20309411861066126,0.202277052589158
561,0.9089453220367432,0.9604666233062744,0.20140625536441803,4.505147933959961,0.20311706242499347,0.20084549399772814,0.20013235378181904
562,0.9067578315734863,0.9691429138183594,0.20421874523162842,4.518136978149414,0.2044377855686383,0.20364236788432893,0.20240016247833237
563,0.9067773222923279,0.9702856540679932,0.2036718726158142,4.489573001861572,0.20328287996803504,0.20262902148288314,0.20171391026459684
564,0.9077343940734863,0.9627464413642883,0.20320312678813934,4.5184006690979,0.20463045364318305,0.20287658531525293,0.20238014624054168
565,0.9075000286102295,0.9681246280670166,0.20414061844348907,4.497361660003662,0.20446549959749888,0.20369642977582364,0.20233351548226491
566,0.9100586175918579,0.9623473882675171,0.2075781226158142,4.471590995788574,0.20840311848473786,0.20680942151317658,0.2057606056547532
567,0.9101952910423279,0.9563302397727966,0.20468750596046448,4.47257661819458,0.20564851599009315,0.20394961042514342,0.20320053147844608
568,0.908496081829071,0.9636623859405518,0.2068749964237213,4.483511447906494,0.20799173214358413,0.20617612732498958,0.20547063207811353
569,0.9070117473602295,0.9637642502784729,0.20273438096046448,4.497899055480957,0.20361775743325733,0.2023689938083652,0.2014045541630493
570,0.9071875214576721,0.9687343835830688,0.20710937678813934,4.4734673500061035,0.2078221752935167,0.20637234746562755,0.20544233038374377
571,0.9089062213897705,0.9668494462966919,0.201171875,4.519618034362793,0.20235307992862211,0.2005658522878585,0.1998062643982031
572,0.908886730670929,0.9632154107093811,0.20398437976837158,4.495415687561035,0.20546864495370834,0.20357480376165282,0.2027526443078037
573,0.9071093797683716,0.960019052028656,0.1974218785762787,4.521605491638184,0.19908759357573608,0.19717540411125517,0.1963878876518383
574,0.9102929830551147,0.9555326700210571,0.20070312917232513,4.493138313293457,0.20208569360446166,0.20059310247297482,0.19963936026558943
575,0.9080273509025574,0.9636717438697815,0.20531250536441803,4.472611904144287,0.2070770353284851,0.20487269217520346,0.2041642181742538
576,0.9097461104393005,0.9603903889656067,0.20929688215255737,4.4905266761779785,0.21000585222682822,0.20866547882131978,0.2074166921280829
577,0.9097461104393005,0.9630927443504333,0.20351561903953552,4.491231441497803,0.20451891735274175,0.20260950754322232,0.20190137691435117
578,0.9085937738418579,0.9593506455421448,0.2043749988079071,4.5052971839904785,0.2053191221079775,0.20363431074169455,0.2028567940381763
579,0.9100976586341858,0.9564155340194702,0.2025781273841858,4.492305755615234,0.20282375542194478,0.20190230053880026,0.20063761666314045
580,0.9111523628234863,0.9551290273666382,0.20546874403953552,4.486616134643555,0.2059795826567181,0.2048620284970828,0.20370526735527436
581,0.9100195169448853,0.9617410898208618,0.20945312082767487,4.482027053833008,0.21012867873236118,0.20901892048243315,0.2079921781431106
582,0.9125586152076721,0.9539695978164673,0.21007812023162842,4.468380928039551,0.21114019277123525,0.209603122405035,0.20878476912776833
583,0.9120703339576721,0.9520317912101746,0.21132811903953552,4.460415363311768,0.21190542531187295,0.2106388472419274,0.20950615180279647
584,0.9111132621765137,0.9561012387275696,0.20671874284744263,4.514312744140625,0.20809206586765455,0.20633805392690302,0.20554399406982532
585,0.9105859398841858,0.9596335887908936,0.2029687464237213,4.4933295249938965,0.2042525121047583,0.2025352487587313,0.20153032519605696
586,0.908984363079071,0.9590439796447754,0.2068749964237213,4.4656758308410645,0.20818524616228526,0.20645341704792572,0.20552234046777335
587,0.9082226753234863,0.964833676815033,0.21046875417232513,4.476097583770752,0.21210439853399535,0.21018210588225789,0.20959811242230308
588,0.9094336032867432,0.9612619280815125,0.2135937511920929,4.471390247344971,0.21444837514455675,0.2128362710763425,0.21186302556720585
589,0.9088476300239563,0.9579551219940186,0.20812499523162842,4.474353790283203,0.2084480205600986,0.20725205662804314,0.20593874231227532
590,0.9101366996765137,0.9602175951004028,0.20749999582767487,4.4783220291137695,0.2085893815901097,0.20689093884160203,0.20630889287433435
591,0.9104297161102295,0.9592439532279968,0.2096875011920929,4.457289218902588,0.21065081484470993,0.2091209441134783,0.2079275042911615
592,0.9122655987739563,0.9508563280105591,0.2088281214237213,4.466296195983887,0.2098397511558814,0.2081602529885892,0.2071954904882901
593,0.9098437428474426,0.9570733904838562,0.2095312476158142,4.45693826675415,0.21005819344745175,0.20895267579994464,0.2079307456955269
594,0.9099218845367432,0.9580724835395813,0.20929688215255737,4.469135284423828,0.2101845555394205,0.2088253830471848,0.20797806075877495
595,0.9081445336341858,0.9593704342842102,0.20929688215255737,4.46687126159668,0.20972086099855378,0.2085658973887495,0.20738728827124714
596,0.912402331829071,0.9513310790061951,0.21179687976837158,4.446956157684326,0.213179799035781,0.21137473971763188,0.21053760447027606
597,0.9108593463897705,0.9519461989402771,0.21250000596046448,4.457731246948242,0.21304745922496926,0.21170249051482135,0.21061327569181018
598,0.9119726419448853,0.9472934007644653,0.21437500417232513,4.466305732727051,0.2138223153185666,0.21359511523286465,0.2122036389718101
599,0.9110937714576721,0.9509451389312744,0.2121874988079071,4.470011234283447,0.21287722403205517,0.21143770440703533,0.21050670788254638
600,0.9078710675239563,0.9651182293891907,0.20656250417232513,4.481472969055176,0.20762603756994896,0.20572592281611296,0.20502440942801936
601,0.9092968702316284,0.9618198871612549,0.2064843773841858,4.469418048858643,0.20782515631929135,0.20584808360398382,0.20511816355750878
602,0.9092773199081421,0.9586814045906067,0.20671874284744263,4.467684745788574,0.20826877158851526,0.2061330671656232,0.20570655940216862
603,0.9125390648841858,0.9519220590591431,0.2063281238079071,4.485131740570068,0.2075623192342163,0.20567394717773652,0.20491485444177465
604,0.9117968678474426,0.9529100656509399,0.20804686844348907,4.490200042724609,0.2083859286110112,0.2073661551301037,0.2063401820599785
605,0.9091992378234863,0.9570668935775757,0.2075781226158142,4.494356632232666,0.2077685750188138,0.20671353502270945,0.20570222180006226
606,0.9079687595367432,0.9593337774276733,0.20906250178813934,4.497818470001221,0.20978476727289663,0.20856264809429204,0.20779690787707344
607,0.9114062786102295,0.95344078540802,0.2123437523841858,4.466992378234863,0.21312946457010926,0.21143129345753858,0.21065428521986793
608,0.9115429520606995,0.9517542123794556,0.21046875417232513,4.482772350311279,0.21181745138419783,0.2097091736321111,0.20897264088733636
609,0.9105273485183716,0.9535085558891296,0.20960937440395355,4.485660076141357,0.21071663150882514,0.20916940361372355,0.2083830199357229
610,0.9141210913658142,0.9462094902992249,0.2103906273841858,4.479948043823242,0.21055598523029193,0.21006400641631512,0.20875149126116832
611,0.9145312309265137,0.9465204477310181,0.21085937321186066,4.475439071655273,0.21108636891161237,0.21038984500512856,0.20940635644157687
612,0.9128711223602295,0.9476896524429321,0.2130468785762787,4.468871593475342,0.21201083539564175,0.2122145439875238,0.21067899572660803
613,0.9140234589576721,0.9461607933044434,0.2036718726158142,4.469227313995361,0.2044441991751645,0.20307598734336235,0.20212444587575928
614,0.9136914014816284,0.9427490234375,0.21296875178813934,4.467561721801758,0.21329812813802454,0.2122690608601917,0.2111709971896642
615,0.9092187285423279,0.9570324420928955,0.20906250178813934,4.488707065582275,0.20938596293900136,0.2082773554465825,0.2069326993593121
616,0.9126172065734863,0.9506533741950989,0.2127343714237213,4.464677333831787,0.21319540314118113,0.2118001669938871,0.21078869216548593
617,0.9081054925918579,0.9578701853752136,0.20867186784744263,4.467124938964844,0.2093828065599211,0.2080110675788973,0.20701388475410612
618,0.9090429544448853,0.9563232660293579,0.2107812464237213,4.4684834480285645,0.21078925568887763,0.21033517787749784,0.20911080976335045
619,0.9108984470367432,0.949527382850647,0.21250000596046448,4.459336757659912,0.21387338557565216,0.2119367952802103,0.2109691135657556
620,0.9087890386581421,0.96147620677948,0.21054688096046448,4.488412857055664,0.21275353758286836,0.21007341920420353,0.209765054152475
621,0.9091210961341858,0.9596952199935913,0.20921875536441803,4.50727653503418,0.2106493465274429,0.20878882442801316,0.20817965797108393
622,0.9113476276397705,0.952526867389679,0.21656249463558197,4.471551418304443,0.21615152306855878,0.2156152965009136,0.21455941600375752
623,0.9131054878234863,0.9505301713943481,0.205078125,4.5008158683776855,0.20520704910882787,0.2044760105840279,0.2034233930381421
624,0.9102343916893005,0.9550479650497437,0.21156249940395355,4.472982406616211,0.21275593198981418,0.2110683563987718,0.210394511969267
625,0.9100976586341858,0.9500296115875244,0.21070311963558197,4.498327732086182,0.21115466955120776,0.21025467337568027,0.20916624122752103
626,0.9111523628234863,0.9485005736351013,0.20945312082767487,4.478428840637207,0.20905103634736136,0.2087268250093932,0.2072457948369369
627,0.9105468988418579,0.9462980031967163,0.2103906273841858,4.470000267028809,0.21123334821130052,0.20982153999181888,0.2088295929975097
628,0.911914050579071,0.9469122886657715,0.2077343761920929,4.471132755279541,0.20869142368663512,0.207225271704702,0.2064943591722322
629,0.9118945598602295,0.9482282996177673,0.21132811903953552,4.460699558258057,0.21263807640796833,0.2108948233020474,0.21025375919669453
630,0.9129101634025574,0.9482342004776001,0.20999999344348907,4.4664835929870605,0.21071090282061622,0.2096980937949706,0.20856636866919864
631,0.9138476848602295,0.9398273229598999,0.21328124403953552,4.494110584259033,0.21332234166680636,0.21267494119517963,0.21135467102010902
632,0.9152734279632568,0.9382426738739014,0.20546874403953552,4.5298871994018555,0.20586057010299375,0.20488095994215536,0.2039453710479602
633,0.9135937690734863,0.9415035843849182,0.21187500655651093,4.485579490661621,0.21126996904405446,0.21134645334251173,0.209822977666054
634,0.9121484160423279,0.9475768208503723,0.21156249940395355,4.489144802093506,0.2121038933236201,0.21084308119300152,0.2099276093342848
635,0.9106835722923279,0.9535964727401733,0.21296875178813934,4.496374130249023,0.2130973097617675,0.2123165145091822,0.21127137797452142
636,0.9133203029632568,0.942585825920105,0.20734375715255737,4.508864402770996,0.20803237723717263,0.20661695155475718,0.2058366665514159
637,0.9140234589576721,0.9402210712432861,0.21445313096046448,4.489232063293457,0.2146239148511918,0.2138184546946917,0.2125900639733394
638,0.9104297161102295,0.9512982964515686,0.21187500655651093,4.463533878326416,0.2125949362173653,0.21123981174345755,0.21033003587439753
639,0.9132031202316284,0.9444177150726318,0.21117188036441803,4.4942851066589355,0.2109716719590177,0.2106420400607231,0.2091530984418271
640,0.9130859375,0.9453612565994263,0.21507813036441803,4.464156627655029,0.2148668489052598,0.21446783115975365,0.21296485507838386
641,0.9111718535423279,0.9480981230735779,0.20851562917232513,4.495306491851807,0.2090568796412534,0.2080780026431714,0.20693541985523095
642,0.9112890362739563,0.94926917552948,0.21398437023162842,4.48883581161499,0.21402821774132652,0.21325632508688214,0.21212312534136088
643,0.9110742211341858,0.9534273743629456,0.21484375,4.472221851348877,0.2152862356096176,0.21409973726277653,0.21310143753389693
644,0.9141796827316284,0.9495762586593628,0.21046875417232513,4.489151954650879,0.2109749661308646,0.2096607358294954,0.20864884019578078
645,0.9123828411102295,0.9466184377670288,0.21257811784744263,4.4984869956970215,0.21330912016524312,0.21199221957151326,0.21081748768750525
646,0.9109765887260437,0.9471737742424011,0.2175000011920929,4.466945648193359,0.21885579352381446,0.21685661438785828,0.21615515818644673
647,0.914257824420929,0.9381629228591919,0.21406249701976776,4.4555792808532715,0.2144082664855864,0.21347499480141532,0.21231952304071855
648,0.9146289229393005,0.9398710131645203,0.21742187440395355,4.478304862976074,0.2178429041312262,0.21650228222188664,0.2155631529952166
649,0.9116796851158142,0.9423685669898987,0.2109375,4.478354454040527,0.21074414590477347,0.21039480480068884,0.20910067158037818
650,0.9094336032867432,0.9577784538269043,0.2063281238079071,4.488590240478516,0.20670254640084648,0.20568455851383016,0.2047412425816864
651,0.9122655987739563,0.9491321444511414,0.2103906273841858,4.474182605743408,0.21041724817486004,0.2096929105720012,0.20839311681750494
652,0.9108788967132568,0.9526835083961487,0.2091406285762787,4.463784217834473,0.20909848795314878,0.20830756096438569,0.20710291390200952
653,0.9116406440734863,0.9518247246742249,0.2116406261920929,4.480976104736328,0.2121673987209684,0.21114629856629316,0.20985510631292215
654,0.9149804711341858,0.9407917261123657,0.21867187321186066,4.454596996307373,0.2195074805611291,0.21809230412125308,0.21717520925740763
655,0.9142773151397705,0.9462329745292664,0.21312500536441803,4.458018779754639,0.2134327115068628,0.21251463042012034,0.2110894524601244
656,0.9145117402076721,0.941516637802124,0.21671874821186066,4.466100692749023,0.21707235875839503,0.21605840020852513,0.21483736739745912
657,0.913867175579071,0.9450907111167908,0.212890625,4.472326755523682,0.21330224865292174,0.21205142363864926,0.21109091340209885
658,0.9132226705551147,0.9458324313163757,0.21085937321186066,4.489696502685547,0.21128694986343427,0.21041884135930744,0.20944002924255875
659,0.9136914014816284,0.9425399899482727,0.2110937535762787,4.483558654785156,0.2116454531911116,0.21018428113995888,0.20910100806888005
660,0.9154883027076721,0.9360901713371277,0.21453124284744263,4.467233657836914,0.21606171207608005,0.2137360464778376,0.21303371699627335
661,0.9147070050239563,0.9384539723396301,0.2141406238079071,4.47448205947876,0.21540932598886534,0.21328122230995317,0.21259097641588792
662,0.9156054854393005,0.9358675479888916,0.21320313215255737,4.4837141036987305,0.2141605400956935,0.2122648996994439,0.21140535395873217
663,0.9151562452316284,0.9345448017120361,0.21226562559604645,4.47341775894165,0.21222071844933882,0.21159310488537536,0.21025999343215973
664,0.9141406416893005,0.9375856518745422,0.2155468761920929,4.481454372406006,0.21642947182883623,0.21465361811363243,0.21386711401184813
665,0.9159960746765137,0.9353362321853638,0.20867186784744263,4.468184471130371,0.20953894777212995,0.20829255949845393,0.20710439611067766
666,0.9155859351158142,0.9400225877761841,0.21179687976837158,4.453481197357178,0.2130167801218799,0.21115056216841627,0.2103675303467591
667,0.9132031202316284,0.9458367228507996,0.21031250059604645,4.4800124168396,0.21081517725353932,0.2097705236108656,0.20865277454384623
668,0.9141210913658142,0.9415193796157837,0.2096875011920929,4.454416275024414,0.21076416076808013,0.2090848820275823,0.20819238777786647
669,0.9100781083106995,0.9527377486228943,0.21187500655651093,4.479382514953613,0.21117026770105365,0.21105213362252156,0.20962557019500042
670,0.9133594036102295,0.9419512152671814,0.21640625596046448,4.466821193695068,0.2166710661257214,0.21586823964873192,0.2145508351050197
671,0.9118359088897705,0.9448516368865967,0.216796875,4.471285820007324,0.21661712684575807,0.21607643155149728,0.21455892457897047
672,0.9147070050239563,0.9378188252449036,0.212890625,4.4855804443359375,0.2137254259337794,0.21228601825347998,0.21118406691342084
673,0.9154297113418579,0.9352739453315735,0.21757812798023224,4.44399881362915,0.2176969139932018,0.21669192602044057,0.21545779191180647
674,0.9136132597923279,0.9446650743484497,0.2199999988079071,4.446283340454102,0.2203116722670579,0.21939487123157758,0.21832583584434626
675,0.9130468964576721,0.9425973296165466,0.21742187440395355,4.458169937133789,0.2169944911626706,0.21637004331986898,0.21501428189790722
676,0.9152148365974426,0.9377157092094421,0.2185937464237213,4.447618007659912,0.21871238050566366,0.21770211020917332,0.21664983481671438
677,0.9127148389816284,0.9402034878730774,0.21867187321186066,4.446084976196289,0.2184571798085057,0.21810604467856454,0.21692654173514794
678,0.9131249785423279,0.9443733096122742,0.2116406261920929,4.492483615875244,0.2118296137046881,0.2111456856037351,0.20975108323972683
679,0.91259765625,0.947131335735321,0.21320313215255737,4.479025840759277,0.2138229479363491,0.21295630681818387,0.21146369577505292
680,0.9122070074081421,0.9508925676345825,0.21921874582767487,4.456464767456055,0.21979758807736352,0.21869193226638411,0.21741984128394495
681,0.9150976538658142,0.9371957182884216,0.2169531285762787,4.471129894256592,0.21689776410182915,0.2162783445695446,0.215029112224438
682,0.9144726395606995,0.9423339366912842,0.21687500178813934,4.45298957824707,0.21789608468281896,0.21647385778906852,0.2156426535880684
683,0.916210949420929,0.9365312457084656,0.21328124403953552,4.466960906982422,0.2139869238256951,0.21287543894416033,0.2113642977087028
684,0.916308581829071,0.9350141882896423,0.2162500023841858,4.439099311828613,0.21643760694133896,0.21562465510647671,0.21436442243684373
685,0.9141015410423279,0.941118061542511,0.21281249821186066,4.4709906578063965,0.2134317745469432,0.2121699750501132,0.21082539838658154
686,0.9151172041893005,0.9326568841934204,0.21281249821186066,4.455581188201904,0.21269592148879923,0.21211788785722385,0.2107462059475307
687,0.9141406416893005,0.9389131665229797,0.21640625596046448,4.453847408294678,0.2171758685876601,0.21570321914424143,0.2146999131439643
688,0.9148046970367432,0.9354212284088135,0.20992188155651093,4.485597133636475,0.21033514131722852,0.20933235857661264,0.20775424586828423
689,0.9157031178474426,0.9334136247634888,0.2175000011920929,4.466174602508545,0.21674642361879742,0.21657528149011607,0.21500151720642297
690,0.9160546660423279,0.9341664910316467,0.21101562678813934,4.483074188232422,0.21020508204912253,0.21028959600846617,0.20865904233151944
691,0.9137304425239563,0.9375617504119873,0.2150000035762787,4.472581386566162,0.21493863114780587,0.21409754239467083,0.21297486122070275
692,0.9120703339576721,0.9428625702857971,0.21257811784744263,4.477879524230957,0.21272796419170287,0.21175798974197996,0.21052953728069007
693,0.9133398532867432,0.9428797364234924,0.2142968773841858,4.502807140350342,0.2150879784492058,0.21331142288300492,0.2122734221289513
694,0.9113867282867432,0.9470944404602051,0.21851561963558197,4.484043121337891,0.21747152538837267,0.21771821527129537,0.21597545914878585
695,0.9136523604393005,0.9416998028755188,0.2182031273841858,4.485780239105225,0.21723520630261658,0.2175610983512019,0.21596208149750412
696,0.9154492020606995,0.9379343390464783,0.2141406238079071,4.479293346405029,0.21381222159097446,0.21337503859485069,0.2120990760354483
697,0.9137304425239563,0.9406281113624573,0.2173437476158142,4.456915378570557,0.21605250864198375,0.21663149474387228,0.21470461350602937
698,0.9130859375,0.9443996548652649,0.2155468761920929,4.494899749755859,0.21591085967754933,0.21462637831353412,0.21344832888566007
699,0.9162499904632568,0.933785080909729,0.21726562082767487,4.476186752319336,0.2176027766282112,0.21647979922616273,0.21524126518311307
700,0.9175000190734863,0.929391086101532,0.21375000476837158,4.493277072906494,0.21315724445190737,0.21278896738371333,0.2113339313474416
701,0.9141406416893005,0.9370561242103577,0.21726562082767487,4.48182487487793,0.21660305174319372,0.21624103033290287,0.21504386665615485
702,0.9141015410423279,0.9385225772857666,0.21406249701976776,4.489378929138184,0.21432508816816362,0.21330921660700902,0.2122210036098623
703,0.9151952862739563,0.9353613257408142,0.21992187201976776,4.468207359313965,0.21911281569748214,0.21880479747578885,0.21733412620880554
704,0.9154297113418579,0.933376133441925,0.216796875,4.47370719909668,0.21603931088351225,0.21612028831917385,0.21447100750635367
705,0.9169531464576721,0.9337681531906128,0.21671874821186066,4.478347301483154,0.21645813376729514,0.2157835436646976,0.21446607227455114
706,0.9180468916893005,0.9294660687446594,0.2142968773841858,4.469808101654053,0.2153154691347305,0.213498827529769,0.21288602171673177
707,0.9171484112739563,0.927787184715271,0.21476562321186066,4.466307163238525,0.21540124965669907,0.21413506401431304,0.2133110723555574
708,0.9188671708106995,0.9222453832626343,0.22046874463558197,4.447573184967041,0.22138630098773598,0.21955496796312662,0.21869103589060934
709,0.9149804711341858,0.9359833002090454,0.21328124403953552,4.466055393218994,0.2139467469809588,0.21266973716635906,0.2113299701529382
710,0.9144140481948853,0.9391071796417236,0.21656249463558197,4.475750923156738,0.21655063425688736,0.21599642019025458,0.21464108415470048
711,0.9172461032867432,0.9325482845306396,0.21070311963558197,4.490664958953857,0.21234251959923314,0.21024246141858868,0.20984418578213276
712,0.9191015362739563,0.9258292317390442,0.21843749284744263,4.453385353088379,0.21896647120100102,0.21782125377626055,0.21696549617738375
713,0.9139257669448853,0.9388713240623474,0.21671874821186066,4.452711582183838,0.216912193946328,0.2160264930961921,0.21497609226723036
714,0.9137890338897705,0.9429218769073486,0.21992187201976776,4.475994110107422,0.22074841291870978,0.21917033988816428,0.21814272593200004
715,0.9127343893051147,0.9421615600585938,0.21828125417232513,4.494874954223633,0.21952460164033627,0.21754292764299873,0.21653168546619517
716,0.9124414324760437,0.9469338059425354,0.2182031273841858,4.478080749511719,0.2188216916806555,0.21732391228961828,0.21648524930151927
717,0.916796863079071,0.9310488700866699,0.21601562201976776,4.4736223220825195,0.21538324660674918,0.2152827618097882,0.213682348502774
718,0.9135937690734863,0.9412752389907837,0.21640625596046448,4.461565971374512,0.2162523564344229,0.2154304025797391,0.21430158499914298
719,0.9166210889816284,0.9314025640487671,0.21531249582767487,4.455392360687256,0.21543294932641116,0.21426631842906574,0.2132304260527948
720,0.9159960746765137,0.9359760284423828,0.21773438155651093,4.462355136871338,0.21870741618638706,0.2171044465248427,0.21626859625672237
721,0.9166601300239563,0.9316226840019226,0.2175000011920929,4.463210582733154,0.21738147046034342,0.2165071648901114,0.21510383730265048
722,0.9189453125,0.9256894588470459,0.21257811784744263,4.438054084777832,0.21394541681339596,0.2120549526450064,0.21120542862547198
723,0.9158788919448853,0.9270527362823486,0.22218750417232513,4.448614120483398,0.22252579620734197,0.22160113228149075,0.22031400802051448
724,0.9169335961341858,0.9285491704940796,0.21875,4.466562271118164,0.21924148389055118,0.21800559385272225,0.21718432718375855
725,0.9150781035423279,0.9367214441299438,0.2162500023841858,4.459366321563721,0.21632427401830273,0.21548698511287517,0.21442817663021774
726,0.9149414300918579,0.9340673685073853,0.2162500023841858,4.463790416717529,0.21649088178366702,0.2155785590487324,0.21414979509016785
727,0.9173632860183716,0.9267428517341614,0.21968750655651093,4.482317924499512,0.2196576704606784,0.21878390423064253,0.217714502278349
728,0.9166210889816284,0.9318239092826843,0.22593750059604645,4.4548726081848145,0.22726880115258455,0.22507581051330805,0.2243664399966197
729,0.9131249785423279,0.9389070272445679,0.22093750536441803,4.469252586364746,0.22211359312993606,0.22027695088744148,0.21948094447171443
730,0.9151562452316284,0.9366150498390198,0.21742187440395355,4.45109748840332,0.21869678221387623,0.2167751913165279,0.2157744870073497
731,0.9172656536102295,0.9275962114334106,0.22374999523162842,4.4495649337768555,0.22486361268463737,0.2232207299238688,0.22214037518593213
732,0.9154492020606995,0.9307495355606079,0.2251562476158142,4.431087970733643,0.2262613301706521,0.2244053389183224,0.22350940728221158
733,0.9170312285423279,0.9329730868339539,0.224609375,4.4510416984558105,0.22456320646068664,0.22405033262382051,0.22274010467406358
734,0.9129687547683716,0.9392296075820923,0.21937499940395355,4.470648288726807,0.21907525040686032,0.21847589778400406,0.21726764257380402
735,0.9144335985183716,0.9361258745193481,0.21710938215255737,4.462469577789307,0.21693014090993892,0.21641281792099748,0.21497745227123644
736,0.9130077958106995,0.9387267827987671,0.21789062023162842,4.453265190124512,0.21861332707899087,0.21723177161938018,0.21615993397238384
737,0.915234386920929,0.9292839169502258,0.21710938215255737,4.458169460296631,0.21763168067584412,0.21634214328707485,0.2152024729803127
738,0.9172656536102295,0.9301220774650574,0.22023437917232513,4.470070838928223,0.22038374441295294,0.21945343923430788,0.2182170465394673
739,0.9173242449760437,0.9278488755226135,0.21906250715255737,4.468692302703857,0.21958879438922496,0.21837733511759558,0.2172843011847834
740,0.9152734279632568,0.9309179186820984,0.2194531261920929,4.445770263671875,0.2200620635602354,0.2185320557546644,0.21756751525536144
741,0.9169140458106995,0.9262866377830505,0.21914061903953552,4.423943996429443,0.2205950105983263,0.21901818524701008,0.21806301406699427
742,0.9145703315734863,0.9322662353515625,0.2221093773841858,4.428305625915527,0.22394831911280644,0.22143619771292014,0.22073332051203265
743,0.9159179925918579,0.9316274523735046,0.22421875596046448,4.425096035003662,0.2257749765873097,0.2234315191810583,0.22274610877431894
744,0.9162890911102295,0.9311231374740601,0.22101563215255737,4.443678855895996,0.2220427659188846,0.22036859004884582,0.2195869507143448
745,0.9174218773841858,0.9239214062690735,0.21812500059604645,4.446377277374268,0.21849316234101704,0.2173349409214137,0.21620261307495253
746,0.9152929782867432,0.9322632551193237,0.2233593761920929,4.455401420593262,0.22404862103082174,0.22281960081386165,0.22154264370736557
747,0.9181445240974426,0.9236096143722534,0.22414062917232513,4.434088230133057,0.22494008183241565,0.22333584842196905,0.22223747023311952
748,0.9178320169448853,0.9266270399093628,0.224609375,4.449274063110352,0.22559655187735228,0.22399265906956747,0.2231227363414022
749,0.9156640768051147,0.9333223700523376,0.22523437440395355,4.452070713043213,0.22626147967144616,0.2247823725320588,0.22382369939225766
750,0.9164062738418579,0.9318158626556396,0.22382812201976776,4.454495906829834,0.22358468695004607,0.22328091297546887,0.22167812976515666
751,0.9156054854393005,0.9356182813644409,0.2182031273841858,4.455174446105957,0.2182164275766123,0.2173719971746686,0.21624274641974212
752,0.91650390625,0.9298250079154968,0.2232031226158142,4.453507423400879,0.224567404677856,0.22280299474831983,0.22162655437550988
753,0.9171679615974426,0.9289301037788391,0.21835938096046448,4.459609031677246,0.2188368739357237,0.2175549646514277,0.21649757874540687
754,0.9166210889816284,0.9305212497711182,0.21867187321186066,4.454850673675537,0.220843285968716,0.2179953372032482,0.21718813287261068
755,0.9163867235183716,0.9264297485351562,0.2244531214237213,4.455432891845703,0.2256838518284797,0.22374969613624493,0.2229207383690276
756,0.9175976514816284,0.9216665029525757,0.2208593785762787,4.470190525054932,0.21992642172849242,0.219886822206548,0.2183152287058745
757,0.9177343845367432,0.9224849939346313,0.2201562523841858,4.449057102203369,0.21990912582190497,0.21932862438230827,0.21786598360749826
758,0.9186718463897705,0.9202098846435547,0.2169531285762787,4.447141647338867,0.21716918870545068,0.21647224584192268,0.21529291829794914
759,0.919628918170929,0.9207505583763123,0.21515625715255737,4.458263874053955,0.21567744312725495,0.21431288399149173,0.2134288382365475
760,0.9179297089576721,0.9219294786453247,0.21757812798023224,4.453413963317871,0.21793722108894742,0.21683692399360882,0.2156604704219939
761,0.9155077934265137,0.932284414768219,0.22101563215255737,4.452574729919434,0.22093462592411636,0.22008737959437014,0.21882299198517247
762,0.9177539348602295,0.9200193285942078,0.22664062678813934,4.430591583251953,0.22738315558719427,0.22581072602169017,0.22462821632885932
763,0.9160351753234863,0.9270577430725098,0.22312499582767487,4.434995651245117,0.2246450975515894,0.2226515179236205,0.22157717386126988
764,0.9161132574081421,0.9269036650657654,0.22328124940395355,4.4352569580078125,0.22373079606570245,0.22275294723747235,0.22143581700880205
765,0.9171679615974426,0.9243824481964111,0.22539062798023224,4.429418563842773,0.22546463896411645,0.2248498592793328,0.22327878743992752
766,0.9157617092132568,0.9272670149803162,0.2224999964237213,4.430645942687988,0.2232165685421761,0.22192430011709793,0.2207631080993334
767,0.9132617115974426,0.9402458667755127,0.22007812559604645,4.426386833190918,0.22018628656496964,0.21944756757201314,0.21799667631953934
768,0.9175586104393005,0.9269917011260986,0.22374999523162842,4.438390731811523,0.22549786890104973,0.22270724463449623,0.22206963258775397
769,0.9188867211341858,0.9225637316703796,0.22171874344348907,4.441295146942139,0.22280756559433063,0.2208599023575811,0.22023212127427966
770,0.9195703268051147,0.9207391142845154,0.22421875596046448,4.421345233917236,0.22571813268321017,0.22351061714237702,0.22288849959091853
771,0.9183593988418579,0.9282376766204834,0.22179687023162842,4.4294843673706055,0.22300702588104854,0.22117717685942967,0.22054167187988993
772,0.9170898199081421,0.9256033301353455,0.22437499463558197,4.430936336517334,0.22504802445084499,0.2237527439251495,0.22248707104648796
773,0.9173828363418579,0.924435555934906,0.2219531238079071,4.4370222091674805,0.22252055724150138,0.2212758877882673,0.22009727938406803
774,0.9187304973602295,0.9181622862815857,0.21843749284744263,4.450862884521484,0.21969701842245554,0.21780377292992553,0.21705192349874664
775,0.9157617092132568,0.9294393658638,0.21796874701976776,4.449585914611816,0.2183112908156753,0.21705073735228952,0.21571607731616793
776,0.9178320169448853,0.9232436418533325,0.2251562476158142,4.448724269866943,0.22630625569853643,0.22442669023805378,0.22328734275773554
777,0.9153711199760437,0.9280468821525574,0.22093750536441803,4.446303367614746,0.22223809033344608,0.22019360209987054,0.21950750762605747
778,0.9189648628234863,0.9254854321479797,0.22429686784744263,4.4470367431640625,0.22536098234376845,0.22346925399295275,0.22268859066714217
779,0.9183202981948853,0.923827052116394,0.22312499582767487,4.449813365936279,0.22369147400982928,0.22228729052044857,0.22101540321530988
780,0.9177929759025574,0.9251581430435181,0.2239062488079071,4.44603157043457,0.22640229817885743,0.22348194504642838,0.2228198868686278
781,0.9160546660423279,0.9296616911888123,0.2228125035762787,4.442781925201416,0.22314038007671405,0.22209171569039748,0.22087422858265576
782,0.9175976514816284,0.9293638467788696,0.2224999964237213,4.433045864105225,0.22415059826051245,0.22205454426583113,0.22138873616988017
783,0.9174609184265137,0.9286618828773499,0.22312499582767487,4.444380760192871,0.2245423364806745,0.22242684566489257,0.22177613312847058
784,0.9169335961341858,0.9264758229255676,0.2194531261920929,4.442721366882324,0.21919720814726873,0.21891182820124971,0.21769525772811463
785,0.9162695407867432,0.9319950938224792,0.21453124284744263,4.459262847900391,0.21381016576320114,0.21395581489581317,0.2125909563572393
786,0.9164062738418579,0.9331902861595154,0.21921874582767487,4.435595989227295,0.21981718135354456,0.21850194347069024,0.21748741639514418
787,0.91552734375,0.9317842125892639,0.22117187082767487,4.440506458282471,0.2219734298093679,0.22030977314569072,0.2193559301091406
788,0.9152148365974426,0.9343612194061279,0.21906250715255737,4.430456638336182,0.2190373172170288,0.21846910507387957,0.21710900435127245
789,0.9179101586341858,0.928459644317627,0.2201562523841858,4.444810390472412,0.22081869356052744,0.21945821935893656,0.21874031567018765
790,0.9175976514816284,0.9196265935897827,0.2251562476158142,4.417852878570557,0.22607961782576752,0.22466910553553582,0.22361216194786476
791,0.9175000190734863,0.9233606457710266,0.22164063155651093,4.436257362365723,0.222984972304061,0.22124388134962863,0.2203757803689319
792,0.9179491996765137,0.9215649962425232,0.2264062464237213,4.434324264526367,0.2276200638304669,0.22594627901430947,0.22500968215617378
793,0.9178515672683716,0.9254384636878967,0.2239062488079071,4.431779861450195,0.22435676885088435,0.22334958494960977,0.22189413605638852
794,0.918261706829071,0.9266211986541748,0.2283593714237213,4.4393486976623535,0.2292599917118137,0.22756697437303985,0.2266018658933657
795,0.9195117354393005,0.9211072325706482,0.21898438036441803,4.451664924621582,0.21957953321894258,0.21862838642943033,0.2176588779921469
796,0.91650390625,0.9262365102767944,0.22273437678813934,4.4536590576171875,0.22287660639605747,0.22195525146724168,0.22054498679833137
797,0.9180077910423279,0.9222299456596375,0.22117187082767487,4.450284004211426,0.22247695612373802,0.22034445977902045,0.21963884207047624
798,0.9196679592132568,0.9173399209976196,0.2258593738079071,4.439609527587891,0.22679886160485752,0.2249800797791803,0.22427583520398361
799,0.9177343845367432,0.9198549389839172,0.21882812678813934,4.434835433959961,0.21956014269840352,0.2182013181226367,0.21708866147967054
800,0.9177929759025574,0.9230780601501465,0.22242186963558197,4.416843891143799,0.2231075194530705,0.22150570145759163,0.22038539441665145
801,0.9190820455551147,0.9202412962913513,0.21882812678813934,4.4671478271484375,0.2199331013133233,0.21838023016671482,0.2174689134470213
802,0.9191210865974426,0.9182289838790894,0.22117187082767487,4.451773166656494,0.22288005204196293,0.22039106389150914,0.21971224750592624
803,0.9188476800918579,0.9235594272613525,0.2221093773841858,4.454013824462891,0.22342904473736352,0.22118089499653443,0.2204994731477098
804,0.9150195121765137,0.9294427633285522,0.22007812559604645,4.446369171142578,0.2213520425877713,0.2198884192959803,0.2187936064727445
805,0.9178320169448853,0.926704466342926,0.22398437559604645,4.455895900726318,0.22536010937677348,0.2231602300793491,0.22226239614904153
806,0.9150781035423279,0.929067075252533,0.22429686784744263,4.4408488273620605,0.22488017509630387,0.22326325262017913,0.222093401201285
807,0.9176366925239563,0.9233527183532715,0.22523437440395355,4.437047004699707,0.2254666925993189,0.2242098775123193,0.22321277483038052
808,0.9179101586341858,0.9210293292999268,0.21976561844348907,4.451168537139893,0.22025858362955059,0.2192305873949501,0.21820016925310992
809,0.9176172018051147,0.924328088760376,0.22609375417232513,4.435370922088623,0.22723679449137918,0.22549364436261676,0.2247211360502856
810,0.9176952838897705,0.9240902066230774,0.2199999988079071,4.460850715637207,0.21998641833081403,0.21924586575767874,0.21797976173773426
811,0.9160351753234863,0.9290316700935364,0.22062499821186066,4.450033664703369,0.22042858093615014,0.21972267226896153,0.21851295457061937
812,0.916699230670929,0.9278596639633179,0.22398437559604645,4.449855327606201,0.2245811338886976,0.22338813944299304,0.2223453593632092
813,0.9172656536102295,0.9248430132865906,0.2233593761920929,4.460986614227295,0.22389185444659515,0.2226471587628403,0.22176419455135282
814,0.9214453101158142,0.9143968820571899,0.2205468714237213,4.466557025909424,0.221777083378345,0.2202503284522791,0.21947898915928715
815,0.9192968606948853,0.9222202897071838,0.22359375655651093,4.438823699951172,0.22444088175481697,0.2229693130274776,0.22194725875915686
816,0.917675793170929,0.9202368855476379,0.22265625,4.43049430847168,0.22384087405289835,0.22229244262978187,0.22124822506915728
817,0.9226757884025574,0.9094030857086182,0.2265625,4.4135026931762695,0.227551350595167,0.22618906670990974,0.2251437929497704
818,0.9192578196525574,0.9172054529190063,0.22398437559604645,4.450119495391846,0.22444871227165167,0.22347093665840728,0.22224296712746328
819,0.9194531440734863,0.920087456703186,0.22624999284744263,4.438662528991699,0.2271415549311871,0.22572400718954572,0.22462239687027247
820,0.9191992282867432,0.9204639196395874,0.2224999964237213,4.446163177490234,0.22240937620989795,0.22171407218547384,0.22044608315747033
821,0.9174023270606995,0.9221788644790649,0.22304686903953552,4.4454169273376465,0.22253135587797201,0.22207823225504475,0.22086484986052318
822,0.9167187213897705,0.9254412055015564,0.2185937464237213,4.455510139465332,0.21947570792380083,0.21797730739678906,0.2169409371403052
823,0.9191015362739563,0.9201968908309937,0.22203125059604645,4.451330661773682,0.222655203769778,0.22160209055694907,0.22069415983040436
824,0.9192968606948853,0.9224520921707153,0.22374999523162842,4.447877407073975,0.22597416618829577,0.2232502884205038,0.22274920459845304
825,0.9206445217132568,0.91449373960495,0.22679688036441803,4.414508819580078,0.22869357103091875,0.22620244609494944,0.2256527211980875
826,0.921191394329071,0.9100883603096008,0.22898437082767487,4.426344394683838,0.22868276121040657,0.22831818325654263,0.22664037869385548
827,0.9199414253234863,0.9164688587188721,0.22609375417232513,4.445305824279785,0.22610381341448632,0.22518256567626757,0.2239331839310668
828,0.9194921851158142,0.9129955768585205,0.22632811963558197,4.4567365646362305,0.228109771607673,0.2255583421768482,0.225099560231596
829,0.9177539348602295,0.9210676550865173,0.22695311903953552,4.443058967590332,0.22747713960364344,0.22625505329051726,0.22527511613455384
830,0.9200976490974426,0.9147803783416748,0.22374999523162842,4.445350646972656,0.22379937907838615,0.22312123376382903,0.22176642348601464
831,0.9186328053474426,0.9169531464576721,0.2290624976158142,4.432297229766846,0.2302660020926013,0.22833922466144832,0.22748202941854878
832,0.9185742139816284,0.9166256785392761,0.22718749940395355,4.4236040115356445,0.2272572688744383,0.22671141655029317,0.22539766969164424
833,0.9177929759025574,0.9182882905006409,0.2253125011920929,4.431304454803467,0.226466085146748,0.2247299415918449,0.2239671449367438
834,0.9158594012260437,0.9291790127754211,0.2228125035762787,4.45366096496582,0.22295263503062612,0.22211269822231677,0.22096989497757014
835,0.918261706829071,0.9205322265625,0.2239062488079071,4.440776348114014,0.2232294394992371,0.2229372679101312,0.22166250578688973
836,0.9178125262260437,0.9247889518737793,0.22757811844348907,4.4265570640563965,0.22866860794052957,0.22656664103147087,0.22585967069408175
837,0.9200195074081421,0.9169254899024963,0.22398437559604645,4.444698333740234,0.22387858599177934,0.22300460755203771,0.221647919004693
838,0.915234386920929,0.9313290119171143,0.22437499463558197,4.457479953765869,0.22418295558240783,0.2235991585572084,0.22208005105096318
839,0.9186328053474426,0.9172438979148865,0.22382812201976776,4.4683837890625,0.22511469775582338,0.22322967350820622,0.2224498966039913
840,0.9217187762260437,0.9091681838035583,0.2271093726158142,4.453122615814209,0.22789792959893013,0.226390797122649,0.22553173541614033
841,0.9201562404632568,0.9129981994628906,0.220703125,4.464476108551025,0.22085903841033377,0.21990836401697178,0.21880957934906986
842,0.9188281297683716,0.9197236895561218,0.22382812201976776,4.466236114501953,0.22373741713392414,0.22282050388295987,0.22171128940187856
843,0.9195703268051147,0.9160519242286682,0.22093750536441803,4.460599899291992,0.22186418701567834,0.22008768685843477,0.21900463654230543
844,0.9195703268051147,0.914294958114624,0.22468750178813934,4.46994686126709,0.22503493853605783,0.22400722387182204,0.22260011482977496
845,0.9213671684265137,0.9117851257324219,0.22046874463558197,4.460145950317383,0.2203219807886549,0.21979529648072452,0.21832932041525227
846,0.9195703268051147,0.9160856604576111,0.22562499344348907,4.440750598907471,0.225783426692061,0.2247958635228371,0.22343284308473793
847,0.91943359375,0.9151222109794617,0.22789062559604645,4.42629861831665,0.22762167558077567,0.22710174572399539,0.2255948612046097
848,0.9205273389816284,0.9158682227134705,0.228515625,4.436707973480225,0.22751027150287936,0.22762793032939077,0.22572915284031073
849,0.9192578196525574,0.9133872389793396,0.2221093773841858,4.452275276184082,0.22227723188482776,0.22142380855826832,0.22020539631819924
850,0.91796875,0.9217668771743774,0.2265625,4.425447463989258,0.22684837257904716,0.22584098986874987,0.22439705347335923
851,0.9194921851158142,0.9188239574432373,0.22265625,4.424056529998779,0.2232623543538682,0.22191862837115423,0.22075137305794124
852,0.9181835651397705,0.9149742722511292,0.21953125298023224,4.438887596130371,0.21950794509375804,0.21884977693131735,0.2174552473623707
853,0.9183202981948853,0.9197647571563721,0.22953124344348907,4.408573150634766,0.22978825313447923,0.22848793280450005,0.22720799547491738
854,0.9193164110183716,0.9198375940322876,0.22593750059604645,4.417809009552002,0.2268407222399096,0.22531007918740212,0.22422848994543507
855,0.9183398485183716,0.9186998605728149,0.2283593714237213,4.419128894805908,0.23022580163390316,0.22787012478366497,0.22709364891612077
856,0.9198632836341858,0.9139355421066284,0.2240625023841858,4.452556133270264,0.2245815500476033,0.22318415967033395,0.22203400543880472
857,0.91845703125,0.917439877986908,0.22242186963558197,4.416053771972656,0.2226151719987461,0.22189889322973036,0.22077934966859925
858,0.9183984398841858,0.9155063629150391,0.22945313155651093,4.434720993041992,0.2299646799232965,0.2289631462318725,0.22774993868806648
859,0.91796875,0.9202001690864563,0.2283593714237213,4.4364166259765625,0.2286038758042399,0.2277916955612355,0.2265218839146411
860,0.9203906059265137,0.9176523685455322,0.22703124582767487,4.440726280212402,0.22815001492231213,0.2263092277895806,0.22536348978357712
861,0.9207617044448853,0.9108206033706665,0.22820311784744263,4.424191474914551,0.22976414592939104,0.22766056782738361,0.22684192573719136
862,0.9189062714576721,0.9204098582267761,0.22718749940395355,4.4122796058654785,0.22784163052409878,0.226516617429977,0.2253695627540858
863,0.9190820455551147,0.9133726358413696,0.22718749940395355,4.431751728057861,0.22808979056426953,0.22657136459213334,0.22566468164914344
864,0.9215039014816284,0.9067524075508118,0.22539062798023224,4.433108806610107,0.22517895787351316,0.2244807805381522,0.22320155182082468
865,0.9169335961341858,0.9239656925201416,0.22687500715255737,4.421303749084473,0.22674881020531223,0.22607959350128817,0.22471019042116186
866,0.9184960722923279,0.9160009622573853,0.2258593738079071,4.443300247192383,0.2261967167159357,0.22505090319292026,0.2236173123489018
867,0.9200586080551147,0.9179918169975281,0.22914062440395355,4.394822597503662,0.22971812539232983,0.22832938046240794,0.22745120456797152
868,0.921582043170929,0.9130361676216125,0.2265625,4.422495365142822,0.22764421158452555,0.22577443850976997,0.22469352912372653
869,0.9198632836341858,0.9225434064865112,0.22609375417232513,4.403010368347168,0.2271751211491618,0.22513337566927988,0.22417841495452973
870,0.9194140434265137,0.9178735613822937,0.22789062559604645,4.415960788726807,0.22826263368143726,0.2271024702832461,0.22595943804177576
871,0.9196484088897705,0.9131565093994141,0.22484375536441803,4.437016010284424,0.2257177569427215,0.22411309197561236,0.22331683346727396
872,0.9185156226158142,0.9195608496665955,0.22750000655651093,4.435764789581299,0.2279557391518262,0.2267064226381003,0.22554822265589586
873,0.9202343821525574,0.9152505993843079,0.22695311903953552,4.452833652496338,0.22672279691626823,0.22630403976456404,0.22496217104351257
874,0.91748046875,0.9216523766517639,0.22843749821186066,4.449771881103516,0.22865605141583242,0.22769228189446025,0.22647288599462861
875,0.919726550579071,0.9185133576393127,0.2297656238079071,4.44296932220459,0.2302395129654539,0.22860526006697415,0.22779470895398274
876,0.9202734231948853,0.9141124486923218,0.23328125476837158,4.445115089416504,0.23453675252587103,0.23251777957548841,0.2318873615320011
877,0.9217578172683716,0.9093978404998779,0.23250000178813934,4.44253396987915,0.23285145462418977,0.2315212418245117,0.23048254108776245
878,0.9191796779632568,0.9138520956039429,0.22695311903953552,4.4526286125183105,0.22716225121427494,0.2260593316246413,0.22501861481834123
879,0.9223242402076721,0.9073936343193054,0.22984375059604645,4.411653995513916,0.230639937397785,0.22881033799409983,0.22796369291193821
880,0.9204687476158142,0.9129398465156555,0.2271093726158142,4.450424671173096,0.2268218297092427,0.2263034391636436,0.22484978892613233
881,0.9200586080551147,0.9172664880752563,0.23015624284744263,4.416059970855713,0.23088314128793516,0.22956479783528472,0.22830115958118724
882,0.919921875,0.9161720275878906,0.232421875,4.419261932373047,0.23320249326388928,0.23161071188900986,0.23078672942779432
883,0.9192187786102295,0.9127979874610901,0.22632811963558197,4.445887565612793,0.22644801093013578,0.22546924952313138,0.22449423279614444
884,0.9205077886581421,0.9144924879074097,0.2253125011920929,4.454748630523682,0.22660952250132313,0.22467826058242762,0.22394702518342002
885,0.9204687476158142,0.911719799041748,0.2322656214237213,4.426362991333008,0.23286088371302954,0.23169243351567062,0.23051479625526192
886,0.922167956829071,0.9064740538597107,0.2232031226158142,4.423741340637207,0.2242131466826165,0.22225071698296045,0.22137727479051938
887,0.9226953387260437,0.9076665639877319,0.22765624523162842,4.436372756958008,0.22845754010601876,0.22685942246524315,0.2259877588529805
888,0.9208008050918579,0.911430835723877,0.2297656238079071,4.432918548583984,0.23014154221518002,0.22901535126481176,0.22799677339104568
889,0.9208593964576721,0.9108079671859741,0.22429686784744263,4.433353900909424,0.22529176472753537,0.22363543987108198,0.22276819677405152
890,0.9222851395606995,0.9049698710441589,0.22648437321186066,4.436608791351318,0.22713401783935397,0.2260308757836612,0.22488249357216789
891,0.9224804639816284,0.9031972289085388,0.23085936903953552,4.41510534286499,0.23059820547393423,0.2300730854487526,0.22872697653098414
892,0.9225780963897705,0.9018328785896301,0.23109374940395355,4.415233135223389,0.23165886865674662,0.23014066087184254,0.22915501060521692
893,0.920117199420929,0.9125018119812012,0.22929687798023224,4.426807880401611,0.23054642479859178,0.228684604690646,0.22798728872226529
894,0.9198437333106995,0.9107613563537598,0.22562499344348907,4.435472011566162,0.2278604572202691,0.2252090858542785,0.22462695359351964
895,0.9187304973602295,0.9141455888748169,0.22773437201976776,4.417315483093262,0.2281884597261436,0.22692128033419,0.22571670020512308
896,0.9162304401397705,0.920603334903717,0.22507812082767487,4.426319599151611,0.22583542554774694,0.2246090494982329,0.22352079115693166
897,0.9197851419448853,0.912528932094574,0.23023436963558197,4.4028401374816895,0.23136538835574666,0.22952554449652157,0.22871568963420238
898,0.9173828363418579,0.9227778911590576,0.22757811844348907,4.423250198364258,0.22828372703238245,0.2268199483076904,0.22588436456788152
899,0.9200976490974426,0.9137520790100098,0.2267187535762787,4.427877426147461,0.2279847513306916,0.2261473357941889,0.22537838829265655
900,0.9188476800918579,0.9159746766090393,0.22742187976837158,4.446930885314941,0.2281313206274751,0.22668203806095932,0.22574907461429053
901,0.9203515648841858,0.9159562587738037,0.23015624284744263,4.413956642150879,0.23095481356827982,0.2296276470594582,0.22880981867615516
902,0.9197851419448853,0.9137681722640991,0.23289062082767487,4.409775733947754,0.23417791245530375,0.2321466062819338,0.23123309853803942
903,0.9205273389816284,0.9127113819122314,0.22648437321186066,4.425260543823242,0.22822627548555574,0.226003653067893,0.2251989308515638
904,0.9180273413658142,0.9178228974342346,0.22695311903953552,4.423741817474365,0.22818683578663257,0.22614467644026726,0.22534859240486427
905,0.9184179902076721,0.9191494584083557,0.22914062440395355,4.413564682006836,0.23017857763803568,0.2286355001094773,0.22746777254355385
906,0.9189648628234863,0.9164586067199707,0.22765624523162842,4.432770729064941,0.22988553925026647,0.22713341204171272,0.2265729043733522
907,0.9195898175239563,0.912555456161499,0.23015624284744263,4.4152607917785645,0.2315191882123394,0.22938729942799146,0.22856815942856495
908,0.9200976490974426,0.9151638746261597,0.23148436844348907,4.449634552001953,0.23249118516195594,0.23045207737360646,0.22966205359709918
909,0.9196093678474426,0.9161578416824341,0.22578124701976776,4.42765474319458,0.22738122205910824,0.22511760319806734,0.2245374884841817
910,0.9216992259025574,0.9074187278747559,0.23156249523162842,4.412616729736328,0.23255471914951267,0.23098145468922474,0.22997457641345104
911,0.9198632836341858,0.9129356145858765,0.23164062201976776,4.429512977600098,0.2324350121099754,0.23090137060438815,0.2299473887274463
912,0.9209374785423279,0.9090030193328857,0.22804687917232513,4.422403812408447,0.22907129387037817,0.22739072272077104,0.22633113985295128
913,0.9221484661102295,0.9059498310089111,0.22687500715255737,4.422857761383057,0.22772015734451007,0.22633618568213817,0.22516863214057709
914,0.920605480670929,0.9122734069824219,0.22914062440395355,4.430435657501221,0.23009979206464334,0.22838330741590146,0.22735761861523862
915,0.9201562404632568,0.9146336913108826,0.23109374940395355,4.432899475097656,0.23248568825144295,0.23025151699166968,0.22945803902472106
916,0.9211328029632568,0.9084588885307312,0.22898437082767487,4.4240217208862305,0.2298438390054413,0.2282058824405298,0.22724700302196
917,0.9209374785423279,0.9087146520614624,0.22937500476837158,4.427125453948975,0.2307332792120703,0.22866144495523544,0.22796774293552452
918,0.9215624928474426,0.9087221026420593,0.2331250011920929,4.411581993103027,0.23374689823414013,0.23252065417473333,0.23125196168076206
919,0.9226757884025574,0.9028152227401733,0.23476561903953552,4.390989780426025,0.2363587972453084,0.23431667360029051,0.23343037963426078
920,0.9212304949760437,0.9043924808502197,0.23351562023162842,4.427455902099609,0.2344251514840714,0.23285148608749473,0.23187349641970925
921,0.9205468893051147,0.9068081378936768,0.23218749463558197,4.438645839691162,0.23362947121792801,0.2314436595327662,0.2307826716115044
922,0.9202539324760437,0.9101104140281677,0.22351562976837158,4.429737091064453,0.22402199784387963,0.22279508410120197,0.22173569478381353
923,0.9242773652076721,0.8961273431777954,0.22546875476837158,4.449357986450195,0.22729116944406116,0.2248971645709095,0.22434898048604582
924,0.9201953411102295,0.9126203656196594,0.22953124344348907,4.425294399261475,0.23188774568210965,0.2289790476310418,0.2287283006694159
925,0.9212695360183716,0.9057872295379639,0.23015624284744263,4.414199352264404,0.23173320518088036,0.22936677439008984,0.2284371841407551
926,0.919628918170929,0.9061786532402039,0.2306250035762787,4.446890354156494,0.23142530864016048,0.2296624789782618,0.22855546496197124
927,0.9213476777076721,0.9049863219261169,0.23085936903953552,4.439802646636963,0.23147378170729388,0.22986652317454653,0.22886968913196623
928,0.9206836223602295,0.9064798951148987,0.2271093726158142,4.437625408172607,0.22819360506106975,0.22646289662904628,0.22556896879850166
929,0.9219531416893005,0.9039970636367798,0.2283593714237213,4.427136421203613,0.22821791084882048,0.22751226978607664,0.22624333443872363
930,0.9220898151397705,0.9062856435775757,0.23304687440395355,4.429092884063721,0.23344543437997628,0.23232963329729917,0.23104363981243997
931,0.9210546612739563,0.9098039865493774,0.23093749582767487,4.451913833618164,0.23152731569557497,0.2301010583123772,0.22913048835450506
932,0.9203320145606995,0.9080750346183777,0.2311718761920929,4.443610668182373,0.2312605153985312,0.23002311420406357,0.2289434271885734
933,0.9216210842132568,0.9067729115486145,0.22937500476837158,4.426835536956787,0.2295498431582965,0.2285702981602317,0.22750202045044288
934,0.9198828339576721,0.915364682674408,0.2278124988079071,4.428107738494873,0.22870215446496034,0.22715784998260283,0.226186441063071
935,0.9215234518051147,0.9069961309432983,0.23343749344348907,4.424600124359131,0.23393715770740425,0.23253624450205346,0.2314949308286417
936,0.9196093678474426,0.9111050367355347,0.2311718761920929,4.432782173156738,0.23177460789595578,0.23059698423851563,0.22949847490282066
937,0.9184374809265137,0.9112464189529419,0.22984375059604645,4.439963340759277,0.23079568491364108,0.22906689272972905,0.22822399152159933
938,0.9208202958106995,0.9082415699958801,0.22757811844348907,4.464007377624512,0.2273622821291279,0.22689582517281864,0.22535695828379088
939,0.9215234518051147,0.9061963558197021,0.22859375178813934,4.423674583435059,0.2281744656907021,0.22770627262206258,0.2261836735507884
940,0.9199609160423279,0.9104968309402466,0.22984375059604645,4.435260772705078,0.2299350614826084,0.22895617809565583,0.227714524185194
941,0.9212499856948853,0.9085459113121033,0.22617188096046448,4.427093029022217,0.22598979293599003,0.22547345785393658,0.2240431682918997
942,0.9241406321525574,0.9029595851898193,0.2303124964237213,4.427020072937012,0.23107266487690117,0.22945288011289727,0.22819819114361775
943,0.9196484088897705,0.9109805822372437,0.2356249988079071,4.421252250671387,0.23491429871292907,0.23473348943196787,0.232772292974685
944,0.921582043170929,0.9088876247406006,0.23468750715255737,4.442637920379639,0.2356686917988487,0.23415281104227753,0.23282031935798858
945,0.9230273365974426,0.9008392095565796,0.22968749701976776,4.436034202575684,0.22993761514233277,0.22910354621610562,0.22773814386417254
946,0.9217968583106995,0.9088175296783447,0.23304687440395355,4.438642978668213,0.2345084037907865,0.2322274216749457,0.231325580904978
947,0.9208593964576721,0.9097151756286621,0.22828124463558197,4.449598789215088,0.22895564696128023,0.2274931035498951,0.22648461241656204
948,0.9202539324760437,0.913357138633728,0.2258593738079071,4.453425884246826,0.22626185653797476,0.22510451150656463,0.2237707836779393
949,0.920703113079071,0.9080505967140198,0.2240625023841858,4.450721740722656,0.22438160214517502,0.22351550859683614,0.22229021449637087
950,0.921093761920929,0.9081301689147949,0.23148436844348907,4.454733371734619,0.23150141123791654,0.2306230820510417,0.2294126939070607
951,0.9218554496765137,0.9062578678131104,0.23078125715255737,4.444226264953613,0.23176902186162943,0.23013268551114496,0.22925466501400027
952,0.9192773699760437,0.9091839790344238,0.2364843785762787,4.420241355895996,0.23728290008824404,0.23585028242067305,0.2347688623575105
953,0.9224609136581421,0.900980532169342,0.23093749582767487,4.439478874206543,0.23200305403030105,0.2303108321891918,0.22928840966544017
954,0.9224804639816284,0.9034159779548645,0.23390625417232513,4.4411940574646,0.23421297041244712,0.23314537124805718,0.23185969817278013
955,0.9233008027076721,0.8989598155021667,0.23148436844348907,4.465946197509766,0.2327645376766064,0.23095652399885563,0.23004297201562118
956,0.9218554496765137,0.9030851721763611,0.22929687798023224,4.433427810668945,0.23096084055459948,0.22884353693718534,0.22822917871837312
957,0.9212109446525574,0.9043607115745544,0.23429687321186066,4.417618274688721,0.23623801290235114,0.23370182373708526,0.2331411270185277
958,0.9193359613418579,0.9121147394180298,0.23468750715255737,4.431186676025391,0.2364846253941189,0.2342042319318589,0.2335887142725069
959,0.9203711152076721,0.9100557565689087,0.23414061963558197,4.4396796226501465,0.23538999406263456,0.23354831868306491,0.23270846800352227
960,0.9189062714576721,0.9162581562995911,0.23140625655651093,4.444831371307373,0.2331857414362013,0.23100869582017694,0.23017049974428455
961,0.92041015625,0.9082322716712952,0.23234374821186066,4.455125331878662,0.2341969913337703,0.2319535084700841,0.23105602098304745
962,0.9198046922683716,0.9133644104003906,0.23085936903953552,4.458294868469238,0.2324339096365436,0.23039898561454508,0.22932093684422852
963,0.9215624928474426,0.9019568562507629,0.23335938155651093,4.42624568939209,0.23530801550065045,0.23304768927107222,0.23223315273728798
964,0.9227539300918579,0.8995232582092285,0.2283593714237213,4.452253341674805,0.22992027095747106,0.22782648900438596,0.22699675486250642
965,0.9232422113418579,0.8981096744537354,0.2310156226158142,4.405750274658203,0.23180051660764342,0.23062566843515236,0.22937767404849108
966,0.9202539324760437,0.9084203839302063,0.23398438096046448,4.412769794464111,0.23575447131558086,0.23359096329788662,0.2328369651897207
967,0.9201757907867432,0.9096361398696899,0.23476561903953552,4.4244794845581055,0.23657455023355572,0.23451020672732836,0.23371748554278954
968,0.9203125238418579,0.9076448678970337,0.23546874523162842,4.4077606201171875,0.23707380332835426,0.23498466801070625,0.23433753369615784
969,0.919726550579071,0.9104421734809875,0.22843749821186066,4.420370578765869,0.2297199859819845,0.2282316439986402,0.22727663958299016
970,0.9238085746765137,0.9010801911354065,0.23070313036441803,4.41042947769165,0.2318726218051095,0.2301655434368535,0.22928766516128937
971,0.9231836199760437,0.896737277507782,0.23054687678813934,4.419914722442627,0.23176384740123201,0.22985069266366037,0.2289540498593677
972,0.9192187786102295,0.9156275391578674,0.22734375298023224,4.439397811889648,0.22868048453919343,0.2267515297307321,0.22577360758418819
973,0.9203906059265137,0.9110880494117737,0.2290624976158142,4.4301066398620605,0.2302823571466051,0.22834056545784995,0.22754015673142708
974,0.9201953411102295,0.91002357006073,0.23156249523162842,4.4167327880859375,0.2338172870851649,0.23115556852534197,0.23037527316991246
975,0.9205663800239563,0.9096826314926147,0.22742187976837158,4.423654079437256,0.2287109835209274,0.22681495124864445,0.22576091029136308
976,0.9179297089576721,0.918871283531189,0.22695311903953552,4.42161226272583,0.2274233856578084,0.22659151278744066,0.22517433379460705
977,0.9233202934265137,0.9027308821678162,0.23335938155651093,4.415937423706055,0.23425773825013163,0.23279595686180213,0.23147560227683373
978,0.9232226610183716,0.9009916186332703,0.2311718761920929,4.429669380187988,0.23250642782865516,0.23084977996746361,0.2296840144068531
979,0.9213671684265137,0.9039522409439087,0.23375000059604645,4.401615619659424,0.23376345147974295,0.2331368297947067,0.2316547261848464
980,0.9227929711341858,0.9020819664001465,0.232421875,4.401564121246338,0.2330030577122726,0.2318089485146576,0.2307762456531545
981,0.9203515648841858,0.908419668674469,0.23015624284744263,4.419755458831787,0.23145513304673226,0.22969676737879385,0.22886241872137236
982,0.9232031106948853,0.9005841016769409,0.23609374463558197,4.390067100524902,0.23653642753882634,0.23571174483094992,0.23451101564110907
983,0.9245312213897705,0.8953548669815063,0.23960937559604645,4.397913455963135,0.24115646977849742,0.23935658544754468,0.23839264390778583
984,0.9235156178474426,0.8988085985183716,0.23234374821186066,4.390006065368652,0.233921235712924,0.2318831163764123,0.23095217912893412
985,0.9223242402076721,0.8976523876190186,0.23234374821186066,4.4128642082214355,0.23314085416189084,0.23194383622726472,0.2308687207321698
986,0.9208008050918579,0.9072090983390808,0.22890624403953552,4.413827896118164,0.22969035118529438,0.228576082889018,0.22733377432275859
987,0.9198242425918579,0.912516713142395,0.23460938036441803,4.424218654632568,0.2351945137611522,0.23407463084373042,0.23289220979749126
988,0.9185546636581421,0.9116815328598022,0.23406249284744263,4.437386989593506,0.23543405826188052,0.2336234401514783,0.23268123526757012
989,0.9209179878234863,0.9085060358047485,0.23093749582767487,4.441864013671875,0.2315007120317777,0.23016261660217874,0.22925609921971923
990,0.9207422137260437,0.909108579158783,0.22882813215255737,4.428195953369141,0.2304678301451581,0.22806436412157144,0.22743210196719138
991,0.9224023222923279,0.8988439440727234,0.2357812523841858,4.412478446960449,0.23648783658568634,0.2351406186647319,0.2339882515523112
992,0.9218945503234863,0.9039222598075867,0.23007813096046448,4.39305305480957,0.23114265558430727,0.22936402229447117,0.2283406742580366
993,0.9214062690734863,0.9074413180351257,0.23281249403953552,4.420962810516357,0.23318500907238898,0.23212018735239257,0.23097945260160221
994,0.9212109446525574,0.9077443480491638,0.23304687440395355,4.403913497924805,0.23473366035339188,0.2324376461385673,0.23175640530428124
995,0.9232422113418579,0.9002273678779602,0.23250000178813934,4.404150485992432,0.2340358857216328,0.23199224354589648,0.23082139706671795
996,0.923144519329071,0.9012276530265808,0.2375781238079071,4.391219615936279,0.23965537289717742,0.23697880416932315,0.23607531966921255
997,0.9227539300918579,0.900102436542511,0.2331250011920929,4.4184651374816895,0.23423949541377148,0.2326372676387352,0.2316034819941615
998,0.9233788847923279,0.9021782875061035,0.23109374940395355,4.442437648773193,0.23147191418927643,0.23061404810714337,0.2291412686635732
999,0.9215429425239563,0.904578447341919,0.2377343773841858,4.437265396118164,0.23845552946696189,0.2373141021832949,0.2359700057918755
