epoch,accuracy,loss,val_accuracy,val_loss,val_precision,val_recall,val_f1
0,0.0039648436941206455,11.138161659240723,0.004609374795109034,10.589210510253906,0.005581647509086582,0.004596388795206565,0.0042578192528773
1,0.006152343936264515,10.732741355895996,0.005625000223517418,10.339303970336914,0.006093949567480988,0.005599218616993161,0.00556266224918194
2,0.008183593861758709,10.407661437988281,0.0052343751303851604,10.123828887939453,0.005309894294998192,0.005189473083405071,0.005027558482697668
3,0.010429687798023224,10.102011680603027,0.005546874832361937,9.919731140136719,0.00570542403757993,0.005446620267596174,0.005390960968119781
4,0.013007812201976776,9.824089050292969,0.005937499925494194,9.720258712768555,0.005972443725008348,0.0058039233321321,0.005654291339800354
5,0.015937499701976776,9.54580307006836,0.006015624850988388,9.525269508361816,0.00604204191567533,0.005871125597281824,0.005712967324790897
6,0.019687499850988388,9.280266761779785,0.006953124888241291,9.338347434997559,0.006888467277794531,0.0068331985996910195,0.0066108059458352495
7,0.025234375149011612,9.02502155303955,0.007890624925494194,9.151571273803711,0.007852768547326035,0.007750301714538403,0.0074994789972704905
8,0.03023437410593033,8.773050308227539,0.00820312462747097,8.962433815002441,0.007771271685097222,0.00805703381837412,0.007652227178525568
9,0.036601562052965164,8.52026081085205,0.011484375223517418,8.763635635375977,0.01140300626228154,0.011247246968323056,0.010775242443881285
10,0.04525390639901161,8.253081321716309,0.01210937462747097,8.562424659729004,0.011238639096510794,0.011865609119913093,0.01105337479396277
11,0.054707031697034836,8.006772994995117,0.012421875260770321,8.359622955322266,0.012101069487663577,0.012182198316124115,0.011485386442205906
12,0.06380859017372131,7.7612128257751465,0.014140624552965164,8.164604187011719,0.013679246466914912,0.013831690884848025,0.013124482243974658
13,0.07500000298023224,7.529352188110352,0.015312500298023224,7.9800801277160645,0.015219314159817388,0.01496315956320719,0.014483262740499322
14,0.08431640267372131,7.311295032501221,0.019296875223517418,7.803172588348389,0.01808555662602751,0.01888017140533499,0.017779458841625975
15,0.09486328065395355,7.099348068237305,0.02070312574505806,7.63409423828125,0.02007384553188964,0.020254315936012818,0.019390154159021813
16,0.10808593779802322,6.894736289978027,0.02437499910593033,7.471256732940674,0.023887611083799155,0.02400163843612218,0.022985252880991878
17,0.12125000357627869,6.690096855163574,0.02656250074505806,7.308969497680664,0.027409706280459877,0.026167095174803777,0.025567474093476508
18,0.1365039050579071,6.4915924072265625,0.027421874925494194,7.152070999145508,0.027692443794088542,0.026944604006612072,0.02609996962471433
19,0.1490820348262787,6.29819393157959,0.031562499701976776,6.997757434844971,0.03142611099837603,0.030997512511261753,0.02987609353645514
20,0.16480468213558197,6.112525463104248,0.03515625,6.845433235168457,0.0350162993880305,0.034594278092703545,0.03332864964202653
21,0.1828320324420929,5.923079967498779,0.038750000298023224,6.698980808258057,0.03786329471590999,0.038075544173950815,0.03653803132779283
22,0.19884765148162842,5.745614528656006,0.04468749836087227,6.552725315093994,0.043808004439884175,0.04383918210049005,0.04234049001756532
23,0.21976561844348907,5.563228130340576,0.050078123807907104,6.412997245788574,0.05124702327626547,0.04942651359734637,0.048401587528921486
24,0.23933593928813934,5.387427806854248,0.05601562559604645,6.271444797515869,0.05589087940299037,0.05505145008367654,0.05376547664266354
25,0.2574218809604645,5.218235015869141,0.06398437172174454,6.136838912963867,0.06334544633872295,0.06313927131878928,0.06131941773821295
26,0.27666014432907104,5.057354927062988,0.07078125327825546,6.004499435424805,0.07177404758203687,0.06984014035083447,0.06861775534355244
27,0.29521483182907104,4.894951820373535,0.07632812857627869,5.86868143081665,0.0760804903295138,0.07539730757155069,0.07384572522463102
28,0.3204882740974426,4.724758148193359,0.09085937589406967,5.7388224601745605,0.09004811323825362,0.08962440725328993,0.08779105585467833
29,0.3433789014816284,4.574952602386475,0.095703125,5.614556312561035,0.09452632956614698,0.09457377973613068,0.09253896367266382
30,0.3595312535762787,4.431095123291016,0.10523437708616257,5.487476348876953,0.10582659962777297,0.10409010017876263,0.10266782772559913
31,0.3815039098262787,4.278486728668213,0.11937499791383743,5.372952938079834,0.11895894960805364,0.11813530715822235,0.11663770548088728
32,0.4010351598262787,4.141818046569824,0.12343750149011612,5.2599196434021,0.12178180267549636,0.12190904974880043,0.11995547238391126
33,0.4169335961341858,4.014893054962158,0.1322656273841858,5.14691162109375,0.13175900563165782,0.13102192915555916,0.12919184268773903
34,0.43833982944488525,3.879547357559204,0.14039061963558197,5.043804168701172,0.14040495622111937,0.1392402451989883,0.1379245833580139
35,0.45878905057907104,3.7551848888397217,0.15085937082767487,4.942195892333984,0.15111619558856546,0.1494832709737714,0.14806318184635814
36,0.47621095180511475,3.6343445777893066,0.16039063036441803,4.846977233886719,0.1602640216350468,0.15891976032890306,0.15746286650032942
37,0.4900781214237213,3.5283079147338867,0.16882812976837158,4.756752014160156,0.16900742618289857,0.16778438934683304,0.1663134025325082
38,0.5060937404632568,3.4229047298431396,0.17671875655651093,4.680287837982178,0.17629129148214134,0.1753344352852727,0.1736468034986654
39,0.5284570455551147,3.3087661266326904,0.1850000023841858,4.59152364730835,0.18553725543474897,0.18375916580079227,0.1824197931680709
40,0.5408398509025574,3.218512535095215,0.19593749940395355,4.506154537200928,0.19662413808198032,0.19468660075098065,0.1932128508603374
41,0.5561718940734863,3.119326591491699,0.19859375059604645,4.434471607208252,0.20031889979228298,0.19752445531371846,0.1967216386165927
42,0.5709375143051147,3.036264419555664,0.2068749964237213,4.365167617797852,0.2072169753109702,0.2057267459202589,0.2042421936216987
43,0.5808984637260437,2.9580233097076416,0.21406249701976776,4.296515464782715,0.21422582424879913,0.212919950960494,0.2114622409322268
44,0.5980273485183716,2.869319438934326,0.22148437798023224,4.228716850280762,0.22088436306558462,0.22019086627739187,0.21834169253434688
45,0.6092382669448853,2.7983570098876953,0.23164062201976776,4.16152811050415,0.23221378965557227,0.23045252362056995,0.22898739885457503
46,0.6212499737739563,2.722520112991333,0.23359374701976776,4.100577354431152,0.2323267987851142,0.23214129139067077,0.2302315364959248
47,0.6308007836341858,2.6552648544311523,0.24281249940395355,4.047916412353516,0.24290667845460234,0.2413661033639536,0.23984072210342056
48,0.6480273604393005,2.5783743858337402,0.24843749403953552,3.993978500366211,0.24881799006108427,0.24720889523220554,0.2459060046808452
49,0.6546484231948853,2.519697666168213,0.251953125,3.9489593505859375,0.2527494453484251,0.2509171232407723,0.24954020671245736
50,0.6653906106948853,2.4634628295898438,0.25632813572883606,3.897928476333618,0.25666675966511643,0.2555128482708805,0.25392750587696056
51,0.6739062666893005,2.403224229812622,0.2640624940395355,3.850200891494751,0.26545243826010256,0.263191767654038,0.2620038425643618
52,0.6871093511581421,2.342005968093872,0.2682812511920929,3.802849054336548,0.2685740699815504,0.26740244444604844,0.2659991053610907
53,0.6931836009025574,2.2917563915252686,0.27687498927116394,3.7473480701446533,0.2779753332490781,0.27587550241042935,0.2747079823580215
54,0.7014257907867432,2.2413573265075684,0.2760937511920929,3.7192201614379883,0.27701338939518216,0.2750452067443533,0.27371393442764114
55,0.7070116996765137,2.2011187076568604,0.28539061546325684,3.669482707977295,0.28554655891806224,0.2843660539149699,0.2825298491635272
56,0.7155468463897705,2.1500139236450195,0.2844531238079071,3.626347541809082,0.28434232781323665,0.28334286044694734,0.2816430907638506
57,0.7241796851158142,2.1055381298065186,0.29585936665534973,3.585967779159546,0.2968380014202601,0.29502895411596913,0.29378310779316097
58,0.7304297089576721,2.064457654953003,0.2954687476158142,3.5542914867401123,0.29630749352395414,0.2946255327086644,0.2931112459622899
59,0.7370507717132568,2.0184175968170166,0.3020312488079071,3.523825168609619,0.30278426774132183,0.3011796161720791,0.2994784089206518
60,0.7404491901397705,1.9890888929367065,0.30640625953674316,3.4861860275268555,0.30650878359480677,0.3053183904797663,0.30376762267227275
61,0.7521288990974426,1.943202257156372,0.31171876192092896,3.452890396118164,0.31293400662707116,0.31052638068752875,0.30936636723382355
62,0.7537890672683716,1.9148019552230835,0.31351563334465027,3.416785955429077,0.3138929598325433,0.3126336326065065,0.3110439662478952
63,0.7604296803474426,1.8800069093704224,0.3186718821525574,3.396681785583496,0.3184220591163825,0.3174297510611964,0.3156900435010407
64,0.7633593678474426,1.8520479202270508,0.31703126430511475,3.366598606109619,0.318690820635397,0.31588999206495416,0.31474363474281614
65,0.7713476419448853,1.8166624307632446,0.3284375071525574,3.327371835708618,0.32945286808689744,0.3275049826934192,0.32586336003267546
66,0.77294921875,1.791589617729187,0.3313281238079071,3.3017141819000244,0.33217901291116486,0.3301753385799955,0.3289580987585389
67,0.7800586223602295,1.7598669528961182,0.3357812464237213,3.276521921157837,0.33641364038638893,0.3347433886051463,0.33319367035652875
68,0.7756640911102295,1.742926001548767,0.3338281214237213,3.2589075565338135,0.33491162955651865,0.3328439329370312,0.33129436140796537
69,0.7904297113418579,1.7016183137893677,0.34031251072883606,3.2236526012420654,0.34220133673838243,0.3395774838313861,0.33842331542603943
70,0.792675793170929,1.6774488687515259,0.33781251311302185,3.208606243133545,0.33979579324266884,0.3370226353040021,0.33588103687768334
71,0.7934960722923279,1.6579536199569702,0.3435937464237213,3.18894624710083,0.34497229171417565,0.3429504094201875,0.34126133477496856
72,0.7974414229393005,1.6373002529144287,0.34671875834465027,3.1694629192352295,0.34695251932068366,0.345735426908448,0.3438627893476385
73,0.7994140386581421,1.615941047668457,0.34468749165534973,3.1486470699310303,0.3461011943165508,0.3437880000622217,0.3423419636239744
74,0.8055468797683716,1.591725468635559,0.35695311427116394,3.104060649871826,0.358998164426143,0.3562757730775763,0.3551299643347444
75,0.8071484565734863,1.5726336240768433,0.35203126072883606,3.0992541313171387,0.3532472193945754,0.3514015763452888,0.34996712166486443
76,0.8136132955551147,1.5414245128631592,0.35718750953674316,3.071988821029663,0.3574924633341324,0.35643030550962673,0.3546932188958831
77,0.8120703101158142,1.535630702972412,0.36585938930511475,3.0586559772491455,0.36633719978130624,0.36506839014366615,0.3633148376493468
78,0.8151757717132568,1.5135418176651,0.3656249940395355,3.0274503231048584,0.36766258502770743,0.36506267394899905,0.3634942013729564
79,0.8166210651397705,1.4991003274917603,0.36515626311302185,3.0235097408294678,0.3675162996455605,0.3645741599535492,0.3635144319776271
80,0.81689453125,1.488940715789795,0.3667968809604645,2.9963483810424805,0.36814361019432235,0.3660380909051449,0.36465348706004164
81,0.824511706829071,1.4565167427062988,0.3748437464237213,2.9935379028320312,0.3771305023991589,0.37387601944828125,0.37265030532309423
82,0.825390636920929,1.4391822814941406,0.37367188930511475,2.956181287765503,0.3752545580166439,0.3725199529208295,0.3711876748076187
83,0.8246874809265137,1.433539628982544,0.3771093785762787,2.936225652694702,0.3776876427124647,0.3761230802581649,0.37438543112522726
84,0.8291406035423279,1.4160182476043701,0.3773437440395355,2.925166606903076,0.3787512493879025,0.37626920458313673,0.37484094566981124
85,0.8309375047683716,1.3964948654174805,0.38257813453674316,2.9029979705810547,0.3837281341072158,0.38131842723896636,0.37994327172790543
86,0.8288476467132568,1.3895697593688965,0.38304686546325684,2.906564712524414,0.38354835102346346,0.38192556477696515,0.38005737641223347
87,0.83251953125,1.376906156539917,0.3854687511920929,2.8870327472686768,0.3879781684081415,0.38492340813724135,0.3838523737492868
88,0.8377538919448853,1.356423020362854,0.38429686427116394,2.878725290298462,0.38516733143454684,0.38305625663496257,0.38169704253736597
89,0.8391406536102295,1.3440243005752563,0.3874218761920929,2.856644868850708,0.38845631783962087,0.3862438485326661,0.38448013560709293
90,0.8426172137260437,1.3280562162399292,0.39156249165534973,2.840719699859619,0.39351454265629066,0.3904303155047405,0.3887762439937251
91,0.843945324420929,1.3166532516479492,0.38843750953674316,2.8368024826049805,0.390766067286091,0.38759278836553934,0.38657284515125057
92,0.8436132669448853,1.3102188110351562,0.39453125,2.8140509128570557,0.3961760096258895,0.3934526435525401,0.39194902625747524
93,0.8437109589576721,1.2996751070022583,0.3978906273841858,2.8002707958221436,0.39994542716647397,0.3970418744236379,0.3957543682765664
94,0.8448632955551147,1.297795295715332,0.39835938811302185,2.7961699962615967,0.4003809829745004,0.39764267010353654,0.3962875578702082
95,0.8479297161102295,1.2795498371124268,0.4021874964237213,2.788323163986206,0.40399388629721117,0.4014321400122859,0.4000432724841538
96,0.845507800579071,1.2770533561706543,0.40132811665534973,2.7713754177093506,0.4031970694539609,0.4001843085052695,0.39906719575232424
97,0.8486914038658142,1.2564793825149536,0.40562498569488525,2.7576653957366943,0.4070890012410916,0.40520294597280576,0.40346894867806676
98,0.8515625,1.2504932880401611,0.40046873688697815,2.7566232681274414,0.4023579966579252,0.39964682692791537,0.3983882332960401
99,0.8522070050239563,1.2412316799163818,0.408203125,2.7390334606170654,0.4088472358868741,0.40763961026594364,0.40557681975763205
100,0.8486718535423279,1.2444065809249878,0.4103125035762787,2.725529432296753,0.4116407183813274,0.4096026692802989,0.4077412525765986
101,0.8543750047683716,1.2223701477050781,0.4108593761920929,2.7121741771698,0.4129699283036081,0.40993113748098364,0.40846607479282726
102,0.8527929782867432,1.220812201499939,0.4143750071525574,2.706461191177368,0.41570150891119884,0.41362420178687964,0.4119591495789352
103,0.8577539324760437,1.204708218574524,0.4117187559604645,2.7195329666137695,0.41249402814529657,0.41053682822253934,0.40900875337446463
104,0.860156238079071,1.1947458982467651,0.4128125011920929,2.6812446117401123,0.41511886827525457,0.41171190280201186,0.4106004429789062
105,0.8612109422683716,1.184029221534729,0.4124218821525574,2.6729907989501953,0.41262155550575397,0.4119075909523522,0.40995965755347413
106,0.8570507764816284,1.1872434616088867,0.41429686546325684,2.6631734371185303,0.4158390518349305,0.4132360249864929,0.41147684326269707
107,0.860058605670929,1.1758791208267212,0.4174218773841858,2.668344020843506,0.41899915051819625,0.416601268805743,0.4146680301163072
108,0.8626367449760437,1.1655725240707397,0.41664063930511475,2.6476361751556396,0.4185968763176653,0.4158520100259021,0.41440357327624766
109,0.8612109422683716,1.166391372680664,0.4156250059604645,2.6474509239196777,0.4167861416854052,0.41451274017044487,0.4129442130513006
110,0.865234375,1.1507902145385742,0.4181250035762787,2.6429474353790283,0.4203515432154256,0.41723291318069045,0.4155012738213316
111,0.8641992211341858,1.148848295211792,0.4274218678474426,2.616889238357544,0.4292282823760541,0.42641881928770364,0.4250427467171879
112,0.8630468845367432,1.143957257270813,0.4245312511920929,2.619807243347168,0.42741492745884596,0.42351048700559796,0.42240318209198013
113,0.8621875047683716,1.1469759941101074,0.4275781214237213,2.624091386795044,0.4287350252451576,0.426494573652215,0.4248465058135161
114,0.8655664324760437,1.1313056945800781,0.42710936069488525,2.6044352054595947,0.4293714346786384,0.4260144011617205,0.42494407532917866
115,0.8670117259025574,1.1226165294647217,0.4298437535762787,2.5952465534210205,0.4325399959088889,0.4291359004226259,0.4277214000019633
116,0.8654687404632568,1.1241782903671265,0.43226563930511475,2.5899436473846436,0.4349797593792039,0.4316362755289338,0.4304934089237814
117,0.8677734136581421,1.1118751764297485,0.43382811546325684,2.5691237449645996,0.436379214245617,0.43285923958634825,0.4318366198446765
118,0.8692773580551147,1.107144832611084,0.43796876072883606,2.5616049766540527,0.44042980115549024,0.43735707366095444,0.43615552311081984
119,0.8682422041893005,1.0999417304992676,0.43265625834465027,2.5696539878845215,0.4342397269813262,0.431962043974217,0.43061493921808625
120,0.8716015815734863,1.092921257019043,0.4344531297683716,2.552891731262207,0.436586635522713,0.43367369060725813,0.4323446777509439
121,0.874316394329071,1.0785536766052246,0.4410156309604645,2.5544495582580566,0.44384477407918044,0.44013729862447826,0.4391774401302319
122,0.8737109303474426,1.0788884162902832,0.44203126430511475,2.5402166843414307,0.44369447315554056,0.4411572769023976,0.439716343734313
123,0.8712695240974426,1.0805046558380127,0.44117188453674316,2.5323216915130615,0.443345106000289,0.44022662950577773,0.4388154013364164
124,0.8720312714576721,1.0750296115875244,0.44312500953674316,2.5290753841400146,0.44468318387885264,0.4421701727986097,0.4409191258842223
125,0.8731445074081421,1.0667616128921509,0.44414061307907104,2.514082670211792,0.44643762830244293,0.4431545138018296,0.44190467552241514
126,0.8745898604393005,1.0640645027160645,0.4481250047683716,2.4932122230529785,0.4514234903874622,0.4473110500080377,0.44633911029580814
127,0.876171886920929,1.0571743249893188,0.4439062476158142,2.5144028663635254,0.4451881493578924,0.44285080225679646,0.44163739626705717
128,0.8750390410423279,1.05482816696167,0.45140624046325684,2.4998977184295654,0.45294827174095853,0.4505692082882289,0.4489452422227544
129,0.8754687309265137,1.0509591102600098,0.44968751072883606,2.4919097423553467,0.45156646684015755,0.4490549154619512,0.4477154670366083
130,0.875781238079071,1.0460047721862793,0.4514843821525574,2.4850716590881348,0.45341352451122174,0.450682834884072,0.4493437163419383
131,0.8773632645606995,1.0413249731063843,0.4532812535762787,2.4721906185150146,0.4559062406740103,0.4522659865900022,0.4510320926557976
132,0.8782031536102295,1.038499116897583,0.4525781273841858,2.469111442565918,0.45504633414232865,0.4516953521824386,0.4504501950585238
133,0.878710925579071,1.0322860479354858,0.4575781226158142,2.4504287242889404,0.4593340060303909,0.4565628571937503,0.4553480390344927
134,0.8786718845367432,1.0345735549926758,0.4553906321525574,2.463728904724121,0.45683714547900267,0.4546536364665098,0.4524215931220005
135,0.876953125,1.0303488969802856,0.45640623569488525,2.4615304470062256,0.45727102536510233,0.45521174840406275,0.45401385606411465
136,0.881542980670929,1.0184051990509033,0.45429688692092896,2.454003095626831,0.456869181103848,0.4532742590947314,0.4523736025588062
137,0.8793163895606995,1.020445704460144,0.46210938692092896,2.4243807792663574,0.4648184503801227,0.4610395454948281,0.4599715147630331
138,0.8796484470367432,1.016330599784851,0.4625000059604645,2.436491012573242,0.4654018585827589,0.46152636523754254,0.4604190196224335
139,0.8795703053474426,1.011765718460083,0.45820313692092896,2.433135747909546,0.4604327346083577,0.4574901531030793,0.4566807735931196
140,0.881152331829071,1.010723352432251,0.46210938692092896,2.436880111694336,0.465095215774774,0.4612376123155688,0.46032128631916297
141,0.8803320527076721,1.010101079940796,0.4591406285762787,2.422414779663086,0.4616905855004357,0.458321200077627,0.4573746754557444
142,0.8838086128234863,1.0004241466522217,0.4698437452316284,2.414118528366089,0.47287365646023055,0.4691338403900165,0.4683870971416191
143,0.8838281035423279,0.9983749985694885,0.46601563692092896,2.4049794673919678,0.4680138731812129,0.46505158674902414,0.4634982254821431
144,0.8819531202316284,0.9973642230033875,0.4710156321525574,2.4026832580566406,0.47438089014573515,0.4703067407021389,0.46956653025061007
145,0.8844140768051147,0.9914417266845703,0.4664843678474426,2.4058220386505127,0.46865962947305506,0.46588856247719657,0.46478479794735017
146,0.8816015720367432,0.9930950999259949,0.4676562547683716,2.390511989593506,0.4701591638041015,0.4669108251814672,0.465748049974564
147,0.8847851753234863,0.9866145253181458,0.46507811546325684,2.408661365509033,0.4676968044781157,0.4639956617966463,0.46285601687708733
148,0.8825976848602295,0.9887147545814514,0.4592968821525574,2.4067068099975586,0.4613088965643818,0.45802074031040846,0.4568040278967973
149,0.8854882717132568,0.9815480709075928,0.4637500047683716,2.3929598331451416,0.46579894791604876,0.4625781887816985,0.46099042628845377
150,0.8871874809265137,0.9717363715171814,0.47484374046325684,2.362238883972168,0.4765636468702663,0.4738647172070005,0.47280331211298005
151,0.8884179592132568,0.970511257648468,0.46867188811302185,2.3781685829162598,0.4720491245533121,0.4677246418334152,0.46670506059068523
152,0.8890820145606995,0.9635112881660461,0.46937501430511475,2.3769993782043457,0.47275291853538515,0.4681026637875899,0.46722751522524725
153,0.8902734518051147,0.9598345756530762,0.47289061546325684,2.3684563636779785,0.4738595939324195,0.4715479813606305,0.47013975011040077
154,0.887499988079071,0.9597160220146179,0.47078123688697815,2.38240385055542,0.47243103629195893,0.4697621899804746,0.46845746523779963
155,0.887499988079071,0.9614813923835754,0.4758593738079071,2.3582510948181152,0.4785301349676223,0.47495915479659423,0.4736857299879931
156,0.8850781321525574,0.972188413143158,0.4786718785762787,2.346186876296997,0.4801464417391155,0.47774802781158404,0.4760053467236398
157,0.8868163824081421,0.9607247114181519,0.47507813572883606,2.347515821456909,0.47806803205616666,0.4741034224227104,0.47283933920401533
158,0.8886328339576721,0.9551379680633545,0.4765625,2.3523058891296387,0.4794633570256764,0.47573388843333886,0.47471013339924184
159,0.8899219036102295,0.9507445693016052,0.48484376072883606,2.331772565841675,0.48708984596181637,0.48375088333480865,0.4823975443368541
160,0.8884570598602295,0.9548022747039795,0.4788281321525574,2.3391082286834717,0.48153885906996435,0.4780920559434593,0.47705586261976857
161,0.8907812237739563,0.9438241720199585,0.48179686069488525,2.3260297775268555,0.48521201031047934,0.4808662236615986,0.4800542875823923
162,0.8887890577316284,0.9525686502456665,0.4710156321525574,2.35011887550354,0.47378515193047754,0.47022211607155373,0.4694410990303836
163,0.8903710842132568,0.9431297183036804,0.4799218773841858,2.3231170177459717,0.48280348340286744,0.478825098443444,0.4777904146365739
164,0.8918554782867432,0.9394205212593079,0.4875781238079071,2.3160810470581055,0.4906879520842475,0.48676480862568716,0.4856814692195991
165,0.8900195360183716,0.9408211708068848,0.4810156226158142,2.3282995223999023,0.4849375939556742,0.48035420536549245,0.47920617873422755
166,0.8877929449081421,0.9434934854507446,0.48781248927116394,2.314232587814331,0.4914108322625694,0.4866836707484197,0.48557982582360026
167,0.8897460699081421,0.9373264312744141,0.48656249046325684,2.318121910095215,0.4887498938009657,0.4853296894022483,0.48440278826281147
168,0.8901953101158142,0.9397983551025391,0.4859375059604645,2.295214891433716,0.4876063947018659,0.48520663851349755,0.4838870409428674
169,0.8910156488418579,0.9349736571311951,0.4914843738079071,2.3074700832366943,0.4936871772061133,0.4904291107334573,0.4894779793138831
170,0.8914453387260437,0.9323274493217468,0.48124998807907104,2.32102108001709,0.483770230613016,0.4803559217603155,0.479258537100966
171,0.8908007740974426,0.9297634959220886,0.4861718714237213,2.300767183303833,0.48760692915434634,0.48536114263179186,0.48363645368429375
172,0.8922265768051147,0.9300400018692017,0.4820312559604645,2.3189496994018555,0.4844507016536553,0.48116633405457576,0.4799214684688363
173,0.8918554782867432,0.9291518330574036,0.4905468821525574,2.292170524597168,0.4927318407649476,0.4901873107715006,0.48866627260000217
174,0.8921679854393005,0.9236153364181519,0.49226561188697815,2.297668695449829,0.494233009907194,0.4912973632767784,0.4896736841471883
175,0.892285168170929,0.9263021349906921,0.48820313811302185,2.306208848953247,0.49072459123998524,0.48722916826454926,0.4861879094287812
176,0.8940234184265137,0.9246771335601807,0.49335938692092896,2.2847511768341064,0.49562359826139835,0.4925148259808144,0.49128678608946963
177,0.8962500095367432,0.91563880443573,0.4884375035762787,2.3003921508789062,0.49154476052109813,0.4875566878730587,0.4863992072091764
178,0.8955664038658142,0.9145520925521851,0.4914843738079071,2.2926676273345947,0.4935638413574478,0.49070665932333407,0.48957572968314184
179,0.8950390815734863,0.916201651096344,0.4907812476158142,2.2823352813720703,0.493730570665996,0.49018808717893325,0.4892565706741079
180,0.8973242044448853,0.9053295850753784,0.49726563692092896,2.2791268825531006,0.5007193443866534,0.49668495950130254,0.4958211769805022
181,0.8965820074081421,0.9108774065971375,0.5014843940734863,2.2833364009857178,0.5039642364914549,0.5005518937647988,0.49938707936429855
182,0.8929296731948853,0.9163053631782532,0.4987500011920929,2.267241954803467,0.5017846188447629,0.49816325828659924,0.4970078731405515
183,0.894238293170929,0.9123852252960205,0.501171886920929,2.26921010017395,0.5045110739701644,0.5004389160549738,0.4996408559040155
184,0.8931835889816284,0.9143847823143005,0.5005468726158142,2.2650372982025146,0.5044369601906997,0.49996952641057535,0.49917231927801936
185,0.8955859541893005,0.9028699994087219,0.5063281059265137,2.2444701194763184,0.5092406948436206,0.5058156820744841,0.5045467727193791
186,0.8958398699760437,0.9031915068626404,0.5036718845367432,2.2541017532348633,0.5069994448993518,0.5027161331829026,0.5014116545209628
187,0.8962500095367432,0.9042898416519165,0.4991406202316284,2.259413242340088,0.5015235410731196,0.49825152985042964,0.4973182608914651
188,0.8995702862739563,0.8940441608428955,0.5108593702316284,2.238787889480591,0.5131955970520528,0.5097628803215011,0.5085564050602829
189,0.8975195288658142,0.896487832069397,0.5074218511581421,2.241199493408203,0.5103498222188607,0.5065597895314444,0.5056691105228016
190,0.8992773294448853,0.8902080655097961,0.4994531273841858,2.246537685394287,0.5031287234666522,0.49860776614586005,0.4973771504691427
191,0.8982812762260437,0.894707441329956,0.50390625,2.238010883331299,0.5071427686283942,0.5028289892698975,0.5017837422507867
192,0.8981054425239563,0.8914690613746643,0.5020312666893005,2.2345266342163086,0.5054726165465921,0.5013053075777161,0.5001206423539326
193,0.8978124856948853,0.8916678428649902,0.5028906464576721,2.23823618888855,0.5052691715778308,0.5025982816049474,0.5012807809393198
194,0.8973242044448853,0.8952104449272156,0.5048437714576721,2.235121250152588,0.5078398889530075,0.5039029591360338,0.5027605059629237
195,0.8985742330551147,0.8935462236404419,0.49687498807907104,2.2386934757232666,0.4996702988902552,0.49618248099108697,0.49525952338978074
196,0.8997265696525574,0.8892802596092224,0.5091406106948853,2.2346930503845215,0.5126059767946216,0.5081905988787604,0.5071085955568321
197,0.9012890458106995,0.8827405571937561,0.5016406178474426,2.2255518436431885,0.5046191339632,0.5008620402573812,0.5000229935362651
198,0.89990234375,0.8863530158996582,0.5053906440734863,2.234182357788086,0.5099307541309623,0.5047020900319552,0.5041586552513535
199,0.8989453315734863,0.8842835426330566,0.5057812333106995,2.235826015472412,0.5086914147687003,0.505000159648458,0.5038632640967943
200,0.8999413847923279,0.8848311901092529,0.5053906440734863,2.224940538406372,0.5078527274582403,0.5047754799424768,0.5033779309964608
201,0.9009960889816284,0.8802453875541687,0.5078125,2.2173235416412354,0.5113497396265378,0.5066659921988135,0.5057679380455218
202,0.900585949420929,0.8807262182235718,0.5043749809265137,2.2303545475006104,0.5067687521680939,0.5033402148178515,0.5024374082797735
203,0.9012500047683716,0.876362144947052,0.5123437643051147,2.209745168685913,0.5145402889997045,0.5115027159929524,0.5106827316395601
204,0.9000195264816284,0.8771896362304688,0.5131250023841858,2.2062971591949463,0.5169986143622857,0.5122305782527182,0.511314526521611
205,0.9015820026397705,0.8753206729888916,0.5093749761581421,2.2133586406707764,0.5130082761260253,0.5085939410165428,0.5077028035200262
206,0.9014648199081421,0.8707412481307983,0.5095312595367432,2.2080297470092773,0.5125609144996043,0.5089782992892021,0.5077195980864304
207,0.9023241996765137,0.8712018728256226,0.5091406106948853,2.2129557132720947,0.5117684337329798,0.5085158638465692,0.5072222147067086
208,0.8988867402076721,0.8793277144432068,0.5114843845367432,2.1993942260742188,0.5141004966095624,0.5102991638868374,0.5093228910855141
209,0.90087890625,0.8748862743377686,0.505078136920929,2.2138140201568604,0.5081359957698297,0.5038667600142572,0.5031494802694426
210,0.9022656083106995,0.8727728128433228,0.5135156512260437,2.2035181522369385,0.5160626150524864,0.5124550360886961,0.5113538097390398
211,0.9016015529632568,0.8703019022941589,0.5074218511581421,2.224691390991211,0.5096946390274657,0.5065254500656766,0.5048965597203152
212,0.9004882574081421,0.8752444386482239,0.5130468606948853,2.2082386016845703,0.5170024957140317,0.5120832191333835,0.5109731021719165
213,0.9040234088897705,0.8651129007339478,0.5126562714576721,2.1941301822662354,0.51495871167119,0.5120690977862515,0.5106687550947093
214,0.9011328220367432,0.8692117929458618,0.5064843893051147,2.2093324661254883,0.5102252665865175,0.505716272511691,0.5048326686482714
215,0.8998827934265137,0.8727666735649109,0.5139843821525574,2.185452938079834,0.5179551666330768,0.5133552485894302,0.5123300940337943
216,0.9004882574081421,0.8732774257659912,0.5145312547683716,2.197589635848999,0.5180744454173343,0.5140247782029828,0.5130450926738758
217,0.9003320336341858,0.8720572590827942,0.5139062404632568,2.202228307723999,0.516585710477032,0.5131115491617777,0.5118704951186797
218,0.90234375,0.8672950863838196,0.5177343487739563,2.177049160003662,0.5215986342786549,0.5166708197963898,0.5162317248606494
219,0.9059374928474426,0.8589756488800049,0.5176562666893005,2.188035011291504,0.5203239292234417,0.5167062250464739,0.5157288268894322
220,0.9008007645606995,0.8701337575912476,0.5204687714576721,2.1842167377471924,0.5232914974168804,0.5195478552256405,0.5190016449780869
221,0.90234375,0.863908052444458,0.5199999809265137,2.1792795658111572,0.5226388152417686,0.5191684822746824,0.5180976219907063
222,0.9036914110183716,0.8591932058334351,0.5178906321525574,2.18694806098938,0.5210785024486599,0.5169861333749476,0.516166531388903
223,0.9041406512260437,0.856933057308197,0.5186718702316284,2.180691719055176,0.5212206001729284,0.517571086831262,0.5166973292463939
224,0.9026952981948853,0.8606845736503601,0.5224999785423279,2.167792558670044,0.5249988624370359,0.522001507369489,0.5207622577384542
225,0.9036914110183716,0.8585295677185059,0.5233593583106995,2.1864402294158936,0.526643584269211,0.5225891961318916,0.5218070816787855
226,0.9043359160423279,0.8588640689849854,0.5208593606948853,2.1750619411468506,0.5237928442571353,0.5200371175883376,0.5188482831482667
227,0.9038867354393005,0.8574327230453491,0.5182031393051147,2.1753339767456055,0.5202517839899876,0.5173421220403458,0.5162895955169767
228,0.9075390696525574,0.849479079246521,0.5221093893051147,2.1526670455932617,0.5249108414107155,0.5215255278121833,0.5203266449824195
229,0.9055078029632568,0.8529455661773682,0.5196874737739563,2.163602828979492,0.523311363512603,0.5188439820955821,0.5177263828261909
230,0.9064062237739563,0.8479301929473877,0.5171093940734863,2.1719658374786377,0.5203540441397867,0.5162125440141905,0.5151795997903463
231,0.9075000286102295,0.8459101319313049,0.5264062285423279,2.166764736175537,0.5307183334196615,0.5251442254612986,0.5245761818507881
232,0.9058203101158142,0.8527339696884155,0.5236718654632568,2.1520466804504395,0.5267639102057676,0.5225324593866303,0.5214194533916501
233,0.9056445360183716,0.8493988513946533,0.5217968821525574,2.167557954788208,0.5243018911435754,0.5207653270862609,0.5199802434756247
234,0.9041796922683716,0.8566234707832336,0.524609386920929,2.1531789302825928,0.527480683027133,0.5234437143860913,0.522266718119041
235,0.9081445336341858,0.8469173312187195,0.5252344012260437,2.146019697189331,0.528588032038278,0.5240430514364555,0.5231405033717095
236,0.9032031297683716,0.8560894131660461,0.5315625071525574,2.1500625610351562,0.5352668555697232,0.5303523667022398,0.5295838199662956
237,0.904980480670929,0.8533302545547485,0.5239062309265137,2.1649794578552246,0.526874360285532,0.523126577821311,0.5222129760874772
238,0.9078906178474426,0.8449915051460266,0.5245312452316284,2.1568830013275146,0.5278146823538452,0.5239016130367495,0.5231894153208321
239,0.9043359160423279,0.8500771522521973,0.5306249856948853,2.1331279277801514,0.533789744403329,0.5298831200878578,0.5288363207811162
240,0.9091601371765137,0.841096043586731,0.5254687666893005,2.158064603805542,0.5281386798983503,0.5243120512240603,0.5232157214549877
241,0.9055273532867432,0.8455104231834412,0.5242968797683716,2.1578927040100098,0.5271020246610927,0.5235701862415405,0.5223611421505865
242,0.9060351848602295,0.8443706035614014,0.5225781202316284,2.1651601791381836,0.5255495494617258,0.5213483531992872,0.52012377368662
243,0.9070117473602295,0.8396481871604919,0.5239062309265137,2.1508846282958984,0.5274669827223568,0.5227447338967759,0.5221041216670758
244,0.9077343940734863,0.8457170128822327,0.526562511920929,2.153315544128418,0.5294336762284912,0.5253056831754208,0.5243880552423121
245,0.9097461104393005,0.8334134817123413,0.5263281464576721,2.1377718448638916,0.5287872097774737,0.5253626457487387,0.5242666836950668
246,0.9094140529632568,0.8376149535179138,0.5317187309265137,2.1234679222106934,0.5352032749991339,0.5310581813801221,0.5307957020722525
247,0.9052343964576721,0.8432238698005676,0.5270312428474426,2.1350162029266357,0.5299655867724065,0.5261895538812029,0.5249697970572444
248,0.9067968726158142,0.8451154828071594,0.5323437452316284,2.1309642791748047,0.5365251648182641,0.531298862192267,0.5306051924832582
249,0.9077929854393005,0.8399940729141235,0.53515625,2.123746395111084,0.5389834513703826,0.5341774451075254,0.533320384326068
250,0.9063085913658142,0.8458604216575623,0.5350000262260437,2.130145311355591,0.5388891505235858,0.5343197647608297,0.5332904826340161
251,0.9039257764816284,0.8500524759292603,0.5316406488418579,2.1578643321990967,0.5347298567135037,0.5307979195832342,0.5298782627357319
252,0.9060742259025574,0.8456014394760132,0.5390625,2.1362106800079346,0.5421835593142267,0.5385199111063279,0.537078642260183
253,0.9076367020606995,0.8389700055122375,0.5397655963897705,2.128051519393921,0.5434971877952344,0.5390448550440083,0.537991909179699
254,0.909472644329071,0.8316080570220947,0.5360156297683716,2.118687391281128,0.5390838546026322,0.5353462766991686,0.5345735431005161
255,0.9083398580551147,0.837337851524353,0.5407031178474426,2.1177382469177246,0.5434535146414612,0.5401039227622515,0.5387459602138315
256,0.9074804782867432,0.8416102528572083,0.5327343940734863,2.1226346492767334,0.5346992249692937,0.5317800654599879,0.5309139887762313
257,0.9115429520606995,0.825297474861145,0.5421093702316284,2.114135265350342,0.5448374747978144,0.5413635689349924,0.5406497739375269
258,0.9099023342132568,0.8332474231719971,0.5367968678474426,2.1320791244506836,0.5391812586820728,0.5359044157158714,0.5348411860317402
259,0.9100976586341858,0.8305014967918396,0.5388281345367432,2.124588966369629,0.5423859150021124,0.5377435337167689,0.5369116701203775
260,0.9106249809265137,0.8255132436752319,0.5368750095367432,2.113832712173462,0.5399718902927827,0.5360712053962617,0.5350800512660321
261,0.9092773199081421,0.8324792981147766,0.5336718559265137,2.1280739307403564,0.5368745145322249,0.5329782764640933,0.5318974315661473
262,0.912402331829071,0.8219247460365295,0.5392187237739563,2.1286606788635254,0.5410245996064595,0.5381165425244403,0.5365067158270063
263,0.9101366996765137,0.8251194953918457,0.5368750095367432,2.1256983280181885,0.5397605189823127,0.5359052130942135,0.5349898971778786
264,0.9117187261581421,0.8226691484451294,0.5434374809265137,2.118265151977539,0.5460530311500067,0.542692948310779,0.5412301581374298
265,0.9111328125,0.8276269435882568,0.5345312356948853,2.132420539855957,0.5367956559694992,0.5337291813354033,0.5324770138991917
266,0.9091015458106995,0.8311265707015991,0.5308593511581421,2.1322574615478516,0.5341216444420912,0.5302522413225846,0.5292025803071799
267,0.9103710651397705,0.8267636895179749,0.5294530987739563,2.139749526977539,0.5325473717937901,0.5285819650247341,0.5275220012326627
268,0.9089062213897705,0.8316770195960999,0.5383594036102295,2.1159911155700684,0.5415816201262666,0.5374618908986062,0.536476129770542
269,0.9112499952316284,0.8267977833747864,0.5365625023841858,2.1259212493896484,0.5393869056610725,0.5354015644335868,0.5344184818793234
270,0.9106835722923279,0.8240291476249695,0.5318750143051147,2.123322010040283,0.5341812858994991,0.5309497222925645,0.529603195202116
271,0.9118750095367432,0.8236162066459656,0.5412499904632568,2.1044490337371826,0.5440334097250636,0.5402850010755779,0.5391421604347846
272,0.912109375,0.823627233505249,0.5382031202316284,2.1156363487243652,0.5400715961539818,0.5372224085540295,0.5359238813463004
273,0.9108593463897705,0.8261808156967163,0.5345312356948853,2.1165385246276855,0.5378478356207117,0.5337419075931309,0.532284506831531
274,0.9102148413658142,0.8241591453552246,0.5393750071525574,2.123234987258911,0.5414090418655852,0.538713000419031,0.537490662018983
275,0.9120117425918579,0.825847864151001,0.5392187237739563,2.11240553855896,0.542967353263835,0.5387105185979731,0.5377658667422324
276,0.9122070074081421,0.8199261426925659,0.5358593463897705,2.130052328109741,0.5387193270386685,0.5350555907302418,0.5339383074488596
277,0.9112304449081421,0.8206337094306946,0.5376562476158142,2.1169660091400146,0.5408786462855368,0.5370132707317339,0.5362616645838478
278,0.9133007526397705,0.8180933594703674,0.541015625,2.0930099487304688,0.5436522291249422,0.5397849978154483,0.5391658954537161
279,0.9115234613418579,0.8224661350250244,0.5374218821525574,2.117189645767212,0.5392679068572466,0.5363772379784595,0.5353677445419631
280,0.9106835722923279,0.8201568722724915,0.5414062738418579,2.1167593002319336,0.5438842527843066,0.5404377716894622,0.5396220084994136
281,0.910839855670929,0.8247234225273132,0.5414062738418579,2.1068527698516846,0.5443452369008244,0.5407081041694279,0.5395654935586887
282,0.9107617139816284,0.8233741521835327,0.5375000238418579,2.1228699684143066,0.540530206241396,0.5361197202445649,0.5348745005936657
283,0.9133594036102295,0.8200269341468811,0.5392187237739563,2.1191773414611816,0.5425651122617986,0.5383129983537129,0.5375236946277229
284,0.9098047018051147,0.8245192766189575,0.5394531488418579,2.1193039417266846,0.541821646551175,0.5385557425447767,0.5374139467725622
285,0.9128320217132568,0.817488431930542,0.5413281321525574,2.1094870567321777,0.5446804927562279,0.5402761204215722,0.5393181693229648
286,0.9155859351158142,0.8104121685028076,0.5404687523841858,2.108565092086792,0.5432863682586537,0.5394617485602857,0.538384337562488
287,0.9121484160423279,0.8182196021080017,0.5466406345367432,2.096712112426758,0.5492439897078341,0.5455970188765765,0.5446592712871328
288,0.9134765863418579,0.8162739276885986,0.5456249713897705,2.088308811187744,0.5482747990008165,0.544358875005237,0.5431174318268295
289,0.9117382764816284,0.8189274668693542,0.5448437333106995,2.1026952266693115,0.5481575675172977,0.5439175840041622,0.5430391603816678
290,0.9141992330551147,0.8155754208564758,0.5426562428474426,2.092115879058838,0.5461256436079527,0.5416875528780459,0.5410034338973899
291,0.9130859375,0.8149639368057251,0.5425781011581421,2.107574462890625,0.5461555094934099,0.5416423378371716,0.540766966281906
292,0.912890613079071,0.8178772926330566,0.5446875095367432,2.084885835647583,0.5474990765766188,0.5441300084048308,0.5429368553306678
293,0.912792980670929,0.8135084509849548,0.5492187738418579,2.0713956356048584,0.5521358315189,0.5485559097438264,0.5479058992129912
294,0.9142382740974426,0.8136438727378845,0.5514843463897705,2.0705695152282715,0.5536859726167266,0.5507863871907391,0.5492226101329676
295,0.9126757979393005,0.8165792226791382,0.5410937666893005,2.101483106613159,0.5440874087096859,0.5400455265271034,0.5389862491537276
296,0.914355456829071,0.812263011932373,0.5544531345367432,2.078143835067749,0.556633733564927,0.5538021908563555,0.55266690725343
297,0.9131249785423279,0.813882052898407,0.5521093606948853,2.0944020748138428,0.5549405801019998,0.5512800832521234,0.5507773636193891
298,0.9139062762260437,0.8140316605567932,0.5445312261581421,2.0985724925994873,0.5476522818868865,0.5437328699255056,0.5428222285852677
299,0.9123437404632568,0.8166438937187195,0.5458593964576721,2.090394973754883,0.5493377417312744,0.5444632068756872,0.5435896690347692
300,0.913867175579071,0.8107404112815857,0.5492187738418579,2.083197593688965,0.5520936682106609,0.5483582787319761,0.5473432645447134
301,0.9151562452316284,0.8055199384689331,0.5539844036102295,2.0625782012939453,0.5568973147338856,0.5532786531370018,0.5524536575022101
302,0.9140625,0.8126528859138489,0.5475780963897705,2.0864322185516357,0.5504537784989132,0.5467993031435746,0.5460906541907429
303,0.9147851467132568,0.8075946569442749,0.5443750023841858,2.075957775115967,0.5479178868507645,0.5437507530476337,0.5429163795728164
304,0.9183984398841858,0.8027286529541016,0.5503906011581421,2.0630125999450684,0.5534481038848793,0.549453426209769,0.5490465338500056
305,0.9182031154632568,0.800449013710022,0.5447656512260437,2.0718491077423096,0.5474945139976435,0.5437328168358291,0.5429466789292366
306,0.9148242473602295,0.8102290630340576,0.5435156226158142,2.0882914066314697,0.5458837612978598,0.5423107944756708,0.5413658430280871
307,0.91650390625,0.8080903887748718,0.5530468821525574,2.0741686820983887,0.5556960815455255,0.5522048187601984,0.5515257859403737
308,0.913769543170929,0.8118195533752441,0.551953136920929,2.0707907676696777,0.5556333244883791,0.5513011047729874,0.5505772076639842
309,0.9132617115974426,0.81571364402771,0.55078125,2.069958448410034,0.5542708642876564,0.5501705685481875,0.5495767940280265
310,0.9137499928474426,0.8094143867492676,0.5516406297683716,2.0750722885131836,0.5557902430420446,0.5514117310024893,0.550789090535523
311,0.9150976538658142,0.8049753308296204,0.550000011920929,2.081212282180786,0.5531562421308784,0.549040644717646,0.5484534898050828
312,0.9152929782867432,0.8057947754859924,0.5458593964576721,2.0643222332000732,0.5499471398156444,0.5450713189377867,0.5447034080720807
313,0.91455078125,0.8108305335044861,0.5475000143051147,2.0654141902923584,0.5503008236336613,0.5467210980571996,0.5459666662302296
314,0.9142187237739563,0.8107463121414185,0.5537499785423279,2.056490421295166,0.5567821564662068,0.5529175245968767,0.5520559426170306
315,0.9144726395606995,0.8093276023864746,0.5514843463897705,2.0582544803619385,0.553435196566543,0.5505528565702525,0.5493430377047426
316,0.9176952838897705,0.8020098209381104,0.5470312237739563,2.0784189701080322,0.5499057753271522,0.5460572621838989,0.5450883961583548
317,0.9166015386581421,0.8029935359954834,0.5542968511581421,2.0764927864074707,0.5568052469059296,0.553690039794466,0.5526364788692172
318,0.9142773151397705,0.8096174001693726,0.548828125,2.0640883445739746,0.5512506814789382,0.5481695922288119,0.5468812988112142
319,0.9160351753234863,0.8037378787994385,0.5599218606948853,2.0698142051696777,0.5626935448161638,0.5588493732365696,0.5580451964626562
320,0.9154492020606995,0.80466628074646,0.5524218678474426,2.076517105102539,0.5566219447731187,0.5515092139333202,0.5511747226665196
321,0.9151366949081421,0.8085436224937439,0.553906261920929,2.0646257400512695,0.5575787447900613,0.5528494100171228,0.5524413347309458
322,0.9174218773841858,0.7986089587211609,0.5564844012260437,2.0602493286132812,0.5590429971778892,0.5550769939005735,0.5542713908095691
323,0.9178320169448853,0.7962399125099182,0.5581250190734863,2.059262275695801,0.5607624038732945,0.557206579417775,0.5565729816081239
324,0.9145703315734863,0.8092218041419983,0.55078125,2.0801570415496826,0.5537780645196743,0.5498180052864071,0.5489143582839964
325,0.916699230670929,0.7976636290550232,0.5531250238418579,2.079486846923828,0.5557075336007931,0.5522979641672402,0.5515107429984101
326,0.913769543170929,0.807932436466217,0.5571874976158142,2.0677499771118164,0.5603089892530484,0.5560912524273419,0.5555391876866004
327,0.9192773699760437,0.7929437160491943,0.5521875023841858,2.052929639816284,0.5550214091689951,0.5510626192559819,0.5506225209411202
328,0.9160937666893005,0.79810631275177,0.5629687309265137,2.0536649227142334,0.565827102419151,0.5625746144069519,0.5616323607709586
329,0.9169335961341858,0.801399290561676,0.5588281154632568,2.0512781143188477,0.5621423985455225,0.5582420000611534,0.5571123913183005
330,0.9155077934265137,0.8074809312820435,0.5579687356948853,2.067922830581665,0.5607400466993441,0.5572740158599105,0.5562077265739307
331,0.9151562452316284,0.8029013276100159,0.5524218678474426,2.0760717391967773,0.5556474448484772,0.5516653284616471,0.5510847141108929
332,0.9173828363418579,0.7983412742614746,0.5495312213897705,2.081752061843872,0.5530104875978048,0.5490169174005591,0.5481549314470504
333,0.9197656512260437,0.7922321557998657,0.5582812428474426,2.0475728511810303,0.5609753078835005,0.5578848499497198,0.5568562301537197
334,0.9151366949081421,0.8013900518417358,0.5589062571525574,2.0406205654144287,0.5624537673357577,0.5584968354515036,0.5575029418111719
335,0.9144140481948853,0.805071234703064,0.557812511920929,2.0458803176879883,0.5607396727557372,0.5569090943530249,0.5560248896697404
336,0.9140039086341858,0.807624340057373,0.5596093535423279,2.0593199729919434,0.5622795830819192,0.5586515254565888,0.5578487647905874
337,0.9159960746765137,0.80463707447052,0.5561718940734863,2.0529227256774902,0.5592983344246447,0.5554739278540406,0.5546189671096478
338,0.9156835675239563,0.8005532026290894,0.5619531273841858,2.0349538326263428,0.5644760800826758,0.561298051339964,0.5599737632412893
339,0.9184374809265137,0.7968445420265198,0.5542968511581421,2.0561835765838623,0.5565077897087153,0.5537218088480035,0.5523693779269624
340,0.9160546660423279,0.801377534866333,0.5579687356948853,2.0457894802093506,0.5604012739075324,0.5574124462848626,0.5563336761750654
341,0.9173242449760437,0.8020073175430298,0.5589062571525574,2.0442819595336914,0.5619758355087099,0.5581330246550231,0.5574587255322452
342,0.9184374809265137,0.7954285144805908,0.561718761920929,2.033543586730957,0.5642607523219123,0.5610188815278185,0.560202626706088
343,0.9178711175918579,0.7943198680877686,0.5607812404632568,2.0532114505767822,0.5634805619820655,0.5600249970560903,0.558949008801651
344,0.9181249737739563,0.7967014312744141,0.5587499737739563,2.0457448959350586,0.5614927824268776,0.5575788890643933,0.5569095838679275
345,0.9176172018051147,0.7977447509765625,0.5628125071525574,2.0442404747009277,0.5651667264205652,0.5622064561833942,0.5611139002815431
346,0.9183008074760437,0.7976757884025574,0.5571093559265137,2.0574488639831543,0.5597989463635102,0.5560228113842176,0.5551287857332783
347,0.9180273413658142,0.7957504391670227,0.5589843988418579,2.0361666679382324,0.561057072564514,0.5577452986131977,0.5567853666286398
348,0.9206445217132568,0.7873358726501465,0.5570312738418579,2.0607666969299316,0.5593273162505612,0.5559046307168903,0.5545897010204741
349,0.918749988079071,0.790179967880249,0.5572656393051147,2.0414047241210938,0.5591122789193099,0.556203859521545,0.5551407746688979
350,0.9196093678474426,0.7924030423164368,0.5653125047683716,2.040515661239624,0.5672579267385072,0.5643273754962057,0.563194904592712
351,0.918164074420929,0.7968931794166565,0.5627343654632568,2.0444183349609375,0.5647761402145333,0.5620880181635335,0.5611953770818596
352,0.9180077910423279,0.7944499850273132,0.5603125095367432,2.037605047225952,0.5638175879018579,0.5595130938017541,0.558544407586052
353,0.9182422161102295,0.7941005229949951,0.5647656321525574,2.0262503623962402,0.5678135807481094,0.5638875243434864,0.5629450901338731
354,0.9218164086341858,0.7856170535087585,0.5573437213897705,2.0333356857299805,0.5604738562766888,0.556582961965634,0.5557151103230904
355,0.9183788895606995,0.7939859628677368,0.5642969012260437,2.0280323028564453,0.5666926286138302,0.5637451894164498,0.5627721636020476
356,0.919726550579071,0.7884597182273865,0.5654687285423279,2.0392708778381348,0.5690423871676374,0.5648132879035203,0.5637354614319265
357,0.9197656512260437,0.7903319597244263,0.5674999952316284,2.0321743488311768,0.5711501239354804,0.5666618977255659,0.5657613674537121
358,0.9189257621765137,0.792743980884552,0.559374988079071,2.057713508605957,0.5621439426841744,0.5586770988230945,0.5574139761510957
359,0.9187109470367432,0.7950317859649658,0.5637500286102295,2.0440473556518555,0.566227050494154,0.5631392175841368,0.5620472937277989
360,0.9167773723602295,0.7981163859367371,0.5611718893051147,2.048145055770874,0.5635516657124289,0.5600610452685438,0.5592356423282339
361,0.9178906083106995,0.7951812148094177,0.559765636920929,2.057152032852173,0.5625912333066262,0.558867128662102,0.5580101776694668
362,0.9191210865974426,0.7923334240913391,0.5571874976158142,2.0538926124572754,0.5598274443984452,0.5563612447925159,0.5554889435272627
363,0.9213671684265137,0.7864589095115662,0.5578906536102295,2.057837724685669,0.5599877321395308,0.5569850188460864,0.5559040237829882
364,0.918164074420929,0.7943617105484009,0.5591406226158142,2.036932945251465,0.561581794624901,0.5584933613286557,0.5574105801117478
365,0.9201562404632568,0.7889112830162048,0.5659375190734863,2.052217483520508,0.5677407251251487,0.5648065210472165,0.5639476227227497
366,0.9186328053474426,0.7952545285224915,0.5623437762260437,2.051969051361084,0.5657226808614113,0.5616425372188333,0.5611394157568268
367,0.9170312285423279,0.7992954850196838,0.5600781440734863,2.065455436706543,0.5637148574700894,0.5592414338612117,0.5585218814721513
368,0.9176172018051147,0.7928077578544617,0.5601562261581421,2.0409348011016846,0.5627298513256727,0.5592902394583338,0.5583183218700618
369,0.9189062714576721,0.7900289297103882,0.5610156059265137,2.044414758682251,0.5643989017337661,0.5602670755100683,0.5595482800697493
370,0.9221875071525574,0.7847938537597656,0.5633593797683716,2.050079584121704,0.5661474070051555,0.562386354073463,0.5613688077263865
371,0.9216406345367432,0.7884368896484375,0.5634375214576721,2.0405008792877197,0.5658634024468702,0.5624685955676552,0.5615190151200278
372,0.9211523532867432,0.7884341478347778,0.5633593797683716,2.0378293991088867,0.5659230544245888,0.5627311583525871,0.5618445880340521
373,0.9212304949760437,0.7843852043151855,0.5586718916893005,2.0377542972564697,0.5613742412267329,0.5577120777060742,0.5569121909621739
374,0.9221093654632568,0.7883356213569641,0.5579687356948853,2.052553176879883,0.561700085962757,0.5575807714662316,0.5566923486600948
375,0.9214062690734863,0.7828437089920044,0.5617969036102295,2.040308952331543,0.5649474126687682,0.5610073539240408,0.5602462138625978
376,0.9200195074081421,0.7883376479148865,0.561328113079071,2.0356037616729736,0.5641084992924722,0.5603081422301992,0.5592398183010096
377,0.9226171970367432,0.7849757671356201,0.5639062523841858,2.032790184020996,0.5665795140074108,0.5631906631027243,0.5620528614848156
378,0.922167956829071,0.7808677554130554,0.5669531226158142,2.0323102474212646,0.5696142930430173,0.5664421093619461,0.5650432780968424
379,0.9224023222923279,0.780148983001709,0.5667968988418579,2.01560378074646,0.5689919162950907,0.5659768843725415,0.5648476642654103
380,0.9213671684265137,0.7858725786209106,0.5690624713897705,2.0240797996520996,0.5718677322663354,0.5682500078989181,0.5671408298909595
381,0.9235546588897705,0.7792537808418274,0.5682031512260437,2.034210681915283,0.5719795736677324,0.567126966757962,0.5663236596052443
382,0.920605480670929,0.7864432334899902,0.5633593797683716,2.030708074569702,0.5661330668282425,0.5627954457029847,0.5619517654746534
383,0.9199609160423279,0.7888471484184265,0.568359375,2.0365030765533447,0.571480926860968,0.5675313657968856,0.566622804563233
384,0.9225195050239563,0.7832406759262085,0.5641406178474426,2.026360273361206,0.5677147559637163,0.5633218487831926,0.5625032775436397
385,0.9177929759025574,0.793575644493103,0.5638281106948853,2.039212226867676,0.5665192758634046,0.5628737723050219,0.5617863744475183
386,0.9184765815734863,0.7878275513648987,0.5678125023841858,2.0339972972869873,0.5700650317879364,0.5671438936632088,0.5660703213033884
387,0.9205468893051147,0.78416907787323,0.5705468654632568,2.0184333324432373,0.5740022318995417,0.5697994043100263,0.569066505611621
388,0.9229297041893005,0.7812520861625671,0.5621093511581421,2.0387778282165527,0.5648768202908074,0.5612060870311694,0.5602011613719886
389,0.9218164086341858,0.7798548936843872,0.5600781440734863,2.045584201812744,0.5631615820000633,0.5588585852073429,0.5580896686388683
390,0.9195312261581421,0.7858107089996338,0.563671886920929,2.0440497398376465,0.5671569689524752,0.5628654660941409,0.5620120590671049
391,0.9214453101158142,0.7847506999969482,0.5677343606948853,2.030520439147949,0.5711225695444897,0.56700358174301,0.5660876401197541
392,0.9223242402076721,0.7804971933364868,0.564453125,2.045605182647705,0.5678111851875234,0.5637165884569956,0.5632946264354577
393,0.9217382669448853,0.7837154269218445,0.561718761920929,2.051267623901367,0.5647056270945462,0.560609078874729,0.5596638186812273
394,0.923828125,0.7787663340568542,0.5672656297683716,2.0261497497558594,0.5703959843060733,0.5662367129758263,0.5655949629235155
395,0.9217968583106995,0.7789644598960876,0.5660937428474426,2.0345330238342285,0.5690727122754995,0.5649068715116385,0.5640892533073047
396,0.9203906059265137,0.7853217124938965,0.5694531202316284,2.0190987586975098,0.5716729138528361,0.5682974777052631,0.567580827061897
397,0.9219726324081421,0.7859567999839783,0.5660156011581421,2.0257341861724854,0.568728509132872,0.5651114224862799,0.5641872804876529
398,0.9193945527076721,0.7879035472869873,0.561718761920929,2.0409178733825684,0.5648411838451326,0.5606761859553411,0.559730243416587
399,0.9204297065734863,0.7866579294204712,0.5641406178474426,2.035125494003296,0.5676294815570779,0.5630898050165445,0.5624603720627811
400,0.91796875,0.7921936511993408,0.5696874856948853,2.0255672931671143,0.5719899608308686,0.5686648276959243,0.5678228082152297
401,0.9214453101158142,0.7848372459411621,0.5654687285423279,2.031362295150757,0.5676700565466485,0.5647438182945722,0.5637608763775855
402,0.9232226610183716,0.7776945233345032,0.5721874833106995,2.0293924808502197,0.5746315963507742,0.5714998194144475,0.5702999421346742
403,0.9208202958106995,0.7827475070953369,0.5699218511581421,2.0248961448669434,0.5733213774633777,0.5692338622781734,0.568488540011366
404,0.9205273389816284,0.7832620143890381,0.5666406154632568,2.0171663761138916,0.5697569282039723,0.565916499545579,0.5650844051064324
405,0.9254687428474426,0.7745981812477112,0.5674218535423279,2.0259199142456055,0.5695721233473492,0.5662264058863353,0.5655280449741125
406,0.923046886920929,0.7764844298362732,0.5699218511581421,2.018669366836548,0.573220600970044,0.5688722452827517,0.5681305958528835
407,0.9258788824081421,0.7701085805892944,0.5703906416893005,2.0261223316192627,0.5730433730176023,0.56938495307357,0.5686348530310177
408,0.9239648580551147,0.7799094319343567,0.5700781345367432,2.022429943084717,0.5728925963155143,0.56906062930499,0.5680591574673008
409,0.9221289157867432,0.7807597517967224,0.5634375214576721,2.028029441833496,0.566839785499947,0.5624191686204413,0.5620382905154072
410,0.9214062690734863,0.7802316546440125,0.5617969036102295,2.053706407546997,0.5652675231503458,0.5604877298869884,0.5602480836059702
411,0.9227734208106995,0.7804981470108032,0.5694531202316284,2.0159215927124023,0.5730772438178717,0.5684854471340947,0.5678845817491133
412,0.9223437309265137,0.7810589075088501,0.5643749833106995,2.041475534439087,0.5676966840286881,0.5635842842731158,0.5627163311227719
413,0.9217968583106995,0.7823148369789124,0.5654687285423279,2.0384209156036377,0.5691253830644198,0.5645275521350619,0.5640036844494295
414,0.9238085746765137,0.7762985825538635,0.5686718821525574,2.0247855186462402,0.5717486829490472,0.5677176739018456,0.5671468859707662
415,0.9238085746765137,0.7773177623748779,0.5649999976158142,2.039424180984497,0.5681931733586867,0.5642356258553696,0.5635119774110636
416,0.9267382621765137,0.7686795592308044,0.5646874904632568,2.022768974304199,0.5673983851145988,0.5635901319501779,0.5629250346252863
417,0.9244531393051147,0.7744860649108887,0.568359375,2.038254737854004,0.5717784369434888,0.5675439629292075,0.5666330947214118
418,0.9267187714576721,0.7686370015144348,0.5700781345367432,2.0386834144592285,0.5734969502121658,0.5690444504063195,0.5683828948526906
419,0.9228711128234863,0.7807690501213074,0.5657031536102295,2.036635398864746,0.5685530975940789,0.5647381683588184,0.5638501805603392
420,0.9214257597923279,0.7836200594902039,0.5673437714576721,2.0226006507873535,0.5716210811717164,0.5665026344306368,0.5659056968456302
421,0.9229101538658142,0.7766168713569641,0.5698437690734863,2.045077323913574,0.5723690503725962,0.5689862849391929,0.5677848244761057
422,0.9229297041893005,0.776802122592926,0.56640625,2.0437281131744385,0.5693456922110625,0.5659548192294757,0.5651554228068095
423,0.9218945503234863,0.7770448923110962,0.5632030963897705,2.032780647277832,0.5668336571346158,0.5625658887570824,0.5617604730773544
424,0.9238867163658142,0.7798686027526855,0.5681250095367432,2.033372402191162,0.5700609042798328,0.5671690440173492,0.5659660580177028
425,0.9258593916893005,0.7718960642814636,0.5721874833106995,2.0131330490112305,0.5747638728367173,0.5713547926330146,0.5707255074724221
426,0.922558605670929,0.7757725715637207,0.5685155987739563,2.027797222137451,0.5704464788273214,0.5675979854790065,0.5664591509288293
427,0.9251367449760437,0.7757702469825745,0.5693749785423279,2.041703701019287,0.5724441495436501,0.5686455963525763,0.5678296162195404
428,0.9234765768051147,0.7774871587753296,0.5708593726158142,2.022625684738159,0.5739021297524236,0.5698234324165964,0.5688622682629833
429,0.9202539324760437,0.7875984311103821,0.5690624713897705,2.022740364074707,0.5720591116545876,0.568027889238914,0.5674018826247688
430,0.9237109422683716,0.7756369709968567,0.5736718773841858,2.012784481048584,0.5771075275195933,0.5726208491631901,0.5719467466491495
431,0.9221484661102295,0.7809191942214966,0.5735937356948853,2.022721290588379,0.5766841602773702,0.5728573376010834,0.5717779484671198
432,0.924609363079071,0.773643970489502,0.5689062476158142,2.0284554958343506,0.571376134856689,0.5680459623437055,0.5671453543982321
433,0.9251562356948853,0.7747454643249512,0.5727343559265137,2.022813320159912,0.5766262850965507,0.5719107022841654,0.5712679519898842
434,0.9236719012260437,0.7761082649230957,0.5674999952316284,2.0475895404815674,0.5703642357235101,0.5666031824876723,0.5657834893192961
435,0.9233788847923279,0.77864670753479,0.5721874833106995,2.0088510513305664,0.5753433042852283,0.5717073495361704,0.570776205154264
436,0.9253906011581421,0.7694699168205261,0.5682031512260437,2.0265510082244873,0.5709453383203258,0.5671214209752701,0.5661164364461858
437,0.9243945479393005,0.7738904356956482,0.5703125,2.0254011154174805,0.5738283946988174,0.5689240597393839,0.5684267624520536
438,0.9275586009025574,0.7652759552001953,0.571484386920929,2.0042858123779297,0.5744061802425595,0.5703622626737266,0.5694564607478226
439,0.924023449420929,0.7731521129608154,0.571484386920929,2.0042471885681152,0.5747523507189225,0.5705163961924706,0.5695003824270537
440,0.9240038990974426,0.7722141742706299,0.5707812309265137,1.999363899230957,0.5734043103469397,0.5699317247073512,0.569102115905016
441,0.9253125190734863,0.7710971832275391,0.5715625286102295,2.0198280811309814,0.5740113398180164,0.5705091198825585,0.5691477703295444
442,0.9232617020606995,0.7753898501396179,0.5762500166893005,2.016392707824707,0.5794451259866946,0.5756455005836054,0.5745879861090644
443,0.9242773652076721,0.775057852268219,0.5732031464576721,2.008160352706909,0.5759053397064671,0.5726542164176276,0.5715250816374104
444,0.9246679544448853,0.7760586738586426,0.5715625286102295,2.0148558616638184,0.5739118772813969,0.5707410810168746,0.5695249330981602
445,0.9243554472923279,0.7702267169952393,0.5741406083106995,2.0028257369995117,0.5766776674651366,0.5732896307149272,0.5722094462829037
446,0.9280664324760437,0.764889121055603,0.574999988079071,2.0244803428649902,0.5783414991425093,0.5744223711713942,0.5731758650084766
447,0.9267382621765137,0.7638062834739685,0.5767187476158142,2.0030012130737305,0.5798076700341473,0.5757164332245772,0.5748128223433524
448,0.9276757836341858,0.7604004144668579,0.5723437666893005,1.9989879131317139,0.5758046500802728,0.5713889198615503,0.5707184244542012
449,0.9261523485183716,0.7695161700248718,0.5742968916893005,2.0059115886688232,0.5784048029914328,0.5730036007368811,0.5724606359293652
450,0.9236913919448853,0.773166298866272,0.5731250047683716,2.0151238441467285,0.5750280494555726,0.5721513009666138,0.5707404202577051
451,0.9241992235183716,0.7748205661773682,0.5735156536102295,1.9992766380310059,0.5754691619230887,0.5727144284054978,0.571733540060867
452,0.9248242378234863,0.7715632915496826,0.5747656226158142,2.0205445289611816,0.5767851369354022,0.5738089284352367,0.572941069157072
453,0.9238867163658142,0.7759281396865845,0.5778906345367432,1.9948121309280396,0.5805800873411682,0.5769683810119858,0.5760617881522434
454,0.9245507717132568,0.772581160068512,0.5720312595367432,2.006948471069336,0.5744196953532129,0.5710214152283133,0.5700320888785104
455,0.9231640696525574,0.7733688354492188,0.577343761920929,2.0101306438446045,0.5802966258388653,0.5765101575529425,0.575698724103066
456,0.925097644329071,0.7732913494110107,0.5672656297683716,2.035550117492676,0.570835407330714,0.5664034556996906,0.5658664318362481
457,0.9266992211341858,0.769517719745636,0.5739843845367432,2.004800796508789,0.5776359235285644,0.5733842488638884,0.5731929753514753
458,0.9263671636581421,0.7643936276435852,0.5661718845367432,2.0238568782806396,0.568609459182736,0.5651172415349122,0.5642084772852596
459,0.9253320097923279,0.7695714831352234,0.5753124952316284,2.006880760192871,0.5779199169699433,0.5748486294011258,0.5735965322292073
460,0.9242773652076721,0.7698506116867065,0.5719531178474426,2.009258270263672,0.5745083804131945,0.571066348486537,0.5703747090028525
461,0.9263867139816284,0.7701165676116943,0.5759375095367432,2.0129568576812744,0.5777903404546897,0.5750022388877071,0.5739798364085629
462,0.9275586009025574,0.7649773359298706,0.5714062452316284,2.0386250019073486,0.5735308029940782,0.5703149104274097,0.5698325612213917
463,0.9246875047683716,0.7729716300964355,0.5770312547683716,2.0055227279663086,0.5797675775667187,0.5761717362017666,0.575527915487311
464,0.9247070550918579,0.7748959064483643,0.5767187476158142,2.0042269229888916,0.5792962537987575,0.5761220832107985,0.5751182717585966
465,0.9257616996765137,0.7690305113792419,0.5735156536102295,2.017268180847168,0.5763727050838265,0.5725291819225277,0.5717248014951085
466,0.9294726848602295,0.7615250945091248,0.5744531154632568,2.0183799266815186,0.577409168293354,0.5733897624699426,0.5725492634416911
467,0.9263085722923279,0.7677509784698486,0.5786718726158142,1.994019627571106,0.5816313749420406,0.5780608413656656,0.5772452778560335
468,0.9253711104393005,0.7704469561576843,0.573046863079071,2.015131950378418,0.5761704618801106,0.5724442703237285,0.5719148994408703
469,0.9282031059265137,0.7599201202392578,0.5740625262260437,2.0052261352539062,0.5767855820725729,0.5736614759971802,0.5727713701435876
470,0.9278905987739563,0.7643488049507141,0.567578136920929,2.0194804668426514,0.570402934689339,0.5667990378521872,0.5659324107861153
471,0.925976574420929,0.7644877433776855,0.5673437714576721,2.032172441482544,0.5693795596309895,0.566747015285513,0.5655210217558724
472,0.9268554449081421,0.7668396234512329,0.5732031464576721,2.011878252029419,0.5770978709326633,0.5724717320175334,0.5718053229219342
473,0.9250781536102295,0.768852949142456,0.5745312571525574,2.0145792961120605,0.5766106283400354,0.5737773653231736,0.572882582086478
474,0.9258788824081421,0.7685640454292297,0.5735156536102295,2.0086324214935303,0.5762597875599699,0.5728569599905331,0.5720615855105583
475,0.9267187714576721,0.7675493359565735,0.5721874833106995,2.035853862762451,0.5750726864516628,0.5713560196788852,0.5705321724397974
476,0.9251367449760437,0.7735764384269714,0.5726562738418579,2.029219150543213,0.5755814068918693,0.571806017662059,0.5709131334179571
477,0.927050769329071,0.7662248015403748,0.5728124976158142,2.008394718170166,0.5764924911018505,0.5718224715806877,0.5713396314127479
478,0.9266796708106995,0.7649021148681641,0.5813281536102295,2.005398750305176,0.5839164591277981,0.5802788488756545,0.5797965052558707
479,0.9281054735183716,0.7633048295974731,0.5782031416893005,1.9859994649887085,0.5820244821951606,0.5776309922208456,0.5772119763930053
480,0.9284961223602295,0.7646788954734802,0.579296886920929,2.0049643516540527,0.5824434821602481,0.5782131994931905,0.577368979952738
481,0.9279101490974426,0.7636756300926208,0.5756250023841858,2.007802963256836,0.5780605302835219,0.5746988948752416,0.5739367954440147
482,0.9273828268051147,0.7608294486999512,0.572265625,2.015955924987793,0.5759255966390883,0.5712015867686125,0.5705097243115871
483,0.9295898675918579,0.7565104961395264,0.576171875,2.0099828243255615,0.5795152022673895,0.5755528439830188,0.5748571132605318
484,0.9250390529632568,0.7689530849456787,0.5721094012260437,2.0109267234802246,0.5748422358788284,0.571134192884114,0.5701627782597638
485,0.9253711104393005,0.769636869430542,0.5723437666893005,2.026772975921631,0.5758270676998656,0.5718157753003327,0.5710196880468354
486,0.9260351657867432,0.7668622732162476,0.5735156536102295,2.008164644241333,0.5760094776780484,0.5731662275187284,0.572119540811772
487,0.9271484613418579,0.7668607234954834,0.5713281035423279,2.014463186264038,0.5748808294332355,0.5707163138366657,0.5699656180454838
488,0.9263085722923279,0.7682104706764221,0.5733593702316284,1.9958440065383911,0.5751565441603723,0.5727057602288488,0.5715398647376225
489,0.9278905987739563,0.7626925110816956,0.574999988079071,2.007509708404541,0.577318494992515,0.573979254562401,0.5730039138993013
490,0.9261327981948853,0.7713194489479065,0.5712500214576721,2.032715320587158,0.5739427442556665,0.5704587975589688,0.5696228534742891
491,0.9248828291893005,0.7707493305206299,0.5799219012260437,2.008251428604126,0.5827665854189186,0.5793853249629972,0.5784571170164226
492,0.9258788824081421,0.7669854760169983,0.5733593702316284,2.0220727920532227,0.575529666449621,0.5722475675438192,0.5713327224624164
493,0.9284961223602295,0.765113353729248,0.5756250023841858,2.0168018341064453,0.5785666200905136,0.57439607541904,0.5736073045393649
494,0.9248828291893005,0.7677620053291321,0.5739843845367432,2.010335683822632,0.5768581971747571,0.5731736230745925,0.5720060655129162
495,0.9284961223602295,0.762551486492157,0.5703906416893005,2.023554801940918,0.5736773102514476,0.5695731988570286,0.5686395378734499
496,0.9261327981948853,0.7663218975067139,0.5692187547683716,2.0208253860473633,0.5711953112313142,0.568670551298128,0.5672071255384801
497,0.9282616972923279,0.7635692358016968,0.5767968893051147,2.0179190635681152,0.5796707922130326,0.5761075475523637,0.5753198025462773
498,0.9273828268051147,0.7639710903167725,0.5736718773841858,2.025008201599121,0.5760914817554363,0.5728488942051544,0.5720420790675615
499,0.9275781512260437,0.7636223435401917,0.5737500190734863,2.007204055786133,0.5775534408820793,0.5729473827642065,0.5723072525401369
500,0.931347668170929,0.7557007074356079,0.573437511920929,2.0267345905303955,0.5761457856902563,0.5726294547603752,0.5719674675314755
501,0.9283398389816284,0.7577850818634033,0.5735156536102295,2.019388198852539,0.577155789659355,0.5725537977805075,0.5718349815326728
502,0.9282616972923279,0.7604095935821533,0.5778124928474426,1.9905905723571777,0.5816382149542343,0.5771981895240741,0.5766714252665787
503,0.9266015887260437,0.7655149102210999,0.5749218463897705,2.015151262283325,0.577497626307824,0.5739418810464347,0.5730055632245101
504,0.9276367425918579,0.764107346534729,0.577343761920929,2.0095016956329346,0.5800606045934309,0.576672681288016,0.5757357395119036
505,0.9256445169448853,0.7647808790206909,0.5750781297683716,2.0143203735351562,0.5775805996871396,0.5740482342474995,0.5731552422347459
506,0.9273242354393005,0.7661771178245544,0.5760156512260437,2.0016367435455322,0.5788158293049929,0.5752642465529079,0.5744334575652863
507,0.9295703172683716,0.757749617099762,0.5701562762260437,2.024984836578369,0.5723799246722003,0.5689482659176219,0.5684056777781872
508,0.9292187690734863,0.7590897083282471,0.5782031416893005,2.0081887245178223,0.5808182205316439,0.5772922696504987,0.5764780241148438
509,0.9296289086341858,0.7561593055725098,0.5767968893051147,2.0045299530029297,0.5805857090586175,0.5759353558851792,0.5754397205657888
510,0.9305273294448853,0.7528994679450989,0.5783593654632568,2.0201990604400635,0.5818568314553674,0.5774465177483207,0.5767932070211248
511,0.9295507669448853,0.7564585208892822,0.5698437690734863,2.0266306400299072,0.572834897407835,0.5688941594062782,0.5681933654572212
512,0.9295898675918579,0.758954644203186,0.5784375071525574,2.0244524478912354,0.5819674877060987,0.5774573207035434,0.5767256130049419
513,0.9295898675918579,0.7590047717094421,0.576171875,2.024855136871338,0.5791688244813691,0.5752697060147032,0.5746153716255135
514,0.9300585985183716,0.7562057375907898,0.5784375071525574,2.0187270641326904,0.5818374466261766,0.5777272328093568,0.5769401134299447
515,0.9287109375,0.761716902256012,0.5725781321525574,2.030935287475586,0.5755814199959479,0.5716561426077782,0.5711747223812724
516,0.9270703196525574,0.7610127925872803,0.5753124952316284,2.028642177581787,0.579085604255853,0.5745942051090025,0.5744599705055924
517,0.9280078411102295,0.7641665935516357,0.5717187523841858,2.0317444801330566,0.5744152094393868,0.5709092832181879,0.5702520343060133
518,0.9304882884025574,0.7556157112121582,0.5802343487739563,2.0087878704071045,0.5830755652953713,0.5796142071621038,0.5786263376458167
519,0.9292382597923279,0.7566649913787842,0.5765625238418579,2.0212242603302,0.5794958473233058,0.5756889585401839,0.5752605697811333
520,0.9300195574760437,0.7529115080833435,0.5807812213897705,2.0147430896759033,0.5843100780649,0.5800039296328288,0.57936232675681
521,0.9291406273841858,0.7569242715835571,0.5807031393051147,2.0051016807556152,0.5849207536161937,0.5799507710697905,0.5795656053282787
522,0.9298437237739563,0.7565692067146301,0.5740625262260437,2.0179381370544434,0.5769775268037372,0.5729826854949355,0.5722587281797248
523,0.9282031059265137,0.7571288347244263,0.577343761920929,2.006864070892334,0.5797738894892395,0.5764540922338469,0.57553026725244
524,0.9278515577316284,0.7623666524887085,0.5790625214576721,2.012317657470703,0.5830444501577831,0.578233858340603,0.5777413150170423
525,0.9277734160423279,0.7604367136955261,0.5772656202316284,2.0012223720550537,0.5814442663970105,0.5765373962819219,0.5761671365382567
526,0.9276953339576721,0.7613354325294495,0.5796874761581421,2.022193670272827,0.5832563216047828,0.5787717767609911,0.5780187984059404
527,0.9282812476158142,0.7605410814285278,0.5693749785423279,2.026754379272461,0.5722566118918333,0.5682655756975598,0.5673982025607573
528,0.929003894329071,0.7592124342918396,0.5758593678474426,2.0061593055725098,0.5785867385336161,0.5745752306945484,0.5738925501513641
529,0.9291796684265137,0.7559078931808472,0.5814843773841858,2.0004312992095947,0.5855834388122727,0.5809580744929588,0.5803500620781765
530,0.929394543170929,0.7573275566101074,0.5748437643051147,2.010561227798462,0.5787931461214477,0.5737466427822475,0.5732457084325164
531,0.9302539229393005,0.7541770935058594,0.5760937333106995,1.9994642734527588,0.5791090065076574,0.575100119948752,0.5747765734597552
532,0.9305273294448853,0.7555282711982727,0.5793750286102295,1.9873757362365723,0.5828542238386056,0.5783103626364758,0.5775961780330915
533,0.9312890768051147,0.752106249332428,0.5766406059265137,1.9857089519500732,0.5798683637049307,0.5760172704232842,0.5755393081159088
534,0.9290624856948853,0.7634129524230957,0.5739843845367432,2.0265817642211914,0.5764374501342815,0.5731698375695821,0.5723337695836148
535,0.927050769329071,0.7603858709335327,0.573046863079071,2.018779993057251,0.5763807784479693,0.572246667216844,0.5715981395837041
536,0.9280664324760437,0.7603070735931396,0.5747656226158142,2.015455961227417,0.5769768097719642,0.574179369557938,0.5732146826863789
537,0.92724609375,0.7630441784858704,0.5750781297683716,2.0041208267211914,0.5778620395466434,0.574436309998793,0.5737557461602782
538,0.9273437261581421,0.7645645141601562,0.5765625238418579,2.0189735889434814,0.5798361178651846,0.5758369454268013,0.5752434226197346
539,0.9265234470367432,0.7659211754798889,0.571484386920929,2.0184195041656494,0.5745343055061994,0.5705049991108473,0.5696772732405441
540,0.9286523461341858,0.7598365545272827,0.5708593726158142,2.0192885398864746,0.5736230733347962,0.5702854833562803,0.5693712640327302
541,0.9284374713897705,0.7578157186508179,0.5788280963897705,2.017609119415283,0.5814406863135566,0.5781289112917555,0.5774191656357703
542,0.9278320074081421,0.7602893114089966,0.5764843821525574,2.0176141262054443,0.5786210685500438,0.5757615707069172,0.5745214282213654
543,0.9320117235183716,0.7499231100082397,0.576171875,2.0037953853607178,0.5791979633262443,0.5756391858699232,0.5747731967670755
544,0.9309765696525574,0.7550113201141357,0.574999988079071,2.0117435455322266,0.577707915947213,0.5743230948138256,0.5733494514332602
545,0.9306640625,0.7524999380111694,0.5735156536102295,2.027613639831543,0.5758060104602081,0.5724856756649829,0.5715347184847928
546,0.928515613079071,0.7582448720932007,0.5711718797683716,2.0297539234161377,0.5738244012442146,0.5705634741086225,0.5697251505638474
547,0.9296289086341858,0.7575526237487793,0.5724999904632568,2.0123178958892822,0.574553563578434,0.5717494294206799,0.5709253637558634
548,0.9301367402076721,0.750292956829071,0.5778906345367432,1.9963890314102173,0.5809488468441296,0.5772753990771218,0.5765846110523161
549,0.9296484589576721,0.756866455078125,0.5777343511581421,2.021986961364746,0.5815920187727572,0.5774817556752307,0.5768757834711228
550,0.9295312762260437,0.7542229294776917,0.5824999809265137,1.992930293083191,0.5860546656822769,0.582011998310395,0.5813655516035885
551,0.9327929615974426,0.7476517558097839,0.578125,2.001645565032959,0.5806170341160337,0.5775281100669232,0.5766088200959547
552,0.9306054711341858,0.7475997805595398,0.5809375047683716,1.9981483221054077,0.5837426759964385,0.5800071431671876,0.5791841144391137
553,0.9309375286102295,0.7524692416191101,0.5745312571525574,2.0352022647857666,0.5768288506144699,0.5739575497313775,0.5730236269495838
554,0.9297070503234863,0.7575010657310486,0.5737500190734863,2.0158541202545166,0.5766234247470663,0.5730190635283592,0.5722869448743412
555,0.9296875,0.7536094784736633,0.576953113079071,2.0118916034698486,0.579272464832295,0.576390224187746,0.5756631123334719
556,0.9292382597923279,0.7569543719291687,0.5832812786102295,2.004026174545288,0.5869206151762416,0.5826587927773637,0.5818749562324594
557,0.9288085699081421,0.7576918601989746,0.5770312547683716,2.030906915664673,0.5811777809169296,0.5760735176910752,0.5754986922437555
558,0.929882824420929,0.7553691267967224,0.5776562690734863,2.0165555477142334,0.5805118207810768,0.5769077619216956,0.5760199731636733
559,0.927929699420929,0.7612413763999939,0.5751562714576721,2.0174002647399902,0.5791752960754972,0.5743024587379193,0.5739040848666822
560,0.9294335842132568,0.7567830681800842,0.5746874809265137,2.0403575897216797,0.5779791556752858,0.5735285064991172,0.5730647385738492
561,0.9292578101158142,0.7584985494613647,0.5806249976158142,2.0143213272094727,0.5844702410503602,0.5797948764983896,0.5790688723016026
562,0.9286133050918579,0.7604963779449463,0.5744531154632568,2.0288288593292236,0.5773075118202994,0.5734450163582797,0.5729576745573897
563,0.9300781488418579,0.7559215426445007,0.5775781273841858,2.0062170028686523,0.5810030962000075,0.5770259139423505,0.5764759674757887
564,0.9315820336341858,0.7543060183525085,0.5817187428474426,2.000840663909912,0.5843963028413752,0.5810294876119648,0.5802726293522218
565,0.9328711032867432,0.7489719390869141,0.5801562666893005,2.010122299194336,0.5829626798888972,0.5793643298277251,0.5787864207431479
566,0.9315820336341858,0.7498576641082764,0.5764843821525574,2.008052110671997,0.5786787433770323,0.5758738727638948,0.5752701306953503
567,0.9321093559265137,0.748711347579956,0.5817968845367432,2.0046422481536865,0.5848914281004582,0.5811750032412815,0.5803600134095248
568,0.9299609661102295,0.7551994919776917,0.5754687786102295,2.017132520675659,0.5786421790890441,0.5746855022387192,0.5740186116076307
569,0.9323632717132568,0.7494166493415833,0.5806249976158142,2.0108160972595215,0.5829498552198111,0.579607852408385,0.5789651779506013
570,0.9310351610183716,0.7491346597671509,0.5799219012260437,2.0057945251464844,0.5822900980999531,0.5788952980984118,0.5781783411646559
571,0.9312304854393005,0.752255380153656,0.5758593678474426,2.036876916885376,0.5779376952855682,0.5749804794025661,0.5742702323241727
572,0.9314258098602295,0.7505717277526855,0.5782031416893005,2.0222742557525635,0.5803963935769133,0.5772002601827944,0.5763236448411337
573,0.9334570169448853,0.7491727471351624,0.5772656202316284,2.0238983631134033,0.579732955564886,0.57618967479354,0.5754225224586043
574,0.9331445097923279,0.7465669512748718,0.5766406059265137,2.0232889652252197,0.5788868443248281,0.5755580992077649,0.5744285416856961
575,0.9302929639816284,0.7534982562065125,0.576953113079071,2.0182487964630127,0.5805033031333636,0.5757916394501046,0.5753237577450869
576,0.931640625,0.7498727440834045,0.5740625262260437,2.022552251815796,0.5768301938893117,0.572939890443147,0.5721230584476963
577,0.9294140338897705,0.7577215433120728,0.5840625166893005,2.00124192237854,0.5871185030878456,0.5832202853478903,0.5823740276151885
578,0.9293554425239563,0.759488582611084,0.5798437595367432,2.000915765762329,0.5837569155205836,0.5789200241070566,0.5783234219725752
579,0.9307812452316284,0.7501059174537659,0.5739062428474426,2.01267409324646,0.5768887663965463,0.5733734774633994,0.5725882636451314
580,0.9311327934265137,0.7511917948722839,0.583984375,2.004309892654419,0.5872379403663518,0.5830613911063101,0.5824875447339475
581,0.9291210770606995,0.7564892768859863,0.5786718726158142,2.004606246948242,0.5823828725290343,0.5778391386817934,0.5772820293220394
582,0.9304101467132568,0.7558831572532654,0.5799219012260437,2.009716272354126,0.5828476203770278,0.5792072554326899,0.5787325320557362
583,0.9317187666893005,0.7484663128852844,0.5778124928474426,2.02473521232605,0.5810039168449619,0.5771415677755242,0.5766748582364143
584,0.931347668170929,0.7517508864402771,0.5850781202316284,1.9889092445373535,0.5875435283790761,0.5840238826255779,0.5834213534791575
585,0.9320703148841858,0.7469128370285034,0.5823437571525574,1.9927674531936646,0.5856209133755119,0.5814344729733172,0.581110610887058
586,0.9288867115974426,0.7548048496246338,0.5741406083106995,2.0248782634735107,0.5767175045235773,0.5732418369973756,0.5725708990728288
587,0.9333202838897705,0.7457826733589172,0.5780468583106995,1.9945220947265625,0.5807956456819853,0.5771414872662134,0.57634750484012
588,0.9316210746765137,0.7504783868789673,0.5795312523841858,2.0004100799560547,0.5825049185956865,0.5786930021515091,0.5776840177134006
589,0.9305273294448853,0.7512919902801514,0.5810937285423279,2.0140910148620605,0.5838993425924586,0.5802078847994571,0.5792496483130378
590,0.9328711032867432,0.7491026520729065,0.5830468535423279,2.001617193222046,0.5859514559263763,0.5821717835321361,0.5815763663950788
591,0.93212890625,0.7515275478363037,0.5782031416893005,2.0137839317321777,0.5812275650578134,0.5772665227204907,0.5763987897853751
592,0.9301953315734863,0.7533853650093079,0.5821093916893005,2.008462905883789,0.5851469165756895,0.5811326459448675,0.5806010877949368
593,0.9301562309265137,0.7520787715911865,0.5802343487739563,2.012557029724121,0.5828555668431941,0.5791970383672942,0.5784442671784972
594,0.9317968487739563,0.7518901228904724,0.5794531106948853,2.020552158355713,0.5816333509660032,0.5787282030502245,0.5777294531609898
595,0.9322460889816284,0.7478218674659729,0.5804687738418579,2.0086960792541504,0.5831890509997459,0.5793538166293724,0.578400293772064
596,0.9316992163658142,0.748805820941925,0.5816406011581421,2.0038552284240723,0.58453186369285,0.5804473198990523,0.5793888726348195
597,0.9317382574081421,0.7504231333732605,0.5788280963897705,2.0040676593780518,0.5813239246631214,0.577736679794387,0.5769091271535032
598,0.9311327934265137,0.7527410984039307,0.5745312571525574,2.0187125205993652,0.5780095777562403,0.5735543980644857,0.5731027334624459
599,0.9315234422683716,0.7516199350357056,0.5778124928474426,2.008423089981079,0.5799795871541483,0.5771195282060287,0.5764015632323276
600,0.9309179782867432,0.7524000406265259,0.5810937285423279,1.999161958694458,0.5842217310145135,0.5800607179539319,0.579567581921937
601,0.9323437213897705,0.7448410987854004,0.5846093893051147,1.9983636140823364,0.587606308738414,0.5839015789450579,0.5831402541248363
602,0.9311718940734863,0.7525442242622375,0.5795312523841858,2.0117554664611816,0.5818180433684548,0.5785421098812624,0.5777031638366257
603,0.9303515553474426,0.7532472014427185,0.5782812237739563,2.007220506668091,0.580974272395323,0.5777519738300366,0.5769836544614515
604,0.9310547113418579,0.753373920917511,0.5786718726158142,2.0128562450408936,0.5808615369451773,0.5780602523496902,0.5771390774291415
605,0.9321093559265137,0.7484163045883179,0.5819531083106995,1.9957399368286133,0.5844684300919724,0.5810097477778025,0.5800923719776898
606,0.934277355670929,0.7466749548912048,0.5713281035423279,2.0303475856781006,0.5738417883075246,0.5703585429265785,0.5693918139079412
607,0.9317382574081421,0.7488260865211487,0.5813281536102295,2.0157437324523926,0.5836940439343206,0.5807559561210054,0.5797718637747495
608,0.9324609637260437,0.7471736073493958,0.5810156464576721,2.010399341583252,0.5831494143637812,0.5804104793016354,0.5792891526827044
609,0.9325585961341858,0.7467020153999329,0.5815625190734863,2.0134525299072266,0.583566998224198,0.5805925919234539,0.5795227386033691
610,0.9336327910423279,0.7405417561531067,0.5831249952316284,1.9963788986206055,0.585952931494466,0.5821417647656009,0.581597724851992
611,0.9343554973602295,0.7399413585662842,0.5828906297683716,1.9893876314163208,0.586712449025333,0.5820314028832891,0.5814295607331972
612,0.9353906512260437,0.7378367781639099,0.5796093940734863,2.0158965587615967,0.5831843128951717,0.5790404993574958,0.5781986232902228
613,0.9289648532867432,0.753451406955719,0.578906238079071,2.0226972103118896,0.5822104154376622,0.5782659591830066,0.5775025989067937
614,0.9313671588897705,0.7484236359596252,0.5809375047683716,2.0157289505004883,0.5838840323708783,0.5800607652093686,0.5795048337186783
615,0.9317578077316284,0.7531044483184814,0.5795312523841858,2.003786087036133,0.5814298728794001,0.5787079120191871,0.577608203480611
616,0.9292382597923279,0.7533876895904541,0.5756250023841858,2.02306866645813,0.5783928582778337,0.5749713796020995,0.5739733503527391
617,0.93115234375,0.750764012336731,0.576171875,2.012892961502075,0.5790612796423915,0.5752025802138677,0.5744876480340517
618,0.9310156106948853,0.7518093585968018,0.5739062428474426,2.0417912006378174,0.5771556039299925,0.5732794845499668,0.5721941432722295
619,0.9318945407867432,0.7537734508514404,0.5842968821525574,2.0116586685180664,0.5874071373194326,0.5837738898143969,0.58300963956933
620,0.9332031011581421,0.7474730014801025,0.5728124976158142,2.0329384803771973,0.5747820244100231,0.5721400837982844,0.5705746022396172
621,0.9322070479393005,0.7496411800384521,0.5805468559265137,2.0027904510498047,0.5828028784347803,0.5799452368000497,0.5786284609904636
622,0.9320117235183716,0.7530527710914612,0.5775781273841858,2.0354933738708496,0.5801261631687493,0.576670308906612,0.5759403081514298
623,0.9325390458106995,0.7470400333404541,0.5799999833106995,2.01305890083313,0.582994805451434,0.579122386531292,0.5781281941139818
624,0.9311327934265137,0.7517339587211609,0.5754687786102295,2.027656316757202,0.57838248847894,0.5745815351802782,0.573996033064906
625,0.9324804544448853,0.7464381456375122,0.575390636920929,2.032815933227539,0.5780770687845647,0.5742352002676427,0.5733077695193958
626,0.9324609637260437,0.7482788562774658,0.5788280963897705,2.0203945636749268,0.5816286321127458,0.5781435138606189,0.577102769717589
627,0.9325585961341858,0.7482340931892395,0.5750781297683716,2.03322696685791,0.5780262047803484,0.5743565702041347,0.5733378277954915
628,0.9317382574081421,0.7508142590522766,0.5799999833106995,2.0157899856567383,0.5826333011440631,0.5791814216441243,0.5782883291899032
629,0.9311327934265137,0.7502378821372986,0.5827343463897705,2.0185391902923584,0.5858968044068567,0.5820820685899658,0.5809339074155258
630,0.9314062595367432,0.7521671056747437,0.5817187428474426,1.9931427240371704,0.5840886451638005,0.5810117277029856,0.5802622394291128
631,0.9317578077316284,0.7526383399963379,0.5748437643051147,2.0044193267822266,0.577688823508034,0.57423914453231,0.5733484007503304
632,0.932812511920929,0.7444408535957336,0.5787500143051147,2.0129690170288086,0.5819085114612993,0.5780790970016867,0.5775655762178057
633,0.9341992139816284,0.7453601956367493,0.5767968893051147,2.0168628692626953,0.579951443548,0.5756822805410438,0.5753601582852104
634,0.9330468773841858,0.7472702860832214,0.5743749737739563,2.0336978435516357,0.5776870411425195,0.573532568976518,0.5730367030458785
635,0.9327148199081421,0.7452419996261597,0.5771093964576721,2.017808675765991,0.5806256392970227,0.5766105024738764,0.5761424387520702
636,0.9317187666893005,0.7563117742538452,0.5771874785423279,2.0198917388916016,0.5799485678019247,0.5767226822447661,0.5757759701800216
637,0.9339062571525574,0.7485965490341187,0.5702343583106995,2.0347695350646973,0.5733139110662808,0.5694030673449736,0.5690525474273744
638,0.9342578053474426,0.7441754341125488,0.5786718726158142,2.0168113708496094,0.5812435919110575,0.5778535245289215,0.5769252741395581
639,0.9326562285423279,0.746112585067749,0.5735937356948853,2.0147593021392822,0.5770299933311187,0.572918668400594,0.5718739673390287
640,0.932910144329071,0.745578944683075,0.575390636920929,2.0235390663146973,0.5780285701977966,0.5746584243373616,0.5739781911576283
641,0.9331250190734863,0.743798017501831,0.5760937333106995,2.0180327892303467,0.5791820852523388,0.5752618738665116,0.5740699870804287
642,0.9341406226158142,0.7445629239082336,0.5721094012260437,2.034536123275757,0.5745135077536518,0.571681847650519,0.5703404289991363
643,0.9312890768051147,0.7523006200790405,0.5790625214576721,2.026747226715088,0.5818474817520323,0.5781556457538986,0.577131573819797
644,0.9321679472923279,0.7495412230491638,0.5842187404632568,1.9996246099472046,0.5865292050298797,0.5832034473638941,0.5823186451186366
645,0.9322460889816284,0.7478706240653992,0.576953113079071,2.017066240310669,0.5797365174563863,0.5763924755015659,0.5754468746958241
646,0.9305078387260437,0.7534481883049011,0.5779687762260437,2.0136117935180664,0.5800556473728211,0.5773782860403199,0.5761546188221711
647,0.9347070455551147,0.7449830770492554,0.5799999833106995,2.006225347518921,0.5831942888405401,0.5792056695445178,0.5782380281734409
648,0.9336718916893005,0.7476082444190979,0.5804687738418579,2.006697177886963,0.5831439223291365,0.5797805922643074,0.5783181697732431
649,0.9334179759025574,0.7443100810050964,0.5785156488418579,2.0150792598724365,0.5812762500173113,0.5776344484609748,0.5769128380078812
650,0.9357616901397705,0.7381698489189148,0.5835937261581421,2.01853084564209,0.5859672454518343,0.5825716192009935,0.5815158929393205
651,0.9346874952316284,0.7374537587165833,0.5824999809265137,2.024191379547119,0.5851399990277945,0.5813443642163226,0.5807415923617198
652,0.9352734088897705,0.7420382499694824,0.5791406035423279,2.021247625350952,0.5825751362100562,0.5782664014977217,0.5774791971891631
653,0.9357616901397705,0.7391332983970642,0.5760156512260437,2.0238230228424072,0.5778461197880694,0.5751193502750938,0.5739928587811784
654,0.9325976371765137,0.7474098801612854,0.5732812285423279,2.024125576019287,0.5762432745427708,0.5726620675240864,0.5718485187925637
655,0.9319726824760437,0.7452619075775146,0.5814062356948853,2.0292983055114746,0.5839217461660209,0.580783082118611,0.5796683525827621
656,0.9344921708106995,0.7403702735900879,0.5763280987739563,2.0402932167053223,0.5796127859757741,0.5750716351613427,0.5745815426139711
657,0.932324230670929,0.7483347058296204,0.5764062404632568,2.0405521392822266,0.5794631571657285,0.5755553573712429,0.5750596245240934
658,0.9323437213897705,0.7493672966957092,0.5736718773841858,2.0337979793548584,0.5761094275453233,0.5727176332570653,0.5718360895025523
659,0.9316601753234863,0.7496404051780701,0.578125,2.032299757003784,0.5809187230275736,0.5773777069590066,0.5762405286938549
660,0.9315624833106995,0.7494288086891174,0.5749218463897705,2.036790132522583,0.5777531411046269,0.5742881917754956,0.5732181853261442
661,0.9347070455551147,0.7399874329566956,0.5794531106948853,2.036642074584961,0.5822532846306312,0.5786041016301784,0.5779117267127205
662,0.9331640601158142,0.7478960156440735,0.5777343511581421,2.026473045349121,0.5812367366132611,0.5771578585554902,0.576653916708678
663,0.9339062571525574,0.7456536293029785,0.5719531178474426,2.031784772872925,0.5750745911149395,0.5712795514158198,0.5706523953886209
664,0.9337304830551147,0.7463300824165344,0.5804687738418579,2.0265629291534424,0.5836667105136712,0.5794788935892295,0.5788165916267733
665,0.9332031011581421,0.7461223006248474,0.5789843797683716,2.0240042209625244,0.5815837825060008,0.578027468204668,0.5772996803532713
666,0.9326953291893005,0.7480789422988892,0.583984375,2.011152505874634,0.5866864300213182,0.5826727238225635,0.581930287657126
667,0.9341992139816284,0.7445128560066223,0.5771874785423279,2.0463123321533203,0.5800345632346044,0.5762068943502606,0.5757918321778779
668,0.934374988079071,0.7411990165710449,0.574999988079071,2.027031183242798,0.5770234631349432,0.5738993335584055,0.5730987416591437
669,0.9345312714576721,0.7385581135749817,0.5754687786102295,2.0267374515533447,0.5774155974532083,0.5740894750062472,0.5735385718804893
670,0.9364843964576721,0.7361882925033569,0.5771874785423279,2.008998394012451,0.5796681076300234,0.5762050281039647,0.5757529176495024
671,0.9338281154632568,0.7421443462371826,0.5782031416893005,2.020266056060791,0.5802065240252307,0.5769416955060327,0.5765197823093018
672,0.9344726800918579,0.7441888451576233,0.5760156512260437,2.0506343841552734,0.5778836523304712,0.5750860536767708,0.5740692906972933
673,0.9342382550239563,0.7413294911384583,0.577343761920929,2.0326120853424072,0.5802114832126564,0.5760442833131063,0.5755729713184105
674,0.9334765672683716,0.7463248372077942,0.5724999904632568,2.0493569374084473,0.5746880957757965,0.5711423443644539,0.5706312466104511
675,0.9350000023841858,0.7365275621414185,0.5809375047683716,2.0346741676330566,0.5840468748579758,0.5797738331867833,0.5794799861349327
676,0.9337304830551147,0.7401325106620789,0.573437511920929,2.0583722591400146,0.5756026733189179,0.5726256019094504,0.5718090573663014
677,0.9322070479393005,0.7474229335784912,0.578125,2.0323212146759033,0.5806464199711938,0.5769561877939191,0.5764097127719996
678,0.9306836128234863,0.7507193684577942,0.5740625262260437,2.0337021350860596,0.5776395450109388,0.5728921031625297,0.5725419201295989
679,0.9342578053474426,0.7400162220001221,0.5700781345367432,2.0598502159118652,0.5733083509610843,0.5689134388353636,0.5684183354150372
680,0.9350390434265137,0.7436740398406982,0.578125,2.044400691986084,0.5810386778970786,0.5768277648213858,0.5765078830457075
681,0.933886706829071,0.7432150840759277,0.5842187404632568,2.015592098236084,0.5873910120697283,0.5831515509641416,0.5826247934471066
682,0.9324804544448853,0.7458710670471191,0.5726562738418579,2.034839391708374,0.5754081359078589,0.5718829357587425,0.5711438373341003
683,0.9331445097923279,0.7467119693756104,0.5738281011581421,2.0537643432617188,0.5768646127951429,0.5731375800905365,0.5724610226236031
684,0.932910144329071,0.745181679725647,0.5780468583106995,2.0244956016540527,0.5800951219447931,0.577157186832528,0.576475787539845
685,0.9343554973602295,0.7424324750900269,0.57421875,2.049471616744995,0.5770417406250584,0.5733347734591935,0.5725137520378174
686,0.9358203411102295,0.7416823506355286,0.5765625238418579,2.048837661743164,0.5789812267571325,0.5758430713399889,0.5751391940886743
687,0.9347265362739563,0.7437219023704529,0.5824999809265137,2.0344865322113037,0.5862078587036714,0.5816620308724836,0.581249599258271
688,0.9373632669448853,0.7365156412124634,0.5821874737739563,2.035824775695801,0.5852240664671783,0.5813410227739679,0.5804120500625864
689,0.9358789324760437,0.7388128638267517,0.5856249928474426,2.0249979496002197,0.5878532114560269,0.584282071213768,0.5833000488981797
690,0.9354687333106995,0.7398095726966858,0.5862500071525574,2.006869316101074,0.5896847336860271,0.5851693105207185,0.584387164849869
691,0.93701171875,0.733547031879425,0.5771874785423279,2.039642810821533,0.5800392524402325,0.5762401291049758,0.5754291197816166
692,0.933398425579071,0.7457758188247681,0.5796874761581421,2.0356881618499756,0.5825285024823995,0.5788082749111542,0.5778507671962595
693,0.9332422018051147,0.743027925491333,0.5755468606948853,2.0218169689178467,0.578432872425473,0.5747061449716803,0.5735918290204886
694,0.9362695217132568,0.7372340559959412,0.5853124856948853,2.018170118331909,0.5883676522256127,0.5841261142703382,0.583588389475312
695,0.9346679449081421,0.7397787570953369,0.5766406059265137,2.031221389770508,0.579127054344325,0.5759472992028456,0.5751230360518735
696,0.9372656345367432,0.7365185022354126,0.5774219036102295,2.0312464237213135,0.5805195152947387,0.5768597067144571,0.5760381843367988
697,0.9349414110183716,0.7409438490867615,0.5772656202316284,2.029905080795288,0.5801676968791905,0.5766844390181679,0.5755901789392859
698,0.9365624785423279,0.7345268726348877,0.5792187452316284,2.0246729850769043,0.5826626547983144,0.5786857036330393,0.5778657791894027
699,0.9331640601158142,0.7401362061500549,0.5825781226158142,2.029698610305786,0.5855803426965636,0.5819798354375574,0.5813781093106618
700,0.9333789348602295,0.7412640452384949,0.5783593654632568,2.0247950553894043,0.5799208340702195,0.5778309528567034,0.5765780651539114
701,0.9341210722923279,0.7435760498046875,0.5762500166893005,2.0259783267974854,0.5796642120301623,0.575921879669637,0.575313769071323
702,0.9343945384025574,0.7427161335945129,0.5740625262260437,2.023125410079956,0.5761289401747192,0.5731317072231705,0.5720810567434842
703,0.9344531297683716,0.7399110198020935,0.5785156488418579,2.042499303817749,0.580788503406601,0.5781819253400521,0.5772348995854699
704,0.9344140887260437,0.7402900457382202,0.5797656178474426,2.033710479736328,0.5828203597333226,0.5791493303456625,0.5782273470690574
705,0.9360156059265137,0.7386855483055115,0.58203125,2.0198442935943604,0.5849323565999771,0.5814530977802503,0.5807436875350482
706,0.9339062571525574,0.7403510808944702,0.5821874737739563,2.013568162918091,0.5847975844956872,0.5810519186937129,0.5802698959565709
707,0.9347460865974426,0.7390013337135315,0.5803906321525574,2.024540424346924,0.583412193721667,0.5793091521162105,0.5782587209935698
708,0.9330273270606995,0.7471869587898254,0.5776562690734863,2.0221540927886963,0.5803691495158463,0.5768648063018583,0.5762506135673968
709,0.9323437213897705,0.7504098415374756,0.5875781178474426,2.0190787315368652,0.5904956068840349,0.586565644586537,0.5860285824254288
710,0.9318945407867432,0.7522411346435547,0.5825781226158142,2.0135090351104736,0.585195481340022,0.5817071197873818,0.5810872859034195
711,0.9331640601158142,0.7493011355400085,0.5804687738418579,2.014186143875122,0.5842128941287934,0.5793430976545566,0.579070504560171
712,0.9334570169448853,0.7463983297348022,0.5771874785423279,2.0382497310638428,0.5807739506150909,0.57628825855288,0.5758018148047422
713,0.933300793170929,0.7448953986167908,0.580859363079071,2.0358855724334717,0.5839037431558961,0.5802340804788745,0.5795627833491923
714,0.9353906512260437,0.7416598796844482,0.5747656226158142,2.026582717895508,0.5778969405228971,0.5738901340819367,0.5734719568820257
715,0.9364843964576721,0.7357479333877563,0.5810937285423279,2.0133771896362305,0.5836985114635633,0.5803546520716222,0.5798176714525713
716,0.9338085651397705,0.7435979247093201,0.5771093964576721,2.0165913105010986,0.580213933705595,0.5763752612551956,0.575723239498436
717,0.9335156083106995,0.745144248008728,0.5796874761581421,2.029494285583496,0.5833321056928177,0.5790885995468966,0.5785304815095323
718,0.9333593845367432,0.7457332015037537,0.577343761920929,2.0439252853393555,0.5806956245319659,0.5764865978095113,0.5759032780673101
719,0.9333789348602295,0.7434662580490112,0.5819531083106995,2.030170202255249,0.5848240592267767,0.5809722839283405,0.5803872608173509
720,0.93359375,0.7475202083587646,0.5770312547683716,2.0372023582458496,0.5798711128137846,0.5760522090435436,0.5753388868343727
721,0.9371289014816284,0.7371412515640259,0.581250011920929,2.0144460201263428,0.5833965894632609,0.5797340865305816,0.5789845310984358
722,0.9354687333106995,0.7371453642845154,0.5757812261581421,2.0406134128570557,0.5787677106336805,0.5747576484389065,0.5743057142869746
723,0.9387304782867432,0.7318978309631348,0.5784375071525574,2.0056416988372803,0.5812875711216741,0.5772828623936274,0.5765634629864769
724,0.93701171875,0.7310865521430969,0.5829687714576721,2.0147783756256104,0.5854016522703958,0.5823711593490875,0.5813435473561398
725,0.9346679449081421,0.7386716604232788,0.576953113079071,2.030700445175171,0.5791558676160005,0.5761977992976637,0.5752512232917384
726,0.9353320598602295,0.7417464256286621,0.5782812237739563,2.035600423812866,0.5811607266571515,0.5774688849654797,0.5766464571773333
727,0.936328113079071,0.7372475266456604,0.587109386920929,2.015500545501709,0.5899802560159702,0.5862146509089519,0.5855046744981129
728,0.936816394329071,0.7375230193138123,0.5796093940734863,2.032773733139038,0.5830807275976297,0.5788377979129098,0.5783887631628214
729,0.9361132979393005,0.738486647605896,0.5835937261581421,2.020634651184082,0.5866895942223005,0.5824597333866254,0.5817585625350852
730,0.9339843988418579,0.7447283864021301,0.5844531059265137,2.0220398902893066,0.58782674669029,0.5832532799965644,0.5826917246556982
731,0.9357616901397705,0.733730137348175,0.5845312476158142,2.0355167388916016,0.5873136007238009,0.5835946879233161,0.5828428996536634
732,0.9357226490974426,0.7378299236297607,0.583984375,2.0280544757843018,0.5872076049073408,0.5833484845931027,0.582726663632178
733,0.9347460865974426,0.7384060025215149,0.582812488079071,2.017819404602051,0.5860339419893859,0.5817675620788008,0.5813445734525633
734,0.9325585961341858,0.743495762348175,0.5821874737739563,2.027585983276367,0.5857498198183397,0.5815622582104323,0.5809950193526453
735,0.9356250166893005,0.7412208318710327,0.5797656178474426,2.0321319103240967,0.5827858446891521,0.5785449681447019,0.5776718669948882
736,0.9374023675918579,0.734220564365387,0.5833593606948853,2.018467664718628,0.5863197784272021,0.5829551921663525,0.5822370819588634
737,0.9354492425918579,0.737002432346344,0.5842187404632568,2.0153918266296387,0.5870525203090711,0.5833773803555125,0.5825613741330593
738,0.934765636920929,0.7396836876869202,0.5814843773841858,2.0272562503814697,0.5853198825640753,0.5805758787800797,0.5798522808558804
739,0.9345312714576721,0.7392163276672363,0.5857812762260437,2.0192439556121826,0.5891081225631075,0.585034871149422,0.5841748657940729
740,0.9353711009025574,0.7393633127212524,0.5810156464576721,2.02211332321167,0.5838056296806962,0.580198670940584,0.5794723860385681
741,0.9363672137260437,0.7358251810073853,0.5760156512260437,2.0339195728302,0.5791777239359577,0.5750679354480794,0.5743143364090189
742,0.9326171875,0.7490353584289551,0.579296886920929,2.02886962890625,0.5824437022251143,0.5787654545199907,0.5778751248731355
743,0.9336523413658142,0.745932400226593,0.5817187428474426,2.0362043380737305,0.5847650627669555,0.5813343133375183,0.580297727976754
744,0.9361718893051147,0.7390526533126831,0.5834375023841858,2.0314321517944336,0.5860044933512554,0.5823968685054072,0.5818291755555067
745,0.9369921684265137,0.7386074662208557,0.5849999785423279,2.0232622623443604,0.5878870188875582,0.583878988466047,0.5829639515726472
746,0.935351550579071,0.7370439171791077,0.5807031393051147,2.037515640258789,0.5836185135981211,0.5798014236683705,0.5788084548766919
747,0.9363672137260437,0.7361785173416138,0.5815625190734863,2.024850845336914,0.5837284440133406,0.5807594228744815,0.5798081921475131
748,0.9384179711341858,0.7287795543670654,0.5806249976158142,2.0375795364379883,0.5834191439606491,0.5797655539630928,0.5790394564151132
749,0.935839831829071,0.7385005950927734,0.5823437571525574,2.0338382720947266,0.585890444072734,0.5814103325172644,0.5807677627377684
750,0.9368359446525574,0.7367258667945862,0.5829687714576721,2.03165864944458,0.5845689588557055,0.5817976905410734,0.5804531072154879
751,0.9363476634025574,0.7367592453956604,0.575390636920929,2.0427401065826416,0.5773682583830309,0.5740782162984241,0.5730075582705356
752,0.9358007907867432,0.7377833724021912,0.5818750262260437,2.035487174987793,0.5845774186622033,0.5807735126396112,0.5798326752865033
753,0.9364258050918579,0.7327404022216797,0.5782031416893005,2.0426933765411377,0.5819644082298194,0.5772984375605397,0.5766805122351069
754,0.9368554949760437,0.7323657274246216,0.5762500166893005,2.036410093307495,0.5786806021508064,0.5749642595628992,0.5739520271920239
755,0.9367578029632568,0.7349740862846375,0.5798437595367432,2.040613889694214,0.5822817425150226,0.5790406489506887,0.5776346909200918
756,0.9363867044448853,0.737893283367157,0.5778124928474426,2.0547196865081787,0.5808674201429141,0.5767360477071921,0.5756256394787782
757,0.9344140887260437,0.7374897599220276,0.5792187452316284,2.0623433589935303,0.5815489719782658,0.5780810375643989,0.5773379573851644
758,0.935839831829071,0.7380513548851013,0.583203136920929,2.0301222801208496,0.5855392129006445,0.5817417758866381,0.5810272753659911
759,0.9343554973602295,0.7407147288322449,0.5756250023841858,2.0458860397338867,0.5786925703662638,0.5742846563965316,0.5739177114185205
760,0.9355078339576721,0.7396295666694641,0.5824999809265137,2.036404609680176,0.5845438129593855,0.5813004847693599,0.5805023175148845
761,0.9381445050239563,0.7339423894882202,0.5785156488418579,2.0425004959106445,0.5807264127968346,0.5773932937753425,0.576888494890875
762,0.9367969036102295,0.7375478148460388,0.578125,2.04750394821167,0.5805629802160188,0.5769682079875689,0.5761369766566034
763,0.9367969036102295,0.7309140563011169,0.5798437595367432,2.038933038711548,0.5830387817375722,0.5789004269918221,0.5780893805717211
764,0.9371289014816284,0.734580934047699,0.5810156464576721,2.032973527908325,0.5849179587117872,0.5804647611520561,0.5796686912814679
765,0.9364843964576721,0.7380115985870361,0.5817968845367432,2.043980121612549,0.5842663897504448,0.5806412916783059,0.5799065042793528
766,0.9367969036102295,0.7373482584953308,0.5813281536102295,2.0450634956359863,0.5844247530401961,0.5801620700264367,0.5795345080493463
767,0.9367382526397705,0.7323065996170044,0.5842968821525574,2.020371913909912,0.5875600628656091,0.5834697667191625,0.5829827545829904
768,0.9342578053474426,0.741395890712738,0.5760937333106995,2.058387517929077,0.5789332233815949,0.5754431335160475,0.5747220396493693
769,0.9360741972923279,0.7358137369155884,0.5791406035423279,2.056227684020996,0.5830201761156216,0.5782434011310298,0.5778217875925592
770,0.9362890720367432,0.7376494407653809,0.5832812786102295,2.040069818496704,0.5856896024266326,0.5821693328993217,0.5811373930191176
771,0.9364258050918579,0.736409604549408,0.5752343535423279,2.0606606006622314,0.5782403341326695,0.5742030616682228,0.573372318594201
772,0.9367969036102295,0.7350977063179016,0.5778906345367432,2.061354160308838,0.5801824769054469,0.5769938006677204,0.5757196472577022
773,0.9387109279632568,0.7267508506774902,0.5827343463897705,2.0225107669830322,0.5849461025911218,0.5815708802290551,0.5808747477516601
774,0.9377539157867432,0.7287866473197937,0.5837500095367432,2.026003837585449,0.5858295024505649,0.5828818610973051,0.5821984304552104
775,0.9363672137260437,0.7332475185394287,0.574999988079071,2.0346479415893555,0.5785453964161288,0.5740209667199863,0.5736277211892169
776,0.9369140863418579,0.7306854128837585,0.5805468559265137,2.0477004051208496,0.5831256148629071,0.5796017712104533,0.5789630118289832
777,0.9380859136581421,0.7329164743423462,0.5797656178474426,2.0337843894958496,0.5825841883170919,0.5787352928544209,0.5776021350626671
778,0.9355664253234863,0.7360690236091614,0.5863281488418579,2.039301872253418,0.5896372293496052,0.5852304357106173,0.584768711383234
779,0.9377539157867432,0.729978621006012,0.5842187404632568,2.0444283485412598,0.5880480524670575,0.5831545130620048,0.5827465561512344
780,0.9370703101158142,0.7337159514427185,0.5786718726158142,2.051109552383423,0.5814698913187069,0.5776786455814198,0.5771413705229229
781,0.9346874952316284,0.741194486618042,0.5854687690734863,2.0382931232452393,0.589164062621579,0.584655038171515,0.5841339258878355
782,0.9358984231948853,0.7340554594993591,0.5853124856948853,2.0208473205566406,0.5884471466034008,0.5844549477799854,0.5838554562581021
783,0.9345898628234863,0.7409390211105347,0.5811718702316284,2.024082899093628,0.5848056874822467,0.580421756489929,0.5799307360330856
784,0.9344140887260437,0.7429296970367432,0.581250011920929,2.0307226181030273,0.5850782506405497,0.5803929674271806,0.5794150082384819
785,0.9358007907867432,0.7373246550559998,0.5860156416893005,2.033440589904785,0.589763789807552,0.585061137313132,0.5843348196891879
786,0.93701171875,0.7344635725021362,0.582812488079071,2.022825241088867,0.5854646536890631,0.5820207249018633,0.5812340047082512
787,0.9359375238418579,0.7349139451980591,0.5811718702316284,2.037954092025757,0.5840123999340194,0.5802232514694601,0.5794501017046978
788,0.9370312690734863,0.736401379108429,0.5867968797683716,2.0172441005706787,0.5904036764708285,0.5859651399354695,0.5853076161600692
789,0.9372265338897705,0.7341411113739014,0.5825781226158142,2.0305330753326416,0.5855751941034226,0.581611644540727,0.580762645332312
790,0.9374218583106995,0.7312331199645996,0.5783593654632568,2.056811809539795,0.5812306164619802,0.5776547383002825,0.5767365296841674
791,0.9348242282867432,0.7405528426170349,0.579296886920929,2.0622661113739014,0.5824826258024887,0.5778231382603165,0.5772622534602948
792,0.937304675579071,0.7293734550476074,0.5742968916893005,2.0665364265441895,0.5769913905731617,0.5733167979424074,0.5724322668574097
793,0.9383203387260437,0.7345545887947083,0.5817968845367432,2.0479352474212646,0.5839416575745957,0.5807358517117782,0.5797802160207917
794,0.9359765648841858,0.7362193465232849,0.581250011920929,2.0297293663024902,0.5843804069638431,0.5809381427379984,0.5803006441542634
795,0.9356054663658142,0.739238977432251,0.5757031440734863,2.0548675060272217,0.5782136015762005,0.5748321841638898,0.5742959830001075
796,0.938281238079071,0.7313515543937683,0.5818750262260437,2.0397369861602783,0.5850441752771774,0.5809846396501259,0.5800727743552903
797,0.9366992115974426,0.7363398671150208,0.5799219012260437,2.0340757369995117,0.5836296870097182,0.5789342285220753,0.5785570168507772
798,0.9382226467132568,0.7301316857337952,0.5835156440734863,2.022548198699951,0.5864908984599811,0.5826468335486885,0.5820064326989554
799,0.9385547041893005,0.727730929851532,0.5846874713897705,2.022301435470581,0.5874935669708568,0.582945763454815,0.5827042235138407
800,0.9366601705551147,0.7340065240859985,0.5759375095367432,2.0447635650634766,0.578097322608838,0.5744968056225768,0.5736370641685766
801,0.9379296898841858,0.7305299639701843,0.5811718702316284,2.0311708450317383,0.5838665333101598,0.579952448870949,0.5788583608519591
802,0.9368359446525574,0.7322164177894592,0.5810937285423279,2.067155122756958,0.5842464839842001,0.5801061024915077,0.5792185487908702
803,0.9371289014816284,0.7363136410713196,0.5762500166893005,2.0575361251831055,0.5792134852498125,0.575194219438017,0.574231795516243
804,0.9353320598602295,0.7356829047203064,0.5714062452316284,2.079387664794922,0.5745604078092253,0.5703906451993448,0.5694145325451417
805,0.9353125095367432,0.741313099861145,0.5767187476158142,2.073668956756592,0.5802618297592204,0.5754609173281309,0.574912840316076
806,0.9374609589576721,0.7332309484481812,0.580078125,2.0403761863708496,0.583972886364661,0.5791521325186512,0.5784165177192706
807,0.9364648461341858,0.7332738637924194,0.5790625214576721,2.0538344383239746,0.5816314372254852,0.5781941457900983,0.5774164163691051
808,0.9372656345367432,0.7362401485443115,0.5807812213897705,2.0417211055755615,0.5839256931209822,0.5797262641788969,0.5792158064569314
809,0.9375195503234863,0.7325780391693115,0.5789843797683716,2.0457117557525635,0.5820364533930757,0.5782114137971615,0.5774704443400328
810,0.9372265338897705,0.7347838878631592,0.5778906345367432,2.04654598236084,0.5802608463254271,0.5771305317793461,0.5760991923562585
811,0.9379296898841858,0.7294875979423523,0.5752343535423279,2.0490784645080566,0.577977307717985,0.5741613548083475,0.5734419293690045
812,0.93603515625,0.7378308176994324,0.5787500143051147,2.0394773483276367,0.5815782736101802,0.5779044900160841,0.5771347267074617
813,0.9370312690734863,0.7350188493728638,0.577343761920929,2.0416018962860107,0.5813154051102707,0.576714137188131,0.5758687382993507
814,0.9360547065734863,0.7381302714347839,0.5763280987739563,2.051327705383301,0.5795231910607971,0.5755567687279601,0.5745185912292086
815,0.9385351538658142,0.7283338904380798,0.5807031393051147,2.0369386672973633,0.5832750516372203,0.5801285642653233,0.579166632937792
816,0.936718761920929,0.7361014485359192,0.5740625262260437,2.0579018592834473,0.5767247533257875,0.573031143987515,0.5721381008317269
817,0.9381250143051147,0.7290418148040771,0.5810156464576721,2.0273427963256836,0.5833971097903129,0.5799648804905405,0.5788605867227554
818,0.9371874928474426,0.7347091436386108,0.5828906297683716,2.037856340408325,0.5851195763604813,0.5817752019056908,0.5808936592345912
819,0.938281238079071,0.7295015454292297,0.5849218964576721,2.037684679031372,0.5876465208278303,0.5841263125965934,0.5832145044082102
820,0.9370703101158142,0.733774721622467,0.5788280963897705,2.0456643104553223,0.5820656516324332,0.5779856195831747,0.5775060435949604
821,0.9380078315734863,0.7294108867645264,0.5805468559265137,2.037607192993164,0.5841007975988856,0.5798249777094042,0.5790276963035755
822,0.9350000023841858,0.7407841682434082,0.5816406011581421,2.0368125438690186,0.584229337881685,0.5806451863736899,0.5797691404817935
823,0.9343554973602295,0.7404784560203552,0.5824218988418579,2.025691270828247,0.5851765832754379,0.5817147338340811,0.5806192528713925
824,0.9354882836341858,0.7389291524887085,0.5813281536102295,2.038656234741211,0.5845409701738125,0.5800804795340188,0.5795575240503041
825,0.9351367354393005,0.7390003204345703,0.5768749713897705,2.067491054534912,0.5806309293101329,0.5760271001726782,0.5751998341564146
826,0.9367382526397705,0.7363775372505188,0.5803906321525574,2.051913261413574,0.5833920280456667,0.5795971024761903,0.5788625089632808
827,0.9383984208106995,0.7326696515083313,0.5796093940734863,2.0461363792419434,0.5830766463225512,0.5790320792153754,0.5783191457001184
828,0.9394726753234863,0.7274847626686096,0.5785156488418579,2.048778533935547,0.5818325251437089,0.5778658887117815,0.5768728095150173
829,0.9382030963897705,0.7325544953346252,0.5807031393051147,2.0354530811309814,0.584246088368434,0.5796911529800564,0.5793041511843562
830,0.9413866996765137,0.7204698324203491,0.5856249928474426,2.0372331142425537,0.5890653385290079,0.5848088851199877,0.5843318372861476
831,0.938183605670929,0.7272147536277771,0.5817968845367432,2.0422446727752686,0.5848653642825206,0.5810168418938164,0.5801253340988056
832,0.9356250166893005,0.7383521199226379,0.5735156536102295,2.0608577728271484,0.5762892590588429,0.5726998205868759,0.5720794083990279
833,0.9391406178474426,0.7268234491348267,0.5763280987739563,2.0542092323303223,0.5783582156296531,0.5755125966820588,0.5743626604120636
834,0.9392773509025574,0.7269649505615234,0.578125,2.0702009201049805,0.5817025331267149,0.5774169878445868,0.576519891799075
835,0.9398437738418579,0.7257088422775269,0.5783593654632568,2.0625078678131104,0.5813590001437025,0.5778809335455704,0.5769112651502509
836,0.9393163919448853,0.7255669236183167,0.5803124904632568,2.0481581687927246,0.5831414738191494,0.5794208232802368,0.5784592990752527
837,0.9364648461341858,0.7304864525794983,0.5790625214576721,2.065878391265869,0.5828792483489739,0.5784837130804026,0.5778816501663844
838,0.9364843964576721,0.731484591960907,0.5861718654632568,2.0524816513061523,0.5893041774442712,0.5854325622668328,0.5845581510664455
839,0.9340624809265137,0.7420840263366699,0.5805468559265137,2.0741758346557617,0.5839039945012375,0.5798526284282373,0.5792833529005711
840,0.936328113079071,0.7367310523986816,0.5810937285423279,2.055290460586548,0.584129782484156,0.5805918063816222,0.5797144590018571
841,0.9374023675918579,0.7343066930770874,0.5731250047683716,2.0810577869415283,0.576402867399062,0.5723890268836184,0.5714090479146828
842,0.9354492425918579,0.7387326955795288,0.5817187428474426,2.0606839656829834,0.5848180593993224,0.580984866152632,0.5800350658731253
843,0.9359765648841858,0.7363112568855286,0.5754687786102295,2.046515703201294,0.5786083607764934,0.5744414284754862,0.5736722789530755
844,0.9355859160423279,0.7363427877426147,0.5747656226158142,2.0718202590942383,0.5783555061118498,0.5741274853581066,0.5735557767435591
845,0.9346679449081421,0.7398744821548462,0.5774219036102295,2.073765277862549,0.5794083553542465,0.5765080068378643,0.5755224702851872
846,0.937695324420929,0.7303197979927063,0.5771093964576721,2.061378002166748,0.58119240198665,0.5763044886120324,0.5755946528074734
847,0.9385351538658142,0.7273709177970886,0.5767187476158142,2.0748021602630615,0.5803986065310752,0.5757083597203727,0.5750631875170344
848,0.9378710985183716,0.7321100831031799,0.5746874809265137,2.07879638671875,0.5781108003396608,0.5739210895749489,0.5729998804725843
849,0.9351953268051147,0.7381970882415771,0.5796093940734863,2.070443630218506,0.5818103694097966,0.5786093158284036,0.5779795495893292
850,0.9359765648841858,0.7356994152069092,0.5740625262260437,2.0712151527404785,0.5766113686708574,0.5731844519495438,0.5722572673979052
851,0.9405273199081421,0.7242532968521118,0.5813281536102295,2.0497117042541504,0.5834364328607,0.5805397268485094,0.5795495913439962
852,0.9393359422683716,0.7300457954406738,0.5776562690734863,2.0576515197753906,0.5801762008358695,0.5770965618800594,0.5760487563097363
853,0.937695324420929,0.7316577434539795,0.5792187452316284,2.0407915115356445,0.5813029176492582,0.5787805206618438,0.5774295312907037
854,0.9391992092132568,0.7300550937652588,0.5869531035423279,2.0386359691619873,0.5892833608658965,0.5860852478660542,0.5851284542470377
855,0.9401757717132568,0.7258493304252625,0.580078125,2.0352795124053955,0.5827251968392696,0.5791585395336882,0.5784451997926683
856,0.9406836032867432,0.721676230430603,0.5836718678474426,2.0429842472076416,0.5860432744236928,0.5827659024142384,0.5818012665359422
857,0.9417383074760437,0.7226235866546631,0.5835937261581421,2.0384604930877686,0.5856019135091429,0.5828932454465836,0.5816913243286738
858,0.93798828125,0.727942705154419,0.5826562643051147,2.0459015369415283,0.5851680305488243,0.5820372950487097,0.581000025589139
859,0.9374609589576721,0.7274916768074036,0.5821874737739563,2.0358715057373047,0.5854801321670581,0.581354585377454,0.5809609130681417
860,0.9373632669448853,0.7304559946060181,0.5788280963897705,2.0540730953216553,0.5812451564572634,0.5780486833614382,0.5772139822015357
861,0.9376562237739563,0.7302952408790588,0.5849999785423279,2.0334606170654297,0.5872289858404778,0.5844774249872119,0.583393822794325
862,0.9367578029632568,0.7314265370368958,0.5827343463897705,2.0536928176879883,0.5859888662773691,0.5821852587297417,0.5815267349115134
863,0.9353906512260437,0.737199604511261,0.5792187452316284,2.0616729259490967,0.5820359471527878,0.5785950928182408,0.5776141474509596
864,0.9383984208106995,0.7305269837379456,0.5871875286102295,2.0249767303466797,0.5901679127195381,0.5865696900964674,0.5860809392949653
865,0.9388281106948853,0.7273351550102234,0.5819531083106995,2.042154312133789,0.5848617987266229,0.5814698542759265,0.5808237566870094
866,0.937695324420929,0.7330608367919922,0.5748437643051147,2.0839223861694336,0.577485375788667,0.574110044059329,0.5733413570220398
867,0.9361718893051147,0.734876811504364,0.5814062356948853,2.0442519187927246,0.5845969823868107,0.5806772779903261,0.5796734616139032
868,0.9371874928474426,0.7349392771720886,0.5857812762260437,2.050872325897217,0.5896518495784919,0.5854054485031712,0.5841334395441299
869,0.9375195503234863,0.7339122295379639,0.5844531059265137,2.0430710315704346,0.5878805536956083,0.5838647409043948,0.583373617832236
870,0.937304675579071,0.7327374219894409,0.583203136920929,2.0317299365997314,0.5864138881947474,0.5825550475779637,0.5816545318897526
871,0.9386132955551147,0.7271277904510498,0.5807812213897705,2.0577504634857178,0.5834650597498114,0.5803893721069876,0.5795518637623651
872,0.939160168170929,0.7269020676612854,0.5778906345367432,2.06575608253479,0.5809402582440314,0.5773823253867474,0.5766637670265911
873,0.9397265911102295,0.7259984612464905,0.583203136920929,2.041923761367798,0.5872838708931132,0.5827722975355878,0.58245556885923
874,0.9404687285423279,0.7211843729019165,0.579296886920929,2.06584095954895,0.5820117020534883,0.5786526680932104,0.5777472811229087
875,0.9377343654632568,0.7304779291152954,0.5799999833106995,2.0569427013397217,0.5835028286193362,0.5796111871508609,0.5790128628713217
876,0.9375390410423279,0.731070876121521,0.5778906345367432,2.0626635551452637,0.5810377580303032,0.5775147249940876,0.5767203369563993
877,0.9382617473602295,0.727975606918335,0.5809375047683716,2.033592939376831,0.584180270480493,0.5806064755047918,0.580024481074792
878,0.938183605670929,0.729666531085968,0.587109386920929,2.032623529434204,0.5908595418194906,0.5868307254431213,0.5864615311886475
879,0.9377343654632568,0.7263662815093994,0.5822656154632568,2.060741662979126,0.5855225541123259,0.581849772145111,0.5811130760369875
880,0.9401562213897705,0.7241587042808533,0.5827343463897705,2.0423266887664795,0.5854850540048999,0.582390719604453,0.581624033119986
881,0.9392187595367432,0.7257032990455627,0.5879687666893005,2.0214929580688477,0.590407022398278,0.5874216830491374,0.586616438898252
882,0.9399023652076721,0.722466230392456,0.5815625190734863,2.0378475189208984,0.5837537032159921,0.5808080555884726,0.5797917100712677
883,0.9378515481948853,0.7290679216384888,0.5814843773841858,2.059943437576294,0.5847090190109633,0.5809955949701224,0.58034628843149
884,0.9406054615974426,0.7227351665496826,0.5848437547683716,2.048597812652588,0.5880126974776425,0.5843176399138159,0.5835098181690908
885,0.9384765625,0.7263131141662598,0.5823437571525574,2.0497970581054688,0.5848398820658807,0.5817731043404606,0.5808570170886255
886,0.9378320574760437,0.730060338973999,0.5807812213897705,2.0622589588165283,0.5837836318627698,0.5804561393698817,0.5794328101830678
887,0.9384375214576721,0.7266293168067932,0.5831249952316284,2.036526918411255,0.5858184693065139,0.5828384042005821,0.5816797304333028
888,0.9381054639816284,0.7304329872131348,0.5807031393051147,2.0558183193206787,0.5831784387622063,0.5804407582567923,0.579260790223162
889,0.9372265338897705,0.7320197224617004,0.5846874713897705,2.0374372005462646,0.5872594726513567,0.5837503360507483,0.5826202376652703
890,0.9385937452316284,0.7283680438995361,0.5826562643051147,2.028639793395996,0.5853797993094956,0.5820744116055678,0.5810967811566814
891,0.936230480670929,0.731101393699646,0.5817187428474426,2.037986993789673,0.584914026447845,0.581241888373097,0.5804246820754647
892,0.937304675579071,0.7293540239334106,0.5765625238418579,2.059807538986206,0.5797237423500012,0.5758447197326801,0.575010223088801
893,0.938183605670929,0.7317982316017151,0.5763280987739563,2.0743448734283447,0.5793925019345398,0.575887891416119,0.5748970716995978
894,0.9384179711341858,0.7293410301208496,0.5818750262260437,2.040443181991577,0.5851980162600496,0.5811419814286495,0.5802093496024922
895,0.9400585889816284,0.723696768283844,0.5782812237739563,2.04538631439209,0.5805424650103135,0.5771675920259551,0.5762408688893119
896,0.9395312666893005,0.724730372428894,0.5796874761581421,2.047344446182251,0.5816239587116105,0.5791288668662374,0.5782056297804474
897,0.9386132955551147,0.7269998788833618,0.5744531154632568,2.0632054805755615,0.5774395944988359,0.5739456271851237,0.5727518379139704
898,0.94091796875,0.7213611602783203,0.583984375,2.0462470054626465,0.5863807214188856,0.5835632674226363,0.5825139510015751
899,0.9393749833106995,0.7251767516136169,0.5807812213897705,2.0509307384490967,0.5834588634613844,0.5801950974846695,0.579348583442914
900,0.9405664205551147,0.7191464304924011,0.5804687738418579,2.0554065704345703,0.5837003204833884,0.5799841470279796,0.5792781097682487
901,0.9394335746765137,0.724982738494873,0.5777343511581421,2.053682327270508,0.5801124393409278,0.5770779786701986,0.5763009285192433
902,0.9395898580551147,0.7201440334320068,0.5764062404632568,2.06310772895813,0.5789870164836431,0.5756290751251287,0.5745567149472357
903,0.9377343654632568,0.7269595265388489,0.574999988079071,2.0654349327087402,0.5772677787533754,0.574472555716224,0.5735843813319497
904,0.9386327862739563,0.7242827415466309,0.5792187452316284,2.057992458343506,0.5814112207676656,0.5786221053314731,0.5774882196735333
905,0.9379687309265137,0.7321698069572449,0.5763280987739563,2.064288854598999,0.5784840828572335,0.5756730126493064,0.5751009418185014
906,0.9385547041893005,0.7276460528373718,0.5768749713897705,2.0668623447418213,0.5797218183842504,0.5759749537506204,0.5753819854090324
907,0.9388867020606995,0.7243891358375549,0.5764062404632568,2.055662155151367,0.5789003152837084,0.5758675935617038,0.575290732946323
908,0.9378710985183716,0.728055477142334,0.5774219036102295,2.05458664894104,0.5802132391162778,0.5769806795801469,0.575865725757674
909,0.9392383098602295,0.725588858127594,0.5707812309265137,2.0757057666778564,0.5724288699224693,0.5697059543251186,0.5687573571611007
910,0.9362890720367432,0.7327526211738586,0.5785156488418579,2.0539417266845703,0.5819435137900347,0.5778597679648353,0.5770614587219981
911,0.9366015791893005,0.7350767254829407,0.5784375071525574,2.065402030944824,0.5806953971596774,0.5779885596256995,0.5769888227020278
912,0.9374609589576721,0.7308909893035889,0.5810937285423279,2.0428340435028076,0.5835839776694682,0.580486406748194,0.5795633709919302
913,0.937792956829071,0.733867883682251,0.5763280987739563,2.0591742992401123,0.579428891348394,0.5758375253956466,0.5751304718820829
914,0.9380664229393005,0.7286404371261597,0.5720312595367432,2.0758118629455566,0.574949370453052,0.5714080005014843,0.5703794996034102
915,0.9381445050239563,0.7275037169456482,0.577343761920929,2.054623603820801,0.5798041527508372,0.5765950440559846,0.5759578414580321
916,0.9393554925918579,0.7250314354896545,0.5792187452316284,2.0580577850341797,0.5821068743138116,0.5787254289019301,0.577452692504226
917,0.9400195479393005,0.7261249423027039,0.5798437595367432,2.0663583278656006,0.5818370999903264,0.5792273164485799,0.5778080232494482
918,0.9391796588897705,0.7243121862411499,0.5786718726158142,2.058445692062378,0.5811755857168646,0.5778985484378971,0.5768619306485192
919,0.9412500262260437,0.7201361060142517,0.5760937333106995,2.0584640502929688,0.5791695125854001,0.575526602568839,0.5745525699515602
920,0.938183605670929,0.7315478324890137,0.5727343559265137,2.0808145999908447,0.5761798384659279,0.5723867238023259,0.5712993467057522
921,0.9374218583106995,0.7353634834289551,0.5753124952316284,2.053280830383301,0.5786328680566056,0.5747527105052348,0.5740963850934042
922,0.9393945336341858,0.7283665537834167,0.5759375095367432,2.0729899406433105,0.5785508898617746,0.575256576794443,0.5742408671099747
923,0.939746081829071,0.7241505980491638,0.5819531083106995,2.0335817337036133,0.5834127491856715,0.581377179933654,0.5802877950390081
924,0.9399218559265137,0.7224459052085876,0.5757812261581421,2.0407912731170654,0.5782139899978167,0.5752099724192066,0.5744775634982535
925,0.9398242235183716,0.7268314361572266,0.5757031440734863,2.062880516052246,0.5786833137113488,0.5748026053605131,0.573939057012604
926,0.9407812356948853,0.72063809633255,0.5817187428474426,2.0426197052001953,0.5840585640272754,0.58104220620593,0.5799731782346903
927,0.939453125,0.7251690030097961,0.5754687786102295,2.0676300525665283,0.5783387060480003,0.5747508546923099,0.5738300373796208
928,0.9383007884025574,0.72365403175354,0.5770312547683716,2.0427958965301514,0.5793285570496144,0.5762537025018963,0.5748356004334976
929,0.9393163919448853,0.7215518355369568,0.5763280987739563,2.0520074367523193,0.5791407541218734,0.5758292657070994,0.5748467294357374
930,0.9382617473602295,0.7307464480400085,0.5794531106948853,2.053309440612793,0.5827799328271552,0.5787220693387073,0.5779252592370332
931,0.9397851824760437,0.7236763834953308,0.5835937261581421,2.031996965408325,0.5867102250591489,0.5826278559268525,0.5818500485508089
932,0.9398046731948853,0.7264000773429871,0.5802343487739563,2.054123878479004,0.5836752579517143,0.5797575524306717,0.5791261247742635
933,0.9373437762260437,0.7293644547462463,0.5777343511581421,2.059891700744629,0.5818986235521029,0.5770761003532277,0.5763036418883862
934,0.940136730670929,0.7250564098358154,0.5794531106948853,2.074054002761841,0.5822697860846913,0.5787121945721692,0.5778781440874738
935,0.9405664205551147,0.7204174995422363,0.5846874713897705,2.063340187072754,0.5871333487116909,0.5837068894167606,0.5828733607354027
936,0.9366796612739563,0.731657862663269,0.5775781273841858,2.0887551307678223,0.580020817996804,0.5768737579452754,0.5760659222592299
937,0.9378906488418579,0.7329908609390259,0.5835937261581421,2.06923770904541,0.5864121377110822,0.5830246079217819,0.5820170298634615
938,0.9389843940734863,0.7282883524894714,0.5780468583106995,2.06992769241333,0.5812683434952919,0.5775002401291878,0.5766967209863114
939,0.9383203387260437,0.7280771732330322,0.5818750262260437,2.06687331199646,0.5849835299315904,0.5815124218566874,0.5805832370212549
940,0.9385937452316284,0.7277485728263855,0.5794531106948853,2.041297674179077,0.582478437555839,0.5789801067684133,0.5782435571283495
941,0.9377734661102295,0.7250561714172363,0.5743749737739563,2.063922882080078,0.5777060180492475,0.5740722776692382,0.5731467385088902
942,0.9385741949081421,0.7277620434761047,0.5766406059265137,2.061068058013916,0.5800920182465308,0.5764769037314168,0.575627311646612
943,0.9394726753234863,0.7262891530990601,0.5824218988418579,2.059053897857666,0.585466745168461,0.5820377684170075,0.5813240497531569
944,0.9394726753234863,0.7257891893386841,0.5835937261581421,2.0645499229431152,0.5858988084224702,0.5831738044286385,0.5821379687508161
945,0.9419335722923279,0.7192927598953247,0.5844531059265137,2.049243688583374,0.5868355387521824,0.5838634447169319,0.58263971113318
946,0.9388086199760437,0.7254776954650879,0.5853124856948853,2.0583980083465576,0.5885676348671091,0.5846557905928804,0.5839520767041964
947,0.9436718821525574,0.7139285206794739,0.5843750238418579,2.0387966632843018,0.5871784929377694,0.5836224415350268,0.5827660112050989
948,0.9415429830551147,0.717998206615448,0.579296886920929,2.051245927810669,0.5826894118504558,0.5787545536808083,0.5779447156685473
949,0.9404492378234863,0.7197093963623047,0.5752343535423279,2.062352418899536,0.5786679008621584,0.5745377714901856,0.5735087763278701
950,0.9390234351158142,0.7265408039093018,0.5804687738418579,2.0436325073242188,0.5833016619860827,0.5797328514234983,0.5789081511569648
951,0.9413476586341858,0.7198213338851929,0.5849999785423279,2.036261796951294,0.587844448867197,0.584516185486434,0.5835167298767757
952,0.9417773485183716,0.7153453230857849,0.5849999785423279,2.0453991889953613,0.586923290114814,0.5839731347868191,0.5831968847783646
953,0.9400781393051147,0.7200791239738464,0.5772656202316284,2.0679800510406494,0.5805103880040199,0.5765036200954627,0.5760858619383158
954,0.9405859112739563,0.7183480262756348,0.5816406011581421,2.0444555282592773,0.5836731481475448,0.5808000311733484,0.5799068865164065
955,0.9388867020606995,0.723035454750061,0.5807812213897705,2.0544681549072266,0.5835024734100611,0.579588867508204,0.5787682239416416
956,0.9361132979393005,0.7333066463470459,0.5792187452316284,2.0765886306762695,0.5816983085419832,0.5787513037221256,0.5778791820618501
957,0.9370312690734863,0.7323803901672363,0.5805468559265137,2.07409930229187,0.5829743985251983,0.5798562195402659,0.578859912730618
958,0.9389062523841858,0.7286550402641296,0.5863281488418579,2.056838035583496,0.5887749177481141,0.585599006146792,0.5848543115863784
959,0.938183605670929,0.7252769470214844,0.5797656178474426,2.0608468055725098,0.5819146808491906,0.5789858291449098,0.5781116173255649
960,0.9401757717132568,0.7208240628242493,0.5830468535423279,2.050985813140869,0.5857588159342886,0.5824837229123627,0.581439550445642
961,0.9395117163658142,0.7219684720039368,0.5796874761581421,2.068967342376709,0.5820378888979585,0.5792174474099959,0.5781438056188477
962,0.9416601657867432,0.7174973487854004,0.5828906297683716,2.058530807495117,0.5857034495933406,0.5819392189062362,0.5814649343847121
963,0.9393359422683716,0.7251507043838501,0.5821874737739563,2.059684991836548,0.5851222045830413,0.5813995939100223,0.5806039300941369
964,0.9409570097923279,0.7200574278831482,0.5796093940734863,2.0630366802215576,0.5829118208015365,0.5789400193047369,0.5784516082400344
965,0.9422851800918579,0.7141740918159485,0.5815625190734863,2.046072006225586,0.5846691549318526,0.5809672952400626,0.5801162566236228
966,0.9388281106948853,0.724246621131897,0.5842187404632568,2.053755760192871,0.5860797482691221,0.5835080563024218,0.582515686349221
967,0.9402929544448853,0.7201430797576904,0.5765625238418579,2.0594370365142822,0.5793620622987223,0.5755358200525754,0.5747524331891531
968,0.9379296898841858,0.7300428152084351,0.5794531106948853,2.053147315979004,0.5826916931234929,0.5790726320422587,0.578483656454031
969,0.9404882788658142,0.7213340997695923,0.5838281512260437,2.0538718700408936,0.5867501821171659,0.582911738607469,0.582401918646977
970,0.9388476610183716,0.722079873085022,0.5828906297683716,2.0544309616088867,0.5858229308708061,0.5822987806678848,0.5817941190040559
971,0.9394140839576721,0.7246444225311279,0.5836718678474426,2.05269455909729,0.5859670572953548,0.5827520880363886,0.5819503141265652
972,0.9367773532867432,0.7316046357154846,0.583203136920929,2.068655490875244,0.5867707469621827,0.5825951578010633,0.5820960076814228
973,0.9381445050239563,0.7254852056503296,0.5817968845367432,2.0520548820495605,0.5850648252039234,0.5808714094716961,0.580464659591002
974,0.9405468702316284,0.7201970815658569,0.5785156488418579,2.0579493045806885,0.5817858196540301,0.5776083243677832,0.5770256792402203
975,0.9400585889816284,0.7202202677726746,0.5807031393051147,2.0640153884887695,0.584432592143149,0.5795943717040847,0.579184880884454
976,0.9377343654632568,0.7262802124023438,0.5787500143051147,2.0650289058685303,0.5820300212721073,0.5777437179531009,0.5774658148227404
977,0.9379101395606995,0.7287129163742065,0.5807812213897705,2.0684828758239746,0.5844363055145372,0.5800669117601696,0.5794732740936867
978,0.9389062523841858,0.7265807390213013,0.5774999856948853,2.0752129554748535,0.5811368981253198,0.5766458526553797,0.5762190600638459
979,0.9369921684265137,0.7319602370262146,0.581250011920929,2.065382480621338,0.5847915580837586,0.5805941284988505,0.5798434220777064
980,0.9416601657867432,0.7177146077156067,0.5819531083106995,2.0704493522644043,0.5842429122893275,0.5814055010659749,0.5806148365788566
981,0.9403906464576721,0.7247892618179321,0.5852344036102295,2.062124252319336,0.5882312898240425,0.5844323839557437,0.5837693745977979
982,0.9410741925239563,0.7208259701728821,0.5775781273841858,2.068063735961914,0.5802179996450377,0.5766358047665329,0.5761907920504621
983,0.9397656321525574,0.7214669585227966,0.5793750286102295,2.057279348373413,0.5819733660288732,0.578703389741197,0.5778654821819883
984,0.9414843916893005,0.7170974016189575,0.5821874737739563,2.066892385482788,0.5850407619604219,0.580997165398545,0.580311394594685
985,0.9389258027076721,0.7248055934906006,0.5782812237739563,2.0640499591827393,0.580385316812974,0.5770534161084364,0.576306837536136
986,0.9398242235183716,0.7270779609680176,0.5770312547683716,2.085306406021118,0.5794168175724164,0.5758805427397212,0.5750264225629609
987,0.937792956829071,0.7286736965179443,0.5757812261581421,2.083949089050293,0.5788017135855991,0.5744694703315268,0.5738592302981029
988,0.9378125071525574,0.728873610496521,0.5817187428474426,2.0511369705200195,0.5844512750801172,0.5809983026502605,0.580219367970742
989,0.9400976300239563,0.7198523879051208,0.580078125,2.0500268936157227,0.5820734288367586,0.579246217892825,0.5779562959400257
990,0.9392969012260437,0.7243178486824036,0.5816406011581421,2.0519869327545166,0.5839587777526405,0.5809005748206841,0.5798473888802127
991,0.9379296898841858,0.7276170253753662,0.5803906321525574,2.072903871536255,0.5825836865398577,0.579394890577694,0.5786632125753204
992,0.9383789300918579,0.7296966314315796,0.5833593606948853,2.041855573654175,0.586274140444812,0.5823057789151298,0.5817223583387905
993,0.9411523342132568,0.7196497321128845,0.5775781273841858,2.0594184398651123,0.5796898915927462,0.5766890065057331,0.5758574373006248
994,0.9391992092132568,0.7266278266906738,0.5874218940734863,2.033425807952881,0.590513204838143,0.5866236140273897,0.5859916670122496
995,0.9395117163658142,0.7271702289581299,0.5814062356948853,2.0384018421173096,0.5847747600378903,0.5809735286252435,0.5805612799926777
996,0.9418163895606995,0.7196152210235596,0.5859375,2.0491325855255127,0.5889477888672234,0.585615366161971,0.5847806398373
997,0.9404687285423279,0.7203086018562317,0.5838281512260437,2.0447604656219482,0.5864506405431763,0.5833208454678723,0.5824265956319121
998,0.9421288967132568,0.7184603810310364,0.5860156416893005,2.0396385192871094,0.5883197484414181,0.5855850657588004,0.5844599607902685
999,0.9376757740974426,0.7260600924491882,0.5782812237739563,2.071928024291992,0.5810655321154996,0.5780180626447056,0.5770144386564227
