epoch,accuracy,loss,val_accuracy,val_loss,val_precision,val_recall,val_f1
0,0.0038867187686264515,11.143847465515137,0.003984374925494194,10.601417541503906,0.0042093899268744765,0.0039523787665530314,0.00341083693627951
1,0.0059960936196148396,10.747855186462402,0.004843750037252903,10.357251167297363,0.004334461595241353,0.004732239682023947,0.004370370933627147
2,0.007558593526482582,10.419891357421875,0.004140624776482582,10.147096633911133,0.003723939737751197,0.004043321521226682,0.0037626951455280245
3,0.00937500037252903,10.121188163757324,0.0042968750931322575,9.94871711730957,0.003943892457663672,0.004174366287829403,0.0038930223416737872
4,0.012148437090218067,9.843791961669922,0.0043750000186264515,9.760065078735352,0.004638820331987413,0.004313562926582366,0.004289705272414648
5,0.014570312574505806,9.580883979797363,0.003828125074505806,9.578824996948242,0.003561834442225996,0.0037029904321133665,0.0035298023886892733
6,0.017656249925494194,9.324182510375977,0.004765625111758709,9.405109405517578,0.004486289151302371,0.004592109997693089,0.0044192781902727095
7,0.021562499925494194,9.08382797241211,0.005625000223517418,9.238871574401855,0.005667640874672691,0.005457396945495855,0.00535727064032334
8,0.025390625,8.857263565063477,0.005937499925494194,9.080692291259766,0.005575795545581919,0.005783183957223473,0.005510998541284518
9,0.030292969197034836,8.63586711883545,0.006562499795109034,8.931395530700684,0.006510625495444634,0.006429888473438845,0.006254988918686864
10,0.033964842557907104,8.430066108703613,0.0073437499813735485,8.786864280700684,0.007442936509880003,0.0072535063115240685,0.007097848763728223
11,0.04179687425494194,8.23414421081543,0.0071875001303851604,8.645413398742676,0.00729587070357005,0.007032640542592224,0.006902126978736954
12,0.04623046889901161,8.040246963500977,0.0078125,8.509624481201172,0.0075768925206163,0.007671982212535375,0.007342214790414274
13,0.05216796696186066,7.85441780090332,0.007656250149011612,8.377238273620605,0.007716310104985154,0.007479941309412855,0.007335164873895175
14,0.060332030057907104,7.6717023849487305,0.008281249552965164,8.249232292175293,0.008407371883048862,0.00809872888648463,0.007925954680097082
15,0.06779296696186066,7.498805999755859,0.008750000037252903,8.121552467346191,0.008666032652458612,0.00860751341055548,0.008303228013701818
16,0.0758984386920929,7.3186798095703125,0.009687500074505806,8.002326965332031,0.00919304262227424,0.009486572255440551,0.009021299676760049
17,0.08292968571186066,7.158185958862305,0.009140624664723873,7.883779525756836,0.008184067986393501,0.00887664554258002,0.008200396093735716
18,0.09232421964406967,6.996708869934082,0.010781249962747097,7.764293193817139,0.0099596396637931,0.010480817125756835,0.009847496782423084
19,0.10105469077825546,6.834287166595459,0.012265625409781933,7.651535511016846,0.012011792437172571,0.012024740285320953,0.011508804510422448
20,0.11134765297174454,6.678818225860596,0.01171875,7.541736602783203,0.011320699231929764,0.011476418622629131,0.010909491807785315
21,0.12195312231779099,6.528118133544922,0.014531250111758709,7.438232898712158,0.013874810961895747,0.014204414048097063,0.013653473638190444
22,0.13089843094348907,6.3865227699279785,0.013437500223517418,7.335224151611328,0.012912996296364547,0.013131886667923311,0.012526968344948241
23,0.1384570300579071,6.247005462646484,0.013828124850988388,7.241906642913818,0.014285800987426954,0.013613418641856077,0.013252348025144611
24,0.14960937201976776,6.111791610717773,0.01601562462747097,7.149636745452881,0.016377501454875244,0.015739904910804483,0.01534569438686045
25,0.16208983957767487,5.976174354553223,0.016484374180436134,7.0594305992126465,0.016547658812335823,0.016218753204027242,0.01576114471621626
26,0.17808593809604645,5.839387893676758,0.017890624701976776,6.969559192657471,0.017701312741299303,0.017618175660680187,0.017028847214451706
27,0.18257813155651093,5.721492767333984,0.019375000149011612,6.891293525695801,0.019274469248847334,0.019120165310540838,0.018620722044468796
28,0.1968359351158142,5.595640182495117,0.020390624180436134,6.815791606903076,0.02000683467556703,0.020007064949808057,0.01934716878636776
29,0.20707030594348907,5.473649978637695,0.02250000089406967,6.738867282867432,0.022617315578037582,0.02219398879083228,0.021671227675364255
30,0.2211328148841858,5.35818338394165,0.023125000298023224,6.667996406555176,0.023220493967516603,0.022851015221823534,0.022280743063809928
31,0.22763672471046448,5.248922348022461,0.023749999701976776,6.601785659790039,0.023575191116794403,0.023460078228051937,0.022828268132620563
32,0.2425195276737213,5.124990463256836,0.026875000447034836,6.533823013305664,0.027070550773197755,0.026670957907494484,0.026147249568756834
33,0.2547851502895355,5.030447006225586,0.02640625089406967,6.467681407928467,0.02639960516378473,0.026103579785105375,0.025501360712292094
34,0.26326170563697815,4.922245025634766,0.029062500223517418,6.407771110534668,0.028870793923808386,0.0286665678280337,0.028136866358154752
35,0.27769529819488525,4.816464424133301,0.029062500223517418,6.346489429473877,0.029039081459430197,0.028776272979971325,0.028258646842537774
36,0.2879101634025574,4.715752124786377,0.03281249850988388,6.294554233551025,0.032017195964384376,0.0324143568281231,0.03142169368802526
37,0.3035937547683716,4.612349987030029,0.03531249985098839,6.237278938293457,0.03510768492690813,0.034954221041108555,0.034315710738130646
38,0.3123828172683716,4.522397041320801,0.034843750298023224,6.19062614440918,0.03461646023154062,0.03442791401511151,0.0337958604420857
39,0.3196484446525574,4.434097766876221,0.03695312514901161,6.141012191772461,0.036635633298920375,0.03647036944824263,0.035868099856228436
40,0.33646485209465027,4.335841178894043,0.038359373807907104,6.096542835235596,0.03773167127406801,0.03798888240622752,0.03719631580802468
41,0.34193360805511475,4.256043434143066,0.03851562365889549,6.0554094314575195,0.03806629751674797,0.03816352914475504,0.03747053465743781
42,0.3567773401737213,4.157593727111816,0.04195312410593033,6.012346267700195,0.041853155009732,0.04152494758086443,0.04102371679852908
43,0.36525389552116394,4.0889787673950195,0.04109375178813934,5.974527359008789,0.04062795534551497,0.04063519140531262,0.039943849087722215
44,0.37845703959465027,4.0020647048950195,0.04351562634110451,5.940454006195068,0.043136590667215605,0.04301405102421453,0.04237856831326667
45,0.38695311546325684,3.9296491146087646,0.043828126043081284,5.9080586433410645,0.04410494792901322,0.043451771468047524,0.043104448666138315
46,0.3983789086341858,3.845090389251709,0.04679687321186066,5.872506141662598,0.047330038678793526,0.046472082350361626,0.046122472599115845
47,0.4127148389816284,3.7734291553497314,0.04570312425494194,5.842812538146973,0.045400352922432,0.045208113840174695,0.04447305302145081
48,0.4192773401737213,3.7063024044036865,0.04742187634110451,5.8074517250061035,0.047724847691656455,0.046967311045133145,0.046610419387987025
49,0.4304882884025574,3.6308515071868896,0.049531251192092896,5.785609722137451,0.049551008166895616,0.04892861675443648,0.04850007608322583
50,0.4371679723262787,3.57267689704895,0.049687501043081284,5.7525200843811035,0.04959487960143659,0.049321474304557134,0.04871945019906938
51,0.4510546922683716,3.503941297531128,0.04710937663912773,5.7328877449035645,0.046920053352996316,0.04663544114504721,0.04616356040447486
52,0.45488280057907104,3.450376510620117,0.05195312574505806,5.703862190246582,0.0527567418748965,0.05161677498258352,0.051338319175557263
53,0.46921876072883606,3.3851845264434814,0.053203124552965164,5.680229663848877,0.053578995228902734,0.052830761074030994,0.052528127551416906
54,0.47749999165534973,3.319808006286621,0.05562499910593033,5.655682563781738,0.056243039173228246,0.05525844651966144,0.055032556719789065
55,0.48482421040534973,3.268983840942383,0.05570312589406967,5.627012729644775,0.055972212707183985,0.055362585158129834,0.05495282027679299
56,0.49076172709465027,3.2039601802825928,0.055546876043081284,5.618273735046387,0.05531136535098326,0.05508214325892023,0.054579781332150315
57,0.5048828125,3.1546967029571533,0.05656249821186066,5.585305690765381,0.05645539332370141,0.05631859781117492,0.05579692327162736
58,0.5136132836341858,3.095630168914795,0.05765625089406967,5.570840835571289,0.057145940519599495,0.057234485605316826,0.05660569994522706
59,0.5220507979393005,3.0426769256591797,0.05718750134110451,5.5512800216674805,0.05746031715737862,0.056911979257785614,0.056487889218578315
60,0.5267187356948853,3.003279685974121,0.057109374552965164,5.5319342613220215,0.05616549109965079,0.05661779772004444,0.05575175492884725
61,0.5386132597923279,2.9429285526275635,0.06078125163912773,5.5142645835876465,0.06044505350783455,0.06034952340873282,0.059722838538341386
62,0.5411913990974426,2.906611680984497,0.06062500178813934,5.4920125007629395,0.060757640734109275,0.060258003069454176,0.059766783171106536
63,0.5552734136581421,2.851979970932007,0.06195312365889549,5.479394435882568,0.06183900783866416,0.06162443775408597,0.06092353199975501
64,0.5588085651397705,2.8112945556640625,0.06234375014901161,5.4693193435668945,0.06135075626414318,0.0618200882455843,0.06099625794435992
65,0.5746093988418579,2.747185468673706,0.0632031261920929,5.45674991607666,0.06328163657209193,0.06270487944918551,0.062290787200807884
66,0.573535144329071,2.7268929481506348,0.06148437410593033,5.433953285217285,0.061172499664823465,0.06115818261485956,0.060567530042511086
67,0.5856835842132568,2.6754825115203857,0.0671093761920929,5.425765514373779,0.0675597224683582,0.06685550653155406,0.06654702526308663
68,0.5911523699760437,2.643209934234619,0.06648437678813934,5.40756368637085,0.06713856903799426,0.06623574590558622,0.06580147761913038
69,0.5956445336341858,2.6049163341522217,0.06828124821186066,5.389545440673828,0.06861873800914066,0.06816022676463657,0.06772131860562013
70,0.6054883003234863,2.561366081237793,0.06804687529802322,5.377077579498291,0.06814129124557491,0.06755357991659304,0.0671111094077568
71,0.6086328029632568,2.5317773818969727,0.06859374791383743,5.371834754943848,0.06856606502956189,0.06829466964941239,0.06770236210590808
72,0.6168359518051147,2.493241310119629,0.06695312261581421,5.358593940734863,0.06635262168411708,0.0665925169784807,0.06580998955469766
73,0.6221874952316284,2.4586005210876465,0.07203125208616257,5.341412544250488,0.07255388678784813,0.07181708803796424,0.07134679281782799
74,0.6301562786102295,2.4199581146240234,0.07249999791383743,5.3174214363098145,0.07241747018784346,0.07216022904028535,0.07138174513841264
75,0.6315820217132568,2.3950018882751465,0.07328125089406967,5.326747894287109,0.073349402288475,0.07314111573653599,0.07248976158922275
76,0.6432031393051147,2.3586618900299072,0.07328125089406967,5.305882453918457,0.0740499851157162,0.0731026713913044,0.07281499931984015
77,0.6434375047683716,2.335618019104004,0.07382812350988388,5.291759014129639,0.07396461012395959,0.07365580867328425,0.07313135725279755
78,0.6518750190734863,2.302037000656128,0.07468750327825546,5.283109188079834,0.07441029459877671,0.0744147176846322,0.07358151754857846
79,0.6587304472923279,2.26568603515625,0.07656250149011612,5.276327133178711,0.07631267630614631,0.07625834058038322,0.07541634647890792
80,0.6606835722923279,2.2526044845581055,0.07539062201976776,5.266495227813721,0.07463582647239048,0.07487429648992432,0.07404286291972581
81,0.6695898175239563,2.2143068313598633,0.07398437708616257,5.263540267944336,0.07441653140179083,0.07358078990201222,0.07313715221808809
82,0.6708788871765137,2.1882452964782715,0.07671874761581421,5.242797374725342,0.07659117147122071,0.07633861115265826,0.07561974110052144
83,0.6756445169448853,2.167004346847534,0.0774218738079071,5.228553295135498,0.07690454590992792,0.07698282570134116,0.07625268964205525
84,0.6821093559265137,2.140807628631592,0.0793749988079071,5.2192463874816895,0.07928342606270496,0.0789136100675508,0.07832117945868594
85,0.6839258074760437,2.1164910793304443,0.07914062589406967,5.206989288330078,0.07905724204195912,0.07874933849970328,0.07803590683286765
86,0.6890038847923279,2.0992543697357178,0.08070312440395355,5.196866512298584,0.0801464403886726,0.0803423892802215,0.07950098696440928
87,0.6969921588897705,2.063213586807251,0.08164062350988388,5.188742637634277,0.08154994775783914,0.08131735107236018,0.08054209048537692
88,0.6981250047683716,2.0508921146392822,0.08250000327825546,5.176570415496826,0.0819721312831865,0.08186901294389819,0.08106102407604701
89,0.7042382955551147,2.0204803943634033,0.08617187291383743,5.176640033721924,0.0863450691973231,0.08586942733115437,0.08517639663407092
90,0.7041211128234863,2.0084526538848877,0.08429687470197678,5.156467437744141,0.08387608272324736,0.08381109041969262,0.08308089128201082
91,0.7074218988418579,1.9898192882537842,0.08187499642372131,5.162962436676025,0.08194088894051052,0.08155495384526736,0.08096821283231453
92,0.7122265696525574,1.9709380865097046,0.08578124642372131,5.147622585296631,0.08583067387580773,0.08526353086874082,0.08462157961328873
93,0.7181640863418579,1.9487786293029785,0.0885937511920929,5.143939971923828,0.0882692439787569,0.08810352464598181,0.08728373722581598
94,0.7186328172683716,1.9293431043624878,0.08554687350988388,5.1302409172058105,0.0858267792221427,0.08506105021354023,0.08457968737374857
95,0.7206445336341858,1.9185552597045898,0.08734375238418579,5.119058132171631,0.08730152549671343,0.08678644500136681,0.08612430861785283
96,0.7237499952316284,1.9032883644104004,0.08843749761581421,5.1172709465026855,0.08819708335245491,0.08798590350629001,0.08723086358176829
97,0.7287499904632568,1.8791224956512451,0.08906249701976776,5.097644805908203,0.08955036472597963,0.08877020287102334,0.08830169769202702
98,0.733691394329071,1.8626322746276855,0.08953125029802322,5.094489574432373,0.0892017808952964,0.0890298688744263,0.0881558872579642
99,0.7396484613418579,1.8331434726715088,0.09421875327825546,5.094814300537109,0.09478599440331692,0.09403355509527911,0.09344499850117954
100,0.7395703196525574,1.8243279457092285,0.09296874701976776,5.079241752624512,0.09199832617511132,0.09237730712374159,0.09118839056862896
101,0.7422460913658142,1.8179235458374023,0.09273437410593033,5.079887866973877,0.09317033305145987,0.09225941548486424,0.09187183205475638
102,0.7419140338897705,1.8069696426391602,0.09671875089406967,5.055866241455078,0.09714593835269944,0.09626231673836207,0.09582530516822782
103,0.7487890720367432,1.7865166664123535,0.09515625238418579,5.0631422996521,0.09546923173055183,0.09475409187311723,0.09416389716792989
104,0.7475976347923279,1.777268886566162,0.09601562470197678,5.064414978027344,0.09615920969657281,0.0955124340467434,0.09471031586380536
105,0.7543163895606995,1.751761794090271,0.09453125298023224,5.05722188949585,0.09439554465470676,0.09403283518745664,0.09320985882547142
106,0.7513281106948853,1.7516086101531982,0.09765625,5.0421833992004395,0.09754286729435113,0.09721887567559429,0.09648914800149246
107,0.7564648389816284,1.732150912284851,0.09984374791383743,5.0371809005737305,0.09978112533705706,0.09950513107871013,0.09863788311287926
108,0.7623632550239563,1.7128570079803467,0.10093750059604645,5.020575046539307,0.10128430107661157,0.10046168271798142,0.09991284093790334
109,0.7609765529632568,1.7120082378387451,0.09906250238418579,5.0154829025268555,0.09913325377829033,0.09848084456829043,0.097809063466977
110,0.7685156464576721,1.6833808422088623,0.09820312261581421,5.0138139724731445,0.09798110305491872,0.09766592582893674,0.09678949305277934
111,0.7660742402076721,1.6798980236053467,0.1008593738079071,5.001206874847412,0.10017178656035254,0.10054330387075247,0.09928690234919112
112,0.7687890529632568,1.6675082445144653,0.10125000029802322,4.995720863342285,0.10192925997690339,0.10104001299370158,0.10049091399064458
113,0.76953125,1.6620250940322876,0.09984374791383743,4.99772834777832,0.10013803639538951,0.09957042798764595,0.09879633360945735
114,0.7759570479393005,1.6370724439620972,0.10507812350988388,4.9866156578063965,0.1052303860427983,0.10464302010015192,0.10390095488168086
115,0.7760546803474426,1.6376779079437256,0.10249999910593033,4.972779273986816,0.10227806943436807,0.10190751279457134,0.10121331447115385
116,0.7764257788658142,1.6321728229522705,0.10796874761581421,4.972092151641846,0.1076699391660199,0.10741688009649109,0.10643759321018295
117,0.7830663919448853,1.6090049743652344,0.10499999672174454,4.9744038581848145,0.10425235291837448,0.10447813455850445,0.10348338699487367
118,0.7786523699760437,1.6174774169921875,0.10968749970197678,4.960649013519287,0.10994985111789424,0.10926589930959876,0.10866026040681703
119,0.7845117449760437,1.589823603630066,0.10695312172174454,4.9615254402160645,0.10775953593465845,0.10660517868221914,0.106047338621847
120,0.782421886920929,1.588284969329834,0.11046875268220901,4.953463077545166,0.11063013140629882,0.11016542294981814,0.10932710963138029
121,0.7852148413658142,1.5782692432403564,0.10804687440395355,4.9412736892700195,0.10857125649879942,0.1078013846051176,0.10716975095123998
122,0.7865234613418579,1.5693081617355347,0.10578124970197678,4.9467058181762695,0.10606811811761929,0.1053679090713273,0.1047115012856821
123,0.7876757979393005,1.5610429048538208,0.11218749731779099,4.916388034820557,0.11220941067013755,0.11191212701686237,0.11095402368023824
124,0.7906054854393005,1.5558263063430786,0.1125781238079071,4.930474758148193,0.11294282993119775,0.11202929459221858,0.11144904518818449
125,0.7893945574760437,1.55216646194458,0.11171875149011612,4.906831741333008,0.1117797886586398,0.11114454941489746,0.11035452606171366
126,0.7950195074081421,1.52887761592865,0.11578124761581421,4.916902542114258,0.11571722297820079,0.11567566801538323,0.11463461314436206
127,0.7904101610183716,1.542711615562439,0.11570312827825546,4.907062530517578,0.11610150201450058,0.11529104690066529,0.11464932192696611
128,0.7977539300918579,1.5220619440078735,0.11281249672174454,4.894129753112793,0.11338632327282398,0.1122872863548151,0.11170914670134231
129,0.7983984351158142,1.516992211341858,0.11804687231779099,4.8912177085876465,0.11819502370250548,0.11751510179309807,0.11683580316575148
130,0.7994921803474426,1.503550410270691,0.11617187410593033,4.8842902183532715,0.11602144207095703,0.11577172055118565,0.1148175813015794
131,0.7982226610183716,1.511043906211853,0.11625000089406967,4.89576530456543,0.11701365371579542,0.11579471742756864,0.11525232496167301
132,0.8001367449760437,1.4996076822280884,0.11335937678813934,4.897402763366699,0.11352443433241557,0.11288793789697305,0.11212160821079543
133,0.7998046875,1.4926022291183472,0.11578124761581421,4.878715991973877,0.11633182261025947,0.11514745664662376,0.11455226890649992
134,0.8076367378234863,1.4730678796768188,0.11476562172174454,4.863245010375977,0.1151573397915937,0.11441531164035756,0.11378065772436546
135,0.8078515529632568,1.4707096815109253,0.1178906261920929,4.876165390014648,0.11726575433568454,0.11728899752445426,0.11598680294901145
136,0.8042773604393005,1.4750618934631348,0.12101562321186066,4.86155891418457,0.12125945132158558,0.12052089229360416,0.11970521629691064
137,0.8119921684265137,1.4536687135696411,0.1184374988079071,4.868524074554443,0.11860774350450445,0.11794451534316064,0.11701842182180092
138,0.8086133003234863,1.451727271080017,0.11804687231779099,4.860179424285889,0.11736091923777031,0.1175567015043183,0.11634894187194839
139,0.8129101395606995,1.4437373876571655,0.12101562321186066,4.843903541564941,0.12057980035961928,0.12035148781677316,0.11937501612680648
140,0.8118945360183716,1.4390099048614502,0.11859375238418579,4.827908039093018,0.11832896714984492,0.11805411708597571,0.11711852759495323
141,0.8140429854393005,1.4290086030960083,0.12031249701976776,4.840047836303711,0.11941204941757144,0.11955192963577982,0.11823106827072802
142,0.8153125047683716,1.424006462097168,0.11874999850988388,4.849910736083984,0.11876815251224722,0.11852967610547069,0.1174188819797724
143,0.8147851824760437,1.426025390625,0.1257031261920929,4.827214241027832,0.12512795853388115,0.1253104403416136,0.12405442269449155
144,0.8188866972923279,1.410150408744812,0.12195312231779099,4.831815242767334,0.12191214840657644,0.12126940020618314,0.12018252844806987
145,0.8166406154632568,1.4102078676223755,0.12398437410593033,4.8248138427734375,0.12488046301338272,0.12389428015789906,0.12312813146520594
146,0.8191601634025574,1.4030919075012207,0.12343750149011612,4.816548824310303,0.12361462546092943,0.12321649963094108,0.12217267340848553
147,0.8221484422683716,1.393856406211853,0.12421874701976776,4.815459728240967,0.12347983702066766,0.12379231612046152,0.122479110779723
148,0.8204296827316284,1.3998194932937622,0.1264062523841858,4.806453704833984,0.12619567834227616,0.12587599758589296,0.12478143422972339
149,0.8203906416893005,1.3920187950134277,0.12718750536441803,4.799401760101318,0.12663580194459975,0.12645284765582046,0.12542820928869475
150,0.8251562714576721,1.3776676654815674,0.12539061903953552,4.806792259216309,0.12515235219927442,0.12483023188568206,0.1237189831180966
151,0.8201953172683716,1.3836627006530762,0.13273437321186066,4.7918243408203125,0.13343274378017786,0.1323573142857117,0.13164091858404578
152,0.8208593726158142,1.3829655647277832,0.1296093761920929,4.78584623336792,0.12955200505913858,0.12913076971722423,0.12799031172988978
153,0.8250195384025574,1.3719955682754517,0.12421874701976776,4.792990684509277,0.12337746303178931,0.12355480490060125,0.12225944437990774
154,0.82568359375,1.3661561012268066,0.13023437559604645,4.786198616027832,0.13079657554171475,0.12976789391183496,0.12888142394450514
155,0.8244726657867432,1.361667513847351,0.1287499964237213,4.793828964233398,0.12804337467542684,0.1282335034267592,0.12678383344575594
156,0.828906238079071,1.352428913116455,0.13054686784744263,4.787065029144287,0.1310258552498878,0.1299444794505102,0.12915470155002523
157,0.826367199420929,1.356264591217041,0.12781250476837158,4.787766456604004,0.1280743755129661,0.12722192511750618,0.1264044719553362
158,0.8294531106948853,1.3471097946166992,0.12851563096046448,4.7733073234558105,0.12870602540829956,0.12810609113248417,0.1272032578977384
159,0.8269726634025574,1.3444868326187134,0.1314062476158142,4.767723560333252,0.1313919152934006,0.13110292421086078,0.12990132543590144
160,0.828417956829071,1.3436284065246582,0.12929686903953552,4.775206565856934,0.12980417190606552,0.12885541514294926,0.12781225896690301
161,0.8320702910423279,1.3334888219833374,0.12953124940395355,4.782900333404541,0.12960939436897806,0.12915297673098206,0.12796197527384354
162,0.8327343463897705,1.327865481376648,0.13273437321186066,4.744899272918701,0.13229976082008885,0.13216737739278425,0.13084057755563056
163,0.8338867425918579,1.3200998306274414,0.13585937023162842,4.756040573120117,0.13621973379110727,0.13536897010571486,0.13447492810665296
164,0.8340625166893005,1.3236430883407593,0.13367187976837158,4.779362201690674,0.1336564992024543,0.13330585375063259,0.13216190240632997
165,0.832812488079071,1.3243751525878906,0.13164062798023224,4.756756782531738,0.13135706145241433,0.13093653041632025,0.1299384740400051
166,0.8349413871765137,1.3135043382644653,0.13132812082767487,4.77053689956665,0.13132449493485163,0.13096216143316497,0.12985781629500606
167,0.834277331829071,1.3173426389694214,0.13187499344348907,4.775004863739014,0.13125514827161844,0.13126897340610355,0.13014605891478884
168,0.8343945145606995,1.311500906944275,0.13328124582767487,4.756932258605957,0.1329259127906504,0.13281947656076673,0.13175988474491068
169,0.8355273604393005,1.3056225776672363,0.13789062201976776,4.746072769165039,0.1387790138619999,0.13758471479956857,0.136823124769619
170,0.8369726538658142,1.301156759262085,0.13429687917232513,4.7547736167907715,0.13490976555792664,0.1336943170032608,0.13304388645333348
171,0.8365234136581421,1.3003509044647217,0.13398437201976776,4.730530261993408,0.13375581491415695,0.13369504189467551,0.1324977850912236
172,0.8396289348602295,1.2892764806747437,0.13539062440395355,4.729907989501953,0.13536246960599957,0.13482715549153662,0.13359374142073194
173,0.8387695550918579,1.292452096939087,0.13570313155651093,4.748706340789795,0.1357360995479586,0.13529917276608422,0.13419295353968666
174,0.8408593535423279,1.2849024534225464,0.13390624523162842,4.729737758636475,0.13505671324241045,0.13371892590547568,0.13278723222071348
175,0.8443554639816284,1.270358681678772,0.13828125596046448,4.720362186431885,0.1394941182493556,0.13799310028285286,0.13750134717237006
176,0.8441601395606995,1.2715367078781128,0.13804687559604645,4.719550132751465,0.13900858947576544,0.13760857449555383,0.13674810672032128
177,0.8451562523841858,1.2707531452178955,0.13875000178813934,4.726407051086426,0.1390496000100399,0.13829927796235314,0.13710936151516384
178,0.8431835770606995,1.2671387195587158,0.13859374821186066,4.745431900024414,0.1395149448634509,0.13829011899869895,0.13749651115333383
179,0.8381054401397705,1.2811174392700195,0.13515624403953552,4.728229999542236,0.13466627157103744,0.13453236834963386,0.1332319465098594
180,0.846972644329071,1.259436845779419,0.13898438215255737,4.739596366882324,0.1384886295647924,0.13837835750306282,0.13700774336655877
181,0.8465625047683716,1.2596192359924316,0.13914062082767487,4.732213020324707,0.13858523558813507,0.13862858517758464,0.13744245459416587
182,0.8457226753234863,1.2611925601959229,0.13695313036441803,4.729118347167969,0.13686352880418257,0.13651368836171746,0.13535778384969843
183,0.8480859398841858,1.2555218935012817,0.13789062201976776,4.731237411499023,0.1383072848278784,0.13755433686324414,0.1365427489086993
184,0.8454296588897705,1.2554104328155518,0.13898438215255737,4.718630313873291,0.13910874862047995,0.13842562276955364,0.13726148621976975
185,0.8466601371765137,1.2525595426559448,0.14000000059604645,4.718255996704102,0.14012168123159957,0.13951574688854812,0.13855674800991646
186,0.8446875214576721,1.2555080652236938,0.14445312321186066,4.717255592346191,0.1452765637503911,0.14403885326977944,0.14335596400330994
187,0.8470703363418579,1.246804118156433,0.14570312201976776,4.696495056152344,0.14563097279691833,0.14524271840685066,0.1442326181505978
188,0.8465234637260437,1.2508631944656372,0.1413281261920929,4.721683502197266,0.14204883054657796,0.14087714957524464,0.13995738716640393
189,0.8499609231948853,1.2338476181030273,0.14414063096046448,4.711589813232422,0.14361236033287483,0.14359940509321117,0.14232482229434767
190,0.8489648699760437,1.2393724918365479,0.1427343785762787,4.718790054321289,0.1433986148813332,0.14236608137286166,0.1416853220637863
191,0.8473437428474426,1.2466727495193481,0.14335937798023224,4.717354774475098,0.14407836348666808,0.14282577117545553,0.14187136724412414
192,0.853222668170929,1.2217364311218262,0.1459375023841858,4.703168869018555,0.14637526660896533,0.14529460583597273,0.14433869145511935
193,0.8523828387260437,1.2275304794311523,0.14499999582767487,4.702690601348877,0.14574094583993083,0.14443862706451138,0.14336664329784757
194,0.8511718511581421,1.2292400598526,0.14515624940395355,4.7163777351379395,0.14603619536469542,0.14471100689240862,0.1438788453065334
195,0.8536328077316284,1.2193604707717896,0.14546875655651093,4.697249889373779,0.1471155145158219,0.14502752792451762,0.14452825850734108
196,0.8502343893051147,1.2332483530044556,0.14281250536441803,4.705322265625,0.14462942063881906,0.14245649694154439,0.1419790066616796
197,0.8525781035423279,1.2222599983215332,0.1471875011920929,4.7031636238098145,0.147459231584431,0.14656024557496608,0.14561833230923402
198,0.8513476848602295,1.2217190265655518,0.1470312476158142,4.687500953674316,0.1481356490489555,0.14685963482740155,0.14613036729831627
199,0.8554491996765137,1.2079287767410278,0.14562499523162842,4.685084819793701,0.1464957603913534,0.1450703958665832,0.14432007745059364
200,0.8501757979393005,1.2187765836715698,0.1427343785762787,4.681272983551025,0.1428389342319928,0.14239977870596118,0.14133179719418942
201,0.8569140434265137,1.2084884643554688,0.14414063096046448,4.69704532623291,0.144907789822844,0.14377534034911116,0.14282536869869594
202,0.855761706829071,1.2050257921218872,0.14249999821186066,4.689505100250244,0.14331875911529307,0.14242266193722714,0.14143850361246274
203,0.8570312261581421,1.20198392868042,0.15007811784744263,4.691721439361572,0.15133733610219746,0.14975648699418861,0.14902142696972867
204,0.8579491972923279,1.2049275636672974,0.1478906273841858,4.685605525970459,0.14922877011989982,0.1472729159723315,0.14648306598343092
205,0.858691394329071,1.1940548419952393,0.1482812464237213,4.680283069610596,0.14820211424045293,0.1474406353933078,0.14648211449861365
206,0.8575390577316284,1.1958402395248413,0.15046875178813934,4.669190883636475,0.15124740971377815,0.14984883333190235,0.14909682120194562
207,0.8588085770606995,1.1949201822280884,0.15062500536441803,4.681417465209961,0.15161678451230057,0.1498734757574824,0.1491394341111788
208,0.8585156202316284,1.1945157051086426,0.15078124403953552,4.669795513153076,0.1515479996675082,0.15030485125190926,0.14957832704999868
209,0.8581640720367432,1.192931890487671,0.14734375476837158,4.658177375793457,0.14692716245035436,0.1467254798635,0.14533765299476242
210,0.8568945527076721,1.1946165561676025,0.14976562559604645,4.649660587310791,0.1504602951346064,0.14904613030936525,0.1483852558180497
211,0.8563281297683716,1.1993167400360107,0.14734375476837158,4.659246444702148,0.14747072255729177,0.1468255110290843,0.14587493216459146
212,0.8617773652076721,1.1795074939727783,0.15031249821186066,4.636778354644775,0.15027238865290748,0.14993376730118857,0.14871786187019248
213,0.8612109422683716,1.1806244850158691,0.15382812917232513,4.6570844650268555,0.1546196305124765,0.15331313594107848,0.15260420135262423
214,0.858105480670929,1.1874985694885254,0.14937500655651093,4.663965225219727,0.14995501332803612,0.14892094735039962,0.14780055750880064
215,0.8603906035423279,1.1801363229751587,0.14937500655651093,4.640937328338623,0.14979199575868762,0.14911646096745987,0.14783895171367376
216,0.8578320145606995,1.1886845827102661,0.14757812023162842,4.657874584197998,0.14832861380000223,0.14725623522603828,0.1461455954147174
217,0.8621484637260437,1.1757798194885254,0.14796875417232513,4.652872085571289,0.1485691018079892,0.14751678394739356,0.14663520947670267
218,0.8598437309265137,1.184661626815796,0.15351562201976776,4.6352643966674805,0.15481547586316058,0.15318108237746786,0.15259099221251635
219,0.8598437309265137,1.182566523551941,0.15312500298023224,4.64869499206543,0.1531416316590319,0.1526168270382406,0.15142382350438152
220,0.8630273342132568,1.166034460067749,0.1502343714237213,4.653542995452881,0.15165647458730452,0.1498660835801507,0.1492418908093944
221,0.86181640625,1.1690354347229004,0.15406249463558197,4.648882865905762,0.15539206040933745,0.15353323933410834,0.15297918504973468
222,0.8633593916893005,1.1702417135238647,0.15617187321186066,4.653341293334961,0.15694829430520219,0.15557799142199355,0.15469453720156945
223,0.8631836175918579,1.174607515335083,0.15265625715255737,4.650990962982178,0.15323003491404388,0.15216138499600215,0.15133920025697978
224,0.8635937571525574,1.1618032455444336,0.15351562201976776,4.6290364265441895,0.15432797058043196,0.15307640664765043,0.15238424014760266
225,0.8623242378234863,1.1672642230987549,0.15546874701976776,4.617791652679443,0.15653119407079663,0.1550336592057331,0.15439641683775357
226,0.8633398413658142,1.1627354621887207,0.15398436784744263,4.6427836418151855,0.15496404202528297,0.15337680515516705,0.1525342731741448
227,0.8672656416893005,1.1529316902160645,0.15460938215255737,4.637973308563232,0.15462648045024788,0.15413822041898928,0.15286640870232385
228,0.8656054735183716,1.1533355712890625,0.15656250715255737,4.646419525146484,0.15582643543890012,0.15591929644717975,0.15431605790598246
229,0.8645898699760437,1.1571470499038696,0.15593749284744263,4.656285762786865,0.15594763652918067,0.15520572519789108,0.15384011081117108
230,0.8647656440734863,1.157384991645813,0.15828125178813934,4.641989231109619,0.15919743877194703,0.15779683316770282,0.15686197251402387
231,0.862988293170929,1.1634149551391602,0.1587499976158142,4.623656749725342,0.1602442153949146,0.1585422922578772,0.15778448533670406
232,0.8666210770606995,1.1518672704696655,0.15796874463558197,4.6474690437316895,0.15844328450840797,0.1573447289412777,0.15631863837689697
233,0.8665234446525574,1.1483856439590454,0.15664061903953552,4.638898849487305,0.15567760143439452,0.15579319475538483,0.1542084297798343
234,0.8664453029632568,1.1509482860565186,0.15882812440395355,4.628281116485596,0.16007517950672262,0.15817685028489786,0.15735600272224315
235,0.8671093583106995,1.147937536239624,0.1557031273841858,4.6363115310668945,0.15555596325032567,0.15497437100638545,0.1537600674219571
236,0.8648828268051147,1.15078866481781,0.15976563096046448,4.6284613609313965,0.1598025375358086,0.15911866370266317,0.15810177967629147
237,0.868945300579071,1.1460018157958984,0.1594531238079071,4.6254472732543945,0.15944234440582028,0.15893396461340326,0.15765790479979486
238,0.8676562309265137,1.142839789390564,0.16148437559604645,4.625597953796387,0.16188670483584977,0.16107797574831856,0.16018930955276742
239,0.8671875,1.1448910236358643,0.1589062511920929,4.628312110900879,0.15886496553404236,0.15854776826778516,0.15735183554475024
240,0.8677734136581421,1.140560507774353,0.15734374523162842,4.647272109985352,0.15787873894261364,0.15698019004424973,0.1560820463945938
241,0.8671679496765137,1.1445462703704834,0.15921874344348907,4.641720771789551,0.15941126850632392,0.1585908066558232,0.1577193718531182
242,0.8715234398841858,1.1257437467575073,0.158203125,4.623448848724365,0.1589195771961223,0.1576087017910588,0.15675958041583404
243,0.8688867092132568,1.1352195739746094,0.15757812559604645,4.627735614776611,0.1583730368450871,0.1570716194070722,0.1563136652557887
244,0.8702148199081421,1.1331830024719238,0.15718750655651093,4.6292805671691895,0.15848506625879455,0.15671812827143822,0.1560473873915574
245,0.8693554401397705,1.131394386291504,0.15625,4.619736194610596,0.15777244133599644,0.15551671354527918,0.1550547390432428
246,0.86865234375,1.1381551027297974,0.15773437917232513,4.636270046234131,0.15862424257899568,0.15701718707873438,0.1562322137401893
247,0.8700000047683716,1.137793779373169,0.15953125059604645,4.632587909698486,0.15956958233952356,0.15878818829739422,0.15784242523331773
248,0.8700390458106995,1.1278718709945679,0.15898437798023224,4.620162010192871,0.15863726649260224,0.15825381440329667,0.1572070051066451
249,0.8724023699760437,1.1196033954620361,0.1596093773841858,4.621588706970215,0.160127948350051,0.15899389588670487,0.15789033831220137
250,0.873730480670929,1.1219456195831299,0.1608593761920929,4.613796234130859,0.16077390446103484,0.16026215122247606,0.1590877491597052
251,0.8742773532867432,1.1223719120025635,0.1607031226158142,4.6096110343933105,0.1594713644978864,0.15986999212452468,0.1582828479178598
252,0.8742969036102295,1.1164628267288208,0.1639062464237213,4.612071514129639,0.16518665416351952,0.16304300084345028,0.16262418436746057
253,0.8725000023841858,1.122749924659729,0.1614062488079071,4.602632999420166,0.16285841137002222,0.16086178818518776,0.16021782995341508
254,0.8727148175239563,1.1176578998565674,0.16273437440395355,4.6042399406433105,0.16291661839999796,0.16201028485763155,0.16100419035571972
255,0.8741796612739563,1.115707516670227,0.16695313155651093,4.569009304046631,0.16712720509209839,0.1660561410447028,0.16513577921798195
256,0.8716992139816284,1.117265224456787,0.16875000298023224,4.595627784729004,0.16876049378251257,0.16783537462065723,0.16644164239151077
257,0.8743554949760437,1.1140165328979492,0.1654687523841858,4.581765651702881,0.16577669696991826,0.16480747464479822,0.16378238264200495
258,0.8727148175239563,1.116774082183838,0.16453124582767487,4.603952884674072,0.16394201637191785,0.16369244467209276,0.16247890808142432
259,0.8720898628234863,1.1193218231201172,0.16445311903953552,4.601497173309326,0.16463373406524606,0.16381505829449977,0.16281056529286123
260,0.8757030963897705,1.1082122325897217,0.16500000655651093,4.591414928436279,0.16485572105173826,0.16440389696022806,0.16328041212617822
261,0.8790038824081421,1.106978416442871,0.16664062440395355,4.597198963165283,0.16735811301780357,0.16578213451454454,0.16502945665547916
262,0.8741601705551147,1.1030797958374023,0.16757813096046448,4.594168186187744,0.16770151366593528,0.16712761335943827,0.16595565486542313
263,0.8741015791893005,1.1079007387161255,0.16734375059604645,4.597009658813477,0.16858318011255577,0.16648424053573452,0.16587945246580102
264,0.8756640553474426,1.1045043468475342,0.1647656261920929,4.60341215133667,0.16518626799438968,0.1638817150353869,0.16303106241403853
265,0.8760547041893005,1.1062928438186646,0.16437500715255737,4.595549583435059,0.16426265239088175,0.16350399331956822,0.16264832498626264
266,0.8741210699081421,1.1092047691345215,0.16570311784744263,4.610513687133789,0.16615424025653358,0.16502710663717401,0.16393450225928757
267,0.8763476610183716,1.1011196374893188,0.16562500596046448,4.605225086212158,0.16635755335944363,0.16485433738886607,0.16400764394303075
268,0.8739062547683716,1.1077280044555664,0.16609375178813934,4.60866117477417,0.16539006500246956,0.1653989234817691,0.16394659322650337
269,0.8777929544448853,1.0977331399917603,0.16359375417232513,4.620565414428711,0.1630422749799848,0.16289508377672646,0.161565701954556
270,0.8794531226158142,1.096861481666565,0.16687500476837158,4.616517066955566,0.16724097392436074,0.1659633782110446,0.16520078779994068
271,0.8763086199760437,1.1012078523635864,0.1667187511920929,4.5988969802856445,0.16713815383151537,0.16621016823935666,0.1651837839993247
272,0.8758593797683716,1.1011353731155396,0.16453124582767487,4.589047431945801,0.16496818056030066,0.16436369716923166,0.16312263348100403
273,0.8756640553474426,1.1025255918502808,0.16500000655651093,4.619096755981445,0.16567907213933203,0.16427142163570208,0.16324435565014211
274,0.8755078315734863,1.1027261018753052,0.16773436963558197,4.605061054229736,0.16782401920425302,0.1670959388655333,0.1660363742303129
275,0.8799023628234863,1.087267518043518,0.1706250011920929,4.591065883636475,0.17020520431455066,0.16992378437682332,0.1687911997411894
276,0.880175769329071,1.091226577758789,0.16828125715255737,4.564575672149658,0.16794168998500503,0.16758885534834508,0.16630624621448858
277,0.876171886920929,1.093011736869812,0.16960936784744263,4.588525772094727,0.16999871673784508,0.1693880046532146,0.16808851422069715
278,0.8780859112739563,1.0928176641464233,0.17078125476837158,4.595925807952881,0.1711027306846782,0.17005021323753136,0.16898291277478733
279,0.8806445598602295,1.0871063470840454,0.169921875,4.591012954711914,0.1701998309829728,0.1693777496866205,0.16829518735805324
280,0.878613293170929,1.089369535446167,0.16757813096046448,4.601179599761963,0.1679302401275376,0.16675812451765806,0.16599880169269832
281,0.8772851824760437,1.0948874950408936,0.16445311903953552,4.578340530395508,0.16548491962582143,0.16389088578876104,0.16314163965420014
282,0.8793749809265137,1.0882813930511475,0.169921875,4.593947887420654,0.1697488199790661,0.16930528266476597,0.16789435148926213
283,0.8779687285423279,1.0919451713562012,0.17296874523162842,4.5860514640808105,0.17258099508247232,0.17221179195430295,0.17089441231442468
284,0.8802343606948853,1.0856014490127563,0.1706250011920929,4.591497421264648,0.17115967612304223,0.16997436325287713,0.1689521677103794
285,0.8803906440734863,1.0859225988388062,0.16914062201976776,4.57319450378418,0.1694453365792403,0.16868195471956188,0.16758034014364154
286,0.880859375,1.0824698209762573,0.16648437082767487,4.5763630867004395,0.16703686677481322,0.16600815602547056,0.165264624462289
287,0.8792187571525574,1.0858784914016724,0.169921875,4.5909528732299805,0.16991870360587943,0.16924772270348742,0.16824251908649118
288,0.8795703053474426,1.0859284400939941,0.17226561903953552,4.592737674713135,0.17201767167279386,0.17170171360781894,0.17050336179001999
289,0.8813672065734863,1.0792776346206665,0.1731249988079071,4.598837375640869,0.17365332106525866,0.17253599677752068,0.17152620266612678
290,0.8810937404632568,1.0834259986877441,0.16796875,4.598413944244385,0.16809742919377152,0.1673633885848878,0.16624309918153096
291,0.8800390362739563,1.082981824874878,0.17156249284744263,4.566984176635742,0.17113542258553405,0.17101202340251404,0.16962279782744394
292,0.8849023580551147,1.0683529376983643,0.17351561784744263,4.556137561798096,0.1733132240592705,0.1726619179234927,0.17170025914560733
293,0.883007824420929,1.0752488374710083,0.17109374701976776,4.580759525299072,0.17144339726496083,0.17069600240408528,0.16964755033536857
294,0.8827734589576721,1.072386622428894,0.16695313155651093,4.575155735015869,0.16712035974799688,0.16638194623218241,0.16558001047077592
295,0.8800390362739563,1.0802708864212036,0.1692187488079071,4.58061408996582,0.16929523868797847,0.16854944056585747,0.16734121584323852
296,0.883007824420929,1.0692641735076904,0.1739843785762787,4.57341194152832,0.17498063827163582,0.17358692192181252,0.1729641020672602
297,0.8818163871765137,1.0762351751327515,0.1750781238079071,4.587993621826172,0.1751495089868625,0.17462002275394603,0.17348663686618404
298,0.8817383050918579,1.0755887031555176,0.16835936903953552,4.581175327301025,0.1687496266830691,0.16794147683848043,0.16692577735187758
299,0.8822460770606995,1.0766937732696533,0.16625000536441803,4.610103130340576,0.16593702406109478,0.16556133859122799,0.1641979920492233
300,0.8830859661102295,1.0664461851119995,0.17359374463558197,4.556909084320068,0.17341673082255726,0.17300059918681876,0.17156728076405545
301,0.886523425579071,1.0626405477523804,0.17093749344348907,4.576519966125488,0.17189589810588074,0.17052046013173291,0.16950342059801038
302,0.8825390338897705,1.068682074546814,0.17335937917232513,4.5866007804870605,0.17434341791397923,0.17253631873482408,0.17187400213371296
303,0.881152331829071,1.0731415748596191,0.16710937023162842,4.58983039855957,0.16692273354138903,0.16669170581789425,0.16554511999437033
304,0.8849804401397705,1.0666502714157104,0.1784375011920929,4.5854692459106445,0.17795338348385228,0.177698833473148,0.1764000859863201
305,0.8841211199760437,1.0680875778198242,0.17695312201976776,4.595454692840576,0.17688490815617422,0.176481826321549,0.17489852484944446
306,0.884765625,1.064469337463379,0.1732812523841858,4.582559108734131,0.17329007740529845,0.17249076565425234,0.17138252027381795
307,0.8845508098602295,1.065394639968872,0.17796875536441803,4.55722713470459,0.17859711202429696,0.1773929460941314,0.1764150496744588
308,0.8802734613418579,1.0788100957870483,0.1759375035762787,4.566339015960693,0.17653094337810804,0.17540255661769216,0.1744828239555744
309,0.8884375095367432,1.0543612241744995,0.1736718714237213,4.563040256500244,0.17374618391149005,0.17308871976482681,0.17208700291732074
310,0.8856445550918579,1.0604162216186523,0.1770312488079071,4.553760528564453,0.17900437794170768,0.17659188896523015,0.1760861166485514
311,0.8866601586341858,1.0602078437805176,0.1717187464237213,4.566699028015137,0.17238927239890522,0.17123313622954234,0.17032657066503332
312,0.8850390911102295,1.0631020069122314,0.17796875536441803,4.55283260345459,0.17869184770126914,0.17725806962507867,0.17630355312307197
313,0.8815820217132568,1.0688164234161377,0.17601563036441803,4.586763381958008,0.17671557623568473,0.17549120557646863,0.17467444046250494
314,0.8853906393051147,1.0629518032073975,0.17460937798023224,4.580338954925537,0.174515675886937,0.1739897557483917,0.17272957824451857
315,0.8845508098602295,1.064143180847168,0.17796875536441803,4.5630645751953125,0.17877191668118175,0.1775466868881359,0.17666350395450797
316,0.8848632574081421,1.0608006715774536,0.1770312488079071,4.561370849609375,0.17730846701694947,0.17644907932980483,0.17556878567200207
317,0.8856835961341858,1.0566939115524292,0.17281250655651093,4.570045471191406,0.17362190237222327,0.17232177847557986,0.17141707148645163
318,0.8863866925239563,1.0593571662902832,0.17460937798023224,4.582592964172363,0.1751417789863705,0.17433445559766603,0.17321066919539016
319,0.8854101300239563,1.063004493713379,0.17148438096046448,4.592000961303711,0.1726481086626001,0.17110780382971208,0.17043840359110102
320,0.8863476514816284,1.0570350885391235,0.17499999701976776,4.566598415374756,0.17578633358808798,0.17473774484672996,0.17388283668152804
321,0.8834765553474426,1.0628352165222168,0.17671875655651093,4.568629264831543,0.177280640987136,0.17649271739456396,0.175287201389017
322,0.8862695097923279,1.0593255758285522,0.1764843761920929,4.570418357849121,0.17767384672319608,0.1761061241933795,0.17544138144042115
323,0.8881445527076721,1.0485409498214722,0.17867188155651093,4.536500453948975,0.17826451455337522,0.1782761198920462,0.17661839617068814
324,0.8896288871765137,1.046221137046814,0.17664062976837158,4.562416076660156,0.1769094398928004,0.1763268317486955,0.1751844271382565
325,0.8872460722923279,1.0505399703979492,0.17460937798023224,4.549163341522217,0.17516642912717173,0.17426968918632907,0.1731059688970066
326,0.885937511920929,1.0555613040924072,0.17429687082767487,4.559915065765381,0.17521473333906096,0.17399023781230616,0.17304646216180528
327,0.8883593678474426,1.0477789640426636,0.17585937678813934,4.532901763916016,0.17731869001955133,0.17529525081614683,0.1748043178632263
328,0.8877539038658142,1.0491138696670532,0.17874999344348907,4.5594305992126465,0.18019699098075187,0.17807735439976316,0.177566041211474
329,0.8879687786102295,1.052606463432312,0.1770312488079071,4.55719518661499,0.1777809393194195,0.17660469188897765,0.17570623134761448
330,0.8858398199081421,1.058545708656311,0.18187500536441803,4.564205169677734,0.1833760912047132,0.18129166443165257,0.1806241233584976
331,0.8880273699760437,1.0510613918304443,0.17742186784744263,4.5582709312438965,0.17843489399259083,0.17715249409539585,0.17620741863584535
332,0.8893749713897705,1.0477361679077148,0.1778906285762787,4.558869361877441,0.1789195023965516,0.17747800957223292,0.17646692826603905
333,0.8896484375,1.0402398109436035,0.17765624821186066,4.574765682220459,0.17779676071167475,0.1771834972779675,0.175987686996945
334,0.8859961032867432,1.053985834121704,0.18046875298023224,4.568150520324707,0.18177404066601355,0.1799962805315406,0.17930982025514158
335,0.8904687762260437,1.044487476348877,0.17820312082767487,4.5667643547058105,0.1790027053854486,0.1779057892243407,0.17713975815610508
336,0.8912109136581421,1.039283275604248,0.18015624582767487,4.544533729553223,0.17967838241981243,0.17935076389651045,0.17807849942766202
337,0.8891797065734863,1.0461925268173218,0.17585937678813934,4.577026844024658,0.17702399690161408,0.1752255761260005,0.17463778007803546
338,0.8870702981948853,1.0518136024475098,0.17460937798023224,4.589228630065918,0.1759278914057576,0.17416972596060876,0.1733691405031983
339,0.8871093988418579,1.0500190258026123,0.17460937798023224,4.552890300750732,0.1751132534356876,0.17403505957567378,0.1729645064996682
340,0.8858789205551147,1.0521371364593506,0.17640624940395355,4.555163383483887,0.17766656642802017,0.17603755110347905,0.1752521838606572
341,0.888867199420929,1.044157862663269,0.18265624344348907,4.555639266967773,0.18249783791450375,0.18227977921779998,0.18097707347048012
342,0.8842577934265137,1.0582343339920044,0.18015624582767487,4.576449394226074,0.18121332973388826,0.17978331780823134,0.17906670313709488
343,0.8911328315734863,1.0389331579208374,0.18328124284744263,4.562901496887207,0.18408292968144946,0.18265252199457518,0.181946354700889
344,0.8900585770606995,1.038529396057129,0.18062500655651093,4.558586597442627,0.18077689344824258,0.18007655158962727,0.1789126341550124
345,0.8889062404632568,1.0440022945404053,0.17781250178813934,4.551481246948242,0.1786325934654723,0.177240172380082,0.17628122034211546
346,0.8908593654632568,1.0416538715362549,0.18031249940395355,4.54401969909668,0.1815386778263581,0.17975488088996072,0.17896217314632748
347,0.8935156464576721,1.0300673246383667,0.17851562798023224,4.547730922698975,0.17993919939196348,0.17799354235521203,0.17717336327849192
348,0.8901757597923279,1.0378352403640747,0.17695312201976776,4.559798717498779,0.17918832017122305,0.1767204004838032,0.17617291158329493
349,0.8890039324760437,1.0372381210327148,0.1810937523841858,4.559889316558838,0.18144308932361403,0.18015941588361142,0.17920491736833294
350,0.8884375095367432,1.0461140871047974,0.18445312976837158,4.551668167114258,0.18408891290465793,0.18377380071653027,0.18223665994436208
351,0.892578125,1.0327621698379517,0.18789061903953552,4.520552635192871,0.18762334255664184,0.18726922595578688,0.18581872285179138
352,0.8922656178474426,1.0352203845977783,0.17710937559604645,4.551821708679199,0.17706482790620642,0.17667062073671042,0.17510197500291105
353,0.8881445527076721,1.0428626537322998,0.185546875,4.5406293869018555,0.18603490817051618,0.1850559165994965,0.1838399075926431
354,0.8910742402076721,1.0337660312652588,0.18195313215255737,4.540304660797119,0.18192680828393906,0.18164785761994215,0.18033996848501702
355,0.8916015625,1.0325156450271606,0.18046875298023224,4.536427974700928,0.18062323158118943,0.1800089796007834,0.17856601203829042
356,0.8941991925239563,1.0266432762145996,0.17804688215255737,4.548178672790527,0.1789091735923899,0.17758946113555157,0.1765363944395628
357,0.8935937285423279,1.030295729637146,0.17937499284744263,4.52037239074707,0.1800929205489516,0.17863178397764207,0.1776639043469647
358,0.8932812213897705,1.025989055633545,0.18382813036441803,4.516034126281738,0.18429370594232292,0.18325036568008632,0.18210748763295653
359,0.8917382955551147,1.030435562133789,0.1828906238079071,4.531429290771484,0.18363376605418122,0.18216854644204444,0.18114806550751403
360,0.89306640625,1.0280108451843262,0.18195313215255737,4.546403884887695,0.18329441142930142,0.18143787078889054,0.18059899590413442
361,0.89208984375,1.0281145572662354,0.18320313096046448,4.553285121917725,0.18405672790634003,0.18280956695172212,0.18186112366185128
362,0.8909570574760437,1.0304741859436035,0.18187500536441803,4.549853324890137,0.18156937156830552,0.18132970111706442,0.17991564850125458
363,0.8908593654632568,1.0350357294082642,0.18601562082767487,4.5631256103515625,0.18572091330910687,0.18520923992892316,0.18362607724839586
364,0.8940039277076721,1.0262492895126343,0.18617187440395355,4.5495452880859375,0.18643964064363078,0.1855862166263682,0.1844181437009372
365,0.8945116996765137,1.025437355041504,0.1834374964237213,4.548707485198975,0.1838697673183855,0.18271156605684105,0.18145874084979793
366,0.8943945169448853,1.0247478485107422,0.18421874940395355,4.5113091468811035,0.1840825236497564,0.18330864821851733,0.18184832924301148
367,0.8954296708106995,1.021957516670227,0.18468749523162842,4.52086067199707,0.1848578522968709,0.18414660007448722,0.18267041693220043
368,0.8918750286102295,1.0311707258224487,0.18546874821186066,4.538336753845215,0.18649814413494628,0.18485289150827405,0.18361914168144658
369,0.8920702934265137,1.0252373218536377,0.18523436784744263,4.52886438369751,0.18575585393464994,0.18461327206211503,0.18362249712603634
370,0.8937695026397705,1.024847388267517,0.18468749523162842,4.534286022186279,0.1849341203035682,0.18420583297145543,0.18305285686143197
371,0.8941015601158142,1.0254414081573486,0.1889062523841858,4.5459394454956055,0.18867352922412653,0.18837174399211268,0.186952122702836
372,0.8915039300918579,1.0291240215301514,0.1848437488079071,4.545696258544922,0.18513536125790736,0.18427635291854785,0.18282519304375475
373,0.892382800579071,1.02826726436615,0.18437500298023224,4.537624359130859,0.18393654089430098,0.18352416597723212,0.18212274548619592
374,0.8953710794448853,1.0194098949432373,0.18812499940395355,4.51731538772583,0.18818262914698297,0.18716250244643517,0.1859750023964079
375,0.8906640410423279,1.0333781242370605,0.1882031261920929,4.522714138031006,0.18817760689751029,0.18747326095470174,0.18615998897318828
376,0.8947460651397705,1.0208656787872314,0.18390625715255737,4.520616054534912,0.18464775622955842,0.18319032254302703,0.18220413624191006
377,0.8936328291893005,1.0263185501098633,0.1853906214237213,4.524525165557861,0.18641945741970278,0.1847462075090642,0.18390962217737306
378,0.8914453387260437,1.0318671464920044,0.189453125,4.521361827850342,0.19002891680381417,0.1885189915171906,0.18754150993710964
379,0.8957812786102295,1.0227400064468384,0.19062499701976776,4.506791591644287,0.19131906323279677,0.1897259969200893,0.18876911105465974
380,0.8949218988418579,1.0167322158813477,0.1887499988079071,4.524498462677002,0.1892186562759282,0.18794631339821521,0.18691022119401432
381,0.8951171636581421,1.0177886486053467,0.19101563096046448,4.531388759613037,0.19120192797893398,0.1900482460496829,0.18893883391578337
382,0.8941211104393005,1.024595022201538,0.18687500059604645,4.528280735015869,0.18723154552407933,0.1863817243421908,0.1852139807977455
383,0.8934179544448853,1.0234369039535522,0.18984374403953552,4.511643409729004,0.1893555649299425,0.1890323577024589,0.1875376597354632
384,0.8922656178474426,1.027669906616211,0.18617187440395355,4.526960372924805,0.1852628308696915,0.1853291011335822,0.183580618519467
385,0.894335925579071,1.0222139358520508,0.19046874344348907,4.538155555725098,0.19034771458953106,0.1896028446411304,0.18848660776328463
386,0.895703136920929,1.015225887298584,0.18914061784744263,4.527571201324463,0.1900924777615459,0.1885885265363612,0.1879337678468696
387,0.8946874737739563,1.020137906074524,0.1869531273841858,4.527739524841309,0.18678328649545983,0.1862507582343333,0.18487913604669648
388,0.8966991901397705,1.0158321857452393,0.18835937976837158,4.512983322143555,0.18895734040541903,0.1878247495175441,0.18694177678200397
389,0.89501953125,1.017791986465454,0.18914061784744263,4.513372898101807,0.18954189347388017,0.1886170986034932,0.18741199790506322
390,0.8944336175918579,1.0273114442825317,0.18968750536441803,4.516481399536133,0.1898094255638056,0.1889500819772441,0.1876581613553041
391,0.8962695598602295,1.015291690826416,0.1853906214237213,4.541592597961426,0.18595622179343235,0.18437241268695562,0.1835409313266407
392,0.8946288824081421,1.0174212455749512,0.1887499988079071,4.515741348266602,0.18962453237125515,0.18824590928432047,0.1872631283746167
393,0.8998437523841858,1.0007418394088745,0.19289062917232513,4.515896320343018,0.19287951889384808,0.19220280771127074,0.1909254530991294
394,0.897656261920929,1.0087108612060547,0.18835937976837158,4.517111301422119,0.18826233667047382,0.18772803059464677,0.18638533564162957
395,0.8967187404632568,1.0142154693603516,0.18992187082767487,4.506483554840088,0.19081646693854779,0.18925286977716585,0.1882927997452119
396,0.8977929949760437,1.0112709999084473,0.19218750298023224,4.505949020385742,0.19194352652243224,0.19153513210655115,0.1900569792312666
397,0.8990820050239563,1.0029683113098145,0.19062499701976776,4.500802040100098,0.19170722789506464,0.1899294560363668,0.18908346289340638
398,0.8983593583106995,1.0034443140029907,0.19296875596046448,4.5143513679504395,0.19498418559668634,0.19263164596124663,0.19200951602032917
399,0.8962304592132568,1.0109248161315918,0.1939062476158142,4.511234283447266,0.19492716611583105,0.19339401601393114,0.19249221533886718
400,0.9021875262260437,0.9970095157623291,0.19539062678813934,4.489996910095215,0.19495801251731568,0.1945387409482711,0.19301835422131527
401,0.8977344036102295,1.0101512670516968,0.19148437678813934,4.524243354797363,0.1912673841515679,0.19060605317967863,0.18930829981221103
402,0.895800769329071,1.0173046588897705,0.19249999523162842,4.501436233520508,0.19239801200551832,0.19177381881060318,0.19028720307925737
403,0.8970507979393005,1.0091665983200073,0.1935156285762787,4.5031046867370605,0.19414919778832823,0.1928884834996514,0.19171473123562388
404,0.8982031345367432,1.006801724433899,0.18796874582767487,4.52025032043457,0.18749066117759267,0.1873412983994036,0.18560869137396493
405,0.898632824420929,1.0047156810760498,0.18976563215255737,4.501098155975342,0.19051441615120265,0.1892818226126382,0.1881741669225667
406,0.8993945121765137,1.0018653869628906,0.19046874344348907,4.514229774475098,0.19064183199792717,0.18970301226632044,0.18853626238942633
407,0.897265613079071,1.0050384998321533,0.1915625035762787,4.508695125579834,0.19144187356029363,0.19090162538167638,0.18953913352420276
408,0.8974218964576721,1.0055902004241943,0.18656249344348907,4.513503074645996,0.18710450284789135,0.18592874706954565,0.18485518535177958
409,0.8973437547683716,1.0077204704284668,0.19187499582767487,4.51311731338501,0.19212939915482036,0.19101154028302608,0.18990211927799533
410,0.8987890481948853,1.0034987926483154,0.1850000023841858,4.524612903594971,0.18525470123587268,0.1841131801163499,0.1830220634824687
411,0.8958203196525574,1.0157982110977173,0.1896093785762787,4.520793914794922,0.19045314539902894,0.1891675265443001,0.18820506123973077
412,0.8958398699760437,1.012722134590149,0.19109374284744263,4.5290632247924805,0.19198168816603217,0.19032857479971377,0.1893131739392407
413,0.8968554735183716,1.0096707344055176,0.19046874344348907,4.539358139038086,0.19109685588463632,0.1897296863306819,0.18858649183272908
414,0.8947460651397705,1.0116965770721436,0.18921874463558197,4.534908294677734,0.1892444597155079,0.18841323425763112,0.1872346125060954
415,0.8970116972923279,1.0139083862304688,0.19093750417232513,4.534592628479004,0.1906564873199012,0.19010420382566998,0.18858768576220397
416,0.8962109088897705,1.0089726448059082,0.19328124821186066,4.524085998535156,0.19285775448990414,0.1925851339548314,0.19119724907371136
417,0.8990625143051147,1.0058274269104004,0.1907031238079071,4.524283409118652,0.1902666458249704,0.19016591634356597,0.18849250418783528
418,0.8978710770606995,1.0121715068817139,0.18984374403953552,4.535667896270752,0.19039884470428603,0.18915773497545788,0.18800857271715232
419,0.9001562595367432,1.0024991035461426,0.19343750178813934,4.5241289138793945,0.19291121760842928,0.19290549291513104,0.1912362759688182
420,0.8967382907867432,1.0092079639434814,0.19687500596046448,4.513246536254883,0.19689236337991745,0.19646936973638277,0.1952499885382598
421,0.8979101777076721,1.0032721757888794,0.19171875715255737,4.510472774505615,0.19148654186399383,0.19117763366432505,0.18960085776685145
422,0.900585949420929,1.0007864236831665,0.19031250476837158,4.521183013916016,0.1918401860362906,0.18970244921899726,0.18902759951718626
423,0.8990039229393005,1.001386284828186,0.19828124344348907,4.5300188064575195,0.19898221380973863,0.1974336036520402,0.19625261487772305
424,0.8988671898841858,1.0068227052688599,0.1953125,4.540771484375,0.19720185051456074,0.19497866126967972,0.19413266899627163
425,0.9009179472923279,1.001073956489563,0.19499999284744263,4.543191909790039,0.19656334659390579,0.19430672027908874,0.1933854731014377
426,0.8975781202316284,1.0067967176437378,0.1908593773841858,4.53062105178833,0.19081640564687335,0.1902128307344748,0.18904065502172276
427,0.9017968773841858,0.9969067573547363,0.19304686784744263,4.506727695465088,0.19380823759384286,0.19252065630616078,0.19140723581204352
428,0.8991601467132568,1.0055460929870605,0.1958593726158142,4.518854141235352,0.1968317480562244,0.1951382870740116,0.19434514864461763
429,0.900390625,0.9948233962059021,0.1940625011920929,4.505192756652832,0.19429429792744574,0.19355071409913527,0.19216928193722183
430,0.89990234375,0.9999095797538757,0.19374999403953552,4.495535850524902,0.19390777154662006,0.19281166040394682,0.1916974295778125
431,0.899218738079071,1.0028693675994873,0.19593749940395355,4.4929962158203125,0.19585296995750479,0.1950951062187089,0.19392282530016508
432,0.9008203148841858,0.9967221617698669,0.1915625035762787,4.512787342071533,0.19162142615359448,0.19087023854643465,0.1895381603858724
433,0.8994726538658142,1.0017039775848389,0.19718749821186066,4.5035929679870605,0.19824041989488478,0.19681776975628246,0.19601218363238712
434,0.8992968797683716,0.9996373057365417,0.19234375655651093,4.499098777770996,0.19254410827416973,0.19172883761572396,0.190589552093053
435,0.9002734422683716,0.9996706247329712,0.19046874344348907,4.497838973999023,0.1900729462984282,0.1895858227697051,0.18798699986403303
436,0.9022070169448853,0.9909364581108093,0.19445312023162842,4.502444267272949,0.19458526795107858,0.19368092026932732,0.19242777314401047
437,0.89990234375,0.9988439083099365,0.1960156261920929,4.486130237579346,0.1957644465935185,0.19494366713794495,0.19373367111206705
438,0.89892578125,0.9984899163246155,0.19414062798023224,4.524641513824463,0.19432083938210995,0.19334351414998902,0.19227525356152259
439,0.8982617259025574,1.0037827491760254,0.18859374523162842,4.513299942016602,0.18839910108304178,0.1880310562852348,0.186772840058501
440,0.8980078101158142,1.0012075901031494,0.19437499344348907,4.527999401092529,0.19493115435454972,0.193723963245099,0.1925403049197999
441,0.9029296636581421,0.9892566204071045,0.19187499582767487,4.493862628936768,0.19225430279496403,0.1910653557266882,0.18971718862061876
442,0.9034570455551147,0.9879918098449707,0.19499999284744263,4.472850799560547,0.195694187298078,0.19406406669167098,0.19305062018614383
443,0.9012500047683716,0.988303542137146,0.19257812201976776,4.508014678955078,0.1930649152816161,0.1917976216501614,0.19055594055137398
444,0.9029296636581421,0.9902433156967163,0.19773437082767487,4.48761510848999,0.1979232044965984,0.19698947188049215,0.1957985907285868
445,0.8993554711341858,0.9966945052146912,0.1978124976158142,4.513823986053467,0.1979868171826733,0.19711109446157532,0.19560400181788468
446,0.9018945097923279,0.992536723613739,0.1967187523841858,4.505776405334473,0.19733722387097957,0.19604834897914952,0.19502453298665
447,0.901171863079071,0.9945096373558044,0.19609375298023224,4.495429515838623,0.19639973702073768,0.19540837927452487,0.19446027932411258
448,0.8995116949081421,0.999117910861969,0.19484375417232513,4.529969692230225,0.19523873720397578,0.19435768267932307,0.19311377447856806
449,0.8996484279632568,0.9955108165740967,0.1951562464237213,4.516976833343506,0.19531158280928257,0.19441131625549976,0.19311878534936192
450,0.9014453291893005,0.9958264231681824,0.19609375298023224,4.477877616882324,0.19648223280751284,0.19549894486105748,0.19436640237079128
451,0.9001758098602295,0.9937506914138794,0.1974218785762787,4.499457359313965,0.19792003899488653,0.19680059956890725,0.19553908983582202
452,0.8991601467132568,0.9977914690971375,0.19640624523162842,4.511230945587158,0.19592104984789077,0.19525316857494104,0.19374032341439118
453,0.8997656106948853,1.000213861465454,0.19960936903953552,4.490777969360352,0.20046310305839116,0.19908524961137536,0.19804970932673388
454,0.9015234112739563,0.9944536089897156,0.19984374940395355,4.480941295623779,0.19975861538984768,0.19923552700278052,0.1977664175001121
455,0.9015820026397705,0.9950307607650757,0.19757813215255737,4.49752950668335,0.19686873119546316,0.1969498452358498,0.19528076689110066
456,0.8987109661102295,0.9996707439422607,0.2010156214237213,4.48284912109375,0.201625917284665,0.20031872973525902,0.19918366481120808
457,0.9009765386581421,0.9919977784156799,0.19820313155651093,4.5004496574401855,0.19833658912005545,0.19745745307723317,0.196202369703471
458,0.8998437523841858,0.9927458167076111,0.19804687798023224,4.492383003234863,0.19846939225815713,0.19724737011055446,0.19598399936514715
459,0.9060351848602295,0.9817322492599487,0.19929687678813934,4.488734245300293,0.19993845881682454,0.19836037779327717,0.19715445790543215
460,0.9009765386581421,0.989719033241272,0.19359375536441803,4.511566638946533,0.19380429635948587,0.1930112849567478,0.1917146508764278
461,0.9024609327316284,0.987205445766449,0.19289062917232513,4.503602981567383,0.1937509021468456,0.19226681632915388,0.19134982995878785
462,0.903515636920929,0.9838842153549194,0.19835937023162842,4.485967636108398,0.1982454996413051,0.19780925522520423,0.1962005170678238
463,0.9034179449081421,0.9882245659828186,0.19429688155651093,4.492130756378174,0.19462144894842798,0.1937499443964355,0.19227427092720556
464,0.9027148485183716,0.9873283505439758,0.19843749701976776,4.47611665725708,0.19913691955984222,0.1979128357488028,0.19661373996819548
465,0.9016796946525574,0.9838845729827881,0.1997656226158142,4.5054240226745605,0.19977232801481445,0.19902758275411597,0.19788522460283506
466,0.8993945121765137,0.9969645738601685,0.19234375655651093,4.50058650970459,0.1923120403190261,0.19163089795024207,0.1903214475653732
467,0.9019726514816284,0.9866139888763428,0.19968749582767487,4.4964189529418945,0.2003491721993259,0.19884155716921426,0.19766792339219752
468,0.9009960889816284,0.9928359389305115,0.2013281285762787,4.501241683959961,0.201563928478233,0.20037011723057335,0.199095939273926
469,0.90234375,0.9919798374176025,0.20210938155651093,4.506598949432373,0.20256068277208394,0.2013543889597142,0.20003499951735307
470,0.900683581829071,0.9949598908424377,0.2025781273841858,4.488519191741943,0.2034589439928279,0.20206283735612218,0.20066399844870764
471,0.9022070169448853,0.9910484552383423,0.19914062321186066,4.518913269042969,0.1998839471390539,0.19861620895085105,0.19733867341021838
472,0.90380859375,0.9842286109924316,0.1997656226158142,4.507894515991211,0.200483275485068,0.19906247791280327,0.197847224697597
473,0.9010546803474426,0.989555835723877,0.19640624523162842,4.488110065460205,0.19755378228305123,0.19610856395239068,0.19512861306381146
474,0.9022070169448853,0.987758457660675,0.20554687082767487,4.463058948516846,0.2064119743443838,0.20475187804211525,0.20364040530434868
475,0.9028710722923279,0.9858756065368652,0.20390625298023224,4.491149425506592,0.2049091840272607,0.20314396281545544,0.2021671401749697
476,0.9030663967132568,0.985758364200592,0.2043749988079071,4.489616870880127,0.20560378013314184,0.20350061356833643,0.2026439193762269
477,0.9015234112739563,0.9906183481216431,0.20789062976837158,4.479794502258301,0.2086638127015461,0.20728052460438828,0.20605895269737667
478,0.9014648199081421,0.9911455512046814,0.2010156214237213,4.484030246734619,0.2019780417072462,0.2004596651216683,0.19951275851050126
479,0.9048047065734863,0.9823682904243469,0.20273438096046448,4.497411727905273,0.20358606870247664,0.20216998391296237,0.2010490452534408
480,0.9051952958106995,0.9739418625831604,0.20226562023162842,4.493451118469238,0.2029369581716674,0.20144415582099046,0.20040664771569855
481,0.9030663967132568,0.9861261248588562,0.20078125596046448,4.480626583099365,0.20104914795874335,0.19980825599950236,0.1985251489207661
482,0.9025781154632568,0.9852076172828674,0.2010156214237213,4.501428127288818,0.2005283265373512,0.2000393947648433,0.19844149740281464
483,0.9030859470367432,0.9843335747718811,0.20304687321186066,4.521146297454834,0.20233273012159325,0.2021974629293926,0.20035329969728785
484,0.9036328196525574,0.9845378994941711,0.20281249284744263,4.503363132476807,0.20315343049333162,0.20237078293453414,0.20096843038705037
485,0.9033789038658142,0.9845869541168213,0.20390625298023224,4.485226154327393,0.20414727516787814,0.20308597529373004,0.2019005316468055
486,0.905078113079071,0.9799395203590393,0.20250000059604645,4.5024824142456055,0.20311747835942928,0.20192577766642456,0.20049521520999802
487,0.9020312428474426,0.9832189083099365,0.19640624523162842,4.523570537567139,0.1963920407655406,0.19573483659723,0.1945874656963169
488,0.9050586223602295,0.9802852869033813,0.19828124344348907,4.493982315063477,0.19898005488225365,0.19779074338469138,0.1968317123431565
489,0.9038671851158142,0.9817882776260376,0.20406250655651093,4.477325439453125,0.20423992016070508,0.20320177696036174,0.20194618210982523
490,0.9055078029632568,0.9838720560073853,0.2010156214237213,4.508391380310059,0.20151522144139533,0.200429404931747,0.1993200285801875
491,0.9045703411102295,0.9835930466651917,0.20156249403953552,4.509325981140137,0.20241476471477166,0.20076080191957243,0.1998704720252477
492,0.9023827910423279,0.9902632236480713,0.19953125715255737,4.500612258911133,0.19991613794306418,0.19887253409241312,0.19769804426259635
493,0.9012695550918579,0.9895540475845337,0.20343750715255737,4.492175102233887,0.2037367856701731,0.2027051258090269,0.20161031200964707
494,0.9062695503234863,0.9801363348960876,0.201171875,4.499928951263428,0.20113696823967178,0.2004835260680929,0.19918306031315247
495,0.9054882526397705,0.9765617847442627,0.20343750715255737,4.512296199798584,0.20462425553385397,0.2028074889412539,0.20204563655297625
496,0.9046679735183716,0.9812275171279907,0.2075781226158142,4.472170829772949,0.2081218940911406,0.2068767665449428,0.20574060248738174
497,0.9041406512260437,0.9821029901504517,0.20093749463558197,4.497180461883545,0.20110914039347005,0.20041884139183952,0.19906639882827742
498,0.9040625095367432,0.977144718170166,0.19929687678813934,4.515158176422119,0.19947881480526009,0.19858407864268768,0.19724573926703415
499,0.9053906202316284,0.9747911691665649,0.20703125,4.494143009185791,0.20728578874172074,0.20662880925858412,0.20530405797771772
500,0.904980480670929,0.980354368686676,0.2032812535762787,4.513418197631836,0.2030529542345822,0.20284892482138175,0.2010838090137707
501,0.9019531011581421,0.985838770866394,0.1978124976158142,4.522648811340332,0.19717090416677371,0.19704310151184387,0.1954257960487878
502,0.9049218893051147,0.9800734519958496,0.20109374821186066,4.544249057769775,0.20102187190505091,0.20029285853829426,0.19897761184418206
503,0.9026562571525574,0.9862663149833679,0.19882813096046448,4.515140533447266,0.19894062443532418,0.19836135059977827,0.19682136035346526
504,0.9062890410423279,0.9759665131568909,0.20000000298023224,4.497322082519531,0.2008719037507573,0.19958327682209376,0.19842904628340324
505,0.9049218893051147,0.9797923564910889,0.19523437321186066,4.514333724975586,0.1956687195899537,0.19447046589101974,0.19357030052937657
506,0.9055469036102295,0.9747610688209534,0.19750000536441803,4.527665615081787,0.197806701951845,0.19667330939889452,0.1955137436821108
507,0.9082812666893005,0.9707095623016357,0.19953125715255737,4.507908821105957,0.20123212348154434,0.19880315187046702,0.1984794106655377
508,0.905957043170929,0.9791606664657593,0.20226562023162842,4.508042335510254,0.20316360637907868,0.2013860205411991,0.20033351248285408
509,0.903613269329071,0.9787622094154358,0.2024218738079071,4.5035505294799805,0.20406644562132187,0.20178495587306383,0.20113752100729965
510,0.9063281416893005,0.9704236388206482,0.2049218714237213,4.48504114151001,0.2061921811785927,0.20426251836434928,0.20317062332423222
511,0.9080273509025574,0.9681240320205688,0.19695311784744263,4.508080005645752,0.19824464317113713,0.19610480144473227,0.19559725276109857
512,0.9050195217132568,0.9761493802070618,0.19898436963558197,4.511832237243652,0.19940660754549716,0.19804110310792028,0.19709830816864107
513,0.9084374904632568,0.9671096205711365,0.19875000417232513,4.497758388519287,0.19975034310287348,0.19794540382548947,0.19714583256204668
514,0.9057226777076721,0.9699055552482605,0.20125000178813934,4.525146484375,0.2010343734129551,0.20031227511964833,0.19895521870075542
515,0.9045312404632568,0.9755027890205383,0.19835937023162842,4.5269083976745605,0.20033200920760785,0.19765196157637852,0.19724573612498908
516,0.9078320264816284,0.9679226875305176,0.20203125476837158,4.505079746246338,0.20252593540757943,0.2015833571213344,0.20027160476085454
517,0.9038476347923279,0.9774304032325745,0.19492188096046448,4.511980056762695,0.19568847854807075,0.19444710553366912,0.19346606926620696
518,0.9069921970367432,0.972404956817627,0.201171875,4.513654708862305,0.20205852937911162,0.20066399546791133,0.19964684734235627
519,0.9046289324760437,0.9784520864486694,0.2006250023841858,4.529869556427002,0.20142196983786562,0.19983637371801194,0.19883657806392202
520,0.9041406512260437,0.9784324169158936,0.20109374821186066,4.5144124031066895,0.20186786438367588,0.20075495100723972,0.19958870634212814
521,0.9075000286102295,0.9702126979827881,0.20179687440395355,4.5078840255737305,0.2030343051926816,0.20117694682016857,0.20045600383903975
522,0.9071679711341858,0.9659683704376221,0.2013281285762787,4.515185356140137,0.20223208826413225,0.2006145803822083,0.19963231818104313
523,0.9085546731948853,0.9665269255638123,0.2025781273841858,4.519287109375,0.2037902443800576,0.20208286559565697,0.20129906483369317
524,0.9069726467132568,0.9719206094741821,0.20250000059604645,4.514640808105469,0.20360827600425452,0.20199227975954331,0.20107193062106254
525,0.9044140577316284,0.9778774976730347,0.2018750011920929,4.526608467102051,0.2024780467065006,0.20124427360951805,0.19991859799426612
526,0.9082421660423279,0.9649194478988647,0.20820312201976776,4.490121364593506,0.20881640919690325,0.2075221606136901,0.20631893481784402
527,0.9076172113418579,0.9679508209228516,0.2025781273841858,4.511040687561035,0.20304348623386548,0.2022606857501109,0.20100334913860102
528,0.90869140625,0.9673548936843872,0.1999218761920929,4.519782543182373,0.1992018580679825,0.19946740692625275,0.19770464871816407
529,0.9059765338897705,0.9689951539039612,0.2049218714237213,4.5028533935546875,0.2067322427765042,0.20443128999277166,0.2036463469484675
530,0.9104687571525574,0.9605355262756348,0.20585937798023224,4.496178150177002,0.20723485810229197,0.20544015585149117,0.2045122684023689
531,0.9097851514816284,0.9602126479148865,0.20398437976837158,4.519628524780273,0.2045492249108975,0.20338580953029026,0.20210615725546344
532,0.9081640839576721,0.969299852848053,0.20359374582767487,4.516283988952637,0.20420416385727325,0.20287164920073875,0.20146812067895414
533,0.9106835722923279,0.9599794745445251,0.20406250655651093,4.4782185554504395,0.20378282316109095,0.20351966200769114,0.20205576497419148
534,0.9056054949760437,0.9742802381515503,0.2029687464237213,4.503405570983887,0.20229800458439995,0.20212663353157592,0.20059016054064005
535,0.9061523675918579,0.972725510597229,0.20640625059604645,4.497719764709473,0.2078967209988688,0.2059938160149511,0.20528060119666824
536,0.907031238079071,0.9665277004241943,0.20421874523162842,4.504106521606445,0.20526233440418729,0.20379741665050188,0.2029299430163626
537,0.905566394329071,0.9751766920089722,0.2056249976158142,4.514974594116211,0.20675909053021527,0.2048622604275644,0.20388194302951784
538,0.9074609279632568,0.9669758081436157,0.2071875035762787,4.473223686218262,0.20824261432119184,0.20638578533135338,0.20562457563155676
539,0.9084374904632568,0.9674924612045288,0.2017187476158142,4.4840617179870605,0.20202111531712802,0.20102575998103728,0.19969686915079848
540,0.9073632955551147,0.9658740758895874,0.2043749988079071,4.528865814208984,0.205303582625248,0.2035783794848796,0.20245103082358976
541,0.9066210985183716,0.9679480791091919,0.20515625178813934,4.509538650512695,0.20557665413570403,0.20434647934828726,0.20305364991298158
542,0.9049413800239563,0.9760444760322571,0.2057812511920929,4.517211437225342,0.2064605781224477,0.20503820903915193,0.20390759558624197
543,0.907031238079071,0.9637284278869629,0.20164062082767487,4.507177829742432,0.20167293220888788,0.20060554528626193,0.199534182190185
544,0.9061914086341858,0.9700595140457153,0.20156249403953552,4.508790969848633,0.20054564121260487,0.2006456251792496,0.19885506207429965
545,0.9072851538658142,0.9681552648544312,0.19945313036441803,4.523985385894775,0.19948830396082565,0.19876926371643516,0.1972444032656959
546,0.9058984518051147,0.9728484153747559,0.1986718773841858,4.509700298309326,0.1989566353712236,0.19791752647294183,0.19677421225455244
547,0.9073827862739563,0.9702586531639099,0.19828124344348907,4.517815113067627,0.19783644407021808,0.19778626024173904,0.19612681483852593
548,0.9072070121765137,0.9670664072036743,0.2049218714237213,4.4908061027526855,0.2057379913237911,0.20431595369169453,0.20313160750245443
549,0.9081249833106995,0.9694587588310242,0.2036718726158142,4.505068778991699,0.20375435753996926,0.20280218016845142,0.2011921065196782
550,0.9090234637260437,0.9616272449493408,0.20281249284744263,4.499419689178467,0.20253375903666182,0.20201088606901993,0.20068314174015356
551,0.9079687595367432,0.9701922535896301,0.2036718726158142,4.497942924499512,0.20407893286402257,0.20294705970690402,0.2015887311165766
552,0.9079492092132568,0.9659977555274963,0.19921875,4.505659580230713,0.1985796991783899,0.19819092480715478,0.19676333539468063
553,0.9094140529632568,0.9658048748970032,0.20335938036441803,4.520182132720947,0.20322610097118599,0.20279675607613468,0.20141764178776903
554,0.9104297161102295,0.9585707783699036,0.20195312798023224,4.492736339569092,0.20162934393797008,0.20124428001224007,0.19968014756378744
555,0.9093359112739563,0.9588018655776978,0.20734375715255737,4.488544940948486,0.20789210560599708,0.2064490392304325,0.20508141992124296
556,0.9111523628234863,0.954043447971344,0.20085936784744263,4.501169204711914,0.20074399476005184,0.20025327151547118,0.1989994267032416
557,0.9087695479393005,0.9593198299407959,0.2043749988079071,4.520719051361084,0.2056097417485463,0.2038876266437913,0.20284009364647998
558,0.9094336032867432,0.9596129655838013,0.2006250023841858,4.527128219604492,0.20149153556649352,0.20003861147621138,0.19904877538358207
559,0.9111914038658142,0.9601894617080688,0.20546874403953552,4.509652614593506,0.20739081305073648,0.20502795761042342,0.20411533158319273
560,0.90869140625,0.968212902545929,0.205078125,4.487934112548828,0.20581415267289604,0.20452535197575228,0.20324258726665345
561,0.9107421636581421,0.9593636393547058,0.20617187023162842,4.487327575683594,0.20729054383775922,0.20546374508407522,0.20441490012256477
562,0.9107812643051147,0.9538697004318237,0.20484374463558197,4.4737091064453125,0.20563364216883495,0.20448033332443205,0.2030665187143445
563,0.9077538847923279,0.9658535122871399,0.20460937917232513,4.493390083312988,0.20486667860169827,0.20403717457548043,0.20249632060848455
564,0.9070703387260437,0.9666868448257446,0.20546874403953552,4.506708145141602,0.20632623269288553,0.2048280470199793,0.20373511443896847
565,0.9083398580551147,0.9645532369613647,0.20484374463558197,4.518158912658691,0.20581520367245792,0.20439556477259918,0.20328331726881918
566,0.9067773222923279,0.9625139832496643,0.2029687464237213,4.499453544616699,0.20437807649924983,0.2022536924262665,0.20141795720245476
567,0.9052148461341858,0.9748694896697998,0.20445312559604645,4.506982326507568,0.20567795754295726,0.20401473569233247,0.20305202408539974
568,0.9080273509025574,0.9617772102355957,0.20679686963558197,4.489894866943359,0.20832941869511146,0.20636527657646317,0.20540512008461026
569,0.9101172089576721,0.9604383707046509,0.20445312559604645,4.497288703918457,0.20478948544932307,0.20391975826629577,0.20257324894695627
570,0.9116015434265137,0.9550279974937439,0.20804686844348907,4.481348991394043,0.20894516903171573,0.20763053115245475,0.2063270581641677
571,0.9089648723602295,0.9598747491836548,0.20000000298023224,4.488073825836182,0.20081155387261931,0.19948134488597385,0.19855566907019484
572,0.9098827838897705,0.9596195220947266,0.2082812488079071,4.479013919830322,0.2095543292176782,0.20787956531490726,0.2069047843249005
573,0.9095898270606995,0.9606168270111084,0.20945312082767487,4.490987777709961,0.21015470368826428,0.208807897937912,0.20789382857543195
574,0.9100586175918579,0.9555748105049133,0.20890624821186066,4.507910251617432,0.21001307343847375,0.20801222297841354,0.2072084984920169
575,0.9073047041893005,0.967796266078949,0.203125,4.4936137199401855,0.20403883867015596,0.20220763014320647,0.20140611535375746
576,0.9113671779632568,0.9550151228904724,0.20656250417232513,4.500331401824951,0.2073212490274211,0.2056888568906382,0.2047720470395165
577,0.911816418170929,0.9503859877586365,0.20906250178813934,4.473195552825928,0.20943716962886952,0.20823760122816265,0.20711513916752128
578,0.9110742211341858,0.9560689330101013,0.20554687082767487,4.503234386444092,0.20604716982089794,0.2049230603170279,0.20381040830263408
579,0.9089062213897705,0.9575496912002563,0.20445312559604645,4.504925727844238,0.20476279786777082,0.20360152969614187,0.20217943048680848
580,0.9119336009025574,0.9537706971168518,0.20999999344348907,4.481022834777832,0.20979232858528893,0.20935541220374615,0.20793355170864666
581,0.9089453220367432,0.9563955664634705,0.20570312440395355,4.487635612487793,0.20546611225826444,0.20494931568725241,0.2034080580732533
582,0.9083788990974426,0.9599412679672241,0.2056249976158142,4.489927291870117,0.20586047467731772,0.20478704198769127,0.20335866072733036
583,0.9083203077316284,0.960757315158844,0.20703125,4.500438690185547,0.20737837693835806,0.20620440628725345,0.2048846758567442
584,0.9096289277076721,0.9604113698005676,0.20976562798023224,4.476678848266602,0.2102625350411194,0.20920531925151387,0.2079053719714639
585,0.9104297161102295,0.9559407830238342,0.2064843773841858,4.477423191070557,0.207828474820145,0.20563190823019228,0.20492513681883123
586,0.9089062213897705,0.9627462029457092,0.20695312321186066,4.486299514770508,0.20713337897144696,0.20608991377110353,0.2049062529616988
587,0.9098827838897705,0.9563033580780029,0.20710937678813934,4.493145942687988,0.20636836079572254,0.20603442668800878,0.20437566223269785
588,0.9118359088897705,0.9497930407524109,0.20851562917232513,4.492369174957275,0.209625833336385,0.20750338131124285,0.20663040878281247
589,0.912792980670929,0.9495026469230652,0.20859375596046448,4.483979225158691,0.20912026693211527,0.20760054272037978,0.2064972829725038
590,0.9123241901397705,0.9501239657402039,0.20593750476837158,4.503502368927002,0.2064585515862234,0.20506641257488195,0.20408344014590848
591,0.9114648699760437,0.9480734467506409,0.20945312082767487,4.486189842224121,0.21140299312787827,0.20853454239050984,0.20797316301142044
592,0.9106249809265137,0.950650155544281,0.21062499284744263,4.473526477813721,0.21187587721989626,0.209807687805034,0.2089755282897332
593,0.9112109541893005,0.9530292749404907,0.21046875417232513,4.511748790740967,0.21098042093016622,0.20958519741251075,0.20853775070540212
594,0.9074413776397705,0.9632455706596375,0.21328124403953552,4.500432014465332,0.2141230793113017,0.2122011906793036,0.21123054627094573
595,0.9097851514816284,0.9566988945007324,0.2107812464237213,4.475128173828125,0.21190624964214316,0.20979391884740412,0.2092966956864618
596,0.910351574420929,0.9573840498924255,0.20421874523162842,4.49787712097168,0.20432344601927538,0.20335062998572917,0.20227117393570787
597,0.9113085865974426,0.9547424912452698,0.20671874284744263,4.521373271942139,0.2082238030484711,0.20612025969755768,0.20531126985049292
598,0.9094140529632568,0.9595319628715515,0.21320313215255737,4.479938507080078,0.2138884878020964,0.2124673030982478,0.21130275040588942
599,0.9121289253234863,0.9524471759796143,0.20609374344348907,4.501477241516113,0.205806891337204,0.20521909590055695,0.20387604594751657
600,0.9117187261581421,0.9507393836975098,0.2084375023841858,4.489058971405029,0.20906217696199075,0.20794978188489455,0.20695029467860307
601,0.9107031226158142,0.9527506828308105,0.2096875011920929,4.482916355133057,0.21010682750772075,0.20869400404179997,0.20765924673235522
602,0.9127343893051147,0.9470337629318237,0.20601563155651093,4.4664435386657715,0.20636924813669202,0.2050793638933553,0.20412527502687222
603,0.9123437404632568,0.9517695903778076,0.2064843773841858,4.494412422180176,0.20652830630410596,0.2057134584105884,0.20472392982216503
604,0.909472644329071,0.9572086334228516,0.21296875178813934,4.483140468597412,0.2140185991832538,0.21215698615853154,0.21128051994011662
605,0.9107031226158142,0.954367995262146,0.21101562678813934,4.502356052398682,0.2116651052236253,0.21042423698760543,0.20937662664114157
606,0.9097265601158142,0.9555160999298096,0.20812499523162842,4.518136978149414,0.20945121439525752,0.2073018020067924,0.20632152255328506
607,0.9112304449081421,0.9541950821876526,0.20921875536441803,4.486114025115967,0.20917192554885977,0.2082500074840573,0.2070280791601959
608,0.9107812643051147,0.9498240947723389,0.21203124523162842,4.490597248077393,0.2128816367615161,0.21141719535181638,0.21034969456761582
609,0.910839855670929,0.9534382820129395,0.21421875059604645,4.468297004699707,0.2145053464546806,0.21336696149303472,0.21217682327647205
610,0.9108593463897705,0.9530946612358093,0.21117188036441803,4.472475051879883,0.2106462713910823,0.21051813983319026,0.2089872267311028
611,0.9087695479393005,0.9587543606758118,0.20960937440395355,4.458619594573975,0.21023558834212633,0.20896393115764464,0.20769810586843063
612,0.9122851490974426,0.9543187022209167,0.20960937440395355,4.488307476043701,0.21170266633489654,0.20896863338691457,0.20837907330143335
613,0.9126562476158142,0.9454641938209534,0.20781250298023224,4.489264011383057,0.2087466940083688,0.2069820714110175,0.20595468322391156
614,0.9108007550239563,0.9472547173500061,0.21648436784744263,4.457954406738281,0.2172289566319634,0.21581913086561877,0.21473460816823495
615,0.9117968678474426,0.9498042464256287,0.21125000715255737,4.472790718078613,0.21245833250046814,0.210487628264095,0.20971438151408528
616,0.9130273461341858,0.9461863040924072,0.2123437523841858,4.4716949462890625,0.21425594588995545,0.21187813660503352,0.2110978565624098
617,0.91015625,0.9457914233207703,0.20984375476837158,4.476888656616211,0.20964359309706027,0.20945659967614944,0.2078149575272859
618,0.9085156321525574,0.9610143899917603,0.21257811784744263,4.47434139251709,0.21187987635794137,0.21166232170144933,0.21033920134501527
619,0.9123241901397705,0.9489088654518127,0.21421875059604645,4.474270820617676,0.21538847700510452,0.21366596605360177,0.21295587604450017
620,0.9114062786102295,0.9525030255317688,0.21179687976837158,4.495813846588135,0.21312454724472163,0.21114488814567117,0.21036218224133357
621,0.9132421612739563,0.946827232837677,0.21265624463558197,4.478383541107178,0.2134827449217219,0.21190337879378043,0.21091762501792494
622,0.9144531488418579,0.9428352117538452,0.21453124284744263,4.483111381530762,0.21374158876367816,0.2137858673244903,0.21226385887809504
623,0.9111328125,0.9483425617218018,0.2103906273841858,4.5064496994018555,0.21149240228107757,0.20979806481243296,0.20859779971137932
624,0.9113671779632568,0.947773277759552,0.21171875298023224,4.497262477874756,0.21124528823211203,0.21102826100409106,0.20931893951657
625,0.9112695455551147,0.9482375979423523,0.21070311963558197,4.47772216796875,0.2116707087252372,0.20987239576262648,0.20911475502723223
626,0.9117578268051147,0.9447953701019287,0.21515625715255737,4.463435173034668,0.21533726229515326,0.21422572467101028,0.21313660495750342
627,0.9113671779632568,0.9511734247207642,0.20835937559604645,4.4780354499816895,0.20844470857240718,0.2075708338960759,0.20652003977029074
628,0.9136132597923279,0.9430816769599915,0.21578125655651093,4.49437141418457,0.21599526609842973,0.21488899969530653,0.21346514587248316
629,0.9116406440734863,0.9502202868461609,0.2082812488079071,4.499527931213379,0.2074821085261627,0.20747025274421216,0.20573586902078855
630,0.9100195169448853,0.9510541558265686,0.21085937321186066,4.5120625495910645,0.21188625286866683,0.21058213540043536,0.20947019320708088
631,0.9129297137260437,0.9438133835792542,0.21210937201976776,4.503567218780518,0.21182675595949554,0.21135192043402107,0.20995636031358722
632,0.9130663871765137,0.9424182176589966,0.21351562440395355,4.515977382659912,0.21289064940704305,0.21241302267789025,0.21088798197558417
633,0.9126366972923279,0.9433966875076294,0.21117188036441803,4.492214202880859,0.21119280278553906,0.21025186096991613,0.20902576314223997
634,0.9126562476158142,0.9437841773033142,0.2134374976158142,4.494360446929932,0.21460147914949257,0.21296985479177633,0.21208070507944338
635,0.9148046970367432,0.9404250979423523,0.21015624701976776,4.497923374176025,0.21073853331469905,0.20972376756403183,0.2084292203234272
636,0.9144726395606995,0.9428174495697021,0.20749999582767487,4.514821529388428,0.20790728996576774,0.20697174337645505,0.20565101201439856
637,0.9156640768051147,0.9353237748146057,0.21242187917232513,4.496926784515381,0.21340316992075037,0.21204129897960874,0.2108412243249577
638,0.9101172089576721,0.9511361122131348,0.20593750476837158,4.506880283355713,0.20670844957147277,0.20542730859577782,0.20437263342329376
639,0.9107031226158142,0.9513644576072693,0.2075781226158142,4.527173042297363,0.20728981087912607,0.20684172733652928,0.20519904335967626
640,0.9108984470367432,0.9510909914970398,0.2107812464237213,4.49643611907959,0.21030651930055466,0.21046681264765404,0.20867497062288387
641,0.9082226753234863,0.9573053121566772,0.2150000035762787,4.488410949707031,0.21526128420018228,0.21429228328199756,0.2126913977987296
642,0.9122461080551147,0.9486479163169861,0.21203124523162842,4.506807327270508,0.21251606658772015,0.21128660094313312,0.21023926629916445
643,0.914746105670929,0.9427556395530701,0.21210937201976776,4.4961256980896,0.2127141426968699,0.21151855097531508,0.2103035481824585
644,0.9146875143051147,0.9406477212905884,0.20984375476837158,4.494680404663086,0.21049793903903422,0.20961685006767006,0.2081292498428096
645,0.9157031178474426,0.9351395964622498,0.21617187559604645,4.475042819976807,0.21686678795262362,0.21583662363912795,0.21443936128106328
646,0.9139062762260437,0.9466103911399841,0.20976562798023224,4.483851909637451,0.2102724112755195,0.20933847445446443,0.20785876253864324
647,0.9131640791893005,0.9453834295272827,0.21460936963558197,4.47130012512207,0.2142553766192885,0.2140026182663105,0.21249396828307898
648,0.9130859375,0.9454796314239502,0.21117188036441803,4.4966278076171875,0.21122634633668746,0.21081516644893172,0.20935309442899525
649,0.9151952862739563,0.9368150234222412,0.21617187559604645,4.467744827270508,0.21583395579699663,0.21574792024676168,0.214260245047535
650,0.91162109375,0.950202226638794,0.21523436903953552,4.489319324493408,0.21575295383446894,0.21466614955988667,0.21320728884269563
651,0.9141406416893005,0.9415781497955322,0.21265624463558197,4.479506969451904,0.2121318974585396,0.21188107531949313,0.210063153232803
652,0.9138476848602295,0.9421853423118591,0.21156249940395355,4.477523326873779,0.21130462727250737,0.21128599825693034,0.20958150701486505
653,0.913867175579071,0.9381046891212463,0.21132811903953552,4.495096206665039,0.21013867527202515,0.21062638214704008,0.20850931998718258
654,0.9104687571525574,0.9511114358901978,0.21132811903953552,4.490636348724365,0.2115194959998209,0.21118863449957798,0.20968755468766903
655,0.9131054878234863,0.940185546875,0.20890624821186066,4.493638515472412,0.2085870836315231,0.208122135357908,0.20643028707211264
656,0.912402331829071,0.9457595944404602,0.21531249582767487,4.494530200958252,0.21547927155769075,0.21438664337710478,0.21292476411493633
657,0.91259765625,0.9485200643539429,0.21257811784744263,4.481511116027832,0.21232708319889051,0.21189315980221315,0.2103303131148691
658,0.9129297137260437,0.946361780166626,0.21117188036441803,4.494556427001953,0.21094532823074807,0.21072187966050918,0.2090503585265297
659,0.9115234613418579,0.9464401006698608,0.21296875178813934,4.4915547370910645,0.2127889165383678,0.21236949595991297,0.2108808381277598
660,0.9132031202316284,0.9395564794540405,0.21265624463558197,4.477982044219971,0.21197665980486152,0.21189351940375026,0.21017922373008868
661,0.9130663871765137,0.9405105710029602,0.2169531285762787,4.480978965759277,0.21695099940593007,0.2162427183137094,0.21467470208063782
662,0.9124218821525574,0.945265531539917,0.21210937201976776,4.5003275871276855,0.21310451201661418,0.2116630759324019,0.21052015668471952
663,0.9136523604393005,0.9357766509056091,0.21421875059604645,4.480074405670166,0.21512257290322634,0.21385808120578387,0.21281382180456687
664,0.9151172041893005,0.9393370151519775,0.2199999988079071,4.490943431854248,0.22090240905066155,0.21966164290543827,0.21826461825015597
665,0.912792980670929,0.9440544247627258,0.21453124284744263,4.476136684417725,0.21407328990081492,0.21367958426560868,0.21202892192782202
666,0.9132226705551147,0.9463580250740051,0.2166406214237213,4.4910688400268555,0.21708598049306038,0.21581190417852494,0.2146875203092278
667,0.913769543170929,0.9396719932556152,0.2135937511920929,4.508334159851074,0.21479324636161357,0.2132498047158745,0.2121158604400996
668,0.9148242473602295,0.937290370464325,0.2135937511920929,4.4936113357543945,0.21422694563641584,0.21269102333752354,0.21162660671849343
669,0.9122655987739563,0.9443320631980896,0.2155468761920929,4.495063781738281,0.21611983001321597,0.2150432175129609,0.21371682456046814
670,0.9123828411102295,0.9457579851150513,0.21601562201976776,4.498106479644775,0.21670474248079127,0.2155500923748636,0.2144467029867518
671,0.9105663895606995,0.9465237259864807,0.2107812464237213,4.5088958740234375,0.2111306001645394,0.21010983639223288,0.20887409311057514
672,0.9117382764816284,0.9494947195053101,0.21054688096046448,4.503623962402344,0.21035693102115594,0.2096705498169833,0.20833622337294566
673,0.9155468940734863,0.9370432496070862,0.2127343714237213,4.478155612945557,0.21381441098488513,0.21189993932491424,0.21096643219691924
674,0.9130468964576721,0.9436721801757812,0.2134374976158142,4.483664512634277,0.21400696711366285,0.21255681532563275,0.21160210642023164
675,0.9138867259025574,0.9410923719406128,0.21492187678813934,4.4678850173950195,0.2150076833959885,0.21420478448277908,0.2129597478674161
676,0.9153711199760437,0.9377654194831848,0.2135937511920929,4.483074188232422,0.21384702898900992,0.21281114955003155,0.21137526510839463
677,0.9157617092132568,0.9362512230873108,0.21710938215255737,4.476990222930908,0.2169571252922854,0.21622902169054162,0.21474712984531177
678,0.9135546684265137,0.9444509148597717,0.21757812798023224,4.473290920257568,0.21836384830132272,0.21711591098210514,0.21568154018346378
679,0.9141796827316284,0.9428588151931763,0.2155468761920929,4.486471176147461,0.21582124398285968,0.21508991930488497,0.21381407965589821
680,0.9141406416893005,0.9430301785469055,0.21492187678813934,4.482540607452393,0.215760173819111,0.2143430860277798,0.21336775643518635
681,0.9125000238418579,0.9404054880142212,0.21257811784744263,4.4997334480285645,0.21351120494662051,0.2120597044044748,0.21097335202618048
682,0.9135156273841858,0.9428229331970215,0.2123437523841858,4.498147487640381,0.21302427685495148,0.21168664447456337,0.21061884611622983
683,0.916699230670929,0.9317574501037598,0.2146874964237213,4.494756698608398,0.21471099020976886,0.21407665209106916,0.21270128496824703
684,0.9143164157867432,0.9374218583106995,0.21523436903953552,4.470951557159424,0.21684022906053418,0.21495889108727406,0.21415058740011983
685,0.9139257669448853,0.9365289807319641,0.21312500536441803,4.510979175567627,0.2140192608221838,0.212630845938507,0.21147473625787547
686,0.913867175579071,0.9377515316009521,0.20984375476837158,4.511913299560547,0.21042334061668888,0.20922035617890955,0.20792904924691613
687,0.9144140481948853,0.9337607026100159,0.2110937535762787,4.473029613494873,0.21181532930947383,0.21054148820846708,0.20953724482944616
688,0.9158398509025574,0.9358632564544678,0.21203124523162842,4.488219738006592,0.21322948028909747,0.21127784052323775,0.21039799314894808
689,0.9165624976158142,0.9313195943832397,0.21335937082767487,4.487421035766602,0.214227868273476,0.21250783051610767,0.21142532050623414
690,0.9144726395606995,0.9333627820014954,0.21492187678813934,4.484751224517822,0.21518016118208413,0.2141056083008977,0.21278422962811994
691,0.9126757979393005,0.9419592022895813,0.21226562559604645,4.534740447998047,0.21279955495777492,0.21192388970028694,0.210662739623036
692,0.9123241901397705,0.9439359903335571,0.2134374976158142,4.522604465484619,0.21415314070588853,0.21268412792028968,0.21160927590871997
693,0.9139257669448853,0.9385421872138977,0.20999999344348907,4.516214370727539,0.21070403599447685,0.20922905107675419,0.20802615506163835
694,0.913281261920929,0.9437633752822876,0.21296875178813934,4.495814323425293,0.21433091378325692,0.21221578672570085,0.21130952058037333
695,0.9129492044448853,0.9450936317443848,0.21445313096046448,4.511605739593506,0.21641049479615618,0.21390471427876864,0.2132042620356681
696,0.9150195121765137,0.9370787143707275,0.21335937082767487,4.507146835327148,0.21389964531370276,0.21274313980089016,0.21144549463595194
697,0.9153515696525574,0.939430296421051,0.2110937535762787,4.490785598754883,0.21147612792150178,0.2103561491754051,0.20904680083819543
698,0.9146093726158142,0.9369106292724609,0.21054688096046448,4.49800443649292,0.21182414541297867,0.20969711558507892,0.2089270247133997
699,0.915234386920929,0.9386427402496338,0.21171875298023224,4.4974589347839355,0.2128665060241281,0.21109922433173017,0.21007898316990675
700,0.9147851467132568,0.9299916625022888,0.2150000035762787,4.488588333129883,0.21507611801936258,0.21441358620096218,0.21299146466523802
701,0.9133007526397705,0.9404335618019104,0.21210937201976776,4.492502212524414,0.21185233943004594,0.21112021600721595,0.20982884950122105
702,0.9152148365974426,0.9371047019958496,0.21085937321186066,4.480893611907959,0.21064131670701955,0.2101338770242568,0.20865514281931524
703,0.9136914014816284,0.9411848187446594,0.21671874821186066,4.461717128753662,0.21754418506633794,0.21608908178234815,0.2151011896624908
704,0.9123437404632568,0.947203516960144,0.21328124403953552,4.474540710449219,0.2135903982309159,0.21254063764734904,0.21142176820437464
705,0.9127734303474426,0.9418561458587646,0.21320313215255737,4.496882438659668,0.21374776674609478,0.21251016136829184,0.2113698013198288
706,0.9157421588897705,0.936000645160675,0.21375000476837158,4.47136926651001,0.2140501034877592,0.21296866995060482,0.21144816320796453
707,0.9149414300918579,0.9366784691810608,0.212890625,4.501094818115234,0.2132979869723542,0.21216752860047794,0.21089454957058107
708,0.9153125286102295,0.9374819993972778,0.20749999582767487,4.515987873077393,0.20725997655215933,0.20661300458719145,0.2051682955323039
709,0.9157031178474426,0.935408353805542,0.21367187798023224,4.481009006500244,0.21247530503899223,0.2127543208989967,0.21099787713033763
710,0.9117382764816284,0.9440184831619263,0.21250000596046448,4.502920627593994,0.21260714896066352,0.21180751972173478,0.21061465321507028
711,0.9168164134025574,0.9279806613922119,0.21617187559604645,4.498540878295898,0.21620383016838296,0.21551758266075227,0.21415264618766183
712,0.9155859351158142,0.9356109499931335,0.21085937321186066,4.518293380737305,0.21021830226001975,0.20991523234785195,0.20858926214528264
713,0.918164074420929,0.9292269349098206,0.21187500655651093,4.520483493804932,0.2120833716378483,0.21109314708324434,0.20980029388902766
714,0.9155663847923279,0.9347397089004517,0.20890624821186066,4.509986400604248,0.2092747504727242,0.20824888188727897,0.20704976006116455
715,0.9142187237739563,0.9366978406906128,0.21476562321186066,4.503366947174072,0.21584838042769247,0.21414075525932935,0.21308125923781976
716,0.9151562452316284,0.9341571927070618,0.21765625476837158,4.482916355133057,0.21826258302865456,0.2168334151048007,0.21591211678840422
717,0.9150586128234863,0.9333983659744263,0.2107812464237213,4.504796504974365,0.2112279434663089,0.21006007035250962,0.20916146723509296
718,0.9147655963897705,0.9388229846954346,0.21210937201976776,4.498510360717773,0.2129360253515864,0.21152356576322467,0.21047410976753936
719,0.9133203029632568,0.9390975832939148,0.21203124523162842,4.501980304718018,0.2134366305132211,0.21153329213198527,0.21063805705463512
720,0.9172265529632568,0.9334645867347717,0.21562500298023224,4.482795715332031,0.21639660552147372,0.21492745540997182,0.21360370963444986
721,0.9152734279632568,0.9326757192611694,0.20867186784744263,4.492088794708252,0.21030535816272988,0.20807633606988446,0.20709995961021532
722,0.9198046922683716,0.922147274017334,0.21718749403953552,4.488173961639404,0.21668735886227813,0.21646289721384174,0.21487197818588494
723,0.9155663847923279,0.9310489892959595,0.21328124403953552,4.490420341491699,0.21263585952961261,0.21230828690587028,0.21085377232497338
724,0.9145312309265137,0.9371994137763977,0.21250000596046448,4.481331825256348,0.2130856840238371,0.21193654572897272,0.21085195587254935
725,0.9153711199760437,0.93475741147995,0.21257811784744263,4.46920108795166,0.21237911527029588,0.21174928934842896,0.21049542506022675
726,0.9147265553474426,0.9298719167709351,0.2130468785762787,4.465710163116455,0.21310288553964332,0.2122919047253083,0.21105602010801414
727,0.9164062738418579,0.9287818074226379,0.21789062023162842,4.463729381561279,0.21808080082987844,0.21726631984886283,0.215782356948293
728,0.91748046875,0.923594057559967,0.2162500023841858,4.47295618057251,0.2162237186159252,0.21561801644230727,0.21400971506160837
729,0.9183788895606995,0.9254351258277893,0.21046875417232513,4.485333442687988,0.21072656034563947,0.209559978206054,0.2083431118973252
730,0.9151562452316284,0.93094801902771,0.21601562201976776,4.4724650382995605,0.21536258181527002,0.21502289895685706,0.21330623926173398
731,0.9142382740974426,0.9369006156921387,0.21242187917232513,4.507025241851807,0.2133313437467464,0.21157755873242767,0.21061418633146273
732,0.9150000214576721,0.9308250546455383,0.2146874964237213,4.499825954437256,0.215275302964121,0.2138938309501383,0.2126337230425609
733,0.9159374833106995,0.9318153262138367,0.21421875059604645,4.4935808181762695,0.214478012913704,0.21324375769491988,0.2121432401879112
734,0.91650390625,0.9278295636177063,0.2201562523841858,4.4749064445495605,0.2212648028519294,0.2190023870580796,0.21792651758504347
735,0.9146679639816284,0.9333431720733643,0.21140624582767487,4.4762067794799805,0.21173947152489994,0.2106017924457184,0.20973903165069324
736,0.914355456829071,0.9315404295921326,0.21578125655651093,4.477066516876221,0.21638012570032658,0.21512416430474812,0.21423415159829712
737,0.9149804711341858,0.9358017444610596,0.21335937082767487,4.469140529632568,0.21400333965716814,0.21262237141173562,0.2113903951755789
738,0.9158398509025574,0.9323010444641113,0.21687500178813934,4.456936836242676,0.217266435709347,0.21617643567263783,0.21495843162148562
739,0.9155663847923279,0.9333323836326599,0.21281249821186066,4.475604057312012,0.21323566848529787,0.21220263399109007,0.2112098482014848
740,0.9136914014816284,0.9402062296867371,0.21773438155651093,4.496243476867676,0.21740597391976713,0.2168882281193022,0.21520017089547666
741,0.9148828387260437,0.9373457431793213,0.21640625596046448,4.468995571136475,0.21709457060627968,0.2155201484650532,0.21445632276120435
742,0.912890613079071,0.9427184462547302,0.2169531285762787,4.476511478424072,0.21740218448374954,0.21611529003602953,0.21479027909329645
743,0.9146093726158142,0.932966411113739,0.21578125655651093,4.468400478363037,0.2168444043177396,0.21509981788285903,0.2139771978204746
744,0.9185742139816284,0.9245284199714661,0.21171875298023224,4.484006881713867,0.21193355048058954,0.21107531962511794,0.20991126695630344
745,0.9162499904632568,0.9274349808692932,0.2169531285762787,4.453961372375488,0.2172432096816097,0.21626205576650498,0.21486903249259864
746,0.9161523580551147,0.9324450492858887,0.21125000715255737,4.471290111541748,0.21202087588441537,0.2106701197229906,0.20940826349430508
747,0.91650390625,0.9273504614830017,0.21882812678813934,4.485048294067383,0.21947573421504474,0.2185142829658317,0.2170408326205789
748,0.9142382740974426,0.9349400997161865,0.21812500059604645,4.4674224853515625,0.21849770776106947,0.21789886066697628,0.21640871964218572
749,0.9167382717132568,0.9296144843101501,0.21617187559604645,4.465667247772217,0.21610602644094762,0.21561921769746323,0.21398901834651302
750,0.9172461032867432,0.9260212182998657,0.21515625715255737,4.476508617401123,0.21505426371352793,0.21427357447641604,0.21291608641601972
751,0.9184960722923279,0.9234605431556702,0.21843749284744263,4.463761806488037,0.22004010335800486,0.21772696507695843,0.21689241470051118
752,0.917675793170929,0.9276005625724792,0.2224999964237213,4.47425651550293,0.22271713737499554,0.22167854101302711,0.22043342012374462
753,0.91796875,0.9227820038795471,0.2224999964237213,4.482121467590332,0.22373447770999347,0.22194885685023935,0.2211267882136757
754,0.9192578196525574,0.9241716265678406,0.22304686903953552,4.459772109985352,0.22439012767608163,0.222375237708833,0.22153058117063887
755,0.9153906106948853,0.9275161027908325,0.22437499463558197,4.474105358123779,0.22524328503088376,0.22382514204367843,0.22243419961734956
756,0.9168554544448853,0.9280315637588501,0.22101563215255737,4.454361915588379,0.22146130947875647,0.22031228539119782,0.21882022703897674
757,0.9188671708106995,0.9257482290267944,0.21882812678813934,4.46479606628418,0.21929893721842392,0.21812441510427705,0.2169484326508001
758,0.9154883027076721,0.930839478969574,0.21812500059604645,4.473021030426025,0.2188816590276757,0.21755703725070555,0.21626195808388082
759,0.9178320169448853,0.9267953634262085,0.2175000011920929,4.4729485511779785,0.21720969098440776,0.21671234972144515,0.21529808968946504
760,0.9158984422683716,0.9286605715751648,0.21953125298023224,4.48525333404541,0.22037243090812556,0.2187762321644705,0.21764438110942474
761,0.9164648652076721,0.9275710582733154,0.2185937464237213,4.49555778503418,0.2187259469321884,0.2178066431397907,0.21637771126972166
762,0.915332019329071,0.9330668449401855,0.21710938215255737,4.481710433959961,0.21679045458185717,0.2161970093490477,0.2147333377978936
763,0.9155859351158142,0.924448549747467,0.22031250596046448,4.472806930541992,0.2203042884946269,0.21944768512345672,0.21786447362335712
764,0.9179883003234863,0.9245206713676453,0.21757812798023224,4.487738132476807,0.21771520274889905,0.21674911619149254,0.21567713516456166
765,0.9187890887260437,0.9177828431129456,0.220703125,4.482386112213135,0.22138147537544503,0.22017719509822534,0.21927981317431966
766,0.9191601276397705,0.9185248017311096,0.21992187201976776,4.475762844085693,0.22046435083102442,0.21886171319014955,0.21781903236901506
767,0.9171679615974426,0.9234282970428467,0.22414062917232513,4.465890407562256,0.22385701837159017,0.22327752603311474,0.221766987097695
768,0.919238269329071,0.9209508299827576,0.22492188215255737,4.425966262817383,0.22488288030366355,0.2238876677739421,0.22260773435345035
769,0.9217968583106995,0.9119194149971008,0.22304686903953552,4.452977657318115,0.22259031661538176,0.2221441810544955,0.22051539219174449
770,0.9182226657867432,0.9214971661567688,0.2189062535762787,4.45850944519043,0.2197140133809687,0.21819329616330507,0.2169086488160853
771,0.9197461009025574,0.9117515683174133,0.21492187678813934,4.467098236083984,0.21596766711522947,0.214127246934323,0.21335895365717528
772,0.9174414277076721,0.9235130548477173,0.21937499940395355,4.462071895599365,0.2199040402485293,0.21855594552839136,0.21775907407786943
773,0.9171289205551147,0.927842378616333,0.2180468738079071,4.493638038635254,0.2186422736762327,0.21718661202213552,0.21616035717457754
774,0.9172461032867432,0.9260045886039734,0.22156250476837158,4.4653120040893555,0.22151686429312706,0.22081151603725152,0.2193130680749601
775,0.9182422161102295,0.9270766973495483,0.2185937464237213,4.503443241119385,0.21919078823663038,0.21809343211067309,0.216840320421531
776,0.9154687523841858,0.9292182326316833,0.21398437023162842,4.507063865661621,0.2140679457647038,0.213166169308422,0.2118329899774783
777,0.9170117378234863,0.9270223379135132,0.21687500178813934,4.479460716247559,0.21782089236338273,0.21644155435569168,0.21511910370627846
778,0.9173437356948853,0.9247249364852905,0.21953125298023224,4.466318607330322,0.2201431814434119,0.21881418799669233,0.21756358450877045
779,0.91650390625,0.927428126335144,0.21937499940395355,4.491115093231201,0.21981929897033334,0.21874340752119217,0.2176572696327347
780,0.91748046875,0.9245529770851135,0.21757812798023224,4.4675092697143555,0.2177424141965564,0.21663113408657683,0.21528867607899002
781,0.9180077910423279,0.9272656440734863,0.2194531261920929,4.453657150268555,0.21956618737907901,0.21831887926498822,0.2170748786855783
782,0.9174414277076721,0.9244815707206726,0.21265624463558197,4.460803985595703,0.214126480128774,0.21183896002982322,0.21123423127535812
783,0.9186718463897705,0.9181259274482727,0.21367187798023224,4.451423168182373,0.21409007827098978,0.21296862022499127,0.2116066414905195
784,0.9210742115974426,0.9154136776924133,0.21789062023162842,4.453712463378906,0.21837310486572167,0.21745481579549808,0.21586921211846746
785,0.9150586128234863,0.928816020488739,0.22109374403953552,4.4502692222595215,0.2225390179161169,0.22017709967418597,0.21925107542774414
786,0.9177929759025574,0.9255596995353699,0.21796874701976776,4.457074165344238,0.2195305403083698,0.21706825920940392,0.21607081853005078
787,0.9146289229393005,0.933800458908081,0.21976561844348907,4.4371466636657715,0.22055571935817028,0.21883675681489587,0.21803020020223698
788,0.9183788895606995,0.9224234819412231,0.22132812440395355,4.441251754760742,0.222955607256847,0.2204935734851358,0.2198332565933307
789,0.9178906083106995,0.9254782795906067,0.21648436784744263,4.4746222496032715,0.21681080592674226,0.21553169870425065,0.21458293915015167
790,0.9181054830551147,0.9233428239822388,0.22343750298023224,4.452660083770752,0.22370853761988413,0.22267213950432163,0.22154336881639614
791,0.9186913967132568,0.9153035879135132,0.22218750417232513,4.454222202301025,0.2226604078169969,0.2214111875385519,0.22036948776628246
792,0.9192578196525574,0.9153317809104919,0.21906250715255737,4.464293479919434,0.21908268886537768,0.21790353086537828,0.2165862068210687
793,0.9177539348602295,0.9238593578338623,0.21789062023162842,4.452092170715332,0.21734818947290135,0.2171591327564389,0.21539704651059685
794,0.9176562428474426,0.9240179657936096,0.21843749284744263,4.457555770874023,0.21814555837386368,0.2175468261994081,0.2160584310164823
795,0.9174609184265137,0.9211113452911377,0.22109374403953552,4.479238986968994,0.22109572982155407,0.220345408573134,0.2189951711888455
796,0.915722668170929,0.9304373264312744,0.22156250476837158,4.463899612426758,0.22221644944415264,0.2207466813227697,0.21957339474751578
797,0.9183788895606995,0.9241721630096436,0.2182031273841858,4.455262184143066,0.2173704772658634,0.2171320392462443,0.21534760895542177
798,0.9175390601158142,0.9212644100189209,0.21968750655651093,4.450854778289795,0.21804895879684197,0.21883408585204644,0.2166525675211242
799,0.9181835651397705,0.9181360602378845,0.22296875715255737,4.435112476348877,0.22287471701785289,0.22219774855689167,0.22059042673073825
800,0.9192187786102295,0.9183404445648193,0.2212499976158142,4.434661388397217,0.22220318001107886,0.2203851534932049,0.21965788792042426
801,0.9192968606948853,0.9186282157897949,0.21906250715255737,4.4641618728637695,0.21965333016068203,0.21846937344837267,0.21709814537394953
802,0.9177343845367432,0.9199820756912231,0.21937499940395355,4.447430610656738,0.21988281867771037,0.21851288919252376,0.21744031073162884
803,0.9175195097923279,0.9189140200614929,0.22304686903953552,4.454902172088623,0.22325726708562196,0.22228993466526903,0.22095500130966966
804,0.9183202981948853,0.9222594499588013,0.22351562976837158,4.432588577270508,0.22271981012101266,0.22253282029723562,0.22095469997303202
805,0.9177929759025574,0.920030415058136,0.21773438155651093,4.469466686248779,0.21804852734283559,0.21693768691187093,0.21540967972616126
806,0.9207226634025574,0.9137358069419861,0.22179687023162842,4.4598388671875,0.22157506282252293,0.22084234685837964,0.21928556481175282
807,0.9149804711341858,0.9336972236633301,0.22078125178813934,4.453902244567871,0.22035952074449922,0.21994772981415361,0.21854248608533156
808,0.9176172018051147,0.9251610636711121,0.21828125417232513,4.453659534454346,0.2181007682588681,0.21763611730961505,0.21621795985188055
809,0.9173632860183716,0.9265657067298889,0.2199999988079071,4.459817409515381,0.2201528267443999,0.21916160149917413,0.2179063774830441
810,0.9140820503234863,0.9354603290557861,0.2214062511920929,4.447291374206543,0.22070341664516788,0.22055387350799407,0.21899463663856772
811,0.9149414300918579,0.9321582317352295,0.21953125298023224,4.457693099975586,0.21940515661681204,0.21866372650794064,0.21739952199642337
812,0.9190820455551147,0.9207987189292908,0.2214062511920929,4.440802097320557,0.2212372340984152,0.22064743430480013,0.21927261146564575
813,0.9166796803474426,0.9212552905082703,0.22062499821186066,4.446595191955566,0.2215157357868366,0.21962970006628457,0.21878620369879673
814,0.9182422161102295,0.923282265663147,0.22328124940395355,4.440046787261963,0.22434465161819853,0.22257257378674977,0.2218990192797513
815,0.9178125262260437,0.9264891147613525,0.22679688036441803,4.4205732345581055,0.228405617069409,0.22601761886270327,0.2252971684796053
816,0.9174414277076721,0.920121967792511,0.2247656285762787,4.455654144287109,0.22530461149847064,0.22383329212887237,0.2225294859162335
817,0.917773425579071,0.9197268486022949,0.22328124940395355,4.437592029571533,0.22486921743392366,0.22245286429628267,0.22154518617367114
818,0.9175000190734863,0.9270377159118652,0.22148437798023224,4.435647487640381,0.22177832891167049,0.22080542052668267,0.21949963924922242
819,0.9189257621765137,0.9176538586616516,0.2214062511920929,4.457880973815918,0.2215975990091615,0.22043715653473103,0.2191266944947186
820,0.9174414277076721,0.9222855567932129,0.22648437321186066,4.448790550231934,0.22739619451669418,0.22550886122806912,0.22443411238407113
821,0.9183593988418579,0.9217865467071533,0.220703125,4.463218688964844,0.22144646251756572,0.220000869476222,0.21885188145172496
822,0.9202929735183716,0.9185712933540344,0.2221093773841858,4.457955360412598,0.2233499642300504,0.22153525056703707,0.2206407951209593
823,0.9198242425918579,0.9123102426528931,0.21835938096046448,4.497466564178467,0.2174277607472444,0.2173954222370511,0.21545405352300004
824,0.9199414253234863,0.9146234393119812,0.2185937464237213,4.464356899261475,0.21886338122071666,0.21779669225941767,0.2164442931222482
825,0.9209374785423279,0.9131431579589844,0.2228125035762787,4.480556011199951,0.22262856762172986,0.22234240173333203,0.2206785672482278
826,0.9184960722923279,0.9198550581932068,0.22289063036441803,4.459460258483887,0.22331136168278698,0.22210072689023586,0.2209165217903163
827,0.9178906083106995,0.9201154112815857,0.22765624523162842,4.448007583618164,0.2280577677282135,0.22670999381545398,0.22524200989336346
828,0.920117199420929,0.9121994972229004,0.22968749701976776,4.437824249267578,0.22941151118550487,0.22882578624589145,0.22734990703895352
829,0.922070324420929,0.9067251086235046,0.2247656285762787,4.4505228996276855,0.2258976893824667,0.22400061190572967,0.22276448444357652
830,0.9210546612739563,0.910004734992981,0.22492188215255737,4.47619104385376,0.22554283725046115,0.2239772743192211,0.22256922282290129
831,0.9201757907867432,0.9136152863502502,0.2212499976158142,4.502202987670898,0.22141820343221416,0.22033155991806358,0.21897213547601324
832,0.9177539348602295,0.9223513007164001,0.22304686903953552,4.483334541320801,0.22330439319015327,0.22217140287788406,0.2209618815521706
833,0.9177343845367432,0.9187341332435608,0.22609375417232513,4.477006912231445,0.22632166696651335,0.22532809997745723,0.22418883033814518
834,0.9190039038658142,0.9197707176208496,0.22203125059604645,4.470536231994629,0.2219917392103688,0.22140264545657018,0.2198871137155109
835,0.9154883027076721,0.9253025650978088,0.2260156273841858,4.478445053100586,0.22793677687999464,0.22539842080352251,0.22472572211949238
836,0.9182226657867432,0.9198713898658752,0.2232031226158142,4.476203441619873,0.22404498234402373,0.22261328663467989,0.22151883036928005
837,0.9195117354393005,0.9170812964439392,0.22429686784744263,4.456209182739258,0.22421030574140047,0.22335194522062468,0.22195600765889167
838,0.9183398485183716,0.9195768237113953,0.22398437559604645,4.436951160430908,0.22398134877443426,0.22313594599285713,0.22179887535347814
839,0.9183788895606995,0.9202992916107178,0.22382812201976776,4.461906433105469,0.22433789630752082,0.2230987915283367,0.22183035290653588
840,0.9208788871765137,0.9138579368591309,0.22453124821186066,4.454535961151123,0.22436243646166984,0.2239456508594327,0.22256880322529027
841,0.9189648628234863,0.9192966222763062,0.22109374403953552,4.476995468139648,0.2214033789522866,0.22056096777003692,0.2191533835381024
842,0.9169140458106995,0.921153724193573,0.22179687023162842,4.463626861572266,0.22220700848075167,0.2213075914578242,0.21991349053184944
843,0.9183788895606995,0.9231916666030884,0.22132812440395355,4.452362537384033,0.22236152395171352,0.22088411909288647,0.2199003090039774
844,0.918164074420929,0.9212956428527832,0.22554688155651093,4.449620723724365,0.22551450264384937,0.22493740465844536,0.22332841396047168
845,0.9203320145606995,0.9144189357757568,0.21984374523162842,4.459921836853027,0.2201266205935009,0.2193874892203275,0.2181416945808245
846,0.9206640720367432,0.9098387956619263,0.2208593785762787,4.450561046600342,0.2215621964174267,0.22003978493128842,0.21883003965513464
847,0.9186718463897705,0.9197049736976624,0.22343750298023224,4.456693649291992,0.22260512791170095,0.2225397447953152,0.2210241490234267
848,0.9180468916893005,0.9195463061332703,0.22187499701976776,4.468777656555176,0.22200147495221048,0.22098899098433755,0.21961578711820198
849,0.9170312285423279,0.9221122860908508,0.2192968726158142,4.4560675621032715,0.21992101173596956,0.2182087546827296,0.21710827801897709
850,0.9186328053474426,0.9229533672332764,0.2192968726158142,4.497130870819092,0.22026911378512776,0.21849255288236769,0.21753750563403085
851,0.9182422161102295,0.9249759912490845,0.21703125536441803,4.495059967041016,0.2191193785353825,0.21638855437614568,0.21614838588241897
852,0.9192578196525574,0.9212459325790405,0.2221093773841858,4.489675521850586,0.22273586266825218,0.22149268696841795,0.2203621522705671
853,0.9177539348602295,0.9244862198829651,0.2162500023841858,4.500087261199951,0.21574175835903037,0.21549795041280725,0.21364203500098208
854,0.9160351753234863,0.9244747757911682,0.21882812678813934,4.487734317779541,0.2189219908159239,0.21839345983741876,0.21702266397285927
855,0.9194726347923279,0.9137992262840271,0.21765625476837158,4.469090461730957,0.2175136859150728,0.21717830125030888,0.2156943445430426
856,0.9189257621765137,0.9202370643615723,0.21585936844348907,4.49422025680542,0.2152461705552727,0.2149709218713742,0.21373473147513689
857,0.9166601300239563,0.9237788319587708,0.2219531238079071,4.467046737670898,0.221959955029974,0.22105776753521833,0.21994215992677074
858,0.917675793170929,0.9224794507026672,0.2142968773841858,4.5146379470825195,0.21523096606164233,0.21359285101814746,0.21275430316544836
859,0.9188867211341858,0.9181921482086182,0.2221093773841858,4.476168632507324,0.2226672077004197,0.22124408073097931,0.2202633135024123
860,0.91845703125,0.9183329939842224,0.22007812559604645,4.488889694213867,0.22127973222523084,0.21944762613186658,0.21870293514373573
861,0.9205859303474426,0.913079023361206,0.2201562523841858,4.47083854675293,0.22161628709635559,0.21969274946738274,0.21886545674730273
862,0.9217187762260437,0.9120783805847168,0.21718749403953552,4.484927654266357,0.21897864533845052,0.21684363235771992,0.2159829579309148
863,0.922558605670929,0.906675398349762,0.22539062798023224,4.439358711242676,0.2252757705598194,0.2244713599706912,0.22329354938107754
864,0.9211328029632568,0.9127810597419739,0.22234374284744263,4.452887058258057,0.2230367487879011,0.22163791526156568,0.22069905956038982
865,0.9183788895606995,0.920807957649231,0.22101563215255737,4.489687919616699,0.22249048013665623,0.22042259912610307,0.2198574382448683
866,0.919238269329071,0.9145209789276123,0.22132812440395355,4.476184844970703,0.22243417098208504,0.22050424617992065,0.21938587203753568
867,0.9193164110183716,0.917277455329895,0.22546875476837158,4.456633567810059,0.22476187770350944,0.22456895773311547,0.22299246396872693
868,0.9179101586341858,0.9263302683830261,0.22414062917232513,4.473827362060547,0.2250636373952327,0.2234648808755967,0.2224928584592838
869,0.9215624928474426,0.9064308404922485,0.22624999284744263,4.461862087249756,0.22746302128056614,0.22550780433945813,0.22487955283986769
870,0.919238269329071,0.9140632152557373,0.2214062511920929,4.472248077392578,0.22138838697682306,0.2205056789123683,0.21927398689450078
871,0.9160546660423279,0.9288055300712585,0.22296875715255737,4.467410087585449,0.22290346069450123,0.22229311405192612,0.22092600687996122
872,0.9177148342132568,0.9199575781822205,0.22312499582767487,4.468472003936768,0.22323341620636744,0.2223363008882977,0.221215592941475
873,0.9181445240974426,0.9183483719825745,0.22304686903953552,4.463156223297119,0.2231830980397755,0.2223481816017524,0.2210137691667926
874,0.918164074420929,0.9208785891532898,0.22414062917232513,4.468218803405762,0.2248351976124807,0.22326238092782266,0.2222692343911688
875,0.9183788895606995,0.9184995889663696,0.2240625023841858,4.478287220001221,0.22423571554360894,0.22320726933236243,0.2220001541014262
876,0.9195312261581421,0.9185687303543091,0.22546875476837158,4.4589128494262695,0.2254930796252009,0.22459414002923256,0.22319196680327757
877,0.9180663824081421,0.9209464192390442,0.2264062464237213,4.458766937255859,0.22706118907270065,0.2254303459799875,0.22439755551042043
878,0.918164074420929,0.9198929667472839,0.22257812321186066,4.468929290771484,0.2223325116311881,0.22159210892818512,0.22049008412336246
879,0.9183788895606995,0.9186477661132812,0.22296875715255737,4.450963973999023,0.22387083698297772,0.222504967107753,0.22137112589689478
880,0.9213281273841858,0.9128981232643127,0.22421875596046448,4.447338104248047,0.2246566540197535,0.2238160103892156,0.22274465065694196
881,0.9183398485183716,0.9154947400093079,0.22101563215255737,4.457201957702637,0.22072790081208693,0.22029188684896228,0.2188827607272779
882,0.9234179854393005,0.9050728678703308,0.22429686784744263,4.428632736206055,0.22404005362748447,0.22356431703311358,0.22230713531533366
883,0.9215624928474426,0.9072752594947815,0.2224999964237213,4.443338394165039,0.22319276731933177,0.22188671147547576,0.22069939367970734
884,0.9223437309265137,0.906729519367218,0.22156250476837158,4.452297210693359,0.2218979800851673,0.22077796363901483,0.2197604946395902
885,0.9204687476158142,0.9152742624282837,0.2244531214237213,4.456365585327148,0.22495178261537152,0.22356528171582757,0.222367096952743
886,0.9208593964576721,0.9111320972442627,0.22304686903953552,4.453696250915527,0.22413227857043533,0.22234144787260368,0.22138605411569848
887,0.9213476777076721,0.912639319896698,0.22875000536441803,4.450660228729248,0.22953105873150698,0.22807125810156176,0.2269193133850883
888,0.9208008050918579,0.905912458896637,0.22890624403953552,4.435520172119141,0.22986102706726064,0.22834023481601662,0.22736268666355544
889,0.9198632836341858,0.9141079187393188,0.22570312023162842,4.467273235321045,0.22633692346907455,0.22489512569079756,0.22384572588738894
890,0.9190039038658142,0.9138883948326111,0.2253125011920929,4.461734294891357,0.22627356256503606,0.2247157140748995,0.22378507840088765
891,0.9206640720367432,0.9135534167289734,0.22523437440395355,4.468400955200195,0.22672534858552412,0.22460165361455242,0.22366379719606608
892,0.9209570288658142,0.9105245471000671,0.22421875596046448,4.477132320404053,0.223963378529696,0.2235643862654518,0.2221332848168395
893,0.9232031106948853,0.9030181765556335,0.2264062464237213,4.468324184417725,0.2267026890204613,0.22549921379110058,0.22419890225573375
894,0.9207812547683716,0.9077011346817017,0.22828124463558197,4.457984447479248,0.22881814148697022,0.22761062985767372,0.2266433664272835
895,0.9189453125,0.9135334491729736,0.22484375536441803,4.454373359680176,0.22545933505663113,0.22426443590685957,0.22332513085609282
896,0.9228906035423279,0.9068862795829773,0.22289063036441803,4.477737903594971,0.22422570042047427,0.222261252471778,0.22153065966916147
897,0.9192773699760437,0.9135502576828003,0.22023437917232513,4.489248275756836,0.22070882857520846,0.21943440838965816,0.21857004897326598
898,0.9198828339576721,0.9111257195472717,0.22117187082767487,4.489081859588623,0.22118829752664163,0.22036050230698967,0.21910987474121235
899,0.9186328053474426,0.9227839708328247,0.22359375655651093,4.487198829650879,0.2235443433630347,0.2223640645011082,0.22110363515529904
900,0.9193359613418579,0.9147501587867737,0.2279687523841858,4.458386421203613,0.22924216874897324,0.22707782013575217,0.22629218403090046
901,0.9203125238418579,0.9118860363960266,0.22374999523162842,4.473065376281738,0.2249027672621149,0.22255613390383847,0.22197523114937157
902,0.9183788895606995,0.9131755828857422,0.21765625476837158,4.488642692565918,0.21861074982104428,0.21691103724845234,0.21622227684047252
903,0.918749988079071,0.9167493581771851,0.22351562976837158,4.472667694091797,0.22354076298605785,0.22261117850240295,0.2214404507271255
904,0.9213085770606995,0.9109894633293152,0.22218750417232513,4.467278003692627,0.22327216004010048,0.22146879465258218,0.22075289301557222
905,0.9178711175918579,0.9160641431808472,0.22328124940395355,4.495450973510742,0.22440240576432244,0.2228272918619114,0.22193158667461832
906,0.9163476824760437,0.9199876189231873,0.22484375536441803,4.490099906921387,0.22562628232093243,0.22433686120161206,0.22323085465878514
907,0.9208008050918579,0.9135230183601379,0.21953125298023224,4.486388206481934,0.22050998867584254,0.21883241899600125,0.21790880548253005
908,0.9229882955551147,0.9062974452972412,0.22945313155651093,4.4508376121521,0.23028482645031395,0.22877595963483432,0.22773357475196176
909,0.9237499833106995,0.9001767039299011,0.220703125,4.472440719604492,0.22207446704506797,0.22003567446843497,0.21944098929726708
910,0.920703113079071,0.9104450345039368,0.21906250715255737,4.4837117195129395,0.21973549693846195,0.2181788734676166,0.2171792705765998
911,0.9221093654632568,0.9033555388450623,0.21835938096046448,4.458396911621094,0.21838500926244156,0.21735958902516775,0.21637273830402248
912,0.9203906059265137,0.9134438037872314,0.22164063155651093,4.474668979644775,0.22167608188878074,0.22069839242523462,0.2193296578540269
913,0.9191210865974426,0.9125193953514099,0.2265625,4.4459686279296875,0.22768517305071737,0.2257877103059714,0.22496032742970445
914,0.9200780987739563,0.9140302538871765,0.21765625476837158,4.474125385284424,0.2189387348113565,0.21693325701048563,0.21590917956314337
915,0.9195703268051147,0.913815438747406,0.22374999523162842,4.4472432136535645,0.2242435804797569,0.22288280208511096,0.2217935409469082
916,0.9211523532867432,0.9107812643051147,0.21992187201976776,4.463596343994141,0.22045341464465373,0.21910384267505223,0.21829935849564774
917,0.9206249713897705,0.9073309898376465,0.21710938215255737,4.498432159423828,0.21787242035122933,0.2160215834693851,0.215334165150183
918,0.9194726347923279,0.9166557788848877,0.22273437678813934,4.488882541656494,0.22246568738831285,0.22191968349315977,0.22038078370888875
919,0.9190820455551147,0.9158428907394409,0.22023437917232513,4.494810581207275,0.22058209321119174,0.21976735676744236,0.2184703168781223
920,0.9193164110183716,0.9129602313041687,0.22078125178813934,4.4892354011535645,0.2207783528194504,0.2201571958512863,0.21877129805136572
921,0.9219140410423279,0.9043112397193909,0.22148437798023224,4.467547416687012,0.22178055167118205,0.22094088172682752,0.21942663258206774
922,0.9189453125,0.9154802560806274,0.22109374403953552,4.498672008514404,0.22096978174902643,0.22010286491502806,0.2186582705495408
923,0.9208984375,0.9077428579330444,0.2244531214237213,4.4638543128967285,0.22514462429768312,0.22343324512682444,0.22256980389842718
924,0.92138671875,0.9079797267913818,0.22546875476837158,4.454194068908691,0.2257590681610779,0.22505834205888642,0.22368008902763176
925,0.9217382669448853,0.9081678986549377,0.22617188096046448,4.451653957366943,0.2270807618429888,0.22533215885729657,0.22451131305898808
926,0.9214843511581421,0.9080216288566589,0.22695311903953552,4.436046123504639,0.22706519257053176,0.22607012957424186,0.2250752296271311
927,0.9202343821525574,0.9135386943817139,0.22499999403953552,4.482172012329102,0.22518719237269552,0.2239098388397467,0.22270470013293703
928,0.9196484088897705,0.909506618976593,0.22062499821186066,4.472864627838135,0.2207279447773596,0.21980178410235657,0.218637062920139
929,0.9192578196525574,0.9142606258392334,0.22203125059604645,4.467277526855469,0.22266988437605817,0.22127869498088518,0.22039166478448532
930,0.9205273389816284,0.9103509783744812,0.22039061784744263,4.485891819000244,0.21996226763524562,0.21966162306731063,0.21826518690309757
931,0.9208593964576721,0.9066758751869202,0.22882813215255737,4.481093883514404,0.22980021796071126,0.22810623909154784,0.22717997114164232
932,0.9219921827316284,0.9039328694343567,0.2253125011920929,4.456832408905029,0.2257009356163303,0.22463157687537028,0.22342790369550397
933,0.9219335913658142,0.9075546860694885,0.22546875476837158,4.4668378829956055,0.22522663236978033,0.2247623150662051,0.22335290653377768
934,0.9191796779632568,0.9094576239585876,0.22156250476837158,4.469942092895508,0.22188873674503543,0.22079893264784103,0.21991477896802436
935,0.9212499856948853,0.9065191745758057,0.2267187535762787,4.46299409866333,0.227145365898127,0.22595234361969185,0.2246267001180463
936,0.9215429425239563,0.9078015089035034,0.22453124821186066,4.466639041900635,0.22439373897188863,0.22373230889437457,0.22225230587008565
937,0.9209570288658142,0.9051446318626404,0.21835938096046448,4.454744338989258,0.21953618931328278,0.21772947216652744,0.21671314207519998
938,0.9220898151397705,0.9058691263198853,0.22546875476837158,4.455162525177002,0.22513659999731594,0.22463728702282887,0.22309528280343854
939,0.91796875,0.914375901222229,0.22617188096046448,4.461755752563477,0.22639078405322632,0.2253027195147926,0.22406376190337246
940,0.9212499856948853,0.9068805575370789,0.22414062917232513,4.486135959625244,0.22353822208090213,0.22323066333240538,0.22185748717294557
941,0.9199609160423279,0.9105689525604248,0.2251562476158142,4.4826340675354,0.22512812134583865,0.22448311768696472,0.22283722783784127
942,0.9208593964576721,0.9084325432777405,0.22632811963558197,4.488307952880859,0.22616685889964222,0.22527852198213566,0.22370456791572854
943,0.9237890839576721,0.8972927927970886,0.22570312023162842,4.463272571563721,0.2260877591027028,0.22471610952214924,0.22382592800366785
944,0.9203320145606995,0.9098994731903076,0.22804687917232513,4.473125457763672,0.22786483451573375,0.22733853415633487,0.22576134725505198
945,0.9242773652076721,0.9006337523460388,0.22499999403953552,4.461731433868408,0.22489687429259586,0.22408836367641796,0.22286929606979516
946,0.9217968583106995,0.9024847149848938,0.22750000655651093,4.456549644470215,0.22752445104071567,0.22673745302660187,0.22511106330864175
947,0.9217382669448853,0.9023830890655518,0.22437499463558197,4.4690632820129395,0.22483322809069525,0.22373255061630448,0.22237235106378506
948,0.9197656512260437,0.9068801403045654,0.22468750178813934,4.49486780166626,0.2242915420814905,0.22405488488303105,0.22251109246514997
949,0.9203711152076721,0.9067965149879456,0.2228125035762787,4.492281913757324,0.22272702982305717,0.22247106728355506,0.22101106761041345
950,0.9196484088897705,0.9090498089790344,0.22179687023162842,4.489782810211182,0.22271733036812089,0.22132714209809534,0.2202635289035535
951,0.9198046922683716,0.9134358167648315,0.22156250476837158,4.484004497528076,0.22155996978133904,0.22095906009705008,0.2194232555825517
952,0.921093761920929,0.9091296195983887,0.2201562523841858,4.493170261383057,0.22011453813615128,0.21933842620832253,0.21797875745021758
953,0.9214062690734863,0.9034227728843689,0.21882812678813934,4.488353729248047,0.22020992029802577,0.21800476960771958,0.21743599564438126
954,0.9208398461341858,0.9057350754737854,0.2283593714237213,4.469315052032471,0.22793480332272983,0.22736443925904956,0.2258891452031616
955,0.9194921851158142,0.9126572608947754,0.21984374523162842,4.491675853729248,0.22003136038411714,0.21929486971212417,0.21791035548915527
956,0.9225976467132568,0.9044149518013,0.22523437440395355,4.483499526977539,0.22495626160894058,0.2243844013985385,0.22320719337706266
957,0.9201757907867432,0.914000928401947,0.2221093773841858,4.473233699798584,0.22383652784929725,0.2213423242592897,0.22081989630444482
958,0.9202929735183716,0.9091935157775879,0.21984374523162842,4.467909336090088,0.22130804646760494,0.2191900737021446,0.21859015390665038
959,0.9181835651397705,0.9126330614089966,0.22609375417232513,4.483828067779541,0.22712399917878345,0.22536080892361238,0.22447013191440535
960,0.9193554520606995,0.9176384806632996,0.22046874463558197,4.492868423461914,0.22184802471919712,0.21995335022340193,0.21911611066651054
961,0.919921875,0.9082520008087158,0.22148437798023224,4.492344856262207,0.2227694664455005,0.2209983930712821,0.22030658763439945
962,0.9183202981948853,0.9142297506332397,0.21867187321186066,4.4964799880981445,0.21867243036193118,0.21805089125949012,0.21663818337684054
963,0.9224609136581421,0.9032920598983765,0.22109374403953552,4.4986186027526855,0.2214285625849008,0.2202956530138075,0.21892705901555073
964,0.9226953387260437,0.9048622846603394,0.22453124821186066,4.4731059074401855,0.22537765383597988,0.22379077988586496,0.2226442417128762
965,0.9204491972923279,0.911155641078949,0.22109374403953552,4.509799003601074,0.22236458473369886,0.22054682095303157,0.2195885158675157
966,0.9218164086341858,0.9061260223388672,0.2267187535762787,4.471844673156738,0.22839366560683844,0.22615923399595889,0.22561856203374225
967,0.9190820455551147,0.911943256855011,0.22539062798023224,4.4936604499816895,0.22570644657062744,0.2249194923491262,0.22362327045464042
968,0.9221875071525574,0.9056058526039124,0.22914062440395355,4.486081123352051,0.22982611670448325,0.22881240834647254,0.2273705349968662
969,0.9234960675239563,0.8979088068008423,0.22304686903953552,4.498842239379883,0.22262585457052775,0.2222248560041638,0.2205145033909641
970,0.9204882979393005,0.9122095704078674,0.22453124821186066,4.494158744812012,0.22445741460822258,0.2238851811023455,0.22237039251547122
971,0.9213281273841858,0.9060240983963013,0.22773437201976776,4.484822750091553,0.22728628496765887,0.22687079167489138,0.22541163797031294
972,0.9199609160423279,0.9074727892875671,0.22843749821186066,4.496306896209717,0.22849579110632495,0.22763172380569296,0.22624820256953815
973,0.9212499856948853,0.9092555046081543,0.22156250476837158,4.498864650726318,0.22099024488114027,0.22067356692223286,0.2189559333609441
974,0.921191394329071,0.9058965444564819,0.22359375655651093,4.495441436767578,0.2238155397283833,0.22286811758202013,0.2214361673472938
975,0.9229687452316284,0.8995597958564758,0.2199999988079071,4.4985127449035645,0.2203254839227059,0.21963028972700593,0.2180486612228039
976,0.9202539324760437,0.9104932546615601,0.21898438036441803,4.513675689697266,0.21857372588570678,0.2182826450504523,0.21685222790395425
977,0.9198046922683716,0.9115170836448669,0.22562499344348907,4.51124382019043,0.2254636744658937,0.22486229222377122,0.2234053722398739
978,0.9206836223602295,0.912990927696228,0.22374999523162842,4.514023780822754,0.22312576346093882,0.22321562204153628,0.22178453383794067
979,0.9199023246765137,0.9105744957923889,0.2199999988079071,4.514582633972168,0.22066460144335112,0.21948014202494387,0.21841174478176514
980,0.9198242425918579,0.9128302931785583,0.2240625023841858,4.496729850769043,0.22299967300552975,0.22344463761270367,0.22144260913113206
981,0.9203515648841858,0.908843457698822,0.22765624523162842,4.471999168395996,0.2274377360741337,0.22702936159215786,0.22588667973421442
982,0.9226953387260437,0.9038266539573669,0.22929687798023224,4.469331741333008,0.22973091302340432,0.22872972564354233,0.22751156754538737
983,0.9213476777076721,0.9011361598968506,0.22609375417232513,4.477608680725098,0.2266821434580037,0.2256799047068768,0.22465935464232484
984,0.9209570288658142,0.9059064388275146,0.22414062917232513,4.493409156799316,0.22465126673825123,0.22350824501577266,0.22244398378244729
985,0.9210546612739563,0.9086368680000305,0.22179687023162842,4.464069366455078,0.22303227626189037,0.22128454622187738,0.22032486263461273
986,0.9208593964576721,0.9106240272521973,0.22546875476837158,4.4885663986206055,0.22530937251655425,0.22504105577835584,0.2233124134149349
987,0.9225000143051147,0.9045990109443665,0.2283593714237213,4.4537858963012695,0.2295066930766131,0.22775772603287098,0.22689579985543956
988,0.9228125214576721,0.9023350477218628,0.22945313155651093,4.442722320556641,0.23113431943447627,0.22870083659153043,0.22794963820111652
989,0.924121081829071,0.8991715908050537,0.23039062321186066,4.46154260635376,0.23059221945770406,0.22973138372603225,0.22863142277655787
990,0.9239648580551147,0.8960719108581543,0.22812500596046448,4.474921226501465,0.22957074249254003,0.22758090705872186,0.22693822906637318
991,0.9207226634025574,0.9043524265289307,0.22859375178813934,4.458735466003418,0.22871975630925712,0.22800737910960145,0.2267954553550017
992,0.923632800579071,0.8998709321022034,0.23023436963558197,4.435739040374756,0.22982608941103805,0.22947694811106045,0.22795550799002673
993,0.9233788847923279,0.8997060656547546,0.22820311784744263,4.4603071212768555,0.22825154469735623,0.22735958037343545,0.22616938408414083
994,0.9244335889816284,0.8953801989555359,0.2303124964237213,4.439774990081787,0.2297113895235784,0.22925643448428357,0.22794255104665206
995,0.9227343797683716,0.9034973382949829,0.22945313155651093,4.462070465087891,0.2287363512178111,0.22868352512221107,0.22726287054449323
996,0.9222656488418579,0.8990225791931152,0.2306250035762787,4.464317798614502,0.23114732684898706,0.22989297953886492,0.22877615096064624
997,0.9216992259025574,0.9029914736747742,0.2317187488079071,4.454429626464844,0.23298330401340467,0.23142506454494818,0.2303283008090895
998,0.9227539300918579,0.9000279903411865,0.22960937023162842,4.464836120605469,0.23099316004211962,0.22910579112130364,0.22821341158269234
999,0.9216406345367432,0.9041699171066284,0.2279687523841858,4.4519429206848145,0.22875355914836093,0.22770672016765586,0.22657241926946928
