epoch,accuracy,loss,val_accuracy,val_loss,val_precision,val_recall,val_f1
0,0.004218750167638063,11.147566795349121,0.006093749776482582,10.592423439025879,0.005380543565488215,0.005892783929726515,0.004748681491856428
1,0.006152343936264515,10.736577987670898,0.0052343751303851604,10.337868690490723,0.004688336138280213,0.005112578263755159,0.004697802811865014
2,0.00839843787252903,10.405089378356934,0.004609374795109034,10.125227928161621,0.0037937154746726007,0.00445920733961257,0.0039448224920698004
3,0.010488281026482582,10.105117797851562,0.0054687499068677425,9.922090530395508,0.004846576436967455,0.0053473754764140485,0.004912552980380021
4,0.013320312835276127,9.815441131591797,0.005781250074505806,9.724742889404297,0.005377434734613887,0.005639546932328689,0.00525961552924152
5,0.015332031063735485,9.548739433288574,0.005859375,9.535126686096191,0.005411971300902894,0.005747529283277214,0.005392373333184917
6,0.01943359337747097,9.285608291625977,0.0074218749068677425,9.348946571350098,0.007391781484981925,0.007321368293537325,0.007110426128157354
7,0.024492187425494194,9.030753135681152,0.0073437499813735485,9.16487979888916,0.00770002001286403,0.0072553604603274365,0.0071458215171109375
8,0.028984375298023224,8.789468765258789,0.0072656250558793545,8.978680610656738,0.007303052162860064,0.0071397402445628165,0.006910615592662403
9,0.03863281384110451,8.523292541503906,0.009687500074505806,8.788528442382812,0.009362448116037172,0.009478988785262172,0.009031909651726292
10,0.04478515684604645,8.280318260192871,0.011015624739229679,8.589054107666016,0.010562416001579394,0.010770281885413714,0.010084840142711871
11,0.05552734434604645,8.029712677001953,0.013124999590218067,8.387494087219238,0.013002360099299129,0.012906232454262718,0.012251680574342526
12,0.06443359702825546,7.7794036865234375,0.014140624552965164,8.191415786743164,0.014861538813450577,0.013900484358569925,0.013396249054657488
13,0.07246093451976776,7.548375129699707,0.015859374776482582,7.997879505157471,0.016133681713002924,0.01564347305196599,0.01509431793697386
14,0.083984375,7.324279308319092,0.018046874552965164,7.818498134613037,0.018617304640545104,0.017775177595788446,0.01718213415795317
15,0.09505859017372131,7.1045613288879395,0.021171875298023224,7.644289016723633,0.021324196021495496,0.02090718311907601,0.02011846733342263
16,0.11144531518220901,6.8926897048950195,0.02265625074505806,7.476182460784912,0.02128338963684428,0.022128112348908307,0.020749036587931216
17,0.1257031261920929,6.682760715484619,0.026640625670552254,7.3100786209106445,0.02584330633179925,0.0262078222921824,0.024956177388999377
18,0.1372656226158142,6.483405113220215,0.029921874403953552,7.14713191986084,0.03003417459527557,0.02944329033292911,0.02830038644410273
19,0.15263672173023224,6.292225360870361,0.03523437678813934,6.982385635375977,0.03440345359072268,0.03461191998346046,0.033039950395963684
20,0.1741601526737213,6.079897403717041,0.03789062425494194,6.822044849395752,0.037424744022802485,0.03728430791645336,0.03577877989430757
21,0.19263671338558197,5.8939056396484375,0.042656250298023224,6.6602253913879395,0.042776979230428294,0.0421186868541934,0.04069321561543429
22,0.20933593809604645,5.703973770141602,0.05140624940395355,6.503825664520264,0.05118369502994649,0.05084217789564772,0.04897582303424952
23,0.23048828542232513,5.5180182456970215,0.05742187425494194,6.3508219718933105,0.05663385064895636,0.05669799234904224,0.054593944684978885
24,0.2525976598262787,5.325142860412598,0.06671874970197678,6.197964668273926,0.06617763347214406,0.06588814777893258,0.06404314945444278
25,0.27683594822883606,5.1382646560668945,0.07804687321186066,6.0465779304504395,0.07671441191842296,0.07710486203097756,0.07479531057721919
26,0.2947461009025574,4.974946975708008,0.08343750238418579,5.899951934814453,0.08207407960594959,0.08244194206297273,0.08016472786277534
27,0.3185156285762787,4.7956156730651855,0.09664062410593033,5.760397911071777,0.09549048464797599,0.09553369684198143,0.09304218557795196
28,0.34253907203674316,4.627062797546387,0.10632812231779099,5.6135430335998535,0.10602311214430257,0.10507061934304719,0.10304140993812617
29,0.36287108063697815,4.472134590148926,0.11632812768220901,5.475522518157959,0.11579964731150733,0.11505900175461492,0.11298160069922357
30,0.3904492259025574,4.300887584686279,0.130859375,5.341326713562012,0.13059025108640746,0.12967360803755817,0.12757712288290876
31,0.40654295682907104,4.163058280944824,0.1393750011920929,5.218429088592529,0.13930958565823837,0.1378956149351827,0.13611226795248388
32,0.43160155415534973,4.013753414154053,0.15234375,5.0982279777526855,0.15134135704078033,0.1510064349950276,0.14869853297225366
33,0.45060548186302185,3.8769545555114746,0.1647656261920929,4.981254577636719,0.16392169290160868,0.16347293714928046,0.1613359680818241
34,0.46806639432907104,3.7516372203826904,0.17679686844348907,4.870120525360107,0.17648616678736748,0.1753002211350886,0.17297488912274278
35,0.49074217677116394,3.619847059249878,0.18523436784744263,4.762534141540527,0.18461217465564844,0.18377666675501997,0.18183319818439334
36,0.5056836009025574,3.505729913711548,0.19382812082767487,4.658881664276123,0.1932555939746484,0.19243804379518276,0.1907074676325169
37,0.5247461199760437,3.3916754722595215,0.20484374463558197,4.569280624389648,0.20505074660926648,0.20362942013010177,0.20184707912018363
38,0.5404687523841858,3.285642385482788,0.2130468785762787,4.481035232543945,0.21329864245886457,0.21193645843830028,0.21038668390069637
39,0.5532812476158142,3.1941988468170166,0.22374999523162842,4.395257949829102,0.22379744010040764,0.22250965146652313,0.2208529753549391
40,0.5708984136581421,3.0855019092559814,0.23023436963558197,4.312890529632568,0.23056794640475153,0.22899471248364708,0.22714181652694038
41,0.5853906273841858,2.9960174560546875,0.2361718714237213,4.234933853149414,0.23623555806528293,0.23485802570028974,0.23331497941529716
42,0.6013085842132568,2.9118645191192627,0.25132811069488525,4.153939247131348,0.2517255271265792,0.24998646729850718,0.24838854162748836
43,0.6152929663658142,2.8257946968078613,0.2549999952316284,4.083245754241943,0.25423906907337784,0.253549565096912,0.2516603388202857
44,0.625195324420929,2.750314712524414,0.26570311188697815,4.012247085571289,0.2654829238537474,0.264517404141807,0.2627370623444588
45,0.6406445503234863,2.669945478439331,0.2742968797683716,3.946701765060425,0.2750283714527145,0.27304601108495175,0.27127378664525653
46,0.6498827934265137,2.6015806198120117,0.2815625071525574,3.8777718544006348,0.2821758338903525,0.28045360424897214,0.2789321413477906
47,0.6629687547683716,2.530181407928467,0.2849999964237213,3.828366279602051,0.28667376654459914,0.28399410598960606,0.2828879335050146
48,0.6717382669448853,2.4709994792938232,0.29124999046325684,3.770151376724243,0.29228695006939565,0.2900575333364078,0.28879952092521594
49,0.6837304830551147,2.399216651916504,0.30140626430511475,3.7168991565704346,0.30319170436582754,0.30056477174276186,0.29948714983829056
50,0.6966211199760437,2.336463689804077,0.3101562559604645,3.6539080142974854,0.31111498397452714,0.3088585379128107,0.3076136295519013
51,0.7018359303474426,2.2876389026641846,0.31546875834465027,3.603794574737549,0.31720753425665404,0.31441998384303727,0.31337202059468033
52,0.7086718678474426,2.2432265281677246,0.31437501311302185,3.569265127182007,0.3154859070154462,0.31346317251385303,0.311931093734228
53,0.7200000286102295,2.181549310684204,0.32554686069488525,3.5200202465057373,0.3279693675382055,0.32496185576230124,0.3241815758917671
54,0.7261132597923279,2.1409196853637695,0.3401562571525574,3.4656925201416016,0.34202597671928653,0.33944284775104433,0.3383084314282199
55,0.7350390553474426,2.091386079788208,0.33585938811302185,3.4417526721954346,0.33730121108917976,0.33471794078411504,0.33332957238336713
56,0.7395312786102295,2.04835844039917,0.3401562571525574,3.385532855987549,0.341741837234296,0.3389252941744566,0.33773743564773584
57,0.7493749856948853,2.005006790161133,0.34742188453674316,3.3426096439361572,0.349885542953963,0.34641796482225873,0.34547307380912656
58,0.7533007860183716,1.9714912176132202,0.3474999964237213,3.3164429664611816,0.3486602551186532,0.3465508496354264,0.3453451062675665
59,0.7605664134025574,1.9303622245788574,0.35914063453674316,3.278172492980957,0.36119722157082185,0.35802156212723146,0.35690070706436794
60,0.7662695050239563,1.8936036825180054,0.3547656238079071,3.2455403804779053,0.3566834429825745,0.3533294467360901,0.35215990531212915
61,0.7691406011581421,1.863794207572937,0.3625781238079071,3.2124788761138916,0.36470899337463125,0.3614519641798957,0.36028768047377535
62,0.7766211032867432,1.820635199546814,0.3660937547683716,3.1674458980560303,0.36772240818477153,0.3648770704317798,0.36346251020546855
63,0.7825781106948853,1.785685420036316,0.3726562559604645,3.1459429264068604,0.3745140161975671,0.37142740876070385,0.37025289672180345
64,0.7843554615974426,1.7633795738220215,0.3804687559604645,3.1033856868743896,0.38297400577977814,0.3794222816382633,0.37841057207150625
65,0.7897851467132568,1.7340878248214722,0.3792187571525574,3.08609676361084,0.38163620075689453,0.37802805764217706,0.37699857946473314
66,0.7944140434265137,1.7044172286987305,0.3860156238079071,3.058763027191162,0.388543110150793,0.38516606759552097,0.38435303536147675
67,0.8008984327316284,1.669986605644226,0.3856250047683716,3.028136968612671,0.38819768326208115,0.384595501181292,0.38381730191174207
68,0.8005273342132568,1.6527705192565918,0.3931249976158142,3.0064427852630615,0.39536614943655846,0.3920381276440014,0.3909037196745061
69,0.8039648532867432,1.6280980110168457,0.39304688572883606,2.974019765853882,0.39614303111563626,0.39202886309621,0.3912203678618106
70,0.8093945384025574,1.6006927490234375,0.4016406238079071,2.9447622299194336,0.40352049678701035,0.4007103414623493,0.39925058762392973
71,0.8136132955551147,1.5736732482910156,0.4039062559604645,2.9181172847747803,0.4046301203166009,0.40260295519174205,0.4010949580049563
72,0.8151171803474426,1.5564498901367188,0.4083593785762787,2.916011333465576,0.4115306414686232,0.407199353129017,0.40658715350562824
73,0.8193749785423279,1.5343871116638184,0.40773436427116394,2.8912971019744873,0.4087405192317135,0.4068236403621234,0.40509329415354156
74,0.8258007764816284,1.5051008462905884,0.4124999940395355,2.8687055110931396,0.4125117937002061,0.4113386118599838,0.40921225954587814
75,0.8256640434265137,1.4915337562561035,0.4114062488079071,2.8415687084198,0.41181461000382574,0.41027349562749604,0.4086690624840557
76,0.8258593678474426,1.480007529258728,0.41624999046325684,2.8235201835632324,0.4190273773535188,0.4154950809682866,0.4140569659100926
77,0.8273632526397705,1.4618983268737793,0.4206250011920929,2.8111562728881836,0.4235486943620797,0.4195607141415169,0.4182325308769154
78,0.8300976753234863,1.4437103271484375,0.42710936069488525,2.783143997192383,0.42907899493617613,0.42610279510600824,0.4247491151334891
79,0.8355859518051147,1.4230940341949463,0.4256249964237213,2.7549092769622803,0.4287504044236403,0.4247801666434083,0.4239054201519309
80,0.8316015601158142,1.412916660308838,0.42625001072883606,2.7480194568634033,0.4282758431650311,0.42514991736899777,0.4236004193688463
81,0.8352929949760437,1.3938010931015015,0.4273437559604645,2.738193988800049,0.42879109828816137,0.425882204150067,0.4242701899340907
82,0.8369336128234863,1.3798426389694214,0.43015626072883606,2.714787244796753,0.4318459823242112,0.4291083038305343,0.42769642161661287
83,0.8414648175239563,1.3615896701812744,0.42976561188697815,2.6911613941192627,0.43327051527574445,0.428790743220793,0.42769442052778295
84,0.8448632955551147,1.346909523010254,0.4389062523841858,2.6731317043304443,0.4407600038406232,0.43781052649995256,0.43618622264842855
85,0.8436914086341858,1.335161566734314,0.44203126430511475,2.6610729694366455,0.4437426601201247,0.4408097323510582,0.43934328520276866
86,0.8448632955551147,1.3237032890319824,0.4380468726158142,2.6626763343811035,0.4404419163828436,0.4367343671806561,0.43530482944701443
87,0.8451562523841858,1.3159294128417969,0.443359375,2.640735387802124,0.4460113646699744,0.4424892253720752,0.4414112547249649
88,0.8484960794448853,1.3005294799804688,0.4460156261920929,2.6221539974212646,0.4493811075511998,0.4450740886324494,0.4441363541656795
89,0.8491992354393005,1.2895840406417847,0.45015624165534973,2.607142448425293,0.4524565479108545,0.44915242481338513,0.4477075163408447
90,0.8481640815734863,1.2822210788726807,0.44914063811302185,2.596325397491455,0.4519705845686428,0.4483105513546239,0.4469308909506615
91,0.8528906106948853,1.262435793876648,0.45140624046325684,2.559502601623535,0.4532873778996531,0.4504899166569085,0.44916510596444825
92,0.8559374809265137,1.2507151365280151,0.45703125,2.564375638961792,0.4599062214280832,0.4562075009821345,0.4550892894342217
93,0.8568164110183716,1.2392268180847168,0.4518750011920929,2.5425612926483154,0.45487991999189953,0.450870703210702,0.45005793739239397
94,0.8570312261581421,1.2312092781066895,0.4554687440395355,2.532470226287842,0.4585164445050821,0.454370730733946,0.4536480331865459
95,0.8558398485183716,1.2294631004333496,0.45625001192092896,2.5303945541381836,0.4587202579356182,0.454747731324352,0.45359244558705625
96,0.859179675579071,1.2152796983718872,0.4651562571525574,2.517845869064331,0.46854286511746257,0.4640421103601432,0.463245760554234
97,0.8590039014816284,1.2056984901428223,0.4591406285762787,2.506410837173462,0.46178238100101204,0.45834801181325213,0.45679795907434206
98,0.8603711128234863,1.1960655450820923,0.46492186188697815,2.4845497608184814,0.4669189053314047,0.46407380547233124,0.46289257804842066
99,0.8625390529632568,1.1846387386322021,0.47078123688697815,2.4807233810424805,0.4737671986990617,0.46967749044076146,0.46913114144111107
100,0.8630468845367432,1.1773347854614258,0.4630468785762787,2.4816315174102783,0.46617633796861646,0.46194531761396984,0.46107887056150626
101,0.8629297018051147,1.172000527381897,0.47203123569488525,2.462697744369507,0.4748817878001378,0.4707944389881522,0.4697069983042885
102,0.8660351634025574,1.161036491394043,0.4728125035762787,2.4468252658843994,0.4759743148260947,0.4716592502065359,0.47072591463424146
103,0.8653711080551147,1.1535258293151855,0.47117188572883606,2.441828966140747,0.47374344060491,0.4701251004352635,0.46886126076003143
104,0.8673242330551147,1.1456302404403687,0.46656250953674316,2.4554076194763184,0.4691405597173461,0.46565574860075554,0.4644397508027586
105,0.8678905963897705,1.1382964849472046,0.4712499976158142,2.4401743412017822,0.47352960834830254,0.47004650169746276,0.4686718118972314
106,0.8700195550918579,1.1287102699279785,0.4724999964237213,2.429011583328247,0.4760622756990329,0.4716956647523278,0.47090439779922055
107,0.8705468773841858,1.1207754611968994,0.47757813334465027,2.4142870903015137,0.480033270632947,0.476807509767413,0.4753285485181864
108,0.8700000047683716,1.1158421039581299,0.4808593690395355,2.4015188217163086,0.4847247133225401,0.47994247935914575,0.4793993271420758
109,0.8699414134025574,1.1171661615371704,0.48164063692092896,2.3860950469970703,0.4846806425487254,0.48010667128387086,0.4790039687465555
110,0.869921863079071,1.1084504127502441,0.4797656238079071,2.384234666824341,0.48303396091472667,0.47867591550724736,0.47796526164180403
111,0.872363269329071,1.0985400676727295,0.48124998807907104,2.3737545013427734,0.4843599882983312,0.4802712704954576,0.47936308610541933
112,0.8749414086341858,1.0875564813613892,0.48679688572883606,2.356266498565674,0.48901937725112365,0.4858149270363761,0.4843448303042124
113,0.8770117163658142,1.0805046558380127,0.4903906285762787,2.3449010848999023,0.4934214683410587,0.4893616514198184,0.4880270785729813
114,0.8751757740974426,1.079542875289917,0.4909375011920929,2.3453376293182373,0.4946869978084669,0.4896179404798641,0.4887161394106798
115,0.8755664229393005,1.0756114721298218,0.4916406273841858,2.3453361988067627,0.49333786693399656,0.49057380844069143,0.48956259782194955
116,0.8765234351158142,1.0690900087356567,0.48710936307907104,2.3618760108947754,0.49045434792490356,0.4857811972247271,0.48488271276169653
117,0.8762109279632568,1.0670745372772217,0.49351561069488525,2.3315117359161377,0.4974661020670179,0.49260625093732846,0.4920652371782468
118,0.8747656345367432,1.0623835325241089,0.49406251311302185,2.323497772216797,0.49647796279681,0.492830537952043,0.4913487093642399
119,0.8769140839576721,1.0543497800827026,0.49460938572883606,2.308688163757324,0.49653152855303495,0.4933221658437443,0.49220150858464723
120,0.8783789277076721,1.0465973615646362,0.49406251311302185,2.3095099925994873,0.4965439405603551,0.49280045435106157,0.49165599348782774
121,0.8795703053474426,1.0406348705291748,0.49242186546325684,2.3122568130493164,0.4956619747359701,0.49097419893553407,0.49013885144926916
122,0.8835351467132568,1.0290637016296387,0.5003906488418579,2.2877748012542725,0.5030410338542894,0.4994864109160658,0.4979806930171504
123,0.8817968964576721,1.0264626741409302,0.49195313453674316,2.3062362670898438,0.4950536078332086,0.49071121847839483,0.48981215630335356
124,0.8821484446525574,1.0218290090560913,0.4977343678474426,2.2749319076538086,0.5008544647922623,0.49671270431493314,0.49590651450586914
125,0.87939453125,1.0291284322738647,0.5032812356948853,2.2695019245147705,0.5052584463041105,0.5024183717875096,0.5011868302271716
126,0.8834765553474426,1.0159120559692383,0.507031261920929,2.262324571609497,0.5098060261392174,0.5059089976682185,0.5049831851787797
127,0.8809765577316284,1.017907738685608,0.5051562786102295,2.2548792362213135,0.5075025072167677,0.5045279593647061,0.5031719939801906
128,0.8839648365974426,1.0084742307662964,0.5039843916893005,2.267127275466919,0.5064989516251148,0.5028079778479061,0.5014046662146365
129,0.8840625286102295,1.004668116569519,0.5127343535423279,2.2516045570373535,0.5150185596907118,0.5120606233509601,0.5105896437159919
130,0.8855664134025574,0.9997863173484802,0.5096874833106995,2.2418439388275146,0.513277539792725,0.5085095604043628,0.5074377094528526
131,0.8822460770606995,1.0029802322387695,0.510546863079071,2.2416999340057373,0.5140085880321381,0.5094276544354515,0.5082965771050615
132,0.8836718797683716,1.0009969472885132,0.5101562738418579,2.236760139465332,0.5136910001778288,0.5092457151825583,0.5079681841872442
133,0.883105456829071,0.9977996945381165,0.5069531202316284,2.2410531044006348,0.5102380875998415,0.5056128512726554,0.5043231722663288
134,0.880664050579071,1.004326343536377,0.5042968988418579,2.2432961463928223,0.5072822295622241,0.50339424068309,0.5026012676909377
135,0.8836914300918579,0.9925779104232788,0.5117968916893005,2.222994327545166,0.5148199855429458,0.510326017119885,0.509760529575435
136,0.8858203291893005,0.9835101366043091,0.5152343511581421,2.2174429893493652,0.5178856349113516,0.5141392329775173,0.5130880666024836
137,0.8857421875,0.9788112044334412,0.5140625238418579,2.2166178226470947,0.5167221312359226,0.5127911329438308,0.5118191716174776
138,0.8858984112739563,0.9766842722892761,0.515625,2.193779230117798,0.5179659293017558,0.5142512761845028,0.5129002781316345
139,0.8874413967132568,0.9759402275085449,0.5112500190734863,2.194185256958008,0.5144808608078616,0.5103030103437209,0.5096661994697265
140,0.8870898485183716,0.9697984457015991,0.5210937261581421,2.2013518810272217,0.5239784342312201,0.5199155004168978,0.5190026963963672
141,0.8867968916893005,0.9676488637924194,0.5174999833106995,2.1888625621795654,0.5199575133370153,0.5161122198602159,0.5148183297351663
142,0.8860156536102295,0.9692069292068481,0.5178906321525574,2.1921870708465576,0.5207163753526054,0.5167246501929382,0.515245928997297
143,0.8900585770606995,0.9575930237770081,0.515625,2.188136339187622,0.5193818621328211,0.5142101515357154,0.5133485909632217
144,0.8895508050918579,0.9535553455352783,0.5200781226158142,2.181525707244873,0.5226569189013908,0.5191162821502154,0.5179675572171726
145,0.8895312547683716,0.9571334719657898,0.5237500071525574,2.1626298427581787,0.5269272938830127,0.5227970525565973,0.5220564941726942
146,0.8896093964576721,0.9506921172142029,0.5186718702316284,2.179295301437378,0.5221282843474955,0.5176532253212358,0.5164749094418968
147,0.8923437595367432,0.9423348307609558,0.5256249904632568,2.1552860736846924,0.528425853229432,0.5247249272475041,0.5235238180731133
148,0.8909375071525574,0.9465277791023254,0.5241405963897705,2.172501564025879,0.5277461836239528,0.5228171655073847,0.522244028531365
149,0.89208984375,0.9417139291763306,0.520312488079071,2.1602885723114014,0.5229197810244157,0.5190595236723218,0.5181816241999708
150,0.8908007740974426,0.9436503052711487,0.5224218964576721,2.155069351196289,0.5252280438654857,0.5212007223006117,0.5202785226316049
151,0.8891797065734863,0.9413320422172546,0.5251562595367432,2.15331768989563,0.5286289002331667,0.5239393560733793,0.5232290023250423
152,0.8907226324081421,0.9369781613349915,0.5272656083106995,2.1573424339294434,0.5309255576447067,0.5263055198609417,0.525866805448451
153,0.8944140672683716,0.9292213916778564,0.5262500047683716,2.1548240184783936,0.528923625403759,0.5253484644042492,0.524373791045188
154,0.8918163776397705,0.9312638640403748,0.5375781059265137,2.1272103786468506,0.5409399375306172,0.5363436667982477,0.5355992792579473
155,0.8946484327316284,0.9283793568611145,0.5299218893051147,2.141352415084839,0.5327109585502195,0.5287153706775648,0.5281169923118001
156,0.896191418170929,0.9207627773284912,0.5340625047683716,2.1206722259521484,0.5370739095008623,0.5331194675722013,0.5320392005294777
157,0.8936523199081421,0.9230474829673767,0.5278906226158142,2.1349635124206543,0.5304328081910921,0.5269940293235593,0.5253819570356184
158,0.8914648294448853,0.9271909594535828,0.5322656035423279,2.1320483684539795,0.5357945082026627,0.531047594583849,0.5300898966262705
159,0.8918163776397705,0.9246670603752136,0.5355468988418579,2.1239066123962402,0.5384330460546856,0.534314484970483,0.5331382726617206
160,0.8955078125,0.9143123030662537,0.5377343893051147,2.1074793338775635,0.5404206934112779,0.5366909709550319,0.5355962770220616
161,0.8935546875,0.9206315875053406,0.535937488079071,2.1144564151763916,0.5402902180366518,0.5348460767225278,0.534393074690403
162,0.8929882645606995,0.9198403358459473,0.5335937738418579,2.1196749210357666,0.5384912143922991,0.5328295856281262,0.5324387290978897
163,0.8926367163658142,0.9195801019668579,0.5335937738418579,2.1029083728790283,0.536813681116032,0.5328256207885065,0.5317031285536711
164,0.8957421779632568,0.9111567139625549,0.533203125,2.1218247413635254,0.5365285545642983,0.5320888878032561,0.5313148341277266
165,0.8941406011581421,0.9124970436096191,0.5274218916893005,2.116689682006836,0.5307451486696217,0.5265800681776369,0.5256501282397292
166,0.8946484327316284,0.9119005799293518,0.5330469012260437,2.118370532989502,0.5369631286976382,0.5320126146933957,0.5308167612475753
167,0.8965039253234863,0.90533447265625,0.5361718535423279,2.0992586612701416,0.540712368287882,0.5354021802759081,0.5346555226250562
168,0.8970116972923279,0.9060489535331726,0.5373437404632568,2.104973793029785,0.5404764511072813,0.5361253139844326,0.5352659163600333
169,0.8991601467132568,0.8950374722480774,0.5414062738418579,2.096212863922119,0.5450924712262704,0.5406047339219389,0.5395796358805096
170,0.8968750238418579,0.8977167010307312,0.5366406440734863,2.107525587081909,0.5403431570324178,0.5358329937568299,0.5349427690941098
171,0.8972851634025574,0.8968772888183594,0.5404687523841858,2.0914154052734375,0.5443222463393457,0.5393172051571675,0.5387876051294604
172,0.8986718654632568,0.8888837695121765,0.5436718463897705,2.0897927284240723,0.5468955469459847,0.5429635479812436,0.542166371792701
173,0.8983789086341858,0.8936208486557007,0.5436718463897705,2.0676393508911133,0.5469999236442231,0.5427420555695494,0.5419208596234728
174,0.8988867402076721,0.8882411122322083,0.5452343821525574,2.0751607418060303,0.5492587354844952,0.544216542567543,0.5435536423117238
175,0.8978515863418579,0.8937680721282959,0.5465624928474426,2.0713422298431396,0.5497909862800574,0.5455423574242233,0.5448067184455846
176,0.8978320360183716,0.8928125500679016,0.5453906059265137,2.080726385116577,0.5475538336170489,0.5443581673882578,0.5430972909988462
177,0.8987890481948853,0.8854876160621643,0.5407812595367432,2.070382595062256,0.54338704283668,0.5394992461274561,0.538808334862704
178,0.8976953029632568,0.8910883069038391,0.5389843583106995,2.0840728282928467,0.5428090288603244,0.5378141084371265,0.5370181049614162
179,0.9011328220367432,0.8801519274711609,0.5469531416893005,2.0740158557891846,0.5515584234536439,0.54582062271399,0.545068214063184
180,0.901171863079071,0.8789612650871277,0.5446093678474426,2.08388090133667,0.5473545897607449,0.5434428230759449,0.5425686135388053
181,0.9003515839576721,0.8819822072982788,0.5432812571525574,2.0849688053131104,0.5465670384893577,0.5420584059006356,0.5414390244715506
182,0.9001758098602295,0.8775725364685059,0.5471875071525574,2.083125352859497,0.551143852031275,0.5460929990754235,0.5454583054003767
183,0.8982617259025574,0.8861415982246399,0.5487499833106995,2.0664823055267334,0.5516797531646116,0.5475678329096274,0.5466674728177345
184,0.8998633027076721,0.8747169971466064,0.5444531440734863,2.0839154720306396,0.5476868954921537,0.5434952303379382,0.5424858866290231
185,0.8999804854393005,0.8777917623519897,0.5509374737739563,2.0632541179656982,0.5553907861825857,0.5499994185617554,0.5495135371117386
186,0.9015820026397705,0.8709863424301147,0.5596093535423279,2.040961265563965,0.5633692833672341,0.5588143534343449,0.5582472887839305
187,0.902636706829071,0.8679479956626892,0.5542968511581421,2.0466012954711914,0.5578338969334797,0.5533715334758397,0.5528521766673309
188,0.9025195240974426,0.8684550523757935,0.5501562356948853,2.044917583465576,0.5534189633754474,0.5490282661663604,0.5484615854747508
189,0.9022265672683716,0.8731101155281067,0.5529687404632568,2.045135498046875,0.5568393297360351,0.5516664809875058,0.5510307529603578
190,0.9024413824081421,0.8700198531150818,0.5485156178474426,2.0506296157836914,0.5513992781490228,0.5470030056136194,0.5463499450716226
191,0.9001367092132568,0.8697832226753235,0.5536718964576721,2.0364885330200195,0.5571637896916195,0.5524826905222139,0.5519175635752651
192,0.9011523723602295,0.870018720626831,0.5489062666893005,2.0527658462524414,0.5531493001392167,0.5481519592748301,0.5478525819520826
193,0.9033593535423279,0.8624103665351868,0.559765636920929,2.0170867443084717,0.5635639320999937,0.5588864407573528,0.5584359072571539
194,0.9013085961341858,0.8684954643249512,0.5498437285423279,2.0368669033050537,0.5530177305092732,0.5485519537113874,0.5477556019962728
195,0.9025781154632568,0.8646973371505737,0.5542968511581421,2.038118839263916,0.5582127238201362,0.5531244997500342,0.5524127223845589
196,0.9029687643051147,0.8618128299713135,0.5531250238418579,2.035229206085205,0.5562173155963144,0.5519906205214631,0.5510107903812335
197,0.9030078053474426,0.8619663119316101,0.552734375,2.033810615539551,0.5556216159915655,0.5517022876975622,0.5511637701918402
198,0.9002538919448853,0.8663411736488342,0.5528125166893005,2.0430498123168945,0.5560998008977925,0.5515678844588341,0.5508957477485767
199,0.900683581829071,0.8655375838279724,0.5582031011581421,2.0363686084747314,0.56102907591709,0.5566590029978329,0.5557097430092071
200,0.9036328196525574,0.8597736358642578,0.5594531297683716,2.013719081878662,0.5625968703883554,0.559100368193569,0.5579149535885217
201,0.901074230670929,0.8596258759498596,0.557421863079071,2.026867628097534,0.5600171119864776,0.5565274834665528,0.5555301914311661
202,0.9047656059265137,0.8531105518341064,0.559765636920929,2.0162291526794434,0.56328023059609,0.5587751169814522,0.5582279853081497
203,0.9048241972923279,0.8481741547584534,0.55859375,2.0325777530670166,0.5618986911807364,0.5577361187304813,0.5571365728661177
204,0.9054882526397705,0.8503978848457336,0.5629687309265137,2.0106208324432373,0.5673652955532886,0.5619297755381522,0.5613532736505341
205,0.9049609303474426,0.8529019951820374,0.5595312714576721,2.0157763957977295,0.5634920159377468,0.5586058984980642,0.5576495238252595
206,0.9019140601158142,0.857207715511322,0.5658593773841858,2.007128953933716,0.5684396237522731,0.5649069937281325,0.5638155597336106
207,0.9093359112739563,0.8414903879165649,0.5609375238418579,2.007460594177246,0.563789886423541,0.5596883543245387,0.5589586205897086
208,0.9070507884025574,0.840451180934906,0.5637500286102295,2.0020153522491455,0.5673292124140963,0.5629844214742505,0.5623771039952306
209,0.9068359136581421,0.841022253036499,0.567187488079071,1.986561894416809,0.5711644713263894,0.56617924828572,0.5657047619145028
210,0.9083593487739563,0.8359360694885254,0.5648437738418579,1.981085181236267,0.5685914291291925,0.5642528781418312,0.5636815246983847
211,0.9057421684265137,0.8419977426528931,0.5619531273841858,1.991061806678772,0.5651247388015457,0.5606080231991921,0.5601382135096247
212,0.9033789038658142,0.8501859903335571,0.5626562237739563,1.9932812452316284,0.5650946888597794,0.5611902233131636,0.5606600300521767
213,0.9068359136581421,0.8464388251304626,0.5616406202316284,1.9927198886871338,0.5647065824071067,0.5605855883036162,0.559900277377392
214,0.9072265625,0.8429502844810486,0.5603125095367432,2.003180742263794,0.5636778306298138,0.5598005102081134,0.559049013346324
215,0.9058789014816284,0.8418377637863159,0.5662500262260437,1.9994677305221558,0.570068212521986,0.5653446879588715,0.5645437031346361
216,0.9049023389816284,0.8428008556365967,0.5621093511581421,1.9911013841629028,0.565222087325328,0.5615182423058873,0.5606580343273605
217,0.9074804782867432,0.8407694101333618,0.5581250190734863,1.9957255125045776,0.5619981347484329,0.5575586771634604,0.5567395341013094
218,0.9100390672683716,0.8313300609588623,0.5677343606948853,1.9803727865219116,0.5705234628386834,0.566856128665034,0.5660646326939353
219,0.9082226753234863,0.8351443409919739,0.5689843893051147,1.9818707704544067,0.572468979164753,0.5679932977028719,0.5674596987790652
220,0.9064648151397705,0.8363254070281982,0.5649999976158142,1.992750644683838,0.5677755901684249,0.5638035479257237,0.563067590654115
221,0.9069530963897705,0.8402681946754456,0.5680468678474426,1.9931950569152832,0.5717691810592396,0.567391548925839,0.5667123868504296
222,0.9057226777076721,0.8361778259277344,0.5702343583106995,1.9724661111831665,0.5727288676272057,0.5692061758879142,0.5682934579626381
223,0.9084374904632568,0.8337066173553467,0.5717187523841858,1.9718245267868042,0.5752509077413471,0.5706463392941832,0.5697208274189814
224,0.9087695479393005,0.829923152923584,0.5690624713897705,1.9861302375793457,0.5732925255265422,0.5677852434422515,0.5671408598303569
225,0.9085937738418579,0.8331791758537292,0.5688281059265137,1.9880049228668213,0.5717339468307514,0.5677481669126876,0.5669363114735064
226,0.9092382788658142,0.8318984508514404,0.5719531178474426,1.9739512205123901,0.5756077690190881,0.5710473822502564,0.5702263412491818
227,0.9115429520606995,0.8254286050796509,0.5711718797683716,1.9713557958602905,0.5747913791113932,0.5704406291923023,0.5696873324723855
228,0.9106249809265137,0.8214332461357117,0.5759375095367432,1.9610241651535034,0.5792399288983039,0.5751788383866374,0.5745554452567633
229,0.9099414348602295,0.8244558572769165,0.5724999904632568,1.9772099256515503,0.5757532004456398,0.5717517166060544,0.5709467475940025
230,0.9075390696525574,0.8310819268226624,0.5757812261581421,1.9641779661178589,0.5790635429146369,0.5748976533080628,0.5740044099294708
231,0.9084570407867432,0.8312732577323914,0.5705468654632568,1.962072730064392,0.5739855073031643,0.5694644902731871,0.5689018590092814
232,0.90771484375,0.8305522203445435,0.5752343535423279,1.9561474323272705,0.5785020603140649,0.5741841460015913,0.5737063344897153
233,0.9074609279632568,0.8298247456550598,0.5768749713897705,1.951754093170166,0.5805419769055622,0.5761860552169515,0.5758065593354056
234,0.9056249856948853,0.8380502462387085,0.5700781345367432,1.9667487144470215,0.5729789582872412,0.569139666365034,0.5684927466918204
235,0.9080859422683716,0.8324086666107178,0.5767187476158142,1.9564186334609985,0.5804698030161606,0.5754844289490608,0.5753514059681065
236,0.9090625047683716,0.825141966342926,0.5770312547683716,1.9566227197647095,0.5807661320996054,0.5764075326900253,0.5760485647518396
237,0.9088281393051147,0.8284430503845215,0.5732812285423279,1.967942237854004,0.5755702774630034,0.5717924190965422,0.5708982364375383
238,0.9104297161102295,0.8244184255599976,0.5804687738418579,1.925831913948059,0.5840409448491846,0.5796821793077129,0.5789695069424112
239,0.9091015458106995,0.8239235877990723,0.5742968916893005,1.956963300704956,0.5772880838852894,0.5730102262131809,0.5717111485106272
240,0.9098241925239563,0.8197945952415466,0.5725781321525574,1.9476814270019531,0.5752653184635277,0.5716457776682278,0.5708288252701871
241,0.9105273485183716,0.8180945515632629,0.5846874713897705,1.9428777694702148,0.5869740334978373,0.5832994818718293,0.5824324529324483
242,0.9097070097923279,0.8236599564552307,0.5783593654632568,1.9465014934539795,0.5828125673843694,0.5774364741491234,0.57669239968146
243,0.911328136920929,0.8166981339454651,0.5742968916893005,1.9636420011520386,0.5772128729860042,0.57350887191737,0.5729089303614785
244,0.9092578291893005,0.822741687297821,0.5785156488418579,1.9441355466842651,0.5819068702133405,0.577474060811844,0.5767757517484864
245,0.9122461080551147,0.8139040470123291,0.5782031416893005,1.9519158601760864,0.5809491302777446,0.577284620767023,0.5760670002517877
246,0.9139648675918579,0.8089806437492371,0.5777343511581421,1.9375486373901367,0.580245058223253,0.577077884386247,0.5758492594501046
247,0.9144335985183716,0.8081965446472168,0.5793750286102295,1.9436044692993164,0.582484946841625,0.5786729211868835,0.5776418493186262
248,0.9112499952316284,0.814399242401123,0.578125,1.9484562873840332,0.5807757154266674,0.5770417584091359,0.5763753655617545
249,0.9102148413658142,0.8148776888847351,0.5805468559265137,1.946096658706665,0.5838198087514366,0.5792920887801927,0.5784546253914327
250,0.9125586152076721,0.8128029704093933,0.5774219036102295,1.9568058252334595,0.5803123468192926,0.5767240060698458,0.5756945560172376
251,0.9148828387260437,0.8052175045013428,0.5832812786102295,1.940954327583313,0.5872839312002289,0.58195885743538,0.58144386719466
252,0.9109960794448853,0.8148199319839478,0.5810156464576721,1.9331647157669067,0.5844142478500773,0.5798084922510935,0.5790689476482096
253,0.9139453172683716,0.8085523843765259,0.5834375023841858,1.9330031871795654,0.5878070972948641,0.5821522222063383,0.5817816747332084
254,0.9127734303474426,0.8091763257980347,0.5793750286102295,1.9295657873153687,0.5830976133314371,0.5782712681021069,0.5775064023477298
255,0.9108788967132568,0.8126808404922485,0.5784375071525574,1.9335801601409912,0.5822179618869171,0.5775188838287447,0.5768308704710912
256,0.9115039110183716,0.8100672960281372,0.5795312523841858,1.9431895017623901,0.5839000628542907,0.5788155223825514,0.5782736287299902
257,0.9109960794448853,0.8143496513366699,0.584765613079071,1.9331759214401245,0.5884004939881025,0.5838257638373765,0.5831898365270657
258,0.9106835722923279,0.8145561218261719,0.5885156393051147,1.9317516088485718,0.5924406256622583,0.5876017696027005,0.587036204413135
259,0.9117382764816284,0.8120981454849243,0.583984375,1.935316562652588,0.5870179454532722,0.5829179893105902,0.5822699085991501
260,0.9152929782867432,0.802847146987915,0.5832812786102295,1.9286003112792969,0.587789216188537,0.582257590797935,0.5815039344925581
261,0.9116406440734863,0.8120177388191223,0.5843750238418579,1.9254204034805298,0.5885917493666399,0.5837395293916827,0.5831865796024823
262,0.9103710651397705,0.8107290863990784,0.5895312428474426,1.9122201204299927,0.5929179504497376,0.5887659558257442,0.5881516189352656
263,0.9123828411102295,0.808368980884552,0.587890625,1.9122990369796753,0.5911280303065163,0.5871098213097183,0.5861980715934336
264,0.9155468940734863,0.8023043870925903,0.5819531083106995,1.9212136268615723,0.5856313345869077,0.5812002295315262,0.5805821893483887
265,0.916015625,0.8034839034080505,0.5874999761581421,1.9192770719528198,0.5902085944173707,0.586760861517438,0.5857307137820814
266,0.9116601347923279,0.8087888956069946,0.5825781226158142,1.921502947807312,0.5866774191915051,0.5821763118801414,0.5813916676179536
267,0.9142968654632568,0.8009573221206665,0.5794531106948853,1.9372193813323975,0.5830064551576506,0.5787814365622382,0.5782854569544047
268,0.9131445288658142,0.8107670545578003,0.5799999833106995,1.9321171045303345,0.5839847524421491,0.5791133155946757,0.5784305789296751
269,0.9133984446525574,0.8090386390686035,0.5810156464576721,1.9335625171661377,0.5843864939357506,0.5800490809596384,0.5790652580450264
270,0.913378894329071,0.8075199723243713,0.5863281488418579,1.9331274032592773,0.5904159326254719,0.5853868097991434,0.5846460341947861
271,0.9122265577316284,0.8134790062904358,0.5833593606948853,1.916254997253418,0.5872784516316125,0.5824571288482179,0.5817723266800671
272,0.9142187237739563,0.8018319010734558,0.5914843678474426,1.9127449989318848,0.5961699444537631,0.5904668563509717,0.5900504539571602
273,0.9144531488418579,0.8018953204154968,0.5868750214576721,1.9182024002075195,0.5897825004493163,0.5862177519085513,0.585448761350025
274,0.9158788919448853,0.7999717593193054,0.5923437476158142,1.9085793495178223,0.5957275914472535,0.5917396652653959,0.5910726939342812
275,0.915820300579071,0.797553300857544,0.5889062285423279,1.9127094745635986,0.5933426606207564,0.588250599652031,0.5879120711486173
276,0.91455078125,0.8024446964263916,0.5950781106948853,1.8977841138839722,0.5982126676249833,0.5945732709077127,0.5938945297221327
277,0.9131445288658142,0.8058315515518188,0.5828906297683716,1.9188957214355469,0.5867087422454642,0.5819288718898008,0.5816064320774748
278,0.9153125286102295,0.7957050800323486,0.5887500047683716,1.9213415384292603,0.5921495057105175,0.5879035113902658,0.5870378804834904
279,0.9148242473602295,0.7996548414230347,0.5837500095367432,1.9294602870941162,0.5870173852097578,0.5829224733459848,0.5821904901431985
280,0.9153515696525574,0.8016083240509033,0.5889843702316284,1.91340970993042,0.592245988646887,0.5879797208680742,0.5873306449375397
281,0.9141015410423279,0.8015477061271667,0.5872656106948853,1.9080650806427002,0.590652801569354,0.5863362765589152,0.5855175339331385
282,0.9138281345367432,0.8051882386207581,0.5928906202316284,1.8997551202774048,0.5960408203791672,0.592348450236202,0.5913460903824079
283,0.9140234589576721,0.8032035231590271,0.5888281464576721,1.9147378206253052,0.5926558171065058,0.5882434923466555,0.5878090809075887
284,0.911425769329071,0.8060054779052734,0.5891406536102295,1.897110939025879,0.5942336866914857,0.5884899654709035,0.5881767105505323
285,0.9169921875,0.7995221614837646,0.5876562595367432,1.9022743701934814,0.5914195100559987,0.5866580850603476,0.5859391480398921
286,0.9140625,0.8033393621444702,0.5888281464576721,1.8965164422988892,0.5932518837379539,0.5881262654670034,0.5875713439709493
287,0.9152734279632568,0.796129584312439,0.5958593487739563,1.9086931943893433,0.5994183923904857,0.5956367727540165,0.5947945764111098
288,0.9169531464576721,0.7925230264663696,0.5892187356948853,1.9057995080947876,0.5935024074985206,0.588320158229248,0.5880135535659081
289,0.918261706829071,0.7891276478767395,0.5879687666893005,1.9150274991989136,0.5915792420155523,0.5870087585272381,0.5864755771293666
290,0.9153906106948853,0.7964791059494019,0.5884374976158142,1.923823356628418,0.5925559405734087,0.5875235314376125,0.5870585016160939
291,0.9172070026397705,0.7925277948379517,0.5985156297683716,1.894662618637085,0.6030530228733924,0.5978331829081553,0.5976781473791355
292,0.9179101586341858,0.7886410355567932,0.59375,1.9080653190612793,0.5978142850544272,0.593050770112434,0.5927656106132203
293,0.9162890911102295,0.7973015308380127,0.5859375,1.9149219989776611,0.589815240185237,0.5850524161942037,0.5843785436907961
294,0.9146484136581421,0.7968052625656128,0.591015636920929,1.9209364652633667,0.5948875258160017,0.5900585888423759,0.5894538545491442
295,0.9141601324081421,0.7978152632713318,0.589062511920929,1.9064198732376099,0.5931322710924664,0.5879655032696067,0.5872164465611218
296,0.917285144329071,0.7889096140861511,0.6021875143051147,1.8925307989120483,0.6066064124405277,0.6009327809204218,0.6006392154009526
297,0.916308581829071,0.7878224849700928,0.5966406464576721,1.8814473152160645,0.6015416790923228,0.5957098053001485,0.5952854132734309
298,0.9178320169448853,0.7889948487281799,0.5936718583106995,1.8843330144882202,0.5984179976167114,0.5927873952505861,0.5922160285691336
299,0.9162304401397705,0.7962245345115662,0.5950000286102295,1.8890281915664673,0.5992333847589056,0.5938289014594949,0.5931014462523548
300,0.9175976514816284,0.7866827249526978,0.6010156273841858,1.8872812986373901,0.6039658379704416,0.6001990314303338,0.5990689290529774
301,0.915722668170929,0.7928137183189392,0.5914843678474426,1.8882315158843994,0.5953714058341915,0.5905400024478131,0.58953674428158
302,0.9156445264816284,0.7899245619773865,0.5935156345367432,1.8866972923278809,0.5979443800927461,0.5925181507044164,0.591687276471651
303,0.9159374833106995,0.7957496047019958,0.5915625095367432,1.8937175273895264,0.5943904104415187,0.5904540109136942,0.5894947633810835
304,0.9200780987739563,0.7863486409187317,0.596875011920929,1.8973957300186157,0.6009951758947369,0.5956690963967293,0.5948818156170848
305,0.9177929759025574,0.7856521010398865,0.5950781106948853,1.878495454788208,0.5991876415992996,0.5943043530952039,0.5937371339256382
306,0.9177929759025574,0.7824371457099915,0.5960937738418579,1.8890308141708374,0.6004683564570508,0.594999876724954,0.5945672531588724
307,0.9196484088897705,0.7855191826820374,0.5948437452316284,1.8908766508102417,0.598539084731005,0.5941265991973104,0.5933772990790446
308,0.9181054830551147,0.7840954065322876,0.5982031226158142,1.8915446996688843,0.6022875227727063,0.5976664641548072,0.5970518288813872
309,0.9191796779632568,0.7799143195152283,0.5993750095367432,1.8776437044143677,0.6013094753738658,0.598723754625203,0.5972421968661907
310,0.9169726371765137,0.7894294261932373,0.5972656011581421,1.88909113407135,0.6018460668286812,0.5966122700405062,0.5955740331746089
311,0.9175586104393005,0.7914734482765198,0.5935156345367432,1.890120506286621,0.5966429401788808,0.5925289177398971,0.5911915472965954
312,0.9175195097923279,0.7873375415802002,0.6007031202316284,1.8728930950164795,0.6043140683925377,0.6000909761889517,0.5990365755376339
313,0.9162695407867432,0.7930532097816467,0.5971093773841858,1.8832142353057861,0.601526854247332,0.5963598028950209,0.5952731650960524
314,0.9180859327316284,0.7856965661048889,0.5979687571525574,1.8662075996398926,0.6011141564093871,0.5973550644206502,0.5964247458070658
315,0.9144335985183716,0.7942230105400085,0.5941406488418579,1.8911596536636353,0.5971326491214691,0.5932249558895097,0.5921598913187781
316,0.9170703291893005,0.7875000834465027,0.5998437404632568,1.8934880495071411,0.6039382744248883,0.599052202672716,0.598416224721085
317,0.9171289205551147,0.7941047549247742,0.6036718487739563,1.8817907571792603,0.6086402646804748,0.6033125955715879,0.6028134608449145
318,0.9185937643051147,0.7874038815498352,0.6025000214576721,1.8750123977661133,0.6055265984129401,0.6013797775001799,0.6007403681541197
319,0.919726550579071,0.7812597155570984,0.6025000214576721,1.8659987449645996,0.60536359992387,0.6016405987956321,0.600720495447375
320,0.9200586080551147,0.7832903265953064,0.5990625023841858,1.883155107498169,0.6023379266454012,0.5982945117993302,0.597424646421918
321,0.9202929735183716,0.7781845331192017,0.6014062762260437,1.8842332363128662,0.6046864320079228,0.6005604864857014,0.5999762662848029
322,0.9196484088897705,0.7797436714172363,0.5993750095367432,1.8811231851577759,0.603360210410252,0.5984206786221785,0.5980367007281542
323,0.9199023246765137,0.7796987891197205,0.6009374856948853,1.8620485067367554,0.6042892135257403,0.600007809826757,0.5993524268207027
324,0.9188867211341858,0.7842667102813721,0.5965625047683716,1.8883616924285889,0.6007922367993479,0.5960661006356451,0.5957369151227294
325,0.919921875,0.7799758315086365,0.6029687523841858,1.8734796047210693,0.6070656483347724,0.6021497330471828,0.6012955820528352
326,0.9197656512260437,0.7764322757720947,0.5991406440734863,1.8806430101394653,0.6024451041307799,0.5981962412460118,0.597278921878266
327,0.9183008074760437,0.7813901305198669,0.5951562523841858,1.8752758502960205,0.5995627060750446,0.5945970910551337,0.5941928983053355
328,0.9189453125,0.7802786231040955,0.6006249785423279,1.862991452217102,0.6037165144805483,0.6000747257500669,0.5989067837703608
329,0.9203320145606995,0.7748671770095825,0.6010937690734863,1.876378059387207,0.6048272792167788,0.6004330036223904,0.5998395599050825
330,0.923144519329071,0.7706203460693359,0.6059374809265137,1.877806544303894,0.6088931809522411,0.6052156585598153,0.6045631981196373
331,0.9168750047683716,0.7830930352210999,0.599609375,1.8910516500473022,0.6025509658136902,0.5989757349252967,0.5983305826982975
332,0.9192187786102295,0.7789012789726257,0.602734386920929,1.8811134099960327,0.6067159564370217,0.6022611859174486,0.6018984586925136
333,0.9185546636581421,0.7783464193344116,0.6025781035423279,1.885238766670227,0.6060047569353391,0.6016659853834936,0.6009197306338442
334,0.9196484088897705,0.7828829884529114,0.5998437404632568,1.8864691257476807,0.6039473514747019,0.5990111162956198,0.5986698604341536
335,0.9211328029632568,0.7762319445610046,0.5979687571525574,1.88364839553833,0.6029834560874546,0.5970939005353402,0.5964184966890257
336,0.9222070574760437,0.7717255353927612,0.6014062762260437,1.8814315795898438,0.6060725487492244,0.6008718780114166,0.6004287618772599
337,0.919726550579071,0.7740029692649841,0.6053125262260437,1.868820309638977,0.6085104297266721,0.6040991063209412,0.6034413251998241
338,0.9188281297683716,0.7806369662284851,0.6014843583106995,1.902707815170288,0.6057237343108117,0.600771550550861,0.6002756419440896
339,0.9189648628234863,0.7848029136657715,0.6078906059265137,1.8729963302612305,0.6114618238025944,0.606916499785992,0.6062430068685067
340,0.9203515648841858,0.7802991271018982,0.6017187237739563,1.8812657594680786,0.6057877562645889,0.6008087368258479,0.6006030018678699
341,0.9213476777076721,0.7730613946914673,0.6045312285423279,1.8857420682907104,0.6082071067794694,0.6039914165726037,0.6033654519804661
342,0.9195898175239563,0.7767252326011658,0.5990625023841858,1.8825767040252686,0.6026873931095844,0.5983855406142808,0.5975431503853488
343,0.9204882979393005,0.7750113010406494,0.5935156345367432,1.9018778800964355,0.5973445272643412,0.5925579892333472,0.591949644914411
344,0.9185742139816284,0.78049635887146,0.5990625023841858,1.9017655849456787,0.6031610234071576,0.5986677936117901,0.5984363069979779
345,0.9187695384025574,0.7804797887802124,0.6051562428474426,1.8881046772003174,0.608785919377225,0.6042820833556519,0.6035129751652437
346,0.9179101586341858,0.787522554397583,0.6025781035423279,1.8837422132492065,0.6060448645812821,0.6016916598660109,0.6008818425009075
347,0.920214831829071,0.7794796824455261,0.6025000214576721,1.885857343673706,0.6065130259882341,0.6018655137736184,0.6010485910156305
348,0.9198046922683716,0.7789762020111084,0.5961718559265137,1.8904778957366943,0.599130164157766,0.5953494346729108,0.5946268135645827
349,0.9205077886581421,0.7802279591560364,0.5972656011581421,1.8835341930389404,0.6005007928738451,0.5963263011189932,0.595507728596337
350,0.9188671708106995,0.7828716039657593,0.5928906202316284,1.9045062065124512,0.5968535072267704,0.5920142053522857,0.5912542943405292
351,0.9235156178474426,0.7714295983314514,0.6028906106948853,1.8844434022903442,0.6060697662777448,0.6017826785512386,0.601044282832484
352,0.9239843487739563,0.7676368951797485,0.6010156273841858,1.8804078102111816,0.6035937673404108,0.5996475586582644,0.5986666631604289
353,0.9209960699081421,0.7722936868667603,0.6042187213897705,1.8611741065979004,0.6078578052581967,0.6030513579073677,0.6024764966299057
354,0.9218945503234863,0.7730172872543335,0.602734386920929,1.8732600212097168,0.6063888969056876,0.6016383055641763,0.6009900816849946
355,0.9212499856948853,0.7742249369621277,0.5963281393051147,1.8881033658981323,0.5986834543044064,0.5954619299090371,0.5947294969132801
356,0.9208788871765137,0.77497398853302,0.6034374833106995,1.8582508563995361,0.6068751702254662,0.6026622258260446,0.6018805788279473
357,0.9238671660423279,0.7653118968009949,0.6064062714576721,1.8561805486679077,0.6100748359018884,0.6058837562003551,0.6054211741256537
358,0.9239453077316284,0.7646358609199524,0.6042187213897705,1.8857654333114624,0.607891735264711,0.6032305744419122,0.6028681961291182
359,0.9220117330551147,0.7717401385307312,0.6029687523841858,1.8887981176376343,0.6065137670167107,0.6018243582878031,0.6012522010741161
360,0.9216601848602295,0.7724184393882751,0.6053906083106995,1.875949501991272,0.6086580412575109,0.6044099576381008,0.6038238433693137
361,0.9194140434265137,0.7759541869163513,0.6048437356948853,1.8871433734893799,0.6088647760993477,0.6039454287113779,0.6031325779056804
362,0.9214843511581421,0.7728198170661926,0.6050781011581421,1.8793532848358154,0.6093432671153138,0.6040180476256674,0.6036145326587093
363,0.9216015338897705,0.7730190753936768,0.6042187213897705,1.8800734281539917,0.6077381693157469,0.6033434710239995,0.6029377834861914
364,0.9215234518051147,0.7736865282058716,0.5972656011581421,1.8849267959594727,0.6008450764965172,0.5963204364118557,0.5955627398593462
365,0.9215624928474426,0.7745786905288696,0.5996875166893005,1.8905057907104492,0.6037192163679174,0.5989588894432883,0.5983073810588155
366,0.9233008027076721,0.7692449688911438,0.6031249761581421,1.8744665384292603,0.6066767297740617,0.6020352120010077,0.6014065613300634
367,0.9241796731948853,0.7647106647491455,0.6012499928474426,1.8756088018417358,0.6044591443004363,0.6006653668917834,0.6000058871123172
368,0.9196093678474426,0.7769919633865356,0.5974218845367432,1.898495078086853,0.6007754441332835,0.5964829943278278,0.595409808282582
369,0.9223437309265137,0.7723023295402527,0.6014062762260437,1.8752332925796509,0.6044650430181842,0.6006408755566239,0.599567056185597
370,0.9187109470367432,0.778441846370697,0.6063281297683716,1.8704049587249756,0.6099650100083642,0.6054283374654639,0.6045627704412313
371,0.9236523509025574,0.7672604322433472,0.6071875095367432,1.8577139377593994,0.6098604608403753,0.6063229397116814,0.6054848579445784
372,0.9213671684265137,0.7764982581138611,0.6068750023841858,1.8631718158721924,0.6097960790870697,0.6058913440579456,0.6049103295742688
373,0.9195898175239563,0.780768871307373,0.5950781106948853,1.873927354812622,0.5978522397734728,0.5942779342285169,0.593412792921514
374,0.9217382669448853,0.7749150991439819,0.6035937666893005,1.8739488124847412,0.6074106385582765,0.6027755661379517,0.6022221945451363
375,0.9210156202316284,0.7718881368637085,0.5989843606948853,1.8850573301315308,0.6033907313110332,0.5980179003019672,0.5977695471675248
376,0.9237695336341858,0.7655764818191528,0.6061718463897705,1.8691548109054565,0.6096783465074053,0.6049581179692909,0.6047359237324554
377,0.9246679544448853,0.764620840549469,0.608593761920929,1.8563755750656128,0.6118334670253147,0.6075009515581291,0.6068396978942896
378,0.9227148294448853,0.7646192908287048,0.6097656488418579,1.8512569665908813,0.612570566918741,0.6088669998576399,0.6083501693517219
379,0.9226953387260437,0.7690532803535461,0.6100780963897705,1.862627387046814,0.613793741351246,0.609251377642112,0.608632388572374
380,0.9253125190734863,0.7582998871803284,0.6110156178474426,1.8503696918487549,0.6141957568988263,0.6102734184353502,0.6093998790496008
381,0.9226757884025574,0.7701263427734375,0.6065624952316284,1.863305687904358,0.6104940107650555,0.6055646566659176,0.6047786690762178
382,0.9250390529632568,0.7601473927497864,0.6067968606948853,1.8616443872451782,0.6101005619122406,0.6059403307072815,0.6051235706176807
383,0.92578125,0.7649600505828857,0.6099218726158142,1.862496018409729,0.6137864952139185,0.6090419256788978,0.608243441749712
384,0.9240429401397705,0.7642631530761719,0.6094531416893005,1.8565640449523926,0.6138819155165798,0.608381173477599,0.6082198150104673
385,0.9244921803474426,0.764670729637146,0.6084374785423279,1.8460673093795776,0.6125182056575562,0.6073466653176087,0.6070722984270351
386,0.9244726300239563,0.7645427584648132,0.6039062738418579,1.866978645324707,0.6083778852039976,0.6031443911900424,0.6029298422915292
387,0.9234570264816284,0.7670851349830627,0.6117187738418579,1.8578517436981201,0.6144726149419705,0.6106433154690472,0.6098857151808924
388,0.9258202910423279,0.7592060565948486,0.6123437285423279,1.837601900100708,0.6162572419830893,0.6113711497235597,0.6108737809133442
389,0.9237499833106995,0.766344428062439,0.6078125238418579,1.857539176940918,0.6112688111735503,0.6068773312222354,0.6064565055624431
390,0.92431640625,0.7631158232688904,0.610156238079071,1.8704296350479126,0.6136032673118141,0.6091680829008694,0.6088738778851258
391,0.9217968583106995,0.7707498669624329,0.6052343845367432,1.867802381515503,0.6087802999502478,0.6044801797130567,0.6040906417484901
392,0.921191394329071,0.7708303928375244,0.6057031154632568,1.8695851564407349,0.609160359312962,0.6048791673604512,0.6042985287004736
393,0.9228515625,0.7673894762992859,0.6050000190734863,1.868973970413208,0.6084644882709448,0.6037434702009231,0.6033268826414824
394,0.9217382669448853,0.7699635028839111,0.6040624976158142,1.8947572708129883,0.6072335842528452,0.6029843253323048,0.6024635345781337
395,0.9247265458106995,0.7631901502609253,0.6132031083106995,1.8578683137893677,0.6165008987438987,0.612272877564754,0.6114717517372055
396,0.9232422113418579,0.7670928835868835,0.6060937643051147,1.8672337532043457,0.6091899817046625,0.605347622102667,0.6046034482873623
397,0.9228515625,0.769151508808136,0.6011718511581421,1.8786190748214722,0.6045808844851088,0.6001119949067115,0.5996715336319577
398,0.9211132526397705,0.7693933248519897,0.6096875071525574,1.8634343147277832,0.6127239137646521,0.6088419199644297,0.6081262065956307
399,0.9236523509025574,0.7663946747779846,0.6120312213897705,1.8566533327102661,0.6156477073247014,0.6113776658389407,0.6106916586785444
400,0.9253906011581421,0.7634204030036926,0.6090624928474426,1.8622660636901855,0.6123570880023667,0.6080432272481726,0.607575176013534
401,0.9249218702316284,0.7625666856765747,0.6095312237739563,1.8616797924041748,0.6125299884146767,0.6088388228013468,0.6081312557742653
402,0.924121081829071,0.7677369713783264,0.6118749976158142,1.851388692855835,0.6147252927736876,0.6111699961723974,0.6103504755113471
403,0.9261327981948853,0.7612602114677429,0.6107812523841858,1.8559465408325195,0.6136909220808627,0.609568379335044,0.6087504614916717
404,0.9238671660423279,0.7673903107643127,0.6099218726158142,1.8679805994033813,0.612763303349088,0.6092221756601572,0.6084601138866162
405,0.9267968535423279,0.7564850449562073,0.6156250238418579,1.8447684049606323,0.6184869300413995,0.6145928071975072,0.613645853847777
406,0.9230859279632568,0.7660475969314575,0.6085156202316284,1.865803837776184,0.6111571182135231,0.6076535129908054,0.6069250796109732
407,0.9267382621765137,0.7561697959899902,0.6137499809265137,1.84757661819458,0.6173494487216036,0.6127828713684522,0.612137267477699
408,0.9244921803474426,0.7632275223731995,0.6112499833106995,1.8609988689422607,0.6142514760262954,0.6104502334202957,0.6098551310595581
409,0.9227539300918579,0.7684534192085266,0.610156238079071,1.8555759191513062,0.6129925604483919,0.6092480839183074,0.6082787047975852
410,0.9228711128234863,0.7663201689720154,0.6063281297683716,1.8632241487503052,0.6100594313211858,0.6052446971427463,0.6049470394350833
411,0.923828125,0.763956606388092,0.612109363079071,1.8427292108535767,0.6158694934275815,0.6109262691159248,0.6106325736324798
412,0.9268554449081421,0.7577965259552002,0.6088281273841858,1.8552446365356445,0.6126364802689895,0.6075905344151704,0.6069458742897756
413,0.9291406273841858,0.7507475018501282,0.6150000095367432,1.8501554727554321,0.6177954637597498,0.613729141790151,0.6129290630609128
414,0.9260547161102295,0.7559027671813965,0.6135937571525574,1.8537986278533936,0.6167521071693892,0.612182582785193,0.6117135226313433
415,0.9280859231948853,0.7519742846488953,0.6078906059265137,1.8640676736831665,0.6109975026655072,0.6063765041259572,0.6054871331365996
416,0.9250390529632568,0.7606498599052429,0.6096093654632568,1.8679542541503906,0.6127369519026853,0.6084939459119608,0.6078053055876784
417,0.9256836175918579,0.7574570178985596,0.6063281297683716,1.8663769960403442,0.6097195156126276,0.6050997587015773,0.6044868723027312
418,0.9234570264816284,0.7647194862365723,0.6085156202316284,1.8677270412445068,0.6112988387253233,0.6072280435633169,0.6067734903633071
419,0.9241601824760437,0.762460470199585,0.6091406345367432,1.8667384386062622,0.612383926963142,0.6079944802325633,0.6072781161473424
420,0.9229491949081421,0.7661634087562561,0.6103906035423279,1.8704121112823486,0.6146580918580876,0.6093309197265138,0.6089916107470915
421,0.9233984351158142,0.7648478150367737,0.617968738079071,1.8609189987182617,0.621305591046879,0.6168496938081596,0.6158924388136903
422,0.9256054759025574,0.7577256560325623,0.6157031059265137,1.8632850646972656,0.6197728530651351,0.614741545481183,0.6140454094333745
423,0.9269140362739563,0.7536613941192627,0.6075000166893005,1.8798363208770752,0.611297893235656,0.6066897340931863,0.605882852461534
424,0.9254297018051147,0.7579613327980042,0.6095312237739563,1.8648426532745361,0.6136135288905749,0.608695230151478,0.6083366816041178
425,0.9261913895606995,0.7585992217063904,0.6048437356948853,1.872187852859497,0.6083786390816639,0.6038523334203527,0.6031332858502827
426,0.9272265434265137,0.7530795931816101,0.6107812523841858,1.8596336841583252,0.6142908827820621,0.6099888506594793,0.6095422306938992
427,0.9257422089576721,0.7584400773048401,0.6175781488418579,1.8445618152618408,0.6211986821777951,0.6163589218281766,0.6157742304533946
428,0.9249218702316284,0.7615785002708435,0.6129687428474426,1.8595492839813232,0.6165822378552045,0.6117906427011839,0.6113580342790117
429,0.9257226586341858,0.757382333278656,0.6098437309265137,1.8605117797851562,0.6123118630968692,0.6084475047476139,0.607733369569536
430,0.925097644329071,0.7591634392738342,0.6089062690734863,1.8509944677352905,0.6125452614967849,0.6074145009617122,0.6071813796399849
431,0.9262890815734863,0.7567629814147949,0.6094531416893005,1.8644764423370361,0.6122252639906771,0.6083140081928236,0.607541959901535
432,0.9268554449081421,0.7563169598579407,0.6123437285423279,1.8511723279953003,0.615626193493503,0.6114440409288926,0.6109202643573426
433,0.9277734160423279,0.7526316046714783,0.6114062666893005,1.8504939079284668,0.6144471965856229,0.6104728637339754,0.6101478089422463
434,0.9278320074081421,0.7484893202781677,0.6186718940734863,1.8362385034561157,0.6217563010978313,0.617976313739389,0.6172486338451195
435,0.9296484589576721,0.7461345195770264,0.6185937523841858,1.8393676280975342,0.6219461038661618,0.6179965301209381,0.6172346798991157
436,0.9301562309265137,0.7456433176994324,0.6163281202316284,1.8436875343322754,0.6201546123871967,0.6151773180921808,0.6148240105595736
437,0.9278125166893005,0.7486823797225952,0.6166406273841858,1.8492389917373657,0.6187685183148969,0.6155197048408971,0.6145814316674354
438,0.9260156154632568,0.7582187056541443,0.6145312786102295,1.8635178804397583,0.6180423468127458,0.6137550997989742,0.6132629325700367
439,0.927050769329071,0.7528092265129089,0.6102343797683716,1.8587937355041504,0.6134676379398684,0.6091684473695261,0.6085190969887151
440,0.9286523461341858,0.7491434216499329,0.610156238079071,1.8563884496688843,0.6141273114446829,0.6090932046968804,0.608745144427961
441,0.9270117282867432,0.7538793683052063,0.6109374761581421,1.8604599237442017,0.6153894245056011,0.6098244089427253,0.609559035652901
442,0.9272851347923279,0.7534257769584656,0.615234375,1.8566603660583496,0.6179551472902934,0.6139425479264066,0.6133229214944375
443,0.9292578101158142,0.7503331899642944,0.6172656416893005,1.848456859588623,0.6198974928291909,0.6162841224637119,0.6153789325800775
444,0.9276367425918579,0.7517645359039307,0.6110156178474426,1.8663804531097412,0.613657522276839,0.6097029997800052,0.6091288573161475
445,0.9283007979393005,0.7501823902130127,0.6137499809265137,1.8462951183319092,0.6169697088861927,0.6128324484369794,0.612622058871658
446,0.9261327981948853,0.7540440559387207,0.612500011920929,1.8456283807754517,0.6153534206418992,0.6115158863588142,0.6107565359189044
447,0.9281445145606995,0.7476541996002197,0.6077343821525574,1.8616867065429688,0.6102207588427602,0.6064437219518324,0.6056386057577803
448,0.9249804615974426,0.7563707828521729,0.6078906059265137,1.8659359216690063,0.6114245689397643,0.6066886330561906,0.6061534177708161
449,0.9232226610183716,0.7618021368980408,0.6091406345367432,1.8553615808486938,0.6124007761070901,0.6081602775854885,0.6076928120370142
450,0.9267578125,0.754892110824585,0.6124218702316284,1.8631564378738403,0.6154459689535391,0.6112932946913934,0.6107831959859638
451,0.92529296875,0.7606917023658752,0.6121875047683716,1.8659106492996216,0.6158525251446525,0.6109443760532893,0.6105445591606273
452,0.92822265625,0.7506188154220581,0.6104687452316284,1.860325574874878,0.6135355809901719,0.6090377140896273,0.6082439283630631
453,0.9279491901397705,0.7503058910369873,0.612500011920929,1.8464372158050537,0.6158470129690006,0.6117674960079114,0.6113031038158647
454,0.9275976419448853,0.7560265064239502,0.6100000143051147,1.8615214824676514,0.6136702003364445,0.6092074354124395,0.6084763110074523
455,0.9283007979393005,0.7485663890838623,0.611328125,1.8523476123809814,0.6154162955177501,0.6102433527809619,0.6094393879719816
456,0.9301562309265137,0.7428141236305237,0.6106250286102295,1.8469607830047607,0.614259484479666,0.6094743907170401,0.6089933608579031
457,0.9293359518051147,0.7461228966712952,0.6107812523841858,1.8572056293487549,0.6143703343253852,0.6096259865125677,0.6092010323033021
458,0.9272851347923279,0.7518759369850159,0.6161718964576721,1.8523744344711304,0.6200766765960972,0.615213532888098,0.6144790270948128
459,0.9268554449081421,0.7522079348564148,0.6128125190734863,1.8686834573745728,0.6160709906129571,0.6115675059547265,0.6108373021184018
460,0.9260937571525574,0.7574218511581421,0.6102343797683716,1.8671642541885376,0.614525854983132,0.6091763464978244,0.6087320253307971
461,0.9250390529632568,0.7596762180328369,0.6082812547683716,1.8764925003051758,0.6119945794667159,0.6072625549835143,0.6068058197739188
462,0.9267773628234863,0.7542346119880676,0.6121875047683716,1.8451759815216064,0.6154811455248788,0.6110939121803851,0.6105408289825679
463,0.92724609375,0.7524651885032654,0.6168749928474426,1.855355978012085,0.620561556538589,0.6161426410878932,0.6157383696285752
464,0.9291210770606995,0.7496053576469421,0.6116406321525574,1.857444167137146,0.6148146721870447,0.6108576142394675,0.6100905514854535
465,0.9294726848602295,0.7451770901679993,0.6187499761581421,1.8605700731277466,0.621798911134058,0.6181688155965603,0.6173473729898713
466,0.9296289086341858,0.7478529214859009,0.6155468821525574,1.8600496053695679,0.6189627716313735,0.6144258164268217,0.613979142439871
467,0.9272656440734863,0.7516202330589294,0.6131250262260437,1.857723355293274,0.6161292520092189,0.6120157052000135,0.6115814106188873
468,0.9278515577316284,0.7530274987220764,0.6117187738418579,1.8470038175582886,0.6153463855451307,0.61099330815669,0.6101478093302823
469,0.9262890815734863,0.7510058879852295,0.616015613079071,1.866899013519287,0.6186253456684416,0.6150702967543538,0.6141464481860582
470,0.9279101490974426,0.7499215006828308,0.6117187738418579,1.8662300109863281,0.6147737998462446,0.6108179590997949,0.6102331930913812
471,0.9287890791893005,0.748486340045929,0.6123437285423279,1.864294171333313,0.6158886549024105,0.611069387283147,0.610547227370134
472,0.926562488079071,0.7567192912101746,0.612109363079071,1.8380613327026367,0.6147830739738929,0.6112058987461495,0.6102283168161998
473,0.9281054735183716,0.752235472202301,0.6163281202316284,1.8592594861984253,0.619709145938535,0.6153257783267039,0.6147645761103471
474,0.9268749952316284,0.7523708343505859,0.6162499785423279,1.8513052463531494,0.6199153965259103,0.6156319583055365,0.6151787631164429
475,0.925976574420929,0.7565697431564331,0.6186718940734863,1.8502029180526733,0.6218009475205369,0.6179854549427083,0.6171716472283905
476,0.9283398389816284,0.7508599162101746,0.6184375286102295,1.8531216382980347,0.6234025782485981,0.617423988107362,0.6171813715074546
477,0.9288867115974426,0.7518641948699951,0.6114843487739563,1.8589317798614502,0.6148757179570147,0.6106487601864002,0.6097931900549982
478,0.9280664324760437,0.7511631846427917,0.615234375,1.8585156202316284,0.6197540517451905,0.61441021346003,0.6139125269019052
479,0.9301562309265137,0.7430222034454346,0.6089062690734863,1.8736348152160645,0.6125828744267379,0.6078194091034306,0.6071830510146168
480,0.9301953315734863,0.7424180507659912,0.6195312738418579,1.847442626953125,0.623860198542041,0.6185648879244229,0.6180718925117984
481,0.9293164014816284,0.7469247579574585,0.6135937571525574,1.862953782081604,0.6165079796442847,0.6122703162457257,0.6115999545389994
482,0.9289844036102295,0.7465157508850098,0.6127343773841858,1.8695073127746582,0.6151794351860549,0.6118301464238022,0.6113329001512644
483,0.9287695288658142,0.7459566593170166,0.6129687428474426,1.8590309619903564,0.6166123839745321,0.6114144524703873,0.6110512410738173
484,0.9304101467132568,0.7439469695091248,0.614062488079071,1.8402317762374878,0.6163818225085412,0.6126283147928687,0.612094914994477
485,0.9304101467132568,0.7402338981628418,0.6165624856948853,1.8524595499038696,0.6195387886090216,0.615525213877362,0.6146727270016902
486,0.9310547113418579,0.7447807192802429,0.6175781488418579,1.8455147743225098,0.6208738579289594,0.6163245087314978,0.6156641787096114
487,0.929882824420929,0.7493823170661926,0.611328125,1.8604004383087158,0.614744411839365,0.6102624875440478,0.6096456125823084
488,0.9295703172683716,0.745208740234375,0.6189062595367432,1.8446731567382812,0.623656911885698,0.6180927549638844,0.6175267631926317
489,0.9287890791893005,0.7443704009056091,0.6143749952316284,1.8571628332138062,0.6171158715956133,0.6129782453502177,0.6122529561522329
490,0.9291601777076721,0.7462291121482849,0.6145312786102295,1.8587698936462402,0.6170778152901567,0.6135344047362912,0.6128282962337845
491,0.9287109375,0.7476363182067871,0.6220312714576721,1.832251787185669,0.6245788167012114,0.620907722815677,0.6204244231034012
492,0.929003894329071,0.7503000497817993,0.6157031059265137,1.856343388557434,0.6191449486149714,0.6146138369772891,0.614158961532606
493,0.9280664324760437,0.7471338510513306,0.6132031083106995,1.8561789989471436,0.6161604322024027,0.6118152888096593,0.6110966617752963
494,0.9282031059265137,0.7516514658927917,0.6173437237739563,1.8578660488128662,0.6198227874359242,0.6163017402611979,0.615610395561403
495,0.9294531345367432,0.7425695657730103,0.6184375286102295,1.8531968593597412,0.6221862099644989,0.6174058953479182,0.6165930529821047
496,0.930859386920929,0.7410856485366821,0.6172656416893005,1.846510887145996,0.6207959040102473,0.6163311458509744,0.6154432158640312
497,0.930957019329071,0.7415115833282471,0.6162499785423279,1.8557863235473633,0.619406567367315,0.6150054512221517,0.6145283572793054
498,0.9289453029632568,0.7462063431739807,0.6208593845367432,1.8434226512908936,0.6239310411748593,0.6194789045275395,0.6189455986044224
499,0.92919921875,0.7459951639175415,0.6216406226158142,1.8381162881851196,0.6249442345854721,0.6204826689111543,0.619772608398168
500,0.9326367378234863,0.7381910085678101,0.6182031035423279,1.84165358543396,0.621943936443939,0.617101164057384,0.6165743741477143
501,0.9306836128234863,0.741353452205658,0.6213281154632568,1.826216220855713,0.6238725276626724,0.6203104444092852,0.6195878535857542
502,0.929882824420929,0.740824818611145,0.619140625,1.8539328575134277,0.6233539226706304,0.6177320783003648,0.6176681854555532
503,0.9316015839576721,0.7417961955070496,0.616406261920929,1.8547612428665161,0.6200275097526844,0.6151377336531885,0.6145169876450599
504,0.9284570217132568,0.7468417286872864,0.6097656488418579,1.874646782875061,0.6133400860272185,0.6084932518361955,0.6077641255305847
505,0.9286327958106995,0.7470781207084656,0.6177343726158142,1.8389126062393188,0.6213136420555847,0.6164021298632791,0.6160007136162726
506,0.929394543170929,0.7468673586845398,0.6153905987739563,1.8406729698181152,0.6185107225566564,0.6142011246208254,0.6137019140461719
507,0.927929699420929,0.7482026815414429,0.6171093583106995,1.836104393005371,0.619713465548137,0.6161865371746877,0.6154688908962924
508,0.9256250262260437,0.7566727995872498,0.6150781512260437,1.8521389961242676,0.6189163686756886,0.6141426463222395,0.6137609278244316
509,0.9275781512260437,0.7540653944015503,0.616406261920929,1.8340107202529907,0.6203932043293365,0.6150271960811804,0.6147691389558715
510,0.9293359518051147,0.7462729811668396,0.6189062595367432,1.8467944860458374,0.622926279277553,0.6180384401835477,0.617690701074078
511,0.9293359518051147,0.7452654242515564,0.6173437237739563,1.8449292182922363,0.6197679175165596,0.6167075605350976,0.6157918112737627
512,0.9313281178474426,0.7442090511322021,0.6162499785423279,1.8360285758972168,0.6195144730218604,0.6151442816402308,0.6146305555523609
513,0.9287499785423279,0.7465684413909912,0.6219531297683716,1.8295942544937134,0.6248346819466624,0.6208576994393016,0.6204874529223778
514,0.9315234422683716,0.7435721755027771,0.620312511920929,1.829752802848816,0.6235158488758966,0.6191425408896248,0.6187428756043822
515,0.9289257526397705,0.7472935318946838,0.6195312738418579,1.837315559387207,0.6232531951984879,0.6183602253034012,0.6178882312568008
516,0.9320898652076721,0.7422969937324524,0.6225000023841858,1.8237762451171875,0.6256981792735694,0.621906279864787,0.621424110988871
517,0.9332616925239563,0.738423228263855,0.6185937523841858,1.818115234375,0.6219716949783001,0.6179663655018814,0.6171121764488277
518,0.9312695264816284,0.7412207722663879,0.6186718940734863,1.8357596397399902,0.6231494473935282,0.6177597852166498,0.6176085058660288
519,0.9306640625,0.7439711689949036,0.6137499809265137,1.842176914215088,0.6166882779203029,0.6124551208646066,0.6119481242596748
520,0.9287695288658142,0.7443332672119141,0.6193749904632568,1.8365484476089478,0.6229447306162728,0.6179031080492818,0.6173028352531864
521,0.9290234446525574,0.7464232444763184,0.6214843988418579,1.8403745889663696,0.6249711203401304,0.6201130480005542,0.619623446989271
522,0.9305078387260437,0.740034282207489,0.6161718964576721,1.864111304283142,0.61927718221647,0.6148549509729008,0.6143706866512358
523,0.9302343726158142,0.746926486492157,0.6173437237739563,1.8471624851226807,0.6215860601332125,0.6159697814599483,0.6157956376965179
524,0.9307422041893005,0.7426750659942627,0.6219531297683716,1.8292880058288574,0.6253632136109509,0.6209555361921026,0.6203750837780182
525,0.931445300579071,0.7421850562095642,0.6207812428474426,1.844802737236023,0.6252101077084697,0.6197404189821021,0.6193272618099006
526,0.9336327910423279,0.7359289526939392,0.6166406273841858,1.8436905145645142,0.6199769308633551,0.6153503006997239,0.6149856554519113
527,0.9288281202316284,0.7456617951393127,0.6150781512260437,1.8521980047225952,0.6187229877879322,0.614337712465229,0.6139670886510973
528,0.9313867092132568,0.7399318218231201,0.6153905987739563,1.843464970588684,0.6180673577710183,0.6144013429206865,0.6138623503124179
529,0.9310351610183716,0.7359490394592285,0.6203906536102295,1.8500381708145142,0.6235420115871282,0.6195345926239271,0.6190165747736109
530,0.9325976371765137,0.7346763610839844,0.6192187666893005,1.8515647649765015,0.6224513863059555,0.6181388056689493,0.6177605718825276
531,0.931445300579071,0.7413487434387207,0.6124218702316284,1.8578579425811768,0.615224133999201,0.6110739220510955,0.6105236009912864
532,0.9301171898841858,0.7386842370033264,0.6165624856948853,1.8558409214019775,0.6192722472474489,0.6152838466457021,0.6144362754380255
533,0.9329882860183716,0.7347933053970337,0.6161718964576721,1.8524212837219238,0.6191108242183861,0.6153546830151077,0.6145746518336234
534,0.9318749904632568,0.7352103590965271,0.6200000047683716,1.8405539989471436,0.6234024451589948,0.6189781568882571,0.6185094511713143
535,0.9283788800239563,0.7465973496437073,0.6145312786102295,1.8594337701797485,0.6184067590826943,0.6136986456829381,0.613350581214819
536,0.9308984279632568,0.7384684085845947,0.6146093606948853,1.8589348793029785,0.6177481996451593,0.6132055963525433,0.6126038032798977
537,0.9300976395606995,0.7396318912506104,0.6187499761581421,1.8598185777664185,0.6216045117453342,0.6178114185990582,0.6170534896521271
538,0.9312890768051147,0.73512864112854,0.6149218678474426,1.8648872375488281,0.6181144197177306,0.6136867105662,0.6132390230338705
539,0.9303320050239563,0.7417355179786682,0.6213281154632568,1.856154203414917,0.6239960827888466,0.6202854770989994,0.619967145248695
540,0.9330664277076721,0.7332545518875122,0.6184375286102295,1.840995192527771,0.6225901650368744,0.6175983614761881,0.6169463256354726
541,0.9313281178474426,0.7362940907478333,0.6157812476158142,1.844656229019165,0.6196187590754934,0.6144615546643287,0.613821761833008
542,0.9294531345367432,0.7420973777770996,0.6170312762260437,1.8502551317214966,0.6213624513650725,0.6161059479454125,0.615601516252194
543,0.9300976395606995,0.7433630228042603,0.6232030987739563,1.8415915966033936,0.6260279470234207,0.6220935149668521,0.6217305545087204
544,0.9293359518051147,0.7435693144798279,0.6147656440734863,1.8713651895523071,0.6180047764693202,0.6138304477555854,0.613098741876017
545,0.9295117259025574,0.7448151111602783,0.6177343726158142,1.84820556640625,0.62173685148595,0.6169886998803875,0.616488708500444
546,0.9298242330551147,0.7465424537658691,0.619921863079071,1.8478823900222778,0.6238653542794208,0.6189201178272394,0.618625275485819
547,0.9314648509025574,0.7392998337745667,0.6162499785423279,1.8581029176712036,0.6197502319117565,0.6153770567033114,0.6147988835927113
548,0.9293749928474426,0.7451926469802856,0.6155468821525574,1.8787983655929565,0.6195458186113101,0.6146544936385185,0.6140081960948918
549,0.9325976371765137,0.7385334968566895,0.6160937547683716,1.8530157804489136,0.6193357642721936,0.615173602593506,0.6146388777376673
550,0.932910144329071,0.736298680305481,0.6136718988418579,1.8583264350891113,0.6171760381973425,0.6127286952094778,0.6122583241648607
551,0.9340234398841858,0.7312954068183899,0.617968738079071,1.8384591341018677,0.6215460407301601,0.6174032579200577,0.6164364839390142
552,0.9322656393051147,0.7361807227134705,0.6124218702316284,1.8573652505874634,0.6157036318077017,0.6115217201559368,0.6109487217772119
553,0.9308984279632568,0.7366942763328552,0.6133593916893005,1.85392427444458,0.6160624220168814,0.6124091430846811,0.6114768485658508
554,0.9308202862739563,0.7396355271339417,0.6159374713897705,1.849711298942566,0.6193152542895035,0.6149564758242636,0.614214816044822
555,0.9315820336341858,0.7422416806221008,0.6237499713897705,1.8519665002822876,0.6262086803616194,0.6228144718329693,0.6220473788042773
556,0.9321484565734863,0.7376745343208313,0.6156250238418579,1.8450425863265991,0.6187872654865648,0.6144335416976252,0.6137177170841874
557,0.9309179782867432,0.7402901649475098,0.6187499761581421,1.8362736701965332,0.6217816060212377,0.6180422771545323,0.6172671261533178
558,0.9299414157867432,0.7424383759498596,0.6214843988418579,1.8513083457946777,0.6256292940633337,0.6205980805569019,0.6201952296014348
559,0.9316015839576721,0.7406970262527466,0.6158593893051147,1.8582446575164795,0.6196778839406023,0.6151767680887785,0.614633697311876
560,0.929492175579071,0.7470501065254211,0.619921863079071,1.8432624340057373,0.6233330930996708,0.6186057703093237,0.618296876570623
561,0.9322851300239563,0.7394087910652161,0.6188281178474426,1.8544001579284668,0.6220297427473772,0.6177939571905133,0.6171840566858332
562,0.9351367354393005,0.733908474445343,0.6253906488418579,1.8473843336105347,0.6299480390413841,0.6244564405587678,0.624165500242782
563,0.9330468773841858,0.7333310842514038,0.6221874952316284,1.855141282081604,0.6256570407788861,0.6210455719957921,0.620760114050797
564,0.9331250190734863,0.7323799133300781,0.6215624809265137,1.8403452634811401,0.6243721299719927,0.6206899316412942,0.6201942845921053
565,0.9334375262260437,0.7341198921203613,0.614453136920929,1.8629909753799438,0.6176362670370261,0.6130333047729616,0.6123929483678958
566,0.9341015815734863,0.7359709739685059,0.6272656321525574,1.845857858657837,0.6304752716232046,0.6263653424673852,0.6257384389226683
567,0.9308202862739563,0.7425845265388489,0.6192187666893005,1.852746844291687,0.6230481868876918,0.6183946275589299,0.6179599077905729
568,0.9322460889816284,0.7387675642967224,0.6148437261581421,1.8652693033218384,0.6176285421964984,0.613910585203979,0.6132915543476318
569,0.932421863079071,0.738142728805542,0.6157031059265137,1.853663444519043,0.6187822803901409,0.6145769047923981,0.6140621668400583
570,0.9283984303474426,0.7437610626220703,0.6156250238418579,1.8496313095092773,0.6196140790136918,0.6144777376938508,0.6138549154018852
571,0.9308202862739563,0.7383844256401062,0.6185156106948853,1.849719524383545,0.6212194570190691,0.6176711100197905,0.6170181638235548
572,0.9305664300918579,0.7427777647972107,0.619140625,1.86444091796875,0.6221439232711033,0.6182542171570309,0.6177524966127308
573,0.9345312714576721,0.7353472113609314,0.6208593845367432,1.8495891094207764,0.6238833224003922,0.6195182098592784,0.6188853175305233
574,0.9324609637260437,0.7372080087661743,0.620312511920929,1.8523287773132324,0.6235182804425252,0.6194671622885519,0.6189113896166907
575,0.9321679472923279,0.7387014627456665,0.6185937523841858,1.8463776111602783,0.6215010620932412,0.6176014270014037,0.6169730425863864
576,0.9321874976158142,0.7369470000267029,0.6207031011581421,1.8478538990020752,0.6232548847500095,0.6199143897493178,0.6192039271834646
577,0.9347851276397705,0.729048490524292,0.6224218606948853,1.8408774137496948,0.6258836046124714,0.621290462105401,0.6209557774521453
578,0.9354492425918579,0.7299627661705017,0.6211718916893005,1.836442470550537,0.6242445249082245,0.620529049069319,0.6199763639514049
579,0.93505859375,0.7283647060394287,0.6185937523841858,1.8459521532058716,0.6227823022495118,0.6174732132387752,0.6170165282394748
580,0.9349609613418579,0.7280418276786804,0.6188281178474426,1.8453048467636108,0.6230200198230833,0.6179462769392527,0.6175396816906749
581,0.9342187643051147,0.7301674485206604,0.6156250238418579,1.8407422304153442,0.6193202643175908,0.6148782541792612,0.6143517879815497
582,0.9350390434265137,0.7301262021064758,0.6178125143051147,1.8590840101242065,0.6211934944664915,0.6167080420038159,0.6164890623620405
583,0.9333202838897705,0.7341755032539368,0.6128125190734863,1.862453818321228,0.6160451062323906,0.6120473295796434,0.6116442700391485
584,0.9297265410423279,0.7441999316215515,0.6161718964576721,1.8543542623519897,0.6197371482965065,0.6151275652571495,0.6142021547513985
585,0.9316796660423279,0.7340818643569946,0.6164844036102295,1.8594260215759277,0.6197911054501113,0.6153995403889845,0.6146553906467567
586,0.9312499761581421,0.7372028827667236,0.6181250214576721,1.8449606895446777,0.621172094266017,0.6175825145666618,0.6167850965027736
587,0.9325976371765137,0.7345444560050964,0.6172656416893005,1.8455373048782349,0.6212631825765114,0.6163294946724243,0.6159425769671957
588,0.9323437213897705,0.7364853620529175,0.6208593845367432,1.8478646278381348,0.6245496644420372,0.6199538980603008,0.619172681180221
589,0.9336718916893005,0.7367414832115173,0.6104687452316284,1.8572403192520142,0.6147071371135788,0.6097210994773982,0.6091005636231553
590,0.9336523413658142,0.7327151298522949,0.6206250190734863,1.8393681049346924,0.6242216068488667,0.6200473824294751,0.6195678018469115
591,0.9328711032867432,0.7366769909858704,0.6147656440734863,1.860878586769104,0.6185738224368487,0.6139388662121894,0.6134108489883169
592,0.9322851300239563,0.7366191744804382,0.6171093583106995,1.8601226806640625,0.620343398792955,0.6161465135993449,0.6155240501535608
593,0.9336133003234863,0.7346012592315674,0.6203906536102295,1.8460060358047485,0.6236569928455846,0.619837757270139,0.6189572808914817
594,0.9322265386581421,0.7400913834571838,0.6201562285423279,1.8552916049957275,0.6240617389774255,0.6191440193508837,0.618520538494254
595,0.929882824420929,0.7429457306861877,0.619921863079071,1.8548779487609863,0.6240598443480333,0.6193627608582056,0.6188749816473225
596,0.9350000023841858,0.7345531582832336,0.6262500286102295,1.826411485671997,0.6287587864646506,0.6253247986526572,0.6245663258976506
597,0.9315429925918579,0.7361347079277039,0.6154687404632568,1.859155535697937,0.6185272188080222,0.6148995885985444,0.6143128082841198
598,0.9316992163658142,0.741030752658844,0.6236718893051147,1.8568894863128662,0.6283783757928034,0.6229432758415718,0.6223035429192397
599,0.9340234398841858,0.7325215339660645,0.6214843988418579,1.8500829935073853,0.625173041566579,0.6204004403789041,0.6197228623661877
600,0.9351562261581421,0.7285268306732178,0.620312511920929,1.8365600109100342,0.6232936335973114,0.6193280792079396,0.6188415478363845
601,0.9338085651397705,0.7329944372177124,0.6217187643051147,1.840701699256897,0.6245742501795203,0.6208191036836737,0.6200720909735657
602,0.9346484541893005,0.7317007184028625,0.6203906536102295,1.848397970199585,0.6231117349854612,0.6195090912538681,0.6186279788756467
603,0.9342187643051147,0.7274429798126221,0.6188281178474426,1.8517144918441772,0.6215848143499827,0.6179744797680238,0.6171676812095803
604,0.9339843988418579,0.7313692569732666,0.615234375,1.8462214469909668,0.6191424237153497,0.6142903912128019,0.6136968092978332
605,0.9346093535423279,0.729267954826355,0.6235937476158142,1.8321858644485474,0.6286467280546519,0.622886949663661,0.6226225692459164
606,0.9344335794448853,0.7337599396705627,0.6229687333106995,1.817865252494812,0.6265346050741789,0.6222994552379457,0.6216911377259726
607,0.9338281154632568,0.7339131236076355,0.6213281154632568,1.8384181261062622,0.6244457754186354,0.6199412546186952,0.6195676595384223
608,0.9322460889816284,0.7383750081062317,0.6195312738418579,1.8270201683044434,0.6214380724556874,0.6185440162381972,0.6176513717338654
609,0.9321484565734863,0.7373369336128235,0.6213281154632568,1.8339747190475464,0.6253288946873706,0.6204053703269123,0.6199679217573686
610,0.9348242282867432,0.7298281788825989,0.6197656393051147,1.8456252813339233,0.6236569726936383,0.6187378128331759,0.618174499202041
611,0.9344531297683716,0.7316374182701111,0.6182031035423279,1.8505072593688965,0.6211991035712514,0.6172611395293157,0.6167667082622206
612,0.9340429902076721,0.7305421233177185,0.6195312738418579,1.8354672193527222,0.6226589956120779,0.6185009621747726,0.618068758996347
613,0.9347460865974426,0.729889452457428,0.6227343678474426,1.8492851257324219,0.624963969282982,0.6216830383976102,0.6210582022884955
614,0.9356054663658142,0.7276322841644287,0.615234375,1.8566040992736816,0.6186398527502865,0.614283949720218,0.6138960231819486
615,0.9321874976158142,0.7394192218780518,0.6157812476158142,1.8505233526229858,0.619650634004506,0.6148076144984287,0.614333264074467
616,0.9330468773841858,0.7350629568099976,0.6155468821525574,1.8485007286071777,0.6195681561117079,0.6150393780377157,0.6145693519796523
617,0.9351562261581421,0.7313025593757629,0.6181250214576721,1.8554991483688354,0.6221287915641217,0.6171065394076811,0.6166134878725769
618,0.9334765672683716,0.7336430549621582,0.6225000023841858,1.8426845073699951,0.6259539401344816,0.6215493154136629,0.621159477129281
619,0.9321874976158142,0.7397127747535706,0.6156250238418579,1.8667391538619995,0.6190185699215187,0.6147531867198633,0.6137074884796491
620,0.9327929615974426,0.7337943315505981,0.6249218583106995,1.8446142673492432,0.6287518519751791,0.6239604006685504,0.6230905231306287
621,0.9331445097923279,0.7301588654518127,0.6162499785423279,1.8594104051589966,0.61950660102941,0.6153493083070248,0.6147253188852319
622,0.9361327886581421,0.7288757562637329,0.6203906536102295,1.8486207723617554,0.6237527552528632,0.6196895156633093,0.6192179319216369
623,0.9380664229393005,0.7180241346359253,0.6184375286102295,1.8482725620269775,0.6210889014333989,0.617359575506832,0.6163716916660783
624,0.9357030987739563,0.7243980169296265,0.6217187643051147,1.8562637567520142,0.6248441957980102,0.6208662066730188,0.6202449133405832
625,0.9352343678474426,0.7274532318115234,0.6240624785423279,1.8495659828186035,0.6266997042321072,0.6231964815977478,0.6224173959023922
626,0.9350000023841858,0.727521538734436,0.6190624833106995,1.8637851476669312,0.621777703139297,0.618498766628263,0.617741494377878
627,0.9325585961341858,0.7345773577690125,0.6237499713897705,1.852363109588623,0.6273194622563111,0.6232918682553985,0.622802977348308
628,0.9344921708106995,0.7294558882713318,0.6186718940734863,1.8405438661575317,0.6219424007548859,0.6177349486407392,0.6172586772156976
629,0.9349414110183716,0.7288906574249268,0.6194531321525574,1.8438262939453125,0.6228662435921825,0.6184565759759588,0.6181266954395299
630,0.9324804544448853,0.7291997671127319,0.6174218654632568,1.8605531454086304,0.6207793983465295,0.6163458424232784,0.6158489256480423
631,0.9324609637260437,0.7348713874816895,0.622265636920929,1.870761752128601,0.6258466787852077,0.6213566674699486,0.6207024056412243
632,0.9327734112739563,0.7319106459617615,0.6107812523841858,1.87955904006958,0.6150220320601243,0.609937577364409,0.6090194270972202
633,0.9328906536102295,0.734711766242981,0.6123437285423279,1.8814964294433594,0.615528594466329,0.611411377226935,0.6106620065599475
634,0.9319531321525574,0.7388874888420105,0.612500011920929,1.876350998878479,0.6159470505088831,0.6114974795534927,0.6108633216490399
635,0.932812511920929,0.733573317527771,0.612109363079071,1.8851323127746582,0.6159444196513846,0.6110156288467943,0.6105764634261217
636,0.9355859160423279,0.7259404063224792,0.616015613079071,1.8710392713546753,0.6187734787992422,0.6150802854108917,0.6137870195888268
637,0.9360937476158142,0.7277376651763916,0.6196874976158142,1.849246859550476,0.6227611778823445,0.6183432907416704,0.6177071168501371
638,0.9338672161102295,0.7287423014640808,0.6235156059265137,1.8471527099609375,0.6268086646723647,0.6223984042422802,0.6220041179149807
639,0.9365038871765137,0.7252492308616638,0.6165624856948853,1.872554063796997,0.6191827993501209,0.6155011248613329,0.6147741609269101
640,0.9353906512260437,0.7268494963645935,0.612500011920929,1.8731436729431152,0.6150348080719936,0.6117286894725376,0.6110147389015019
641,0.9346679449081421,0.7293300628662109,0.6150781512260437,1.8683454990386963,0.618861446220107,0.6140970992590553,0.613676726438825
642,0.9341796636581421,0.7274168133735657,0.6130468845367432,1.857072114944458,0.6166583823284865,0.6120182256407236,0.611543363541947
643,0.9344140887260437,0.7274143695831299,0.6135156154632568,1.8683429956436157,0.616272626038624,0.6123878668076819,0.6119212018760433
644,0.9339062571525574,0.7303317189216614,0.6189844012260437,1.8703614473342896,0.6216138530795163,0.6178401293063834,0.6171441462534369
645,0.9353320598602295,0.7260205149650574,0.6214843988418579,1.8675273656845093,0.6248567487178736,0.6203764093211356,0.6201342535888597
646,0.9338672161102295,0.7306326031684875,0.6149218678474426,1.882112979888916,0.617717439256487,0.6140982255525846,0.6131446303598265
647,0.9350390434265137,0.7334158420562744,0.6211718916893005,1.8702751398086548,0.624241159516401,0.6200970395924983,0.6195828499403475
648,0.9344921708106995,0.7297605276107788,0.6223437786102295,1.8595292568206787,0.6254778095230135,0.6213811983483774,0.6208235291759755
649,0.9336718916893005,0.7297921180725098,0.6192968487739563,1.8688201904296875,0.6222555785892119,0.6182541475543182,0.6177557007891739
650,0.9321679472923279,0.7354986071586609,0.615234375,1.8702489137649536,0.6186900583843173,0.6138706828622724,0.6131024167433714
651,0.9361523389816284,0.7268927097320557,0.6178125143051147,1.8481160402297974,0.6215665804091117,0.6170956904083384,0.6163604988887499
652,0.9356054663658142,0.7249067425727844,0.6167968511581421,1.8617793321609497,0.6203162240375917,0.6161220418464426,0.6157820134634391
653,0.9322265386581421,0.7346401214599609,0.6241406202316284,1.8470556735992432,0.627889931150269,0.6234499357848351,0.6228455916704279
654,0.9344531297683716,0.7296870350837708,0.6184375286102295,1.8574762344360352,0.621905842944513,0.6175943467880765,0.6169228932915516
655,0.9365624785423279,0.7212616801261902,0.6228125095367432,1.8648157119750977,0.6269804077151457,0.622084199537664,0.6218010623148569
656,0.9340234398841858,0.7332383990287781,0.6223437786102295,1.8632032871246338,0.6259975528650623,0.6216318618692882,0.620657809957861
657,0.9347265362739563,0.7291750311851501,0.6196874976158142,1.8575434684753418,0.6233476611031197,0.6191481500367904,0.618343912969737
658,0.9332226514816284,0.732495903968811,0.6217968463897705,1.8491647243499756,0.6251861657807762,0.6209023087563574,0.6201836756888505
659,0.9362499713897705,0.7229486107826233,0.6225781440734863,1.8633958101272583,0.624858634304728,0.6217636051114966,0.6210774274768769
660,0.9364062547683716,0.7255380153656006,0.6235937476158142,1.8651833534240723,0.626428246566106,0.6228345439852053,0.6218289015342884
661,0.9329687356948853,0.731947660446167,0.6122656464576721,1.8889083862304688,0.614858470660469,0.6115420066027749,0.6107600482309432
662,0.9332422018051147,0.7317332625389099,0.6189844012260437,1.861567497253418,0.6220325496453187,0.618580618664577,0.61753362697917
663,0.9333593845367432,0.7364943623542786,0.6182031035423279,1.859452247619629,0.6211050716121254,0.617208131005873,0.6165405922268794
664,0.9337109327316284,0.7305276393890381,0.6192187666893005,1.843096137046814,0.6221599140372066,0.6182219808619422,0.6176646154731755
665,0.9359961152076721,0.7305614948272705,0.6236718893051147,1.8382606506347656,0.6269990926116756,0.6225156094562687,0.6221514105083958
666,0.9343163967132568,0.7300174236297607,0.6248437762260437,1.8625940084457397,0.6292945608956786,0.6242967917179023,0.6237090731927012
667,0.9353906512260437,0.7266803979873657,0.6232030987739563,1.843324899673462,0.6261141238984842,0.6223666821320646,0.6216877911356999
668,0.9361523389816284,0.7276899218559265,0.619921863079071,1.8402644395828247,0.6228617629176184,0.6190715461412954,0.6184157219948575
669,0.9380859136581421,0.7192577123641968,0.623046875,1.8392921686172485,0.6270841912009959,0.6224411110972108,0.6217936417409244
670,0.935839831829071,0.7263401746749878,0.6207812428474426,1.8466746807098389,0.6249028583526304,0.6206124741087483,0.6198108787326748
671,0.9359179735183716,0.7250990271568298,0.6197656393051147,1.8584980964660645,0.6228032894010387,0.6188471539742499,0.6180571685622976
672,0.9374804496765137,0.7224865555763245,0.6192968487739563,1.8492506742477417,0.6227363502109805,0.6185532244094663,0.6179842932384672
673,0.9344335794448853,0.7314472198486328,0.6221093535423279,1.8703423738479614,0.62484084245007,0.6211256465457313,0.6205244806913858
674,0.9348242282867432,0.7273903489112854,0.615234375,1.8674750328063965,0.6181244684981209,0.6143191023798922,0.613531681733702
675,0.9355273246765137,0.7253555059432983,0.6231250166893005,1.84356689453125,0.625628958289591,0.6226809839155956,0.6214832977235644
676,0.9367969036102295,0.7211176156997681,0.6182031035423279,1.8497679233551025,0.6213196955818223,0.6177040713492128,0.6166448294181252
677,0.9375976324081421,0.7238971590995789,0.623046875,1.849338173866272,0.6264583210143619,0.6225339732525836,0.6217292988144567
678,0.9342968463897705,0.7297463417053223,0.6232030987739563,1.842201828956604,0.6276150626204943,0.6224066486080037,0.6218583839541643
679,0.9349023699760437,0.7252147197723389,0.619921863079071,1.8631590604782104,0.6220392105650567,0.6190552611638351,0.6178110906920056
680,0.9346289038658142,0.7296231985092163,0.6148437261581421,1.8663833141326904,0.6185125137871906,0.6140340186468249,0.613631878214123
681,0.9336523413658142,0.7333117723464966,0.6235156059265137,1.8458247184753418,0.6266574012260657,0.6227180853672454,0.6219203072573487
682,0.935839831829071,0.7244529128074646,0.6204687356948853,1.856652021408081,0.6242295476005482,0.6197918946776332,0.6190973277474177
683,0.9339843988418579,0.7341835498809814,0.619921863079071,1.8664311170578003,0.6228882719118176,0.6190828892552807,0.6182770133714093
684,0.9347070455551147,0.7291785478591919,0.6198437213897705,1.854315161705017,0.6226690936424957,0.6191052115273402,0.6183830611629159
685,0.9337695240974426,0.7270907759666443,0.6184375286102295,1.8649680614471436,0.6217593195278422,0.6177574978480196,0.616950098129311
686,0.9367382526397705,0.7233234643936157,0.622265636920929,1.8353031873703003,0.6249655910113086,0.621631242023633,0.6208990504224067
687,0.9364648461341858,0.7240452766418457,0.6210156083106995,1.8560713529586792,0.6245307437071224,0.6203260723252138,0.6194041293029963
688,0.93505859375,0.7305932641029358,0.624218761920929,1.853941798210144,0.627667630762418,0.6236322050424207,0.6229297147703731
689,0.9334375262260437,0.7284529805183411,0.621874988079071,1.8457211256027222,0.6257807995603826,0.6211858773026359,0.6203663281366725
690,0.9354492425918579,0.7293978333473206,0.6278906464576721,1.8335981369018555,0.6320252156827622,0.6271335856972196,0.626599616770873
691,0.9351953268051147,0.7295821905136108,0.6192968487739563,1.8727760314941406,0.6223806633426479,0.6185948752380928,0.6178389134290326
692,0.937207043170929,0.7224161624908447,0.6157031059265137,1.8708103895187378,0.6186864398048533,0.6151723537246044,0.6144161444405773
693,0.9357812404632568,0.7232229709625244,0.6210156083106995,1.8525948524475098,0.6246381996492787,0.6206322687675807,0.6199021881651878
694,0.9354687333106995,0.7258004546165466,0.6208593845367432,1.8560963869094849,0.6248721086380373,0.6205826441098239,0.6198643452086214
695,0.9355859160423279,0.7248172163963318,0.624218761920929,1.8517999649047852,0.6272969474211556,0.6240268688325623,0.6233064043110412
696,0.9360741972923279,0.7246004343032837,0.6178905963897705,1.8619694709777832,0.6206145376363355,0.616827225447472,0.6160363489249514
697,0.9345312714576721,0.7263932824134827,0.6202343702316284,1.8615200519561768,0.6228740213364027,0.6189683246435894,0.6185810704018617
698,0.9376171827316284,0.721416711807251,0.6198437213897705,1.8503282070159912,0.6228618920622174,0.6187289511658456,0.6183281700041794
699,0.9357030987739563,0.7267115116119385,0.6206250190734863,1.855400562286377,0.6235918318432372,0.6197204292746454,0.6192395440259624
700,0.9363672137260437,0.7269454002380371,0.6164844036102295,1.8621160984039307,0.6193253673924358,0.6158333333936896,0.615295523753001
701,0.9348046779632568,0.727346658706665,0.6098437309265137,1.878242015838623,0.6131305050210505,0.609183657742477,0.6083900989032047
702,0.9371289014816284,0.721294641494751,0.623828113079071,1.846614122390747,0.6265053390420003,0.6225656260386658,0.6219087831028913
703,0.9395312666893005,0.7155439257621765,0.6209375262260437,1.8557336330413818,0.6242860994725342,0.6205944699678402,0.6200280939799285
704,0.9356054663658142,0.7266943454742432,0.6317968964576721,1.8367547988891602,0.6351987160432012,0.6308700695266543,0.6306292356418335
705,0.9364258050918579,0.7236996293067932,0.6153125166893005,1.86079740524292,0.6182210335395901,0.6147993081785603,0.6142103859384189
706,0.9335547089576721,0.7306930422782898,0.6239843964576721,1.842552661895752,0.6263581285671476,0.6234656438408247,0.6226477824223124
707,0.9367773532867432,0.7210913896560669,0.6236718893051147,1.857660174369812,0.6267300744913427,0.6228481033207924,0.6224477552664452
708,0.9346874952316284,0.7243509888648987,0.6170312762260437,1.852653980255127,0.6203973989758891,0.615851817458039,0.6154307789531823
709,0.9372851848602295,0.7215898036956787,0.6200000047683716,1.867814302444458,0.6235042138724308,0.6190234303265099,0.6185215171771046
710,0.933789074420929,0.7295426726341248,0.6212499737739563,1.8616795539855957,0.6242820776141632,0.6202779099067733,0.619925440853921
711,0.9381445050239563,0.7181849479675293,0.6252343654632568,1.831627607345581,0.6278139706316381,0.624656263286936,0.6239155807386847
712,0.9348242282867432,0.7255695462226868,0.6198437213897705,1.864999532699585,0.6226418251379737,0.6191396663702907,0.6184065798113225
713,0.933886706829071,0.7309172749519348,0.6215624809265137,1.8471161127090454,0.6248994110863705,0.6207712629285485,0.6202548984321128
714,0.9361523389816284,0.7214474678039551,0.6207031011581421,1.8611122369766235,0.6237952140335834,0.6200249465304317,0.6194152713452744
715,0.9385156035423279,0.7168810963630676,0.621874988079071,1.8539494276046753,0.6253500132636394,0.6209208075535408,0.6203955148591662
716,0.9363672137260437,0.7225164175033569,0.6232030987739563,1.8597328662872314,0.6267701894983333,0.6223611881599111,0.6219322429187355
717,0.9352929592132568,0.7233484387397766,0.6193749904632568,1.8814892768859863,0.6231031771774649,0.6188711225788893,0.6185118531298921
718,0.9358789324760437,0.7232374548912048,0.6214062571525574,1.8545582294464111,0.6249422896148358,0.6206009179872359,0.6199599150605661
719,0.9372656345367432,0.721851110458374,0.6272656321525574,1.851312279701233,0.6305983314094334,0.6267292409359196,0.6262063596823629
720,0.9345117211341858,0.7278379797935486,0.6221093535423279,1.8643602132797241,0.625091366715399,0.6215251996344374,0.6210141944852899
721,0.9386523365974426,0.718177318572998,0.6237499713897705,1.8487948179244995,0.6268318690673792,0.6235132241629031,0.6226380272531225
722,0.9385547041893005,0.7181217074394226,0.6181250214576721,1.8622685670852661,0.6218385252127843,0.6177348972820554,0.6171203743210523
723,0.938183605670929,0.7165255546569824,0.6175781488418579,1.8574987649917603,0.6200093543387042,0.6169376557425921,0.6161310933914647
724,0.9393359422683716,0.7176939249038696,0.6182812452316284,1.8661853075027466,0.6210036720965058,0.6176030313505391,0.6168615622984416
725,0.9393554925918579,0.7134903073310852,0.6137499809265137,1.868577241897583,0.6166438578436759,0.6129184556139675,0.6123356555582333
726,0.937695324420929,0.7210630774497986,0.6219531297683716,1.8675955533981323,0.6250723866574273,0.6217059555187405,0.6209681662094817
727,0.9355273246765137,0.7258647680282593,0.6201562285423279,1.8543339967727661,0.6223069235965806,0.6190574149019383,0.6182389385719689
728,0.9348046779632568,0.726937472820282,0.621874988079071,1.8611162900924683,0.6258100116104853,0.6215419565569571,0.6207882936575926
729,0.9370703101158142,0.7174838185310364,0.6207031011581421,1.866600513458252,0.6240161186085564,0.6202433768409022,0.6195436014532048
730,0.9370703101158142,0.721696138381958,0.6221874952316284,1.8541830778121948,0.6254409421846162,0.6215332137694991,0.6208211933264554
731,0.9353125095367432,0.7267935276031494,0.6150000095367432,1.8712071180343628,0.6186642736440546,0.6141683524242773,0.6136605378107052
732,0.9353711009025574,0.7228192687034607,0.6203906536102295,1.855961561203003,0.6238174744304197,0.6196381422966906,0.618824367226237
733,0.9381445050239563,0.7170753479003906,0.6240624785423279,1.8508588075637817,0.6280080511626747,0.623261167426288,0.6226315632342773
734,0.9364258050918579,0.7190665602684021,0.6207031011581421,1.8621528148651123,0.6246808959698227,0.6199156280174793,0.619450779968233
735,0.9370898604393005,0.7221015095710754,0.6200000047683716,1.86391282081604,0.6232724528329361,0.6190456992004802,0.61844387927043
736,0.9366796612739563,0.72502601146698,0.6232812404632568,1.8752386569976807,0.6266992966155646,0.6226022671453384,0.6219955401068977
737,0.9382030963897705,0.7241355180740356,0.6270312666893005,1.8584197759628296,0.6307022287106512,0.6262585764084481,0.6257973308252787
738,0.936230480670929,0.7232422828674316,0.6236718893051147,1.8561675548553467,0.6268390261114369,0.6228907823636884,0.6221378310078631
739,0.9366406202316284,0.7201753258705139,0.6184375286102295,1.8781968355178833,0.6218021810595027,0.617426710179894,0.6167811373064274
740,0.9352148175239563,0.7227293252944946,0.6159374713897705,1.856909990310669,0.6196636875789387,0.6150573658716312,0.6145444216754061
741,0.9345507621765137,0.7234382629394531,0.6165624856948853,1.8725308179855347,0.6198341589828813,0.615898526068191,0.6152158054522963
742,0.9361132979393005,0.7225148677825928,0.621874988079071,1.862857699394226,0.6256733415611914,0.6214833164402629,0.6206610177974881
743,0.9356054663658142,0.7273557782173157,0.6214062571525574,1.8759970664978027,0.6258923429643604,0.6204853099787042,0.6202631270525967
744,0.9378125071525574,0.7234745621681213,0.6233593821525574,1.8612042665481567,0.6271659971547637,0.6229134233343132,0.6221865744118168
745,0.9358984231948853,0.7226805686950684,0.6239062547683716,1.8632715940475464,0.6277275866866945,0.6229880466102162,0.6225147535256184
746,0.9351757764816284,0.7250520586967468,0.6213281154632568,1.8567308187484741,0.6251843620498625,0.6206393796516277,0.6201959508144391
747,0.9366796612739563,0.7231109142303467,0.6217968463897705,1.861088752746582,0.6263092147039616,0.6212132620151101,0.6211051600013523
748,0.9387890696525574,0.7186211347579956,0.627734363079071,1.832706332206726,0.6310492114602819,0.6270995443308756,0.6265716967122152
749,0.937695324420929,0.7204669117927551,0.6253906488418579,1.8525179624557495,0.6289266911278183,0.6247830642210513,0.6240151635548516
750,0.9370507597923279,0.7196745276451111,0.6235937476158142,1.8526978492736816,0.6272072278626708,0.6230008225723838,0.6222670620630124
751,0.9377734661102295,0.7190586924552917,0.6148437261581421,1.864813208580017,0.6183524549315652,0.6139870868521992,0.6132318023892422
752,0.9377343654632568,0.7211664319038391,0.6203906536102295,1.8525078296661377,0.6238698134738806,0.6193617154844654,0.6189788536019941
753,0.9357030987739563,0.7232763767242432,0.6233593821525574,1.8561577796936035,0.6262673950664148,0.622695699395964,0.6219948602136515
754,0.9372851848602295,0.7208794951438904,0.617968738079071,1.8632086515426636,0.6219444928173246,0.6171715980728116,0.6168017062498048
755,0.9375195503234863,0.721595287322998,0.6215624809265137,1.8621832132339478,0.6256502656311757,0.6206039644705488,0.6203776791708162
756,0.937304675579071,0.7215524911880493,0.6221093535423279,1.8561495542526245,0.6245256513354035,0.6211287988871294,0.6203185549750699
757,0.9388672113418579,0.7142801880836487,0.6225781440734863,1.842341661453247,0.6250522317846385,0.6215582327141841,0.6209808791306557
758,0.9375390410423279,0.7246949076652527,0.6215624809265137,1.8521560430526733,0.6250614463284238,0.6206221360107119,0.6197888885899834
759,0.9368554949760437,0.7242655158042908,0.6182812452316284,1.8484219312667847,0.621818053184046,0.6177641407673224,0.6171280267623414
760,0.9366015791893005,0.7222663164138794,0.620312511920929,1.8569450378417969,0.6238050697948049,0.6198936200823737,0.6189546006065778
761,0.9371484518051147,0.7213805913925171,0.6189844012260437,1.8487292528152466,0.6215697825060653,0.618125814051249,0.6171711326010394
762,0.9378906488418579,0.7194128632545471,0.6182031035423279,1.8485133647918701,0.6218036561238182,0.6170239952475346,0.6167175681983352
763,0.9389062523841858,0.7186194062232971,0.6215624809265137,1.8570332527160645,0.6243933322169515,0.6206309000748393,0.6197293450217845
764,0.9367382526397705,0.7220720648765564,0.6171093583106995,1.8517001867294312,0.6196195030422078,0.6163877342382402,0.615478014168918
765,0.937792956829071,0.7211873531341553,0.6225781440734863,1.835182785987854,0.625266911147267,0.6217143465323204,0.6210074230034245
766,0.937207043170929,0.722747266292572,0.6171093583106995,1.8599810600280762,0.6208729631144991,0.6161904033098518,0.6154287983522224
767,0.9394140839576721,0.7111242413520813,0.6182031035423279,1.845025658607483,0.6214947645180386,0.6172672843267779,0.6165797364548726
768,0.9379296898841858,0.7174074053764343,0.617968738079071,1.8548928499221802,0.6209997629839242,0.6170146543306695,0.6162648170950525
769,0.9365038871765137,0.7227494120597839,0.6169531345367432,1.8763759136199951,0.6198275476924611,0.6160867278299605,0.6151635411221044
770,0.9370312690734863,0.7208704948425293,0.6225781440734863,1.833625078201294,0.6259368596390393,0.6220561832950389,0.6214438590447918
771,0.9375585913658142,0.7215222120285034,0.6215624809265137,1.8621423244476318,0.6254976881371942,0.6210513982780168,0.6204922534954197
772,0.9346484541893005,0.7289890050888062,0.6249218583106995,1.8584511280059814,0.627508260064461,0.6240962239332957,0.6233684936227925
773,0.9370898604393005,0.720257043838501,0.6232812404632568,1.8549565076828003,0.6260299087893103,0.6219769570407462,0.6212346941560197
774,0.9363476634025574,0.7255262732505798,0.6231250166893005,1.8457320928573608,0.6254985532159306,0.6226260249012509,0.6218510705884166
775,0.9367773532867432,0.7215241193771362,0.6235937476158142,1.8387566804885864,0.6264126731145465,0.6226571265931401,0.621915785400805
776,0.9391015768051147,0.714507520198822,0.62890625,1.8335583209991455,0.6326327564912093,0.6276375989377245,0.6272560272660495
777,0.9384765625,0.7162652015686035,0.6239062547683716,1.8553822040557861,0.6268069905694368,0.6231592601183482,0.622330895586682
778,0.9381250143051147,0.7172020673751831,0.6239062547683716,1.8554781675338745,0.6262480081588108,0.6232915698689613,0.6224978160911879
779,0.938183605670929,0.7183910608291626,0.6254687309265137,1.8578327894210815,0.6285316678351913,0.6248362244606822,0.624258935754483
780,0.9391015768051147,0.7181140780448914,0.6223437786102295,1.8600906133651733,0.6258830816445069,0.6215259873604758,0.6211168082662273
781,0.9393359422683716,0.7134549617767334,0.6193749904632568,1.8589792251586914,0.6225441895415569,0.6187722992525165,0.6181970336882625
782,0.9383984208106995,0.7191455364227295,0.6170312762260437,1.8524072170257568,0.6206497431078817,0.6163018302518406,0.6159504104747628
783,0.9401171803474426,0.7159306406974792,0.6232812404632568,1.857833981513977,0.6269352215721931,0.6223147131047503,0.6220858154183249
784,0.9377734661102295,0.7173779010772705,0.6221093535423279,1.8580094575881958,0.6256938448930189,0.6214788159384115,0.6213633467634779
785,0.9358593821525574,0.7246901988983154,0.6219531297683716,1.8744386434555054,0.6261387987495592,0.6209579692010173,0.6207741601468066
786,0.9361523389816284,0.721488356590271,0.619921863079071,1.8731412887573242,0.6228904017609187,0.6188693823108715,0.618123913723045
787,0.9376757740974426,0.7201095819473267,0.6192968487739563,1.867058277130127,0.6216493269304437,0.6185960612452672,0.6179008022603962
788,0.9396093487739563,0.7146643996238708,0.6211718916893005,1.851938009262085,0.6243257873834218,0.6202250736283803,0.6196104388699484
789,0.9385156035423279,0.7148879766464233,0.6194531321525574,1.86323881149292,0.6232218584371159,0.618880400609833,0.618293898429947
790,0.9374414086341858,0.7213985919952393,0.6209375262260437,1.861975073814392,0.6238024527162824,0.6204070011777929,0.619892741165668
791,0.9386327862739563,0.7165695428848267,0.6185156106948853,1.8564863204956055,0.6221703710787849,0.6181778471836039,0.6175361797205613
792,0.938671886920929,0.7166417837142944,0.6188281178474426,1.8582377433776855,0.621956158192638,0.6183054697112632,0.6176651377793967
793,0.93798828125,0.7178020477294922,0.6202343702316284,1.8514204025268555,0.6233739673641122,0.6195648256438288,0.6192369531100761
794,0.9377734661102295,0.7160178422927856,0.620312511920929,1.8576724529266357,0.6235151643419992,0.619863601964027,0.6190399175641672
795,0.9365429878234863,0.7193189263343811,0.6221093535423279,1.833467960357666,0.6247092274453616,0.6213915650251288,0.6209143848637715
796,0.9376757740974426,0.7195218801498413,0.6235937476158142,1.844618320465088,0.6262791655877462,0.6227215582091101,0.6222033233193092
797,0.9377343654632568,0.7180531024932861,0.626953125,1.835995078086853,0.6294400033809471,0.6258465653879102,0.6249485481742949
798,0.9393554925918579,0.711860716342926,0.6202343702316284,1.8645803928375244,0.6235474589565615,0.6193471123511302,0.6185409000556296
799,0.9375390410423279,0.7187472581863403,0.6205468773841858,1.8561525344848633,0.6233786546627518,0.6197345888168999,0.6188629769763847
800,0.939746081829071,0.710127592086792,0.6204687356948853,1.860804796218872,0.6237263684485452,0.6194220435245837,0.6188955490771887
801,0.9410741925239563,0.7078762650489807,0.6175781488418579,1.8472626209259033,0.6207008947630195,0.6166319385414233,0.6162122117096369
802,0.9409765601158142,0.7078606486320496,0.62109375,1.855798602104187,0.624528341201241,0.6201922423326522,0.6197267411157049
803,0.9388281106948853,0.7126310467720032,0.6204687356948853,1.8459341526031494,0.6240697745320448,0.620079505610213,0.6194307178713687
804,0.9367773532867432,0.7214664220809937,0.6229687333106995,1.848679780960083,0.625809855820769,0.6220577961461504,0.6214165998712452
805,0.9371289014816284,0.7214269042015076,0.6221874952316284,1.8610175848007202,0.625470079423063,0.6215707362940031,0.620948363525317
806,0.9383398294448853,0.7160056233406067,0.6200781464576721,1.8655072450637817,0.6241762821941044,0.6193987835244392,0.6186584875271556
807,0.9367969036102295,0.7198064923286438,0.620312511920929,1.869606614112854,0.6243570791744051,0.6196177850145179,0.6190626203475531
808,0.9398632645606995,0.7126572132110596,0.6236718893051147,1.8710206747055054,0.6277865975163726,0.6230773752682515,0.6225084458685534
809,0.9417577981948853,0.7052611708641052,0.6232812404632568,1.8642213344573975,0.6265648121078207,0.6227844259198833,0.6219164045136607
810,0.9385937452316284,0.7152993083000183,0.6214843988418579,1.8677729368209839,0.6249536902670688,0.6207896971165858,0.6201976751586968
811,0.9402539134025574,0.7107884883880615,0.626953125,1.853545069694519,0.6297303894235725,0.6263350386279058,0.6254441134696378
812,0.9377343654632568,0.7148536443710327,0.6239843964576721,1.8623918294906616,0.6268189999455751,0.6233081767271256,0.6228780486980936
813,0.9358203411102295,0.7225949764251709,0.612109363079071,1.8849577903747559,0.6148107634134737,0.611457353108868,0.6108055668989376
814,0.9366406202316284,0.7233142852783203,0.6204687356948853,1.8763352632522583,0.6237907070163231,0.619863745806865,0.6193892152535225
815,0.9399804472923279,0.7157899737358093,0.620312511920929,1.8764350414276123,0.6237338466482778,0.6194675005235541,0.6187215506999593
816,0.9371874928474426,0.7214734554290771,0.6235937476158142,1.8493810892105103,0.6268910489298478,0.6227968473078123,0.622283639653154
817,0.9408984184265137,0.7140786051750183,0.6223437786102295,1.8715178966522217,0.624178889113739,0.6214767439076506,0.6207235490149798
818,0.9377343654632568,0.7162744998931885,0.6118749976158142,1.907544732093811,0.6143697586527761,0.6111334593844296,0.6101629104398564
819,0.9365038871765137,0.7222039103507996,0.6139843463897705,1.9013017416000366,0.617198377291927,0.6134113524318466,0.6126281995982834
820,0.9371289014816284,0.7200385332107544,0.6189062595367432,1.882131814956665,0.6226143653143097,0.6182422930333693,0.6179469886510657
821,0.9367382526397705,0.7226066589355469,0.6178905963897705,1.8615717887878418,0.6215383342513247,0.6172371793569932,0.6169249415808457
822,0.9365624785423279,0.7186055183410645,0.619140625,1.8755333423614502,0.6220952063405226,0.6185109542692366,0.6177799579035068
823,0.9387890696525574,0.7154165506362915,0.6165624856948853,1.8831565380096436,0.6193936329568881,0.6163121661668204,0.6155082515876251
824,0.9393554925918579,0.7173528075218201,0.6136718988418579,1.8713473081588745,0.6176985777633887,0.6133439360506556,0.6129156593907126
825,0.9380664229393005,0.7142699360847473,0.6155468821525574,1.873445987701416,0.6189502583132931,0.6151250803338117,0.614901810563073
826,0.9396874904632568,0.7112961411476135,0.6216406226158142,1.8663227558135986,0.6245731915137039,0.62076840598591,0.6204033045453451
827,0.9401757717132568,0.7113919854164124,0.6169531345367432,1.8785531520843506,0.6204869886568526,0.6165375330904634,0.6158469019038458
828,0.9389843940734863,0.712812066078186,0.6169531345367432,1.8791167736053467,0.621103772766306,0.6164438469777636,0.6161351957904428
829,0.9408398270606995,0.7093276381492615,0.6180468797683716,1.8781582117080688,0.6211018581383362,0.6172531426184018,0.6166751195102099
830,0.9408007860183716,0.7089205384254456,0.6167187690734863,1.8720897436141968,0.6200104946273421,0.6161287251650311,0.6155371837833069
831,0.9382030963897705,0.715918779373169,0.6210156083106995,1.874678373336792,0.6243200391505961,0.6203839510964893,0.6197994255296027
832,0.9402734637260437,0.7137917280197144,0.6138281226158142,1.880275845527649,0.6172263619454121,0.613124755952483,0.6124361305148309
833,0.9367578029632568,0.7210248708724976,0.6162499785423279,1.875463604927063,0.6190293955834176,0.615761125440544,0.6146752548056693
834,0.9380664229393005,0.7143668532371521,0.6195312738418579,1.8659347295761108,0.6216135301032681,0.618918018812717,0.6177273435544507
835,0.9385547041893005,0.7122623324394226,0.6228125095367432,1.8587511777877808,0.6260738381736446,0.6223032221910179,0.6214979188828358
836,0.9400195479393005,0.7095039486885071,0.6176562309265137,1.8814218044281006,0.6210181677145855,0.6171730254501795,0.6163252497912081
837,0.9395507574081421,0.7131707668304443,0.6193749904632568,1.8745181560516357,0.6226802548183474,0.6189416257304834,0.6182242463702563
838,0.9387890696525574,0.7157549858093262,0.6204687356948853,1.8709313869476318,0.6242195006327194,0.6202794878154837,0.6194094966087984
839,0.9397070407867432,0.7140562534332275,0.6171875,1.8832359313964844,0.61976945353949,0.616563756222297,0.6158564651175996
840,0.9391796588897705,0.7137535214424133,0.6192187666893005,1.8796937465667725,0.6226901594785985,0.6186427685847351,0.6177882102424799
841,0.9376367330551147,0.7153342366218567,0.6167968511581421,1.8887578248977661,0.6205157282499758,0.6164417864188423,0.6155474526168166
842,0.9390820264816284,0.7144214510917664,0.6169531345367432,1.8657937049865723,0.6210963976195546,0.6165148594708978,0.6157634338797269
843,0.9381054639816284,0.7151281833648682,0.6171093583106995,1.8781818151474,0.6213812903098981,0.6166464281374757,0.6159791080843947
844,0.9393554925918579,0.7161957621574402,0.6203906536102295,1.8772717714309692,0.623892730086065,0.6197114777222734,0.6192456197201772
845,0.9407031536102295,0.7086596488952637,0.6229687333106995,1.8533639907836914,0.6259523896694831,0.6220845124164138,0.6214378529789253
846,0.94091796875,0.7106882333755493,0.6143749952316284,1.8753150701522827,0.6175497168109113,0.6135870863021132,0.6125740544246996
847,0.9388476610183716,0.7138935923576355,0.6158593893051147,1.8915786743164062,0.6183316013271176,0.6147746620352699,0.6140564071277886
848,0.9406054615974426,0.7104064226150513,0.6214843988418579,1.869983196258545,0.6237235347150749,0.6208153908946779,0.6198786705797867
849,0.9380468726158142,0.7141909599304199,0.6171093583106995,1.8867073059082031,0.6198781244578544,0.6163794512051306,0.6155309957346341
850,0.9391796588897705,0.7121025323867798,0.6107031106948853,1.9120078086853027,0.6122828680076705,0.6099326648346034,0.6090950565435138
851,0.9386913776397705,0.7156056761741638,0.6185156106948853,1.8901176452636719,0.6211759701184524,0.617750668705551,0.6171338002194702
852,0.9382617473602295,0.7140039205551147,0.6161718964576721,1.8840553760528564,0.6207241875851005,0.6157817676776922,0.6152090545968752
853,0.9384961128234863,0.7160639762878418,0.6214843988418579,1.873807668685913,0.6253357208088124,0.6208314650260676,0.6203908025297393
854,0.9398828148841858,0.7108665704727173,0.6166406273841858,1.8756860494613647,0.6199770576429044,0.6157866566381418,0.6151862450277047
855,0.9400585889816284,0.7114357948303223,0.6314062476158142,1.8554126024246216,0.6343471889146988,0.630671150090753,0.6298032169712788
856,0.9389062523841858,0.7139360308647156,0.6213281154632568,1.8825222253799438,0.6253206687778227,0.6205360766530175,0.6202503141502747
857,0.9390624761581421,0.7126481533050537,0.619140625,1.8801194429397583,0.6226273214305853,0.6183290213281778,0.6176122706606404
858,0.9384179711341858,0.7161602973937988,0.6255468726158142,1.8745912313461304,0.6291201204760096,0.6246746457238047,0.6237596845700883
859,0.9394921660423279,0.7136156558990479,0.6184375286102295,1.8646833896636963,0.6218932349937911,0.6174573235679658,0.6166964721164108
860,0.9406445026397705,0.7131559252738953,0.6181250214576721,1.877934455871582,0.6213477517514931,0.6175597192093376,0.6171638963303874
861,0.9394335746765137,0.7123191356658936,0.6235937476158142,1.860183835029602,0.6269095604425505,0.6226851855517843,0.6223846673309575
862,0.9388476610183716,0.7177570462226868,0.6264843940734863,1.8652299642562866,0.6297670620588642,0.6258752038386401,0.6250682374669807
863,0.9386132955551147,0.7176337242126465,0.6221874952316284,1.8755396604537964,0.6261056053830618,0.6217537298540636,0.6209913588294076
864,0.941210925579071,0.7083194255828857,0.6173437237739563,1.8894706964492798,0.6204196584014221,0.6165492172457925,0.6157154322829246
865,0.939453125,0.7137928009033203,0.6208593845367432,1.8811805248260498,0.6242289663798481,0.6200546364938158,0.6191422512811631
866,0.939746081829071,0.7100123763084412,0.616406261920929,1.8999509811401367,0.6199736271647074,0.6154513749975777,0.6149207892549072
867,0.937792956829071,0.7159427404403687,0.6232030987739563,1.8886815309524536,0.6263049537109356,0.6221548969585213,0.6213909434079227
868,0.9388281106948853,0.7138350605964661,0.6224218606948853,1.8745859861373901,0.6257744002323824,0.6211140237916142,0.6207707476804201
869,0.9390038847923279,0.7162011861801147,0.6177343726158142,1.8775578737258911,0.6220068369227842,0.6171724097277853,0.6166132003736875
870,0.9407812356948853,0.7101821899414062,0.6143749952316284,1.9153889417648315,0.6166612527883869,0.6137817134462189,0.6129685877367859
871,0.941210925579071,0.71050626039505,0.6207812428474426,1.8914352655410767,0.6240366002753921,0.6194879803498162,0.6191050872408843
872,0.9408398270606995,0.7110642194747925,0.6206250190734863,1.8868937492370605,0.6241056564277206,0.6196165706827329,0.6189861281206609
873,0.9388867020606995,0.7135337591171265,0.6145312786102295,1.901222586631775,0.6184568085131752,0.6138476449679997,0.6134316544951086
874,0.9386913776397705,0.7143065929412842,0.6186718940734863,1.8693548440933228,0.6222051902687917,0.618219187637432,0.6177459539473118
875,0.9403515458106995,0.7156162261962891,0.6224218606948853,1.8879917860031128,0.6258599010843623,0.621864119784392,0.6213405163219934
876,0.9398437738418579,0.7108145356178284,0.6242969036102295,1.880802035331726,0.6277378383894117,0.6235517230441834,0.6228984062978964
877,0.9414843916893005,0.7075347900390625,0.6216406226158142,1.890347957611084,0.625726050380541,0.6213734065320731,0.6204804463964495
878,0.9394921660423279,0.7124725580215454,0.6225781440734863,1.867265224456787,0.6263136945582968,0.6222379314406271,0.6216006108943668
879,0.9415429830551147,0.7074140310287476,0.6210156083106995,1.883111834526062,0.6254549622072157,0.6208704783346557,0.6202569982925703
880,0.9392383098602295,0.7135385274887085,0.6181250214576721,1.8828223943710327,0.6214481214777174,0.6179067699411742,0.6173086201265634
881,0.939746081829071,0.7118594646453857,0.618359386920929,1.88584566116333,0.6222344849210546,0.6176541845954777,0.6172783677683957
882,0.940234363079071,0.7125256061553955,0.6253906488418579,1.8910447359085083,0.6300476315452512,0.6248249053752967,0.6244016100585614
883,0.9386327862739563,0.7146307229995728,0.6253125071525574,1.8775384426116943,0.6293887509098302,0.6247140106187944,0.6240512343565277
884,0.9406445026397705,0.7081865668296814,0.623828113079071,1.8762154579162598,0.6278334497363985,0.6235221741252495,0.6226945890966165
885,0.9418163895606995,0.7074403166770935,0.6208593845367432,1.8620381355285645,0.6251852782458036,0.6200161480113688,0.6196217061301801
886,0.9410156011581421,0.7073408365249634,0.6139062643051147,1.896565556526184,0.6179426905377129,0.61316529501456,0.6127686721431806
887,0.9399804472923279,0.7137484550476074,0.6236718893051147,1.877845048904419,0.6275693274413776,0.6231976836570263,0.6227836561380218
888,0.9393749833106995,0.7122588157653809,0.6211718916893005,1.8884357213974,0.6232931217639663,0.6205597684058571,0.6196408020396778
889,0.9391992092132568,0.712982177734375,0.6214843988418579,1.8924480676651,0.6251609424907698,0.6210581182547483,0.6204915208315859
890,0.939746081829071,0.7123029828071594,0.6217187643051147,1.8846102952957153,0.6249952890893153,0.6210596112284473,0.620404913029512
891,0.9393945336341858,0.7139050364494324,0.6184375286102295,1.889140009880066,0.6212987557483153,0.6174043879293338,0.6166936833068241
892,0.9416797161102295,0.7055789232254028,0.6213281154632568,1.8777554035186768,0.6254494518394959,0.6206688011377615,0.6200261996701595
893,0.9410351514816284,0.7116334438323975,0.6209375262260437,1.8740719556808472,0.6241101416019113,0.6203014416578377,0.619895352971862
894,0.9404101371765137,0.7107434272766113,0.6164844036102295,1.8946980237960815,0.619721402935813,0.615548649896547,0.6149285861816705
895,0.9371093511581421,0.716206431388855,0.618359386920929,1.87968111038208,0.62148308782265,0.6176395570776396,0.6173347818981384
896,0.9382421970367432,0.7161459922790527,0.6149218678474426,1.892122507095337,0.6180259981316487,0.6142325746478403,0.6136852170015977
897,0.9369726777076721,0.7212911248207092,0.6185156106948853,1.888184666633606,0.620781649043222,0.6174660633926952,0.616828149521261
898,0.9381640553474426,0.7169409990310669,0.6192187666893005,1.8921799659729004,0.6232176578119499,0.6185550592408353,0.6179943337579747
899,0.9390038847923279,0.7141848802566528,0.6233593821525574,1.8609271049499512,0.6270712537642489,0.6229173637806151,0.6222557066414283
900,0.9379492402076721,0.7171483039855957,0.6157031059265137,1.8852028846740723,0.6191019187193509,0.6150951716566209,0.6142703613869689
901,0.9384179711341858,0.7188862562179565,0.6164844036102295,1.8759753704071045,0.6192667391079734,0.6157968329845129,0.6146275406206179
902,0.9400781393051147,0.7117348313331604,0.6209375262260437,1.8852821588516235,0.6247163463094139,0.620374852887456,0.6197314522371158
903,0.9383593797683716,0.7135046124458313,0.6192187666893005,1.8842397928237915,0.6226848128361997,0.6182949791977116,0.6179820905740394
904,0.9397656321525574,0.7122509479522705,0.616406261920929,1.8944668769836426,0.619738139341987,0.6152791224260807,0.6145902704383147
905,0.9404101371765137,0.7114356756210327,0.6139843463897705,1.8878347873687744,0.6168124535995896,0.6131250770598906,0.6122385650413915
906,0.9392773509025574,0.7137875556945801,0.616015613079071,1.896377444267273,0.6197845044969374,0.6156398155419196,0.6146989537438395
907,0.9387109279632568,0.7133224010467529,0.619921863079071,1.8765573501586914,0.6240549738435421,0.6193782890171462,0.6189764616505293
908,0.9418359398841858,0.704447865486145,0.6161718964576721,1.8803917169570923,0.6196248032755951,0.6152445195677051,0.6146060438685873
909,0.9418163895606995,0.703055739402771,0.6139843463897705,1.8847622871398926,0.6160168666688777,0.6132669802634632,0.6124245206475669
910,0.940722644329071,0.7079493999481201,0.6160937547683716,1.9006999731063843,0.6193040625601783,0.6154435229361613,0.6147701497755178
911,0.9428125023841858,0.7007991671562195,0.6171875,1.8825695514678955,0.6201749064020863,0.61671196282577,0.6160787527084788
912,0.940722644329071,0.7099450826644897,0.6174218654632568,1.9004136323928833,0.6200651921450315,0.6167957702318763,0.6160470644727054
913,0.9427929520606995,0.7023212909698486,0.6175781488418579,1.8844141960144043,0.6201701057436646,0.6169083376815253,0.6159599061316516
914,0.9420507550239563,0.7049980759620667,0.6190624833106995,1.8887523412704468,0.6221752007271197,0.6182962285262479,0.6175418432380353
915,0.9403320550918579,0.7084658145904541,0.6167968511581421,1.889279842376709,0.6204579027156862,0.6163673606797495,0.6158271958403576
916,0.9413672089576721,0.7088282704353333,0.6153125166893005,1.9029839038848877,0.6183854038331377,0.6148685192088611,0.6144858876692564
917,0.9399804472923279,0.7111795544624329,0.615234375,1.9091213941574097,0.6187049860516327,0.6143617390062135,0.6138920033365861
918,0.9381054639816284,0.7131898403167725,0.6178125143051147,1.9070327281951904,0.6211754652007823,0.6174298094417368,0.6167335620805714
919,0.9385937452316284,0.7183688282966614,0.6169531345367432,1.894798994064331,0.6192372584548453,0.6157576519236596,0.6147902610904508
920,0.9417187571525574,0.7089579105377197,0.6214843988418579,1.883805513381958,0.625406668282688,0.6204858737355909,0.6199089535275146
921,0.9422851800918579,0.7065325379371643,0.6196093559265137,1.8572834730148315,0.6225059181323125,0.6191828350435467,0.6183387100563467
922,0.939453125,0.7077857255935669,0.6124218702316284,1.8860474824905396,0.6149633546651808,0.6117651619992028,0.6107996576158885
923,0.9403515458106995,0.7104547619819641,0.6160937547683716,1.8861706256866455,0.6191103115206615,0.615339167153989,0.614643088169891
924,0.9399023652076721,0.7123166918754578,0.6160937547683716,1.8838515281677246,0.6192462974000448,0.615492221517823,0.6148049326730736
925,0.9402539134025574,0.7091966867446899,0.6166406273841858,1.8656718730926514,0.620156077239935,0.6157074714555351,0.6150904856220625
926,0.9424023628234863,0.7021694183349609,0.6221093535423279,1.8773292303085327,0.6263246576645076,0.6214943607584789,0.6209380738362409
927,0.941210925579071,0.7081183791160583,0.6165624856948853,1.8912937641143799,0.6207594743499636,0.615976981433402,0.6153244182159283
928,0.9393163919448853,0.7139443755149841,0.6187499761581421,1.8808963298797607,0.6221718044615222,0.6180326764424187,0.617370289073703
929,0.9403515458106995,0.7084154486656189,0.6201562285423279,1.8755824565887451,0.6234130234923201,0.6193524225474437,0.6187100421086154
930,0.9385741949081421,0.7136808633804321,0.6170312762260437,1.8943533897399902,0.6209718399614392,0.6160498349067776,0.6155129555454404
931,0.9389062523841858,0.7113969922065735,0.620312511920929,1.8785396814346313,0.6238740745522142,0.6197932374469657,0.6190652226991482
932,0.9397070407867432,0.710407555103302,0.6207812428474426,1.8929638862609863,0.6246109163406641,0.6200344022640822,0.6194836734385953
933,0.9387109279632568,0.7126492261886597,0.6235156059265137,1.8809300661087036,0.6267187150221976,0.6231117660358017,0.6225365639459035
934,0.9422460794448853,0.7078867554664612,0.6234375238418579,1.8762567043304443,0.6263147520154808,0.6230603205643916,0.6223845209667103
935,0.9400195479393005,0.7150585651397705,0.6207031011581421,1.883034348487854,0.6230183075185706,0.6202154201682596,0.6193138199906709
936,0.9382617473602295,0.7194373607635498,0.6200781464576721,1.8762295246124268,0.6241231687758637,0.6192481216718786,0.6190135599652082
937,0.9416210651397705,0.7079240679740906,0.6233593821525574,1.8773682117462158,0.6269428842593685,0.6228314208250642,0.6222550409871477
938,0.9391992092132568,0.7124243974685669,0.6134374737739563,1.9101588726043701,0.6165881604636474,0.6127421570006624,0.6120390938494351
939,0.9420117139816284,0.7048020362854004,0.6211718916893005,1.8795182704925537,0.6250132553108625,0.6203966556371283,0.6199161475870859
940,0.9408789277076721,0.7112731337547302,0.6201562285423279,1.8911114931106567,0.6232717710329234,0.6194016237143245,0.6184429661369821
941,0.9419726729393005,0.7031806707382202,0.6187499761581421,1.8816417455673218,0.6229330166535686,0.6181883966326059,0.6175655143813072
942,0.9415820240974426,0.7049322724342346,0.6181250214576721,1.889573097229004,0.621465410382779,0.6175012978750954,0.6169690381761705
943,0.9421484470367432,0.7015883922576904,0.6195312738418579,1.8786594867706299,0.6228214121672089,0.618287383526134,0.6176260082074304
944,0.9424023628234863,0.7016745805740356,0.62109375,1.888317584991455,0.6234656669978593,0.6201551141268143,0.6191835543396473
945,0.9410351514816284,0.7058680653572083,0.6214062571525574,1.884489893913269,0.6242472896068377,0.6207470880346478,0.6197888255733486
946,0.939257800579071,0.7098800539970398,0.6142187714576721,1.916778564453125,0.6171515980123231,0.6133581952276346,0.6127092173291957
947,0.9397070407867432,0.7110157608985901,0.6178905963897705,1.9124386310577393,0.620721393882963,0.6169880514106456,0.6164034707002719
948,0.9420117139816284,0.7050628662109375,0.6241406202316284,1.8913377523422241,0.6273136596422012,0.623495310610664,0.6226888600474403
949,0.9435741901397705,0.7016726136207581,0.6228906512260437,1.8808189630508423,0.6258060456932357,0.6218960174253871,0.6213829424687409
950,0.9400781393051147,0.7116682529449463,0.6186718940734863,1.8873727321624756,0.6211691590278907,0.6179330608460405,0.6169522269428095
951,0.9404492378234863,0.7033983469009399,0.6161718964576721,1.8908982276916504,0.6190622291363693,0.6154445374586641,0.6147566894181695
952,0.9414648413658142,0.7080416679382324,0.6187499761581421,1.8961349725723267,0.6217584298286808,0.6174736223920381,0.6169303479815934
953,0.9394726753234863,0.7110574245452881,0.6172656416893005,1.889845848083496,0.6209432352800603,0.6163677589392764,0.6159052006056844
954,0.9417187571525574,0.7051856517791748,0.620312511920929,1.89505934715271,0.6240850776856344,0.619409286515628,0.6189073280877818
955,0.9417773485183716,0.7042366862297058,0.6153125166893005,1.9114335775375366,0.6189616913044587,0.6146316622611694,0.6141091090076742
956,0.9425195455551147,0.6999971270561218,0.6187499761581421,1.882773756980896,0.6214572847104854,0.618073571361738,0.61711224359621
957,0.9409570097923279,0.708448588848114,0.6170312762260437,1.8962833881378174,0.620684018118776,0.6163397232030059,0.6156742235089173
958,0.9403515458106995,0.707729697227478,0.6192968487739563,1.8993622064590454,0.6222907214405979,0.6186214928158826,0.6179675514946867
959,0.9425585865974426,0.7033693194389343,0.6207812428474426,1.8954904079437256,0.62361791712968,0.619936294251159,0.6191207521352322
960,0.9402539134025574,0.7110309600830078,0.6186718940734863,1.8988467454910278,0.6221866121804135,0.6175140859862613,0.6169006475344065
961,0.9421679973602295,0.7023870348930359,0.6220312714576721,1.8796510696411133,0.6256613506640092,0.6210574555017633,0.6206571778480812
962,0.9431836009025574,0.7011263966560364,0.6197656393051147,1.8900816440582275,0.6227912909311173,0.6190264569627942,0.6181508923628822
963,0.939453125,0.7089579105377197,0.612109363079071,1.9121041297912598,0.6151034490832401,0.611125837324929,0.6104201305564695
964,0.939648449420929,0.708097517490387,0.6126562356948853,1.9186815023422241,0.6162633425229601,0.6119385143038627,0.6112189152585522
965,0.9401757717132568,0.7128645181655884,0.6157031059265137,1.8953207731246948,0.6194702548594605,0.6150479120575048,0.6142329064990577
966,0.9403125047683716,0.7082159519195557,0.6117968559265137,1.9093759059906006,0.614645332403129,0.6111815067467201,0.6105618852735423
967,0.9424999952316284,0.7058541774749756,0.6180468797683716,1.902029275894165,0.6212719599337705,0.6174184978413282,0.6165974509995424
968,0.9390429854393005,0.713685154914856,0.6153905987739563,1.9031704664230347,0.618079869012063,0.6149949910152464,0.614260037288735
969,0.9404687285423279,0.7092798352241516,0.6228125095367432,1.8905318975448608,0.626208739315073,0.6223730823785185,0.6213637261425273
970,0.9409375190734863,0.7088920474052429,0.6192968487739563,1.8956019878387451,0.6217505680104127,0.6187523941206707,0.6179967973562599
971,0.9412695169448853,0.7091214060783386,0.6207812428474426,1.9048863649368286,0.6235530191081369,0.620127510902817,0.6194688222761724
972,0.9412890672683716,0.7024770379066467,0.615234375,1.9128227233886719,0.618480487035511,0.6149526622905088,0.6141957781289564
973,0.9413086175918579,0.7032040357589722,0.6131250262260437,1.914984941482544,0.6160904379972075,0.6127136170714577,0.612278443860448
974,0.9406640529632568,0.7053273916244507,0.6157031059265137,1.9166254997253418,0.6192580794436418,0.6154093719158484,0.6147454050220094
975,0.9405273199081421,0.7066661715507507,0.612109363079071,1.921494483947754,0.6152851465524627,0.6118021552836985,0.6110899588102063
976,0.9407031536102295,0.7095192074775696,0.6185156106948853,1.9093180894851685,0.62057498300095,0.6182065421958718,0.6172951756773931
977,0.9395312666893005,0.7130981683731079,0.6147656440734863,1.8977975845336914,0.6176489070288317,0.6141930803485709,0.6135958013025519
978,0.94287109375,0.7074857950210571,0.6167968511581421,1.907827615737915,0.6194851949330868,0.6166185276131779,0.6160629759730682
979,0.9408789277076721,0.7093167901039124,0.6149218678474426,1.9184279441833496,0.6177247618427945,0.6145122399454046,0.6139902847527112
980,0.9395898580551147,0.713229238986969,0.6182031035423279,1.908705711364746,0.6211116339086112,0.6178675802681184,0.6172853042966091
981,0.9405468702316284,0.7087761163711548,0.6202343702316284,1.9033950567245483,0.6232882260347631,0.6197322556919919,0.6191122286608142
982,0.9386327862739563,0.7128443121910095,0.6214062571525574,1.895775556564331,0.6245598300099509,0.6209617163426926,0.6198463784539708
983,0.9420117139816284,0.7052516341209412,0.6234375238418579,1.896073341369629,0.6265518439817334,0.6229126581376858,0.6221650391925415
984,0.9388281106948853,0.7117140293121338,0.616406261920929,1.919937252998352,0.6196372495955654,0.6159354474015987,0.6153924003477851
985,0.9413281083106995,0.7102197408676147,0.6163281202316284,1.8998308181762695,0.6190896508533278,0.6157527695930117,0.6149480971895608
986,0.9411718845367432,0.7093878984451294,0.6178905963897705,1.8952785730361938,0.6207759511407586,0.6171930902261997,0.616503327423582
987,0.9417383074760437,0.7032361030578613,0.6163281202316284,1.8936071395874023,0.6199784812681737,0.615566105129718,0.615288174661166
988,0.9408593773841858,0.7097702026367188,0.6193749904632568,1.9032721519470215,0.6225673631216377,0.6185215385982541,0.6178092827569203
989,0.9419921636581421,0.7062374949455261,0.6156250238418579,1.9205842018127441,0.6198445040154676,0.6145885568443841,0.6141770245000606
990,0.9413086175918579,0.702913224697113,0.618359386920929,1.8933185338974,0.6213364082882782,0.6179222748554255,0.6172314203761404
991,0.9423828125,0.7015069723129272,0.6227343678474426,1.8955047130584717,0.6258694259900401,0.6220314472175642,0.621352393508205
992,0.9404296875,0.7095575928688049,0.6119531393051147,1.919731616973877,0.6149536600782999,0.611280348963976,0.610285418028754
993,0.9408203363418579,0.707904577255249,0.6169531345367432,1.9160162210464478,0.6204796615205298,0.6166091027334655,0.6154929384166189
994,0.9415429830551147,0.7067306637763977,0.6228906512260437,1.8958743810653687,0.6265698802431057,0.6224368796470343,0.6215422387669907
995,0.9407617449760437,0.706551194190979,0.6146093606948853,1.9133148193359375,0.6180580520543315,0.6138103968443913,0.61287158322716
996,0.9424804449081421,0.7007770538330078,0.6187499761581421,1.8971738815307617,0.6224676813315188,0.618242833419616,0.6178849281852319
997,0.9408789277076721,0.7062214016914368,0.6154687404632568,1.913667917251587,0.619241190363672,0.6147773378191765,0.6143443286642863
998,0.9435155987739563,0.7022843360900879,0.6125781536102295,1.9108574390411377,0.61567960649511,0.6116432569579175,0.6111808113866575
999,0.9404687285423279,0.7067279815673828,0.6216406226158142,1.901391863822937,0.6258757556381744,0.6209099915367631,0.6207991141671225
