epoch,accuracy,loss,val_accuracy,val_loss,val_precision,val_recall,val_f1
0,0.004199218936264515,11.148089408874512,0.004062499850988388,10.616436004638672,0.0038447820966352564,0.004039643536319898,0.003376439745538195
1,0.005292968824505806,10.745379447937012,0.004062499850988388,10.364603042602539,0.0036989605046129355,0.004005891845644184,0.0036942207022779847
2,0.007128906436264515,10.421730041503906,0.004062499850988388,10.156976699829102,0.0037446615145331937,0.003960694908005439,0.00371042378304998
3,0.009433593600988388,10.123759269714355,0.004921874962747097,9.959327697753906,0.004276274929314543,0.004768957344671258,0.004290745175361528
4,0.012031249701976776,9.853217124938965,0.004609374795109034,9.770432472229004,0.004139941118102144,0.004499436976389966,0.0041362730792720345
5,0.015410155989229679,9.58314037322998,0.004921874962747097,9.587479591369629,0.004715964633593894,0.004819518277954947,0.004430482817969308
6,0.01767578162252903,9.33519458770752,0.004765625111758709,9.418898582458496,0.0043671892892754955,0.004641132307096051,0.004308583435823943
7,0.02128906175494194,9.098214149475098,0.004921874962747097,9.254578590393066,0.004337531405891111,0.00480917596812947,0.004458100771631231
8,0.025937499478459358,8.86604118347168,0.005703125149011612,9.096988677978516,0.00488312709052499,0.005534283007575253,0.0050044377926633495
9,0.02851562574505806,8.656314849853516,0.005078124813735485,8.95190143585205,0.004499384000547671,0.004902436658904626,0.004504323573146322
10,0.0322265625,8.456716537475586,0.005546874832361937,8.812690734863281,0.005249261543463157,0.005424949151744383,0.00514107423389565
11,0.03556640446186066,8.261202812194824,0.004999999888241291,8.678715705871582,0.004493690695642221,0.004869396843641795,0.0045540610025781875
12,0.04433593899011612,8.070910453796387,0.005546874832361937,8.549639701843262,0.0054318701035649545,0.005526855089492262,0.0052457697318989815
13,0.049980469048023224,7.896127223968506,0.005703125149011612,8.426727294921875,0.005117467194042487,0.005571939568453014,0.005201773116457078
14,0.05406250059604645,7.7207536697387695,0.0074218749068677425,8.309142112731934,0.007422534185929345,0.007304713893455803,0.007071072044506434
15,0.06128906086087227,7.5629119873046875,0.007499999832361937,8.196192741394043,0.007611927594408058,0.007333042047977609,0.006995995292984541
16,0.06775390356779099,7.3997273445129395,0.007734375074505806,8.085674285888672,0.006871820357937377,0.007444728783692535,0.006886758627225707
17,0.07556640356779099,7.240118980407715,0.008906249888241291,7.976043224334717,0.008292540964656625,0.008588215004222289,0.008004168298317373
18,0.08476562798023224,7.088208198547363,0.008515625260770321,7.869699001312256,0.007684153839056022,0.008290186528308995,0.007701004226675592
19,0.09099609404802322,6.950438022613525,0.00937500037252903,7.76962423324585,0.008688357311217832,0.00914294049679695,0.008634142683898019
20,0.10164062678813934,6.792323112487793,0.009453125298023224,7.6718549728393555,0.00915756308406377,0.009230732993377812,0.008867638097195731
21,0.11103515326976776,6.646768093109131,0.010078124701976776,7.572588920593262,0.010256518817926556,0.009903090798862276,0.0096442671905854
22,0.11966796964406967,6.5110697746276855,0.011796874925494194,7.472233772277832,0.0111761597126051,0.01153627188870595,0.010953930364867609
23,0.13068360090255737,6.366360664367676,0.011406250298023224,7.3776044845581055,0.010804009373307631,0.011164286510156083,0.010601526836249762
24,0.14244140684604645,6.226645469665527,0.012890624813735485,7.283211708068848,0.012807661992437117,0.012585327926928548,0.012206771105863646
25,0.15042968094348907,6.097451686859131,0.013984374701976776,7.194915771484375,0.013728816436731732,0.013742898809994063,0.013145385246367328
26,0.16396483778953552,5.960198402404785,0.013515625149011612,7.109821796417236,0.012935087512624323,0.013365476234466468,0.012709042838508815
27,0.17183594405651093,5.847259521484375,0.016718750819563866,7.024754047393799,0.0156070455007425,0.016336161804400354,0.015448714067842683
28,0.18210937082767487,5.71976375579834,0.017343750223517418,6.943117618560791,0.017082916674583358,0.01704337356961584,0.01655670398463687
29,0.19591796398162842,5.591840744018555,0.019218750298023224,6.864180088043213,0.018907357833391487,0.018921525980333413,0.018363370395956306
30,0.20693358778953552,5.474135875701904,0.018906250596046448,6.791512966156006,0.017937439907234086,0.018591246291938777,0.017813332345218424
31,0.2151757776737213,5.359807968139648,0.020390624180436134,6.722250938415527,0.019496364491060913,0.020071018377673264,0.019290299056057156
32,0.22900390625,5.245805740356445,0.02109375037252903,6.654584884643555,0.021377945116651958,0.020839472893072575,0.020518923622714576
33,0.23835937678813934,5.135766506195068,0.022578125819563866,6.591639518737793,0.022510481774420166,0.02226120773186452,0.021782701301799826
34,0.24982422590255737,5.038858890533447,0.024921875447034836,6.525312423706055,0.02467138122660642,0.024586113725165733,0.023939890122580333
35,0.26224610209465027,4.927907466888428,0.024531250819563866,6.469538688659668,0.024143665709807517,0.02418022409045344,0.023599205287436267
36,0.2745312452316284,4.828878402709961,0.02773437462747097,6.412050724029541,0.02762376521378484,0.02748948079414046,0.026993608148074562
37,0.28789061307907104,4.726157188415527,0.027890624478459358,6.35987663269043,0.02785935340617995,0.027598153712443438,0.02717195471380971
38,0.2962695360183716,4.625314235687256,0.029609374701976776,6.310527324676514,0.029102969099704695,0.02935506609225717,0.028729281348898263
39,0.3130468726158142,4.5286545753479,0.03179687634110451,6.24941873550415,0.031192849978705795,0.03139514627545868,0.030672706598081217
40,0.31937500834465027,4.442811965942383,0.03226562589406967,6.206769943237305,0.0314672993735535,0.03177719497641214,0.030996452881852626
41,0.3312304615974426,4.347829818725586,0.032499998807907104,6.163482189178467,0.0321500636651921,0.03216514594165615,0.03153916865403325
42,0.3421874940395355,4.269597053527832,0.03492187336087227,6.117849826812744,0.03421003097260865,0.03456498297213198,0.03389966754863196
43,0.3533007800579071,4.1809773445129395,0.03632812574505806,6.073666572570801,0.03540023976667169,0.0359140415557016,0.035112607309725576
44,0.36494141817092896,4.100754261016846,0.037812501192092896,6.038525581359863,0.036875200939046615,0.03745640079192025,0.03652683819397924
45,0.3780859410762787,4.019373893737793,0.03945312649011612,5.99909782409668,0.03800094525121056,0.039032235174348354,0.037892561379670765
46,0.38550782203674316,3.9375109672546387,0.04242187365889549,5.9618306159973145,0.041771762563193184,0.04203229667760652,0.041254043643841574
47,0.39916014671325684,3.857264518737793,0.040546875447034836,5.92723274230957,0.03976372390548341,0.040174409358113464,0.03936141878093883
48,0.40648436546325684,3.7809152603149414,0.04359374940395355,5.893896102905273,0.042775385187653316,0.04325971639802477,0.04249273749827458
49,0.4212695360183716,3.708758592605591,0.04390624910593033,5.8612060546875,0.04380737163819112,0.043545622742521335,0.043002787863639466
50,0.4283984303474426,3.6453981399536133,0.04453124850988388,5.839194297790527,0.04387234675647088,0.04406610665370514,0.0434023848879008
51,0.43876951932907104,3.571096420288086,0.04789062589406967,5.80020809173584,0.04758942156536486,0.04746164497236629,0.04695257692458453
52,0.4500781297683716,3.50970458984375,0.04554687440395355,5.7710957527160645,0.04528229770898201,0.045198276066077986,0.04472870628217218
53,0.4577929675579071,3.4447875022888184,0.04742187634110451,5.748166561126709,0.046410879769697336,0.0469814410254921,0.04617155880518613
54,0.46826171875,3.384141206741333,0.04890625178813934,5.7275190353393555,0.04827754053479101,0.04836245938341452,0.04772274645214659
55,0.47902342677116394,3.320094585418701,0.05093749985098839,5.696112632751465,0.05078852807272777,0.050465301951829904,0.049965745466006725
56,0.4860546886920929,3.2625439167022705,0.05015625059604645,5.676910400390625,0.04995524971245159,0.04987863987790518,0.049326093251347757
57,0.4958789050579071,3.209683895111084,0.05249999836087227,5.65994119644165,0.051858010861527984,0.05209202320890072,0.051393231136527814
58,0.5041797161102295,3.1525344848632812,0.052421875298023224,5.627227306365967,0.0510603860569252,0.0520584952157219,0.051017788671603635
59,0.5147460699081421,3.0999250411987305,0.05406250059604645,5.6117634773254395,0.05386350905803415,0.05368793133244676,0.05323057623038022
60,0.5211132764816284,3.049208641052246,0.05453125014901161,5.5908660888671875,0.05425492692794273,0.0541387179105934,0.05364299744678206
61,0.5263476371765137,3.006089687347412,0.055781248956918716,5.575537204742432,0.054823753121488905,0.05539056223840593,0.05457555221829957
62,0.53955078125,2.945621967315674,0.056953124701976776,5.550136089324951,0.057095648206106575,0.05662799521024589,0.056282810638724486
63,0.544628918170929,2.9023001194000244,0.058281250298023224,5.5318684577941895,0.058070173936656304,0.05788305923001863,0.05736754834723877
64,0.5529882907867432,2.8515737056732178,0.059453126043081284,5.514400482177734,0.059668790878834324,0.059047841634813254,0.058647880313839135
65,0.5617382526397705,2.8056604862213135,0.059296876192092896,5.493687152862549,0.05913257978506074,0.059086575633616675,0.05848597785646016
66,0.5711328387260437,2.761878728866577,0.06257812678813934,5.485067367553711,0.06239656103563032,0.062313852017782535,0.06177986250138938
67,0.5759961009025574,2.720991611480713,0.0632031261920929,5.462480545043945,0.06186436545482116,0.06260260521237763,0.06172341354452031
68,0.5828320384025574,2.6818478107452393,0.0637499988079071,5.453650951385498,0.0635302005340104,0.06348920256355652,0.06289215961118963
69,0.59326171875,2.636122703552246,0.06484375149011612,5.434624671936035,0.06432878149333429,0.06452066002807391,0.06378310673852564
70,0.600781261920929,2.600116491317749,0.0657031238079071,5.417402744293213,0.06538097802346972,0.06528118607310314,0.0647626486670827
71,0.6054491996765137,2.558574914932251,0.06875000149011612,5.405734062194824,0.06856791906381474,0.06845202179366855,0.06784098959844664
72,0.6135156154632568,2.5265252590179443,0.06664062291383743,5.3938984870910645,0.06653072919237496,0.06623382508424705,0.06578311392369474
73,0.614453136920929,2.504509449005127,0.07140625268220901,5.376430511474609,0.07047341605814653,0.07109536109113475,0.07010667987835302
74,0.6250781416893005,2.450796604156494,0.07007812708616257,5.358911037445068,0.07074727245471683,0.06988861860124237,0.06969221217177717
75,0.6299218535423279,2.423649549484253,0.06984374672174454,5.349433422088623,0.06969146494757439,0.06956611017342329,0.06888265473387742
76,0.6338672041893005,2.3977277278900146,0.07453124970197678,5.330483436584473,0.07411790455773891,0.07420191373853088,0.07351217709883602
77,0.6417382955551147,2.3584084510803223,0.0729687511920929,5.324009418487549,0.07305049225979317,0.07248143271546839,0.07200138350644615
78,0.6462304592132568,2.3292107582092285,0.07218749821186066,5.306514739990234,0.07144625211732399,0.07174539972668457,0.07098657730159338
79,0.6481249928474426,2.3191916942596436,0.07218749821186066,5.300536632537842,0.07127223268261292,0.07175291522433487,0.07089294910994397
80,0.6559374928474426,2.2823874950408936,0.07367187738418579,5.285618782043457,0.07277641068218113,0.07312829455907707,0.07236370950609641
81,0.662109375,2.2507071495056152,0.07726562768220901,5.2812652587890625,0.07755183076023406,0.07691248477399204,0.07646506655599461
82,0.6719140410423279,2.208163261413574,0.07859375327825546,5.263698101043701,0.07813312670413865,0.07824984862758637,0.07746633331145246
83,0.6695703268051147,2.199821949005127,0.07570312172174454,5.253627777099609,0.07461688604451111,0.07518887708789226,0.0742190772135119
84,0.6772851347923279,2.1658120155334473,0.08085937798023224,5.229969024658203,0.0811470161474643,0.080622322663019,0.08008783023106553
85,0.6773046851158142,2.153672695159912,0.08070312440395355,5.230319976806641,0.08098870296073139,0.08048982619745762,0.07996341806076807
86,0.6828320026397705,2.130092144012451,0.08140625059604645,5.206655979156494,0.08092005645153591,0.0809218781453328,0.08013298682769648
87,0.6916601657867432,2.0972299575805664,0.08281250298023224,5.198959827423096,0.08261336703394143,0.08242496112747127,0.0818737293788457
88,0.6944531202316284,2.0793251991271973,0.08109375089406967,5.1938629150390625,0.08191745925730629,0.0808217294927436,0.0804991102154975
89,0.6994335651397705,2.050044298171997,0.0827343761920929,5.173956394195557,0.08264801113251341,0.08232833642230658,0.08155490426195781
90,0.7006640434265137,2.0343074798583984,0.08796875178813934,5.1700897216796875,0.08754775496017579,0.08786677908382,0.08675697715864647
91,0.7066406011581421,2.010368585586548,0.08367187529802322,5.160877704620361,0.08370711448478413,0.08339214392173003,0.08265755431243746
92,0.7116601467132568,1.9852523803710938,0.08507812768220901,5.155917167663574,0.08454169918549359,0.08455337111022693,0.083719462045383
93,0.7149999737739563,1.9712756872177124,0.0852343738079071,5.1449737548828125,0.08498633987029984,0.08477091060384595,0.08404404492126433
94,0.7144531011581421,1.9611713886260986,0.08820312470197678,5.145214080810547,0.08801975138586329,0.08778905318987784,0.0871166540482749
95,0.7197656035423279,1.9455969333648682,0.09242187440395355,5.136013031005859,0.09265186696332077,0.09202302612199759,0.09136266175704053
96,0.7219336032867432,1.923855185508728,0.09078124910593033,5.136654853820801,0.09014015248355178,0.09031638396730192,0.08924088513461101
97,0.7264648675918579,1.9099721908569336,0.08984375,5.125146389007568,0.09039890362962641,0.08938337387015181,0.08896336054513793
98,0.7260937690734863,1.8927589654922485,0.09257812798023224,5.11103630065918,0.09303173477588408,0.09221686971229451,0.09182355679460258
99,0.7336523532867432,1.8706307411193848,0.09218750149011612,5.095201015472412,0.09238036717490691,0.09183809421749825,0.09133914809118285
100,0.7358008027076721,1.8584109544754028,0.09265624731779099,5.0918049812316895,0.09258133464187925,0.09223904735334534,0.09144080048251582
101,0.7400195598602295,1.8375314474105835,0.09523437172174454,5.079860687255859,0.09525538692352693,0.09494809718784579,0.09424188075529699
102,0.7403515577316284,1.830689549446106,0.09367187321186066,5.079656600952148,0.09427514790687722,0.09351526840656105,0.09299474410983917
103,0.7459375262260437,1.8071355819702148,0.09468749910593033,5.055231094360352,0.09414860942187375,0.09428443772482531,0.09329083491117217
104,0.7490624785423279,1.787217378616333,0.0964062511920929,5.069296360015869,0.0958178318521269,0.09599283168718183,0.0948585497860613
105,0.7476562261581421,1.7846155166625977,0.1003125011920929,5.044556140899658,0.10033825140851738,0.09999803867080792,0.09915973926266304
106,0.7512890696525574,1.7724124193191528,0.1022656261920929,5.033088684082031,0.10308031513828081,0.10178183138065264,0.10151049695879633
107,0.7492773532867432,1.7683483362197876,0.10296875238418579,5.0245256423950195,0.10420327162882193,0.10272894174970736,0.10243490567620653
108,0.7562500238418579,1.7424976825714111,0.0983593761920929,5.032197952270508,0.09837082269938535,0.0979578694872212,0.09707970990094858
109,0.7582812309265137,1.7365062236785889,0.09796874970197678,5.032835006713867,0.09841849411622935,0.09752907645826704,0.09698668678256162
110,0.7608007788658142,1.7213640213012695,0.10117187350988388,5.018178939819336,0.10155279897248905,0.10068587810836427,0.10001806357740765
111,0.7608203291893005,1.715926170349121,0.09867187589406967,5.009296894073486,0.09858089241151587,0.09832083551175244,0.09755265924374079
112,0.7631445527076721,1.7032256126403809,0.0983593761920929,4.9985527992248535,0.09900226350285832,0.0979289027761167,0.09753753588787933
113,0.7693945169448853,1.682494044303894,0.10140624642372131,5.011124134063721,0.1008857367787648,0.10110601457450087,0.09993821121509758
114,0.7710742354393005,1.674468994140625,0.10414062440395355,4.994187831878662,0.10448692800607756,0.103705036833849,0.10322920781782419
115,0.7731054425239563,1.6604477167129517,0.10625000298023224,4.992971420288086,0.10673742730633452,0.10580407627567408,0.10516451936713866
116,0.7758398652076721,1.6459349393844604,0.10453125089406967,4.9748921394348145,0.10515609667282591,0.10439147643695018,0.1038337441389464
117,0.7741405963897705,1.6454477310180664,0.10773437470197678,4.965481758117676,0.10823598118626271,0.10757650280257107,0.10701255606285998
118,0.7773827910423279,1.633460521697998,0.10656250268220901,4.954772472381592,0.10660843507689226,0.10607330332410542,0.10543153722370238
119,0.7749218940734863,1.6358723640441895,0.10664062201976776,4.959684371948242,0.10682068915722723,0.10629205464548586,0.1055388474140485
120,0.7771093845367432,1.6289118528366089,0.10625000298023224,4.945659637451172,0.1067376176424365,0.10597956638025338,0.10531306661246781
121,0.7808398604393005,1.6096768379211426,0.10367187857627869,4.940548419952393,0.10392432470291528,0.103211313342779,0.10258973057779645
122,0.7848827838897705,1.5964549779891968,0.11070312559604645,4.92944860458374,0.11141119039709138,0.11017120344938605,0.10963134819682191
123,0.7891992330551147,1.578018069267273,0.1106249988079071,4.930498123168945,0.10977173732650627,0.11044127740707038,0.10916675909797885
124,0.7908984422683716,1.567908525466919,0.10804687440395355,4.9353251457214355,0.10880737912174054,0.10785173212433288,0.10718738383729942
125,0.7844531536102295,1.5874444246292114,0.10679687559604645,4.928701877593994,0.10699100219750958,0.10619658950218627,0.10536703828494146
126,0.7911913990974426,1.5613534450531006,0.10945312678813934,4.926284313201904,0.10940899016322385,0.1088743016809679,0.10806206719704756
127,0.78955078125,1.5623104572296143,0.11046875268220901,4.925117015838623,0.10997003751915041,0.1099421651006908,0.1089612231497453
128,0.794238269329071,1.5452152490615845,0.11101562529802322,4.916996955871582,0.11055454720361058,0.11046035411049152,0.10933597857307575
129,0.7955468893051147,1.5352200269699097,0.11328125,4.907115459442139,0.11331837075157525,0.1128850831031931,0.11205500524281235
130,0.7971093654632568,1.5238839387893677,0.11265625059604645,4.885375022888184,0.11312639219361265,0.1122027814112309,0.11162579112645814
131,0.7981836199760437,1.5220228433609009,0.11492187529802322,4.904735088348389,0.11471240126927859,0.11450087525724473,0.1135713458811328
132,0.8008984327316284,1.5133863687515259,0.11796875298023224,4.886096000671387,0.11812393485716077,0.1174846071779079,0.11674074505587148
133,0.800488293170929,1.5095086097717285,0.115234375,4.895174980163574,0.11543467452542747,0.11473235292075021,0.11395676014342596
134,0.8001171946525574,1.5074801445007324,0.11812499910593033,4.8598127365112305,0.11785660410136788,0.11749772275872575,0.11648528216576594
135,0.8037890791893005,1.4958652257919312,0.11609374731779099,4.877071380615234,0.11732056018516247,0.11578393673203122,0.11548925795186825
136,0.8036133050918579,1.4892593622207642,0.11921875178813934,4.866032123565674,0.11975620568517473,0.1189618485655669,0.1181707935279531
137,0.8077539205551147,1.476120948791504,0.11835937201976776,4.854421615600586,0.11722625335389764,0.11812497277023593,0.11664877141234255
138,0.8069140911102295,1.4736545085906982,0.11765625327825546,4.853158473968506,0.11734279197803318,0.11709618875954714,0.11621705930236173
139,0.8122265338897705,1.4616305828094482,0.1159375011920929,4.85776948928833,0.11581681715746427,0.11549230593443324,0.1145824480046105
140,0.8075000047683716,1.463535189628601,0.12140624970197678,4.8560404777526855,0.12178361766772816,0.1209426138567028,0.12023717822656102
141,0.8086718916893005,1.4540005922317505,0.12101562321186066,4.848809719085693,0.12045414257224084,0.12062105747286334,0.11956416168362588
142,0.8122656345367432,1.446183681488037,0.12148437649011612,4.829724311828613,0.1218608466091117,0.12129892360799874,0.12058624772456683
143,0.8147265911102295,1.4418742656707764,0.12109375,4.839704513549805,0.12194985395891816,0.12078724213151004,0.12024234956268884
144,0.8098242282867432,1.450147271156311,0.12007812410593033,4.849404811859131,0.12047650359481882,0.11968672353755205,0.1188676642877603
145,0.8162500262260437,1.4320826530456543,0.123046875,4.829748630523682,0.12392681638789263,0.1226595592628259,0.12198567956340209
146,0.8150585889816284,1.4275773763656616,0.1257031261920929,4.831727504730225,0.12611012783899497,0.12527869602532588,0.12449435156677856
147,0.8169726729393005,1.4214987754821777,0.12398437410593033,4.830996990203857,0.1240106958169688,0.12367816403150098,0.12269340765202179
148,0.8161523342132568,1.416580319404602,0.125,4.818113327026367,0.1264237286527738,0.12475880493990466,0.12436962196523221
149,0.8174609541893005,1.4126434326171875,0.12992186844348907,4.811425685882568,0.13033496647343787,0.129430031264545,0.1287056098627638
150,0.8154101371765137,1.4163440465927124,0.12773437798023224,4.810756683349609,0.1294161466487798,0.12742577854921788,0.12714752890197187
151,0.8193749785423279,1.4085147380828857,0.12843750417232513,4.812392234802246,0.12944576608849434,0.12798697750525656,0.12749138803803411
152,0.8239452838897705,1.3899341821670532,0.12898437678813934,4.800683975219727,0.12969604412075048,0.12863061788119004,0.12803739376740408
153,0.8221679925918579,1.3958669900894165,0.13171875476837158,4.765409469604492,0.13268908576838284,0.13140594418597018,0.13088533701179217
154,0.8246288895606995,1.3820996284484863,0.13179688155651093,4.77420711517334,0.13238056133938442,0.13129419477903995,0.13065799305999393
155,0.8254296779632568,1.3800232410430908,0.12851563096046448,4.775363922119141,0.12891402259720514,0.12780227153504436,0.12708428923894816
156,0.8234961032867432,1.3835721015930176,0.12882812321186066,4.783390522003174,0.12856466533513913,0.1285180076826046,0.1272988962419836
157,0.82421875,1.376063346862793,0.12976562976837158,4.8077592849731445,0.13082564652399725,0.12969181280698133,0.12910279610130748
158,0.8234179615974426,1.378458857536316,0.13179688155651093,4.783936023712158,0.13177352717366542,0.13117921006039204,0.13026024645943307
159,0.826464831829071,1.3668478727340698,0.13039062917232513,4.786747455596924,0.13014787370513495,0.13008150794322282,0.12881169531029343
160,0.8277929425239563,1.3634785413742065,0.1315625011920929,4.771146774291992,0.13133321569148804,0.13089654615529656,0.12987746924644145
161,0.8274999856948853,1.3601765632629395,0.12757812440395355,4.766230583190918,0.12699702538926874,0.12718080823274341,0.12589983867818916
162,0.8298633098602295,1.351626992225647,0.13187499344348907,4.7662034034729,0.1323333986997664,0.13160793945835736,0.13065560744237753
163,0.828808605670929,1.3500103950500488,0.13249999284744263,4.749756813049316,0.13267984566737734,0.13203864777380686,0.13111958741175433
164,0.8317187428474426,1.3458198308944702,0.1349218785762787,4.7515339851379395,0.13594947433669907,0.13473109602630162,0.13404779232599584
165,0.8296288847923279,1.3436470031738281,0.13249999284744263,4.7591776847839355,0.13302070963646923,0.13196084620385967,0.13121631327790628
166,0.8316015601158142,1.341062068939209,0.1326562464237213,4.737216472625732,0.1339036694590679,0.13244763852001665,0.13196394160577568
167,0.8324804902076721,1.3370192050933838,0.13343749940395355,4.736204147338867,0.1337063851190162,0.13283350081769424,0.13216490267130437
168,0.8349804878234863,1.325245976448059,0.13945312798023224,4.72974967956543,0.14014351517715054,0.13907976642943692,0.13819049849491033
169,0.8336718678474426,1.326420783996582,0.1379687488079071,4.729374885559082,0.1390446674610999,0.13753934044878438,0.13711145312237005
170,0.834179699420929,1.322496771812439,0.13781249523162842,4.732565879821777,0.13880322193851213,0.13700778614500847,0.1364306984158018
171,0.8342968821525574,1.3208497762680054,0.1385156214237213,4.736380100250244,0.13931480753263625,0.13801855054219617,0.13739406414870634
172,0.8363281488418579,1.3172112703323364,0.1400781273841858,4.715944290161133,0.1407064476439676,0.13969116771078582,0.13894630373665035
173,0.8356249928474426,1.3134454488754272,0.13789062201976776,4.718206405639648,0.13806923635689594,0.13771395519676374,0.1365820983169217
174,0.8375390768051147,1.3053611516952515,0.14171874523162842,4.7071213722229,0.14304426490612812,0.14149645190428126,0.14083694997898824
175,0.8373047113418579,1.3083120584487915,0.13953125476837158,4.712855339050293,0.1396896261198041,0.1388496271709863,0.1379108907426247
176,0.8408203125,1.2986013889312744,0.138671875,4.711102485656738,0.13874425884185726,0.13799772754439812,0.13709830744629192
177,0.8427734375,1.2902092933654785,0.1418749988079071,4.705498695373535,0.14243675986026955,0.14151661648092428,0.14042452283932844
178,0.8376367092132568,1.2966793775558472,0.13976562023162842,4.699282646179199,0.14070593365098716,0.13925625451986592,0.1385439883651684
179,0.8437109589576721,1.283247947692871,0.13804687559604645,4.7079596519470215,0.1378811703060354,0.13751998522854614,0.13644887097328426
180,0.840136706829071,1.2897487878799438,0.1385156214237213,4.7032647132873535,0.13928122503435392,0.13819337713185686,0.13724566966796972
181,0.8429101705551147,1.2827649116516113,0.1393750011920929,4.709704399108887,0.13981833737646976,0.13890441730185882,0.13792036021237444
182,0.8409570455551147,1.2869082689285278,0.140625,4.7058634757995605,0.1415779771498923,0.14013975155955655,0.13897576545236304
183,0.8434374928474426,1.274046778678894,0.14179687201976776,4.699942111968994,0.1420214479261189,0.14133308091837232,0.14049844606526535
184,0.8451562523841858,1.2719402313232422,0.14000000059604645,4.700862884521484,0.14058240190780874,0.13945407031214793,0.13861022937202663
185,0.8436718583106995,1.2816129922866821,0.1404687464237213,4.703778266906738,0.1410668418184302,0.14006191892300413,0.13915697325206805
186,0.8425976634025574,1.279619812965393,0.1420312523841858,4.697288513183594,0.14228850082780453,0.14138418802254055,0.14042627079969278
187,0.8434374928474426,1.2680436372756958,0.1446875035762787,4.683950901031494,0.14487412910396835,0.14408084402235,0.1430585692977342
188,0.8444530963897705,1.268404483795166,0.1420312523841858,4.682458877563477,0.14111729232579762,0.14156285633972587,0.139945523890824
189,0.8489453196525574,1.259839653968811,0.14960937201976776,4.654026031494141,0.1494271429028469,0.14890299818870906,0.14759505797978012
190,0.8454296588897705,1.2627536058425903,0.14695312082767487,4.674415588378906,0.14660009530410117,0.14656785975716627,0.14522383609969833
191,0.8485351800918579,1.2543835639953613,0.14460937678813934,4.6802849769592285,0.14450006658655262,0.14418221014454718,0.14301449885133166
192,0.8482031226158142,1.2563467025756836,0.1491406261920929,4.658878326416016,0.14885978009449874,0.1486128204935248,0.1473023164771688
193,0.8474023342132568,1.2525852918624878,0.1438281238079071,4.669022560119629,0.1438268081859986,0.1433206061271695,0.1422473440408426
194,0.8495117425918579,1.2497426271438599,0.14570312201976776,4.676792144775391,0.14528916023709465,0.14507375252779228,0.1437094855843154
195,0.8531445264816284,1.2344374656677246,0.14499999582767487,4.685660362243652,0.14509695632723207,0.14458085944928983,0.14342172348873944
196,0.8505468964576721,1.2434086799621582,0.14882811903953552,4.663661003112793,0.14869228548311925,0.14818008853971987,0.14709633457051735
197,0.8509570360183716,1.2399890422821045,0.14226561784744263,4.670552730560303,0.1430506596770139,0.14159658487063728,0.14104479552098861
198,0.8490820527076721,1.2419112920761108,0.14765624701976776,4.670314788818359,0.14746405992287953,0.14687152603630743,0.14552255717999663
199,0.8514648675918579,1.2412809133529663,0.14687499403953552,4.660687446594238,0.14709827561312855,0.14640020710132706,0.14506304250267443
200,0.8509960770606995,1.2364232540130615,0.14476563036441803,4.658407688140869,0.14466140245776576,0.14429094921680252,0.1430449208316122
201,0.8546093702316284,1.2258378267288208,0.14695312082767487,4.663981914520264,0.14689700227933325,0.1468043780437997,0.14557239513133768
202,0.854785144329071,1.2321511507034302,0.14585937559604645,4.668039798736572,0.14734950213678638,0.1457599737460648,0.1450480420725217
203,0.8529492020606995,1.2240697145462036,0.14562499523162842,4.656165599822998,0.14635936335923855,0.14532565751181092,0.14435027781628854
204,0.856152355670929,1.2193810939788818,0.15117187798023224,4.651922702789307,0.15227774103391567,0.15066908243102825,0.1498633162534292
205,0.8504687547683716,1.2306411266326904,0.14601562917232513,4.653364181518555,0.1473134721341713,0.1458975359421305,0.14529946108172642
206,0.8548828363418579,1.220046043395996,0.14796875417232513,4.669966220855713,0.14858482500334053,0.14754071106315697,0.14678220936200476
207,0.8544726371765137,1.2183016538619995,0.1498437523841858,4.647822380065918,0.14986133797381548,0.1495219878344709,0.1483277237188318
208,0.8563085794448853,1.2155396938323975,0.15421874821186066,4.631584644317627,0.15480257015020824,0.15380059381654299,0.15294963678803047
209,0.8535351753234863,1.2162669897079468,0.15273436903953552,4.637908935546875,0.15348420854380473,0.15237237337477472,0.15141319317226443
210,0.8556054830551147,1.2103123664855957,0.15468749403953552,4.636042594909668,0.15465498173912895,0.15436636041288523,0.15330548868318544
211,0.8579687476158142,1.2060390710830688,0.1496874988079071,4.6434221267700195,0.1502244442989164,0.14914425725301428,0.14817132966467061
212,0.8553711175918579,1.2150713205337524,0.15320312976837158,4.6472086906433105,0.15421664513045008,0.15259368869097942,0.15194972983358684
213,0.8569140434265137,1.2005419731140137,0.15265625715255737,4.644054412841797,0.1528292468245347,0.15210072626260682,0.1513184352137037
214,0.8564843535423279,1.2082035541534424,0.1548437476158142,4.6492600440979,0.15544472721086372,0.15417467851434316,0.1533429926976458
215,0.8582422137260437,1.201840877532959,0.15671874582767487,4.630068778991699,0.15679318367719175,0.1562000563304251,0.15502716327286953
216,0.8566015362739563,1.1982288360595703,0.15343749523162842,4.626159191131592,0.15401002490199914,0.1529758515859097,0.15211943351188673
217,0.8575390577316284,1.202737808227539,0.15367187559604645,4.627169609069824,0.15338933053816944,0.1530961438269001,0.1517910841635489
218,0.863574206829071,1.186537265777588,0.15710937976837158,4.61918306350708,0.1578957550853457,0.15645592280763304,0.15574146506193523
219,0.857617199420929,1.2033592462539673,0.1541406214237213,4.631772041320801,0.1549613272981409,0.15339341274141216,0.15268811890383438
220,0.8586328029632568,1.196645736694336,0.1580468714237213,4.627725601196289,0.15784876297452238,0.1573766587335511,0.15628945892380036
221,0.8591015338897705,1.1913529634475708,0.15687499940395355,4.615159511566162,0.1578972788167029,0.15637160416774698,0.1555642388464493
222,0.8597656488418579,1.191175103187561,0.15648438036441803,4.633062362670898,0.15611995984094862,0.15589869109819063,0.1546023281613178
223,0.8603906035423279,1.1878409385681152,0.15796874463558197,4.611207962036133,0.15830373006406934,0.15740396342512056,0.15640808434553802
224,0.8615429401397705,1.1796557903289795,0.15781250596046448,4.6139631271362305,0.15876273609914765,0.15735471940496676,0.15665194096211912
225,0.8605859279632568,1.186371088027954,0.1587499976158142,4.608875274658203,0.15968299303399766,0.1580962103614204,0.15747232793483726
226,0.864941418170929,1.1742759943008423,0.1596093773841858,4.5933661460876465,0.1601028448105788,0.15920430657120466,0.15837399534000718
227,0.8617382645606995,1.184597134590149,0.15664061903953552,4.618021011352539,0.15677638209073336,0.15606477030919805,0.15475948364635306
228,0.8608984351158142,1.1866083145141602,0.1580468714237213,4.618985176086426,0.15787516848502323,0.1576805649156745,0.1564377093504379
229,0.8603125214576721,1.178827166557312,0.16124999523162842,4.614448070526123,0.16131421986898803,0.1607701171711671,0.1596386192726148
230,0.8613085746765137,1.1797698736190796,0.16046875715255737,4.622456073760986,0.16058291249356116,0.15985812204248,0.15891951652638486
231,0.8649218678474426,1.1708744764328003,0.15914063155651093,4.610725402832031,0.15972737901454895,0.15865663495375765,0.1580803731572515
232,0.8648242354393005,1.1725854873657227,0.16203124821186066,4.603567123413086,0.1617628982378257,0.1615005414539955,0.16024883209435642
233,0.8624804615974426,1.1747071743011475,0.1607031226158142,4.60659122467041,0.1608257979013448,0.16027457534371864,0.15913369005585076
234,0.8639062643051147,1.1727173328399658,0.1587499976158142,4.618953704833984,0.1592059592629761,0.1583765473030657,0.15715271235373782
235,0.8640234470367432,1.1685302257537842,0.1615625023841858,4.589385509490967,0.16157567038812487,0.160857434246725,0.15981780381862232
236,0.8649804592132568,1.1646944284439087,0.16414062678813934,4.590965270996094,0.16462684372447017,0.16350229232311517,0.16240233266928572
237,0.865234375,1.1638187170028687,0.16359375417232513,4.588620185852051,0.1640684128919102,0.16301041755418766,0.16199471263868415
238,0.8659374713897705,1.1572462320327759,0.16234375536441803,4.607348918914795,0.16241663388635294,0.16182984565108338,0.16039940274508033
239,0.8690624833106995,1.1543664932250977,0.15789061784744263,4.599911689758301,0.15747385752555776,0.157534882867154,0.15615241568272373
240,0.8624804615974426,1.1678035259246826,0.16648437082767487,4.5720133781433105,0.16692759447428648,0.1657088335541523,0.16479242515123732
241,0.8695703148841858,1.1473907232284546,0.1646093726158142,4.561809062957764,0.16523796816734093,0.1639908993393972,0.1632823715863324
242,0.8693749904632568,1.1511731147766113,0.1635156273841858,4.581554412841797,0.163331104975442,0.16296863491838803,0.16182272537224826
243,0.8680273294448853,1.1527154445648193,0.16359375417232513,4.607906341552734,0.16524556196427162,0.1631410317386829,0.16282397995689826
244,0.8689844012260437,1.1491718292236328,0.16765624284744263,4.593502044677734,0.16839340529354796,0.1670957485363945,0.1663230241443265
245,0.8666796684265137,1.15741765499115,0.16273437440395355,4.610291957855225,0.16341482897329343,0.1622533837548606,0.1613098884997033
246,0.8684765696525574,1.1502268314361572,0.16570311784744263,4.5869317054748535,0.16594885782029462,0.16525431131341556,0.16411656291704818
247,0.8676953315734863,1.1508365869522095,0.16757813096046448,4.580740451812744,0.1691147347156409,0.16704992490406048,0.16650249249785604
248,0.8676953315734863,1.1543525457382202,0.16382811963558197,4.595650672912598,0.16492320375340314,0.1634358879363945,0.1627475870711566
249,0.8671875,1.1490954160690308,0.1603125035762787,4.605215072631836,0.1612182496291707,0.15976841770300998,0.15893939829132572
250,0.8680664300918579,1.1530994176864624,0.16640624403953552,4.576871395111084,0.16817721903263025,0.16582438660990145,0.16542212785280352
251,0.8689648509025574,1.144935131072998,0.16492187976837158,4.573507785797119,0.16667389376493585,0.16457445704788715,0.16404472453009736
252,0.8706445097923279,1.1368484497070312,0.16257812082767487,4.577905178070068,0.16278949494452036,0.16212247682678452,0.16116508172996485
253,0.8726757764816284,1.135119915008545,0.1674218773841858,4.570086479187012,0.1670937774731822,0.1669004596192213,0.16577489372015697
254,0.8725390434265137,1.1298065185546875,0.16554687917232513,4.5790205001831055,0.1661865528390678,0.16525813500859216,0.1642673867631402
255,0.87353515625,1.1248996257781982,0.16890625655651093,4.574661731719971,0.1695605236610568,0.1682838249855485,0.16733666572069944
256,0.8718554973602295,1.1328535079956055,0.1697656214237213,4.575840950012207,0.1709093770242988,0.16936194822293826,0.1685401690329924
257,0.8689258098602295,1.136852741241455,0.16789062321186066,4.563298225402832,0.16928201110933616,0.16740834150317246,0.1668986171755416
258,0.871289074420929,1.1359422206878662,0.1661718785762787,4.562755584716797,0.16622108874634442,0.16551666205442792,0.164384637051014
259,0.8712499737739563,1.136825442314148,0.16789062321186066,4.568057060241699,0.16913776283813697,0.16737095740376556,0.16672344666845082
260,0.8698046803474426,1.1368932723999023,0.17000000178813934,4.557357311248779,0.17049728387798582,0.16944955687941177,0.16851733782931716
261,0.8699023723602295,1.137533187866211,0.1717187464237213,4.563419342041016,0.1724947809475631,0.17118815799454673,0.17031053570257332
262,0.8745312690734863,1.1278517246246338,0.17031249403953552,4.567526817321777,0.17156090106335598,0.16977731865044812,0.16912820267421055
263,0.8723046779632568,1.1321196556091309,0.17156249284744263,4.569947242736816,0.17290521362842373,0.17091166477979192,0.17005853914493596
264,0.8732616901397705,1.133594036102295,0.1720312535762787,4.548704147338867,0.17274390189142225,0.17150668041808848,0.17067649456562786
265,0.87255859375,1.1269694566726685,0.1736718714237213,4.546319484710693,0.17462492997058238,0.17299644884154478,0.17211253942461102
266,0.8732812404632568,1.1239800453186035,0.1720312535762787,4.5517425537109375,0.17300245460775845,0.17156639096972137,0.17064336453718965
267,0.8712304830551147,1.1310008764266968,0.17101562023162842,4.555741310119629,0.1721412483550685,0.17060762075102537,0.1698733740456026
268,0.874316394329071,1.1260274648666382,0.17273437976837158,4.557497024536133,0.17347272608742945,0.17234477083197108,0.17144128952856594
269,0.8759765625,1.1146979331970215,0.16804687678813934,4.559841156005859,0.16841334912972822,0.16735856986904402,0.16629938569933211
270,0.875195324420929,1.1188724040985107,0.1745312511920929,4.564271450042725,0.17434058669013286,0.1741463861308964,0.1728065435481177
271,0.8720312714576721,1.1303212642669678,0.17289061844348907,4.558432579040527,0.17295177885868784,0.17240604366103668,0.17143158585276658
272,0.8754101395606995,1.1158170700073242,0.1752343773841858,4.573051929473877,0.17546667167332022,0.17481841009634042,0.17400032608094368
273,0.8756445050239563,1.1145780086517334,0.1706250011920929,4.563303470611572,0.17204720629616588,0.17008337941363338,0.1697515241507943
274,0.8778320550918579,1.1106443405151367,0.1745312511920929,4.529224872589111,0.1755487584573894,0.17389727829842228,0.17336665315436206
275,0.8769140839576721,1.1134939193725586,0.17515625059604645,4.530916213989258,0.17608090932519765,0.17434197703422774,0.1736347885521048
276,0.875,1.1153186559677124,0.17460937798023224,4.546473026275635,0.17457535714479952,0.1738652631724072,0.17269014105261934
277,0.8739062547683716,1.1188079118728638,0.171875,4.5450119972229,0.17225672140807557,0.17091545359604415,0.17006120625253274
278,0.8753320574760437,1.1152805089950562,0.17531250417232513,4.5171122550964355,0.17488167571191107,0.17465669356227392,0.17311482403741701
279,0.8743749856948853,1.1109144687652588,0.1743749976158142,4.549299240112305,0.17504772277247552,0.17380452141459873,0.17304041883894133
280,0.8784765601158142,1.1012444496154785,0.17249999940395355,4.53372049331665,0.1728595377926191,0.17182750081849335,0.1708129063528534
281,0.8778320550918579,1.104187250137329,0.16960936784744263,4.546743869781494,0.17041277128644136,0.1691408298635101,0.16833041425680162
282,0.8741992115974426,1.11472749710083,0.1692187488079071,4.560863494873047,0.17022661408899215,0.16880067809668975,0.16806531939980923
283,0.8757421970367432,1.1124718189239502,0.17093749344348907,4.556436061859131,0.1711565305095053,0.17031882901884948,0.16916270318768922
284,0.8779687285423279,1.1057021617889404,0.1752343773841858,4.525999546051025,0.17608187554839272,0.1744282555538033,0.17370940315752487
285,0.8806250095367432,1.0906956195831299,0.17210938036441803,4.542707920074463,0.1714608136418127,0.1714745420304817,0.17000039790446964
286,0.8801562786102295,1.0938105583190918,0.1693750023841858,4.549342155456543,0.1706609481748005,0.16890798795160072,0.16837707833778842
287,0.8775976300239563,1.1051276922225952,0.17289061844348907,4.538939952850342,0.17334277069093798,0.17251905078231422,0.17151960501280017
288,0.8774999976158142,1.104514241218567,0.1739843785762787,4.563177585601807,0.17484689177148938,0.17342606208082098,0.17242805310029136
289,0.8794531226158142,1.094702959060669,0.1752343773841858,4.541609287261963,0.17542760079265599,0.17460490267462522,0.1735838217840868
290,0.879687488079071,1.099137783050537,0.1739843785762787,4.550445079803467,0.17337652907574713,0.17350703374777737,0.1720948503006629
291,0.8780664205551147,1.1019035577774048,0.1782812476158142,4.522040843963623,0.17879171519770573,0.17769762490704266,0.17663843759338294
292,0.8816015720367432,1.090978741645813,0.17531250417232513,4.523047924041748,0.1753346372668379,0.17479949188224175,0.17371976538703204
293,0.8774023652076721,1.1031365394592285,0.17570312321186066,4.538105010986328,0.1769849320661144,0.1753262521724056,0.1744881984479524
294,0.8791601657867432,1.0998038053512573,0.17617186903953552,4.540447235107422,0.17678634769838428,0.17552700690943335,0.17466115772107577
295,0.8802734613418579,1.094663143157959,0.17468750476837158,4.525006294250488,0.17554453830693226,0.17404122146444265,0.173425280517577
296,0.8785351514816284,1.0976552963256836,0.17867188155651093,4.518353462219238,0.1790581991304561,0.17775980333804609,0.17689010281360973
297,0.8786914348602295,1.092805027961731,0.1814843714237213,4.509658336639404,0.1831448896822081,0.1808780013675504,0.18031527706268397
298,0.8822656273841858,1.084169864654541,0.18031249940395355,4.513657569885254,0.18093906411868593,0.17944995912654385,0.17846272118697945
299,0.8819726705551147,1.0870128870010376,0.1764843761920929,4.526581764221191,0.17706071382236277,0.17599392640789954,0.17483276903676725
300,0.8794531226158142,1.095077633857727,0.1756249964237213,4.5157694816589355,0.1758653224722316,0.17516903161352632,0.1741926305871067
301,0.8802539110183716,1.0924952030181885,0.17585937678813934,4.528942584991455,0.17542976710542904,0.17501481669491822,0.1738496347859978
302,0.8810937404632568,1.089232087135315,0.1739843785762787,4.548599720001221,0.1743170262335693,0.17351052475936002,0.17237725008663876
303,0.8798437714576721,1.0954433679580688,0.17882812023162842,4.5309929847717285,0.17935071397380348,0.1783201350412819,0.17725829062958587
304,0.8824218511581421,1.083734393119812,0.18132811784744263,4.526544094085693,0.18179601100925732,0.18076007880241707,0.17990637671149406
305,0.8807031512260437,1.0839123725891113,0.18101562559604645,4.5139875411987305,0.18262200089637673,0.18037616302263607,0.179802081382266
306,0.8830859661102295,1.0862921476364136,0.17617186903953552,4.528449535369873,0.1766531567031246,0.17538561627174987,0.17458489378558334
307,0.8844335675239563,1.076901912689209,0.18015624582767487,4.504692554473877,0.18030957605003664,0.1795493119285696,0.17872933354566667
308,0.8792968988418579,1.0915580987930298,0.17585937678813934,4.529082775115967,0.17675149719903865,0.17528478064759445,0.17457914100540745
309,0.8841015696525574,1.0770111083984375,0.18156249821186066,4.5092267990112305,0.18231523577095582,0.18099691705261745,0.18048460729248172
310,0.8815234303474426,1.0834691524505615,0.1778906285762787,4.530154228210449,0.17925258127390542,0.1774380157736678,0.1768004212831189
311,0.8804492354393005,1.0861902236938477,0.17804688215255737,4.533490180969238,0.17881641090342432,0.17737703749945444,0.17667049956119213
312,0.8843554854393005,1.077068567276001,0.17882812023162842,4.521612644195557,0.17868409070810637,0.17776165841674724,0.17657775850532548
313,0.8843163847923279,1.0731017589569092,0.1752343773841858,4.529304027557373,0.17496519400525884,0.17448701980162556,0.17328142496039617
314,0.884960949420929,1.0716965198516846,0.18187500536441803,4.5342512130737305,0.18168505212782698,0.1810043316092675,0.17967066662643477
315,0.8853320479393005,1.0706959962844849,0.18015624582767487,4.5154876708984375,0.1809415886121191,0.1795674740272901,0.17883210320119547
316,0.887499988079071,1.063857913017273,0.1791406273841858,4.503416538238525,0.180681000510425,0.1786400978967192,0.17807473525900758
317,0.8847070336341858,1.0709861516952515,0.18226562440395355,4.492251396179199,0.1830910009411881,0.1816196291767591,0.18060003048829146
318,0.8839648365974426,1.0802158117294312,0.18031249940395355,4.492741584777832,0.1799759549036951,0.17931177843332127,0.17825174843355548
319,0.8814452886581421,1.087206244468689,0.18117187917232513,4.519302845001221,0.18072549263545262,0.18062774771303303,0.17929176412029896
320,0.8874609470367432,1.0654020309448242,0.1810937523841858,4.503602504730225,0.18170831557185194,0.18033169950543826,0.179556964987499
321,0.8822851777076721,1.0734878778457642,0.1798437535762787,4.486111640930176,0.1791303474713401,0.17904536607084076,0.17759671667944138
322,0.8815624713897705,1.0807106494903564,0.1823437511920929,4.500380516052246,0.18304691637691423,0.18188408783393614,0.18088053502837936
323,0.8838476538658142,1.0742605924606323,0.18156249821186066,4.5106611251831055,0.18146708322578795,0.18094644402365556,0.17931748985133916
324,0.8867968916893005,1.067051649093628,0.1834374964237213,4.504226207733154,0.1838086524278146,0.18261066548590826,0.18167536260533124
325,0.8832617402076721,1.0725183486938477,0.18296875059604645,4.501214504241943,0.1833067985354428,0.18230924254338532,0.18102701642023158
326,0.8836132884025574,1.0713945627212524,0.18015624582767487,4.508480072021484,0.18170113996307344,0.17961689629338384,0.17898869856580682
327,0.8877539038658142,1.0633469820022583,0.17976562678813934,4.508408069610596,0.17998384893363958,0.17919412299000698,0.17792196809728517
328,0.8860156536102295,1.0697048902511597,0.18390625715255737,4.530971527099609,0.1847958836115404,0.183233868594386,0.18245370733967364
329,0.8856250047683716,1.0674731731414795,0.18140624463558197,4.511733055114746,0.18213420450594092,0.1808445352996061,0.1796182874270567
330,0.8845117092132568,1.0720312595367432,0.1798437535762787,4.509224891662598,0.18107821414380754,0.17927772976074194,0.1785603174512718
331,0.8849999904632568,1.0747977495193481,0.1841406226158142,4.5250983238220215,0.1849642977902773,0.1835194577258889,0.18279383187662923
332,0.8833984136581421,1.0702588558197021,0.1850000023841858,4.511202812194824,0.18564244669544955,0.18424028920129287,0.18351323153937774
333,0.886914074420929,1.0656402111053467,0.18085937201976776,4.505473613739014,0.18099521266748192,0.18021666910880624,0.17915593850579858
334,0.8867577910423279,1.0634266138076782,0.18664062023162842,4.481904983520508,0.1862017064569439,0.18594465078257444,0.18458915662545342
335,0.888671875,1.054071068763733,0.18859374523162842,4.48823356628418,0.18805560793310713,0.18794524734678725,0.18657027030116752
336,0.8894726634025574,1.0586729049682617,0.19031250476837158,4.484008312225342,0.1901042722042654,0.18951937887693707,0.18821738754875994
337,0.8862109184265137,1.0639605522155762,0.18578125536441803,4.498254776000977,0.18586198180683866,0.1850832794900628,0.18381080045074666
338,0.8861914277076721,1.0656436681747437,0.19039063155651093,4.500402927398682,0.19071097309158805,0.1895003134815849,0.18841030343730256
339,0.8863672018051147,1.0612568855285645,0.18812499940395355,4.499680995941162,0.18868155765607902,0.18744112956681783,0.18638495381746775
340,0.8877539038658142,1.0600025653839111,0.185546875,4.506300449371338,0.18681902746190193,0.18475687471904328,0.18384198009127628
341,0.8890039324760437,1.0526528358459473,0.185546875,4.474620819091797,0.18576715529637705,0.1848598465239955,0.18363280783418173
342,0.8864648342132568,1.0566539764404297,0.18578125536441803,4.477754592895508,0.1855660443080016,0.18512163384083677,0.18378315476396562
343,0.8879296779632568,1.0589107275009155,0.1875,4.492882251739502,0.1885088487267707,0.18701418680051735,0.18602263807812544
344,0.8874609470367432,1.0569874048233032,0.18742187321186066,4.496172904968262,0.18782219804594602,0.1868755711986696,0.18571671415993468
345,0.8883007764816284,1.0568922758102417,0.19187499582767487,4.473902702331543,0.19122551027124735,0.1909940426284125,0.18959937934496007
346,0.8897070288658142,1.0546650886535645,0.18812499940395355,4.475296497344971,0.18838941613297344,0.18765141980053818,0.1865843071059905
347,0.8897265791893005,1.053598165512085,0.18632812798023224,4.495654106140137,0.18708345453196168,0.18577292871991863,0.18490084400774942
348,0.8866797089576721,1.0627243518829346,0.1842968761920929,4.5214152336120605,0.18503017480409245,0.18391559749090636,0.18290614177831035
349,0.8879296779632568,1.0562736988067627,0.18882812559604645,4.506923675537109,0.18894773257580455,0.1882088456825037,0.1868169341444692
350,0.8878710865974426,1.0597293376922607,0.1899999976158142,4.500222682952881,0.1910048811982746,0.18927889538274897,0.18844843700118402
351,0.887890636920929,1.055364966392517,0.19234375655651093,4.489948749542236,0.1941927168341186,0.19172815970260157,0.19104674029221275
352,0.8893945217132568,1.051918387413025,0.1848437488079071,4.4968156814575195,0.18486433187006185,0.18417774278380417,0.18278466652621
353,0.8870898485183716,1.0578609704971313,0.18851561844348907,4.506613731384277,0.18881131919022232,0.18767720836339025,0.1866332232696764
354,0.888378918170929,1.0551522970199585,0.18640625476837158,4.49690580368042,0.18588852975743045,0.185479937802712,0.18413691667764465
355,0.8907226324081421,1.0507447719573975,0.1837500035762787,4.493806838989258,0.1830474380302486,0.18292941231340779,0.18145362098207468
356,0.8895702958106995,1.0518661737442017,0.18585938215255737,4.495765209197998,0.18643320335020985,0.1851846580725202,0.18420212143609893
357,0.8903515338897705,1.0513726472854614,0.1899999976158142,4.492824554443359,0.19157659432359436,0.18938782161422385,0.18848350260295132
358,0.8907421827316284,1.04935884475708,0.18992187082767487,4.492471694946289,0.1900452229200001,0.18915523687876437,0.18800295244380252
359,0.8900390863418579,1.0487239360809326,0.19078125059604645,4.5011210441589355,0.1918728178730873,0.19016386445538302,0.18925003117241135
360,0.8909960985183716,1.0457078218460083,0.18921874463558197,4.484079360961914,0.1899915447912492,0.1887167595673237,0.18785086065977036
361,0.8876757621765137,1.0516921281814575,0.19039063155651093,4.499108791351318,0.19021845900648,0.18972875973437722,0.1885312282944171
362,0.8919531106948853,1.0416706800460815,0.18976563215255737,4.485033988952637,0.19002531963639688,0.18932743587968864,0.18821323787400976
363,0.892382800579071,1.0428966283798218,0.18593749403953552,4.506157875061035,0.18669683778794177,0.1854053545319882,0.18441393367369885
364,0.8914648294448853,1.0406514406204224,0.18664062023162842,4.493733882904053,0.18739179834334235,0.1861300531573299,0.18496265168391998
365,0.8891211152076721,1.0482566356658936,0.18953125178813934,4.498945236206055,0.19068166871750653,0.18939918918688503,0.1883524183154916
366,0.8926367163658142,1.0394436120986938,0.19468750059604645,4.473753452301025,0.19425819317253645,0.19404964206855507,0.1926100320957594
367,0.8912500143051147,1.0423915386199951,0.18984374403953552,4.490652561187744,0.19089255636329028,0.18923679754320616,0.1884243649306252
368,0.8921093940734863,1.0418331623077393,0.18773438036441803,4.481881141662598,0.18842220575027405,0.18708087933827716,0.186074695656557
369,0.8902343511581421,1.0427967309951782,0.18906250596046448,4.486378192901611,0.18987300445438798,0.18841623390187384,0.18756359625760988
370,0.8901562690734863,1.0399315357208252,0.18828125298023224,4.487029075622559,0.188402635764357,0.18760479628473592,0.18636073176469092
371,0.889355480670929,1.0477254390716553,0.18867187201976776,4.501643657684326,0.18985820206142182,0.18819390239780573,0.1871343179253831
372,0.8905859589576721,1.0489248037338257,0.18742187321186066,4.492328643798828,0.18741625599778217,0.18671340182497068,0.18540925583446694
373,0.893750011920929,1.0344773530960083,0.18914061784744263,4.490120887756348,0.18926608341569495,0.1885747815407346,0.18738605957305426
374,0.894238293170929,1.033983826637268,0.19062499701976776,4.481212615966797,0.19254401769709445,0.19002866555473397,0.1895502400190218
375,0.8922656178474426,1.0405160188674927,0.1951562464237213,4.491664886474609,0.19647927981072388,0.19460077837845285,0.1937068792785376
376,0.8915429711341858,1.0408278703689575,0.1965624988079071,4.471263885498047,0.19749991846717352,0.1958422130297186,0.1949393360554494
377,0.8941991925239563,1.0344425439834595,0.19304686784744263,4.472277641296387,0.19409970165477525,0.19275795283420133,0.1917117897322006
378,0.8951171636581421,1.0333278179168701,0.19226562976837158,4.497636795043945,0.19291369576459527,0.1917414739117444,0.19059992911440188
379,0.8926171660423279,1.0382283926010132,0.19398437440395355,4.461122512817383,0.19491457873594958,0.19331509986073525,0.192444452752162
380,0.8925976753234863,1.0427829027175903,0.18898437917232513,4.486031532287598,0.18931100773029358,0.1885816460705211,0.18751320641629712
381,0.8915820121765137,1.0401644706726074,0.19023437798023224,4.499563217163086,0.19211589001675766,0.1898347942472708,0.18944736369243237
382,0.888378918170929,1.0476807355880737,0.19093750417232513,4.490789413452148,0.192266845110228,0.19070352594659412,0.19005047738050665
383,0.891406238079071,1.0357577800750732,0.1935156285762787,4.48685359954834,0.19451092523241195,0.19308394548232566,0.19228527853673444
384,0.8920312523841858,1.036401629447937,0.1951562464237213,4.465891361236572,0.19612836135580475,0.19472908076151438,0.19384842920268042
385,0.8939843773841858,1.0360583066940308,0.1965624988079071,4.4455246925354,0.19756253561356069,0.19584837802079674,0.19492344169868114
386,0.8912890553474426,1.0346860885620117,0.1951562464237213,4.448453903198242,0.19702061596785597,0.19464870805695872,0.19423558310774952
387,0.8923046588897705,1.0373022556304932,0.19273437559604645,4.478941440582275,0.1926733241631849,0.19197635738206617,0.19091842765986272
388,0.8944336175918579,1.031599998474121,0.18984374403953552,4.47402286529541,0.19090319402281825,0.189101513763858,0.18847632055915675
389,0.8951367139816284,1.023918628692627,0.19593749940395355,4.458714485168457,0.1972076582459932,0.1954268563993787,0.19469419403722507
390,0.8956835865974426,1.0225555896759033,0.1954687535762787,4.4567952156066895,0.195910071400556,0.1948043183323229,0.19376191421870756
391,0.8963281512260437,1.0219428539276123,0.19492188096046448,4.4691619873046875,0.19597664856169617,0.1939966309189156,0.19332117615840894
392,0.8956640362739563,1.022438406944275,0.19703124463558197,4.466187477111816,0.19793329556946385,0.19633038582744494,0.19534177784487225
393,0.8939062356948853,1.0308629274368286,0.1899999976158142,4.4646525382995605,0.1898983220046312,0.1888411714647175,0.1877613223992356
394,0.8958398699760437,1.023759126663208,0.18984374403953552,4.497381210327148,0.19095658518880465,0.1893361554615757,0.18836223242395123
395,0.8933984637260437,1.0299994945526123,0.19679687917232513,4.466695785522461,0.19883479240331953,0.19624861144685912,0.19569927709453727
396,0.8933789134025574,1.0317320823669434,0.19226562976837158,4.4806928634643555,0.19417750189086858,0.19155215028954628,0.19113568582113208
397,0.8957617282867432,1.0220953226089478,0.19218750298023224,4.47092342376709,0.19297089609603196,0.19161664521980726,0.19077682659039102
398,0.8954687714576721,1.0261950492858887,0.19046874344348907,4.491479396820068,0.1923658504457672,0.1896724006406062,0.18939431309744034
399,0.8968945145606995,1.0239779949188232,0.1954687535762787,4.460249423980713,0.19655883496007326,0.19445057641665064,0.19356530668247057
400,0.8949413895606995,1.0275301933288574,0.19437499344348907,4.471689224243164,0.19525372625051568,0.1939966651652605,0.1928775849447531
401,0.8953320384025574,1.0252476930618286,0.19499999284744263,4.4651408195495605,0.19675580275283275,0.19425075772910033,0.193876114085089
402,0.8941991925239563,1.029195785522461,0.19828124344348907,4.455496788024902,0.19865259747040112,0.19731840829915526,0.19672347753051167
403,0.8949999809265137,1.0220087766647339,0.19703124463558197,4.45706033706665,0.19841910777617555,0.19650989539786368,0.1959234474622456
404,0.8966015577316284,1.018965721130371,0.19203124940395355,4.4673051834106445,0.1929709629400769,0.19128337898408757,0.1904107217128575
405,0.8937890529632568,1.0315886735916138,0.1928125023841858,4.485811233520508,0.1927122316728476,0.1921057948710666,0.1908043265259848
406,0.8968359231948853,1.021852970123291,0.19765624403953552,4.456944942474365,0.19926529866968695,0.19714759453272396,0.196274209389938
407,0.8938281536102295,1.0260642766952515,0.19664062559604645,4.472500324249268,0.197889779496826,0.19586894966703916,0.19495863576409514
408,0.8985156416893005,1.0138534307479858,0.19703124463558197,4.475476264953613,0.19764212874856368,0.1961440180445963,0.1953790444335172
409,0.8984375,1.0183842182159424,0.19367188215255737,4.474100112915039,0.1948543968019421,0.19310689265529546,0.1924174542772589
410,0.8999804854393005,1.0127370357513428,0.19703124463558197,4.4522480964660645,0.1974742129466643,0.1966814846071389,0.1956820319071017
411,0.89599609375,1.0195422172546387,0.1926562488079071,4.48318338394165,0.19383613667885663,0.19232102222369615,0.1916375221659256
412,0.8970898389816284,1.0209635496139526,0.1965624988079071,4.466468811035156,0.19656749804683304,0.19626441681072912,0.19494060666188506
413,0.89892578125,1.0130438804626465,0.19648437201976776,4.458070278167725,0.19822254392011632,0.19599367609429091,0.19540402873427004
414,0.8990234136581421,1.0178303718566895,0.20109374821186066,4.447255611419678,0.20168813216912035,0.20050981955802197,0.19970130927518023
415,0.8965625166893005,1.0188229084014893,0.1979687511920929,4.456303119659424,0.20001381130664106,0.19762448850595005,0.1973460189576629
416,0.89453125,1.025574803352356,0.20023436844348907,4.456829071044922,0.20109602423263967,0.19977246435880153,0.19864744682702146
417,0.8945508003234863,1.0262651443481445,0.1985156238079071,4.456796646118164,0.19899462868836093,0.19793856260268217,0.1967975206010437
418,0.8937890529632568,1.0243183374404907,0.19718749821186066,4.4771647453308105,0.19740640937195653,0.19677373829052508,0.19536119140576985
419,0.8931835889816284,1.0274372100830078,0.20156249403953552,4.458448886871338,0.20228182510259202,0.20098787962692202,0.19991213841952243
420,0.8948827981948853,1.0223861932754517,0.20078125596046448,4.4592509269714355,0.2009562445914196,0.2005386899518496,0.19912617805648813
421,0.8965625166893005,1.0134695768356323,0.19679687917232513,4.456029415130615,0.19665687490435768,0.19608017428162566,0.19474205788035942
422,0.9001171588897705,1.0103425979614258,0.19960936903953552,4.4552106857299805,0.20110973530364992,0.19927290868590153,0.1985713099415244
423,0.9000781178474426,1.0071617364883423,0.203125,4.4470319747924805,0.20393975355010102,0.20261797431690115,0.2016662544921414
424,0.900195300579071,1.0058766603469849,0.201171875,4.456146717071533,0.20207831791508854,0.2008833117661133,0.1997145260714685
425,0.8990039229393005,1.0108226537704468,0.2045312523841858,4.411865711212158,0.2062547212008123,0.20419221223302816,0.20359102139268304
426,0.8970702886581421,1.0173556804656982,0.20234374701976776,4.441573143005371,0.20357795491800068,0.20178594609323824,0.20088561866384758
427,0.8961132764816284,1.0207406282424927,0.1999218761920929,4.43389892578125,0.20039011524881384,0.19922750568432143,0.19819733865842332
428,0.8977929949760437,1.0149297714233398,0.1999218761920929,4.440362453460693,0.20201063779756473,0.19951799528015832,0.19901394969744807
429,0.8963476419448853,1.0182664394378662,0.2006250023841858,4.425581932067871,0.20153379628003243,0.20008193188880075,0.19908101007551499
430,0.8979687690734863,1.0155025720596313,0.1979687511920929,4.447925567626953,0.19916301899160116,0.1973246949377586,0.1966659146000178
431,0.8998047113418579,1.0085766315460205,0.20164062082767487,4.434990882873535,0.20262665037728816,0.20095192340740714,0.19999605293526368
432,0.9010351300239563,1.0043816566467285,0.1979687511920929,4.445232391357422,0.19996221974136708,0.19737937782707346,0.19673962301683778
433,0.8983398675918579,1.0144308805465698,0.20164062082767487,4.461885929107666,0.20354324829595305,0.20092837117334333,0.2002889088829164
434,0.895703136920929,1.0230830907821655,0.20039062201976776,4.425341606140137,0.1997147035147132,0.19958473409960115,0.19802176801582194
435,0.8982617259025574,1.011476755142212,0.20148438215255737,4.430700302124023,0.20198993157804246,0.20109646709136944,0.1999805271541948
436,0.8989843726158142,1.0119014978408813,0.20210938155651093,4.431535720825195,0.20401224959529063,0.20177620070451216,0.20135293355106337
437,0.8974804878234863,1.0112297534942627,0.19789062440395355,4.449511528015137,0.1987575795267596,0.1976180395494713,0.1964644221642442
438,0.8985937237739563,1.0126551389694214,0.1990624964237213,4.472321510314941,0.20040044918326438,0.1985228108135106,0.19791283679367286
439,0.9001758098602295,1.0061135292053223,0.2024218738079071,4.4591498374938965,0.20345319576610044,0.20195543650099973,0.20094643891639652
440,0.9001367092132568,1.005216121673584,0.19859375059604645,4.4532880783081055,0.19904534399867865,0.19813327473847378,0.1970551326040912
441,0.8998633027076721,1.0079922676086426,0.2017187476158142,4.425386428833008,0.2030520876525415,0.2013088407473831,0.20061642936493235
442,0.8981054425239563,1.0105478763580322,0.1953125,4.4673752784729,0.1960585233209097,0.19475128589888846,0.19370017108122786
443,0.9023827910423279,0.996812641620636,0.20015625655651093,4.4640936851501465,0.20097892681165258,0.19985926006717075,0.19894930593331023
444,0.897753894329071,1.0118156671524048,0.19593749940395355,4.475755214691162,0.19798828840166566,0.19569779633800832,0.19521264514570677
445,0.8998827934265137,1.0054166316986084,0.19843749701976776,4.4526686668396,0.19903491195940393,0.1980497741135628,0.19699994460060072
446,0.8980078101158142,1.0139552354812622,0.20390625298023224,4.4528727531433105,0.20573072977187862,0.20372161489395832,0.20319113176098247
447,0.8988085985183716,1.0083760023117065,0.20585937798023224,4.434573173522949,0.20720773259039632,0.2057331545949612,0.20505929773894954
448,0.8998047113418579,1.0007294416427612,0.20593750476837158,4.430446624755859,0.2085054808680292,0.20560664287789687,0.20525430481056872
449,0.9002538919448853,1.0044519901275635,0.2084375023841858,4.435815811157227,0.21050666702669457,0.20817588996730474,0.20768420160407092
450,0.9006249904632568,1.0035748481750488,0.19921875,4.439462661743164,0.2005067636516501,0.19899414237370694,0.19806240084285082
451,0.9029296636581421,1.0005515813827515,0.20148438215255737,4.444379806518555,0.20324112827902013,0.20090601067343233,0.20038050427062318
452,0.898730456829071,1.0034117698669434,0.2017187476158142,4.4726691246032715,0.20289435214864937,0.20117602526458866,0.2004029128073911
453,0.9000390768051147,1.0020191669464111,0.19875000417232513,4.456557273864746,0.20007893164528037,0.1983413055654714,0.19764061115436798
454,0.9016211032867432,0.9951426982879639,0.20476561784744263,4.44175386428833,0.20667056027349023,0.20429964929653477,0.20361868916653875
455,0.9007421731948853,0.9970877170562744,0.19929687678813934,4.460662841796875,0.20036663291841822,0.19887563911678952,0.19800287261253935
456,0.8994531035423279,1.0072135925292969,0.20007812976837158,4.453237056732178,0.20225152567311624,0.19974697191759333,0.1993189910453925
457,0.9007812738418579,0.998888373374939,0.2063281238079071,4.437436103820801,0.20845723979181197,0.20597819778135468,0.20550575641202695
458,0.9005468487739563,1.0002694129943848,0.19890624284744263,4.459654331207275,0.20054173122847302,0.19849334050500259,0.19778376728969238
459,0.8985546827316284,1.009364366531372,0.20195312798023224,4.448739528656006,0.20373094665254243,0.2014657575106338,0.20079648260251826
460,0.900195300579071,1.0049244165420532,0.2018750011920929,4.451581954956055,0.2038803360401164,0.2013504349842064,0.20105205281085153
461,0.9014062285423279,1.001131534576416,0.19835937023162842,4.462516784667969,0.19905656371555464,0.19794820258838589,0.1969011995348135
462,0.8987500071525574,1.0074710845947266,0.20179687440395355,4.429535388946533,0.20170019836969827,0.20130438051901384,0.1999910957847864
463,0.9015429615974426,0.9986533522605896,0.2018750011920929,4.439759731292725,0.20328563835225213,0.20140868007980067,0.20077446933956866
464,0.9016406536102295,0.9976803660392761,0.20156249403953552,4.429277420043945,0.2021931630314494,0.20076922839410272,0.2000267826371418
465,0.8987500071525574,1.0054172277450562,0.19835937023162842,4.463397979736328,0.2001682246542248,0.19773023478154017,0.1972996776819116
466,0.901562511920929,0.9951490163803101,0.2013281285762787,4.435172080993652,0.20386774329153454,0.2005947041337151,0.20051348572204705
467,0.9011132717132568,0.9989072680473328,0.2018750011920929,4.441116809844971,0.20289745060218753,0.20135440044837616,0.2004349163247624
468,0.9025195240974426,0.9934605956077576,0.20335938036441803,4.426697254180908,0.2034883132115171,0.2026438895616752,0.20128979764194488
469,0.9034960865974426,0.9921788573265076,0.2029687464237213,4.434158802032471,0.20382646890444317,0.20248968362688163,0.20156663670678027
470,0.9028124809265137,0.993583083152771,0.20234374701976776,4.433755874633789,0.20353817240307293,0.20197207055634625,0.20128598146092427
471,0.9018164277076721,0.9957948923110962,0.2043749988079071,4.426973342895508,0.20443979672418197,0.20371755807023686,0.2024398348324645
472,0.9011523723602295,1.0005097389221191,0.20281249284744263,4.435854911804199,0.20279045185435152,0.2019631549714693,0.20083198970724764
473,0.8999999761581421,1.0020054578781128,0.2082812488079071,4.446543216705322,0.20947759018493853,0.20753494260888639,0.2070247094558409
474,0.897753894329071,1.0056579113006592,0.20499999821186066,4.422712802886963,0.20600406693920997,0.2044675166518945,0.20364719479883311
475,0.900390625,1.0010006427764893,0.20374999940395355,4.437027454376221,0.2051274390684067,0.20315849154368248,0.2026764689281692
476,0.902050793170929,0.9991548657417297,0.19945313036441803,4.449540138244629,0.20038678363852197,0.1987493732987981,0.19805695833801695
477,0.8988671898841858,1.000817894935608,0.2049218714237213,4.4512434005737305,0.20526123252583434,0.204139382902445,0.2031808150558566
478,0.9031835794448853,0.9896814823150635,0.20570312440395355,4.423088550567627,0.2062018514324966,0.20512603275915658,0.2036928074349656
479,0.90576171875,0.9843996167182922,0.20499999821186066,4.436657428741455,0.205846347217899,0.20443883856076217,0.2031547586864251
480,0.9033007621765137,0.9903886914253235,0.20374999940395355,4.444884777069092,0.20471233908446107,0.20335688512920175,0.20218609864895537
481,0.9018945097923279,0.9945771098136902,0.205078125,4.449850559234619,0.2055374887200756,0.20418545016620543,0.20315199693703068
482,0.9005078077316284,1.0024151802062988,0.20125000178813934,4.460662841796875,0.20153189498914198,0.20068760660878276,0.19954194649453197
483,0.9029101729393005,0.9948976039886475,0.20390625298023224,4.450829982757568,0.2055116041419569,0.20330751885709492,0.20278869796146592
484,0.9039062261581421,0.9880858063697815,0.2057812511920929,4.407595157623291,0.2053809998757461,0.2051603706003272,0.20387723658263346
485,0.9025976657867432,0.9885745048522949,0.20554687082767487,4.4297919273376465,0.2050744860474839,0.20453353866513657,0.20307376051572934
486,0.902050793170929,0.9983903765678406,0.20546874403953552,4.428743362426758,0.20686671772890233,0.20482763940644322,0.20407312540674674
487,0.9003515839576721,1.0006722211837769,0.205078125,4.432964324951172,0.20645018734332482,0.20454746390559658,0.20378525974159642
488,0.9020702838897705,1.0000054836273193,0.2049218714237213,4.4372358322143555,0.20551506673148784,0.20430003660065207,0.20327739656250954
489,0.9033984541893005,0.9930270314216614,0.2018750011920929,4.444068431854248,0.20329480511698492,0.20144630175497105,0.20087888199773818
490,0.9047461152076721,0.987124502658844,0.20812499523162842,4.42398738861084,0.2091531552865385,0.20746841043063935,0.20686461265164516
491,0.905566394329071,0.9887974262237549,0.20671874284744263,4.4353928565979,0.20709633733718913,0.20594305792431286,0.20491382552795073
492,0.9061132669448853,0.9823559522628784,0.20421874523162842,4.431342124938965,0.20471911255260677,0.2035657582368932,0.2026113049216633
493,0.9022851586341858,0.9909961223602295,0.20148438215255737,4.446237087249756,0.2028222052979543,0.20104002984491742,0.20034831459713143
494,0.902539074420929,0.9936727285385132,0.2075781226158142,4.4263505935668945,0.20831797253564505,0.20696890662064676,0.20617223246924948
495,0.9012304544448853,1.0005357265472412,0.20851562917232513,4.4369401931762695,0.20954208549447745,0.20777613615871846,0.20712588374485125
496,0.8990625143051147,1.0000145435333252,0.20726563036441803,4.4318366050720215,0.20823831210297772,0.20694840012952076,0.2060250380320484
497,0.9007812738418579,0.995480477809906,0.20695312321186066,4.421041488647461,0.20848713707120783,0.20643200582269744,0.20576867617508113
498,0.9037304520606995,0.9883679747581482,0.20593750476837158,4.424931526184082,0.20756158480997203,0.2051582923437289,0.20480705900842833
499,0.9049609303474426,0.9859336018562317,0.20617187023162842,4.431316375732422,0.20840367885095573,0.20520276881611899,0.20497342624486314
500,0.9053906202316284,0.9819466471672058,0.21156249940395355,4.410671710968018,0.21314289870129113,0.2107765455964889,0.21013544896527642
501,0.9066992402076721,0.9809733629226685,0.21101562678813934,4.423460483551025,0.21211474132927527,0.2104337286350043,0.20943249565877675
502,0.9037304520606995,0.9911540746688843,0.21062499284744263,4.401072978973389,0.21230491136795884,0.20987984597659104,0.2094057432029702
503,0.9034570455551147,0.9879630208015442,0.20624999701976776,4.422767639160156,0.2061948312156785,0.20546878969147553,0.20431647608281406
504,0.9024999737739563,0.9897488355636597,0.20679686963558197,4.427942276000977,0.20625869671415503,0.20592440073982995,0.20437623461454413
505,0.9023827910423279,0.9899711012840271,0.20593750476837158,4.429388046264648,0.20727152462101903,0.20532449987686324,0.2048849650650486
506,0.9044726490974426,0.9882518649101257,0.20679686963558197,4.4485297203063965,0.20832102483962517,0.20629901624171826,0.2055890980399203
507,0.904003918170929,0.9853878021240234,0.21179687976837158,4.4168195724487305,0.21309676029700875,0.21127947632169675,0.21045916255560082
508,0.9045703411102295,0.9874331951141357,0.20617187023162842,4.431128025054932,0.2060215404966348,0.20535969022051706,0.20419023427517385
509,0.9061523675918579,0.9808558821678162,0.2084375023841858,4.413567066192627,0.20901047859979716,0.20785533525368072,0.2066617847748593
510,0.9047656059265137,0.9865729808807373,0.20445312559604645,4.438263416290283,0.20514848041593114,0.20375157672695732,0.20270273763988805
511,0.9037500023841858,0.9860827922821045,0.20476561784744263,4.4323625564575195,0.20493613847595177,0.2040966742051395,0.20298480142664702
512,0.9063671827316284,0.9788526296615601,0.20585937798023224,4.423124313354492,0.20644550367363843,0.2051972633490977,0.2043434589659519
513,0.903027355670929,0.9927657842636108,0.20671874284744263,4.439995288848877,0.20663417108121995,0.2062567897966226,0.20483571939455886
514,0.9041211009025574,0.9819313883781433,0.20617187023162842,4.421444892883301,0.2056071975321282,0.2055532845652652,0.20403739176958385
515,0.9023827910423279,0.9917182922363281,0.2049218714237213,4.428111553192139,0.2053616590667542,0.20424177058808496,0.20302616677432683
516,0.9055469036102295,0.9840125441551208,0.20335938036441803,4.4455742835998535,0.20279679097149306,0.2025647108537928,0.20108625297379631
517,0.906933605670929,0.9833594560623169,0.2077343761920929,4.459123611450195,0.2074312024189015,0.20691770076487964,0.20539828175190294
518,0.9034374952316284,0.9916703701019287,0.2102343738079071,4.421238899230957,0.21051547980558444,0.20978397510396693,0.20868027071752407
519,0.904003918170929,0.9851830005645752,0.20054687559604645,4.439332962036133,0.20076516708154812,0.20005138453086838,0.19868891172609465
520,0.9066406488418579,0.9819183945655823,0.20351561903953552,4.431110382080078,0.2040073225070543,0.2030035741163328,0.2017734045375878
521,0.904296875,0.9863428473472595,0.2017187476158142,4.445817947387695,0.201314107483751,0.20092469104479796,0.19936568313112468
522,0.904296875,0.9889321327209473,0.2045312523841858,4.449380397796631,0.20512572764058604,0.2038819253993565,0.20291728480721655
523,0.9034374952316284,0.9897165894508362,0.20929688215255737,4.423576831817627,0.20842599873337908,0.2082103439263206,0.20680369651572386
524,0.9028710722923279,0.9907346367835999,0.2071875035762787,4.4154133796691895,0.2077426127324244,0.20652435927789942,0.20543273298360148
525,0.9066992402076721,0.9813019037246704,0.20960937440395355,4.416247844696045,0.21007791003561632,0.20903336230507727,0.20785442653984246
526,0.9056054949760437,0.9823611378669739,0.21195311844348907,4.405744552612305,0.21185174673399404,0.2112729752846883,0.2099212768755071
527,0.9054296612739563,0.9829074144363403,0.21117188036441803,4.413877487182617,0.21147844675870436,0.210559323052792,0.20936930478432023
528,0.9038281440734863,0.9828817844390869,0.20976562798023224,4.418146133422852,0.21173118395409327,0.20940480870466519,0.20872811575677463
529,0.9071093797683716,0.978940486907959,0.20664063096046448,4.412825107574463,0.20675298914517554,0.20569041182433512,0.20453004230095126
530,0.9052929878234863,0.9826309084892273,0.21210937201976776,4.395872116088867,0.21153129712679397,0.21147657005947995,0.2099203319021844
531,0.9067578315734863,0.9819477200508118,0.21171875298023224,4.431748390197754,0.21119429075784055,0.2107689323848402,0.20936065861336325
532,0.9027148485183716,0.9882752895355225,0.2082812488079071,4.43242073059082,0.20841311434629403,0.20750981865771873,0.20635864971157697
533,0.9033984541893005,0.9860166311264038,0.20945312082767487,4.449270725250244,0.20966275946496987,0.20850469692681145,0.20758618220201913
534,0.9044726490974426,0.9867204427719116,0.20515625178813934,4.443561553955078,0.20725540715734064,0.2045150289979963,0.20406496022450493
535,0.9049023389816284,0.9828697443008423,0.20906250178813934,4.442340850830078,0.2102949862148362,0.20846109019226,0.20778506829198934
536,0.9042773246765137,0.9861611723899841,0.2084375023841858,4.449815273284912,0.20965006462394864,0.20807250950846415,0.20717235643208348
537,0.9055273532867432,0.9827614426612854,0.2114843726158142,4.402380466461182,0.2124727595439446,0.2108534975837415,0.209955944001039
538,0.9058398604393005,0.9838712811470032,0.2150000035762787,4.409604072570801,0.2153083908323844,0.21434028403898847,0.21310878562836977
539,0.9060742259025574,0.983482301235199,0.20992188155651093,4.430009841918945,0.21093054722353233,0.20942757893960112,0.20864464005611172
540,0.9088085889816284,0.9728999137878418,0.20656250417232513,4.407585620880127,0.2080589879982768,0.206183213959919,0.20566975191266157
541,0.9098047018051147,0.9686118364334106,0.21187500655651093,4.435407638549805,0.21430795469610486,0.21142778587596817,0.2109400184419275
542,0.9052343964576721,0.9836897850036621,0.20851562917232513,4.416925430297852,0.20917384340671835,0.2078407279737572,0.2068841390064648
543,0.9073047041893005,0.9773971438407898,0.21156249940395355,4.417093753814697,0.21258181464648324,0.21135781321536148,0.2105726841209191
544,0.9066992402076721,0.9786431193351746,0.2103906273841858,4.416396141052246,0.21171693671919034,0.20995760854996534,0.2090389363803163
545,0.9107226729393005,0.9632758498191833,0.21195311844348907,4.412234306335449,0.21229184972901335,0.21132488672240704,0.21009549032033734
546,0.9086328148841858,0.9696817994117737,0.21335937082767487,4.423346996307373,0.21413268682317688,0.21260483585929388,0.21150015957317558
547,0.906933605670929,0.9730073809623718,0.21335937082767487,4.3961639404296875,0.21404764341348329,0.21275289540854675,0.21196450646738055
548,0.9083593487739563,0.966301679611206,0.2150000035762787,4.413896560668945,0.2158196479412794,0.2142792419904665,0.21334568807437782
549,0.9062304496765137,0.9779999256134033,0.21281249821186066,4.3952813148498535,0.2142068234158715,0.2124171899647243,0.2117432907368252
550,0.9063281416893005,0.979266881942749,0.20921875536441803,4.436446666717529,0.2101428235175561,0.20877258229675058,0.20786317050505365
551,0.9052929878234863,0.9814019799232483,0.2109375,4.450342655181885,0.21140134680850975,0.2108065178388749,0.20944138124621378
552,0.9041992425918579,0.9844639301300049,0.20976562798023224,4.431938171386719,0.21010298764788288,0.2093216404284599,0.2082198691470803
553,0.9057031273841858,0.9790096879005432,0.21031250059604645,4.418325901031494,0.21103900428775552,0.2098915376993136,0.20855726140929315
554,0.907519519329071,0.9739952087402344,0.2088281214237213,4.454722881317139,0.21000189036202077,0.20818577558955972,0.2074332978297292
555,0.9052538871765137,0.9782805442810059,0.21179687976837158,4.411047458648682,0.21436244546988004,0.21116386312899982,0.21062114568134882
556,0.9076758027076721,0.9753873348236084,0.2166406214237213,4.414456844329834,0.2182516793045476,0.21585944292501458,0.21528730709215255
557,0.9071484208106995,0.975884199142456,0.20624999701976776,4.43952751159668,0.20704824544288708,0.20555075154455726,0.2045990650745877
558,0.9063085913658142,0.9788714647293091,0.21437500417232513,4.412331581115723,0.21468494734659876,0.21390361644062925,0.2125225484427218
559,0.9078906178474426,0.9772045016288757,0.21398437023162842,4.416017532348633,0.2146756442343935,0.21338073538689517,0.21239588739340828
560,0.9063476324081421,0.9742757678031921,0.21406249701976776,4.418623447418213,0.21457132605051116,0.21355058172803637,0.21256496711842138
561,0.9060937762260437,0.9770450592041016,0.2153906226158142,4.423768520355225,0.21731210607810614,0.2149911692650079,0.2142564195366859
562,0.9052929878234863,0.9781504273414612,0.21640625596046448,4.405028820037842,0.21787137321729294,0.21595050478540895,0.2151628468380049
563,0.9084570407867432,0.9716169834136963,0.21718749403953552,4.398619174957275,0.21806185619635626,0.21676527407570598,0.21592441339041674
564,0.9059960842132568,0.9768163561820984,0.2107812464237213,4.411049842834473,0.21078247978944406,0.2101001164387699,0.20875567018797653
565,0.9079687595367432,0.9729927778244019,0.2134374976158142,4.3962297439575195,0.2142300998487917,0.21284624951568867,0.21189544107602315
566,0.9085351824760437,0.9716993570327759,0.2155468761920929,4.405604362487793,0.21640977229146297,0.2151511990112073,0.2139491116802177
567,0.9089257717132568,0.9685489535331726,0.21281249821186066,4.411572456359863,0.21310234304517414,0.21192340762448098,0.21066488525333465
568,0.9071484208106995,0.9734594225883484,0.2110937535762787,4.397366523742676,0.21222760935842883,0.21060714806347808,0.20985739666902278
569,0.909472644329071,0.9657834768295288,0.2201562523841858,4.384637355804443,0.22182105298831478,0.21966223999489665,0.21864389328056294
570,0.9082226753234863,0.9728270769119263,0.20859375596046448,4.411412239074707,0.209372746719255,0.20769959973428312,0.20687719018537656
571,0.9112890362739563,0.9598818421363831,0.2127343714237213,4.410815238952637,0.21378423547397313,0.2122085722249639,0.21139531031391592
572,0.9095312356948853,0.9633370041847229,0.21179687976837158,4.400300979614258,0.2120492948537847,0.2112333001171965,0.21025514095594922
573,0.9087890386581421,0.9652312397956848,0.20976562798023224,4.430139064788818,0.21051973584446623,0.20920065790471382,0.20826469368023715
574,0.908007800579071,0.9697942137718201,0.21257811784744263,4.44381856918335,0.2145820946812395,0.212291651307841,0.21168259824992589
575,0.9079296588897705,0.9683635234832764,0.21406249701976776,4.436366081237793,0.21478599571904203,0.21311543384046205,0.2121976783590625
576,0.9063281416893005,0.9766272902488708,0.21460936963558197,4.428049564361572,0.21622763999890465,0.2138748705159198,0.21336777816734534
577,0.905468761920929,0.9775673151016235,0.21601562201976776,4.413316249847412,0.21735902920029543,0.21496277942464379,0.2142854904275982
578,0.9104687571525574,0.9636787176132202,0.21445313096046448,4.403302192687988,0.21537392291343288,0.21373720219598072,0.21280211728109305
579,0.9090234637260437,0.9660301804542542,0.21515625715255737,4.4059672355651855,0.214988930792747,0.2147449297827819,0.21340484647936597
580,0.9083203077316284,0.9716432690620422,0.21453124284744263,4.391348838806152,0.2155978663291248,0.21379640877491185,0.21281868279345084
581,0.9096093773841858,0.9632478952407837,0.21492187678813934,4.382979869842529,0.21540064188981645,0.21429113874996336,0.21317587874368144
582,0.9120507836341858,0.9590544104576111,0.21171875298023224,4.403085231781006,0.2117053028199604,0.21109776708368982,0.2097642637100211
583,0.9085937738418579,0.9698739647865295,0.2116406261920929,4.409585952758789,0.21257344079255952,0.21109147615030108,0.21017171088386033
584,0.904589831829071,0.9745135307312012,0.21046875417232513,4.415843486785889,0.21152153892936065,0.2096925584721262,0.20856536900895994
585,0.908398449420929,0.9653977155685425,0.2121874988079071,4.438380718231201,0.21249328199529682,0.21156344539097915,0.21052780332798698
586,0.9082421660423279,0.9702556729316711,0.2142968773841858,4.419200897216797,0.21520644693486585,0.21370201312750153,0.21286449288154194
587,0.9067968726158142,0.9735076427459717,0.21367187798023224,4.410598278045654,0.21454863146723574,0.21328804792377873,0.21245577925239437
588,0.9080663919448853,0.9686328172683716,0.21710938215255737,4.419939994812012,0.21816792238118668,0.21662522859947692,0.215754546735518
589,0.9101172089576721,0.9623746275901794,0.21968750655651093,4.414238452911377,0.21968142256443307,0.2190372635502474,0.21773035486970443
590,0.9090429544448853,0.9683386087417603,0.21320313215255737,4.420883655548096,0.2137532451116536,0.21246708532141811,0.21162929894644528
591,0.9104883074760437,0.9630496501922607,0.2160937488079071,4.409315586090088,0.2175256017743013,0.2153139498465727,0.21458315545624335
592,0.9107031226158142,0.9562889337539673,0.21375000476837158,4.403254508972168,0.2146082789488758,0.21316468856107718,0.21223835288831033
593,0.9093945026397705,0.9643672704696655,0.22156250476837158,4.386421203613281,0.22350266286965667,0.22123235900184085,0.22083080477579367
594,0.9098047018051147,0.9648342132568359,0.2194531261920929,4.3992390632629395,0.22022230155514985,0.21845435094051985,0.2178150076996806
595,0.9074023365974426,0.9677760601043701,0.220703125,4.390047073364258,0.22137634294974862,0.22006556372376299,0.2191453409787659
596,0.9091406464576721,0.9656265377998352,0.21773438155651093,4.3855390548706055,0.218190532325523,0.21695904750406014,0.2157945231950026
597,0.9101758003234863,0.962653636932373,0.21773438155651093,4.3916096687316895,0.21844746417981342,0.2173210455392895,0.21631160855669754
598,0.9084179401397705,0.9639843106269836,0.21460936963558197,4.381147861480713,0.21449767879929219,0.21415439776515116,0.21281681196638752
599,0.908398449420929,0.9728395938873291,0.21906250715255737,4.400997638702393,0.21983735800173299,0.21840300868634382,0.21741280430550727
600,0.9102148413658142,0.9630261063575745,0.21867187321186066,4.389138698577881,0.21900132025681085,0.2182100297759672,0.21692699537535154
601,0.908007800579071,0.9698935151100159,0.21882812678813934,4.390247344970703,0.2196819154415824,0.21821006072493002,0.21709548623596273
602,0.9086718559265137,0.9652158617973328,0.21843749284744263,4.397849082946777,0.21982566471184536,0.21798192294035876,0.21744012300555038
603,0.9085546731948853,0.9665074348449707,0.21906250715255737,4.405184745788574,0.22035948561040883,0.21859265673310485,0.2177191953624552
604,0.9075000286102295,0.9708518385887146,0.21828125417232513,4.40318489074707,0.21810985247276904,0.21733639065213284,0.21605859199157113
605,0.9099023342132568,0.9632401466369629,0.21546874940395355,4.4156999588012695,0.21567889103841187,0.21472031833924468,0.21349411582602063
606,0.9097656011581421,0.9646340012550354,0.21976561844348907,4.391913890838623,0.2209286485219557,0.2190048741237975,0.21800260469604965
607,0.908984363079071,0.9596536159515381,0.21710938215255737,4.409390449523926,0.21796735245505106,0.2164172715099903,0.21564323409144898
608,0.9100781083106995,0.9606807827949524,0.22171874344348907,4.416388511657715,0.2225646678206028,0.22098540645856662,0.2199566741227835
609,0.9107226729393005,0.9602908492088318,0.21757812798023224,4.3911333084106445,0.21825153695362293,0.2169701138953813,0.21573424688454274
610,0.9135351777076721,0.9546588659286499,0.21601562201976776,4.402947425842285,0.21753915373378185,0.2155235247729384,0.2144617232522864
611,0.910449206829071,0.9611851572990417,0.21250000596046448,4.419277191162109,0.21371698416146767,0.21201949124265113,0.21104469724070984
612,0.9104883074760437,0.9585325717926025,0.21085937321186066,4.40459680557251,0.21108633948018515,0.21012996888999286,0.20900356113345142
613,0.9107031226158142,0.958797812461853,0.21515625715255737,4.380854606628418,0.2153640260675722,0.2145107834471551,0.21323421461395287
614,0.909960925579071,0.9604251384735107,0.21851561963558197,4.367143154144287,0.2192316503469744,0.21821688915831705,0.2169850224599073
615,0.9097656011581421,0.9605840444564819,0.21531249582767487,4.4052839279174805,0.2173820002971785,0.215011298976451,0.2141497188198085
616,0.9120507836341858,0.958352267742157,0.21593749523162842,4.409851551055908,0.2164514377746554,0.21539256247538988,0.21420298834270002
617,0.9104883074760437,0.9601069688796997,0.2166406214237213,4.399359703063965,0.21752713516354258,0.21579285969530687,0.21464432674335468
618,0.9079687595367432,0.9694581031799316,0.21671874821186066,4.41177225112915,0.2177606085720773,0.21609309527387116,0.21499141503189567
619,0.9124804735183716,0.9576628804206848,0.21492187678813934,4.429259300231934,0.21535272037685188,0.2143654280549963,0.2130867577620426
620,0.9115429520606995,0.9587127566337585,0.22023437917232513,4.395256996154785,0.22183627675515882,0.21966022307342745,0.21859280299755146
621,0.9126366972923279,0.9594818949699402,0.21921874582767487,4.411440849304199,0.22086760417690968,0.21856160725413046,0.21779567517328408
622,0.9125781059265137,0.9535017609596252,0.21562500298023224,4.421937465667725,0.21674085787324587,0.21494605841058367,0.21395166544861516
623,0.9094921946525574,0.9601152539253235,0.22101563215255737,4.413136005401611,0.22229047702436955,0.22064548964339198,0.21948775936880593
624,0.906445324420929,0.9721653461456299,0.2189062535762787,4.3969221115112305,0.22017104366620902,0.21811568928130237,0.21741260545903815
625,0.9096289277076721,0.9603735208511353,0.21984374523162842,4.4142537117004395,0.22040818645420446,0.21898683987070217,0.217806754269296
626,0.9122655987739563,0.9574032425880432,0.21593749523162842,4.416763782501221,0.21703514001160074,0.21550317747065095,0.21473764850374177
627,0.9102148413658142,0.9561127424240112,0.21937499940395355,4.399698257446289,0.21965733160678685,0.21901291428858927,0.21765973922630147
628,0.9111523628234863,0.9552608728408813,0.21789062023162842,4.402669906616211,0.21809453506090443,0.21725253008601786,0.21603086051483472
629,0.9128320217132568,0.9525261521339417,0.2169531285762787,4.413218975067139,0.21639825086882827,0.21619770756048978,0.2145655406073666
630,0.9117968678474426,0.9524591565132141,0.2232031226158142,4.377570152282715,0.22421435574165394,0.22268423789902403,0.22167285579628493
631,0.91015625,0.9624465107917786,0.2224999964237213,4.379723072052002,0.22250235076365815,0.22176201133271423,0.22063984858194097
632,0.9107812643051147,0.9571239352226257,0.21757812798023224,4.411607265472412,0.21695538247100266,0.2169063660543562,0.21556022930361612
633,0.9095703363418579,0.966963529586792,0.2194531261920929,4.4119720458984375,0.21969145677028662,0.21838307055075082,0.2170184200698409
634,0.9094531536102295,0.9613867998123169,0.2264062464237213,4.402176380157471,0.2258942811276491,0.22546308813129007,0.22400847885955083
635,0.9120312333106995,0.9561795592308044,0.21992187201976776,4.4012298583984375,0.22008637617940613,0.2192512637566929,0.2178153071936683
636,0.9138867259025574,0.9537261128425598,0.2189062535762787,4.388951301574707,0.219496058950491,0.2181055893664445,0.21708023715282573
637,0.9123632907867432,0.9554287791252136,0.22148437798023224,4.400094509124756,0.2226848982181944,0.22094308225361045,0.21965634410950768
638,0.9113671779632568,0.9569152593612671,0.21671874821186066,4.415508270263672,0.21724475479066807,0.2159557980913842,0.21477569493231913
639,0.9107617139816284,0.9607243537902832,0.21757812798023224,4.420355796813965,0.2173176267069286,0.21691636599584296,0.2155899045166088
640,0.9114453196525574,0.9600647687911987,0.22187499701976776,4.412209987640381,0.2221305214177543,0.22104883208824205,0.21969529477184385
641,0.9113476276397705,0.9552298188209534,0.21781249344348907,4.425963878631592,0.2176220311903512,0.21695318130718697,0.21549473672727804
642,0.9095703363418579,0.9604334831237793,0.22039061784744263,4.426702976226807,0.22076531739771668,0.21966904371689455,0.2182822496901349
643,0.9129687547683716,0.9518247246742249,0.21781249344348907,4.392468452453613,0.21802201238717572,0.21713559556962914,0.21582514438028877
644,0.9131835699081421,0.9493786096572876,0.21765625476837158,4.406018257141113,0.21840212963365463,0.21688793658088007,0.2159691867530876
645,0.9122655987739563,0.9532806277275085,0.22695311903953552,4.393101215362549,0.22640259438172844,0.2261182432707144,0.22440096497688916
646,0.9115039110183716,0.9521658420562744,0.22484375536441803,4.391848087310791,0.22496049359564507,0.22411446238955918,0.22280439788511772
647,0.9113085865974426,0.9568829536437988,0.21875,4.418081760406494,0.21917202839181743,0.2178621669302888,0.21682584414531902
648,0.9129883050918579,0.951763391494751,0.21617187559604645,4.411789894104004,0.21703899453788986,0.21560923724679665,0.21469433060899412
649,0.9091210961341858,0.9624742269515991,0.21617187559604645,4.403594493865967,0.2170961405197736,0.21560258023807283,0.2146409384651888
650,0.9123632907867432,0.9563018083572388,0.22218750417232513,4.404809951782227,0.22188969832274408,0.22127402505972749,0.21979190430675796
651,0.9095703363418579,0.9636985659599304,0.21984374523162842,4.412690162658691,0.21958449865305674,0.21869678308917195,0.2171973057921822
652,0.9122265577316284,0.9550012946128845,0.2192968726158142,4.402318000793457,0.22009320223504727,0.21847512711513845,0.2172750432780517
653,0.9131835699081421,0.9441468715667725,0.21656249463558197,4.392428874969482,0.21762949432840378,0.2156707967915664,0.2149168273341836
654,0.9149218797683716,0.9493231177330017,0.22632811963558197,4.378077507019043,0.22794268189233252,0.22567827004560242,0.22477262363140865
655,0.9127538800239563,0.9506494402885437,0.2185937464237213,4.3872294425964355,0.22007197830453526,0.21813249740306823,0.21717215161242154
656,0.9117968678474426,0.9537015557289124,0.21781249344348907,4.412617206573486,0.21746572461127528,0.21722028651760472,0.21587876164451297
657,0.9122655987739563,0.9505192637443542,0.21953125298023224,4.4115777015686035,0.22149649254676496,0.21886599939019796,0.21799670490167594
658,0.9095703363418579,0.9612352252006531,0.22046874463558197,4.394475936889648,0.22223364811629498,0.22007634744873922,0.21923513870336475
659,0.9095898270606995,0.9604443311691284,0.220703125,4.415857315063477,0.22225514543424624,0.21975855229469574,0.2190572124677748
660,0.909960925579071,0.9585149884223938,0.21914061903953552,4.410498142242432,0.22122030251352906,0.21832819574044116,0.21754511434770318
661,0.9085546731948853,0.9663081169128418,0.2189062535762787,4.419730186462402,0.22012121617277153,0.21832186980987686,0.21727712307472632
662,0.9116406440734863,0.954302191734314,0.2155468761920929,4.4336676597595215,0.21625659661839872,0.21493091479447346,0.21382727683793235
663,0.9084765911102295,0.9653404355049133,0.2212499976158142,4.410071849822998,0.22138632808710296,0.22066331124608624,0.21919630948584443
664,0.909960925579071,0.9624565839767456,0.2221093773841858,4.404722213745117,0.2224043678010711,0.22133096159276253,0.21989914905777294
665,0.9150390625,0.947786808013916,0.21867187321186066,4.375292778015137,0.21815664114702144,0.2179466410418049,0.21635323087541308
666,0.9152148365974426,0.9446054697036743,0.21851561963558197,4.415148735046387,0.21789889976389967,0.2177515815966986,0.2161417727185097
667,0.9115820527076721,0.9555346965789795,0.22187499701976776,4.386081695556641,0.22240364150246175,0.22087878927378535,0.21965740362256764
668,0.9131640791893005,0.9467117190361023,0.22187499701976776,4.37828254699707,0.22194869810122037,0.22109726251420642,0.21971062065728275
669,0.915820300579071,0.9416926503181458,0.2205468714237213,4.392450332641602,0.22098351039481984,0.21976473796319118,0.21877098220493868
670,0.9145117402076721,0.9423574209213257,0.2205468714237213,4.379581451416016,0.22056118533015978,0.21964704276735833,0.2183409177029074
671,0.9103124737739563,0.9568092823028564,0.21882812678813934,4.405701160430908,0.21969895928649466,0.21808496819378598,0.21703280059067198
672,0.9124414324760437,0.9531775712966919,0.22007812559604645,4.416923999786377,0.22028776942507955,0.21940249624629338,0.2179216178545545
673,0.9145898222923279,0.9507604241371155,0.22289063036441803,4.4107561111450195,0.22384195320701833,0.2222415596891934,0.22121879226338748
674,0.9114648699760437,0.9538609981536865,0.2212499976158142,4.4023942947387695,0.22312950231084167,0.22066727096900163,0.220185841977546
675,0.9114843606948853,0.9500566124916077,0.2240625023841858,4.382467746734619,0.22580828948700282,0.2235338182119671,0.2229755031658023
676,0.912792980670929,0.9520672559738159,0.2228125035762787,4.395665168762207,0.2235258471009325,0.2223311423949268,0.22129972199081788
677,0.9113671779632568,0.9526613354682922,0.22164063155651093,4.401693820953369,0.22183117066158836,0.22089655099995142,0.21974277897775543
678,0.9132421612739563,0.9484645128250122,0.22468750178813934,4.392458915710449,0.22543467188727503,0.22402463907272982,0.223089846522171
679,0.9166210889816284,0.9367792010307312,0.21812500059604645,4.398315906524658,0.2192059971005132,0.217589443857839,0.2164977411539309
680,0.9131054878234863,0.9476339817047119,0.22328124940395355,4.395979404449463,0.2238864847885788,0.22254422550123298,0.22124736417160937
681,0.9118945598602295,0.9467126727104187,0.2265625,4.384659290313721,0.22636294436037385,0.22590548749834388,0.22448212130056186
682,0.9135937690734863,0.9471138715744019,0.22398437559604645,4.3875041007995605,0.22428145669183674,0.22329251253162208,0.22211300974420845
683,0.9126366972923279,0.9503100514411926,0.2253125011920929,4.3636860847473145,0.22636326305546117,0.22458041976351992,0.2236294606308414
684,0.9119726419448853,0.9525803327560425,0.22554688155651093,4.3796186447143555,0.22676178486348197,0.22485082689650204,0.22399585861270993
685,0.909960925579071,0.9557080864906311,0.2247656285762787,4.3826398849487305,0.2262551090890628,0.22421232252829953,0.22336177190066203
686,0.9118750095367432,0.9540758728981018,0.22765624523162842,4.3771209716796875,0.22833473269632823,0.22716498969599502,0.22584774171420582
687,0.913769543170929,0.9475770592689514,0.22914062440395355,4.364576816558838,0.22923999152596658,0.22857631160626152,0.22695672957139543
688,0.915332019329071,0.9390367269515991,0.23054687678813934,4.375880241394043,0.23181122077597208,0.22998620891453206,0.22899050513801184
689,0.9122851490974426,0.9527919888496399,0.22742187976837158,4.3611626625061035,0.2277466502567006,0.22673192199514292,0.22536041407389323
690,0.9134570360183716,0.9477290511131287,0.2221093773841858,4.381557464599609,0.22266613211583197,0.22153928465019695,0.2203755724950572
691,0.9108593463897705,0.9543867707252502,0.22187499701976776,4.3910813331604,0.22249998805494076,0.22146595079675524,0.22038172576038817
692,0.91259765625,0.94615638256073,0.22367186844348907,4.351188659667969,0.22400632045328428,0.22270631848524547,0.2217980559948675
693,0.9126757979393005,0.9521138668060303,0.22156250476837158,4.39213752746582,0.2223094290110879,0.22096965779781025,0.21976050065776281
694,0.9129883050918579,0.9502896666526794,0.21843749284744263,4.407740592956543,0.2198480054077741,0.2182047421399296,0.21755773720510194
695,0.9135546684265137,0.9441201090812683,0.22078125178813934,4.394461631774902,0.22242503936950633,0.2201187382194633,0.21955664887337112
696,0.9146484136581421,0.9436318874359131,0.22859375178813934,4.357394695281982,0.2304477162951617,0.22806814841101242,0.22736712080739377
697,0.9151366949081421,0.9417811036109924,0.22156250476837158,4.384214401245117,0.22203425873348606,0.22073974662775186,0.21969731139766754
698,0.9134374856948853,0.9485078454017639,0.22773437201976776,4.371642589569092,0.22865377850249635,0.22711053858973818,0.22612735984646531
699,0.915722668170929,0.937557578086853,0.22203125059604645,4.38215970993042,0.22302544718580716,0.22146922243695363,0.22068399849932513
700,0.9150390625,0.9404838681221008,0.21875,4.405770778656006,0.21993450260790992,0.2182953776048438,0.21760006562342626
701,0.9145703315734863,0.9471558332443237,0.22265625,4.4015607833862305,0.22450373078264188,0.22196219967575576,0.22135103449624194
702,0.9128515720367432,0.9479994773864746,0.2208593785762787,4.406716346740723,0.22173773059230584,0.22008274883857162,0.21926882046949978
703,0.9108203053474426,0.9569631814956665,0.22562499344348907,4.401071548461914,0.22714294090626652,0.22503862489902224,0.224058645319687
704,0.913378894329071,0.9458654522895813,0.2265625,4.402909278869629,0.22790018471238715,0.22580600460557437,0.22504545909991308
705,0.9148828387260437,0.9390516877174377,0.22265625,4.3969011306762695,0.2235373003187801,0.22232281520829325,0.22123272048670126
706,0.9150781035423279,0.9414868950843811,0.2221093773841858,4.407153129577637,0.22322245320699224,0.2213647358872065,0.22040645093718536
707,0.9147655963897705,0.941606879234314,0.22265625,4.389444351196289,0.22301330619185356,0.22240721776791023,0.22106690605394724
708,0.9143359661102295,0.9437863826751709,0.21882812678813934,4.403013706207275,0.21949295295075877,0.21795264041805917,0.21725752680336013
709,0.9159960746765137,0.9360823035240173,0.22499999403953552,4.362905979156494,0.22616940758834048,0.22438563297399824,0.22361664346817678
710,0.9150976538658142,0.9426944255828857,0.22046874463558197,4.3933000564575195,0.22129956176297172,0.21979183219653692,0.21890229782465703
711,0.9132226705551147,0.9455888867378235,0.22359375655651093,4.3919901847839355,0.22399613007544827,0.22310186416509098,0.2216431307060349
712,0.9182422161102295,0.9317413568496704,0.22351562976837158,4.378007411956787,0.22416059834973368,0.22274709772103427,0.22162253069334914
713,0.913769543170929,0.9490923881530762,0.22007812559604645,4.404537677764893,0.21962780295467058,0.21947293033837717,0.21792797747413878
714,0.9135937690734863,0.9449362754821777,0.22078125178813934,4.402451038360596,0.22209333462153963,0.22022210932245465,0.2193216662868588
715,0.9122265577316284,0.944558322429657,0.22039061784744263,4.408916473388672,0.22063813340401053,0.219697685025304,0.2184723642256936
716,0.9119726419448853,0.9491384625434875,0.22101563215255737,4.407917022705078,0.22130497762614884,0.22031886032413703,0.21932227066886903
717,0.9141796827316284,0.9411153197288513,0.22289063036441803,4.3929853439331055,0.22350843457365782,0.22226116657285605,0.22114703821524148
718,0.9140429496765137,0.9456756711006165,0.22101563215255737,4.393382549285889,0.2226773078111905,0.22043448300508744,0.2198642394192007
719,0.9164453148841858,0.9364417791366577,0.22273437678813934,4.413881301879883,0.2241241061593811,0.22237273683275108,0.22150335126635065
720,0.913378894329071,0.9501697421073914,0.22117187082767487,4.394942760467529,0.2224846359786353,0.22087841976811984,0.22007200889029038
721,0.9133007526397705,0.9480942487716675,0.22179687023162842,4.405693054199219,0.22350509536806246,0.22142760751647927,0.22081354258263544
722,0.9134179949760437,0.9499213695526123,0.2271093726158142,4.379194259643555,0.22750470831999572,0.22668736099995837,0.22535529638507923
723,0.9135937690734863,0.9454351663589478,0.22148437798023224,4.381753444671631,0.2216716661180021,0.22070161536932686,0.21919945283780576
724,0.9119921922683716,0.9500584602355957,0.22265625,4.386609077453613,0.22358857733399096,0.22192639232135325,0.2209624507467759
725,0.9127538800239563,0.9474214315414429,0.22539062798023224,4.382061004638672,0.2261527122351031,0.22477998922226894,0.22349348403154873
726,0.9160351753234863,0.940962016582489,0.22609375417232513,4.364722728729248,0.22537232845635197,0.22543053485081635,0.22364772750026302
727,0.9158594012260437,0.9389724731445312,0.22382812201976776,4.386894702911377,0.22470962504781933,0.22334656425907667,0.22241513456074885
728,0.91455078125,0.9394819140434265,0.22093750536441803,4.41651725769043,0.2225158681526611,0.22070197390434712,0.21971096610691876
729,0.9116601347923279,0.9480370283126831,0.2189062535762787,4.4058661460876465,0.22034041753212844,0.21850113676964744,0.2177760413598515
730,0.9174609184265137,0.9351136088371277,0.22492188215255737,4.381099700927734,0.22547493507387165,0.22463979515272026,0.22350959060067505
731,0.9170703291893005,0.935584545135498,0.22351562976837158,4.39369535446167,0.22483910577155897,0.22276695746005007,0.22208342211288312
732,0.9182812571525574,0.9296573400497437,0.22468750178813934,4.390669822692871,0.22624957235870732,0.22432129429140873,0.22354772095456488
733,0.9124609231948853,0.9499638080596924,0.22343750298023224,4.421417713165283,0.22574572300320256,0.22314631113614816,0.22256380761871453
734,0.915820300579071,0.9382913708686829,0.22984375059604645,4.366672515869141,0.23188228463768212,0.22948585892900641,0.22895719293655017
735,0.9167187213897705,0.9326480031013489,0.22687500715255737,4.3662238121032715,0.22786060728858004,0.2263599152951041,0.2254090639530263
736,0.9134570360183716,0.9418864250183105,0.23093749582767487,4.368142604827881,0.232299843722707,0.2304703988302741,0.2296608019434467
737,0.9140429496765137,0.9444896578788757,0.2208593785762787,4.358395099639893,0.2222969389772545,0.22040956030647024,0.21974900855331117
738,0.9158008098602295,0.9353901743888855,0.22773437201976776,4.3394269943237305,0.23000697224309055,0.22746318525225484,0.2270170363584276
739,0.9126562476158142,0.9479231834411621,0.22703124582767487,4.359681129455566,0.22922703249174398,0.2266788149532281,0.22580579551006788
740,0.9133007526397705,0.9451503753662109,0.2239062488079071,4.369024276733398,0.22430712488861154,0.22323193685386516,0.2218870710963992
741,0.9153125286102295,0.9333218932151794,0.22562499344348907,4.3854193687438965,0.2267866201989695,0.22490456149589488,0.22396673667412564
742,0.9147655963897705,0.9423288106918335,0.22812500596046448,4.358180999755859,0.22892900246316333,0.22771593574305007,0.22632310313658816
743,0.9137109518051147,0.9442489743232727,0.22437499463558197,4.352911949157715,0.22487230521161436,0.22337692230691392,0.22237697345288016
744,0.9158398509025574,0.9359758496284485,0.22523437440395355,4.36959171295166,0.22573146050826645,0.22475588304129623,0.22357735730793799
745,0.91650390625,0.9359337091445923,0.22914062440395355,4.367873668670654,0.22918483960917999,0.22853492111499707,0.22707079449953863
746,0.9151366949081421,0.9402546882629395,0.2290624976158142,4.3670454025268555,0.22929344453499284,0.22829682706978816,0.22715077660692312
747,0.9136523604393005,0.9438686966896057,0.22617188096046448,4.390721797943115,0.22621038049058384,0.22543513518633845,0.2242722292115346
748,0.9150000214576721,0.9366369843482971,0.22953124344348907,4.36940860748291,0.2300919653649723,0.22874338607401687,0.22767011177370378
749,0.9138867259025574,0.938417911529541,0.2264062464237213,4.3764729499816895,0.22788298400485435,0.2257678162801534,0.22484892471478735
750,0.9157421588897705,0.9342705607414246,0.22624999284744263,4.380340576171875,0.22762756824986927,0.22573198396615907,0.224991010122145
751,0.9183984398841858,0.9297820329666138,0.228515625,4.35682487487793,0.22972502538883177,0.22775955985114096,0.22690431683322443
752,0.9138281345367432,0.9358513355255127,0.22742187976837158,4.380265712738037,0.2280714593279256,0.22670196605430104,0.22551120282694403
753,0.9143359661102295,0.9452508687973022,0.22484375536441803,4.377162933349609,0.22583515457584297,0.22400725886819506,0.222988650674264
754,0.9149218797683716,0.9387043118476868,0.23218749463558197,4.366589546203613,0.23431870914768543,0.2314307306523832,0.2306872380473588
755,0.916699230670929,0.9347083568572998,0.22960937023162842,4.360450267791748,0.2301882635196711,0.22888769405409104,0.22751524383909708
756,0.9163281321525574,0.938330888748169,0.2258593738079071,4.366579055786133,0.22672398287334766,0.22501749805626428,0.22392362649996578
757,0.9170117378234863,0.9342232346534729,0.22703124582767487,4.385768413543701,0.22807826264246378,0.2263351027577085,0.22543514011271482
758,0.9185937643051147,0.931247353553772,0.22875000536441803,4.363411903381348,0.22836369680401722,0.22808525929378193,0.22652738284927185
759,0.9181835651397705,0.9308856725692749,0.2292187511920929,4.352128505706787,0.22992140317261736,0.22865675744009412,0.2272808810398467
760,0.9158788919448853,0.9386504292488098,0.22617188096046448,4.377286434173584,0.22665850542722746,0.2254683616675399,0.22436876471772615
761,0.916308581829071,0.9334897398948669,0.22648437321186066,4.352931976318359,0.2264682632825551,0.22571288122874328,0.2240528799562052
762,0.9155077934265137,0.9427078366279602,0.23054687678813934,4.364743232727051,0.2309529204600495,0.2297495536935161,0.22857828228953683
763,0.9168164134025574,0.9289984703063965,0.22914062440395355,4.349597930908203,0.22979286485521605,0.22844482113425785,0.22716383254035422
764,0.9150000214576721,0.9351879358291626,0.22367186844348907,4.3780388832092285,0.22501589738902614,0.22297024052093734,0.22220424582103335
765,0.9147851467132568,0.9389258027076721,0.2260156273841858,4.379579544067383,0.22701311459824602,0.22540514103849302,0.2242833391717677
766,0.9155663847923279,0.9384866952896118,0.22929687798023224,4.352243900299072,0.22953491866957199,0.2287350239367886,0.22743643807925484
767,0.9161523580551147,0.9372828006744385,0.22632811963558197,4.370539665222168,0.22659705439450867,0.22565953264690738,0.22451328211255092
768,0.9170507788658142,0.9347803592681885,0.2297656238079071,4.367462158203125,0.23082083893910682,0.22900201023580058,0.22812329524296968
769,0.9183202981948853,0.9308757185935974,0.2272656261920929,4.371199607849121,0.22859630630244426,0.22673152346500292,0.22586158245474824
770,0.9171484112739563,0.9341855049133301,0.2286718785762787,4.377010345458984,0.22983226729099987,0.22835052878909073,0.22727430655106753
771,0.9166406393051147,0.9308302998542786,0.22039061784744263,4.3916335105896,0.22200458292345493,0.22015906079821476,0.21914423040482328
772,0.9161913990974426,0.9338902235031128,0.23054687678813934,4.388998031616211,0.23188503136113775,0.22978416129239865,0.22866911885604846
773,0.9170898199081421,0.9291746616363525,0.23328125476837158,4.388985633850098,0.2332796317076518,0.23296369115462381,0.2313020676264269
774,0.9167382717132568,0.9269307851791382,0.22499999403953552,4.377923965454102,0.22550186363487912,0.2243467956237966,0.22319496521264556
775,0.9154101610183716,0.9346827864646912,0.2278124988079071,4.384701728820801,0.2288684228634396,0.22749113602284116,0.2263625116762997
776,0.9160546660423279,0.9369762539863586,0.22937500476837158,4.375699996948242,0.22964165201609715,0.228640657734816,0.2272115446142513
777,0.9160351753234863,0.9335756897926331,0.23195312917232513,4.363625526428223,0.23235252666999473,0.23132977947176114,0.2301286744338667
778,0.9154687523841858,0.938643217086792,0.22562499344348907,4.385916709899902,0.2265401004301819,0.22503433205914783,0.22399894807479706
779,0.9161523580551147,0.9362466931343079,0.22570312023162842,4.405806064605713,0.2272435215380074,0.22524645110439578,0.2242045480050382
780,0.9157617092132568,0.9334766268730164,0.22593750059604645,4.377528190612793,0.22720562977985342,0.22520505734055227,0.2243945082011427
781,0.9152538776397705,0.9345896244049072,0.228515625,4.381590366363525,0.22885285623422985,0.22771041251640656,0.2263443584494902
782,0.9150390625,0.9366177320480347,0.2317187488079071,4.382003307342529,0.23364228479832336,0.2307628819980615,0.2301205662903175
783,0.9174023270606995,0.9311951994895935,0.23023436963558197,4.3691487312316895,0.23104135873648007,0.2292976534340829,0.2282765643336433
784,0.9153125286102295,0.929253339767456,0.22734375298023224,4.3649210929870605,0.22700875474126558,0.2265751258740902,0.22491500231748382
785,0.9191015362739563,0.9238554239273071,0.23023436963558197,4.335074424743652,0.23058588330711643,0.22963867565505136,0.2284509554688325
786,0.9176366925239563,0.9259383678436279,0.22382812201976776,4.383603096008301,0.22507999950870794,0.22351615833609167,0.22252779918320342
787,0.9165234565734863,0.9362908005714417,0.23093749582767487,4.374154567718506,0.23213271151214546,0.2304592503731432,0.2296622964435706
788,0.9160546660423279,0.9330238103866577,0.22804687917232513,4.375786304473877,0.22862773197652678,0.22754178357936322,0.2264437370732773
789,0.9198242425918579,0.9228507876396179,0.2278124988079071,4.390362739562988,0.22920798147898194,0.22744605195425321,0.22659374946313543
790,0.9160937666893005,0.9351915121078491,0.22203125059604645,4.389644622802734,0.22351113252174193,0.2212222855096066,0.22095072038655517
791,0.9153906106948853,0.9385244846343994,0.22609375417232513,4.418732166290283,0.2276631526633771,0.2255575449758299,0.22481698619180673
792,0.9152538776397705,0.9386044144630432,0.22609375417232513,4.407597541809082,0.22717132465999398,0.22549287477331859,0.22451046227850863
793,0.9173046946525574,0.9336496591567993,0.22679688036441803,4.377917289733887,0.22800685029329004,0.22623052124006204,0.22540051752326773
794,0.9181054830551147,0.9283941388130188,0.22937500476837158,4.385601997375488,0.23167996893712844,0.22886233624785904,0.22851272922533258
795,0.9133594036102295,0.9406465888023376,0.22945313155651093,4.38785982131958,0.23032391415567716,0.22894970819879357,0.22806616648859274
796,0.9151172041893005,0.9349804520606995,0.2283593714237213,4.373969078063965,0.22974355548037184,0.22786293473510527,0.22713805578845914
797,0.9164843559265137,0.9333942532539368,0.22554688155651093,4.386674880981445,0.22676088281869505,0.22512636007784992,0.22443335344691054
798,0.9164453148841858,0.9297196269035339,0.2278124988079071,4.3902153968811035,0.22795507558074102,0.22743598998162468,0.22611066867263163
799,0.9150390625,0.9395061731338501,0.22765624523162842,4.367750644683838,0.228709744479837,0.22761232193167436,0.2266030523391518
800,0.9141210913658142,0.939292848110199,0.23109374940395355,4.39651346206665,0.232099046881789,0.23074812284179275,0.22941198993686357
801,0.91748046875,0.9339861273765564,0.2272656261920929,4.399806499481201,0.22898398740963044,0.226706742533976,0.22571698441599403
802,0.9155663847923279,0.9328807592391968,0.232421875,4.385678291320801,0.2341420522283461,0.232028692192902,0.2311079924640118
803,0.917675793170929,0.9315596222877502,0.22718749940395355,4.3799848556518555,0.2278408537944322,0.22642745693620156,0.22552010407547968
804,0.9166796803474426,0.9322936534881592,0.23109374940395355,4.39097785949707,0.2326277249775437,0.23048897455069978,0.22977257400006496
805,0.914746105670929,0.9365696907043457,0.22890624403953552,4.417860984802246,0.23019613002522152,0.2281840545015143,0.22769592760809113
806,0.9190429449081421,0.9271599650382996,0.22945313155651093,4.377676486968994,0.2301105501780885,0.22891027335946218,0.22782191201295038
807,0.9150976538658142,0.9364675879478455,0.22765624523162842,4.392063140869141,0.22890003013793753,0.22726788658602617,0.2262530347974429
808,0.9168554544448853,0.9309394359588623,0.2310156226158142,4.394131660461426,0.23262576344775485,0.2306065150728528,0.2297214262767992
809,0.9163281321525574,0.9350737929344177,0.23054687678813934,4.376623153686523,0.23207244898973617,0.22988544166840041,0.2292955454735642
810,0.918652355670929,0.930818498134613,0.23078125715255737,4.3947014808654785,0.2312854911947968,0.230040369599566,0.22878501769497028
811,0.9168164134025574,0.9297621846199036,0.23132812976837158,4.371212005615234,0.23203007647607135,0.2308688232162751,0.22966182619272152
812,0.9177148342132568,0.9292264580726624,0.22648437321186066,4.3759331703186035,0.2267237901578562,0.2259442274566236,0.22445065614954615
813,0.9201757907867432,0.9238842129707336,0.22765624523162842,4.368640422821045,0.22847807397192638,0.22694895497611745,0.2259205013717994
814,0.9156249761581421,0.9349470734596252,0.2286718785762787,4.383277416229248,0.22983381062164165,0.22810132399158037,0.22733238231713698
815,0.9171679615974426,0.9301851391792297,0.23093749582767487,4.360641002655029,0.23222344948618806,0.23051019169291295,0.22946787641828087
816,0.9180077910423279,0.9295160174369812,0.22953124344348907,4.372491359710693,0.2308447141576997,0.22880724941606426,0.22782099525080132
817,0.9202929735183716,0.9190914034843445,0.22609375417232513,4.390779495239258,0.22650489747195904,0.22556305152030212,0.22431352211191097
818,0.9214062690734863,0.9164734482765198,0.2260156273841858,4.388696670532227,0.22710494080530003,0.22547591136776884,0.22448687911409143
819,0.91650390625,0.9286668300628662,0.22414062917232513,4.420915126800537,0.2248381788737076,0.22328486524436217,0.2223165695268367
820,0.914355456829071,0.9410591721534729,0.22499999403953552,4.409738063812256,0.22573374404964264,0.2242965747274369,0.2232055767375658
821,0.9130859375,0.9420639276504517,0.22382812201976776,4.4336466789245605,0.22481235839216468,0.22291428863354926,0.22195672447594836
822,0.9162499904632568,0.9338547587394714,0.22937500476837158,4.393417835235596,0.2298055118592627,0.22859309827386703,0.22737539986426153
823,0.9169531464576721,0.9292960166931152,0.22953124344348907,4.405994415283203,0.23022044002013037,0.22897269009879623,0.227742229128709
824,0.9181249737739563,0.9298904538154602,0.2267187535762787,4.402458190917969,0.22683757689590836,0.22583635102421162,0.2246431378508691
825,0.916308581829071,0.9322926998138428,0.22773437201976776,4.400575160980225,0.22906797405192725,0.22743542549203533,0.22678926691845447
826,0.9170703291893005,0.928074061870575,0.23273438215255737,4.3974609375,0.2335133761780534,0.2318435406954783,0.23102746587043066
827,0.9197656512260437,0.9208717346191406,0.22914062440395355,4.4057111740112305,0.2296837314220108,0.22845384870161525,0.22736484319857886
828,0.9188867211341858,0.926602840423584,0.23218749463558197,4.379439353942871,0.23321863794335418,0.2315321133728038,0.2303506783862066
829,0.9189648628234863,0.9216110706329346,0.22843749821186066,4.373950004577637,0.22901213529844863,0.22750048670740664,0.22646183677968784
830,0.9183398485183716,0.9276857972145081,0.2329687476158142,4.36890983581543,0.23421535969744683,0.23216800014172176,0.23128381628438877
831,0.9170507788658142,0.9289642572402954,0.22757811844348907,4.403284072875977,0.22921735533234155,0.22677047398375405,0.2262017815662653
832,0.9185546636581421,0.9249924421310425,0.22757811844348907,4.398843288421631,0.22849018614442135,0.2267988979033878,0.2260274535236724
833,0.9164843559265137,0.92793869972229,0.2221093773841858,4.401487827301025,0.2235381632772507,0.22140595769728946,0.2207129391449838
834,0.9193750023841858,0.9229389429092407,0.22734375298023224,4.400034427642822,0.22765895481330545,0.2264133112248744,0.22508157657308456
835,0.9186132550239563,0.9236605167388916,0.22429686784744263,4.385241508483887,0.2251079560476088,0.2230643902498884,0.22229336654279827
836,0.9192578196525574,0.9243529438972473,0.2264062464237213,4.386177062988281,0.22620939268037651,0.2252706934849094,0.22416936360257803
837,0.9190234541893005,0.9224880337715149,0.22890624403953552,4.396515846252441,0.22909299630103272,0.22787841346225138,0.2267276841065536
838,0.9178906083106995,0.923668384552002,0.22226563096046448,4.415287017822266,0.2234621181939222,0.2217131895736778,0.22047708910548347
839,0.9184960722923279,0.9222997426986694,0.2272656261920929,4.392093181610107,0.22794074604721581,0.22660940097639365,0.2253390135189586
840,0.9200390577316284,0.9231362342834473,0.22765624523162842,4.366090297698975,0.22838397662587928,0.22692517115583688,0.22595141167774863
841,0.91943359375,0.9239293932914734,0.22617188096046448,4.379473686218262,0.22660811898475375,0.22559006390549097,0.2242820010732818
842,0.9171679615974426,0.9259837865829468,0.2290624976158142,4.378274440765381,0.22874552478660332,0.22820200598491397,0.2269238093276367
843,0.9192968606948853,0.9206897020339966,0.22562499344348907,4.379779815673828,0.22608666653902176,0.22476754278615363,0.2236320778234162
844,0.9150781035423279,0.9353637099266052,0.2310156226158142,4.381960391998291,0.23177702185143023,0.2304897754799572,0.22940247359156896
845,0.9168554544448853,0.9327972531318665,0.22624999284744263,4.389273643493652,0.22775090821543947,0.2255359533629518,0.22484818454465166
846,0.9173046946525574,0.9292342662811279,0.22828124463558197,4.389068126678467,0.22960514321017256,0.22766120564406656,0.2266656788276733
847,0.9183984398841858,0.9232189059257507,0.22757811844348907,4.390542984008789,0.2282105433334145,0.22683460875409112,0.2257605662833831
848,0.918749988079071,0.9241310358047485,0.22898437082767487,4.386796474456787,0.23001466382029184,0.22830895535460333,0.22723876731655052
849,0.9193750023841858,0.9246360659599304,0.22828124463558197,4.384932994842529,0.22927787591530713,0.227480993079527,0.22661588592422474
850,0.9178711175918579,0.9253825545310974,0.22328124940395355,4.411907196044922,0.22380747805109258,0.22247453228040495,0.2213213126307181
851,0.9172656536102295,0.9289195537567139,0.23250000178813934,4.388463020324707,0.23297544554239316,0.23147199824034972,0.23006678158047983
852,0.9163671731948853,0.9339483380317688,0.22687500715255737,4.397912502288818,0.22797261131901783,0.22624568359372652,0.2251747130868349
853,0.9163281321525574,0.9344016909599304,0.22812500596046448,4.398827075958252,0.22877949447120577,0.2273169915262202,0.22620576012200447
854,0.91650390625,0.9311023950576782,0.22937500476837158,4.3715434074401855,0.22992898984032395,0.22824520395111336,0.22707492653923866
855,0.9184179902076721,0.9258968830108643,0.2336718738079071,4.36668586730957,0.23441677466666516,0.23255315760116818,0.23155513995759397
856,0.9186913967132568,0.9268488883972168,0.22859375178813934,4.378565311431885,0.22960749122251845,0.227986325156224,0.22685062252286287
857,0.9194726347923279,0.9241204857826233,0.22812500596046448,4.355273723602295,0.22924841789441663,0.2274237346419054,0.2266558905573256
858,0.9195703268051147,0.9187500476837158,0.22757811844348907,4.370980262756348,0.22902047179662482,0.22709385094719284,0.22625166971153263
859,0.9181054830551147,0.9249935746192932,0.2272656261920929,4.394423961639404,0.22844519118521583,0.2266248305725675,0.22575631391019754
860,0.9180663824081421,0.9277188777923584,0.2260156273841858,4.352643966674805,0.22590731552782733,0.2253756753735497,0.2241576330056251
861,0.9199804663658142,0.9199102520942688,0.23359374701976776,4.363584995269775,0.234827392777398,0.23277151373300012,0.23200170044021112
862,0.9187890887260437,0.9247158169746399,0.23265625536441803,4.375599384307861,0.23309660108723906,0.23176172116897786,0.2306366430378512
863,0.9188867211341858,0.9233806729316711,0.23234374821186066,4.362236976623535,0.23315572174709906,0.2317170502448824,0.23081487786005317
864,0.9207617044448853,0.9167796969413757,0.2271093726158142,4.384487152099609,0.22788270245308448,0.22633417895491975,0.22557261027819236
865,0.9204687476158142,0.9213076829910278,0.22679688036441803,4.378148078918457,0.228477046945159,0.2262044772001101,0.22557166385889127
866,0.9188867211341858,0.921963095664978,0.22492188215255737,4.399117946624756,0.22574384105475678,0.22440058511167857,0.2233927686904174
867,0.9178711175918579,0.9249690771102905,0.22828124463558197,4.395917892456055,0.2293322377206588,0.2274513769010954,0.2265090877934764
868,0.9174023270606995,0.9273689985275269,0.232421875,4.376302719116211,0.23325515725810403,0.23169359738477893,0.23076851978226084
869,0.9191796779632568,0.919867992401123,0.23000000417232513,4.370838165283203,0.23119755589041882,0.22909886526163198,0.22862698835911446
870,0.9178320169448853,0.9230621457099915,0.22812500596046448,4.388185024261475,0.22828071658412813,0.22748697556914216,0.2262053673427884
871,0.9173437356948853,0.9250720143318176,0.23000000417232513,4.389430046081543,0.2301293338819666,0.22956557144417078,0.22833109773914229
872,0.9191210865974426,0.9219335913658142,0.22937500476837158,4.391237735748291,0.23023187530985267,0.22875384035876017,0.22803897298969572
873,0.9204297065734863,0.915629506111145,0.2264062464237213,4.385400295257568,0.22714345520957102,0.225630040953826,0.22459542803434748
874,0.9180273413658142,0.9222049117088318,0.2310156226158142,4.364861011505127,0.23127146353194522,0.23038189123061104,0.22934803546276944
875,0.9181835651397705,0.9223275780677795,0.22945313155651093,4.393614292144775,0.230111975557687,0.22881946712462342,0.22785411014686396
876,0.9187109470367432,0.9249668717384338,0.22960937023162842,4.357405185699463,0.230238621338262,0.22906940082908195,0.22801467797667552
877,0.92138671875,0.9196115732192993,0.22593750059604645,4.370626926422119,0.22734382458652186,0.22529885219640297,0.22448035697768254
878,0.9213671684265137,0.9174414277076721,0.2342187464237213,4.359355926513672,0.23564142231877722,0.23353553636628901,0.2327165105206423
879,0.9180468916893005,0.9224193096160889,0.2244531214237213,4.407645225524902,0.2251329075260805,0.2234726644574414,0.22242398961641904
880,0.9172461032867432,0.9271637201309204,0.22687500715255737,4.3906331062316895,0.22709478183213055,0.22600323095640112,0.22461760241416537
881,0.9199023246765137,0.9182907938957214,0.23015624284744263,4.39601993560791,0.2309820432484841,0.2295211612082503,0.22849476365680574
882,0.9207422137260437,0.9156952500343323,0.22789062559604645,4.408995628356934,0.22867079473012003,0.22717501627312015,0.2259980416240071
883,0.9187304973602295,0.9243682026863098,0.22624999284744263,4.419002532958984,0.2267147025539676,0.22543209886698518,0.2243330407065069
884,0.918652355670929,0.9230577349662781,0.23179687559604645,4.411188125610352,0.233989990103198,0.23106776771916987,0.2307611073580222
885,0.9183984398841858,0.9215725660324097,0.2342187464237213,4.415607452392578,0.23568865534468855,0.2336330984409658,0.23288391147958185
886,0.9190429449081421,0.9191410541534424,0.2310156226158142,4.394128799438477,0.23179374692102211,0.23041061890378808,0.22941085655135487
887,0.9159960746765137,0.9318206906318665,0.22718749940395355,4.398465633392334,0.22821734465172794,0.22671649249083037,0.22572895584555291
888,0.9173437356948853,0.9259629249572754,0.23023436963558197,4.373140335083008,0.23145069263878648,0.2295923867936591,0.22855733599377343
889,0.9171484112739563,0.9282676577568054,0.2325781285762787,4.399302959442139,0.23314169575611093,0.2318775605116904,0.23079336789914903
890,0.9178125262260437,0.9275782108306885,0.232421875,4.3886919021606445,0.23384111941363084,0.2319880725703502,0.2313255001429162
891,0.9185546636581421,0.9247602224349976,0.23078125715255737,4.390240669250488,0.23268891880059192,0.23035854868624722,0.22966886353762256
892,0.9197070598602295,0.9193990230560303,0.23499999940395355,4.393394947052002,0.23655602794118913,0.2343566751674302,0.23349360162991506
893,0.9225195050239563,0.9110703468322754,0.23125000298023224,4.405422210693359,0.23188619447956477,0.23056080989284672,0.22957296661114285
894,0.9213281273841858,0.9128289818763733,0.2271093726158142,4.38453483581543,0.22802101428833021,0.22646660516544367,0.2254682546208494
895,0.9183984398841858,0.9200147390365601,0.23148436844348907,4.404829025268555,0.23194245476355513,0.2306817023036989,0.2296812198951879
896,0.9180859327316284,0.926891028881073,0.22679688036441803,4.4284987449646,0.227204516451341,0.22594113096485252,0.22481622444775023
897,0.9188671708106995,0.9200465679168701,0.22875000536441803,4.409212112426758,0.22967825503827932,0.22785165891532533,0.2268726963958897
898,0.9165624976158142,0.9266913533210754,0.2331250011920929,4.398331165313721,0.23399284198824027,0.23254356321530636,0.2313168943099171
899,0.91943359375,0.9194017052650452,0.23640625178813934,4.3791093826293945,0.236492447695122,0.23570677616182611,0.23439159548670668
900,0.9164062738418579,0.9311386346817017,0.23671874403953552,4.385873317718506,0.23841873006841582,0.2362597874320243,0.2351337514950912
901,0.9166796803474426,0.9291908740997314,0.23335938155651093,4.393546104431152,0.23472478757616175,0.23309881461808857,0.23232029855152694
902,0.9190624952316284,0.9211694598197937,0.23390625417232513,4.358433723449707,0.23541633662286238,0.23332442699069994,0.23259358453653833
903,0.9205859303474426,0.9171853065490723,0.23484374582767487,4.377702713012695,0.23753602209645897,0.2343649027221753,0.23411091546538337
904,0.9176172018051147,0.9241077899932861,0.23359374701976776,4.3850998878479,0.23464317668115928,0.23273115528713412,0.23172083399220622
905,0.9173828363418579,0.9233701229095459,0.22765624523162842,4.414628505706787,0.2276419279539165,0.22714513669405872,0.22577931765414982
906,0.9187109470367432,0.9249436259269714,0.22804687917232513,4.3910908699035645,0.22913478499838014,0.22735924141268926,0.22645246219570522
907,0.9197070598602295,0.9248241186141968,0.22984375059604645,4.373716831207275,0.23079893665467777,0.22922080459072325,0.22812544533095042
908,0.9172070026397705,0.9252185821533203,0.23085936903953552,4.375102996826172,0.2319981974798679,0.22990948935718586,0.22941124090967982
909,0.9189257621765137,0.9196776747703552,0.23093749582767487,4.387135028839111,0.23237786029649768,0.23008926183299744,0.22961124231788363
910,0.9175000190734863,0.9246387481689453,0.23398438096046448,4.392658233642578,0.23585654405294887,0.23327489853534705,0.23256242832138696
911,0.9211719036102295,0.915902316570282,0.2299218773841858,4.375741958618164,0.2310396307920429,0.2292726421876995,0.22837918292057177
912,0.9225195050239563,0.9123000502586365,0.23039062321186066,4.356960773468018,0.231769311028248,0.22967052537136468,0.2286890364839631
913,0.9204882979393005,0.9173585772514343,0.2345312535762787,4.364497184753418,0.23607425280605715,0.23356706320925363,0.23304657464635664
914,0.9191796779632568,0.9162557125091553,0.23531250655651093,4.361906051635742,0.23666790115588263,0.2347765219429805,0.2338155520967662
915,0.923046886920929,0.9079900979995728,0.22890624403953552,4.379619121551514,0.22960992513330755,0.22830131508126558,0.22749618728570598
916,0.9189843535423279,0.920514702796936,0.2265625,4.4036664962768555,0.22805882339113115,0.22586109272593916,0.22523474223021064
917,0.919628918170929,0.9163250923156738,0.2299218773841858,4.363668918609619,0.2304504727770945,0.22925975105008622,0.2281082103504772
918,0.9208984375,0.9146173596382141,0.23289062082767487,4.366356372833252,0.23397999446210505,0.23209275102877225,0.2311238491464162
919,0.9202929735183716,0.9174965620040894,0.22929687798023224,4.39138650894165,0.23125379064677998,0.22864721498921275,0.22817148775901158
920,0.9207226634025574,0.9138991832733154,0.2297656238079071,4.376523017883301,0.23017474452228215,0.22910834497827998,0.2280931937638813
921,0.9200780987739563,0.9195547699928284,0.2331250011920929,4.361354351043701,0.2358991971028882,0.23297414553445112,0.23261373664653598
922,0.9200195074081421,0.9134621620178223,0.23007813096046448,4.39150333404541,0.23116651721541615,0.22957515218304836,0.2287245794548939
923,0.9189453125,0.9195463061332703,0.2299218773841858,4.356719970703125,0.23063936769638993,0.22925205368873763,0.2284251532690006
924,0.918749988079071,0.9223137497901917,0.23093749582767487,4.38584041595459,0.2323108159615583,0.23046175699183324,0.22982166164118667
925,0.9175976514816284,0.9255012273788452,0.23265625536441803,4.391523838043213,0.2332639671299634,0.2318536342566634,0.23088530992772846
926,0.9194726347923279,0.9183578491210938,0.2318750023841858,4.382231712341309,0.2327220978822986,0.23129459460667987,0.23023282782668514
927,0.9182422161102295,0.9214687943458557,0.2329687476158142,4.376410961151123,0.23367312248929353,0.23253360546731508,0.23146611206222156
928,0.9201562404632568,0.9192521572113037,0.2310156226158142,4.394941806793213,0.23244870036664803,0.23025492285970703,0.22955768120458017
929,0.9221484661102295,0.9077486991882324,0.23328125476837158,4.385108470916748,0.2343232416182778,0.23276915777803947,0.23167681175872817
930,0.9210546612739563,0.9137818813323975,0.23406249284744263,4.370371341705322,0.23533513829456465,0.23332895600337572,0.23264488064446842
931,0.9208788871765137,0.9145006537437439,0.23109374940395355,4.3578410148620605,0.23260556267933466,0.23031189951270475,0.2295310184449516
932,0.9198437333106995,0.9202464818954468,0.2349218726158142,4.362802982330322,0.23538174097616127,0.23431358124880836,0.2331439266588805
933,0.9191796779632568,0.9175074696540833,0.23624999821186066,4.382501125335693,0.23818070219919524,0.23550779431600483,0.23479327292458219
934,0.9192773699760437,0.9197301268577576,0.23304687440395355,4.390531539916992,0.23532077798829287,0.2324403028697591,0.2317620999651
935,0.9203711152076721,0.9132235646247864,0.23445312678813934,4.37909460067749,0.2355104084669622,0.23373984467710424,0.23274572181119602
936,0.9206640720367432,0.9200335741043091,0.23023436963558197,4.393832683563232,0.23082357975961543,0.2294888138267877,0.22823500909207747
937,0.9197656512260437,0.9244768023490906,0.23007813096046448,4.398684024810791,0.23074820844400673,0.22907793348153077,0.2282954039400086
938,0.9165820479393005,0.9257944226264954,0.23460938036441803,4.370586395263672,0.23497067955439693,0.23395251307255022,0.23266075867382013
939,0.9196484088897705,0.9228599071502686,0.23140625655651093,4.387124538421631,0.23179373823098218,0.2306988998079526,0.22950721695525236
940,0.9193554520606995,0.9211181402206421,0.23078125715255737,4.368980884552002,0.2322119850375956,0.23037577076691612,0.229576729183505
941,0.9216406345367432,0.9123193621635437,0.23218749463558197,4.390052318572998,0.23289859603145574,0.2312968660317129,0.23034863989940468
942,0.921093761920929,0.9111745953559875,0.23109374940395355,4.360608100891113,0.2310079922133524,0.23048739460784717,0.22897241270669072
943,0.9202734231948853,0.9155198931694031,0.23398438096046448,4.374677658081055,0.2349872903725702,0.23336891186852388,0.2323580802801049
944,0.9192187786102295,0.9191741943359375,0.2338281273841858,4.382028579711914,0.2342009298812753,0.23305904662572022,0.23167301045871527
945,0.9214062690734863,0.9138303399085999,0.22984375059604645,4.378279209136963,0.23122961543514794,0.22933818281171936,0.22871176768917478
946,0.9219531416893005,0.9085396528244019,0.2286718785762787,4.381188869476318,0.22912167757141888,0.2279446205167573,0.22700969777422553
947,0.9220507740974426,0.9085216522216797,0.23039062321186066,4.390201568603516,0.23081271133789455,0.2298412042169145,0.22878274841398025
948,0.9175781011581421,0.9209207892417908,0.23273438215255737,4.366086483001709,0.23365691758830287,0.23198388137734444,0.2309745571071202
949,0.9213281273841858,0.9118388295173645,0.23265625536441803,4.3846821784973145,0.23391021267390966,0.23192862180197485,0.23118485198152658
950,0.920214831829071,0.9193689227104187,0.23140625655651093,4.393355846405029,0.23252038165848649,0.2308877372105469,0.230220326553423
951,0.9185156226158142,0.921983540058136,0.236328125,4.390822887420654,0.23710576201821026,0.235607663190117,0.2347337936219421
952,0.9217578172683716,0.9108673930168152,0.23078125715255737,4.404210567474365,0.23283644341259163,0.23030642054742004,0.22966441624912282
953,0.9225780963897705,0.908497154712677,0.23250000178813934,4.417722702026367,0.23368491493425864,0.2320873214496592,0.23102512422216248
954,0.9229687452316284,0.9068896770477295,0.2279687523841858,4.389890193939209,0.229751624544063,0.22755162785694535,0.22682008915734433
955,0.9231836199760437,0.9055197238922119,0.22843749821186066,4.385217666625977,0.2294493668914299,0.2277990054133679,0.2271850365335149
956,0.9190820455551147,0.9172523021697998,0.23398438096046448,4.410445690155029,0.23510372768652066,0.23324490952069896,0.23243691725300109
957,0.9212109446525574,0.9133418798446655,0.23085936903953552,4.406208038330078,0.23131172031957262,0.23018261102595994,0.22906759679710847
958,0.9199804663658142,0.9137895107269287,0.23343749344348907,4.38509464263916,0.2349318687769756,0.23284225545627169,0.231874296031907
959,0.9225976467132568,0.9080092906951904,0.23093749582767487,4.376768112182617,0.2313190616978399,0.2304154644539373,0.2291183088047786
960,0.9223046898841858,0.9044060707092285,0.23007813096046448,4.372834205627441,0.23184185234103066,0.22952814169634478,0.2289240675090648
961,0.9218359589576721,0.9116182923316956,0.22859375178813934,4.378633975982666,0.22975545111680518,0.22803281137751175,0.22708466317479947
962,0.9210742115974426,0.9108521938323975,0.234375,4.380838394165039,0.2346305012585962,0.23338101657687127,0.23224514052529968
963,0.9210742115974426,0.9100925326347351,0.22914062440395355,4.384768962860107,0.22975489205564353,0.2284590999083234,0.22743963505955575
964,0.9204882979393005,0.9151812791824341,0.23078125715255737,4.363603115081787,0.2320456488101046,0.23016015506704268,0.2294050728961081
965,0.922656238079071,0.9045315384864807,0.2297656238079071,4.3813886642456055,0.23079165109202504,0.22903537238989174,0.22816118269584224
966,0.9229882955551147,0.9064469933509827,0.2303124964237213,4.384127616882324,0.2311486002117924,0.22969731009812183,0.2286908614310002
967,0.9209179878234863,0.9079739451408386,0.23078125715255737,4.366075038909912,0.23137607585047792,0.23052664065665898,0.22930158980006254
968,0.9184179902076721,0.9162194728851318,0.2350781261920929,4.351731300354004,0.23590091787362982,0.23443905062491102,0.2334482833264198
969,0.9188085794448853,0.9202357530593872,0.23304687440395355,4.37591552734375,0.23373711771090322,0.23239259406774931,0.23140953270256187
970,0.9202734231948853,0.9196603298187256,0.23281249403953552,4.384937286376953,0.23458670868188358,0.23198005749405787,0.23134912806680968
971,0.9188085794448853,0.9185200333595276,0.23343749344348907,4.366650581359863,0.23477407040662743,0.2326198301655298,0.23177795156724318
972,0.92138671875,0.9126232266426086,0.23570312559604645,4.369318008422852,0.23638302717495066,0.23493202741495517,0.23407470193254426
973,0.9209960699081421,0.9109777808189392,0.2338281273841858,4.388137340545654,0.23464897429587928,0.23320180297172322,0.2323651166676876
974,0.9175000190734863,0.9205408692359924,0.23046875,4.383362770080566,0.23154751958985043,0.2298766265339911,0.2291355771353326
975,0.9193164110183716,0.9139965176582336,0.2303124964237213,4.355723857879639,0.23105939356816613,0.22986683699327443,0.22890585869055338
976,0.9208398461341858,0.9154976010322571,0.2311718761920929,4.37258768081665,0.23075926001933547,0.23052616514978716,0.22885658922912644
977,0.920703113079071,0.9146445989608765,0.23726563155651093,4.349032402038574,0.23906180610102795,0.2366112329946995,0.2361460721065948
978,0.9192773699760437,0.9194276928901672,0.2318750023841858,4.367974758148193,0.2333188287130581,0.23128741067465264,0.2303878377251567
979,0.9200000166893005,0.9122562408447266,0.2345312535762787,4.357779026031494,0.23549075525467364,0.23382766001656163,0.23292334799898562
980,0.9207226634025574,0.9168954491615295,0.23164062201976776,4.366219520568848,0.2319677047465848,0.23095982083433575,0.2297145207295883
981,0.9215429425239563,0.9142844676971436,0.2317187488079071,4.358088970184326,0.23176152976299727,0.23074460927126125,0.22941495641866022
982,0.9212890863418579,0.9105476140975952,0.23640625178813934,4.375606060028076,0.23688085788868415,0.23562487658615572,0.23439875733042714
983,0.9200000166893005,0.9121456742286682,0.2310156226158142,4.37063455581665,0.230856187603744,0.22984271764780298,0.22859063851467204
984,0.9212499856948853,0.9126799702644348,0.23398438096046448,4.355566501617432,0.23557940459827714,0.23334498822525213,0.2325547425557194
985,0.9189257621765137,0.9155428409576416,0.2310156226158142,4.389782905578613,0.23170371801001746,0.23006499347950077,0.22920696873877328
986,0.9227539300918579,0.9069734811782837,0.23281249403953552,4.367279529571533,0.23287988614462532,0.23225396323736308,0.23082413929892331
987,0.9233984351158142,0.9026042222976685,0.23281249403953552,4.369537830352783,0.23443691332672145,0.23217976225966175,0.23116660140470546
988,0.9208008050918579,0.9126772284507751,0.23609374463558197,4.347614288330078,0.2367604847012179,0.23547922261665907,0.23400506513797076
989,0.9214257597923279,0.9100567698478699,0.2303124964237213,4.355564594268799,0.23180658390822712,0.22973406425968015,0.22882794868632306
990,0.9220117330551147,0.906355619430542,0.23515625298023224,4.379886150360107,0.23638264860060015,0.23472740165663317,0.23363728858860947
991,0.9217968583106995,0.9084786176681519,0.23445312678813934,4.362122058868408,0.23676066613978053,0.23374881069647796,0.23339275924678854
992,0.9208593964576721,0.9116560220718384,0.23539061844348907,4.3610310554504395,0.23612511048394896,0.23463087680874067,0.2336666903417296
993,0.9229882955551147,0.9063301682472229,0.234375,4.342912197113037,0.23671421885094235,0.23358132014753122,0.23325726474009567
994,0.9212304949760437,0.9104426503181458,0.23359374701976776,4.375518321990967,0.23496468898028877,0.23313781649046011,0.23223811060033406
995,0.9224414229393005,0.9085592031478882,0.23710937798023224,4.359189033508301,0.2381179797567593,0.2363426055212442,0.23523744580798334
996,0.9240624904632568,0.9015934467315674,0.23890624940395355,4.358118057250977,0.23973776442928277,0.2379955442507306,0.23656268982859302
997,0.9187695384025574,0.912708044052124,0.2396875023841858,4.361240386962891,0.2406501633933853,0.2391746488017187,0.2381135247567497
998,0.9186132550239563,0.9184436798095703,0.23468750715255737,4.3706159591674805,0.2362071925582466,0.23417359821073075,0.23343159085290016
999,0.9195312261581421,0.9136587381362915,0.2336718738079071,4.346901893615723,0.23372171837269173,0.23309019860982852,0.2317058879034504
