epoch,accuracy,loss,val_accuracy,val_loss,val_precision,val_recall,val_f1
0,0.0037304686848074198,11.14136028289795,0.002968749962747097,10.593221664428711,0.0026410117420001752,0.002963152679449025,0.0024658300390468014
1,0.005683593917638063,10.73124885559082,0.0044531249441206455,10.333370208740234,0.004726145024499796,0.004442747130640036,0.004295336686814027
2,0.008593750186264515,10.39560317993164,0.005546874832361937,10.110950469970703,0.005423566154529621,0.005500130417166602,0.0052725063998032996
3,0.010996093973517418,10.080536842346191,0.005156250204890966,9.898146629333496,0.004874920321953042,0.0050455630551866255,0.004786460372827766
4,0.012382812798023224,9.79296588897705,0.005703125149011612,9.695374488830566,0.005511013371647982,0.0055540263915829485,0.005260375588551133
5,0.017832031473517418,9.510932922363281,0.0074218749068677425,9.496371269226074,0.0067324802709819755,0.007237807400401111,0.0066779016963150525
6,0.021718749776482582,9.237149238586426,0.008906249888241291,9.29978084564209,0.008157121471655836,0.00868405023491828,0.008130429340403533
7,0.02744140662252903,8.974068641662598,0.01171875,9.102045059204102,0.010588712881808883,0.01140515563165501,0.010500426251386547
8,0.03544921800494194,8.70213794708252,0.014687499962747097,8.895294189453125,0.013792359825571924,0.014399089516901952,0.013447979057121733
9,0.045625001192092896,8.426514625549316,0.016093749552965164,8.673340797424316,0.014482826719608549,0.015746664763805134,0.014531593619041428
10,0.056855469942092896,8.152907371520996,0.02187499962747097,8.43777084350586,0.02021640777738421,0.02138828001247074,0.019818330465885305
11,0.07648437470197678,7.844005584716797,0.029140625149011612,8.174232482910156,0.026617090431853355,0.028539810938840796,0.026197168054696036
12,0.09574218839406967,7.533029079437256,0.03929687663912773,7.894169807434082,0.03864978584068367,0.03858410404988461,0.03623556320727482
13,0.11873047053813934,7.2092061042785645,0.05296875163912773,7.593646049499512,0.052014360190454724,0.052040364289700956,0.049213212271113624
14,0.15042968094348907,6.8769707679748535,0.06898437440395355,7.281379222869873,0.06863147058300292,0.06786481402626413,0.06412579131249672
15,0.18017578125,6.542967319488525,0.09023437649011612,6.954123020172119,0.09131527815470852,0.0887045938776612,0.0847933622059863
16,0.2230859398841858,6.1932878494262695,0.1198437511920929,6.622028827667236,0.11988604832623878,0.11802278885367148,0.11281050177028176
17,0.26021483540534973,5.86636209487915,0.15210936963558197,6.290719032287598,0.1538699395301858,0.14996662337020386,0.14565054823939177
18,0.3018164038658142,5.547295093536377,0.1892968714237213,5.973146438598633,0.19112511450813083,0.18668229687982252,0.18152095153096048
19,0.3465625047683716,5.228464126586914,0.23023436963558197,5.663402557373047,0.23102702339774173,0.2278101755603872,0.22239972141317926
20,0.3893359303474426,4.9339919090271,0.263671875,5.365664005279541,0.26549940105610503,0.26100340215356754,0.25588430184047734
21,0.43482422828674316,4.651217460632324,0.3087500035762787,5.087784767150879,0.3122792965005621,0.305922240744751,0.3023501624682947
22,0.4698828160762787,4.394740581512451,0.34398436546325684,4.830432415008545,0.34749268915535847,0.3407491127933986,0.33753814832932116
23,0.5107421875,4.153918743133545,0.3831250071525574,4.587631702423096,0.3885017735747209,0.38037220397814464,0.378250973734693
24,0.5427148342132568,3.9307117462158203,0.41609373688697815,4.3658671379089355,0.42095739679055977,0.4133996054974739,0.41083881770719755
25,0.5738086104393005,3.729423761367798,0.4426562488079071,4.1630778312683105,0.447807640160505,0.4400061948593131,0.43757630745615783
26,0.6041210889816284,3.5433874130249023,0.4730468690395355,3.9679970741271973,0.47927665786982687,0.4706020579223102,0.468672764588381
27,0.6299999952316284,3.366933584213257,0.4950000047683716,3.7984042167663574,0.5000189380737188,0.49251089397864717,0.4910483082172085
28,0.6600781083106995,3.1987555027008057,0.5227344036102295,3.6361007690429688,0.5266592311186922,0.5205603551693867,0.5187000975475082
29,0.6769335865974426,3.0578222274780273,0.5442187786102295,3.4840056896209717,0.5492352530045855,0.5418265131743238,0.5409041491205457
30,0.7001367211341858,2.9199187755584717,0.5662500262260437,3.343263626098633,0.571851802915389,0.5643580341937876,0.56386047224191
31,0.7180273532867432,2.795611619949341,0.5824218988418579,3.2162888050079346,0.5875275330532725,0.5807514430243764,0.5798270186588089
32,0.7353711128234863,2.6692235469818115,0.5982812643051147,3.093143939971924,0.6036155558813012,0.5969765429338465,0.5962251251216364
33,0.7576953172683716,2.5507211685180664,0.6148437261581421,2.977358102798462,0.6194351053360957,0.6131942687253314,0.612985525105793
34,0.769824206829071,2.4492528438568115,0.6317968964576721,2.8718461990356445,0.6366956759328792,0.6302056526999011,0.6299175536165282
35,0.7794530987739563,2.3543264865875244,0.6391406059265137,2.7740659713745117,0.6445160087901807,0.6379198610246157,0.6378799451037367
36,0.7928320169448853,2.2635903358459473,0.6551562547683716,2.679807186126709,0.6615588498840449,0.6538359802448468,0.6536603006009812
37,0.8054101467132568,2.1772501468658447,0.6663281321525574,2.586188316345215,0.6707838652859677,0.6645206202596344,0.6643191984390676
38,0.8132617473602295,2.095003128051758,0.6749218702316284,2.509983777999878,0.6799256977003749,0.673611803260884,0.6734968013076923
39,0.824902355670929,2.0231826305389404,0.6845312714576721,2.4344773292541504,0.6887957578373175,0.6827749421957063,0.6827354933277741
40,0.8329101800918579,1.9509673118591309,0.6914843916893005,2.3578217029571533,0.6959552081811268,0.6905044337005803,0.6900552911923654
41,0.841015636920929,1.8843425512313843,0.6981250047683716,2.289137601852417,0.701895358405684,0.6970202107959649,0.6969323657554086
42,0.848828136920929,1.8177380561828613,0.7074218988418579,2.2169175148010254,0.7105189068263511,0.7061398247088742,0.7059165261569968
43,0.8562695384025574,1.7607107162475586,0.716796875,2.1570045948028564,0.7205770216891758,0.7159289268130604,0.7157176064807955
44,0.8619726300239563,1.6986198425292969,0.7222656011581421,2.0939736366271973,0.7266538940734372,0.7208579152997641,0.7209332608729201
45,0.8671289086341858,1.6452369689941406,0.7253124713897705,2.0432097911834717,0.7297097581334053,0.7242731728886564,0.7243134941660974
46,0.8708789348602295,1.5977778434753418,0.7295312285423279,1.9840550422668457,0.7340347025109278,0.7287316729664425,0.7286080189085347
47,0.8764258027076721,1.549282431602478,0.7374218702316284,1.9286880493164062,0.7414161776106478,0.7364948840581375,0.736470380249459
48,0.8796288967132568,1.5067622661590576,0.7438281178474426,1.8774056434631348,0.7469007616751113,0.7427054385574976,0.7426494799348208
49,0.8853906393051147,1.460788607597351,0.7442187666893005,1.8397879600524902,0.7478115081286995,0.7433569148484672,0.7432279262951332
50,0.8851171731948853,1.4261201620101929,0.7487499713897705,1.7952340841293335,0.7520952069167972,0.7478973319161,0.7479343393866271
51,0.8915820121765137,1.3833836317062378,0.7563281059265137,1.7520359754562378,0.7601550689694095,0.7554962008888368,0.7555811867228379
52,0.8926171660423279,1.3451815843582153,0.7568749785423279,1.712325930595398,0.7608693368082363,0.756070363539801,0.7561113843921317
53,0.895800769329071,1.307768702507019,0.7632031440734863,1.6704097986221313,0.7670557445483082,0.7622549921935311,0.762258665319333
54,0.8956640362739563,1.2817039489746094,0.7650781273841858,1.6408592462539673,0.7681203890058719,0.7647527262145044,0.7645134582409852
55,0.9008593559265137,1.2474178075790405,0.76953125,1.6073713302612305,0.773066142535764,0.7689236496531686,0.7689475391227647
56,0.9036718606948853,1.2184125185012817,0.768750011920929,1.578007698059082,0.7723012204669785,0.7681454435106547,0.7680284618923031
57,0.904980480670929,1.1899635791778564,0.7727344036102295,1.547391653060913,0.7764945828510866,0.7719930290102076,0.7719373943867003
58,0.90576171875,1.1643321514129639,0.7764843702316284,1.5109398365020752,0.7801578049266402,0.7755910042604561,0.7754497904235734
59,0.9054296612739563,1.1427901983261108,0.7857812643051147,1.4799784421920776,0.7890639548277829,0.7848427038437316,0.7850688138464623
60,0.9080273509025574,1.1142261028289795,0.7853906154632568,1.4554637670516968,0.7897479691721259,0.7843855921281562,0.7846963084179444
61,0.9114648699760437,1.0889668464660645,0.7822656035423279,1.44041109085083,0.786570086502455,0.7813445908758561,0.7815424465601072
62,0.9092578291893005,1.074202537536621,0.7856249809265137,1.4133294820785522,0.7897475267596707,0.7850838208367423,0.785254781972333
63,0.9117187261581421,1.0521612167358398,0.783984363079071,1.38861882686615,0.7882493289260382,0.7832318514672538,0.7835122885042498
64,0.9116796851158142,1.035833477973938,0.7910937666893005,1.3592294454574585,0.7944317658547237,0.7904441952679206,0.7905713163589771
65,0.9162304401397705,1.0054057836532593,0.7960156202316284,1.341639518737793,0.7994709411917639,0.7952015062751714,0.7952169434398078
66,0.9169140458106995,0.9888984560966492,0.7985156178474426,1.3122848272323608,0.8020507934005124,0.7979526953697733,0.7980986216660972
67,0.9193750023841858,0.9722059369087219,0.7953125238418579,1.3047709465026855,0.7985817834625335,0.7946900599964857,0.7946984494528788
68,0.9189062714576721,0.9560699462890625,0.8030468821525574,1.2784918546676636,0.8067031588531346,0.8024039003889314,0.8025055562881879
69,0.9195898175239563,0.9410414695739746,0.7964062690734863,1.2643157243728638,0.8000894015388391,0.7953517710126377,0.795607552976521
70,0.9232226610183716,0.9210560321807861,0.7985156178474426,1.2471890449523926,0.8023757185615141,0.7979176140483216,0.7979708881004328
71,0.920703113079071,0.9132997393608093,0.7991406321525574,1.2431397438049316,0.803182081234739,0.7985274822341781,0.7986205936781783
72,0.9226171970367432,0.8971991539001465,0.8034374713897705,1.211022138595581,0.8067460786069413,0.8029422025578163,0.803026602819466
73,0.9200000166893005,0.8902478218078613,0.8028905987739563,1.2104233503341675,0.8063969437404584,0.8022085957530004,0.8021770552375058
74,0.9243554472923279,0.8722541332244873,0.8109375238418579,1.189743995666504,0.8142577569854228,0.8105453745060992,0.8106677174803623
75,0.9252343773841858,0.8613510131835938,0.807812511920929,1.180337905883789,0.8114245807836635,0.8072792210350299,0.8073083865082551
76,0.9223242402076721,0.855970025062561,0.8057812452316284,1.1636279821395874,0.8092169283164633,0.8052483729202672,0.8054263521458683
77,0.9250195026397705,0.8377159237861633,0.8127343654632568,1.1504275798797607,0.8160168947663597,0.8117588775495297,0.8119498829609568
78,0.9242187738418579,0.8336980938911438,0.8090624809265137,1.143021821975708,0.8123164928268063,0.8087045746834682,0.8086872672971352
79,0.9252343773841858,0.819782555103302,0.8139062523841858,1.1238346099853516,0.8173065140253039,0.8132588104875271,0.8132758740836081
80,0.9266406297683716,0.808063268661499,0.815625011920929,1.1058522462844849,0.8186150003345636,0.8152004788401173,0.8150391767670226
81,0.9273828268051147,0.7998058795928955,0.8167187571525574,1.0998111963272095,0.8204674254606663,0.8161479025856703,0.8162090105476443
82,0.9246875047683716,0.7968053221702576,0.8157031536102295,1.093632459640503,0.8181744110352748,0.815114230235848,0.815216525444534
83,0.9258202910423279,0.7897939085960388,0.819140613079071,1.0895836353302002,0.8224175172829854,0.8183458612096288,0.8184374173637934
84,0.9266601800918579,0.7777566313743591,0.8229687213897705,1.0676875114440918,0.8263258023647813,0.8224419543460346,0.8223548131031166
85,0.9301171898841858,0.7632997035980225,0.8236718773841858,1.0579688549041748,0.8263786425780983,0.8230132093549964,0.8230699985742593
86,0.9293554425239563,0.7553537487983704,0.8241406083106995,1.0527883768081665,0.8272912798857175,0.8236532945782693,0.823596835549795
87,0.9302929639816284,0.7483065724372864,0.8258593678474426,1.033136248588562,0.8285201270439027,0.8254969586875056,0.8254139169944796
88,0.9300195574760437,0.7457684278488159,0.8181250095367432,1.0487663745880127,0.8214538304167118,0.8174589025438809,0.817572674203099
89,0.9282422065734863,0.7402976751327515,0.8289843797683716,1.0223338603973389,0.8321624649704487,0.8285174276343842,0.828484896771189
90,0.9283593893051147,0.7350358366966248,0.8224218487739563,1.0242600440979004,0.8255493656047267,0.8218146051732947,0.8218971945756788
91,0.9309961199760437,0.7233853936195374,0.826171875,1.0144282579421997,0.8290297273943412,0.8258799847461562,0.8257941882837125
92,0.9341992139816284,0.7129364013671875,0.8236718773841858,1.0144425630569458,0.82738894546316,0.8230457630973302,0.8231452254235183
93,0.9319140911102295,0.7111894488334656,0.8221094012260437,1.0052777528762817,0.8252122149821399,0.8212675981005851,0.8212645420141514
94,0.932324230670929,0.7074007391929626,0.8315625190734863,0.9838499426841736,0.8347687423768404,0.8309716615762552,0.8311042999056126
95,0.9325781464576721,0.6980955004692078,0.8267187476158142,0.998616635799408,0.8293891090619488,0.8261844715782399,0.8262287737277457
96,0.9337695240974426,0.6955278515815735,0.8260156512260437,1.0007426738739014,0.8291849647393025,0.8253283031938917,0.8253155505835914
97,0.9311327934265137,0.6964666247367859,0.8322656154632568,0.9777423143386841,0.8352856283737062,0.8318193698417959,0.8318534340705133
98,0.9335351586341858,0.6859555840492249,0.8311718702316284,0.9688978791236877,0.834338415879674,0.830696412117994,0.8309218289774097
99,0.9346874952316284,0.6780638694763184,0.8328906297683716,0.9671936631202698,0.8362173250578617,0.8323836524918194,0.8324993458685963
100,0.9353125095367432,0.6727367639541626,0.8323437571525574,0.9590505957603455,0.8360977473681273,0.8317174420368145,0.8319467091496437
101,0.9333398342132568,0.6740396618843079,0.8387500047683716,0.9454256296157837,0.8410924797877364,0.8380800410347113,0.8380634344620038
102,0.9332031011581421,0.6741801500320435,0.8307812213897705,0.956977128982544,0.8338496318004808,0.8300621310026959,0.8302423773619706
103,0.9327734112739563,0.6682466864585876,0.8403124809265137,0.9397773146629333,0.8434351232749712,0.8396526122076218,0.8399588862417711
104,0.9327148199081421,0.6689532399177551,0.8374218940734863,0.9394670128822327,0.8405109357544926,0.8364549807049648,0.8365995728134286
105,0.9328711032867432,0.6603907942771912,0.8368750214576721,0.9395299553871155,0.8398894550907812,0.8364476649814063,0.8363675005995503
106,0.9342382550239563,0.656144917011261,0.8407031297683716,0.9295909404754639,0.8436247889991981,0.840174223259845,0.8402043894321833
107,0.9330664277076721,0.6568105816841125,0.8428906202316284,0.9226487874984741,0.8457418627959428,0.8422078189724387,0.8425307379989203
108,0.9366796612739563,0.6463205814361572,0.8423437476158142,0.9154012203216553,0.8442977358074577,0.8419291293213247,0.8417122992416904
109,0.9361523389816284,0.6439592242240906,0.8353124856948853,0.922512412071228,0.8380985477857854,0.8348029839532995,0.8348987453710766
110,0.935742199420929,0.6414099931716919,0.8465625047683716,0.9018794894218445,0.8498523836866982,0.8459027490401727,0.8461238787897782
111,0.9352929592132568,0.6396918892860413,0.8376562595367432,0.9162565469741821,0.840063396057051,0.8372756905990181,0.8373569160309179
112,0.9335741996765137,0.6404402852058411,0.8427343964576721,0.8998492360115051,0.8451425126482243,0.8422192755466629,0.8422124986707102
113,0.9357226490974426,0.634800374507904,0.8464062213897705,0.8953185081481934,0.8491575591363795,0.845740938102943,0.8459423336568699
114,0.9356836080551147,0.6329841613769531,0.8443750143051147,0.8998306393623352,0.8475016076118926,0.843891867412468,0.8441261932836255
115,0.9360741972923279,0.6285540461540222,0.8447656035423279,0.8945615291595459,0.8477151858445338,0.8443247305649553,0.8444880746798025
116,0.9350976347923279,0.629610538482666,0.8431249856948853,0.8942745327949524,0.8457526194011323,0.8424342892010652,0.8424279402539231
117,0.9360937476158142,0.6266888976097107,0.8432812690734863,0.8909156918525696,0.846093942125586,0.8427005949405835,0.8426849704978514
118,0.9403515458106995,0.6153036952018738,0.8450000286102295,0.8828470706939697,0.847770850029959,0.8443506062442945,0.8443461358335235
119,0.935839831829071,0.6198809742927551,0.848437488079071,0.8698837161064148,0.8513521735590186,0.8477664138814596,0.8479575873561073
120,0.9378710985183716,0.6140427589416504,0.8402343988418579,0.8946511149406433,0.8430246833076473,0.8395986677868363,0.8395837658989032
121,0.9388281106948853,0.6087683439254761,0.8465625047683716,0.872779369354248,0.8492183294911971,0.8459990620525035,0.8459130034610719
122,0.9352929592132568,0.6160427927970886,0.8459374904632568,0.8822553753852844,0.8485868423018363,0.8450132777905,0.8450670440375078
123,0.9392969012260437,0.6050066947937012,0.8496875166893005,0.8773273229598999,0.8527534707930661,0.84910865679883,0.8491670485189277
124,0.9380468726158142,0.604300320148468,0.8456249833106995,0.8764781951904297,0.8481662485866199,0.845170082460335,0.8451728626134498
125,0.9374218583106995,0.6093170046806335,0.8489843606948853,0.8668201565742493,0.851362632410864,0.8482587525515526,0.8483988539778666
126,0.9375195503234863,0.6045083999633789,0.8511718511581421,0.8672450184822083,0.8538013247990235,0.85046186115935,0.8505000779070127
127,0.937207043170929,0.6048970222473145,0.8534374833106995,0.8607736825942993,0.8561822463237181,0.8530858708729849,0.8531524556799743
128,0.9385937452316284,0.6010947227478027,0.8511718511581421,0.8569982647895813,0.8537842774433642,0.850796498903672,0.8507917600752617
129,0.9398046731948853,0.595476508140564,0.8541406393051147,0.8553293347358704,0.85682840138523,0.8535905520375534,0.8537795476477745
130,0.9379687309265137,0.597686231136322,0.8528906106948853,0.8536449670791626,0.8552619083550038,0.8523160149217957,0.8524787352823301
131,0.9408984184265137,0.5883472561836243,0.8571093678474426,0.8414464592933655,0.8599525929115861,0.8564959114952524,0.8567533116140383
132,0.9385156035423279,0.5917001366615295,0.8539062738418579,0.843960702419281,0.8561365042330306,0.8534009543460841,0.8534887335034935
133,0.940136730670929,0.5896130204200745,0.8536718487739563,0.8520256876945496,0.8562496999450435,0.8531836913386464,0.8532889256895313
134,0.9411718845367432,0.5835953950881958,0.8510937690734863,0.8459477424621582,0.8535019345218885,0.8504455456221784,0.8504922267858359
135,0.9395312666893005,0.5881446599960327,0.852343738079071,0.8415027856826782,0.8545848575293671,0.8518221457425585,0.8519052705320744
136,0.9393945336341858,0.5871596336364746,0.8517968654632568,0.854267954826355,0.8545341976653079,0.8515437237223815,0.8515614046910123
137,0.9367969036102295,0.5931169986724854,0.8571093678474426,0.8318483829498291,0.8594487536326791,0.8565628328852917,0.8565450456138298
138,0.9380468726158142,0.5871082544326782,0.8511718511581421,0.8496475219726562,0.8539450128629001,0.8505929268762922,0.8506516266853155
139,0.9387500286102295,0.5836133360862732,0.8563281297683716,0.8314002156257629,0.8588135394839308,0.8555317902396455,0.8557365360009934
140,0.9406640529632568,0.5779486894607544,0.852734386920929,0.8356431722640991,0.8549675003078161,0.8523142706615882,0.8523561634640598
141,0.9389843940734863,0.582987904548645,0.8545312285423279,0.8380160331726074,0.8572817105909252,0.8540966297836761,0.8542811987199888
142,0.9408593773841858,0.5777542591094971,0.8586719036102295,0.8242868185043335,0.8614944332465989,0.8583814552313594,0.858310341872311
143,0.939453125,0.5800251960754395,0.8567187786102295,0.8273106217384338,0.8589793069250558,0.8564028416838505,0.8562620325670109
144,0.939746081829071,0.5767441391944885,0.8585156202316284,0.8154888153076172,0.8609871680537426,0.8580665476642313,0.8581161003507792
145,0.9408789277076721,0.5743586421012878,0.8610937595367432,0.8185721039772034,0.8637477907718838,0.8606539019357875,0.8607135406060735
146,0.9423437714576721,0.5706086158752441,0.8548437356948853,0.8314713835716248,0.8576363778108553,0.854268220085713,0.8544638374837168
147,0.9393359422683716,0.5766652226448059,0.8546093702316284,0.8250488042831421,0.8573127824417689,0.8539925660105803,0.8541586362463024
148,0.9405859112739563,0.5748204588890076,0.8589062690734863,0.8204128742218018,0.8616016043054484,0.8584885438244589,0.8586730576992875
149,0.9408007860183716,0.5711280703544617,0.8586719036102295,0.8201607465744019,0.8609905945816512,0.8581839378047604,0.8581295397922865
150,0.9401953220367432,0.5691608190536499,0.8610156178474426,0.8124380707740784,0.8637404552497585,0.860306149214173,0.860405273286948
151,0.9429492354393005,0.5626474618911743,0.8635156154632568,0.8094703555107117,0.8660572285349547,0.8627365541138303,0.8630762623073354
152,0.9398437738418579,0.5687496662139893,0.8645312786102295,0.8063790798187256,0.8669788175408935,0.8639367869415143,0.8641207745277159
153,0.9424804449081421,0.5634306073188782,0.8606250286102295,0.8109122514724731,0.8633098435651697,0.8598704935855347,0.8600982108611994
154,0.9376562237739563,0.5746793150901794,0.8584374785423279,0.8166954517364502,0.861050440950901,0.8578732323493299,0.858022230495819
155,0.9400585889816284,0.5673953890800476,0.8589843511581421,0.8153708577156067,0.861724610928386,0.8583862105978881,0.8587398193576706
156,0.9388867020606995,0.567747950553894,0.8575780987739563,0.8293814063072205,0.8593729461232453,0.8571641508552494,0.8572538070656702
157,0.9374414086341858,0.575326144695282,0.8604687452316284,0.8147767782211304,0.8624126318114208,0.8597773441080229,0.8598879976962185
158,0.941113293170929,0.5659543871879578,0.8665624856948853,0.8038183450698853,0.869034012067782,0.8660916203532948,0.8660660221836245
159,0.9424023628234863,0.5638459920883179,0.8611719012260437,0.8056188225746155,0.8633537107128506,0.8606188475968358,0.8605921678625008
160,0.9393945336341858,0.5671261548995972,0.8627343773841858,0.8123617768287659,0.8655181046180678,0.8621174141254428,0.862289895938193
161,0.9433007836341858,0.5574326515197754,0.8639843463897705,0.8139872550964355,0.8662541416990971,0.8634720787079262,0.863548213781532
162,0.9426171779632568,0.5591604709625244,0.8629687428474426,0.8134569525718689,0.8650545635295049,0.8625277911384122,0.8625707655609499
163,0.9432617425918579,0.5575246810913086,0.8625781536102295,0.7952794432640076,0.8649836159650881,0.8618341925723574,0.8620499397910324
164,0.9435937404632568,0.5528302788734436,0.8653125166893005,0.8004084229469299,0.8674690072157236,0.8646788401252072,0.8648694156997854
165,0.9436914324760437,0.5558999180793762,0.8619531393051147,0.8048725128173828,0.8645862485605637,0.8613986268929463,0.8614967924649979
166,0.9390429854393005,0.5646001696586609,0.8643749952316284,0.8018397688865662,0.8667852341692863,0.8638017461319955,0.863964869876388
167,0.9432031512260437,0.5537811517715454,0.8619531393051147,0.7980245351791382,0.86452862167873,0.8616558221831713,0.8616411934248593
168,0.9431054592132568,0.5537337064743042,0.8631250262260437,0.7974133491516113,0.8656537491586768,0.8625577702669602,0.8625339104440535
169,0.9444921612739563,0.5499351620674133,0.8634374737739563,0.7992103099822998,0.8656285843914467,0.8630255412008063,0.8629958158507847
170,0.9434765577316284,0.5494745373725891,0.8634374737739563,0.7882809638977051,0.8656411522692793,0.8631574472931675,0.8631180124246949
171,0.9424218535423279,0.5557554960250854,0.8603906035423279,0.8109275698661804,0.8621963281427266,0.8602286670559328,0.8600049499418414
172,0.9410156011581421,0.5545205473899841,0.8653125166893005,0.7995128631591797,0.8677010851837644,0.8646409657246532,0.8648606789785572
173,0.9406836032867432,0.5567767024040222,0.8666406273841858,0.791199803352356,0.8694946736997294,0.8660192140256374,0.8662347518312429
174,0.9415429830551147,0.5577961206436157,0.866015613079071,0.7953420877456665,0.8683510463257047,0.8652084133931597,0.8654788412610408
175,0.9405859112739563,0.557070255279541,0.8631250262260437,0.796946108341217,0.8655923961511806,0.8627439016140576,0.8627732982809135
176,0.9407421946525574,0.5558540225028992,0.8707031011581421,0.7895275950431824,0.8729040454566389,0.8701280849156368,0.8702740525574177
177,0.9433789253234863,0.5544227957725525,0.8674218654632568,0.7926385998725891,0.8699025825146762,0.8669607257981684,0.8669929287103488
178,0.9419140815734863,0.5532900094985962,0.8710156083106995,0.7889593243598938,0.8724687919355549,0.8704643631883031,0.8704436285932229
179,0.9413476586341858,0.553823709487915,0.866406261920929,0.7901301383972168,0.8688195735916289,0.8660352584906323,0.8661237297272661
180,0.944531261920929,0.547275960445404,0.8708593845367432,0.7808540463447571,0.8734566554573154,0.8704318934955606,0.8704754875612373
181,0.9421288967132568,0.5549235343933105,0.8708593845367432,0.7899421453475952,0.8733529786481355,0.8703092558868647,0.870579223275912
182,0.9443749785423279,0.5469062924385071,0.8684375286102295,0.7823688387870789,0.8706932356438829,0.8678573028983732,0.8681693526315852
183,0.9434375166893005,0.5476005673408508,0.8643749952316284,0.787753701210022,0.8669588231850862,0.8637534426143973,0.8638951402641761
184,0.9448046684265137,0.5441089868545532,0.8692968487739563,0.7843109369277954,0.8719141016376256,0.8689734574050856,0.8690668152504205
185,0.9448828101158142,0.5434306859970093,0.866015613079071,0.7851676344871521,0.8680848085780033,0.8653429437912807,0.8654755790678694
186,0.9431250095367432,0.5459825396537781,0.8680468797683716,0.7910885810852051,0.8696832672856356,0.8675480414315755,0.8676146636653834
187,0.9417968988418579,0.5493822693824768,0.8685156106948853,0.7821841239929199,0.8706201205639761,0.867934210358877,0.8679605487379943
188,0.9444335699081421,0.5444509983062744,0.8692187666893005,0.7795794606208801,0.8718361870175511,0.8686690731667519,0.8687395090760156
189,0.944628894329071,0.5426647067070007,0.8724218606948853,0.7762516736984253,0.8746328400887826,0.8718147293556158,0.871944585546625
190,0.9460155963897705,0.5412986874580383,0.8696093559265137,0.7765301465988159,0.8720671995103413,0.8690237926943395,0.8691929596695156
191,0.94482421875,0.5406346321105957,0.8732812404632568,0.7715634107589722,0.8753650084020601,0.872582239930227,0.8728156228996817
192,0.9441601634025574,0.5438970327377319,0.8688281178474426,0.7887219190597534,0.8708750760037177,0.8679464300026616,0.8681257413320284
193,0.9407812356948853,0.5507643818855286,0.868359386920929,0.7818590402603149,0.8703699660246023,0.8675874933226578,0.8677541859188649
194,0.9430078268051147,0.5434048175811768,0.8708593845367432,0.7817423939704895,0.8730363416192042,0.8704164981298741,0.8705426335204387
195,0.9437109231948853,0.5432412624359131,0.8725000023841858,0.7721691131591797,0.874483604629146,0.8718940692841134,0.8720013610453641
196,0.9438086152076721,0.5441381335258484,0.8705468773841858,0.769019365310669,0.8728370960878606,0.8702553896794789,0.8701594187925326
197,0.943359375,0.5426563024520874,0.867968738079071,0.7862346172332764,0.870299388013142,0.8677057727002693,0.8676607565735124
198,0.944140613079071,0.5435473322868347,0.871874988079071,0.7691930532455444,0.8740891264616484,0.871481618553005,0.8715376690528138
199,0.9456835985183716,0.5367190837860107,0.8779687285423279,0.7591256499290466,0.8799699734911294,0.877468609532036,0.877514816200842
200,0.9457421898841858,0.5371734499931335,0.8751562237739563,0.7650148272514343,0.8772643075382556,0.8747848816830706,0.8748740835586464
201,0.9444921612739563,0.5386249423027039,0.8745312690734863,0.7665906548500061,0.8770291236913064,0.8737550753022747,0.874048888238725
202,0.9436914324760437,0.5433318614959717,0.8753125071525574,0.7648547291755676,0.8773032792614583,0.8748170062551185,0.8749433137563891
203,0.9447851777076721,0.5386667251586914,0.8703906536102295,0.7740442156791687,0.8724764163579933,0.8698966960324573,0.8699639626272906
204,0.9432226419448853,0.542793869972229,0.8734375238418579,0.7659238576889038,0.8754727512474876,0.8731334959916108,0.8731796899356798
205,0.94482421875,0.5398049354553223,0.8714062571525574,0.7724289894104004,0.8730370727135732,0.8708684117182779,0.8709367236954431
206,0.9457031488418579,0.5354517102241516,0.8744531273841858,0.7578657269477844,0.8763683703621806,0.8739605017828471,0.8740236327175277
207,0.9453125,0.5377925634384155,0.871874988079071,0.7744683027267456,0.8742819425400024,0.871769289234812,0.8717990136857381
208,0.944628894329071,0.5396226048469543,0.8751562237739563,0.7669727802276611,0.877447655357495,0.8748809689904875,0.8749666311973552
209,0.9449414014816284,0.5398826003074646,0.8745312690734863,0.7629283666610718,0.8770071419929741,0.8741487811767408,0.8742833471554534
210,0.9435351490974426,0.5390216708183289,0.8774999976158142,0.7591794729232788,0.8793388384617842,0.8771541998537884,0.8770903198857545
211,0.9461914300918579,0.5350894927978516,0.873828113079071,0.7712481617927551,0.875982028077939,0.8736859316166021,0.8736020747376223
212,0.9458789229393005,0.5326387286186218,0.8700000047683716,0.7914108037948608,0.8724819632319156,0.86960072919411,0.869737186395207
213,0.9445117115974426,0.5384939312934875,0.8774999976158142,0.7571781277656555,0.8799736309422563,0.8771432773998966,0.877065253477769
214,0.9474218487739563,0.5319281816482544,0.8792187571525574,0.7545720934867859,0.8818804502036631,0.8789014036841261,0.8790920283730135
215,0.9463476538658142,0.5311756730079651,0.8753125071525574,0.7572649121284485,0.8771468489482832,0.874841301075257,0.8749010688567067
216,0.9448828101158142,0.5355024337768555,0.8717187643051147,0.7649238705635071,0.8739278647345082,0.8712663815082471,0.8713287120263384
217,0.9456445574760437,0.534537136554718,0.8746093511581421,0.7621738910675049,0.876329072046625,0.8742362130462633,0.8741905704737754
218,0.9450781345367432,0.5356031656265259,0.8764843940734863,0.7551652789115906,0.8786034363020441,0.8759414894637978,0.8759966996564341
219,0.947460949420929,0.5305722951889038,0.8755468726158142,0.7586508989334106,0.8772346331685655,0.8747602471896685,0.8749188198168338
220,0.9489648342132568,0.5277981758117676,0.8763281106948853,0.7533201575279236,0.8782092777318965,0.8759138803239973,0.8759807038942682
221,0.9479882717132568,0.5272336006164551,0.8776562213897705,0.7535133957862854,0.8795909437239198,0.8771798527690385,0.8772681465226466
222,0.9482617378234863,0.5267927646636963,0.8792968988418579,0.7502928972244263,0.8809999105858106,0.878733779409051,0.8787966550491617
223,0.9467383027076721,0.53008633852005,0.8858593702316284,0.7458400130271912,0.8877027730203535,0.8854904797060112,0.8855220493330441
224,0.9455468654632568,0.5334512591362,0.876953125,0.7586917877197266,0.8791360047765095,0.8765882084850528,0.8766564869950154
225,0.9442968964576721,0.53483647108078,0.8779687285423279,0.7568051815032959,0.8797620504753378,0.8777161775413513,0.8775711510205085
226,0.9436914324760437,0.5380786657333374,0.8779687285423279,0.7541549801826477,0.8804284894737768,0.8775608641485729,0.877754675360308
227,0.9451367259025574,0.5351747870445251,0.8768749833106995,0.7572967410087585,0.8791791548261606,0.8765145730177235,0.8764635951255013
228,0.9454101324081421,0.5368625521659851,0.8773437738418579,0.7563005089759827,0.8794611507774086,0.8771001716968403,0.877014491514591
229,0.9442577958106995,0.5359585285186768,0.876953125,0.7614405751228333,0.8795249210741451,0.8768444178202452,0.8769440240888977
230,0.9452929496765137,0.5353538393974304,0.8826562762260437,0.7521834373474121,0.8848695297233167,0.8823860667354428,0.8823223189020846
231,0.9454492330551147,0.5349529385566711,0.8791406154632568,0.7530304193496704,0.8810663527414712,0.8785476683806844,0.8786618158731532
232,0.9484765529632568,0.5259547233581543,0.8792968988418579,0.7502362728118896,0.8815398627421922,0.8788449879939612,0.8789022836956859
233,0.9475390911102295,0.527782678604126,0.880859375,0.7464150190353394,0.8826694790789472,0.8803203394046093,0.8803840139945337
234,0.947070300579071,0.5280669927597046,0.8813281059265137,0.7431828379631042,0.8831011701104049,0.8808530270831417,0.8809861030050907
235,0.9471679925918579,0.5264216065406799,0.8774218559265137,0.7613546252250671,0.8795190869661649,0.8769833894531562,0.8770872613747838
236,0.9481445550918579,0.5233060717582703,0.8789843916893005,0.749977171421051,0.8808939761210208,0.8786965196922452,0.8786939209572361
237,0.9440234303474426,0.5338653326034546,0.8803125023841858,0.7530089616775513,0.8825546625691911,0.8800125330276823,0.8800452077157398
238,0.9467968940734863,0.528297483921051,0.8784375190734863,0.7512375712394714,0.8802296422333771,0.8781392831628728,0.878130154822897
239,0.945996105670929,0.5293161869049072,0.8823437690734863,0.744785487651825,0.8839555766924836,0.8819852512272415,0.8820522851091408
240,0.9468359351158142,0.5277242064476013,0.8828906416893005,0.7411554455757141,0.8851860855520775,0.8823632842911631,0.8825022606645592
241,0.9469921588897705,0.5278675556182861,0.8824999928474426,0.7472599744796753,0.8847573228635381,0.8821797221817478,0.8822458858422106
242,0.9476367235183716,0.5266382098197937,0.8844531178474426,0.7387287020683289,0.8867971327717167,0.884082894471384,0.8841552165145629
243,0.9491211175918579,0.5215858817100525,0.8819531202316284,0.7424169182777405,0.8841971245346544,0.8814952915558321,0.8817244769859223
244,0.9472265839576721,0.5279808044433594,0.8804687261581421,0.7420175075531006,0.8824481091985941,0.8800845507235051,0.8800567985429023
245,0.9463672041893005,0.5285604000091553,0.8798437714576721,0.7439686059951782,0.8820961937733736,0.879208859222168,0.8793359964425311
246,0.945117175579071,0.5340957641601562,0.8792968988418579,0.7479721307754517,0.8815841982075401,0.8788229469994393,0.8790592660145327
247,0.9455859661102295,0.5308210849761963,0.8797656297683716,0.7522613406181335,0.8817081669024571,0.8792396882805251,0.879442254099212
248,0.9494335651397705,0.5197398662567139,0.8819531202316284,0.7465462684631348,0.8843309800840126,0.8813282727654128,0.8815556385792194
249,0.9471094012260437,0.5246278643608093,0.8771093487739563,0.7538802623748779,0.879262178936125,0.8766858009172469,0.8767841254716913
250,0.9463281035423279,0.5281988382339478,0.8744531273841858,0.7611094117164612,0.8767569481360487,0.873801236438255,0.8739342114242323
251,0.9457812309265137,0.5298957228660583,0.8848437666893005,0.7435165643692017,0.8870532719089399,0.88421716204342,0.8844561242937998
252,0.9476367235183716,0.5240668654441833,0.8824218511581421,0.7389256358146667,0.8842963523184211,0.8820465761938807,0.8820843066888838
253,0.9484961032867432,0.5227444767951965,0.8826562762260437,0.7456907033920288,0.8847647165828729,0.8822239688246514,0.8824039565132287
254,0.9473046660423279,0.5241928696632385,0.8807031512260437,0.7452486157417297,0.882908049945107,0.8804049248508274,0.8804173564952856
255,0.9489062428474426,0.5213263034820557,0.880859375,0.745424211025238,0.883040214750997,0.8803637761804749,0.8805881178221111
256,0.9487890601158142,0.5202829837799072,0.883593738079071,0.7416970133781433,0.8854247859405754,0.8833318364265006,0.8833299444140019
257,0.9489648342132568,0.5201969742774963,0.8851562738418579,0.735086977481842,0.8871240277404229,0.8847041502841455,0.8848227831782378
258,0.9490429759025574,0.5199894905090332,0.8809375166893005,0.7461809515953064,0.8832430021623845,0.8804713896784593,0.8805215167732163
259,0.9467968940734863,0.5275431275367737,0.884765625,0.7380378246307373,0.8865709103166648,0.8844915450487436,0.8844502508374144
260,0.9473632574081421,0.5224297046661377,0.8825781345367432,0.7362260222434998,0.8851048241955026,0.8822636633972082,0.8823169745604302
261,0.9491406083106995,0.5179554224014282,0.8841406106948853,0.7295807003974915,0.8861810123985162,0.883931995792572,0.8839298838807343
262,0.9457812309265137,0.5264683365821838,0.8842968940734863,0.7471071481704712,0.8864284599326876,0.8838307683215433,0.8838990338150126
263,0.9452734589576721,0.5289344191551208,0.8846094012260437,0.7321146130561829,0.8869307210009955,0.8843551415733806,0.8844895029436953
264,0.9482031464576721,0.5204504132270813,0.8842187523841858,0.7444654703140259,0.8859489913615362,0.8839229273259592,0.8839151451350111
265,0.9461914300918579,0.5257612466812134,0.8801562786102295,0.7450406551361084,0.8822272433730911,0.879842186186122,0.879866842655582
266,0.9452929496765137,0.5302076935768127,0.8864062428474426,0.7368025183677673,0.888643323724113,0.8861189051276999,0.8861702416022157
267,0.9476757645606995,0.5226607322692871,0.8853124976158142,0.7306576371192932,0.8878468251841369,0.885020279817991,0.8850808140220812
268,0.9442577958106995,0.5288002490997314,0.885937511920929,0.7293685078620911,0.8879751718339468,0.8854635546863798,0.8855841144211954
269,0.9473046660423279,0.5259034037590027,0.8841406106948853,0.7322095632553101,0.8860671512896374,0.883796778357316,0.8837380575961189
270,0.9475781321525574,0.5263902544975281,0.883984386920929,0.7353103160858154,0.8860566827322129,0.883484444264014,0.883552124404379
271,0.9488281011581421,0.5231903195381165,0.8904687762260437,0.7139503955841064,0.892321934769404,0.8900506184926671,0.8901241822671915
272,0.9476562738418579,0.5218035578727722,0.8839062452316284,0.7396422028541565,0.8857173511371074,0.8832830969140566,0.8834157910526017
273,0.9493749737739563,0.520881175994873,0.8864062428474426,0.7297016382217407,0.8886282978820559,0.8857786682232732,0.8860165221585737
274,0.9487109184265137,0.519957423210144,0.8813281059265137,0.7370777726173401,0.8832245629737377,0.8807724703755844,0.8807233454500688
275,0.9489452838897705,0.5189404487609863,0.8871874809265137,0.7249548435211182,0.88947803463541,0.8866690520997205,0.8868611406053604
276,0.9514257907867432,0.5131256580352783,0.8875781297683716,0.7266437411308289,0.8896057347054956,0.8871702004435071,0.8873114643788175
277,0.9497460722923279,0.5161086916923523,0.8856250047683716,0.7248143553733826,0.8876774704704076,0.8851705195539463,0.8852567529179295
278,0.9512890577316284,0.5126410722732544,0.8899219036102295,0.7153178453445435,0.8918652162531906,0.8897160156116881,0.8897084764805682
279,0.9509375095367432,0.5123715400695801,0.8865625262260437,0.7297377586364746,0.8884399066686615,0.8861044281008897,0.8862079539099342
280,0.9478320479393005,0.5205422639846802,0.8840625286102295,0.7332990169525146,0.8862058739876257,0.8836051459386778,0.8837446828072932
281,0.9502343535423279,0.5136899352073669,0.8864843845367432,0.7291422486305237,0.8886230088987543,0.8858517242877323,0.8860101670175182
282,0.9480078220367432,0.5184986591339111,0.8896874785423279,0.7218517065048218,0.8914625053552937,0.88955370129665,0.8894973251580751
283,0.9497265815734863,0.5161870718002319,0.8842968940734863,0.7273145318031311,0.8861536214449748,0.8837307976862459,0.8838431824868596
284,0.9486718773841858,0.5177199840545654,0.8858593702316284,0.7213720083236694,0.887903967544709,0.8853762855356901,0.8854171800683457
285,0.9482031464576721,0.5145235657691956,0.8883593678474426,0.7186537981033325,0.8901400869402853,0.88786258881025,0.8879434748662389
286,0.9500390887260437,0.5112406015396118,0.8836718797683716,0.7297537326812744,0.8857351412607137,0.8834089973533674,0.8834050969271608
287,0.946972668170929,0.5216820240020752,0.8842968940734863,0.7282888889312744,0.8861394667559156,0.8837049474248657,0.8837568996645964
288,0.9477343559265137,0.5258585214614868,0.8864843845367432,0.7278051972389221,0.8887752003331368,0.8860229698092768,0.8861417324805241
289,0.9478320479393005,0.5198380947113037,0.8865625262260437,0.7300465106964111,0.8884798379641785,0.8865916057170731,0.886390249126642
290,0.9498046636581421,0.5134589672088623,0.887499988079071,0.7193629741668701,0.8893810368363284,0.8870928601662471,0.8871509647363696
291,0.9491797089576721,0.5161047577857971,0.8877343535423279,0.7275589108467102,0.8898041941475836,0.8873603674772634,0.8874073260184647
292,0.948437511920929,0.517874538898468,0.8832812309265137,0.7294690012931824,0.8853598504821465,0.8828531122029952,0.8829438090366659
293,0.9491406083106995,0.5162668824195862,0.8917187452316284,0.702087938785553,0.8935882574277398,0.8911848955962128,0.8912863926445793
294,0.94921875,0.5169093608856201,0.8895312547683716,0.7190409898757935,0.8912673690518567,0.8891981515398386,0.8892676751293347
295,0.9495508074760437,0.5139716267585754,0.8842968940734863,0.7256069779396057,0.8864681282552382,0.8836336952984336,0.8838795849478497
296,0.9484765529632568,0.5184966325759888,0.8896093964576721,0.7125875949859619,0.8915998135090102,0.8892021328755129,0.8892702254788909
297,0.9503124952316284,0.5132510662078857,0.8853906393051147,0.724617063999176,0.8871811265979141,0.8851127848045128,0.8851396413988193
298,0.9502734541893005,0.5129629373550415,0.8878124952316284,0.717589259147644,0.8895971291350326,0.8876732842575669,0.887517988884487
299,0.9496679902076721,0.5162687301635742,0.8892187476158142,0.7144076824188232,0.8908270949650997,0.8888100517934118,0.8886846296279529
300,0.9488086104393005,0.5179018378257751,0.8899219036102295,0.7145584225654602,0.8918597046582876,0.8895474927714817,0.8897514729450937
301,0.9480273723602295,0.5166330933570862,0.8867968916893005,0.720867395401001,0.8891243442645517,0.8864038497756629,0.8864443743526943
302,0.9482421875,0.5165008902549744,0.885546863079071,0.7200378179550171,0.8875013931652234,0.8853065476177957,0.885351940265799
303,0.9479687213897705,0.5197921395301819,0.8889062404632568,0.7268703579902649,0.890523941514291,0.8883982724928476,0.8883099088187817
304,0.9483593702316284,0.520046591758728,0.8849218487739563,0.7294098734855652,0.8871340247443263,0.8845183045723115,0.8846247052918714
305,0.9488281011581421,0.5183978080749512,0.8903906345367432,0.7169747948646545,0.8922633281573369,0.8900418684879927,0.8901042489544131
306,0.9497265815734863,0.5137728452682495,0.8874218463897705,0.7161383628845215,0.8890553716055483,0.8870681866198551,0.8870971837580728
307,0.9506054520606995,0.5105569362640381,0.8891406059265137,0.7157184481620789,0.8909364275911424,0.8887389723249766,0.8888749753911513
308,0.947460949420929,0.518675684928894,0.8966405987739563,0.7067263722419739,0.8987091396688177,0.8963616819967473,0.896403643948725
309,0.9501171708106995,0.5096746683120728,0.8917187452316284,0.7035927772521973,0.8940930519368238,0.891576606508519,0.8915068328650222
310,0.9506445527076721,0.5123652815818787,0.8916406035423279,0.7079876065254211,0.8932157209881109,0.8914619746624404,0.8914213530416757
311,0.9498437643051147,0.5117257833480835,0.8910156488418579,0.7133374214172363,0.892960390986633,0.8907304124954729,0.8907958738776492
312,0.9496484398841858,0.5118569731712341,0.8932812213897705,0.7070116996765137,0.8954843913763816,0.8931741285736724,0.8931234061515578
313,0.9498242139816284,0.5121971368789673,0.8939843773841858,0.7033066749572754,0.8961493666526582,0.8937144438900173,0.8937474647786765
314,0.9495898485183716,0.516715943813324,0.8928124904632568,0.7075836658477783,0.8945289141821153,0.8923964887251479,0.892449856563968
315,0.9497460722923279,0.5143266320228577,0.8939062356948853,0.6914888620376587,0.8956631165168993,0.893497510780964,0.8934542532238148
316,0.9500976800918579,0.5103831887245178,0.8897656202316284,0.7305955290794373,0.8917164296802322,0.8894679578242028,0.889493839042516
317,0.9494335651397705,0.5118861198425293,0.8942968845367432,0.7165496945381165,0.8957119319051561,0.8942940503596535,0.894138067926328
318,0.9505078196525574,0.511955976486206,0.891406238079071,0.7153102159500122,0.8930303779067077,0.8911430617969222,0.8911222015592222
319,0.9502343535423279,0.5104561448097229,0.8927343487739563,0.6981490850448608,0.8950721100866039,0.8923617142277577,0.8925699836010552
320,0.951464831829071,0.5097450017929077,0.8892968893051147,0.7220513224601746,0.8913805711929766,0.8888528761431969,0.8889060296888598
321,0.9501953125,0.5127488374710083,0.8919531106948853,0.7093963623046875,0.8938257817187273,0.8913110695708297,0.8915650729015887
322,0.950390636920929,0.5106348395347595,0.8928124904632568,0.705008327960968,0.8950005796565969,0.8924852025830916,0.8925765585839982
323,0.949023425579071,0.513796865940094,0.8891406059265137,0.7115360498428345,0.8913698686366003,0.8888365007551744,0.8889567087602689
324,0.9526171684265137,0.5029380321502686,0.8907031416893005,0.7124509215354919,0.8925834553417094,0.8905485298639224,0.8904910985637319
325,0.9505664110183716,0.5128223299980164,0.8880468606948853,0.7154055237770081,0.8900569236182833,0.8877277062861146,0.8878659949597603
326,0.9494335651397705,0.5139387845993042,0.8901562690734863,0.7194765210151672,0.8917612709919157,0.8900794059286121,0.889910571465049
327,0.9505468606948853,0.5100997686386108,0.8913280963897705,0.7156188488006592,0.8936059080727183,0.8910929928983686,0.8911085710499782
328,0.9519336223602295,0.5076169371604919,0.8915625214576721,0.708668053150177,0.8938648238356852,0.8914035406472339,0.8913796330961566
329,0.9517577886581421,0.5089841485023499,0.89453125,0.6975564360618591,0.8964675613135888,0.8941473080163586,0.8942832629687358
330,0.9499609470367432,0.5112780928611755,0.8934375047683716,0.6985730528831482,0.8954050804277088,0.8929343795870079,0.8930493026498376
331,0.9484765529632568,0.5125234127044678,0.8928124904632568,0.6994088888168335,0.8950495561772466,0.8924249106382787,0.8924540427787431
332,0.9476367235183716,0.5162670016288757,0.8927343487739563,0.7085533142089844,0.8946479101338298,0.8923992620206893,0.8923181107355722
333,0.9505859613418579,0.5093751549720764,0.897656261920929,0.7004750967025757,0.8992416224417552,0.897235947562987,0.8972835607661843
334,0.9480859637260437,0.5167946219444275,0.8967187404632568,0.6994801163673401,0.8986205733105764,0.8962580185363584,0.8963286575553537
335,0.9487890601158142,0.5102091431617737,0.8947656154632568,0.7068002223968506,0.8966597588287664,0.8944579299814135,0.8945484736174409
336,0.9490429759025574,0.5145018696784973,0.8971093893051147,0.6958658695220947,0.8990981682798718,0.8964979694408596,0.8966502385077102
337,0.9484765529632568,0.5143938660621643,0.8948437571525574,0.6937450170516968,0.8967112068498582,0.8943195088166659,0.8944439797845745
338,0.9490820169448853,0.5152368545532227,0.8911718726158142,0.7065097689628601,0.8931384820825585,0.8908293817936239,0.890974135274132
339,0.9511523246765137,0.5117229223251343,0.8999218940734863,0.6859946250915527,0.9018406549983049,0.8994337646689076,0.899567407892992
340,0.9522460699081421,0.5061526894569397,0.8930468559265137,0.7066429853439331,0.8948331440144927,0.8924935360959844,0.8925154512801112
341,0.9500195384025574,0.5112826824188232,0.8936718702316284,0.6963285803794861,0.8962186079644028,0.8930008360324686,0.8932797258553108
342,0.9523046612739563,0.5054088830947876,0.8901562690734863,0.7130377292633057,0.891772376073819,0.8900049207328555,0.8898581837824264
343,0.9538671970367432,0.501133382320404,0.8969531059265137,0.697519838809967,0.8992341891659263,0.8964360930201329,0.8966604604341422
344,0.9528124928474426,0.5059476494789124,0.8949999809265137,0.7026733160018921,0.8966351342107428,0.8945310436567758,0.894582711328604
345,0.9492773413658142,0.510745108127594,0.8954687714576721,0.6900315880775452,0.8973396442112154,0.895022619420471,0.8950895626904375
346,0.9515039324760437,0.507246732711792,0.895312488079071,0.6973249912261963,0.8971865751332424,0.8947243183009057,0.894877532796066
347,0.9505664110183716,0.5077255964279175,0.8948437571525574,0.6932135224342346,0.8964555967260851,0.8943911612867178,0.8945525380092043
348,0.9508593678474426,0.5057335495948792,0.8979687690734863,0.695249617099762,0.8999098532126701,0.8976191370146298,0.8976415794181543
349,0.9488866925239563,0.5099902153015137,0.8961718678474426,0.7007542252540588,0.8982549445433816,0.8957154264011833,0.8958495972697327
350,0.9506445527076721,0.5106679797172546,0.8927343487739563,0.6993515491485596,0.8942988665857969,0.8922692575573519,0.8924489962862225
351,0.94970703125,0.5122520327568054,0.896484375,0.6959576606750488,0.8983062467681162,0.8962799368104988,0.896313407189242
352,0.9504687786102295,0.5066483020782471,0.8960937261581421,0.6986089944839478,0.8981316873003288,0.895731964358068,0.8958667915125027
353,0.9526757597923279,0.5059771537780762,0.8943750262260437,0.7024626731872559,0.8965205074826693,0.8940937801746743,0.894188544188717
354,0.9494531154632568,0.5108944177627563,0.8946093916893005,0.7011020183563232,0.8964645272337561,0.8940776350424569,0.8941514500968724
355,0.950878918170929,0.507754385471344,0.8948437571525574,0.6970023512840271,0.8964100572040732,0.8945970326479638,0.8946500065152004
356,0.9502734541893005,0.5084719657897949,0.8975781202316284,0.6943070292472839,0.8992875357807346,0.8972961439204121,0.8973009554494138
357,0.9508203268051147,0.5056383013725281,0.8982031345367432,0.6951473951339722,0.8996827460082427,0.8979890083044871,0.8979631523020619
358,0.9498437643051147,0.5093064308166504,0.8954687714576721,0.7006431818008423,0.8971307358620884,0.8951647005437083,0.8952839652722463
359,0.9523632526397705,0.5007080435752869,0.9007812738418579,0.6824139952659607,0.9023986215308804,0.9004372709482651,0.9005218454674293
360,0.9502734541893005,0.5106834173202515,0.8956249952316284,0.6967790126800537,0.8974477401593313,0.8950002882628487,0.8951465247120994
361,0.9528906345367432,0.5014333128929138,0.8971874713897705,0.6937432885169983,0.8992908549901962,0.8966718043136847,0.8969931554943389
362,0.9491601586341858,0.5088087320327759,0.8943750262260437,0.7108922004699707,0.8959157367761852,0.8938014715342414,0.8939133515859818
363,0.9517187476158142,0.5045403838157654,0.8983593583106995,0.6901430487632751,0.8999049367319072,0.8980209668963705,0.8981311059004113
364,0.9519922137260437,0.5045344829559326,0.8994531035423279,0.6822437047958374,0.9013661000092903,0.8991948471308797,0.8992850469182723
365,0.9530468583106995,0.5004984140396118,0.8996875286102295,0.6852720379829407,0.9013341461867099,0.8991484160927805,0.8992657812855437
366,0.9521679878234863,0.503145694732666,0.8939843773841858,0.7003684043884277,0.896087879829387,0.8936532382599234,0.8936973808940687
367,0.9524219036102295,0.4990275502204895,0.8987500071525574,0.6893717050552368,0.9003217550347833,0.8983081428175985,0.8983761266212584
368,0.9500781297683716,0.506453275680542,0.8954687714576721,0.7007941603660583,0.8973428903415747,0.8952014386464122,0.8953232795561438
369,0.9515820145606995,0.5061187744140625,0.8969531059265137,0.6929687261581421,0.89893551681934,0.8965545578450997,0.8966223213799058
370,0.9534765481948853,0.4993177652359009,0.897265613079071,0.6961053609848022,0.8991725658372125,0.8968353656513125,0.8968962956654998
371,0.9517187476158142,0.5000734329223633,0.8996875286102295,0.6888967752456665,0.9015136494669156,0.8992691765672427,0.8994092385093702
372,0.949999988079071,0.5079712271690369,0.8939843773841858,0.709423303604126,0.896065078191101,0.8935596027505834,0.8938192956592923
373,0.9521288871765137,0.501483142375946,0.9025781154632568,0.6741403937339783,0.9043182209526703,0.9024413303269327,0.9024211267211237
374,0.9513280987739563,0.5025424361228943,0.9010156393051147,0.6872190237045288,0.9027183835473446,0.9009155763805928,0.9007969955293127
375,0.9508593678474426,0.5046078562736511,0.8989062309265137,0.692790687084198,0.9004515958066608,0.8987553179322622,0.8987510050423453
376,0.9508984088897705,0.5051146745681763,0.8965625166893005,0.6915073394775391,0.8985318682261442,0.8961657201729254,0.8962395856074952
377,0.9510351419448853,0.503319263458252,0.8989843726158142,0.6868689060211182,0.9010088878427921,0.8986447172886467,0.8988383399896336
378,0.9522265791893005,0.5028629302978516,0.8981249928474426,0.6837273240089417,0.9000229524786425,0.8976299607060442,0.8978706640489846
379,0.9544140696525574,0.4958098232746124,0.8961718678474426,0.6892188191413879,0.8983920730981318,0.8958488405780166,0.8960498789734728
380,0.9518163800239563,0.5023895502090454,0.8983593583106995,0.6889416575431824,0.9004456889456077,0.8983179643501988,0.8983235806423305
381,0.9549999833106995,0.49419426918029785,0.8978906273841858,0.6831433176994324,0.8997515079154569,0.8975200437185551,0.8976627836090383
382,0.9515234231948853,0.5002484321594238,0.8963281512260437,0.686384379863739,0.8979348073015238,0.8961363690951123,0.8961129605908353
383,0.9534375071525574,0.498427152633667,0.8928906321525574,0.7148426175117493,0.8944760314938665,0.892633200730949,0.8926435733594913
384,0.9501171708106995,0.5059956908226013,0.8959375023841858,0.6867000460624695,0.8976061833631588,0.8955423156109001,0.8956446119638768
385,0.9512109160423279,0.5058383345603943,0.8955468535423279,0.700776994228363,0.8973825586040818,0.8951591523292555,0.8952919168164597
386,0.9500195384025574,0.5052770376205444,0.8974218964576721,0.6958046555519104,0.8991558237472392,0.8970510218125364,0.8970826229779422
387,0.9496874809265137,0.5047573447227478,0.8999218940734863,0.6787307858467102,0.9015047850500565,0.8995067401363828,0.8996087786835636
388,0.9513280987739563,0.5043408274650574,0.900390625,0.6805464029312134,0.9017623624591697,0.9001926477530274,0.9001774130769382
389,0.9514062404632568,0.5039126873016357,0.897656261920929,0.690360426902771,0.8992982533867182,0.8973962795566017,0.8974255757226169
390,0.9526953101158142,0.5002578496932983,0.8999218940734863,0.68790602684021,0.9015553672811772,0.8997021690648808,0.8997209136063226
391,0.9513086080551147,0.5056033730506897,0.8981249928474426,0.6883525848388672,0.8999296029165559,0.8977973805566415,0.8979246464731017
392,0.9528710842132568,0.49871739745140076,0.9003124833106995,0.6828180551528931,0.9018111053934434,0.8998538155281688,0.8999396324602307
393,0.9504101276397705,0.5035425424575806,0.8939843773841858,0.7033388614654541,0.8960268927147303,0.8937800469352902,0.8937626922155071
394,0.9503710865974426,0.5041451454162598,0.8974999785423279,0.6964320540428162,0.8995477692315383,0.8972145611098928,0.8972609645338167
395,0.9498828053474426,0.5045114755630493,0.8992968797683716,0.6877166032791138,0.9009321506768788,0.8988572848558811,0.8990113291185703
396,0.9520702958106995,0.5030961036682129,0.8967968821525574,0.6892435550689697,0.8989082634578949,0.8963861755152637,0.8965532883578473
397,0.9514453411102295,0.5025067329406738,0.9026562571525574,0.6820465326309204,0.9047746690622835,0.9024136606864748,0.9025368984182232
398,0.9507031440734863,0.5053662657737732,0.9010156393051147,0.6747676730155945,0.9027031306352549,0.9007228201011788,0.9008353071705232
399,0.951855480670929,0.5011124610900879,0.9001562595367432,0.6807629466056824,0.9022376157339322,0.8998686573335188,0.8999486523402559
400,0.9537500143051147,0.4981824457645416,0.9000781178474426,0.6853830814361572,0.9022639803263885,0.9000224846749203,0.8998799241318729
401,0.9520312547683716,0.49916619062423706,0.9020312428474426,0.6791142821311951,0.9033339835390326,0.9015283324417582,0.9015199733151794
402,0.9524023532867432,0.49888530373573303,0.8995312452316284,0.674964189529419,0.9014098395732764,0.8992931843004766,0.8993770005070353
403,0.9551367163658142,0.49227017164230347,0.9017187356948853,0.679307758808136,0.9034805178028334,0.9014021401669752,0.9014828469573145
404,0.9535156488418579,0.49254652857780457,0.9003124833106995,0.6726297736167908,0.9019888610987394,0.8999301756662054,0.9000083704928517
405,0.9524804949760437,0.4969419538974762,0.9021093845367432,0.6758913397789001,0.9039260125317568,0.9016330449796278,0.9018027728073222
406,0.9516015648841858,0.5044970512390137,0.9017968773841858,0.6773150563240051,0.903715474191403,0.9013499861736305,0.9015329522081283
407,0.9521288871765137,0.5013930201530457,0.9037500023841858,0.6776376962661743,0.9054206816779731,0.9034968363515773,0.9035353113666491
408,0.9522851705551147,0.5002874732017517,0.9012500047683716,0.6747780442237854,0.9029454306936269,0.900727868244628,0.9009237663538292
409,0.9511328339576721,0.5036982893943787,0.9020312428474426,0.6827172040939331,0.9037654442820156,0.9016665417444173,0.901687609283385
410,0.9507617354393005,0.5059008002281189,0.8983593583106995,0.6912665367126465,0.9005317157953739,0.8981085791526222,0.8981860646839444
411,0.9529492259025574,0.4970235526561737,0.9001562595367432,0.680113673210144,0.9019587836168024,0.8999270368375197,0.9000347651990396
412,0.9517187476158142,0.5011752843856812,0.9064843654632568,0.6693770885467529,0.90834666353194,0.9061989502353394,0.9063252832144377
413,0.9555273652076721,0.49395912885665894,0.901171863079071,0.6828479170799255,0.9030920040006707,0.9009266947297133,0.9009861238879999
414,0.9513476490974426,0.5003303289413452,0.8996875286102295,0.6874087452888489,0.9015749048188375,0.8993723714146559,0.8993378059404394
415,0.9532031416893005,0.49473845958709717,0.8979687690734863,0.6847560405731201,0.899706453654622,0.8977218761165543,0.8977077667130136
416,0.9512890577316284,0.5025540590286255,0.9007812738418579,0.6794491410255432,0.902833798109856,0.9004782049579989,0.9006106514471238
417,0.9497460722923279,0.5095310807228088,0.9053906202316284,0.661995530128479,0.9071999643081796,0.9047458413392536,0.9049549027599463
418,0.9511328339576721,0.5032102465629578,0.9027343988418579,0.6797330975532532,0.9041337161779026,0.9023314187411844,0.9024603870954286
419,0.9502929449081421,0.5018860101699829,0.9045312404632568,0.6715006828308105,0.906460162331342,0.9041379953259705,0.9043296818595352
420,0.9521874785423279,0.4990118443965912,0.9014843702316284,0.6779536604881287,0.9033492637943075,0.9011745812746184,0.9012670915610624
421,0.9513086080551147,0.5019686818122864,0.9002344012260437,0.6799663305282593,0.9019898096858501,0.8997562397638204,0.8998569685622597
422,0.9516211152076721,0.4995584189891815,0.9032031297683716,0.6787038445472717,0.9048672377122534,0.9029389829155772,0.9031158417647527
423,0.954296886920929,0.4925280511379242,0.9028124809265137,0.6722007989883423,0.9044639084470115,0.9023070218824194,0.9024343317861825
424,0.9555078148841858,0.4947047829627991,0.9041406512260437,0.6660521030426025,0.9061039034908427,0.9038463317934012,0.9040074401395037
425,0.9549023509025574,0.4946458339691162,0.9018750190734863,0.6711345911026001,0.9037801104741625,0.9016174510866071,0.9017745080916304
426,0.9525976777076721,0.49528664350509644,0.9067187309265137,0.6623438000679016,0.9083134520516106,0.90642150265079,0.9064671320591824
427,0.9549609422683716,0.4921225607395172,0.9071093797683716,0.6618943810462952,0.9090809780116271,0.9065745964820298,0.9068499190493589
428,0.9530859589576721,0.4947369694709778,0.9041406512260437,0.6681562066078186,0.9060452126816098,0.90395283288862,0.9040335545169172
429,0.9532031416893005,0.49457499384880066,0.9007812738418579,0.6766440868377686,0.9025797696630052,0.9003795278943227,0.9004720331031124
430,0.9530859589576721,0.4988490045070648,0.9051562547683716,0.6640602946281433,0.9065062533541188,0.904851216997159,0.9048351147600043
431,0.9543554782867432,0.492026686668396,0.9046093821525574,0.6722349524497986,0.9061196719031948,0.9043817616020152,0.9043586591618766
432,0.9541991949081421,0.4908003509044647,0.9038281440734863,0.6710376739501953,0.9053904565232395,0.9034825134248445,0.9034983925135491
433,0.9496484398841858,0.5054550170898438,0.9066406488418579,0.6645842790603638,0.9083156669580007,0.9065086814126568,0.9065753512488851
434,0.94873046875,0.5085111856460571,0.9012500047683716,0.6845391988754272,0.9032343322122933,0.9010945677969728,0.9011510389645616
435,0.9519336223602295,0.4997255802154541,0.903124988079071,0.6805208325386047,0.9050784023072533,0.9029401036565783,0.9029902486778213
436,0.9533398151397705,0.49408671259880066,0.9071093797683716,0.6612270474433899,0.9089049673550252,0.9068351348389851,0.9070015341088993
437,0.9524999856948853,0.49869173765182495,0.9052343964576721,0.6662082076072693,0.9073686572538191,0.9048308475659783,0.9050817137089735
438,0.951953113079071,0.498081237077713,0.9019531011581421,0.6829912066459656,0.9036949331558768,0.9016167209755035,0.9017031260179038
439,0.9514843821525574,0.5005200505256653,0.9029687643051147,0.6763860583305359,0.9044092973516189,0.9026049157067033,0.9027330255418133
440,0.9556249976158142,0.4914667010307312,0.9044530987739563,0.6735861301422119,0.9061720084888039,0.903973048066181,0.9041479031365984
441,0.9546093940734863,0.4929389953613281,0.9021093845367432,0.6785750389099121,0.9042244778100264,0.901632230060297,0.901859380220664
442,0.9535156488418579,0.4956243634223938,0.9039062261581421,0.6676130890846252,0.9056588424452211,0.9036195695818398,0.9036590358732883
443,0.9525781273841858,0.4992830157279968,0.9058593511581421,0.6662232875823975,0.9073128046515437,0.9052677320844047,0.9054584595638547
444,0.9515820145606995,0.49759307503700256,0.9049999713897705,0.6710085868835449,0.9065816658520434,0.9044856088889708,0.9045875849042906
445,0.9542187452316284,0.49262315034866333,0.9080469012260437,0.6576900482177734,0.9092267636711234,0.907575398247275,0.9076514801905703
446,0.9533984661102295,0.49136269092559814,0.9064062237739563,0.6633041501045227,0.9080890331267476,0.9060471256325777,0.90622436455039
447,0.9541991949081421,0.4930585026741028,0.9059374928474426,0.665733277797699,0.9075427538704124,0.9058087648698467,0.9058062564011874
448,0.9533398151397705,0.49451184272766113,0.9064062237739563,0.6650286912918091,0.907820431372258,0.906094943770365,0.9060520678993015
449,0.9515820145606995,0.4962514042854309,0.9067187309265137,0.6648111939430237,0.9083657744446245,0.9063686297127023,0.9065198376550092
450,0.9539453387260437,0.496206134557724,0.907031238079071,0.6616390943527222,0.9090304306179796,0.9066201612460235,0.9068508159763028
451,0.9522265791893005,0.49801304936408997,0.9028906226158142,0.6635407209396362,0.9050498512661541,0.9028214965550962,0.9028063839994862
452,0.9537695050239563,0.4949842393398285,0.9049218893051147,0.6649591326713562,0.9065390293281136,0.9046792986737383,0.9047236753076475
453,0.9535937309265137,0.4955993592739105,0.9049999713897705,0.6703041791915894,0.9066554280926756,0.9047145461214973,0.9047949224940783
454,0.9536328315734863,0.49516114592552185,0.9014062285423279,0.6758115291595459,0.903151110371364,0.9013134220937458,0.9012846068327465
455,0.9511523246765137,0.4983258843421936,0.904296875,0.6643266081809998,0.9059406131654175,0.9040487215647113,0.9041540634257151
456,0.9544922113418579,0.49047061800956726,0.9017968773841858,0.6742822527885437,0.9034161922438864,0.9016382956806137,0.9016631806730036
457,0.952441394329071,0.49814388155937195,0.905078113079071,0.670172929763794,0.9068073196016593,0.9046713935545903,0.9048895176285918
458,0.952929675579071,0.49426907300949097,0.900390625,0.6831427812576294,0.9021780459172609,0.9001642460860484,0.9002417921500252
459,0.9543554782867432,0.4916948676109314,0.9069530963897705,0.6584211587905884,0.9083883508801498,0.9064965967827725,0.9066044724343368
460,0.9532031416893005,0.4934566915035248,0.9068750143051147,0.6526315212249756,0.9082151643374244,0.9066931817875693,0.9067208112216727
461,0.9546874761581421,0.4903833866119385,0.9086718559265137,0.6561160087585449,0.9103236259530341,0.9083030734406998,0.9085050927194889
462,0.9555859565734863,0.48737603425979614,0.907421886920929,0.6588199734687805,0.9089938340080201,0.9070971170055016,0.9072099855258903
463,0.9534570574760437,0.4925929605960846,0.9065625071525574,0.6603257656097412,0.9083644544096672,0.9063681789043065,0.9064295386551049
464,0.9545702934265137,0.4878983199596405,0.9060156345367432,0.6681610941886902,0.9074100260592863,0.9058139928644298,0.9057853479495208
465,0.9540039300918579,0.4899812936782837,0.9091406464576721,0.6607366800308228,0.910928386929577,0.9087170385114046,0.9089654919792605
466,0.9537500143051147,0.4953189790248871,0.905468761920929,0.6667569875717163,0.9075958793552008,0.9050715523348848,0.9052490899726721
467,0.953906238079071,0.4926914572715759,0.9092187285423279,0.6603462100028992,0.9105874009788921,0.9090173095374197,0.9089203385176379
468,0.9535937309265137,0.4920482635498047,0.9069530963897705,0.6659876108169556,0.9086238128760824,0.9066931643133586,0.9066731978215904
469,0.9532226324081421,0.4927505552768707,0.9037500023841858,0.6732779145240784,0.9049488788923958,0.9033115736087229,0.9032852739862649
470,0.9500585794448853,0.5029192566871643,0.9033593535423279,0.6685370802879333,0.9049409459116189,0.9031490813328191,0.903158737171895
471,0.951367199420929,0.4977208077907562,0.9063281416893005,0.6647935509681702,0.9080825000260996,0.906150131515221,0.9061405541861072
472,0.9532031416893005,0.4922529458999634,0.9064843654632568,0.6702245473861694,0.9084174350052241,0.9061843141847078,0.9063285348830532
473,0.9547265768051147,0.4898993968963623,0.9043750166893005,0.6632785201072693,0.9062828856850349,0.903933916391729,0.904178984858556
474,0.9526171684265137,0.49571579694747925,0.9107031226158142,0.6569162011146545,0.9124157353978168,0.9104060278869626,0.9104233726133156
475,0.9508984088897705,0.4983943998813629,0.908984363079071,0.654247522354126,0.9107348267586908,0.9087609958878153,0.9088691667193971
476,0.9526562690734863,0.4960561990737915,0.9099218845367432,0.6476199626922607,0.9111352080890904,0.9099072023478209,0.9098007007995622
477,0.9525195360183716,0.4946223199367523,0.9078906178474426,0.6551235914230347,0.9094796926726764,0.907675220210896,0.9077374343872355
478,0.9536718726158142,0.49432173371315,0.9115625023841858,0.6532830595970154,0.9135954949857644,0.9112709974105344,0.9114243768611469
479,0.9523242115974426,0.4962868094444275,0.9117187261581421,0.6485031247138977,0.9133712727713638,0.911374931785778,0.9114954619896375
480,0.95263671875,0.49504411220550537,0.91015625,0.6487461924552917,0.911540834017452,0.9099046158532292,0.909898490894447
481,0.954296886920929,0.4920442998409271,0.9080469012260437,0.6565845012664795,0.909256812201038,0.9077753392394177,0.907690014435497
482,0.9545117020606995,0.48993706703186035,0.9102343916893005,0.6509815454483032,0.9119586711437913,0.9099237908503002,0.9100152268149941
483,0.9533984661102295,0.4924604892730713,0.9116406440734863,0.653626561164856,0.913321322876028,0.9110398383577138,0.9112606229257459
484,0.9539453387260437,0.493435263633728,0.9075781106948853,0.6596167683601379,0.9095136242844393,0.9072116961131717,0.9074322827827956
485,0.9545508027076721,0.491166353225708,0.9116406440734863,0.6468752026557922,0.9135465060318954,0.9113583077977115,0.9114644016155666
486,0.9545508027076721,0.49030905961990356,0.9080469012260437,0.6626436710357666,0.9097349178672333,0.9077717447110684,0.9077480231592633
487,0.9532226324081421,0.492501437664032,0.910937488079071,0.6491827368736267,0.9127446426632313,0.9108119018089335,0.9107084038180127
488,0.9546288847923279,0.4869643747806549,0.9110937714576721,0.6592170000076294,0.9129343638137841,0.9108537594820258,0.9109897958321298
489,0.9550195336341858,0.48926833271980286,0.9105468988418579,0.6536053419113159,0.9118055377372172,0.9100135245221773,0.910113693481658
490,0.9526562690734863,0.49162253737449646,0.9086718559265137,0.6545432806015015,0.910223836859797,0.9082212437827358,0.9082781870034111
491,0.9540625214576721,0.49251800775527954,0.9121875166893005,0.6459502577781677,0.9139891349418146,0.9118071678942119,0.911991355130203
492,0.9581835865974426,0.4807069003582001,0.908203125,0.6566758155822754,0.9094974567325504,0.9079220825967231,0.907893817448576
493,0.9560546875,0.4821062982082367,0.9085156321525574,0.6535273194313049,0.9102351627913248,0.9081841237399199,0.9082431487765641
494,0.953320324420929,0.4908105731010437,0.9078906178474426,0.6635468006134033,0.90955506065842,0.9075869700665709,0.907725164558238
495,0.9535937309265137,0.4936346709728241,0.9088281393051147,0.6657876372337341,0.9103763151551728,0.9083847381541699,0.908476554270299
496,0.9520702958106995,0.4938013553619385,0.9079687595367432,0.6642374992370605,0.9095615456119948,0.9075725253799085,0.9076898457023462
497,0.9536718726158142,0.49165141582489014,0.9057812690734863,0.6671133637428284,0.9071624184317066,0.9054163604514227,0.9054371839821252
498,0.9553320407867432,0.48564183712005615,0.9085937738418579,0.658022940158844,0.9098574022729435,0.9083396342936416,0.9083310769489208
499,0.9559960961341858,0.48465797305107117,0.9150000214576721,0.6438084244728088,0.9162883914835271,0.9148202987826666,0.9147660437658438
500,0.954882800579071,0.4863067865371704,0.9058593511581421,0.6549124717712402,0.9077373867726821,0.9055654476550471,0.9056017511127806
501,0.9545117020606995,0.4888595938682556,0.9095312356948853,0.6573418974876404,0.9112280498261014,0.9090874538700622,0.9092137834151226
502,0.9550585746765137,0.4853517413139343,0.9119531512260437,0.6481789350509644,0.9133324698102939,0.9115846864703947,0.9116734429460011
503,0.9530273675918579,0.49399495124816895,0.9103124737739563,0.6595192551612854,0.9117879453063679,0.9100353835951662,0.9100299821039919
504,0.955078125,0.4895383417606354,0.9086718559265137,0.661632776260376,0.910159613984928,0.9084156979517628,0.908497247823888
505,0.9538476467132568,0.489201158285141,0.9067187309265137,0.6559749841690063,0.9081731208084027,0.9063661803910894,0.9065424080783289
506,0.9542773365974426,0.49140074849128723,0.9094531536102295,0.6562739610671997,0.9110028389942966,0.9092038715589521,0.9092334647360165
507,0.9560351371765137,0.48325812816619873,0.9087499976158142,0.6578081250190735,0.9102387842413714,0.9086303115231487,0.9085834465262315
508,0.9537500143051147,0.48717552423477173,0.911328136920929,0.6501608490943909,0.9127998342094283,0.9109820927396892,0.9110341107811688
509,0.9561132788658142,0.4838694632053375,0.9097656011581421,0.6544135808944702,0.9113563665099809,0.909514645522215,0.909603141975368
510,0.9515429735183716,0.4940613806247711,0.9087499976158142,0.6567107439041138,0.9104056216931845,0.908563345017938,0.9085627833181082
511,0.9534765481948853,0.4900366961956024,0.9094531536102295,0.6474555730819702,0.9109938951631984,0.9093573228721348,0.9093484136301295
512,0.9541797041893005,0.48689979314804077,0.9088281393051147,0.6482413411140442,0.9101860688330582,0.9085069201893746,0.9085349619112936
513,0.9533398151397705,0.4930851459503174,0.9081249833106995,0.6540096402168274,0.9093337565422015,0.9078669374516981,0.9078796275434999
514,0.9532226324081421,0.494124174118042,0.9066406488418579,0.653347373008728,0.908473473034697,0.9064705461507794,0.9064752689138547
515,0.9521484375,0.49576878547668457,0.9049999713897705,0.6629788279533386,0.906882224603553,0.9047329749190633,0.9049304844898309
516,0.9519726634025574,0.49356579780578613,0.908203125,0.658766508102417,0.9100754926246087,0.9077720464160581,0.9079219168419201
517,0.9535546898841858,0.49242591857910156,0.9126562476158142,0.6412119269371033,0.9142175576207394,0.9123239444975104,0.912409232532357
518,0.9540625214576721,0.4883948266506195,0.9096093773841858,0.6497593522071838,0.9113046100975944,0.9093804083598168,0.909412598530946
519,0.9560351371765137,0.4859636425971985,0.9103906154632568,0.6494745016098022,0.911844706282312,0.9100727291045192,0.9100716840570267
520,0.953808605670929,0.4883727729320526,0.911328136920929,0.6488862633705139,0.9127444149008133,0.910934724352945,0.9110029224913647
521,0.956835925579071,0.47967082262039185,0.9117968678474426,0.6491811275482178,0.9134210799922655,0.9113219819217795,0.9115742629979096
522,0.9547265768051147,0.4833219647407532,0.9085156321525574,0.6566712260246277,0.9100564040362373,0.9082552218695046,0.9082481802225353
523,0.9562304615974426,0.4809749126434326,0.9115625023841858,0.6488044261932373,0.9127439493339465,0.9112310303407304,0.911266187813822
524,0.9558398723602295,0.48195207118988037,0.9130468964576721,0.6467337012290955,0.9145972589096956,0.912562236822879,0.9128089724839157
525,0.9560937285423279,0.48174118995666504,0.91015625,0.6465123891830444,0.9119228443497358,0.909739502252858,0.9099368974448879
526,0.9538476467132568,0.48515474796295166,0.9055469036102295,0.6566649675369263,0.9073733337335612,0.9051383229360692,0.9053767949986162
527,0.9544140696525574,0.48657748103141785,0.9098437428474426,0.6519967913627625,0.911563881131238,0.9094834263856587,0.9096785069225755
528,0.9527929425239563,0.4897283613681793,0.9052343964576721,0.6619012355804443,0.9071346753291681,0.9046887934455806,0.9049706999425429
529,0.9523632526397705,0.4934799075126648,0.9096875190734863,0.6569772362709045,0.9112786358087919,0.9091493665709753,0.9093099925231269
530,0.9556054472923279,0.4859267473220825,0.908984363079071,0.6609438061714172,0.9106898131744458,0.9086232891490539,0.9087949787351111
531,0.9539648294448853,0.48830634355545044,0.9084374904632568,0.6576865315437317,0.9102779544649525,0.9080670415240171,0.9081075281188226
532,0.9517773389816284,0.4937261641025543,0.9090625047683716,0.653489351272583,0.910544797130268,0.9090513299108677,0.9088867325034784
533,0.9563086032867432,0.482356458902359,0.9114843606948853,0.6438141465187073,0.9131495949780876,0.911331827605285,0.9113421243033144
534,0.9552343487739563,0.48816215991973877,0.9124218821525574,0.646862804889679,0.9138452906386582,0.9121149634407333,0.9121527081907534
535,0.955859363079071,0.48039406538009644,0.9143750071525574,0.6385980248451233,0.9158307843645933,0.9140383795003255,0.9141731040537884
536,0.9557421803474426,0.48390689492225647,0.911328136920929,0.6460042595863342,0.9133821907783307,0.9111291931224965,0.9112067916903335
537,0.953417956829071,0.48821067810058594,0.9121875166893005,0.6390144228935242,0.9137928494884051,0.9118648686698505,0.9119716535764872
538,0.9517968893051147,0.4939188063144684,0.9149218797683716,0.6399412751197815,0.9163896374636846,0.9147612114724082,0.9147251772714382
539,0.9540234208106995,0.4886621832847595,0.9114843606948853,0.6465453505516052,0.913092550582705,0.9111161454557084,0.9112246796789678
540,0.9548242092132568,0.484955757856369,0.9105468988418579,0.6492780447006226,0.9118682939284171,0.9100792249342103,0.9101757292468942
541,0.9541991949081421,0.48675209283828735,0.9117187261581421,0.643789529800415,0.9131253311637928,0.9113867879287486,0.9114382586074431
542,0.956250011920929,0.48016372323036194,0.9135156273841858,0.6442996263504028,0.915241634154257,0.9132066621424988,0.9133571424273401
543,0.9555273652076721,0.48242148756980896,0.9119531512260437,0.6448323130607605,0.9136454773335294,0.9117663990063715,0.9118609668934703
544,0.9547265768051147,0.4829297661781311,0.9127343893051147,0.6440757513046265,0.9142249093142436,0.9124883371010822,0.9125095213913756
545,0.9575390815734863,0.47715118527412415,0.916015625,0.6382799744606018,0.9176915284496291,0.9158513131045293,0.9159691352397936
546,0.9536328315734863,0.4862469732761383,0.9125781059265137,0.6529592275619507,0.9138810492344578,0.9123931077654489,0.9122693488816784
547,0.9542773365974426,0.48925504088401794,0.9083593487739563,0.6543638110160828,0.909611298193887,0.9080615068923931,0.9080200804154773
548,0.9529687762260437,0.4883314073085785,0.9127343893051147,0.6439389586448669,0.9143743110942828,0.9124576346365354,0.9124820691076307
549,0.9564257860183716,0.48283275961875916,0.9105468988418579,0.6513639688491821,0.9120634263779588,0.9101649326053987,0.9102080803405117
550,0.9543750286102295,0.48539233207702637,0.9147655963897705,0.6342534422874451,0.9162487242039773,0.9145534054460707,0.9145173693313776
551,0.9568164348602295,0.48195934295654297,0.9131249785423279,0.6355606317520142,0.9146960030495593,0.9127821081988517,0.9129301197348776
552,0.9527734518051147,0.490963339805603,0.9110156297683716,0.6452376842498779,0.9125936186617039,0.910753049551059,0.9107495962698167
553,0.9547656178474426,0.4844690263271332,0.9178125262260437,0.6289111971855164,0.9191460723784595,0.9173399030439434,0.9174527459759801
554,0.953417956829071,0.48882052302360535,0.9098437428474426,0.656768798828125,0.9113187462947444,0.9095688369378081,0.9095173202115969
555,0.9539843797683716,0.48675620555877686,0.9149218797683716,0.6315881609916687,0.9165386599274845,0.914820028566971,0.9148482206144363
556,0.9533789157867432,0.4900659918785095,0.9151562452316284,0.6393401622772217,0.9168126832873269,0.9147335938967032,0.9148611659798593
557,0.9539843797683716,0.4907672107219696,0.9126562476158142,0.6423757076263428,0.9143232528543987,0.9122046942991568,0.9123500426428535
558,0.9544531106948853,0.4836905300617218,0.911328136920929,0.6418129205703735,0.9129759903262846,0.9110566087803295,0.9111365109415588
559,0.9539453387260437,0.486360102891922,0.9118750095367432,0.6479842662811279,0.9134249796627643,0.9115169134319121,0.9116193138880117
560,0.9561328291893005,0.48360660672187805,0.9159374833106995,0.6346967816352844,0.9176087900528185,0.9156460768675183,0.9157443495059443
561,0.9561718702316284,0.48235762119293213,0.9166406393051147,0.6324692368507385,0.9181969960452037,0.9163581869667097,0.9164277496449864
562,0.955273449420929,0.4824400842189789,0.9153125286102295,0.6324177980422974,0.9166077772386048,0.9150115219260806,0.9151127074494443
563,0.9560351371765137,0.4810539484024048,0.9119531512260437,0.6490162014961243,0.9134616309409356,0.911750358836158,0.9117552696290696
564,0.9584179520606995,0.4720720946788788,0.9171093702316284,0.6325613260269165,0.9187527940939422,0.9169039758908606,0.9170073041386286
565,0.9568164348602295,0.4755668342113495,0.9195312261581421,0.6318080425262451,0.9210037155842814,0.9192191830512028,0.9192552833774094
566,0.9563867449760437,0.47897177934646606,0.9114843606948853,0.63816237449646,0.9132198499723801,0.9111324210699768,0.9112582643746013
567,0.9559375047683716,0.47958019375801086,0.9155468940734863,0.6354045867919922,0.9172821223470905,0.9152734923897171,0.9153065485702807
568,0.9556445479393005,0.48260578513145447,0.9117968678474426,0.6487201452255249,0.9133875825644726,0.9115121985188065,0.9115442993005334
569,0.9535351395606995,0.48947209119796753,0.9158594012260437,0.6400936245918274,0.9175034627302769,0.9156210741056399,0.9156932946895437
570,0.9526953101158142,0.491006463766098,0.9142968654632568,0.6384442448616028,0.9160347743682861,0.9140742984058929,0.914074286012623
571,0.9540429711341858,0.48859328031539917,0.9133594036102295,0.6415615081787109,0.914837368624766,0.9133490958018722,0.9133181390263568
572,0.9537304639816284,0.4865368902683258,0.9139062762260437,0.646893322467804,0.9158013494748802,0.9138290433740269,0.9139192385821071
573,0.9525390863418579,0.48883056640625,0.9167187213897705,0.6295515298843384,0.9182301102685874,0.916417209540672,0.9164810356642242
574,0.955371081829071,0.48560020327568054,0.916796863079071,0.6301575899124146,0.9183121472895119,0.9164798848170462,0.9166056689877131
575,0.9541406035423279,0.48570767045021057,0.9092968702316284,0.6586096882820129,0.9108254710761821,0.909251200531166,0.9091491791966428
576,0.953906238079071,0.48601827025413513,0.9161718487739563,0.6392754912376404,0.9176288251312879,0.9161305663086441,0.9160635477300936
577,0.95458984375,0.484435498714447,0.9141406416893005,0.6386828422546387,0.9156987279833984,0.9139604246030593,0.9140116992378561
578,0.9565625190734863,0.47736790776252747,0.9140625,0.6371020078659058,0.9158191537030769,0.9138842303103525,0.9139428394293689
579,0.956835925579071,0.4785417914390564,0.9159374833106995,0.6406766772270203,0.9176073094552384,0.9157677397985198,0.9157880287892297
580,0.957226574420929,0.4751608669757843,0.9133594036102295,0.6385639309883118,0.9152522292817629,0.9132614324971239,0.9133360044940202
581,0.9542577862739563,0.48477306962013245,0.9125781059265137,0.640363335609436,0.9140866636735477,0.9123972691679589,0.9124235705138556
582,0.9526757597923279,0.48908156156539917,0.9140625,0.6417241096496582,0.9156528394629034,0.913876980591545,0.9138655000869285
583,0.9571093916893005,0.4772607386112213,0.9147655963897705,0.6311355233192444,0.916379007367446,0.9145383739485345,0.9146064455774492
584,0.95703125,0.4751136302947998,0.9157812595367432,0.6374347805976868,0.9175770076414559,0.9153433296368614,0.9155668083827495
585,0.9566601514816284,0.47729673981666565,0.9163281321525574,0.6301865577697754,0.9179996088234904,0.9159687084161809,0.9161476234581072
586,0.9541601538658142,0.48260897397994995,0.9127343893051147,0.640078067779541,0.9143025314393445,0.9124602699898411,0.9125561472836372
587,0.9560937285423279,0.47900599241256714,0.9124218821525574,0.63709956407547,0.9139278238405457,0.9122406129461871,0.9121882389285336
588,0.9541991949081421,0.4847111403942108,0.9104687571525574,0.6476574540138245,0.9121036869921723,0.9102445037219928,0.9102119317882786
589,0.9545312523841858,0.4840072989463806,0.9130468964576721,0.640715479850769,0.9146465833905323,0.9127975013910375,0.9127807531447452
590,0.9549609422683716,0.4845695495605469,0.9165624976158142,0.6322105526924133,0.9176707910675552,0.9162952986825676,0.9163130477830703
591,0.9564257860183716,0.4793526530265808,0.9165624976158142,0.633686363697052,0.9180218093160233,0.9162333529473489,0.9163194949088898
592,0.9544336199760437,0.48387306928634644,0.9103906154632568,0.6473190784454346,0.9120587889668419,0.9101849598073081,0.9102295970980143
593,0.9576757550239563,0.4779469668865204,0.9163281321525574,0.631030261516571,0.9176180118456001,0.9160081241800051,0.9161487138539819
594,0.9579101800918579,0.47545215487480164,0.9150781035423279,0.6257045269012451,0.9165455329609564,0.9147469244927456,0.9148578304349666
595,0.9565625190734863,0.48018893599510193,0.9120312333106995,0.6419429183006287,0.9131124752496742,0.9117518714642726,0.9116427389373829
596,0.955761730670929,0.47981497645378113,0.9140625,0.6321537494659424,0.9156695180962422,0.9138068527321022,0.9138173758445848
597,0.9539648294448853,0.48669829964637756,0.9156249761581421,0.6304066181182861,0.9172113833929341,0.9155691864319677,0.9154924790550578
598,0.9549999833106995,0.4828074276447296,0.9142187237739563,0.6385330557823181,0.9157385975155171,0.9139806862124896,0.9140629907899909
599,0.9568164348602295,0.4791135787963867,0.9115625023841858,0.6371474266052246,0.9134069566430485,0.9111755652259845,0.9111779165572944
600,0.9547265768051147,0.4818345010280609,0.91015625,0.6489310264587402,0.9124213311496476,0.9100688181031256,0.910038898152856
601,0.9554882645606995,0.47978416085243225,0.9139062762260437,0.6309816241264343,0.9154950718693865,0.9138566421093326,0.9137476270374284
602,0.9582226276397705,0.4752007722854614,0.9150000214576721,0.6311053037643433,0.9163144011618425,0.91508136504613,0.9148034108425027
603,0.958300769329071,0.4746268391609192,0.9151562452316284,0.6254386901855469,0.9165095232206468,0.915107291047184,0.9150348576674172
604,0.9547656178474426,0.48306068778038025,0.9156249761581421,0.630988597869873,0.9171330191936649,0.9153565765338874,0.915464295102013
605,0.9520898461341858,0.48839476704597473,0.9162499904632568,0.6319397687911987,0.9176409146725435,0.9159854365529605,0.9160239268013184
606,0.9551367163658142,0.4826422929763794,0.9146093726158142,0.6327989101409912,0.9161061766327587,0.9144303665290877,0.914337938615083
607,0.9535742402076721,0.48533007502555847,0.9135937690734863,0.6378219127655029,0.9151116445872243,0.913624049779901,0.913515048935023
608,0.9541991949081421,0.4837249517440796,0.9159374833106995,0.642102062702179,0.9173179132791542,0.9157796621222923,0.9158696004711715
609,0.9547265768051147,0.48541420698165894,0.9135937690734863,0.6286205053329468,0.9148902096264111,0.9132079195005909,0.9132688679573888
610,0.9549023509025574,0.483926922082901,0.9139843583106995,0.6292296051979065,0.9155633662582825,0.9139761575423893,0.9138878249323736
611,0.9550195336341858,0.4831831455230713,0.9159374833106995,0.6277834177017212,0.9176645830437281,0.9158915023521441,0.9159609613397883
612,0.9547656178474426,0.48054131865501404,0.9146093726158142,0.6317428350448608,0.9161333119251216,0.9146413028846657,0.9145139397055017
613,0.9557421803474426,0.48182886838912964,0.9138281345367432,0.6285060048103333,0.9153621323118416,0.9137424926946315,0.9137208416756274
614,0.9564257860183716,0.4782079756259918,0.9214062690734863,0.6235256195068359,0.9229072151127129,0.9212600599468259,0.9213250320173202
615,0.9569140672683716,0.47650912404060364,0.9214062690734863,0.6177099347114563,0.9226470381916108,0.9210378090118418,0.9211802707906487
616,0.9570116996765137,0.4750855565071106,0.9149218797683716,0.6348435878753662,0.9162664506659381,0.9145797161088511,0.9146368028899856
617,0.95849609375,0.47491350769996643,0.9178906083106995,0.6235429048538208,0.9190382744069272,0.9177612459869832,0.9177564516269119
618,0.9548633098602295,0.48066604137420654,0.9128124713897705,0.6332129836082458,0.9141483330808946,0.9128156358644012,0.9128010775182621
619,0.9561523199081421,0.47756317257881165,0.9156249761581421,0.6314660310745239,0.9169672548009788,0.915469235305325,0.9155223367868932
620,0.9555468559265137,0.47968196868896484,0.916015625,0.627875566482544,0.9175134906802261,0.9157293391885228,0.9159267613199034
621,0.9544726610183716,0.48292502760887146,0.9159374833106995,0.6252068877220154,0.9170928552163654,0.9155550635627873,0.9156538998987187
622,0.9562109112739563,0.47958141565322876,0.9161718487739563,0.6306654214859009,0.9175402681449567,0.9160530982148584,0.9160511729664014
623,0.9579296708106995,0.4759959876537323,0.9194531440734863,0.6230705380439758,0.920623341314833,0.9195150897030644,0.9193731156754466
624,0.9573633074760437,0.47741830348968506,0.9146093726158142,0.6304436326026917,0.9162128256711932,0.9144426887318308,0.9144778476280171
625,0.9574609398841858,0.47572243213653564,0.9135937690734863,0.6334670782089233,0.9148768720891827,0.9132897310068946,0.913367814433292
626,0.9559960961341858,0.4784920811653137,0.9114062786102295,0.6436089873313904,0.9129964512955293,0.9111770458392785,0.911194942568237
627,0.9550976753234863,0.4775690734386444,0.9128124713897705,0.6378113031387329,0.9140615743418784,0.9125551150830868,0.9125449949881239
628,0.9531835913658142,0.48365867137908936,0.9161718487739563,0.6314814686775208,0.917988972124767,0.9159367866495937,0.916010004966187
629,0.9559960961341858,0.48046448826789856,0.9165624976158142,0.6287881731987,0.918196056614557,0.9162376172824849,0.9162911299564584
630,0.9566797018051147,0.478886216878891,0.912890613079071,0.6328775882720947,0.9143596221539967,0.912630605078256,0.912655502158095
631,0.9556835889816284,0.47799623012542725,0.9137499928474426,0.6396990418434143,0.9152043194033075,0.9135063025234184,0.9134972679906636
632,0.9562109112739563,0.47749215364456177,0.9150781035423279,0.6358489394187927,0.9163937627505383,0.9148067880709296,0.9148467287695086
633,0.9576757550239563,0.47731104493141174,0.9156249761581421,0.6319542527198792,0.9172595239067922,0.915406567708111,0.9154290616670506
634,0.9562109112739563,0.4783762991428375,0.919921875,0.6228735446929932,0.9213064585262589,0.9197825199200342,0.9197834650844298
635,0.955761730670929,0.4786444902420044,0.9189843535423279,0.6226738691329956,0.9205618821452,0.9187135072913735,0.9188023588921779
636,0.9548242092132568,0.48157158493995667,0.9153125286102295,0.6318683624267578,0.916899691099077,0.9151965965863079,0.9153110306133291
637,0.9546484351158142,0.4804839789867401,0.9195312261581421,0.6227036118507385,0.9210224407329433,0.9192849520002162,0.9194041909799037
638,0.9553320407867432,0.4817512035369873,0.9180468916893005,0.625948965549469,0.9196845301483175,0.9177934999534735,0.9178914457187264
639,0.9556640386581421,0.48178231716156006,0.9224218726158142,0.6144992709159851,0.9236205968828904,0.9223544748131142,0.9223164529634751
640,0.9569922089576721,0.475442498922348,0.9184374809265137,0.6264595985412598,0.9199804781346697,0.9182429302110885,0.9183127771309239
641,0.9581249952316284,0.4753803312778473,0.9172656536102295,0.6224773526191711,0.9187265560263206,0.9169744129298973,0.9170240239326071
642,0.9573047161102295,0.4756597876548767,0.9151562452316284,0.6346015334129333,0.9169361789653547,0.9150292323239577,0.9150510523564214
643,0.9548633098602295,0.48150309920310974,0.9183593988418579,0.6243852376937866,0.919834211783727,0.9181348671248823,0.9181986746587762
644,0.9574999809265137,0.47558921575546265,0.9162499904632568,0.6322273015975952,0.9179728648478362,0.9161387258187478,0.916218891212649
645,0.9561328291893005,0.47770020365715027,0.9175781011581421,0.6273164749145508,0.9190133835043807,0.9172647578176271,0.9173505004570104
646,0.9574999809265137,0.47444674372673035,0.921093761920929,0.6188325881958008,0.9224189665934619,0.9209336133867074,0.9209237903108756
647,0.9544140696525574,0.48031342029571533,0.9160937666893005,0.6366620063781738,0.9175398539173862,0.9158605860440361,0.9159896723218424
648,0.9570116996765137,0.47263455390930176,0.9169531464576721,0.6240329146385193,0.9186283898816487,0.9165462187756699,0.9167328880588119
649,0.9537109136581421,0.48393839597702026,0.9167187213897705,0.6285590529441833,0.9183184991521333,0.9163068969928402,0.9165026917141514
650,0.9562890529632568,0.4764522612094879,0.9192187786102295,0.6279244422912598,0.9207338055371014,0.9187209866370045,0.9188368147816599
651,0.9548437595367432,0.4798460304737091,0.9167187213897705,0.6265758872032166,0.9180964757232131,0.9164706774757374,0.9166122902894287
652,0.9577343463897705,0.4749021530151367,0.9185937643051147,0.631604790687561,0.9202543894377805,0.9186723965034367,0.9185721311468289
653,0.9570116996765137,0.4769526422023773,0.9175000190734863,0.630994975566864,0.919050108302078,0.9171373728175815,0.9172052541408862
654,0.9556835889816284,0.48095348477363586,0.9175781011581421,0.6339903473854065,0.919282020555134,0.9175545311800235,0.9174734918160017
655,0.9559570550918579,0.47976502776145935,0.9156249761581421,0.6322429776191711,0.9172647532850995,0.915251911315939,0.9153927971174384
656,0.9563281536102295,0.47936519980430603,0.9177343845367432,0.6284131407737732,0.9192153496012354,0.9175966040810987,0.9176356669693707
657,0.9536914229393005,0.4856693744659424,0.9151562452316284,0.6331052184104919,0.9169950550921195,0.9148676543738861,0.9149799539067436
658,0.9538867473602295,0.48430487513542175,0.9173437356948853,0.6283721923828125,0.9188584414878626,0.9173018289463497,0.91723020966415
659,0.9583398699760437,0.4747558832168579,0.9184374809265137,0.6233595013618469,0.9199991789336662,0.9181779845443023,0.9182818671385267
660,0.9577343463897705,0.4733928442001343,0.9172656536102295,0.6210205554962158,0.9188964743477602,0.9171703952555796,0.9171621294778006
661,0.9577929973602295,0.4727711081504822,0.9183593988418579,0.6204894185066223,0.9197269546900633,0.9181619864093051,0.9181788467626
662,0.9573047161102295,0.4714626967906952,0.917187511920929,0.6234431266784668,0.9185106629034945,0.9169999292537158,0.9169995279020926
663,0.9590820074081421,0.46908116340637207,0.9164843559265137,0.625586986541748,0.9181095684898027,0.9164326836898332,0.9164037996111989
664,0.9585742354393005,0.4702761769294739,0.9184374809265137,0.6210086345672607,0.9201934950527297,0.9181194023424795,0.9182605858587072
665,0.9556054472923279,0.47768521308898926,0.9192187786102295,0.6251602172851562,0.9206572662111316,0.9188083967454187,0.9188975880406375
666,0.9561328291893005,0.4750984311103821,0.9168750047683716,0.6336449980735779,0.9185563353763854,0.9166867090135802,0.916763348926939
667,0.9555273652076721,0.47860148549079895,0.9157812595367432,0.6350986361503601,0.917340046350616,0.915353021956951,0.915544250633803
668,0.9545702934265137,0.4758213460445404,0.91796875,0.6284291744232178,0.9194932659880866,0.9178124713653889,0.9177910348527117
669,0.9557226300239563,0.47800904512405396,0.9138281345367432,0.6367121338844299,0.9153082805193938,0.9133543519585398,0.9133982662792057
670,0.9568164348602295,0.4750266671180725,0.9155468940734863,0.6285053491592407,0.9167932821653011,0.9151541718290213,0.9152161022740615
671,0.9567187428474426,0.4749181270599365,0.9160937666893005,0.6297444701194763,0.9176086904990882,0.9159458779736516,0.916003904899711
672,0.9566991925239563,0.47447583079338074,0.9186718463897705,0.6248360276222229,0.9202269771763344,0.9184669815465782,0.9184779570535855
673,0.9556640386581421,0.4770704209804535,0.9135156273841858,0.6325615048408508,0.9150003566642838,0.9130765841531934,0.9131426274798172
674,0.9568554759025574,0.4759293496608734,0.9136718511581421,0.6310785412788391,0.9153567253203354,0.9132075020977907,0.913335532350225
675,0.9557812213897705,0.478155255317688,0.9143750071525574,0.6326444745063782,0.9158357758909013,0.9142309794488408,0.9141329363412676
676,0.9576757550239563,0.4705144762992859,0.9175781011581421,0.6256051063537598,0.9189770334814948,0.9172734673468455,0.9173071496925423
677,0.95654296875,0.4749338626861572,0.9159374833106995,0.6263193488121033,0.9172351534212762,0.9157276996053505,0.9157634457573149
678,0.9578320384025574,0.4742664694786072,0.9173437356948853,0.6266322731971741,0.9186515799627439,0.9170264072128288,0.917049024054224
679,0.9567577838897705,0.47477394342422485,0.918749988079071,0.6258464455604553,0.9198773561914944,0.9183867699473469,0.9184350315934688
680,0.957226574420929,0.47416427731513977,0.9193750023841858,0.6219071745872498,0.92075700282012,0.9189957459285423,0.9191127196818842
681,0.9576171636581421,0.4726364016532898,0.9194531440734863,0.6116434931755066,0.920894882222663,0.919018527567736,0.9192016234254969
682,0.9566015601158142,0.4748731553554535,0.9167187213897705,0.6199448108673096,0.9181281186308671,0.9165046003783256,0.9164659335749076
683,0.9565234184265137,0.47499942779541016,0.9175000190734863,0.6310726404190063,0.9188717543935114,0.9172752520299281,0.9173065271200651
684,0.9557421803474426,0.47897565364837646,0.922656238079071,0.6121132373809814,0.9243419214043858,0.922332603651462,0.9225317977181677
685,0.9564062356948853,0.4766162633895874,0.9219531416893005,0.6177953481674194,0.9230888177809011,0.9217801735527654,0.9217256770728542
686,0.957812488079071,0.47226351499557495,0.9205468893051147,0.6189849972724915,0.922028151996523,0.9203697923378118,0.9203897492609456
687,0.9589062333106995,0.4684903621673584,0.9213281273841858,0.6219916343688965,0.922619345330402,0.9211162256938303,0.9211266125483651
688,0.956250011920929,0.475411057472229,0.9149218797683716,0.6393498778343201,0.9164760930168525,0.9146622610210692,0.9147340095475586
689,0.9569922089576721,0.47085943818092346,0.916796863079071,0.6302880644798279,0.9183933030055613,0.9166620886730938,0.9166970414780008
690,0.9568750262260437,0.47477343678474426,0.9145312309265137,0.6310805082321167,0.9159519894861299,0.9141923282500057,0.914241456312175
691,0.954882800579071,0.4773939549922943,0.9190624952316284,0.6236612200737,0.9206273523688382,0.9188871847392592,0.9189478740294463
692,0.95703125,0.47566017508506775,0.9173437356948853,0.6218231320381165,0.9189352303155662,0.9172889558950037,0.9172456842165739
693,0.955761730670929,0.47852861881256104,0.9210156202316284,0.6154012680053711,0.9222497502391187,0.9209430758339247,0.9209178456867703
694,0.9575585722923279,0.4706517159938812,0.919921875,0.6221027970314026,0.9213820006433275,0.9197552381524645,0.9198095596807322
695,0.9562109112739563,0.47222477197647095,0.9168750047683716,0.6255970597267151,0.9184691199577484,0.916721553080767,0.9167529961694642
696,0.9575781226158142,0.47244682908058167,0.922656238079071,0.613513708114624,0.924267016264642,0.9225622961072408,0.9225064687840262
697,0.9562890529632568,0.4747735857963562,0.9200000166893005,0.61923748254776,0.9211172816395237,0.9199851397887364,0.919882052177214
698,0.9558398723602295,0.4762645661830902,0.9195312261581421,0.6270987391471863,0.9210401473558869,0.9195435709913133,0.9194842088191842
699,0.9577538967132568,0.46976470947265625,0.9195312261581421,0.6222909092903137,0.9207959505545067,0.9194502298097151,0.9193647446961815
700,0.9584179520606995,0.4670945107936859,0.9186718463897705,0.6209498047828674,0.9198840507276533,0.918572704059294,0.9184885070840263
701,0.9578710794448853,0.4702516496181488,0.919140636920929,0.6223408579826355,0.9203880709430927,0.9189429075453913,0.9189835682372192
702,0.9564648270606995,0.4761485755443573,0.9211719036102295,0.6139551401138306,0.922169270019982,0.9208565320909556,0.9207943521401825
703,0.9579101800918579,0.4691101908683777,0.9185156226158142,0.6241862177848816,0.9196519640178528,0.9182381629912768,0.9182560167408348
704,0.9590234160423279,0.4698120057582855,0.9195312261581421,0.6302980184555054,0.9207210800996303,0.9192607800809002,0.9191941186788061
705,0.9577538967132568,0.4696158468723297,0.9189062714576721,0.6239598989486694,0.920776287099287,0.9187587459607243,0.9188270211055878
706,0.9582226276397705,0.4684601128101349,0.9192968606948853,0.6290124654769897,0.9206114749456223,0.9193230674897389,0.9192247404823622
707,0.9560742378234863,0.47479549050331116,0.9130468964576721,0.6354349255561829,0.9145601319420831,0.9128256748721029,0.9128048012576273
708,0.9540039300918579,0.47843727469444275,0.9159374833106995,0.6298071146011353,0.9175439311405676,0.9157864526709842,0.9158321478144857
709,0.9545117020606995,0.47952160239219666,0.9173437356948853,0.6259437799453735,0.9187923529937934,0.9172469965530434,0.9172250809063361
710,0.9574609398841858,0.4732290208339691,0.9209374785423279,0.6223883628845215,0.9222431075953991,0.9209612630079806,0.9208442206437197
711,0.95703125,0.4733918011188507,0.9188281297683716,0.6230812668800354,0.9202518073943222,0.918640204653674,0.9185982177810976
712,0.9564453363418579,0.4731079041957855,0.9201562404632568,0.6215851902961731,0.921221124576717,0.9199479312853263,0.9199175216594795
713,0.9551562666893005,0.475254625082016,0.9185156226158142,0.6173283457756042,0.9198232972214737,0.9182584430669127,0.9182317396590581
714,0.957714855670929,0.47143277525901794,0.9194531440734863,0.6171408295631409,0.920638789591665,0.9191393445070629,0.9191210869742351
715,0.9551562666893005,0.47645413875579834,0.9208593964576721,0.6241992115974426,0.9217648983065176,0.9205362435690746,0.9205558179988067
716,0.9590234160423279,0.4666256308555603,0.920703113079071,0.6280049681663513,0.921939369036191,0.9206054965300492,0.9206238202775763
717,0.9578710794448853,0.4693059027194977,0.919921875,0.6221857666969299,0.9209351294575396,0.9196847970849588,0.9196342686558276
718,0.9574218988418579,0.47030845284461975,0.9141406416893005,0.6382054686546326,0.9158494162022632,0.9138216015702529,0.9139865556402291
719,0.9589648246765137,0.4674288034439087,0.9202343821525574,0.6183691620826721,0.921326849697018,0.9199562687725973,0.9199166596887293
720,0.9569726586341858,0.47371193766593933,0.9176562428474426,0.628844141960144,0.9186412071184059,0.9174488854361711,0.9174775431420208
721,0.9561914205551147,0.47593361139297485,0.9180468916893005,0.6195144057273865,0.9191052871378904,0.9178091552827004,0.9177771694314188
722,0.9556054472923279,0.4747363030910492,0.9192968606948853,0.6251059174537659,0.9199667227950887,0.9189680620104502,0.9189410974425697
723,0.9560351371765137,0.4736144542694092,0.9151562452316284,0.6341001391410828,0.9162121580034039,0.9148746891182777,0.9149202556531941
724,0.9573827981948853,0.4725790321826935,0.9145312309265137,0.6320787668228149,0.9158897590196615,0.9142922201984007,0.9143601788139564
725,0.9580664038658142,0.4720488488674164,0.9178125262260437,0.6165425777435303,0.9192131681913462,0.9177211534288177,0.917687122898794
726,0.9561328291893005,0.4731118679046631,0.9134374856948853,0.6299940943717957,0.914950469899116,0.9131254411675145,0.9131102391517807
727,0.9559765458106995,0.47643333673477173,0.9153125286102295,0.6309037804603577,0.9168616471213782,0.9153004681485314,0.9152825663445223
728,0.9567773342132568,0.47086331248283386,0.9188281297683716,0.6192001104354858,0.9201274794814289,0.9187457690026434,0.9186841853756895
729,0.9565234184265137,0.4723473787307739,0.9125000238418579,0.6340484023094177,0.9141264158207675,0.912454267059406,0.9123909458048745
730,0.958300769329071,0.4702672064304352,0.921093761920929,0.6189823150634766,0.9222809607030324,0.9210598174453857,0.9209955114693276
731,0.9591991901397705,0.4664973318576813,0.9193750023841858,0.6202991604804993,0.9205778103800244,0.9192417108884042,0.9192348034640343
732,0.957226574420929,0.46994537115097046,0.9188281297683716,0.6159131526947021,0.9201176083978578,0.9188125185328216,0.9187628387769584
733,0.9574413895606995,0.46990397572517395,0.9184374809265137,0.6126633286476135,0.9199326212326299,0.9182807047003129,0.9182961321165011
734,0.9554882645606995,0.47446781396865845,0.9156249761581421,0.6203336119651794,0.9170180092530796,0.9153803935032085,0.9153564545387457
735,0.9571484327316284,0.47237545251846313,0.9192968606948853,0.6242143511772156,0.9207956173722223,0.9190678761740724,0.9190453501962066
736,0.9582226276397705,0.4693503975868225,0.9164843559265137,0.6265909671783447,0.9176235559974375,0.9165346191899801,0.9163087104394672
737,0.957812488079071,0.4699455499649048,0.9189843535423279,0.6247345805168152,0.920741337993512,0.9186979946470538,0.9188126939117269
738,0.9582812786102295,0.4692244231700897,0.9172656536102295,0.6192048788070679,0.9189442061607107,0.9171317646234683,0.9171885306029921
739,0.9580664038658142,0.46717211604118347,0.9202343821525574,0.6157193183898926,0.9217146103578312,0.9200037700503115,0.9200553883716491
740,0.9593750238418579,0.4655012786388397,0.9178125262260437,0.6240447759628296,0.9192192833805984,0.9176322625590128,0.9177204312303562
741,0.9586328268051147,0.4658428132534027,0.9197656512260437,0.6141848564147949,0.9214958627680723,0.9195640477246685,0.9196894119616867
742,0.9587695598602295,0.4653276205062866,0.9171093702316284,0.6304171085357666,0.9187930710351493,0.9169374234924683,0.916948491070541
743,0.9567577838897705,0.46925926208496094,0.9196093678474426,0.6213624477386475,0.921359854398686,0.9193586495989617,0.9194687410074074
744,0.958691418170929,0.46834397315979004,0.9178125262260437,0.6205458641052246,0.919079856211952,0.9178048180675088,0.9176894210439237
745,0.9569140672683716,0.46970340609550476,0.9178125262260437,0.6219457387924194,0.9194116027194694,0.9178059070219422,0.9177546324040844
746,0.95556640625,0.47467949986457825,0.9164062738418579,0.6217614412307739,0.9179244530246233,0.9159763788727782,0.9161664527596545
747,0.9556054472923279,0.47109633684158325,0.9121875166893005,0.6344317197799683,0.9139146974868863,0.9119416165940956,0.9119639089689161
748,0.9564843773841858,0.4737871289253235,0.9162499904632568,0.6293879151344299,0.9179206421828529,0.916038678791909,0.9161371671593097
749,0.9571288824081421,0.4705522060394287,0.9175781011581421,0.6182276606559753,0.9191134306756746,0.9174440545110829,0.9174975829248913
750,0.9602734446525574,0.46339312195777893,0.9165624976158142,0.6189832091331482,0.9184287986081154,0.916333388876498,0.9164173974223111
751,0.95849609375,0.46626049280166626,0.9192968606948853,0.6178273558616638,0.9209438664580261,0.9191214535052499,0.9192144392280518
752,0.9590625166893005,0.4652033746242523,0.9176562428474426,0.6233084201812744,0.9189603744805412,0.917528408345111,0.9175063439490954
753,0.9588867425918579,0.4656316041946411,0.9157812595367432,0.6197656989097595,0.9171530681275042,0.9154970570443866,0.9155305981977704
754,0.9581640362739563,0.4663398861885071,0.9184374809265137,0.6202806234359741,0.9196619601816257,0.9181794328976451,0.9182281503170826
755,0.9561328291893005,0.4709254503250122,0.921093761920929,0.613020122051239,0.922450614464158,0.9209439705379266,0.9208941387723575
756,0.9551367163658142,0.47414204478263855,0.9162499904632568,0.6283974647521973,0.9178046178066488,0.9159613475987183,0.9160298875639814
757,0.9554296731948853,0.47706589102745056,0.9182031154632568,0.6254150867462158,0.9199055667148817,0.9180270961123294,0.9180154557785462
758,0.9574413895606995,0.47264033555984497,0.9159374833106995,0.6192668676376343,0.9171986921418969,0.915761782622639,0.9156855339006672
759,0.9580664038658142,0.47027862071990967,0.9143750071525574,0.6309869885444641,0.916146379886424,0.9142639397893229,0.9142456896998608
760,0.9569922089576721,0.4708952009677887,0.917187511920929,0.6165409088134766,0.9185393060930134,0.9170956050275991,0.9170191416439808
761,0.9588476419448853,0.46889859437942505,0.91796875,0.6183693408966064,0.9191428877943022,0.9178444937210123,0.9177164221650806
762,0.9578906297683716,0.46855098009109497,0.9217187762260437,0.612663984298706,0.9228542161659825,0.9215382069884541,0.9215134638307543
763,0.9605859518051147,0.4608989357948303,0.9228906035423279,0.6105833053588867,0.9240360700559112,0.9227331805103559,0.9226542536017903
764,0.9591211080551147,0.46160128712654114,0.9189062714576721,0.6135644316673279,0.9203507143652673,0.9188614082953579,0.9188335414359504
765,0.9579882621765137,0.4673677384853363,0.9190624952316284,0.6156965494155884,0.9204107981172145,0.9189830978820746,0.9189332909648551
766,0.9557226300239563,0.4735730290412903,0.9185937643051147,0.6208046674728394,0.9196400494798356,0.9184885084797718,0.9183525734569656
767,0.956347644329071,0.4710421860218048,0.9170312285423279,0.6193987131118774,0.9183464167189617,0.9169635377551768,0.9169416258098457
768,0.9585546851158142,0.468362033367157,0.9180468916893005,0.622031569480896,0.9194314065117902,0.9180507937328308,0.9178919255777335
769,0.9577343463897705,0.4695742726325989,0.918749988079071,0.6331881880760193,0.9201233696234379,0.9186946792360179,0.9186279679173156
770,0.9589257836341858,0.46735814213752747,0.9164843559265137,0.6265506148338318,0.9178502370916416,0.9163764929295221,0.9162853109049848
771,0.9572070240974426,0.4662478566169739,0.9216406345367432,0.6102384328842163,0.922980061714292,0.9214980474827645,0.9214877573711941
772,0.9579296708106995,0.47198981046676636,0.9200000166893005,0.6128528118133545,0.9213852009637924,0.9200386036799146,0.9199368062516387
773,0.9571484327316284,0.47214049100875854,0.9207812547683716,0.6107567548751831,0.9221090403785546,0.9205432123954933,0.920601813714858
774,0.9573633074760437,0.4696539640426636,0.9197656512260437,0.6175315976142883,0.9211424745533542,0.9195879534362987,0.919548088263821
775,0.9574413895606995,0.4697473645210266,0.9185937643051147,0.6229529976844788,0.9199227629158635,0.9184028777812256,0.9183449022793868
776,0.955859363079071,0.4719370901584625,0.9146093726158142,0.6339478492736816,0.9161774872395918,0.9144489664157525,0.9144845145659144
777,0.95751953125,0.4691825211048126,0.9185156226158142,0.6227232217788696,0.9201749646460691,0.9184246040591321,0.9184033691420356
778,0.9557421803474426,0.47338417172431946,0.9175000190734863,0.6262795925140381,0.9188423621711808,0.9175711264127403,0.9173420572887004
779,0.9586523175239563,0.47033068537712097,0.921093761920929,0.610922634601593,0.9226434550077174,0.9209990684601304,0.9209847434932521
780,0.9574218988418579,0.4669221043586731,0.9221875071525574,0.6135684847831726,0.9233883180271318,0.921947840131589,0.9220252925649173
781,0.9584179520606995,0.4681744873523712,0.9221093654632568,0.6086020469665527,0.9233948528308442,0.9219000406787842,0.9218790202477296
782,0.9585742354393005,0.46497032046318054,0.9215624928474426,0.6156967282295227,0.9228213119165154,0.921403556029464,0.9213729592483069
783,0.9594336152076721,0.46463942527770996,0.9193750023841858,0.6267988681793213,0.9207987513836665,0.919188782234714,0.9192250978047671
784,0.9598633050918579,0.4618493616580963,0.9198437333106995,0.6209315061569214,0.9209096926690613,0.9196605873374362,0.9196121480832457
785,0.9612109661102295,0.4582861363887787,0.9192968606948853,0.6132636070251465,0.9202098444855792,0.9191129317154197,0.9191035352727389
786,0.9590429663658142,0.4626931846141815,0.9202343821525574,0.6132714748382568,0.921285893614112,0.9198732162179621,0.9198674078044633
787,0.9566797018051147,0.46819964051246643,0.9214062690734863,0.6074203252792358,0.9225940515657115,0.9211467603635912,0.9211461463311295
788,0.9570702910423279,0.4664653539657593,0.9185937643051147,0.6149898767471313,0.9197002727285877,0.9184077524601819,0.9182390693467581
789,0.9601367115974426,0.45810383558273315,0.9165624976158142,0.6227306127548218,0.9180570578825371,0.9163520703456601,0.9163232401558621
790,0.9589648246765137,0.463369220495224,0.9127343893051147,0.6334421038627625,0.9144163407558479,0.9125103072849255,0.9125174435104739
791,0.9568750262260437,0.4687340557575226,0.9171093702316284,0.6236564517021179,0.9184423540780632,0.9169411194026091,0.9169909027766233
792,0.9572851657867432,0.4688167870044708,0.9153906106948853,0.6318004131317139,0.9167045961051086,0.9151128103383028,0.9151679002991401
793,0.957226574420929,0.47064295411109924,0.9185156226158142,0.6261386275291443,0.9201441469608566,0.9182364591254584,0.918401239531133
794,0.9569336175918579,0.47198912501335144,0.9172656536102295,0.6207424998283386,0.9185457435730708,0.9171160252733974,0.917076781363644
795,0.9562890529632568,0.4708847403526306,0.9174218773841858,0.6202778816223145,0.9188335030656649,0.9170604337910546,0.9171791504507656
796,0.9571288824081421,0.46766361594200134,0.9196093678474426,0.6160597205162048,0.9213539496022687,0.919476671886797,0.9195286713798709
797,0.9550195336341858,0.4755309224128723,0.9182812571525574,0.6213474869728088,0.9194172306964881,0.9179050159874363,0.9179874175336289
798,0.9574023485183716,0.4692326784133911,0.9211719036102295,0.6146818995475769,0.9228478609150007,0.9209253174593317,0.921031982314661
799,0.9588867425918579,0.46774765849113464,0.9170312285423279,0.6202683448791504,0.9185267267501259,0.9169109133358668,0.9169635997149163
800,0.9580664038658142,0.466923326253891,0.9192968606948853,0.6167019605636597,0.9210387320422976,0.9189117018772583,0.9191301909394949
801,0.9604687690734863,0.4631209671497345,0.9186718463897705,0.6148746013641357,0.9203968725322328,0.9185044769016505,0.9185856331495017
802,0.9584375023841858,0.4661257266998291,0.9214843511581421,0.6081358194351196,0.9229393131349153,0.9212197887440859,0.9212976172966683
803,0.9582226276397705,0.4664888083934784,0.9193750023841858,0.6139563918113708,0.9210277365850176,0.9190358313291758,0.9191860896898901
804,0.9581640362739563,0.467019259929657,0.918749988079071,0.6119094491004944,0.920031049197604,0.9185571559715249,0.9186295748899402
805,0.9587109088897705,0.46340397000312805,0.9175000190734863,0.6183317303657532,0.9191082483270374,0.9173147620187188,0.917290874918258
806,0.9596093893051147,0.46126025915145874,0.9217968583106995,0.6105673313140869,0.9233612903546868,0.9217263280904975,0.9217281760202715
807,0.9580664038658142,0.4665180444717407,0.9197656512260437,0.6174641251564026,0.9217340818031983,0.9195780987249829,0.9197486251061371
808,0.9595702886581421,0.46073707938194275,0.9222656488418579,0.6063811182975769,0.9238716243979103,0.9220874856340477,0.9220788888699356
809,0.9597851634025574,0.4598478376865387,0.9178125262260437,0.6188628077507019,0.9196548191579909,0.9176899433813936,0.9176943900635626
810,0.9591601490974426,0.4605686664581299,0.9186718463897705,0.6202546954154968,0.9198101542371943,0.9184088292862084,0.9183897661100515
811,0.9580078125,0.46778857707977295,0.9229687452316284,0.603890597820282,0.9243416700291082,0.9226901088929107,0.9227994611482266
812,0.9566406011581421,0.4662887454032898,0.9197656512260437,0.6141476631164551,0.9211957785666709,0.9195103752302828,0.9195535545446938
813,0.9595116972923279,0.4630870521068573,0.91796875,0.6077807545661926,0.9192690300984222,0.9178706816752981,0.9178294329665526
814,0.9579687714576721,0.4650826156139374,0.921093761920929,0.6047239899635315,0.9224276133465168,0.9207509449762085,0.9208031967734329
815,0.9579687714576721,0.46694523096084595,0.9214843511581421,0.6098220348358154,0.9228986728954021,0.9213164631488572,0.9213315700764753
816,0.9564062356948853,0.47009873390197754,0.9177343845367432,0.6178361773490906,0.918759182582826,0.9175593008590404,0.9174613902367947
817,0.9563671946525574,0.46891316771507263,0.9177343845367432,0.617006242275238,0.919113055018751,0.9175309494055615,0.9175110282862875
818,0.9575781226158142,0.46547821164131165,0.9203125238418579,0.6094667911529541,0.921894315525964,0.9200465751781586,0.9201020403397335
819,0.9587304592132568,0.4629955291748047,0.9168750047683716,0.6206473708152771,0.9184834147159416,0.9164586502194679,0.91661574160197
820,0.9567968845367432,0.47031188011169434,0.9178906083106995,0.6162137389183044,0.9193701160998988,0.9177417310010825,0.9176489090247246
821,0.958300769329071,0.46382537484169006,0.9189062714576721,0.6198544502258301,0.9203199763409684,0.9187112906494121,0.9187665676006436
822,0.960742175579071,0.46002066135406494,0.9228906035423279,0.6044517159461975,0.9245072703822727,0.922677128424551,0.9227391992199994
823,0.9580664038658142,0.46234551072120667,0.9205468893051147,0.6064768433570862,0.921932666211549,0.920454410961302,0.9204933151297852
824,0.9596288800239563,0.4632423520088196,0.9174218773841858,0.6110082268714905,0.9187191424513539,0.9171747190312061,0.9171774027528394
825,0.9593554735183716,0.46139660477638245,0.9175000190734863,0.6190780401229858,0.9190424934170184,0.9172222822841664,0.9172885708093736
826,0.9575390815734863,0.467113733291626,0.9164843559265137,0.6166064143180847,0.9179573388514993,0.9162603717128435,0.9163374229664045
827,0.9610742330551147,0.4552163779735565,0.9217187762260437,0.604921817779541,0.9228642765713779,0.9215004875544325,0.9214464689159829
828,0.9605859518051147,0.45833465456962585,0.9193750023841858,0.6146822571754456,0.9205204620907483,0.919139381001298,0.9191218534713411
829,0.9594531059265137,0.45857906341552734,0.9225000143051147,0.6030395030975342,0.9238493862717124,0.9222098412258635,0.9222401237336763
830,0.9593945145606995,0.4615436792373657,0.9171093702316284,0.6127444505691528,0.9184028435868437,0.916775429793077,0.9168629188950113
831,0.9562695026397705,0.47032222151756287,0.9189843535423279,0.6120527386665344,0.9203346165172566,0.9186171612099865,0.9187463694767741
832,0.9569140672683716,0.4695105254650116,0.9184374809265137,0.6191356182098389,0.9198277493464218,0.9182550256193749,0.9182333093593866
833,0.9575390815734863,0.4684295356273651,0.919140636920929,0.6143702268600464,0.9204383894867713,0.9188419558639064,0.9189020725873784
834,0.9573827981948853,0.46691644191741943,0.9202343821525574,0.6099618673324585,0.9212967627020007,0.9202138167073313,0.9201161512933962
835,0.9567968845367432,0.4695560932159424,0.9209374785423279,0.6097843647003174,0.9220976205341186,0.9209152866884959,0.9208071414748558
836,0.9572656154632568,0.46741658449172974,0.9192968606948853,0.6184751987457275,0.9211414439352126,0.9192890395053772,0.9193057890500977
837,0.9579101800918579,0.4694861173629761,0.9209374785423279,0.6107264161109924,0.9224982773228736,0.9207573567906862,0.9207949899471546
838,0.958789050579071,0.4626260995864868,0.9250781536102295,0.6021061539649963,0.9260598801926434,0.9249773319839099,0.924853525448798
839,0.9593945145606995,0.46221649646759033,0.9205468893051147,0.6176720857620239,0.9220703252719233,0.9204588491947943,0.9204657609624887
840,0.95703125,0.4657858610153198,0.9225000143051147,0.6108341813087463,0.9237929428190197,0.9224397558827264,0.9223417997599395
841,0.959179699420929,0.4587337076663971,0.921093761920929,0.6144067645072937,0.9224981509019258,0.9209624693521101,0.9210051764711493
842,0.9596484303474426,0.4598354697227478,0.9196875095367432,0.6125946044921875,0.9209797649352206,0.9194551756726924,0.9194743957188621
843,0.9615234136581421,0.45690253376960754,0.9214062690734863,0.6072148084640503,0.9229012034756073,0.921188999347996,0.9213216365505111
844,0.9603906273841858,0.4594363272190094,0.9183593988418579,0.6135119795799255,0.9195006050543904,0.9182263305991641,0.918167040631868
845,0.9597070217132568,0.46049582958221436,0.9214843511581421,0.6181371808052063,0.9226199587898625,0.9212932608815663,0.9212913306612558
846,0.9589453339576721,0.4618353247642517,0.9210156202316284,0.6063245534896851,0.9227147564918454,0.9208581181527835,0.9209269504427235
847,0.9596093893051147,0.45992496609687805,0.9225000143051147,0.6087291836738586,0.9237442887042755,0.9223436092091226,0.9224124767888917
848,0.9581835865974426,0.46401551365852356,0.9209374785423279,0.6131768822669983,0.9223673130159922,0.9207765975088571,0.9209111224891648
849,0.957812488079071,0.46551382541656494,0.9214062690734863,0.6109784245491028,0.9227254844359678,0.9212740059878285,0.9213283365444653
850,0.9569531083106995,0.4668342173099518,0.9246875047683716,0.6058470010757446,0.9259860800124204,0.924475212901108,0.9245704158021006
851,0.9577343463897705,0.46387234330177307,0.9202343821525574,0.61639004945755,0.9214568429052012,0.9200063992062946,0.9200437505429793
852,0.9589648246765137,0.4606166481971741,0.9228125214576721,0.6120268106460571,0.9241387139310346,0.9225189188848262,0.9226151205771904
853,0.9606835842132568,0.4567481577396393,0.9219531416893005,0.6054554581642151,0.9229899468108804,0.9218990867755493,0.9217613682558777
854,0.9576562643051147,0.46177712082862854,0.9185937643051147,0.6002774238586426,0.9199389885493767,0.9184599913986509,0.9185256490978413
855,0.9591015577316284,0.4614262878894806,0.9208593964576721,0.6113569140434265,0.922255315032511,0.9207806259920149,0.9207540812726135
856,0.9591601490974426,0.4605821371078491,0.9233593940734863,0.6007880568504333,0.9245505769189772,0.9231334280459216,0.9231591716229908
857,0.958300769329071,0.464077353477478,0.9200000166893005,0.610434889793396,0.9212532373467437,0.9198126453808722,0.9198196310094804
858,0.9597070217132568,0.4622911512851715,0.921875,0.608528196811676,0.9234169541610988,0.9219187561117896,0.9219031318428148
859,0.9573047161102295,0.465318500995636,0.9224218726158142,0.6049991846084595,0.923917532001326,0.9222542860920662,0.9223614329810055
860,0.9588281512260437,0.4631275236606598,0.9189843535423279,0.6138209700584412,0.9205582267566297,0.9190241708273029,0.9190415821733602
861,0.9590625166893005,0.45865753293037415,0.9224218726158142,0.600577712059021,0.9238325644164935,0.9222730205776168,0.922298258946803
862,0.9574023485183716,0.46528691053390503,0.9202343821525574,0.6098767518997192,0.9218363722123786,0.9200642178777281,0.9201314173660274
863,0.9570116996765137,0.46604281663894653,0.9239843487739563,0.6042883396148682,0.9252051086426644,0.9237664964430928,0.9237971104142186
864,0.9576367139816284,0.46720221638679504,0.9212499856948853,0.6040048003196716,0.9223575616602204,0.9208391812923615,0.920910180254485
865,0.958203136920929,0.46203938126564026,0.9177343845367432,0.6149697303771973,0.9190423647698176,0.9176967919421831,0.9176741199375751
866,0.9574999809265137,0.4626122713088989,0.9221093654632568,0.6077373623847961,0.9233016782601463,0.9219582027629283,0.921976702780313
867,0.9563281536102295,0.4684930443763733,0.9205468893051147,0.6122223138809204,0.9218607219138824,0.9203154951733754,0.9203177890393662
868,0.9596093893051147,0.4618028998374939,0.9181249737739563,0.6161178350448608,0.9191428302210212,0.9178425175712326,0.9178629573016577
869,0.9603515863418579,0.45732229948043823,0.9214843511581421,0.6039191484451294,0.9226472544146743,0.9213224532033761,0.9212937686914604
870,0.9602734446525574,0.4601629674434662,0.9239843487739563,0.5995705127716064,0.9252829452203366,0.9239080101527826,0.9239093202335009
871,0.9605078101158142,0.46100670099258423,0.921093761920929,0.6142506003379822,0.9223126413838789,0.9208649370759068,0.9208336214256878
872,0.9580664038658142,0.46472057700157166,0.9201562404632568,0.6143823862075806,0.9214594033478625,0.9199277640569958,0.9198805815705389
873,0.9581249952316284,0.46286842226982117,0.9211719036102295,0.6057404279708862,0.922442891140069,0.9209431277376946,0.9209351689743956
874,0.9593750238418579,0.4600832760334015,0.9208593964576721,0.6184202432632446,0.9219659250356893,0.9207486249396697,0.9206852476382332
875,0.9604296684265137,0.45926356315612793,0.9232031106948853,0.6125261187553406,0.9244166097889734,0.922981930074542,0.922917187740676
876,0.958203136920929,0.4639938771724701,0.9232812523841858,0.6085259914398193,0.9246027064359759,0.9230287542359927,0.923068240119391
877,0.9593359231948853,0.46120333671569824,0.9190624952316284,0.6146572828292847,0.9202200653571774,0.9189021158439965,0.9187684557961311
878,0.9595507979393005,0.4588243365287781,0.9222656488418579,0.607994794845581,0.9237046948811971,0.9221035745751407,0.9220922668700258
879,0.9597851634025574,0.45736485719680786,0.9256250262260437,0.6005127429962158,0.9270342348153715,0.9255555695444776,0.9254931279373197
880,0.9598242044448853,0.4613882303237915,0.9220312237739563,0.6035354137420654,0.9233241811334799,0.9218048515738799,0.9218326602265726
881,0.960644543170929,0.45623624324798584,0.9245312213897705,0.6064977049827576,0.926019861217052,0.9242038300040287,0.9243239438112204
882,0.9613476395606995,0.4557139575481415,0.9240624904632568,0.6029983758926392,0.9255309778896945,0.9239301613853904,0.9239694863202372
883,0.9591015577316284,0.45942696928977966,0.9215624928474426,0.6078869104385376,0.9228316594795902,0.9214510493052055,0.9214460203802606
884,0.957714855670929,0.4636436402797699,0.9231250286102295,0.6017521619796753,0.9244110489250932,0.9227472143069759,0.9229230373023813
885,0.9573827981948853,0.46047118306159973,0.9202343821525574,0.6076472401618958,0.9212340973426274,0.9200533029950952,0.9199881744179939
886,0.9577343463897705,0.4623905122280121,0.9228125214576721,0.6049006581306458,0.9238954452648334,0.9224062265931129,0.922482567558109
887,0.9581640362739563,0.4652444124221802,0.9204687476158142,0.6062189340591431,0.9221695902128588,0.9202969840922015,0.9203947835906328
888,0.9574609398841858,0.46589919924736023,0.9194531440734863,0.6098780632019043,0.920664143087833,0.9191616085061551,0.9192173844882269
889,0.958789050579071,0.4607372283935547,0.9195312261581421,0.6137515306472778,0.9209468613148208,0.9193995156212578,0.919348411723973
890,0.9568750262260437,0.4644666016101837,0.9237499833106995,0.6008846759796143,0.92490330277437,0.9235315824614795,0.9235276202474558
891,0.9586328268051147,0.46084916591644287,0.9204687476158142,0.6052701473236084,0.9216467604130295,0.920268296199894,0.9202215485808816
892,0.9590625166893005,0.4596027135848999,0.9215624928474426,0.6108136177062988,0.9229349300819286,0.921167183309782,0.9213270638321337
893,0.9591991901397705,0.4605441987514496,0.9255468845367432,0.5989682674407959,0.9265782233905906,0.9252551805494202,0.9253152858370963
894,0.959765613079071,0.4572996199131012,0.9203125238418579,0.6063038110733032,0.921417515405663,0.9202542757559595,0.9201977966404051
895,0.9589257836341858,0.4612230360507965,0.9222656488418579,0.6020099520683289,0.9235332538891392,0.9222329880424249,0.9221599031548375
896,0.9609179496765137,0.456792950630188,0.9232031106948853,0.6014796495437622,0.9243186714774726,0.9230835279300822,0.9230262579824279
897,0.9592968821525574,0.4601679742336273,0.923828125,0.6069145202636719,0.9250926848209914,0.9238153570117857,0.9236917813561166
898,0.960156261920929,0.4564184844493866,0.9227343797683716,0.6053393483161926,0.9239948939627591,0.9225368867088516,0.9224344690563524
899,0.959765613079071,0.4568471908569336,0.9219531416893005,0.6008402705192566,0.9235838587473143,0.9217688546185736,0.9217724948773549
900,0.9559179544448853,0.46841031312942505,0.9182031154632568,0.6226028800010681,0.9192206524926976,0.918004243160724,0.9178925244106124
901,0.9582812786102295,0.4646482467651367,0.9234374761581421,0.6048351526260376,0.9248150579951091,0.9232483148715519,0.9233099897999288
902,0.9599609375,0.45825886726379395,0.9228906035423279,0.5994802713394165,0.924201008761036,0.9227124021674984,0.9226945561980356
903,0.9594140648841858,0.45732393860816956,0.9214843511581421,0.6024529933929443,0.9225231961921521,0.9213041480102664,0.921184624143982
904,0.96044921875,0.45792773365974426,0.9241406321525574,0.5977039933204651,0.925157181921302,0.9240109818303589,0.9238791601498001
905,0.9590039253234863,0.4581631124019623,0.9237499833106995,0.5976061224937439,0.9248927694796825,0.9234958200316397,0.9234776520851202
906,0.9588086009025574,0.46014440059661865,0.9253125190734863,0.5965709090232849,0.926402496339078,0.9250628373305942,0.9250665420053825
907,0.9605468511581421,0.4537619352340698,0.9204687476158142,0.6052787899971008,0.9218599485341681,0.9203588727667209,0.920366226886301
908,0.958984375,0.46003401279449463,0.9228125214576721,0.602435290813446,0.9241144100908047,0.9225280603538204,0.9225825708352859
909,0.9584570527076721,0.4585621654987335,0.9209374785423279,0.598058819770813,0.9221385861387132,0.920771102934833,0.9207784645175859
910,0.9603906273841858,0.45505037903785706,0.9258593916893005,0.5899088382720947,0.9268646147921769,0.9257224529904904,0.9256157116478889
911,0.9579492211341858,0.4592006206512451,0.918749988079071,0.6052674651145935,0.9197963418490374,0.9184278031461213,0.9184639904535846
912,0.9601171612739563,0.45715972781181335,0.9228125214576721,0.5995096564292908,0.923943771659358,0.9226332722457746,0.9226368137016102
913,0.9581249952316284,0.46061524748802185,0.9242187738418579,0.5967600345611572,0.9252289477115728,0.9240424462776908,0.9239739693061051
914,0.9598047137260437,0.45480355620384216,0.921875,0.6014423966407776,0.9231593330966443,0.9217216606410623,0.9217365499668096
915,0.9596484303474426,0.45840519666671753,0.9242968559265137,0.6003621220588684,0.9256511583408649,0.9240382466149094,0.9239792123943822
916,0.9589062333106995,0.4572775363922119,0.9223437309265137,0.6026993989944458,0.9239772135620894,0.9222557001685218,0.9223609029248085
917,0.9582421779632568,0.46115967631340027,0.921093761920929,0.6012349128723145,0.9223674914408293,0.9209394337687078,0.9209989293538956
918,0.9603906273841858,0.4554362893104553,0.9160937666893005,0.6185407042503357,0.9176874302263076,0.9159744805527315,0.9160168066959017
919,0.959765613079071,0.4602166712284088,0.9209374785423279,0.6043235659599304,0.9220474624584243,0.920993032320083,0.9208220956763977
920,0.9600781202316284,0.45704177021980286,0.9201562404632568,0.6082813739776611,0.9216528648765421,0.9198704205409436,0.9199741160592338
921,0.9609179496765137,0.45260798931121826,0.925000011920929,0.5926245450973511,0.9262381906010819,0.9250109976211871,0.9249406651855665
922,0.9591015577316284,0.45713862776756287,0.9241406321525574,0.6067270040512085,0.925461975950574,0.9241074378646923,0.924020650130273
923,0.9590625166893005,0.4590761959552765,0.9217968583106995,0.6011444330215454,0.9234065802635568,0.921793941013735,0.9217459726071491
924,0.9571484327316284,0.4649837911128998,0.9255468845367432,0.5952672362327576,0.9269453496676231,0.9253507115569686,0.9253281493766865
925,0.9579882621765137,0.46040162444114685,0.9236719012260437,0.5997684001922607,0.9250551231238171,0.9235010045394539,0.9234941798179985
926,0.9611523151397705,0.4549161493778229,0.9219531416893005,0.6095781922340393,0.9232782309285359,0.9218848822637143,0.9218113788180615
927,0.9579492211341858,0.4617561101913452,0.9255468845367432,0.5966914892196655,0.9268352184006002,0.925538875147221,0.9254905846997984
928,0.9607031345367432,0.4543551504611969,0.9242968559265137,0.5927870273590088,0.9255411040196777,0.9240628190812852,0.9240839768829837
929,0.9610742330551147,0.4544280171394348,0.9223437309265137,0.6048424243927002,0.9238293380474981,0.9223448346838177,0.9223130769821467
930,0.9593554735183716,0.45877453684806824,0.9221093654632568,0.6066874265670776,0.9235333049308075,0.9219751157768165,0.9218907328450109
931,0.9584570527076721,0.4611474871635437,0.9214843511581421,0.608095109462738,0.9231822949578836,0.9213985369826554,0.9214152153327664
932,0.9582421779632568,0.4626384377479553,0.9243749976158142,0.600123941898346,0.9253969362273616,0.9240759258918394,0.924138309245703
933,0.9614843726158142,0.45380938053131104,0.9233593940734863,0.5951105356216431,0.9243161122586956,0.9231794689891168,0.9231583274036488
934,0.9598242044448853,0.4568299949169159,0.9233593940734863,0.5995949506759644,0.9245363911628686,0.923445415869822,0.9232977041267729
935,0.9573633074760437,0.46347182989120483,0.9224218726158142,0.5999004244804382,0.9236720917123045,0.9223391859298791,0.9223167039438374
936,0.9606640338897705,0.4581563174724579,0.924609363079071,0.5972155332565308,0.9258390210408916,0.9243333081024951,0.9243763693033401
937,0.9596874713897705,0.45854026079177856,0.9232031106948853,0.5988353490829468,0.924052227174855,0.9228883228621865,0.9227496673137987
938,0.958691418170929,0.45947781205177307,0.9217187762260437,0.6003104448318481,0.9228019927990068,0.9216478016499122,0.9215562364538312
939,0.9601367115974426,0.45528891682624817,0.9221093654632568,0.6022122502326965,0.9235262034787513,0.921814701372319,0.9218456485833725
940,0.9594140648841858,0.4578644931316376,0.9259374737739563,0.5955414772033691,0.927150152521597,0.925911357651017,0.9257518033148853
941,0.9607617259025574,0.453538715839386,0.9237499833106995,0.5917325019836426,0.924972614133483,0.9237034525160358,0.9236090757287178
942,0.9590820074081421,0.4601116180419922,0.9211719036102295,0.6029695272445679,0.9224940015016742,0.921042855118174,0.9209458282851073
943,0.9595116972923279,0.45442044734954834,0.9227343797683716,0.5987653136253357,0.9237724202737175,0.9224374300776834,0.9224416650124129
944,0.9588867425918579,0.4575462341308594,0.9200000166893005,0.6054795384407043,0.9214526170468694,0.9197004433402396,0.9197932855753579
945,0.9615820050239563,0.44915732741355896,0.9232812523841858,0.5947688817977905,0.9246003665386263,0.9229138115678142,0.9230298362742837
946,0.9603320360183716,0.4537329077720642,0.9223437309265137,0.5992522239685059,0.9238542642615959,0.9220526816274566,0.9220893598460433
947,0.9600781202316284,0.4541032314300537,0.9202343821525574,0.6113555431365967,0.9215279234959481,0.9199742988030966,0.9199986516725538
948,0.9594922065734863,0.4553440511226654,0.9222656488418579,0.604058027267456,0.923418768666729,0.9220412039209419,0.9219192121557911
949,0.9597070217132568,0.45644858479499817,0.920703113079071,0.6052610874176025,0.9219682102209847,0.9204760259411675,0.9205366905593232
950,0.9588671922683716,0.4590204358100891,0.9236719012260437,0.5942153930664062,0.9247620816510251,0.9234565541565642,0.9234892940689983
951,0.960644543170929,0.45165616273880005,0.9192968606948853,0.605171263217926,0.9206133112265535,0.9190678348016272,0.9190668146846743
952,0.9593750238418579,0.45691779255867004,0.9192968606948853,0.6076471209526062,0.9206892198368987,0.9191076787143903,0.9190310010629228
953,0.9593359231948853,0.45712020993232727,0.9264843463897705,0.5910871028900146,0.927698965034768,0.9262952137286012,0.9263428604031138
954,0.9588476419448853,0.4580729603767395,0.9214843511581421,0.5962666273117065,0.9225410309442799,0.9213866786138909,0.9213390917230251
955,0.9600585699081421,0.4559616148471832,0.9217968583106995,0.5973487496376038,0.9231311958222219,0.9214721731447035,0.9216515787279262
956,0.9588281512260437,0.4580354392528534,0.9243749976158142,0.5971653461456299,0.9256728879725431,0.9242764953499791,0.924288790594689
957,0.9592187404632568,0.4589146375656128,0.9244531393051147,0.5894197821617126,0.9258580895662321,0.9241558105414555,0.9242344870257988
958,0.9590234160423279,0.4566460847854614,0.9198437333106995,0.6101743578910828,0.9213788316811434,0.9194130972434589,0.9195916375559826
959,0.9578906297683716,0.4615046977996826,0.9234374761581421,0.5986535549163818,0.9247686080421097,0.923151585401839,0.9232546137885036
960,0.9593164324760437,0.4597431421279907,0.9206249713897705,0.6025877594947815,0.9217965832585193,0.9204404307284046,0.9204620132309875
961,0.9602929949760437,0.4548943340778351,0.9243749976158142,0.5972180366516113,0.9254044301070206,0.9241949920659789,0.9241799353279074
962,0.9601171612739563,0.45394381880760193,0.9222656488418579,0.6012353301048279,0.9235005612135792,0.9221420277746626,0.9221814965601007
963,0.9603906273841858,0.45580390095710754,0.9244531393051147,0.5894793272018433,0.9257336928087418,0.924027656993124,0.9241216958267394
964,0.9579492211341858,0.45875880122184753,0.9240624904632568,0.5985549688339233,0.9250921706055608,0.9238446449525102,0.923829622897141
965,0.96044921875,0.456318736076355,0.9225000143051147,0.6010866165161133,0.9236486732100995,0.9221109506834937,0.9222158394226927
966,0.9613867402076721,0.452335000038147,0.9220312237739563,0.6006547808647156,0.9234281914756675,0.9216938022163192,0.9217990739421944
967,0.9622656106948853,0.44949886202812195,0.918749988079071,0.6182166934013367,0.9202350850083094,0.9186262565747948,0.9186843939959739
968,0.9594922065734863,0.4569130837917328,0.9215624928474426,0.6020587682723999,0.9230232926502703,0.9213950463217218,0.9214736877621542
969,0.9616405963897705,0.4502439498901367,0.9217187762260437,0.6050666570663452,0.923407514878412,0.9216145956921469,0.9217148035716624
970,0.9605078101158142,0.45441165566444397,0.9205468893051147,0.6033868193626404,0.9219598998508791,0.9202618660565303,0.9203095637182963
971,0.9595507979393005,0.4551316201686859,0.9212499856948853,0.6083483695983887,0.9225075512649867,0.9210585085325464,0.9211611321225018
972,0.9595702886581421,0.4594828486442566,0.9240624904632568,0.5941852331161499,0.9253185764686558,0.9239264769679147,0.9238524251603573
973,0.9596288800239563,0.4550820291042328,0.9246875047683716,0.5899025797843933,0.9257819847541076,0.9244233195914786,0.9244768924342923
974,0.9596288800239563,0.45386263728141785,0.9232812523841858,0.5927049517631531,0.9244278362967919,0.9230995731938116,0.9230835147348095
975,0.9589257836341858,0.4589453935623169,0.923046886920929,0.6027145981788635,0.9243678353503983,0.9229215607697139,0.922960895202888
976,0.9586523175239563,0.4591413140296936,0.9231250286102295,0.6040145754814148,0.9242874343671035,0.9228003903740676,0.9228930307111458
977,0.9599999785423279,0.45642799139022827,0.9185156226158142,0.6090596914291382,0.9200180066940951,0.9183138616639248,0.9183373465779365
978,0.9630468487739563,0.44585734605789185,0.9259374737739563,0.5931651592254639,0.9269371989683051,0.9256054794012518,0.9257075285578986
979,0.9599023461341858,0.4539604187011719,0.9232812523841858,0.595272421836853,0.9247046924901895,0.9231174882078426,0.9232032443819549
980,0.9608984589576721,0.452549546957016,0.925000011920929,0.5871419310569763,0.9262179906743649,0.9249512624876375,0.9249071414677474
981,0.9611914157867432,0.45186206698417664,0.9203125238418579,0.6073711514472961,0.9219613827755654,0.9202784177332981,0.9203626365635984
982,0.9603124856948853,0.4544372260570526,0.923828125,0.594880998134613,0.9249428604729916,0.923909318083652,0.9237814686127472
983,0.9600195288658142,0.45363911986351013,0.920703113079071,0.611051619052887,0.9217679923074404,0.9204807761084564,0.9204888018752013
984,0.9599804878234863,0.455087810754776,0.9171093702316284,0.6191731691360474,0.9182340467933697,0.9170374038647774,0.9169603678961892
985,0.9572656154632568,0.46105441451072693,0.9234374761581421,0.5980852246284485,0.9246542885414359,0.9232766987032826,0.9232664214574822
986,0.9585742354393005,0.45874297618865967,0.9258593916893005,0.5881102085113525,0.9270623934125035,0.9257538993084913,0.925809750853831
987,0.9595702886581421,0.456422358751297,0.9235156178474426,0.5903280973434448,0.9253151793452586,0.9233443042386987,0.9235785327521091
988,0.9580078125,0.4582516849040985,0.9242968559265137,0.5967835783958435,0.9255358751805112,0.924203450518875,0.9242224823827397
989,0.9599023461341858,0.4549615979194641,0.9192187786102295,0.6036819219589233,0.9204688019999717,0.9189962466273769,0.9190549867656854
990,0.9612109661102295,0.453399121761322,0.9241406321525574,0.5948418378829956,0.9255852315710368,0.9239781149931409,0.9240670156776848
991,0.9605273604393005,0.45391494035720825,0.919921875,0.6058146357536316,0.9213458343104748,0.919770372697974,0.919831659774765
992,0.9608398675918579,0.4543992280960083,0.9250781536102295,0.5886446237564087,0.9264062112110387,0.9248251030868541,0.9248888022216568
993,0.9601953029632568,0.45236489176750183,0.9233593940734863,0.5962907075881958,0.9250208601529779,0.923259494455867,0.9233604631536249
994,0.9603710770606995,0.4500974714756012,0.9262499809265137,0.5866172909736633,0.9276343892497577,0.926106182124067,0.926189325159184
995,0.9609375,0.45171919465065,0.9209374785423279,0.5991457104682922,0.9224503764308631,0.9206928277880755,0.9209193100829469
996,0.9601953029632568,0.4533452093601227,0.9223437309265137,0.5921003818511963,0.9237070458108303,0.9220797045120109,0.9222258243414286
997,0.9598047137260437,0.4554421901702881,0.9214843511581421,0.6076789498329163,0.9229042763888843,0.9212577261493929,0.9212893286433194
998,0.959179699420929,0.45526763796806335,0.922656238079071,0.6017044186592102,0.92385604697962,0.9224205956181055,0.9224546036471639
999,0.9577538967132568,0.4572829008102417,0.9203906059265137,0.6077556014060974,0.9217796108008984,0.9201836595799027,0.9202542020203567
