epoch,accuracy,loss,val_accuracy,val_loss,val_precision,val_recall,val_f1
0,0.004082031082361937,11.139588356018066,0.005546874832361937,10.58053207397461,0.0042815067013243,0.005517235786799761,0.004411748735423512
1,0.006308593787252903,10.722740173339844,0.005781250074505806,10.323144912719727,0.0061872969278212175,0.005717664898276363,0.005518452853131283
2,0.007773437537252903,10.39404010772705,0.0064843748696148396,10.099453926086426,0.006724197884785124,0.0064427585748900755,0.0062611362726458335
3,0.011347656138241291,10.080280303955078,0.0078125,9.884846687316895,0.008550607426176315,0.0077835316835560605,0.007621083053042087
4,0.01455078087747097,9.780211448669434,0.007499999832361937,9.6796236038208,0.007872341237117983,0.0074149352485387305,0.00718192921246126
5,0.01802734285593033,9.498087882995605,0.009140624664723873,9.480224609375,0.008886337533512104,0.008931117318352801,0.008539461895196016
6,0.021992187947034836,9.231133460998535,0.011093749664723873,9.277121543884277,0.011163276173888476,0.010891107097365385,0.010503277712205352
7,0.031074218451976776,8.942914962768555,0.013749999925494194,9.070341110229492,0.012976972740643772,0.013438683497049627,0.012575173776285288
8,0.03736327961087227,8.665769577026367,0.017109375447034836,8.85084342956543,0.015544794495889695,0.01678407474345229,0.015221234360927387
9,0.05085937678813934,8.37759017944336,0.024140624329447746,8.613558769226074,0.022759178040641016,0.02366933073782608,0.021774018549267204
10,0.06486327946186066,8.071925163269043,0.033906251192092896,8.348142623901367,0.0317671933865445,0.03337436352014185,0.030809295814310272
11,0.0881640613079071,7.739541530609131,0.04390624910593033,8.049511909484863,0.04266840780333495,0.04312061256672668,0.03973911222353549
12,0.11343750357627869,7.38339900970459,0.06289062649011612,7.718087673187256,0.05962686084550308,0.061471679182415084,0.05636437523820692
13,0.14472655951976776,7.026700496673584,0.07945312559604645,7.365140914916992,0.07683718598934988,0.07792768217867047,0.07161344921520849
14,0.18238280713558197,6.65049934387207,0.10648437589406967,7.002498149871826,0.1024205399654707,0.10430868937696545,0.09642355818527629
15,0.21933594346046448,6.286522388458252,0.1374218761920929,6.640406608581543,0.13362568383664528,0.135109564520144,0.1271548109716644
16,0.2645898461341858,5.930264472961426,0.16968749463558197,6.29463005065918,0.16510865948836426,0.16686730335664846,0.157634220816291
17,0.3072460889816284,5.58509635925293,0.205078125,5.963057041168213,0.20010127638961672,0.20173479372511233,0.19226945816322297
18,0.35279297828674316,5.262201309204102,0.24828125536441803,5.6398749351501465,0.2477887170150432,0.2445935327126375,0.23667526675770317
19,0.39521485567092896,4.961999416351318,0.28999999165534973,5.333927631378174,0.2884001079371192,0.28599952111232735,0.27821782626444946
20,0.44017577171325684,4.670691967010498,0.3304687440395355,5.050595760345459,0.32870291669386936,0.3262998164457902,0.31871615583554097
21,0.4801562428474426,4.4042534828186035,0.37203124165534973,4.783095359802246,0.3711973514748762,0.3674913377882751,0.3596812944345814
22,0.5182812213897705,4.162726879119873,0.41453126072883606,4.530730724334717,0.4160863312504602,0.4101932165970136,0.4040174053693488
23,0.5561327934265137,3.928474187850952,0.44718751311302185,4.304581165313721,0.4475268849802322,0.4430805374406366,0.4378565848791065
24,0.5898827910423279,3.7204761505126953,0.4792187511920929,4.092383861541748,0.4829050265399172,0.4752897994816613,0.47072968567422746
25,0.6239452958106995,3.516571283340454,0.5081250071525574,3.9017257690429688,0.5116519417343505,0.5041965965326667,0.5003068492569451
26,0.646777331829071,3.348860740661621,0.5378124713897705,3.719125270843506,0.5421650293017994,0.5344543509868469,0.532420552195797
27,0.6707812547683716,3.186246871948242,0.5639062523841858,3.553769826889038,0.5695091069198427,0.5605362632819554,0.5587783943826592
28,0.6941797137260437,3.0316274166107178,0.587109386920929,3.3951282501220703,0.5919806769693254,0.5839115542272151,0.5823397685023846
29,0.7187695503234863,2.886193037033081,0.6088281273841858,3.2522199153900146,0.6129891826474273,0.6059375344637423,0.6049069323896181
30,0.7371679544448853,2.755039691925049,0.6327343583106995,3.1163549423217773,0.6367965259422222,0.6301772145009151,0.6291553338151784
31,0.7536718845367432,2.636523723602295,0.6478124856948853,2.993884801864624,0.6522466524623468,0.6453021672517438,0.6444900921384948
32,0.7655078172683716,2.5271689891815186,0.6594531536102295,2.881673812866211,0.6648306800411465,0.6570637619120648,0.6568556688783456
33,0.7826172113418579,2.4154789447784424,0.6684374809265137,2.778470993041992,0.67381039907293,0.6660826600364137,0.6659213282754695
34,0.7960546612739563,2.316467046737671,0.68359375,2.673605442047119,0.6876438161010573,0.6816008541186728,0.6812369448150026
35,0.8066992163658142,2.2262940406799316,0.6958593726158142,2.5782461166381836,0.7004046728071016,0.6939672048405592,0.6937945300304809
36,0.823925793170929,2.128333568572998,0.701171875,2.497201919555664,0.7048361216005188,0.6996742132074205,0.6995184530807663
37,0.8285937309265137,2.0539803504943848,0.7126562595367432,2.407435655593872,0.7161870026057924,0.7110165532036878,0.7109127306562262
38,0.8374804854393005,1.979640007019043,0.7196093797683716,2.3308207988739014,0.7234697994395118,0.7180497746458656,0.7179231142569404
39,0.8469140529632568,1.9040565490722656,0.7250000238418579,2.2597861289978027,0.7287527609430724,0.7229951034315849,0.7232655779413006
40,0.8510546684265137,1.8425883054733276,0.7311718463897705,2.189012289047241,0.734720961671261,0.7295161037860592,0.7294314086440913
41,0.859082043170929,1.7768422365188599,0.7367968559265137,2.1240663528442383,0.7402421770678709,0.7355596081969235,0.7355670983463345
42,0.8663281202316284,1.7141852378845215,0.7425000071525574,2.0661919116973877,0.7462880807777392,0.7410940340208672,0.740688552029843
43,0.8692187666893005,1.6593672037124634,0.7508593797683716,1.9993575811386108,0.7545424273801677,0.7497603021457255,0.7497867345066225
44,0.8747656345367432,1.606446385383606,0.7529687285423279,1.9423600435256958,0.7562883957392411,0.7516699248832149,0.7516011884569636
45,0.8785741925239563,1.5509361028671265,0.7596094012260437,1.8887256383895874,0.7636413498841721,0.7582751265750056,0.7582303449544424
46,0.8842968940734863,1.5036925077438354,0.7590625286102295,1.8492435216903687,0.7628178503181644,0.7576939771219013,0.7578178091141503
47,0.8879687786102295,1.4583539962768555,0.7690625190734863,1.784391164779663,0.772878712840386,0.7681543424427293,0.768170769863131
48,0.8916797041893005,1.4168739318847656,0.7678124904632568,1.749499797821045,0.771254172872383,0.7668473459101985,0.7667148709127128
49,0.8931445479393005,1.379914402961731,0.7737500071525574,1.7073057889938354,0.777600883117207,0.7726928187398638,0.7728023919452135
50,0.8996484279632568,1.3317747116088867,0.7692968845367432,1.6715701818466187,0.7732558473860436,0.7682347201615857,0.7682051085347261
51,0.8985546827316284,1.3025949001312256,0.7760937213897705,1.6318960189819336,0.7795610878235635,0.775016434287186,0.7750673077546482
52,0.9037109613418579,1.261501431465149,0.7828906178474426,1.5850285291671753,0.7867666266059354,0.781853038241213,0.7820615801827747
53,0.9101366996765137,1.2215982675552368,0.7835937738418579,1.5557781457901,0.7866639327395573,0.7823278737866719,0.7824714471976593
54,0.9088476300239563,1.195805549621582,0.7862499952316284,1.5261563062667847,0.7897817722618461,0.785272734022932,0.7853512374373369
55,0.907031238079071,1.1679039001464844,0.791796863079071,1.4867067337036133,0.79554992586954,0.7908626617126099,0.7909562643179577
56,0.9114648699760437,1.1398667097091675,0.792187511920929,1.4553114175796509,0.7958144030834653,0.7911508719519708,0.790935135311532
57,0.9115820527076721,1.1164968013763428,0.7928125262260437,1.4284144639968872,0.7967881621616377,0.7919205715145374,0.7920995681629517
58,0.9133007526397705,1.0892527103424072,0.7966406345367432,1.4087556600570679,0.80015035916369,0.7956265607513757,0.795810164400378
59,0.9152734279632568,1.0661170482635498,0.7959374785423279,1.3863812685012817,0.7994223801272058,0.7947168865444407,0.7951566533347852
60,0.9165820479393005,1.041991114616394,0.7975780963897705,1.3522820472717285,0.801147339195319,0.7967987324336223,0.7968899514707393
61,0.9190820455551147,1.0170515775680542,0.8018749952316284,1.3263542652130127,0.8051911211235643,0.8011038923501415,0.8013147260803375
62,0.9194140434265137,0.9984650611877441,0.8057812452316284,1.3008607625961304,0.8097740332148664,0.8048403461982183,0.8049361825672301
63,0.91796875,0.9844064116477966,0.8072656393051147,1.2853152751922607,0.8108358883323289,0.8066086328277672,0.8066215209642513
64,0.9206836223602295,0.9599547386169434,0.8104687333106995,1.2605222463607788,0.8137224541830095,0.8094361322421503,0.8096365048141667
65,0.9215039014816284,0.9455748200416565,0.8114062547683716,1.2341666221618652,0.8143324078641814,0.8107571137877346,0.8105650580563433
66,0.923535168170929,0.9239082336425781,0.8134375214576721,1.2231348752975464,0.8167042439141583,0.8128602660892277,0.8129925414053059
67,0.9235937595367432,0.9091492295265198,0.8149218559265137,1.2025164365768433,0.8180519175262428,0.8144238427025611,0.814511127072744
68,0.9247265458106995,0.8927290439605713,0.8167968988418579,1.182989239692688,0.8196724370459239,0.8159198832728333,0.8158732409120697
69,0.9266796708106995,0.8751082420349121,0.8165624737739563,1.1717044115066528,0.8195148617642891,0.815782591777829,0.815998459514885
70,0.9277148246765137,0.8616017699241638,0.8186718821525574,1.1528496742248535,0.8219614848375426,0.8177922972568609,0.8179690985603081
71,0.9293554425239563,0.8440389037132263,0.8260937333106995,1.1267534494400024,0.8286510385315325,0.8253425604621711,0.8254595706097128
72,0.9290234446525574,0.8356652855873108,0.819531261920929,1.1257448196411133,0.8228039214600059,0.8185372793301963,0.8187126368210831
73,0.9274609088897705,0.8274461627006531,0.8252343535423279,1.0974832773208618,0.8285336118102605,0.8240696479295095,0.8242525377698895
74,0.9295312762260437,0.8128659725189209,0.8186718821525574,1.106580376625061,0.8217700275373073,0.8178505098737517,0.8179598203525362
75,0.9292968511581421,0.800300657749176,0.823437511920929,1.0857739448547363,0.8257433182688951,0.8225596613273094,0.8225418055814333
76,0.9290624856948853,0.790738582611084,0.826171875,1.077279806137085,0.828862006940509,0.8251850133281697,0.8252835306935402
77,0.9289257526397705,0.7853767275810242,0.8246874809265137,1.0619789361953735,0.8271099760739272,0.8237210168624887,0.8237296064332723
78,0.9293164014816284,0.7752043008804321,0.8263280987739563,1.050127387046814,0.8294160596631204,0.8256101230731596,0.8256872711898104
79,0.9288476705551147,0.7674593925476074,0.8289843797683716,1.042321801185608,0.8323977080439962,0.8282970072801493,0.8284579569354247
80,0.9315429925918579,0.7527068257331848,0.8224218487739563,1.0371400117874146,0.8256739989031164,0.8214344332832384,0.8216360886724278
81,0.9314062595367432,0.7454477548599243,0.8329687714576721,1.022391438484192,0.8353691289703266,0.8321628665651716,0.8322797913642426
82,0.9322070479393005,0.734659731388092,0.8311718702316284,1.0167429447174072,0.8343765669455885,0.8303873423872371,0.8304987295325494
83,0.9340624809265137,0.7243168354034424,0.8354687690734863,0.9924068450927734,0.8384527163934268,0.8348443881090719,0.8350798292249263
84,0.9344335794448853,0.7187158465385437,0.8325781226158142,0.9952466487884521,0.8354046132684114,0.8315923648357995,0.8317616557051112
85,0.9350000023841858,0.7097130417823792,0.8346093893051147,0.9860349893569946,0.8365732059712736,0.8338269631237968,0.8338800946186226
86,0.9351367354393005,0.7058181762695312,0.8374999761581421,0.9711507558822632,0.8405584740656307,0.836972641751798,0.836850848109594
87,0.9374414086341858,0.6915807127952576,0.834765613079071,0.9737520813941956,0.8377106382477971,0.8341866360297958,0.8343079757825667
88,0.9318163990974426,0.6969072818756104,0.8297656178474426,0.9775193929672241,0.8325219275014714,0.8289583957250233,0.8289699817527605
89,0.9350000023841858,0.6879369616508484,0.8374999761581421,0.9523246884346008,0.8403477403930042,0.8366933353016056,0.836821201886846
90,0.9343945384025574,0.6843181848526001,0.8402343988418579,0.9463495016098022,0.8431518555258284,0.839250518214044,0.8394099422516125
91,0.935742199420929,0.6720112562179565,0.8409374952316284,0.9394176602363586,0.8437925692904927,0.8401664313299086,0.8403206165898032
92,0.9359375238418579,0.6688346266746521,0.8385937213897705,0.9472653865814209,0.8414190003447204,0.8377662612820438,0.8379900563055027
93,0.9333789348602295,0.6714630722999573,0.8384374976158142,0.931719183921814,0.8415523649596628,0.8377188174393762,0.8379618192384688
94,0.9360156059265137,0.6603885889053345,0.8433593511581421,0.9204983711242676,0.8460565386145188,0.8425470801705683,0.8427288226168022
95,0.9361913800239563,0.6571552753448486,0.8400781154632568,0.9230088591575623,0.8431668219660793,0.8391432169170245,0.839404574639172
96,0.9391796588897705,0.6454670429229736,0.8413281440734863,0.9162644743919373,0.843735040088192,0.8405062254481737,0.8405558428582298
97,0.942089855670929,0.6344133615493774,0.842968761920929,0.9127572774887085,0.8459802059435878,0.8423868657398461,0.8425155501475843
98,0.9383984208106995,0.6371393203735352,0.8435156345367432,0.9070145487785339,0.845966283179479,0.8426464945551408,0.8428200684225494
99,0.9403710961341858,0.6296535134315491,0.842578113079071,0.9048709869384766,0.8450939300934217,0.8419735589771706,0.8419345643576863
100,0.939257800579071,0.626924455165863,0.8446093797683716,0.8894824981689453,0.8470004669965373,0.8441311897153038,0.8441461892049404
101,0.9413086175918579,0.6203881502151489,0.845703125,0.8803302049636841,0.847708758858908,0.8447249448506382,0.8448840038374292
102,0.935351550579071,0.6284399628639221,0.8435156345367432,0.8884323835372925,0.8465585394120476,0.8424142564238262,0.8426139099051609
103,0.9378906488418579,0.6222548484802246,0.8442187309265137,0.8840228319168091,0.847063258134939,0.8436004591296351,0.8437083515752317
104,0.9414258003234863,0.6112602353096008,0.8518750071525574,0.8656968474388123,0.8546514162294432,0.850911718843534,0.8511755283069116
105,0.9397265911102295,0.6110994815826416,0.8472656011581421,0.8647043108940125,0.8498154563921172,0.846499519538216,0.8464972172315164
106,0.939257800579071,0.6106798052787781,0.8503124713897705,0.8591034412384033,0.8527428748199644,0.8495546629173765,0.8496248527200863
107,0.9382617473602295,0.6087896227836609,0.8508594036102295,0.8599005937576294,0.8534434143038216,0.8503835263971368,0.8505791509221967
108,0.9395507574081421,0.6051738262176514,0.8511718511581421,0.8518402576446533,0.8535394529411051,0.8505552356231261,0.8505996440407524
109,0.9396874904632568,0.6005613207817078,0.8485156297683716,0.8569226861000061,0.8513737015064503,0.8476948803361035,0.8477477206109271
110,0.9396679401397705,0.6009011268615723,0.8533594012260437,0.847140908241272,0.8558450475624048,0.8524375914768006,0.8525815605575071
111,0.9375976324081421,0.6014110445976257,0.8480468988418579,0.8471676707267761,0.8507543677024276,0.8474862941547203,0.847638179745468
112,0.9398437738418579,0.5928203463554382,0.8545312285423279,0.8420962691307068,0.8570081898821417,0.8540337443908168,0.8539599696183202
113,0.9418749809265137,0.5887837409973145,0.8510156273841858,0.8446196913719177,0.8533401408932473,0.8503086517034452,0.8502335234775162
114,0.9422851800918579,0.5849273800849915,0.8578906059265137,0.8297797441482544,0.8605707548865142,0.857392452585412,0.8573614874495837
115,0.9415429830551147,0.5837218761444092,0.8529687523841858,0.8319258689880371,0.8553915450133369,0.8520470191458948,0.8522561404218718
116,0.9433203339576721,0.5786120295524597,0.8542187213897705,0.8345862627029419,0.8569360743832808,0.8534248781958036,0.8536434540653748
117,0.9420312643051147,0.5769833922386169,0.8599218726158142,0.815880537033081,0.862956394816893,0.8590724517932045,0.8593587897164162
118,0.9417187571525574,0.5753536820411682,0.8545312285423279,0.8264718651771545,0.857036724344095,0.8538223290136837,0.853841411189732
119,0.9424023628234863,0.5746349096298218,0.8546093702316284,0.8215659856796265,0.8572105550052714,0.8537921156629474,0.8539770362241332
120,0.9399023652076721,0.5769914984703064,0.8569531440734863,0.8279725909233093,0.858970051704341,0.856303227164452,0.8561795512161434
121,0.9404492378234863,0.5746638774871826,0.8510156273841858,0.8442285060882568,0.8539919692053768,0.8500651736825533,0.8502167217901551
122,0.9406640529632568,0.5743817687034607,0.8599218726158142,0.8117678761482239,0.8625858635029119,0.8590215860798839,0.8591241716412001
123,0.9407421946525574,0.5719031095504761,0.8578906059265137,0.8114930987358093,0.8600472546125466,0.8571478402140527,0.8572408705040822
124,0.9411914348602295,0.5701619386672974,0.8590624928474426,0.8092405200004578,0.8614438152888875,0.8582938654883552,0.8584319028941869
125,0.943164050579071,0.5641171932220459,0.8581249713897705,0.8079675436019897,0.8600875720216827,0.85741689987183,0.8573994113888218
126,0.9431836009025574,0.5617705583572388,0.858593761920929,0.801349401473999,0.8609094099447705,0.8579277002837404,0.8579310956763118
127,0.9411523342132568,0.565172553062439,0.8600000143051147,0.8046205043792725,0.8627933663388561,0.8593752110899647,0.8595002075259512
128,0.94287109375,0.5593215227127075,0.8586719036102295,0.8040224313735962,0.8614540920240629,0.8580364335283006,0.8581535217689609
129,0.9442577958106995,0.553562581539154,0.8611719012260437,0.8007935285568237,0.8637508633107259,0.8601984275237146,0.8604686335136437
130,0.9441015720367432,0.5523685216903687,0.8625781536102295,0.7906123995780945,0.8653432645781921,0.8618638038462338,0.8621878339375233
131,0.9448632597923279,0.5506039261817932,0.8609374761581421,0.7895745635032654,0.8636457374811084,0.8600513640268468,0.860396103371463
132,0.9424218535423279,0.5536434054374695,0.8594531416893005,0.7999930381774902,0.8620925907226247,0.8586769650547099,0.8588648629842901
133,0.9447265863418579,0.5503590106964111,0.8588281273841858,0.7987863421440125,0.8612257140365498,0.8579935017924715,0.8581280354609155
134,0.9443945288658142,0.5478306412696838,0.8639062643051147,0.7954055070877075,0.8662797201142445,0.8633095989311126,0.8635126247476923
135,0.941601574420929,0.5533731579780579,0.8596093654632568,0.7984291315078735,0.8619461796996697,0.8590701309989578,0.8591642397009184
136,0.9374804496765137,0.5628942847251892,0.8592187762260437,0.7984979152679443,0.8622121463050958,0.858802723913364,0.8590315419532665
137,0.9392969012260437,0.558982253074646,0.8663281202316284,0.7861779928207397,0.8685242060478232,0.8658067572971957,0.8659432294641433
138,0.9442577958106995,0.5463002324104309,0.8651562333106995,0.7848232984542847,0.8682530528930671,0.864638711220311,0.8649060693198155
139,0.9423632621765137,0.5508013963699341,0.864453136920929,0.7796261310577393,0.8668158682736954,0.8636247609418133,0.8639805853261605
140,0.9420117139816284,0.5464632511138916,0.862500011920929,0.7908182740211487,0.8645869071517049,0.8616775930905503,0.861940452534695
141,0.9433398246765137,0.5475142002105713,0.8662499785423279,0.7740027904510498,0.8686359924948956,0.8654810823923421,0.8657684397582367
142,0.9462500214576721,0.5357515215873718,0.8641406297683716,0.7744834423065186,0.8668299623465479,0.8632206223998204,0.8635804005477102
143,0.9466797113418579,0.5340073704719543,0.8667968511581421,0.7720353007316589,0.8698089636547597,0.8660366407612226,0.8663307759745661
144,0.94580078125,0.5362181067466736,0.8650781512260437,0.7848770618438721,0.8676486772424774,0.8640804823610767,0.8644069676960374
145,0.9453515410423279,0.5383698344230652,0.8672656416893005,0.7739759683609009,0.8696940055198015,0.8665086106057915,0.8667008840458826
146,0.9454296827316284,0.5376722812652588,0.8656250238418579,0.7710677981376648,0.8683177639534199,0.864700092723197,0.864847547884181
147,0.9442187547683716,0.5404849052429199,0.8631250262260437,0.7801031470298767,0.8656756250310417,0.8622388938993297,0.8624517364891562
148,0.9444531202316284,0.5346729755401611,0.8700781464576721,0.7653762698173523,0.8728883292072227,0.8695700900918245,0.8696221506496182
149,0.9462500214576721,0.5317044854164124,0.8672656416893005,0.763235330581665,0.8698702962033338,0.8663917043969587,0.8667104819668665
150,0.9468945264816284,0.5307114124298096,0.8667968511581421,0.7679685950279236,0.8693608926873911,0.8659602195281704,0.8661619896878325
151,0.9458203315734863,0.5303261876106262,0.8729687333106995,0.753294825553894,0.875821845319264,0.8723165150304827,0.8725917684121685
152,0.9444531202316284,0.5335955619812012,0.8716406226158142,0.7603219747543335,0.87437746864836,0.871057671230347,0.8712061561208329
153,0.9477343559265137,0.5263423919677734,0.8721874952316284,0.7536370754241943,0.8747848626699138,0.8713487818476013,0.8716190418403665
154,0.9458203315734863,0.5280618667602539,0.8671093583106995,0.7674801349639893,0.8692367003003579,0.8662702594019653,0.8664268418672532
155,0.9493163824081421,0.5208380222320557,0.8746093511581421,0.7417995929718018,0.877063913738136,0.8738200562697872,0.8739799053341357
156,0.9427148699760437,0.5343068242073059,0.8684375286102295,0.7647336721420288,0.8707129230308783,0.8675621980631291,0.8677168243914085
157,0.9428320527076721,0.5335965156555176,0.8740624785423279,0.7513064742088318,0.8761798274115551,0.8731962080597382,0.8733576332408918
158,0.9461132884025574,0.5278196930885315,0.8706250190734863,0.7581028938293457,0.8725553204158352,0.8697484577836873,0.8700001643659142
159,0.9453320503234863,0.5298448801040649,0.8707812428474426,0.7540163993835449,0.8730572746941179,0.8702410300679777,0.8704362377855462
160,0.943652331829071,0.5328672528266907,0.8710156083106995,0.758451521396637,0.8737460367208096,0.870241631246249,0.8705223047145167
161,0.9445898532867432,0.5301883816719055,0.8729687333106995,0.7531015872955322,0.8754493290750699,0.8725133644515801,0.8726518638968124
162,0.945605456829071,0.5236395001411438,0.8717187643051147,0.7516855001449585,0.8741416971130294,0.8709550382442595,0.871209587515549
163,0.9467187523841858,0.5240162014961243,0.871874988079071,0.7498383522033691,0.8744917686851567,0.8712246786062781,0.871383989855949
164,0.9460351467132568,0.5227797031402588,0.8724218606948853,0.7533961534500122,0.8752694657736646,0.871885711700872,0.8720092027959612
165,0.9460351467132568,0.5251217484474182,0.8713281154632568,0.7547910213470459,0.8735726134924838,0.8705526674660757,0.8707004232539041
166,0.9463476538658142,0.5246737003326416,0.8714843988418579,0.7542149424552917,0.8735675861636232,0.870831568710262,0.8710601158166688
167,0.9461718797683716,0.5257295370101929,0.8662499785423279,0.7716330885887146,0.8687006579118941,0.8656634060953148,0.8657691020745167
168,0.9449023604393005,0.5252649188041687,0.8744531273841858,0.7406823039054871,0.876670326528975,0.873797361070056,0.8739049178451048
169,0.9455859661102295,0.5232715606689453,0.8759375214576721,0.7439162731170654,0.8780891012312937,0.8752422254715373,0.8754331612194509
170,0.9463866949081421,0.5197324752807617,0.8740624785423279,0.7415306568145752,0.8763781771514252,0.873507722295847,0.8736735046837865
171,0.9478515386581421,0.5188332200050354,0.873828113079071,0.7412580251693726,0.8766257574696796,0.8731703636654092,0.8733916276276639
172,0.9458789229393005,0.5179904103279114,0.8735937476158142,0.7498763799667358,0.8762062348307226,0.872764204488914,0.8730496638459209
173,0.9473046660423279,0.517457127571106,0.873828113079071,0.7548124194145203,0.8774289278835011,0.8729286268573739,0.8731999462797877
174,0.9482421875,0.5171668529510498,0.8727343678474426,0.7471150159835815,0.8749799001147323,0.8720828121186767,0.872112958591885
175,0.9471874833106995,0.5176492929458618,0.8786718845367432,0.7333981394767761,0.8807865584678665,0.8778596742868038,0.8780203284599424
176,0.9479687213897705,0.5163724422454834,0.8792187571525574,0.7319945693016052,0.8813192105428264,0.8783815373168067,0.8785617888476522
177,0.948046863079071,0.5165505409240723,0.8747656345367432,0.7493526935577393,0.8767222967283061,0.8740378664685002,0.8741636133265993
178,0.9473632574081421,0.515255868434906,0.8765624761581421,0.731254518032074,0.8789884659635352,0.8758919498981146,0.8760725012905037
179,0.9467187523841858,0.5154321789741516,0.8752343654632568,0.7348101735115051,0.8775625546837418,0.874501663596515,0.8747545451513896
180,0.9474999904632568,0.5149207711219788,0.8797656297683716,0.7283104062080383,0.8818434498942664,0.879036465136284,0.8792176756593402
181,0.9483007788658142,0.5134376287460327,0.8812500238418579,0.7270261645317078,0.8833619099063434,0.8805496761085582,0.880685145221114
182,0.95068359375,0.5061619877815247,0.878125011920929,0.7344142198562622,0.8802323113203314,0.8774990316815998,0.8776709209856483
183,0.9499804973602295,0.5092872381210327,0.8773437738418579,0.7336795330047607,0.8794521172102766,0.8768184493609272,0.8767989360367241
184,0.9457812309265137,0.5143895745277405,0.8792968988418579,0.7181625366210938,0.8809621861333748,0.878537163432158,0.8787173543199949
185,0.94921875,0.5108294486999512,0.8778906464576721,0.7308310866355896,0.8798000395772277,0.8771558213291183,0.8773066160914916
186,0.9498242139816284,0.5091728568077087,0.875781238079071,0.7253080606460571,0.8775335053146951,0.8749195903835638,0.8750542118981335
187,0.9494922161102295,0.5073392391204834,0.8774218559265137,0.7374114394187927,0.8795476666716235,0.8768184189692187,0.8770205252510404
188,0.9487890601158142,0.5075525641441345,0.8811718821525574,0.7238528728485107,0.883414602236622,0.8805084336322683,0.8806556182074157
189,0.9493163824081421,0.5080466866493225,0.8795312643051147,0.7248319983482361,0.8820162930055353,0.8789618950225642,0.8791802710821905
190,0.9452343583106995,0.5174294710159302,0.8818749785423279,0.7243638634681702,0.8842224195105557,0.8812379261220662,0.8815001134015816
191,0.9469531178474426,0.5132890939712524,0.8806250095367432,0.7405526638031006,0.8831407074726038,0.8802940068427358,0.8803505743195861
192,0.9476953148841858,0.5091291666030884,0.8840625286102295,0.7257059216499329,0.8860090284338338,0.8835140750895885,0.8835707264909568
193,0.9493163824081421,0.5062700510025024,0.8779687285423279,0.7319188714027405,0.8801088439153536,0.8773477433680646,0.8775106369502828
194,0.9482031464576721,0.5069445371627808,0.8821094036102295,0.7204096913337708,0.8840912609858915,0.8814610011688879,0.8816171011117964
195,0.949511706829071,0.5073384046554565,0.8802343606948853,0.7289246916770935,0.882181895338775,0.8796519633658815,0.8798167429250362
196,0.9477929472923279,0.5094645023345947,0.8799218535423279,0.7279759049415588,0.8815849093967694,0.8794561295627876,0.8795366111827086
197,0.9468359351158142,0.5098651647567749,0.8848437666893005,0.7145252823829651,0.8866221596410788,0.8841382905201407,0.8842920445699378
198,0.9475976824760437,0.5090498328208923,0.8815624713897705,0.7271431684494019,0.8835139907215699,0.8810082448367498,0.8810717215999568
199,0.9492577910423279,0.5091762542724609,0.8805468678474426,0.7183936238288879,0.8831347231467762,0.8799186087829367,0.8800937482535418
200,0.9471679925918579,0.5132439136505127,0.8831250071525574,0.7275363206863403,0.8850925048641192,0.8823710440654683,0.8825196691457035
201,0.9479687213897705,0.5099630951881409,0.8867968916893005,0.7030127048492432,0.8881757510353682,0.8859280003132066,0.8861152528284418
202,0.9495702981948853,0.5039166212081909,0.8880468606948853,0.7108508944511414,0.8900482750425912,0.8876433839975184,0.8876186457453366
203,0.9499609470367432,0.503974974155426,0.8817968964576721,0.718407154083252,0.8837273099622618,0.8811645345606426,0.8812636066196831
204,0.9497265815734863,0.5003509521484375,0.8803125023841858,0.7231203317642212,0.882669370082257,0.8794701969512464,0.8796614276884166
205,0.9482812285423279,0.5070217251777649,0.8860156536102295,0.7092641592025757,0.8885154150990955,0.8855231402652071,0.8856713578909435
206,0.9468749761581421,0.5110052824020386,0.8831250071525574,0.7262296080589294,0.8850291055044958,0.8828479476994822,0.8828652396926964
207,0.9483789205551147,0.5054256319999695,0.8828906416893005,0.7217270731925964,0.88489558993581,0.8824277169952298,0.8825016655268714
208,0.9494922161102295,0.5012439489364624,0.8843749761581421,0.7118740677833557,0.8860960995702599,0.8839459005295484,0.8840633349474518
209,0.9497265815734863,0.5033490061759949,0.884765625,0.7143285274505615,0.8865954240241763,0.8842514955933144,0.8843778828546116
210,0.9498828053474426,0.5020149946212769,0.888671875,0.7038871049880981,0.890892357084202,0.8879650443391198,0.8883326578286643
211,0.949999988079071,0.5001455545425415,0.8871874809265137,0.7072861194610596,0.8890865366474067,0.8866040562816893,0.8867841388296243
212,0.9504687786102295,0.498290091753006,0.8885937333106995,0.7003761529922485,0.8908024981782765,0.8880236752099241,0.8882155611211304
213,0.9491991996765137,0.500571608543396,0.8835155963897705,0.7188814282417297,0.8853454015340043,0.883218453507689,0.8832135371289521
214,0.9464452862739563,0.5132863521575928,0.8874218463897705,0.707427978515625,0.8893144570163598,0.8871520758086345,0.8871302268546615
215,0.9484961032867432,0.5047640204429626,0.8880468606948853,0.7042567729949951,0.8901048259766202,0.8873574862265385,0.8876149635306033
216,0.949999988079071,0.5035876631736755,0.8842968940734863,0.7119810581207275,0.8863885820868624,0.8836622110403255,0.8838075193220426
217,0.9490429759025574,0.503019392490387,0.8911718726158142,0.6978538036346436,0.8927497058352825,0.8905576465331746,0.8906511287030606
218,0.9498437643051147,0.4992828369140625,0.8907812237739563,0.6991263628005981,0.8928176139215718,0.8903208514784808,0.890445962812898
219,0.9512109160423279,0.49864181876182556,0.889453113079071,0.7002376317977905,0.8911361322364575,0.8888164104980047,0.8888832410432175
220,0.9502929449081421,0.4992012679576874,0.8889062404632568,0.7090396285057068,0.8912572554859467,0.8884533811673982,0.8886266325324201
221,0.9496093988418579,0.5002090334892273,0.8907812237739563,0.6955924034118652,0.8930033300102334,0.8902520335161829,0.8904613330024631
222,0.9471094012260437,0.507546603679657,0.8864062428474426,0.7041056156158447,0.8882022584946403,0.8859588563440061,0.886050049210662
223,0.9495702981948853,0.502123236656189,0.8911718726158142,0.6994885802268982,0.8933270456517801,0.8906558084677294,0.8908251055063073
224,0.9506250023841858,0.49893105030059814,0.8832031488418579,0.7116977572441101,0.8852838053425776,0.8826504831858483,0.8828476963590849
225,0.950488269329071,0.4994678199291229,0.8938281536102295,0.6846778988838196,0.8958813790591406,0.8932416510475377,0.8934801826850165
226,0.9510742425918579,0.4986138939857483,0.8907031416893005,0.691408634185791,0.8923778233898358,0.890181332937808,0.8903137156636776
227,0.9510937333106995,0.49650734663009644,0.8902343511581421,0.6857851147651672,0.8924406980768411,0.8896362439902772,0.8898073060020004
228,0.9517187476158142,0.4966675639152527,0.8950781226158142,0.6830348372459412,0.8968497191723802,0.89446006747737,0.894608316087965
229,0.9530664086341858,0.491521418094635,0.8954687714576721,0.6744757890701294,0.897494840916237,0.8950289972505782,0.895136948685739
230,0.9507617354393005,0.49873900413513184,0.8951562643051147,0.6786180138587952,0.897067572364529,0.8945685568671187,0.8946422552381222
231,0.9530859589576721,0.4933815002441406,0.889843761920929,0.6901656985282898,0.8918887228464502,0.8892274102379573,0.8893783408830227
232,0.9500585794448853,0.4977128505706787,0.8890625238418579,0.7059067487716675,0.8910704239354763,0.8885726193500368,0.8886569127781043
233,0.9503515362739563,0.49800264835357666,0.8913280963897705,0.6897119879722595,0.8935579622434855,0.8906289624874706,0.8909503043392542
234,0.9503124952316284,0.49647197127342224,0.8910937309265137,0.6918222904205322,0.8933015710904924,0.8907171602582771,0.890861912019237
235,0.9510546922683716,0.49635642766952515,0.8963281512260437,0.6876837015151978,0.8983032402120581,0.8959339682313139,0.8959576537958627
236,0.9520898461341858,0.4937741458415985,0.8924999833106995,0.6841351985931396,0.8945388075950627,0.8919321780650307,0.8921183335828168
237,0.948046863079071,0.503109335899353,0.8936718702316284,0.6794412136077881,0.8954024634616666,0.8932420100987718,0.8932470935280987
238,0.9478906393051147,0.5012668967247009,0.8921093940734863,0.6853368282318115,0.8942303655101683,0.8915023613870189,0.8917145461523113
239,0.9481054544448853,0.5009759664535522,0.8911718726158142,0.6957095265388489,0.8929810747170261,0.890635372253856,0.8907609607699989
240,0.9512500166893005,0.4938502609729767,0.8946874737739563,0.6846296787261963,0.8965155086318797,0.8941670674727873,0.8943101493206946
241,0.9491015672683716,0.5002488493919373,0.89453125,0.6840632557868958,0.896471081699369,0.8939619023949112,0.8942008638539312
242,0.9504296779632568,0.49833443760871887,0.8892968893051147,0.6982165575027466,0.8910926569784198,0.8887450342668098,0.8888355257519052
243,0.9500390887260437,0.49826058745384216,0.8941406011581421,0.6885503530502319,0.8961592175155147,0.8936131443382824,0.8936910805648128
244,0.9516991972923279,0.4946436285972595,0.8902343511581421,0.7018091678619385,0.8919546154742288,0.8895755944920758,0.8897777408869141
245,0.9518945217132568,0.49277907609939575,0.8926562666893005,0.6901785135269165,0.8951057367761488,0.8921444346680034,0.8923750318422353
246,0.949902355670929,0.4975506663322449,0.8901562690734863,0.7018876075744629,0.892515558635445,0.8896081681990833,0.8898583930318271
247,0.9517968893051147,0.4929085969924927,0.8975781202316284,0.6779821515083313,0.8999309917878623,0.8968067934112701,0.8970832581446232
248,0.9522265791893005,0.4916132688522339,0.8961718678474426,0.6845059394836426,0.898266463783793,0.8955391769225733,0.8956915889677762
249,0.9518163800239563,0.4948467016220093,0.8935937285423279,0.6880063414573669,0.8961647286706274,0.8929784491797075,0.8932081739800966
250,0.9548046588897705,0.48745810985565186,0.8954687714576721,0.6818467974662781,0.8975661227511575,0.8949095437592615,0.8949898196379045
251,0.9505273699760437,0.4930717945098877,0.8930468559265137,0.6788017749786377,0.8950729290943844,0.8927604196132757,0.8928145761568687
252,0.9517382979393005,0.4919298589229584,0.8955468535423279,0.6776384115219116,0.89762728342413,0.8950600703848123,0.8953088817486037
253,0.9523632526397705,0.4913473427295685,0.895312488079071,0.6786446571350098,0.8978063763278911,0.8950507407828314,0.8951878694298212
254,0.9495508074760437,0.4980618357658386,0.8957812786102295,0.6865655779838562,0.8984356331320624,0.8954825549956074,0.8957155915434465
255,0.9477343559265137,0.5027385354042053,0.893359363079071,0.6801280379295349,0.8954532909495978,0.8931265070046311,0.8932310623956805
256,0.9512109160423279,0.4925082325935364,0.8962500095367432,0.680250883102417,0.8978649806151515,0.8957898514828543,0.8957814097594557
257,0.9533984661102295,0.4893169105052948,0.8928906321525574,0.6771903038024902,0.8948392625382218,0.8925664885957205,0.8926198831015296
258,0.9533398151397705,0.4907815456390381,0.8949999809265137,0.6854448914527893,0.8968618093239038,0.8944199816006916,0.8945884253522142
259,0.9525781273841858,0.49122363328933716,0.8960937261581421,0.6714744567871094,0.8978673605962237,0.8956608603855354,0.8958854503130531
260,0.9500781297683716,0.49544304609298706,0.8975781202316284,0.6706335544586182,0.8992774347122613,0.8971693770515354,0.8972541724425098
261,0.9516015648841858,0.4929608106613159,0.8978124856948853,0.6777747869491577,0.8996840253025837,0.8973738340135518,0.8975105687837737
262,0.9498632550239563,0.4957071542739868,0.8978124856948853,0.6738559603691101,0.8996144164500618,0.8974151068221279,0.8974255725381155
263,0.9505078196525574,0.49547237157821655,0.8928906321525574,0.6788803339004517,0.8945437328480506,0.8926330976192596,0.8925265085338834
264,0.9518163800239563,0.489838570356369,0.9014843702316284,0.6707572340965271,0.9031414796901538,0.9009695516799847,0.9010973331991063
265,0.9529687762260437,0.48788806796073914,0.8978124856948853,0.6719423532485962,0.8993896405875239,0.8974274344135162,0.8974425072754703
266,0.9544531106948853,0.4874878227710724,0.8990625143051147,0.6692752838134766,0.9007750141199766,0.8985989428387309,0.8986704217283003
267,0.9525976777076721,0.4889148473739624,0.8987500071525574,0.6724299788475037,0.9003324788802134,0.8983794562846117,0.8983840608607672
268,0.9520702958106995,0.4909895658493042,0.8957812786102295,0.680554986000061,0.8979528682615766,0.8954512762858029,0.895659036577556
269,0.9505859613418579,0.4957650303840637,0.8971874713897705,0.6755712628364563,0.8992483602229334,0.8966834356673082,0.8968396947487387
270,0.9516015648841858,0.49187564849853516,0.9029687643051147,0.6631594300270081,0.9049240569466712,0.902598367852994,0.902809621571705
271,0.9513476490974426,0.49140334129333496,0.8959375023841858,0.6781973242759705,0.8977744601120171,0.8952810121410264,0.8954564956635873
272,0.9548633098602295,0.4823572039604187,0.9032812714576721,0.6597263813018799,0.9048166787871874,0.9027937613805982,0.9029591962587076
273,0.953125,0.48513588309288025,0.8964062333106995,0.6708589196205139,0.8982510169106711,0.8958371952543487,0.8960079088515833
274,0.9522851705551147,0.48631027340888977,0.8969531059265137,0.6736833453178406,0.8988804335415762,0.8965491174912039,0.8966598547059123
275,0.9523242115974426,0.4896821081638336,0.8965625166893005,0.664452075958252,0.8987238748316683,0.8960932542544353,0.8963847749513832
276,0.9524804949760437,0.4868561625480652,0.9007031321525574,0.66680908203125,0.9026820347799209,0.9001049995853587,0.9003049960420189
277,0.9527734518051147,0.4870844781398773,0.9002344012260437,0.6639045476913452,0.902357384921509,0.8995325604962436,0.8998611721685952
278,0.9519726634025574,0.48622769117355347,0.8954687714576721,0.6737313270568848,0.8971856157356253,0.8948587504764901,0.8950469010377381
279,0.951367199420929,0.48796072602272034,0.9007812738418579,0.662456214427948,0.9025673446942812,0.9002827629820236,0.9003858696643596
280,0.9496484398841858,0.4962161183357239,0.8979687690734863,0.6704561710357666,0.8996205344085813,0.8973733739291037,0.897566214321259
281,0.94970703125,0.494689404964447,0.8980468511581421,0.6741788387298584,0.9005577998621552,0.8974305358203567,0.8977772367362303
282,0.9509375095367432,0.490690141916275,0.8983593583106995,0.6718619465827942,0.9004360628415925,0.8980408961512134,0.8981706416219666
283,0.9509375095367432,0.49566149711608887,0.8985156416893005,0.6706697940826416,0.9001835554359877,0.8980306543805023,0.8980915932486423
284,0.9537890553474426,0.4846854507923126,0.9002344012260437,0.6707632541656494,0.902031862470501,0.8997889509899913,0.8998711960031918
285,0.9518359303474426,0.48984086513519287,0.8998437523841858,0.6648300290107727,0.9017581691546498,0.8994893747931791,0.8996225681151803
286,0.9502539038658142,0.4941561818122864,0.9032031297683716,0.6606194972991943,0.9049294752913434,0.9027312758579976,0.9029292536725058
287,0.9531054496765137,0.4871984124183655,0.8996875286102295,0.6614215970039368,0.9015519007213816,0.8992140272324931,0.8994040459097093
288,0.950488269329071,0.49102073907852173,0.8999218940734863,0.6676550507545471,0.9021484738709251,0.8994604087192144,0.8996242793330639
289,0.9523828029632568,0.4896722435951233,0.8969531059265137,0.6745645403862,0.8993155993206638,0.8964749722533705,0.8966707303191022
290,0.9514257907867432,0.49130845069885254,0.9013281464576721,0.6564255356788635,0.9034080546712622,0.9008407832451928,0.9010784776220342
291,0.9533398151397705,0.4876219630241394,0.9026562571525574,0.666745126247406,0.9045831844748863,0.9023340460358347,0.9023835508183045
292,0.9527929425239563,0.4852450489997864,0.8991405963897705,0.6751354932785034,0.9009859234698041,0.8986613387717676,0.8987780879828413
293,0.9539257884025574,0.4858129620552063,0.9032812714576721,0.6569252610206604,0.9048665488191073,0.9028393751045662,0.9029033804334594
294,0.9510742425918579,0.4876975119113922,0.8963281512260437,0.6765540838241577,0.8982876111164009,0.8959124834599456,0.8960519347392353
295,0.9531835913658142,0.48382705450057983,0.900390625,0.6719145178794861,0.9021273203793813,0.8998940830117149,0.9000505418781233
296,0.9530468583106995,0.4881311058998108,0.9041406512260437,0.6549609899520874,0.9058680809931234,0.9036569569869572,0.9038538248285596
297,0.9532226324081421,0.48530659079551697,0.901562511920929,0.6585870981216431,0.9031904978928192,0.9008343951855908,0.9009946231877461
298,0.9523828029632568,0.48664212226867676,0.90625,0.6596533060073853,0.9083247138652905,0.9057537107919367,0.9059678707040704
299,0.9522265791893005,0.4895835816860199,0.903515636920929,0.6707943081855774,0.905618423442065,0.9028413343255779,0.9031429493735805
300,0.9503515362739563,0.49056002497673035,0.8989843726158142,0.6799930334091187,0.901091974604371,0.8984908107652861,0.89870576191761
301,0.95263671875,0.4856081008911133,0.9012500047683716,0.674574077129364,0.902888677639303,0.9009640177177349,0.9010655277809653
302,0.9546288847923279,0.4818073511123657,0.903515636920929,0.6563732028007507,0.9050489056753608,0.9032486905921863,0.903317452058834
303,0.9532226324081421,0.4848671853542328,0.9034374952316284,0.6647632122039795,0.9054298052132449,0.9031293617486043,0.9032147817139016
304,0.9554687738418579,0.47769394516944885,0.90234375,0.6593751311302185,0.9041392284149452,0.9018721287224635,0.9020410126014214
305,0.9536523222923279,0.4811787009239197,0.9058593511581421,0.6540217399597168,0.9081245974547845,0.9053404569410876,0.9055785941613498
306,0.9542382955551147,0.4821990728378296,0.8992968797683716,0.67110276222229,0.9018961724081433,0.8988979646135216,0.8991112268809662
307,0.9530664086341858,0.48590877652168274,0.9069530963897705,0.6503477692604065,0.9090109022318281,0.9063471450585219,0.9066092360962513
308,0.9528124928474426,0.48543789982795715,0.9037500023841858,0.6579638719558716,0.9055043299322288,0.9032061782059752,0.9033354773269482
309,0.9537890553474426,0.4851572513580322,0.9051562547683716,0.6540529131889343,0.9069203149919771,0.9047802385651812,0.9049257116710907
310,0.9537304639816284,0.48613592982292175,0.904296875,0.6559922695159912,0.9063615844582971,0.9037621480029816,0.9040528000116546
311,0.9519336223602295,0.4882351756095886,0.8997656106948853,0.6670150756835938,0.9013893098563733,0.8990702762776401,0.8993045368394841
312,0.9529687762260437,0.48646727204322815,0.9078124761581421,0.6587323546409607,0.9097016551470263,0.9070105940799431,0.907232691655299
313,0.9521484375,0.48665812611579895,0.903515636920929,0.6657126545906067,0.9051822497653952,0.9029853914048205,0.9031060124332235
314,0.9528124928474426,0.4857260584831238,0.8999999761581421,0.6662888526916504,0.9020465490671028,0.8992677347676328,0.8995723631371029
315,0.9537500143051147,0.48319685459136963,0.9075781106948853,0.6472576260566711,0.9103843684484321,0.9069444085594615,0.90716981262345
316,0.9542773365974426,0.48019492626190186,0.9046875238418579,0.6559398174285889,0.9072064132554937,0.9040811106040785,0.9044638096479831
317,0.9541797041893005,0.4795275628566742,0.9067968726158142,0.6406419277191162,0.9088882868474847,0.9061466161144535,0.906438674737933
318,0.9536718726158142,0.4809987545013428,0.9058593511581421,0.6499724388122559,0.9078720477067259,0.9052351864017101,0.9055158888426813
319,0.9530664086341858,0.4847489297389984,0.8993750214576721,0.6754447817802429,0.9015650079590649,0.8988865016616954,0.8990727020742606
320,0.9515234231948853,0.4890725612640381,0.9058593511581421,0.6548076868057251,0.9077966122661796,0.9053970126022579,0.9055833402670996
321,0.9541797041893005,0.484563946723938,0.9069530963897705,0.6528410911560059,0.9087018472425976,0.9065692565849932,0.9066511277632111
322,0.9540429711341858,0.4809640645980835,0.9040625095367432,0.6524268388748169,0.9059896341671514,0.903510677269338,0.9036602867766907
323,0.9537695050239563,0.4833368957042694,0.9038281440734863,0.6549628973007202,0.9060581967449425,0.9032625358874131,0.9036056117419405
324,0.9558398723602295,0.4781637191772461,0.9086718559265137,0.648378312587738,0.9101715147959586,0.9081865346013936,0.9084004783515479
325,0.9530273675918579,0.48252472281455994,0.9072656035423279,0.6479094624519348,0.9093026969263676,0.9067513918786886,0.9070292584063551
326,0.9526562690734863,0.4842139482498169,0.9058593511581421,0.6442693471908569,0.9075851478432329,0.9055384789844731,0.9056092649836407
327,0.9521874785423279,0.48620253801345825,0.9038281440734863,0.6551775932312012,0.9059617259071864,0.9033477248423101,0.9035583551410697
328,0.9516211152076721,0.485017865896225,0.9089062213897705,0.6498702168464661,0.9113425049951547,0.9083125153176825,0.9086358122642891
329,0.9528515338897705,0.48523885011672974,0.9057812690734863,0.6454429626464844,0.9078593728401934,0.9053297979566737,0.9055905941087514
330,0.9556640386581421,0.47862526774406433,0.9086718559265137,0.6431449055671692,0.910594728471388,0.9082341841456898,0.9084223571371499
331,0.9554687738418579,0.48057490587234497,0.9075781106948853,0.6483820080757141,0.9091658836218077,0.9071123742061915,0.9072126355980419
332,0.9542577862739563,0.48069944977760315,0.9096875190734863,0.64110267162323,0.9115853307160264,0.9092950375318744,0.9094736337459226
333,0.9553320407867432,0.4801371097564697,0.9061718583106995,0.6459944248199463,0.9079641386709183,0.9056048798720119,0.9058325353890456
334,0.953906238079071,0.47890228033065796,0.9114062786102295,0.6437400579452515,0.9128222037308298,0.9109454630447769,0.9110521264771865
335,0.9539257884025574,0.4809551239013672,0.9048437476158142,0.6566861867904663,0.9066058456323043,0.904641702527262,0.9047169659143298
336,0.9559179544448853,0.4763568043708801,0.9076562523841858,0.6492382884025574,0.9097443408481851,0.9070250476288654,0.9072615327459662
337,0.953125,0.4797614812850952,0.9048437476158142,0.6587476134300232,0.9069560000473362,0.9044920994754849,0.9045662777004723
338,0.9513476490974426,0.48709625005722046,0.9071875214576721,0.6528715491294861,0.9089304462462819,0.9066891195022562,0.906817793894437
339,0.9546288847923279,0.4810335636138916,0.9069530963897705,0.643827497959137,0.9087178474644785,0.906478715988161,0.9066133355647326
340,0.9536718726158142,0.4810916483402252,0.9110156297683716,0.6393415927886963,0.9123730453086316,0.910822265496874,0.9107850490700695
341,0.9551562666893005,0.4784128963947296,0.9030468463897705,0.6553916931152344,0.904712945833064,0.90266126782725,0.90281781675536
342,0.9519726634025574,0.4837680459022522,0.9024999737739563,0.6569624543190002,0.9046669086080223,0.9019270856998644,0.9021053693893764
343,0.9534960985183716,0.47973769903182983,0.9099218845367432,0.6393401026725769,0.9113778382222151,0.90954689019629,0.9097190319124028
344,0.954394519329071,0.47975003719329834,0.9102343916893005,0.6338379979133606,0.9121513409508766,0.9098146397010543,0.9099886182279135
345,0.9549413919448853,0.47879502177238464,0.9038281440734863,0.6548311114311218,0.9057394434712152,0.9033879721807128,0.9035345355661647
346,0.9527148604393005,0.48180487751960754,0.9103906154632568,0.6433944702148438,0.9124021454853672,0.9099122288336916,0.9101557211774096
347,0.9542577862739563,0.48009246587753296,0.9115625023841858,0.6399359107017517,0.9129368460538723,0.9112479555474102,0.9112030303616807
348,0.9559179544448853,0.4756280183792114,0.91015625,0.6473573446273804,0.9113209254102665,0.9097485872558086,0.9097183342487187
349,0.9554882645606995,0.47635719180107117,0.9098437428474426,0.6506260633468628,0.9116247806101614,0.9093700640338438,0.9094139492511468
350,0.9551757574081421,0.47775325179100037,0.9067187309265137,0.6513990759849548,0.9081890416366658,0.9062147515884148,0.9063533616632559
351,0.9555078148841858,0.47506484389305115,0.9058593511581421,0.6500965356826782,0.9073464540196836,0.9054131828412189,0.9054938673483586
352,0.9542577862739563,0.48224160075187683,0.9020312428474426,0.663398027420044,0.9039030604321039,0.9018123876950445,0.901810247597999
353,0.9534570574760437,0.48169663548469543,0.9096093773841858,0.6501402854919434,0.9113692029054592,0.9090207826977854,0.9092299532903103
354,0.9530078172683716,0.484501451253891,0.9049999713897705,0.6539061069488525,0.9066675358250937,0.9046517253215901,0.9046893903517181
355,0.952343761920929,0.4846239387989044,0.9087499976158142,0.6372517943382263,0.9103923625243271,0.908195455572018,0.9083782974460723
356,0.9526171684265137,0.48315346240997314,0.9075000286102295,0.6437866687774658,0.9093457250362291,0.9069588298846395,0.9071912253214457
357,0.953125,0.48409929871559143,0.907031238079071,0.6503323912620544,0.9087909531175008,0.9066158391380995,0.9066815942508254
358,0.954882800579071,0.4783168435096741,0.9137499928474426,0.6344245672225952,0.9154733702692253,0.9134597045392063,0.9136000771966525
359,0.9544531106948853,0.48080551624298096,0.9110156297683716,0.6337391138076782,0.9131162747090498,0.9104781591476737,0.9107277007691567
360,0.9570116996765137,0.4707243740558624,0.9092187285423279,0.6356710195541382,0.911018799526902,0.908607892614306,0.9089179778415538
361,0.9549999833106995,0.47652870416641235,0.9106249809265137,0.6461381316184998,0.9123699319005473,0.9103378429269653,0.9104293634627669
362,0.954394519329071,0.477681428194046,0.9106249809265137,0.6469191908836365,0.9122179351059676,0.9102747378203051,0.9102488603914829
363,0.9534765481948853,0.4828628599643707,0.9110156297683716,0.6347367763519287,0.9126667546373957,0.910497484159101,0.91076332625207
364,0.9542382955551147,0.47708120942115784,0.9129687547683716,0.6327154636383057,0.9145833859988302,0.9126754904102471,0.9125971454504446
365,0.9564648270606995,0.4740188717842102,0.9076562523841858,0.6367825865745544,0.9095623916715438,0.9071548761077879,0.9072727516413907
366,0.955078125,0.47547751665115356,0.9092968702316284,0.6422225832939148,0.9107740949731213,0.9089647472520183,0.9089825177901161
367,0.9540039300918579,0.478338360786438,0.9110937714576721,0.637645959854126,0.9129873390035081,0.9107271813969362,0.9108331408323309
368,0.9540820121765137,0.4776347279548645,0.9100000262260437,0.6408225297927856,0.9117484638334742,0.9096108336777207,0.909771317182267
369,0.9546679854393005,0.47536078095436096,0.9114062786102295,0.6331436634063721,0.9127546328070738,0.9109008680740958,0.9110489759106385
370,0.9549609422683716,0.4735458791255951,0.9095312356948853,0.6442080736160278,0.9112926324185648,0.9093308527465793,0.9093914196932623
371,0.95458984375,0.4774802029132843,0.9052343964576721,0.6513317227363586,0.9073764378936924,0.9047284236486572,0.9049215283812934
372,0.9543750286102295,0.47382107377052307,0.9073437452316284,0.6426032185554504,0.9091514798037081,0.9070241312346885,0.9071242717145054
373,0.9562304615974426,0.4708034098148346,0.91015625,0.6375288963317871,0.9118326185322694,0.9097317945441639,0.909853636598629
374,0.9573047161102295,0.4692809283733368,0.9167187213897705,0.6194767951965332,0.9181680428055374,0.9163811657977878,0.9164096807362534
375,0.956738293170929,0.4733952581882477,0.9120312333106995,0.6247650980949402,0.9139520051406071,0.9118001095092253,0.9120204809070871
376,0.9574023485183716,0.4705330729484558,0.9073437452316284,0.6411583423614502,0.9091999185538155,0.9066919535477287,0.9069996683007395
377,0.9563281536102295,0.4689389765262604,0.9145312309265137,0.6226358413696289,0.9161181490808344,0.9141698695687448,0.9142532693038259
378,0.9564648270606995,0.47233107686042786,0.9112499952316284,0.6303468346595764,0.9130712508668247,0.9106797225934704,0.910935335408882
379,0.9562890529632568,0.4706895053386688,0.9136718511581421,0.6289644837379456,0.915348808353571,0.913169019510838,0.9133252346740599
380,0.9569140672683716,0.4712024927139282,0.9123437404632568,0.6349253058433533,0.914283170711675,0.9119206673569942,0.9120011287964667
381,0.9539843797683716,0.47501102089881897,0.9099218845367432,0.6320090293884277,0.9116961772599562,0.9094504442260072,0.9095816698746619
382,0.9533789157867432,0.47805607318878174,0.9123437404632568,0.6333617568016052,0.9140490774627477,0.911953279750674,0.9120380756722852
383,0.9567968845367432,0.4719652533531189,0.9095312356948853,0.6317644715309143,0.9113533378339549,0.9090787766956042,0.9092762238681766
384,0.9554296731948853,0.471924751996994,0.9100781083106995,0.6409000158309937,0.911525409966538,0.9096920837179849,0.9097705279877042
385,0.9558789134025574,0.47187110781669617,0.9085156321525574,0.6408984661102295,0.9097567309695629,0.9080015485998894,0.9080049376625782
386,0.9525390863418579,0.48130959272384644,0.9081249833106995,0.6376791596412659,0.9097350930922169,0.9078537386893855,0.9079002305262973
387,0.953320324420929,0.4786589443683624,0.9117968678474426,0.6326432824134827,0.9136131011024418,0.9112104814976676,0.9113759753472607
388,0.9528515338897705,0.48085322976112366,0.9100000262260437,0.6348138451576233,0.9117058350738015,0.9094080713364607,0.9095186865187758
389,0.9519140720367432,0.4847421646118164,0.909375011920929,0.6348717212677002,0.9112559269185273,0.908949695396755,0.9090479090328777
390,0.954394519329071,0.47814273834228516,0.9173437356948853,0.6204562187194824,0.9193412120347081,0.9168944278760512,0.9171679751247062
391,0.9559179544448853,0.4757957458496094,0.9111718535423279,0.6376762986183167,0.9132197465915458,0.9107353454470297,0.9109001429408015
392,0.9546679854393005,0.47790783643722534,0.9151562452316284,0.6215932369232178,0.9169624198993686,0.9146469555167294,0.9148277163122311
393,0.95751953125,0.4689810574054718,0.9143750071525574,0.6298250555992126,0.9161853866612024,0.9137739764855408,0.9139765347093808
394,0.9559179544448853,0.4725937247276306,0.9145312309265137,0.6221786141395569,0.9163392869223287,0.9140508560852901,0.9142150790265443
395,0.9557812213897705,0.4748469889163971,0.9098437428474426,0.6248389482498169,0.9115766936724286,0.9093939198842806,0.9095052795584732
396,0.9573047161102295,0.46857014298439026,0.9142968654632568,0.615456759929657,0.9162840255223295,0.9139369657863743,0.9140626757140833
397,0.9557421803474426,0.47129058837890625,0.9078906178474426,0.6417713761329651,0.9094407983973997,0.9074808996584439,0.9075582710341965
398,0.9551562666893005,0.4734150767326355,0.9103124737739563,0.6322460770606995,0.9117798714820646,0.9098732884747585,0.9098958100688559
399,0.9557421803474426,0.4731508493423462,0.9184374809265137,0.6141931414604187,0.9201418143359031,0.918008874121038,0.9182424135111071
400,0.9539453387260437,0.47622382640838623,0.9131249785423279,0.6237969398498535,0.9149435853981649,0.9125394711100911,0.9127647956053844
401,0.9526757597923279,0.48055556416511536,0.9127343893051147,0.6306812167167664,0.9145144421968171,0.9123254293372004,0.9124734250173775
402,0.9549023509025574,0.47564584016799927,0.9107812643051147,0.6371154189109802,0.912186964769801,0.9103088867741678,0.9103841247910132
403,0.9550390839576721,0.47552233934402466,0.9151562452316284,0.6281144618988037,0.9168719994167469,0.9148011809200491,0.9149890325711861
404,0.9552343487739563,0.4750452935695648,0.9131249785423279,0.6322528719902039,0.9148665998890733,0.9127591621406135,0.9128202081945882
405,0.9557031393051147,0.4710959494113922,0.9122655987739563,0.6328602433204651,0.9139578116001973,0.9117753289638099,0.911910530063547
406,0.9537890553474426,0.4782423675060272,0.912890613079071,0.6273332834243774,0.9141397748272768,0.9124008161737245,0.9124906773545072
407,0.9542773365974426,0.47770586609840393,0.9130468964576721,0.6326927542686462,0.9147108709310445,0.9126470033896044,0.9128296518854309
408,0.954882800579071,0.4749513864517212,0.9137499928474426,0.6274089813232422,0.9153707370617651,0.9133964631445426,0.913503143353313
409,0.95703125,0.4695628881454468,0.9161718487739563,0.6289045214653015,0.9177145010469343,0.9159082240398817,0.9158930311370496
410,0.9542577862739563,0.47352999448776245,0.9154687523841858,0.6214544773101807,0.9167761286389902,0.9151850210159542,0.9151851771280957
411,0.9558398723602295,0.4705275595188141,0.911328136920929,0.634291410446167,0.9128729500719226,0.910829110219376,0.9109704667779785
412,0.9576757550239563,0.4689420759677887,0.9131249785423279,0.6342722177505493,0.9151460639939051,0.912697618398514,0.9129204206201831
413,0.9568554759025574,0.4675491750240326,0.9166406393051147,0.627083957195282,0.918279451475712,0.9164953514566598,0.9165832915932602
414,0.9577929973602295,0.4672815203666687,0.9162499904632568,0.6241503953933716,0.9180210167061527,0.9157857683676018,0.915973628380897
415,0.9569336175918579,0.46714460849761963,0.9144531488418579,0.627091646194458,0.9159628761903926,0.9140855348129702,0.914212406982574
416,0.9561132788658142,0.46703988313674927,0.9183593988418579,0.6233124732971191,0.9200394745472168,0.9179988197314918,0.9181460353431921
417,0.9540039300918579,0.475032240152359,0.9100781083106995,0.6445128917694092,0.9117708026244804,0.9096493368614518,0.9097955531272858
418,0.9549999833106995,0.4730355739593506,0.9159374833106995,0.6168361902236938,0.9179646552484203,0.9156777451312196,0.9157764707427991
419,0.9575390815734863,0.4684178829193115,0.9150781035423279,0.6213452219963074,0.916702980300234,0.9148147164063101,0.9148305896784719
420,0.9562304615974426,0.4708428978919983,0.9135937690734863,0.6290869116783142,0.9153964168296465,0.9131472395375286,0.9133559081500954
421,0.9532812237739563,0.4769095182418823,0.9121875166893005,0.6402154564857483,0.9138957786699835,0.9116469775302117,0.9118490852735254
422,0.9540625214576721,0.47487694025039673,0.9145312309265137,0.6216001510620117,0.9158742792290417,0.9143172620579133,0.914372153753359
423,0.9558789134025574,0.4698202908039093,0.9125781059265137,0.6209660172462463,0.9141280555382469,0.9123055884518112,0.9123840695079488
424,0.9554492235183716,0.4718247354030609,0.9135937690734863,0.6282148957252502,0.9151705015257378,0.9133016893492523,0.913442028646613
425,0.9541211128234863,0.47255074977874756,0.9164843559265137,0.6215871572494507,0.9181321435802609,0.9160538427423908,0.9162734481657917
426,0.9566211104393005,0.47020262479782104,0.9160937666893005,0.616437554359436,0.9178218977515177,0.9156481377994563,0.9159171564554391
427,0.95703125,0.46895819902420044,0.9151562452316284,0.6307355761528015,0.9166214560238117,0.9147612156660396,0.9148915619345287
428,0.9588281512260437,0.4634060263633728,0.9172656536102295,0.6162981390953064,0.9191224235263371,0.9168864312350518,0.9171338973767357
429,0.9561328291893005,0.467339426279068,0.9111718535423279,0.6321000456809998,0.912754669479092,0.9109461453194629,0.9109667150485192
430,0.9543163776397705,0.4737156927585602,0.9134374856948853,0.6157126426696777,0.9150184037864655,0.9129687818520771,0.9131516332174723
431,0.9553124904632568,0.4714120030403137,0.9169531464576721,0.6198992729187012,0.9184115455222952,0.9165189757569787,0.9165735382616707
432,0.9558984637260437,0.47018736600875854,0.9139062762260437,0.6323819160461426,0.9155851613622508,0.9134800793149298,0.9135800003740173
433,0.9540039300918579,0.47557124495506287,0.9150781035423279,0.6141632795333862,0.9166995292562488,0.9144703418402127,0.9146615779073162
434,0.953808605670929,0.47605061531066895,0.9128124713897705,0.6243781447410583,0.9146979109220454,0.9123457228230114,0.9125617361928557
435,0.9559765458106995,0.47145020961761475,0.9164062738418579,0.6196578741073608,0.9179970483041779,0.9159367494426086,0.916103238131622
436,0.957714855670929,0.4692515432834625,0.91796875,0.607909619808197,0.9195011165025924,0.9177648531153554,0.917821628696221
437,0.9549219012260437,0.47407209873199463,0.917187511920929,0.6170839667320251,0.9188763126637374,0.9167635954512463,0.9168477759346046
438,0.9564257860183716,0.4698520600795746,0.9194531440734863,0.6115402579307556,0.9212263337156693,0.9190702871853957,0.9192484841931267
439,0.9565039277076721,0.46837836503982544,0.9172656536102295,0.6207865476608276,0.9191482667202321,0.9168141997087871,0.9170365240706764
440,0.9565039277076721,0.4695131778717041,0.9192187786102295,0.6162983179092407,0.9206381055376776,0.9188271101313357,0.9189167282502583
441,0.9576757550239563,0.46585312485694885,0.9200780987739563,0.6090915203094482,0.9217658730915681,0.9196439854090607,0.9198647087576067
442,0.9567773342132568,0.46509307622909546,0.9172656536102295,0.6149813532829285,0.9186315960286878,0.917079460870063,0.9170686514823656
443,0.9567577838897705,0.46662288904190063,0.9167187213897705,0.6242283582687378,0.9187076701210402,0.9163648475529954,0.9166193665331704
444,0.9534375071525574,0.474384069442749,0.9114843606948853,0.6330113410949707,0.9132770879961889,0.9110002399175137,0.9111901033951405
445,0.9562109112739563,0.4691411256790161,0.9157031178474426,0.6122428774833679,0.9173689551931594,0.9154504930893124,0.9155370081323341
446,0.9563281536102295,0.46737754344940186,0.9172656536102295,0.6179225444793701,0.9192760204853625,0.9169735682503228,0.9171451042933094
447,0.9560351371765137,0.4681069552898407,0.9180468916893005,0.6157825589179993,0.9196792832559704,0.9176991147841826,0.9178497737719151
448,0.9561718702316284,0.4694218337535858,0.9185937643051147,0.6208410859107971,0.9199722444968714,0.9183274318742354,0.9184165894397561
449,0.9562304615974426,0.46986323595046997,0.9159374833106995,0.6166742444038391,0.9174748907230025,0.9155442040208375,0.915660571887928
450,0.9580859541893005,0.46269088983535767,0.9138281345367432,0.6253607869148254,0.9151533506798764,0.9134295113364108,0.9134373545393941
451,0.9563867449760437,0.46856430172920227,0.918749988079071,0.6105087995529175,0.9201092922074843,0.9184153312661961,0.9185228045467113
452,0.9564257860183716,0.46705591678619385,0.9161718487739563,0.6189096570014954,0.9173835165078842,0.9159175970509215,0.9160063284557745
453,0.9575976729393005,0.46642640233039856,0.9153125286102295,0.6241207718849182,0.9168994978409515,0.9150920233928789,0.9151506432130063
454,0.9565820097923279,0.4690918028354645,0.9188281297683716,0.6154538989067078,0.920275935737082,0.918618166007657,0.9185966022975607
455,0.9576171636581421,0.4656245708465576,0.9189843535423279,0.612861692905426,0.9205051192460567,0.9185884169962948,0.9187714752799512
456,0.9571093916893005,0.4648495614528656,0.9174218773841858,0.6158322691917419,0.9193178243065373,0.9170631081775369,0.9172105882291399
457,0.95556640625,0.46937093138694763,0.9175000190734863,0.6099958419799805,0.9190683018105835,0.9172679618252655,0.91736023531611
458,0.9594336152076721,0.4606292247772217,0.917187511920929,0.6136344075202942,0.9187243082098971,0.9167719142398163,0.9170152078178943
459,0.9568750262260437,0.46347343921661377,0.9175000190734863,0.613739550113678,0.9192860608038083,0.917114550027909,0.9172273507856743
460,0.9566211104393005,0.4684217572212219,0.9211719036102295,0.6136130690574646,0.9226694418149972,0.9208597682184205,0.9210413466659993
461,0.9539257884025574,0.470541387796402,0.9157031178474426,0.622478187084198,0.9180022504167846,0.9154553648305489,0.9155941689498248
462,0.956250011920929,0.4682745635509491,0.9157812595367432,0.6242547631263733,0.9173184037864316,0.9154245034140653,0.9155869064175574
463,0.9540625214576721,0.4699445366859436,0.919921875,0.6088508367538452,0.92152942802711,0.9197478813553734,0.9197333131374084
464,0.956835925579071,0.4673696458339691,0.914843738079071,0.6227588057518005,0.9166478539639337,0.9144438915694801,0.9145696194320695
465,0.9585937261581421,0.4637594223022461,0.9156249761581421,0.6196830868721008,0.9170024864233073,0.9154328588688596,0.9154437120811378
466,0.9555273652076721,0.46750199794769287,0.9162499904632568,0.6106487512588501,0.9175931494435241,0.9160054964233751,0.9160239205164652
467,0.95556640625,0.4658471941947937,0.919140636920929,0.6107237339019775,0.9205403966387953,0.9188396327150304,0.9188596186435009
468,0.959179699420929,0.46149393916130066,0.9197656512260437,0.6147863864898682,0.9215797183060397,0.9192241258570123,0.9193778115853549
469,0.9558007717132568,0.4678964614868164,0.9193750023841858,0.6111701726913452,0.9211980383519592,0.9190158486386283,0.919110019513484
470,0.9564843773841858,0.4702507257461548,0.9175781011581421,0.62424635887146,0.9191423867795536,0.9169821021824884,0.9171579215091831
471,0.9547265768051147,0.46796944737434387,0.9220312237739563,0.6127965450286865,0.9236592942339501,0.9217308690670034,0.9217747599161524
472,0.9554296731948853,0.470493346452713,0.9178125262260437,0.6204972267150879,0.9195621342950616,0.917451441343059,0.9176343429456298
473,0.9569140672683716,0.466854453086853,0.9184374809265137,0.6123626232147217,0.9199503540957201,0.9180617184017938,0.918156017966583
474,0.9572070240974426,0.46344906091690063,0.9196093678474426,0.6084953546524048,0.920890208402048,0.9191792353970473,0.9192356289257887
475,0.9569531083106995,0.4656159281730652,0.9176562428474426,0.6048679351806641,0.9191147352565112,0.9174866192737001,0.9174473815561419
476,0.9547265768051147,0.4674700200557709,0.9159374833106995,0.6139986515045166,0.9176319931452093,0.9154468226845494,0.9156358910046949
477,0.9562890529632568,0.4659089148044586,0.9189062714576721,0.6129788756370544,0.9200869943058592,0.918597680403463,0.9185528135663712
478,0.9563867449760437,0.4626754820346832,0.9214843511581421,0.6018535494804382,0.9229573814457729,0.9211099524275717,0.921219422650773
479,0.9591991901397705,0.4570188820362091,0.919921875,0.6036064028739929,0.9212057837634278,0.9196525510887259,0.919660025663094
480,0.9563867449760437,0.46456852555274963,0.9196093678474426,0.6044862866401672,0.9213068718729915,0.9190311560941782,0.9192206145626387
481,0.9552343487739563,0.4666597843170166,0.9164062738418579,0.6171665787696838,0.9179637460650669,0.9160455961399259,0.9162129812086068
482,0.9554492235183716,0.46690139174461365,0.9169531464576721,0.6149056553840637,0.9186346342568646,0.9165603488489757,0.9166798560277237
483,0.9559960961341858,0.46589457988739014,0.9160937666893005,0.6184259653091431,0.9177918386841323,0.91569017711402,0.9158752107493752
484,0.9581054449081421,0.46260398626327515,0.9170312285423279,0.6150758862495422,0.9184018534358475,0.9167629388661034,0.9168254904698185
485,0.9572851657867432,0.4629034399986267,0.9200000166893005,0.6009703278541565,0.9214156113537173,0.9196093094905333,0.9197559111681144
486,0.9582812786102295,0.4597063958644867,0.9171093702316284,0.6140093803405762,0.9186604858305115,0.9167488934506334,0.9168736497289824
487,0.9566406011581421,0.46363839507102966,0.9197656512260437,0.6046211123466492,0.921021456760231,0.9195570327639366,0.9196176131250529
488,0.9581445455551147,0.46173179149627686,0.9192968606948853,0.6114456653594971,0.9207137835254785,0.91891741363481,0.919048262182504
489,0.9572070240974426,0.46091341972351074,0.916796863079071,0.613270103931427,0.918354509378275,0.916523414271398,0.9165820412689102
490,0.956835925579071,0.4630764126777649,0.9175000190734863,0.6217495203018188,0.9191474364853228,0.9170875156737197,0.9172069041735387
491,0.9566015601158142,0.46445631980895996,0.9186718463897705,0.610576331615448,0.9201434059637469,0.9182645330835926,0.9183370098126828
492,0.9551171660423279,0.4687836468219757,0.9171093702316284,0.6128640174865723,0.9188650979560136,0.9167217017277596,0.9168026043569093
493,0.9566991925239563,0.4659067988395691,0.9201562404632568,0.6081545352935791,0.9216044367428808,0.9198793735085062,0.9199250762598992
494,0.9580273628234863,0.4635743796825409,0.9190624952316284,0.6119265556335449,0.9207858168606933,0.9187968751966769,0.9189416414762821
495,0.956250011920929,0.4662575423717499,0.9186718463897705,0.613132119178772,0.9199599944038499,0.9183116125466222,0.9183042649957469
496,0.9549413919448853,0.4683625102043152,0.9194531440734863,0.61485755443573,0.9207593936057955,0.9191351176904412,0.9192082445211631
497,0.954394519329071,0.4741879403591156,0.9172656536102295,0.622011661529541,0.9191702069357739,0.9171082140944818,0.9172291675062746
498,0.956250011920929,0.4676639437675476,0.9185937643051147,0.621955931186676,0.9201977095618936,0.9181790421699336,0.9184219756251362
499,0.9559375047683716,0.46551039814949036,0.9216406345367432,0.6045329570770264,0.9230032735649515,0.9213229598933426,0.9214392644415121
500,0.9579882621765137,0.4628041386604309,0.9239843487739563,0.5988777279853821,0.9254559619358338,0.9238158621200185,0.9239700105174589
501,0.9585351347923279,0.4624243974685669,0.921093761920929,0.6060456037521362,0.9223489654564843,0.9207780538477648,0.9208956579970528
502,0.9586523175239563,0.4611278474330902,0.9206249713897705,0.6101957559585571,0.922257359020182,0.9204885932922906,0.9205997637540918
503,0.9566406011581421,0.46381157636642456,0.9217968583106995,0.6058763265609741,0.9234509034375452,0.9216157525011224,0.9216647447129998
504,0.95849609375,0.45932090282440186,0.9196875095367432,0.6103696227073669,0.9211985016823093,0.9194437010517331,0.919530120863424
505,0.9586328268051147,0.46140506863594055,0.9185937643051147,0.6115642189979553,0.9198281181908253,0.9183738499618953,0.9183768572009062
506,0.9571679830551147,0.4636653661727905,0.9225780963897705,0.5996224880218506,0.9241198701674578,0.9222801700882111,0.9224114674971001
507,0.9580859541893005,0.4596218764781952,0.9207812547683716,0.6000126600265503,0.9222983176848576,0.9204966960187171,0.9206107935807795
508,0.958203136920929,0.4600696265697479,0.9180468916893005,0.6047458052635193,0.919578021107738,0.9175375416984084,0.9177997540091803
509,0.95849609375,0.4576464891433716,0.9193750023841858,0.6135953068733215,0.9208013306588212,0.9189597667737623,0.9190585337266023
510,0.9580078125,0.45742660760879517,0.916796863079071,0.6053344011306763,0.9185416030585456,0.9162342248403533,0.9163158220728266
511,0.9566601514816284,0.46171799302101135,0.9203906059265137,0.601091206073761,0.92181462262451,0.9199174395932485,0.920028707208523
512,0.9558789134025574,0.46594002842903137,0.9217968583106995,0.6000229716300964,0.9233108675785997,0.9212518421561033,0.921467464937771
513,0.9566601514816284,0.46397560834884644,0.9240624904632568,0.6025828123092651,0.9255902302621541,0.9236299077474992,0.9237798110555173
514,0.957324206829071,0.46381840109825134,0.9143750071525574,0.6126275062561035,0.9159806454287949,0.9141195241942522,0.914126739621542
515,0.9554492235183716,0.4667116403579712,0.9196093678474426,0.6113494634628296,0.920966020004033,0.9191324059104933,0.9192369764918977
516,0.9561718702316284,0.4665137529373169,0.9220312237739563,0.6007139086723328,0.9237587338446647,0.9217156055458959,0.9217492373476786
517,0.9558007717132568,0.4658401608467102,0.9208593964576721,0.5983142256736755,0.922098397150081,0.9203897385343749,0.9204646650019078
518,0.9557031393051147,0.4675125479698181,0.9178906083106995,0.6155224442481995,0.9192547372605264,0.9176282121724949,0.917629537410328
519,0.958789050579071,0.4582372307777405,0.9239843487739563,0.5951334238052368,0.9252510963684139,0.9237583058888893,0.9237969897582984
520,0.9576171636581421,0.4636188745498657,0.9175000190734863,0.6124301552772522,0.9190671831321318,0.917072395950658,0.9171559864803133
521,0.9572656154632568,0.4640451669692993,0.9209374785423279,0.6027733087539673,0.9227019280890902,0.9206674615022055,0.9207445867119372
522,0.9560156464576721,0.46458515524864197,0.9235937595367432,0.6002177000045776,0.924991444217596,0.9232357336022778,0.9232685437501973
523,0.9546288847923279,0.46767666935920715,0.9205468893051147,0.607637345790863,0.9220406952320781,0.9201394375735474,0.9201926016043811
524,0.9580859541893005,0.45987704396247864,0.9228906035423279,0.5945701003074646,0.9242849140307035,0.9225844432404733,0.922603564786989
525,0.9566601514816284,0.46688348054885864,0.9242187738418579,0.5962249040603638,0.9258583208076958,0.9239858932543461,0.9240958671785655
526,0.9574023485183716,0.4604211151599884,0.926562488079071,0.5947980284690857,0.9280550953133215,0.9261209474030632,0.926344901725493
527,0.9573827981948853,0.4659757912158966,0.9236719012260437,0.5932015776634216,0.9253563682924957,0.9232885033136886,0.9235066413730098
528,0.9566406011581421,0.4648025929927826,0.9212499856948853,0.6013532876968384,0.923139776465859,0.9208544524560347,0.9210460210865249
529,0.9571679830551147,0.46582984924316406,0.9219531416893005,0.6016916036605835,0.923519077795679,0.921481662913462,0.9216402400662747
530,0.9582226276397705,0.4627367854118347,0.9204687476158142,0.6108430624008179,0.9227403725247608,0.9199761533063444,0.9201762677666446
531,0.9593554735183716,0.4592730700969696,0.9223437309265137,0.5941183567047119,0.9234505839219112,0.9220663669579883,0.9220530144955303
532,0.9574804902076721,0.46170780062675476,0.9223437309265137,0.6035579442977905,0.9235622549159982,0.9220624139140865,0.9220809221105539
533,0.9578320384025574,0.4596675634384155,0.9236719012260437,0.6000842452049255,0.9250139180964557,0.9234984673649339,0.9234415122569837
534,0.9569531083106995,0.46144330501556396,0.9235937595367432,0.6078901886940002,0.9248348771757968,0.9231684560286986,0.9232346984082958
535,0.957812488079071,0.4596228003501892,0.923046886920929,0.6012208461761475,0.9243109631315469,0.9227093233608082,0.9227887333039108
536,0.9580664038658142,0.459318071603775,0.9228906035423279,0.5914191007614136,0.924503408528973,0.9223173449930271,0.9226336489540917
537,0.9567968845367432,0.4616900682449341,0.9196093678474426,0.6146201491355896,0.9209734042709923,0.9193526465553853,0.919421214388866
538,0.959277331829071,0.4553503692150116,0.9243749976158142,0.5867695808410645,0.9260176374506683,0.9238114622354842,0.9241886192116961
539,0.9588476419448853,0.45837080478668213,0.916796863079071,0.6132731437683105,0.9186252418847941,0.9163859733932196,0.9166142531355942
540,0.9584765434265137,0.45743831992149353,0.9207812547683716,0.5998496413230896,0.9220811008878129,0.9204346048703048,0.9205203868307743
541,0.9574023485183716,0.45955249667167664,0.9214062690734863,0.6006829142570496,0.9224183695678851,0.921133886261108,0.9211880211409017
542,0.9574023485183716,0.4606843590736389,0.925000011920929,0.5887022614479065,0.9262772009194311,0.9244527796006674,0.9246880293902793
543,0.9568945169448853,0.4607318937778473,0.9217187762260437,0.5966213941574097,0.9231321588806786,0.9212885631035408,0.9214162763252043
544,0.9567968845367432,0.46230655908584595,0.921093761920929,0.5989968776702881,0.9225917594633747,0.9206420567760627,0.9208268425375792
545,0.9556835889816284,0.46638381481170654,0.9205468893051147,0.6036377549171448,0.9220454098165743,0.9200204405462156,0.9202440964939467
546,0.9576171636581421,0.45935457944869995,0.922656238079071,0.602096438407898,0.9240353339241136,0.9222748294853764,0.9224262993749891
547,0.9558789134025574,0.4671320617198944,0.9214843511581421,0.5989940166473389,0.9227383351892359,0.9210412974927635,0.9212058512089174
548,0.9583593606948853,0.4613640308380127,0.9229687452316284,0.5930783748626709,0.9240721683770803,0.9225259475076091,0.922563271859145
549,0.9581249952316284,0.45800721645355225,0.9222656488418579,0.6040438413619995,0.9237199159165363,0.9219304059276754,0.9220451769228707
550,0.9569726586341858,0.4638493061065674,0.9228906035423279,0.5959247350692749,0.9242896267291503,0.9224560138904315,0.9225952334047438
551,0.9603710770606995,0.4541303217411041,0.9248437285423279,0.5925841331481934,0.9264557344989535,0.924301008112477,0.9245772457436947
552,0.9586132764816284,0.4600842595100403,0.9237499833106995,0.5955178737640381,0.9251340829913238,0.9232347786329227,0.9234183475086345
553,0.9588671922683716,0.4574517011642456,0.9250781536102295,0.5889386534690857,0.9265702966624633,0.9248271811584794,0.9249044189183768
554,0.9582421779632568,0.4583003520965576,0.9253906011581421,0.5898351669311523,0.9269155938047795,0.9251560402345511,0.9252830704354584
555,0.9589648246765137,0.45354247093200684,0.9267187714576721,0.580247163772583,0.9278566156976488,0.9264273816056523,0.926465794580225
556,0.9573437571525574,0.4578437805175781,0.9198437333106995,0.6025578379631042,0.9214433051184994,0.9193900106368882,0.9195430038518118
557,0.9571679830551147,0.4614706039428711,0.9286718964576721,0.5807908177375793,0.9300778763493107,0.9282473981431788,0.9284073177592549
558,0.9575976729393005,0.4613644778728485,0.9241406321525574,0.5813018679618835,0.9258890147176955,0.9236990611634177,0.9238883425288367
559,0.9568164348602295,0.4610200524330139,0.9244531393051147,0.5863274335861206,0.9261123154067452,0.9239335020842462,0.9241285253783459
560,0.9584765434265137,0.45850345492362976,0.9216406345367432,0.5971781015396118,0.9231049315190356,0.9212790595010782,0.9214320924004117
561,0.9574413895606995,0.46183788776397705,0.9214843511581421,0.5990155935287476,0.9229180849414204,0.9211817656642277,0.921298735709785
562,0.9575781226158142,0.46114516258239746,0.9231250286102295,0.5950070023536682,0.9247763737844183,0.9227695753402646,0.9230332933565983
563,0.9574609398841858,0.4583597481250763,0.9228125214576721,0.5908757448196411,0.9243933313628065,0.9224106909752571,0.9226059691754105
564,0.9569726586341858,0.4575422406196594,0.9223437309265137,0.5892927646636963,0.9239588415815712,0.9217622811639894,0.921962057033425
565,0.9580859541893005,0.45833954215049744,0.9296093583106995,0.5796779990196228,0.9310741649801687,0.9292591845156295,0.9294419453153089
566,0.9571484327316284,0.4600505828857422,0.9252343773841858,0.5943604707717896,0.9266629132665933,0.9247652096346591,0.9249783535832288
567,0.9573827981948853,0.45990729331970215,0.9214843511581421,0.6015526056289673,0.9228621326399747,0.9210676434737859,0.9211924855538642
568,0.956347644329071,0.4613112509250641,0.9266406297683716,0.5878252983093262,0.9282960409142587,0.9263419012832385,0.9265146020733779
569,0.9581445455551147,0.459534615278244,0.9188281297683716,0.59856778383255,0.9204336125763717,0.918279624107997,0.9185469297491904
570,0.9598827958106995,0.4528920650482178,0.9273437261581421,0.5864505171775818,0.9285960781798426,0.9270410799290221,0.9271442240128602
571,0.9569531083106995,0.4632367789745331,0.9225000143051147,0.597129225730896,0.9238843301543618,0.9223544509079705,0.9223648294928595
572,0.9566211104393005,0.4629487991333008,0.9231250286102295,0.5936784148216248,0.9247737805669328,0.922805999857655,0.9229761281329625
573,0.955371081829071,0.46664297580718994,0.9236719012260437,0.586902379989624,0.9251278034588639,0.9233454416861142,0.9234063058835689
574,0.95751953125,0.4594525098800659,0.9249218702316284,0.5866379737854004,0.9262091608491685,0.9247118346829823,0.9247845574070235
575,0.9582226276397705,0.4586479663848877,0.9252343773841858,0.5831255912780762,0.9264044820589388,0.9249722560592148,0.9250906339417266
576,0.9592382907867432,0.45394909381866455,0.928906261920929,0.5850158929824829,0.9303009407016182,0.9284140291507627,0.9286728518597561
577,0.9601367115974426,0.45061439275741577,0.9281250238418579,0.5801283121109009,0.9295105541569276,0.9279506262422568,0.9280175357332232
578,0.9567577838897705,0.45960643887519836,0.9256250262260437,0.5890343189239502,0.9271806487267481,0.9250786226752556,0.9253489330864981
579,0.9589062333106995,0.45612895488739014,0.9233593940734863,0.5903042554855347,0.9251197003756337,0.9230122279999593,0.9231919158371706
580,0.9577343463897705,0.4592873454093933,0.9216406345367432,0.602748692035675,0.9230142097815401,0.9212492553188403,0.9213994302883132
581,0.9571679830551147,0.4607067108154297,0.9233593940734863,0.5937545299530029,0.9252152153473189,0.9228230045536243,0.9230659013562812
582,0.9564257860183716,0.4619539678096771,0.9239062666893005,0.5859113335609436,0.9255070151115535,0.9236638441081961,0.9237718168720473
583,0.9582617282867432,0.45937711000442505,0.926953136920929,0.577812135219574,0.9282311463781323,0.9268091010722326,0.9268949085042946
584,0.9583984613418579,0.45566612482070923,0.915234386920929,0.6156776547431946,0.9168328310862892,0.9150800587012546,0.9150950415152663
585,0.958300769329071,0.4575790762901306,0.9214062690734863,0.5971181988716125,0.9227492276122558,0.9210965582548136,0.9210873564509048
586,0.9589648246765137,0.454494833946228,0.9232812523841858,0.5933037400245667,0.9251572701238503,0.923118626462633,0.9231642679689495
587,0.9589453339576721,0.4526180922985077,0.9235937595367432,0.5949751138687134,0.9248821833778628,0.9233458604231899,0.9233270897079703
588,0.9605859518051147,0.4495198726654053,0.9232812523841858,0.5887563228607178,0.9246201876408278,0.922894616483275,0.9230302809536736
589,0.9599999785423279,0.45023491978645325,0.922656238079071,0.5875369906425476,0.924598060405716,0.9221693302900992,0.9224323663888032
590,0.9582421779632568,0.45504119992256165,0.9254687428474426,0.5896052718162537,0.9271448422127708,0.9252278973596261,0.9253386446391494
591,0.9549023509025574,0.4663640260696411,0.9206249713897705,0.6032439470291138,0.9219675629433024,0.9204013841094327,0.9204751518967295
592,0.9558984637260437,0.46295303106307983,0.9213281273841858,0.598125159740448,0.9227616433932813,0.9209762840439593,0.9210337291690376
593,0.9580273628234863,0.4578132927417755,0.9196875095367432,0.6006762981414795,0.9212872862452425,0.9194688525899011,0.9194402143017971
594,0.9596288800239563,0.45227301120758057,0.9248437285423279,0.5922804474830627,0.926251470641419,0.924559088421661,0.9246811849228445
595,0.957812488079071,0.457183837890625,0.923828125,0.589145302772522,0.9251166419484856,0.9237232295937788,0.9235963014613511
596,0.9568164348602295,0.46239593625068665,0.9210156202316284,0.5973896384239197,0.9225343847421317,0.9207283040858416,0.9208592212036726
597,0.9574804902076721,0.45606812834739685,0.9263281226158142,0.5783502459526062,0.9277294330379942,0.9260167140016031,0.9260969716217009
598,0.9569922089576721,0.4587809443473816,0.9280468821525574,0.5793820023536682,0.929652791236919,0.927546610020769,0.927759747828632
599,0.9594922065734863,0.4539036452770233,0.9271875023841858,0.5925442576408386,0.9287993797580434,0.9268222241672859,0.9270102364314923
600,0.9585937261581421,0.4559665024280548,0.9264843463897705,0.5831679701805115,0.9282280706831009,0.9262238468269035,0.9263677656037057
601,0.9562890529632568,0.45889991521835327,0.9284374713897705,0.5898175835609436,0.9299032102346343,0.9281256976851051,0.9281890081515661
602,0.9581640362739563,0.45637208223342896,0.9213281273841858,0.5960023999214172,0.9231045597997518,0.9209206126145539,0.9211242787702859
603,0.9582226276397705,0.4569202661514282,0.9232031106948853,0.5914513468742371,0.9245985691086045,0.9231513033259467,0.9231669803984008
604,0.9586523175239563,0.4542694091796875,0.9212499856948853,0.5978983044624329,0.922389293354074,0.9209524683444261,0.921026480982909
605,0.9599413871765137,0.4547977149486542,0.9254687428474426,0.5877281427383423,0.9267559203705591,0.9250518346038041,0.9251489596495085
606,0.960156261920929,0.4486852288246155,0.9236719012260437,0.5913064479827881,0.9250527494556882,0.9231569815288234,0.9232764903603927
607,0.961621105670929,0.4453778564929962,0.9250781536102295,0.5792381167411804,0.9264793441197792,0.924636452234592,0.9247712326609991
608,0.9608203172683716,0.44870448112487793,0.9237499833106995,0.5837392210960388,0.9255620226957626,0.9234029571006668,0.9234981158282476
609,0.9575585722923279,0.4569510221481323,0.9214062690734863,0.5980725288391113,0.9227317212972758,0.92102465068952,0.9211215512171178
610,0.9580468535423279,0.4546249508857727,0.9227343797683716,0.5877063870429993,0.9239535876606411,0.9224180425218409,0.9224842611791719
611,0.9586132764816284,0.45565181970596313,0.9242968559265137,0.5882032513618469,0.92588945726116,0.9239238883389682,0.9241258802758195
612,0.9576953053474426,0.4585711359977722,0.9239062666893005,0.5881824493408203,0.9253201428148057,0.9235051184203029,0.9236676996243505
613,0.9583398699760437,0.4529687464237213,0.9228906035423279,0.5975381731987,0.9244818692512482,0.9224894312448513,0.9225821383868344
614,0.9574804902076721,0.45497211813926697,0.9219531416893005,0.5916897654533386,0.9234492549832956,0.9215553868420192,0.9217166086891768
615,0.9575585722923279,0.4575546383857727,0.9250781536102295,0.5848782658576965,0.9265873350911105,0.924753528540165,0.9249289027203494
616,0.9585546851158142,0.45667362213134766,0.926562488079071,0.5836185216903687,0.9279467799158522,0.9259838946700449,0.926173021556852
617,0.9598047137260437,0.4518209397792816,0.9244531393051147,0.5895721316337585,0.9258045955076347,0.9241883262507968,0.924292385588537
618,0.9591015577316284,0.45584601163864136,0.9235937595367432,0.5920067429542542,0.9250698193088923,0.9231046594401011,0.9232862510110942
619,0.959179699420929,0.4532037079334259,0.9249218702316284,0.5871506929397583,0.9261436275483781,0.9245625892519411,0.9246874180312149
620,0.9569140672683716,0.45872318744659424,0.9234374761581421,0.5894255638122559,0.9248380075469227,0.9229730364295639,0.9231652157625372
621,0.9576757550239563,0.46032896637916565,0.9247656464576721,0.5930398106575012,0.9264022414662744,0.9243873661905837,0.9245363087952168
622,0.9588086009025574,0.45345166325569153,0.921875,0.5972528457641602,0.9234804858959772,0.921235994821022,0.9216046927055537
623,0.959277331829071,0.4524783790111542,0.9245312213897705,0.590142548084259,0.9255919555855672,0.9241213461089568,0.9242188055577862
624,0.9587109088897705,0.4525529146194458,0.9243749976158142,0.5861404538154602,0.925778869036175,0.9239736808517649,0.9241540432310937
625,0.9584765434265137,0.4547712206840515,0.9195312261581421,0.6028823256492615,0.9209870667804991,0.9191670290810057,0.9193516867178304
626,0.9593554735183716,0.4516099989414215,0.9228125214576721,0.5933742523193359,0.9244814902568999,0.9223507826266909,0.9224761230618478
627,0.958300769329071,0.4570288062095642,0.9225780963897705,0.5902812480926514,0.9237226920019012,0.9222148009108347,0.9223244627260367
628,0.9582617282867432,0.4550332725048065,0.9228906035423279,0.5948348641395569,0.9244744586042424,0.9224509017316864,0.9226607259691018
629,0.9593750238418579,0.4516667425632477,0.9228125214576721,0.5955865979194641,0.9245578936741278,0.9224146914546474,0.9225843267243601
630,0.9590820074081421,0.45271918177604675,0.9267968535423279,0.5871995687484741,0.9283131961715174,0.9264924353463135,0.9266316775976515
631,0.9559179544448853,0.46144068241119385,0.9231250286102295,0.6002494692802429,0.9247742347506573,0.9227928861878039,0.9229518596245703
632,0.955761730670929,0.46567782759666443,0.923828125,0.5928070545196533,0.9251676091355906,0.9234321928379277,0.9235788852687405
633,0.9590234160423279,0.45247769355773926,0.9208593964576721,0.5973761677742004,0.9225433844875596,0.9204188081914091,0.9206123550024266
634,0.9583203196525574,0.454122930765152,0.9236719012260437,0.5923438668251038,0.9255192725571639,0.9232267206233646,0.9234865987261176
635,0.9584179520606995,0.4530351161956787,0.9220312237739563,0.5941005349159241,0.9234441991989573,0.9217959101118534,0.921818324400131
636,0.9603320360183716,0.4487123191356659,0.9266406297683716,0.596945583820343,0.9281281632313851,0.9263657915570884,0.9264596020012295
637,0.9596288800239563,0.45045486092567444,0.9216406345367432,0.6001105308532715,0.9231908155332931,0.9213221760748591,0.9214439794834555
638,0.9606835842132568,0.4494045674800873,0.9242187738418579,0.5963749885559082,0.9258617753594103,0.9240148716469698,0.9240445840568656
639,0.9611718654632568,0.4455450773239136,0.9232031106948853,0.5951926708221436,0.9246133172797333,0.9229858340446588,0.9230442549050293
640,0.960253894329071,0.446248859167099,0.9263281226158142,0.5924859046936035,0.9280829552045049,0.9260734078936407,0.9261907048284617
641,0.9607812762260437,0.44769060611724854,0.9204687476158142,0.5943238735198975,0.9219385597888408,0.9204344506531998,0.9203646917771476
642,0.9587695598602295,0.4527222514152527,0.9239843487739563,0.5936537384986877,0.9252394934159917,0.9235689764499241,0.9237103958665012
643,0.9612109661102295,0.44682538509368896,0.9222656488418579,0.5952112674713135,0.9242196506920239,0.9218788835394968,0.9220281750784631
644,0.9572851657867432,0.45475614070892334,0.9232031106948853,0.5843494534492493,0.9249135586331441,0.9228996444348108,0.9230180885802668
645,0.9580273628234863,0.4540143311023712,0.9224218726158142,0.5809589624404907,0.9237121990586058,0.9221054545865547,0.9220958491766826
646,0.9589453339576721,0.4519873857498169,0.9239843487739563,0.5850685834884644,0.9255998025710087,0.9236546323056671,0.9237411830127921
647,0.9592968821525574,0.45132550597190857,0.9237499833106995,0.5885359048843384,0.9253022762805019,0.9234476718183693,0.923591960870293
648,0.9604101777076721,0.44812142848968506,0.9264843463897705,0.5805380344390869,0.9279226407606243,0.9262903531379709,0.9263704090594622
649,0.9581835865974426,0.4542940855026245,0.9239062666893005,0.5846751928329468,0.9255498229274823,0.9234205314317978,0.9235479584450127
650,0.9586718678474426,0.45177868008613586,0.9220312237739563,0.5900086164474487,0.923571915546906,0.9216389675512652,0.9217704707366599
651,0.9590429663658142,0.44975700974464417,0.925000011920929,0.5819422602653503,0.9264885894532865,0.9245535536665792,0.9247194758793751
652,0.9594922065734863,0.45048800110816956,0.9216406345367432,0.5887094736099243,0.9236599582116714,0.9211163462476493,0.9214074175576471
653,0.9595116972923279,0.4488646388053894,0.9247656464576721,0.5829849243164062,0.9263226466735495,0.924329692379736,0.9245152096796941
654,0.9567577838897705,0.4550102651119232,0.9272656440734863,0.5842013955116272,0.928841762805489,0.9269381999976982,0.927147901655322
655,0.9571288824081421,0.45764991641044617,0.9289844036102295,0.5768678188323975,0.9305184909837605,0.9285436567690228,0.9286781958105453
656,0.9592968821525574,0.45099830627441406,0.9239843487739563,0.5840352177619934,0.9255945427853278,0.9236754437418482,0.9238212295053944
657,0.9567968845367432,0.4570891857147217,0.9242187738418579,0.5856083631515503,0.9256041610521997,0.9239216258957977,0.923981460266473
658,0.9597851634025574,0.4489995241165161,0.9239062666893005,0.5837032198905945,0.9253391279229475,0.9233934947093587,0.9236353298192226
659,0.9579687714576721,0.4529174566268921,0.9274218678474426,0.5760261416435242,0.928619666796791,0.9271328699188542,0.9271385771937297
660,0.9564453363418579,0.4556047320365906,0.9235937595367432,0.5868844985961914,0.9251113544975815,0.9230572700394704,0.9232553252552076
661,0.9595312476158142,0.44998565316200256,0.9278905987739563,0.577552080154419,0.9291630101496515,0.9273940830229617,0.9275802388452333
662,0.9585742354393005,0.4495764970779419,0.9262499809265137,0.5797234177589417,0.9275506623794715,0.9259282226285943,0.9260331458130817
663,0.9575390815734863,0.45482224225997925,0.9213281273841858,0.5881288647651672,0.9228123329718636,0.9208627458195835,0.9211195487658224
664,0.9595898389816284,0.45126238465309143,0.9194531440734863,0.6029440760612488,0.9217075607552965,0.9189935044784857,0.9193949073515764
665,0.9580078125,0.45365849137306213,0.920703113079071,0.5917913317680359,0.9221659682631862,0.920335851096817,0.9204464974237674
666,0.9587109088897705,0.45156052708625793,0.9224218726158142,0.595604658126831,0.9238826395014441,0.9217910619153424,0.9220342157564686
667,0.9599609375,0.44961312413215637,0.9242187738418579,0.5836970806121826,0.925802277526717,0.9237845900408399,0.923949255155764
668,0.9581054449081421,0.45129624009132385,0.9242968559265137,0.5852246880531311,0.9255911120911602,0.9240465765722695,0.9240615318215931
669,0.956835925579071,0.4572533667087555,0.9203906059265137,0.5977199077606201,0.9222702652559548,0.9199180868120582,0.9201678566742033
670,0.9578906297683716,0.4572288990020752,0.9253125190734863,0.5760460495948792,0.9265849808275846,0.9249427714344245,0.9250100040678368
671,0.9581249952316284,0.4565248489379883,0.9258593916893005,0.5940226316452026,0.9276052965091679,0.9253499878055418,0.9256026146037489
672,0.9585546851158142,0.45113250613212585,0.9278125166893005,0.5837509036064148,0.9292175075611772,0.9274449754500613,0.9275674619407142
673,0.9585937261581421,0.45270323753356934,0.9257031083106995,0.5779487490653992,0.9272173169077516,0.9255354919177816,0.9254931863376501
674,0.9609179496765137,0.4468986988067627,0.9261718988418579,0.5868068933486938,0.9276687674257234,0.9257957664521177,0.9259525825234055
675,0.9617773294448853,0.4412824511528015,0.9262499809265137,0.5814245343208313,0.9276643254159633,0.9258653004853848,0.9260115469622039
676,0.9606835842132568,0.4477246105670929,0.9224218726158142,0.5902166962623596,0.9238471992289707,0.9222531208391396,0.9222710766443578
677,0.9610937237739563,0.4450174570083618,0.9272656440734863,0.5826149582862854,0.9287874042932591,0.9270649099280633,0.9270571309429514
678,0.9614843726158142,0.44191473722457886,0.9278905987739563,0.574151873588562,0.9294874497385861,0.9274888010620664,0.9276939055645778
679,0.9607617259025574,0.4421573281288147,0.9275000095367432,0.5792311429977417,0.9289749911161025,0.9271255384182561,0.9272154659288276
680,0.9580664038658142,0.45161351561546326,0.9253125190734863,0.587937593460083,0.9268989131244072,0.9250058866952018,0.9251260473481093
681,0.9599218964576721,0.4480893015861511,0.9275781512260437,0.5782931447029114,0.9284746586470238,0.9270617480403542,0.9271750794439982
682,0.959179699420929,0.44628456234931946,0.9258593916893005,0.5810426473617554,0.9272224442097627,0.9253678723701672,0.9255779273901664
683,0.9599609375,0.4464612901210785,0.9252343773841858,0.5881495475769043,0.9265196970765116,0.9247325768113713,0.9249182339182372
684,0.9586132764816284,0.4508286416530609,0.9276562333106995,0.5760232210159302,0.9288553297003235,0.9273762764952818,0.9274987640319836
685,0.956250011920929,0.4573900103569031,0.9248437285423279,0.5848270058631897,0.9260810164468518,0.9243467753293977,0.9244867926361275
686,0.9579687714576721,0.4536466896533966,0.9270312786102295,0.581544816493988,0.9285875806448725,0.9267685663164031,0.9269311601477705
687,0.9596288800239563,0.44955766201019287,0.9271093606948853,0.5855367183685303,0.9285055391585848,0.9267402896480512,0.9269455888056883
688,0.9583789110183716,0.45239338278770447,0.9235937595367432,0.5918964147567749,0.9253946634250944,0.9233740437927703,0.9234879692489601
689,0.9598827958106995,0.44948458671569824,0.9284374713897705,0.5773746967315674,0.9297343085305607,0.9279121900667657,0.9281065405893641
690,0.9604296684265137,0.4465881586074829,0.9260156154632568,0.5821034908294678,0.9275298699427896,0.9255363109207158,0.9258430607555002
691,0.9583789110183716,0.45020076632499695,0.92578125,0.586215615272522,0.9269602769146918,0.9252810528136373,0.9254836953347593
692,0.9585156440734863,0.452767550945282,0.9280468821525574,0.5825709700584412,0.9297059379277083,0.9277873723789459,0.9279397009702403
693,0.9585156440734863,0.4550949037075043,0.9276562333106995,0.5854187607765198,0.9290944070649964,0.9273675674805768,0.9274433616818136
694,0.9577929973602295,0.4545994699001312,0.9247656464576721,0.5808956623077393,0.9261889999516486,0.924411213924714,0.9245763620771481
695,0.9585351347923279,0.45157578587532043,0.9263281226158142,0.5775514245033264,0.928227705647906,0.9261669757646485,0.9262939729187349
696,0.9585546851158142,0.45032718777656555,0.9306250214576721,0.5690199136734009,0.9322087749655136,0.9305407997204769,0.9306285845380111
697,0.9594531059265137,0.4489162564277649,0.9301562309265137,0.5754275918006897,0.9316515982632174,0.9299970481574604,0.9300131365553305
698,0.9593164324760437,0.44904738664627075,0.9307031035423279,0.5684695839881897,0.9317822447292022,0.9303403151558802,0.9304535461591457
699,0.9597070217132568,0.44969695806503296,0.9302343726158142,0.572236180305481,0.9315583154298974,0.9298824681807932,0.9300730230834684
700,0.9598437547683716,0.4485405385494232,0.9259374737739563,0.5804639458656311,0.9277247254677703,0.9255645016902907,0.9258019812857218
701,0.9616601467132568,0.44397440552711487,0.9260156154632568,0.5838905572891235,0.9275175985012896,0.9256931482240593,0.9258348536027708
702,0.9619531035423279,0.4418812096118927,0.928515613079071,0.5751896500587463,0.9301756175615605,0.928239959094675,0.9283599912784405
703,0.9603320360183716,0.4442925751209259,0.9300781488418579,0.5732545256614685,0.931489330393013,0.9298707673283213,0.9298989949593448
704,0.9597070217132568,0.44416701793670654,0.92578125,0.5872137546539307,0.9273494994904758,0.9255644522825783,0.9257199496005108
705,0.9614062309265137,0.444383442401886,0.9263281226158142,0.5816637277603149,0.9275544407674914,0.9261638118962785,0.9262875622039564
706,0.9602148532867432,0.44422009587287903,0.9310937523841858,0.5714550614356995,0.9326430720386876,0.9308739400266484,0.9309957672024354
707,0.9610351324081421,0.4439122676849365,0.9261718988418579,0.5866536498069763,0.9279325471427682,0.9258814507662302,0.9260753703737161
708,0.9584375023841858,0.4508362114429474,0.9262499809265137,0.5839157700538635,0.9279943650814059,0.9260888355558246,0.9261062126077528
709,0.959765613079071,0.4458603262901306,0.9270312786102295,0.5789253115653992,0.9284679243999263,0.926718964601037,0.9269072580554669
710,0.9586328268051147,0.45080071687698364,0.9253125190734863,0.5854032635688782,0.926568485630271,0.9249129624752077,0.924989944146402
711,0.9596093893051147,0.44532883167266846,0.9268749952316284,0.5775465965270996,0.9280302196449146,0.9264353118152693,0.9265200511489244
712,0.9597851634025574,0.44967615604400635,0.9225000143051147,0.5944371819496155,0.9239442306212247,0.9221451891022487,0.9222597951534122
713,0.9610937237739563,0.44048386812210083,0.9267968535423279,0.5781165957450867,0.928113680767672,0.926609759827272,0.9266489267177956
714,0.9613281488418579,0.44370636343955994,0.9253906011581421,0.583871603012085,0.9268740469860127,0.9251055717814494,0.9252490792140358
715,0.9605273604393005,0.44475868344306946,0.9263281226158142,0.586575984954834,0.927676327712289,0.9260201152921845,0.9260650060554041
716,0.9600195288658142,0.44548720121383667,0.9237499833106995,0.5906323194503784,0.9251954429517381,0.9233116502867884,0.9234753161508843
717,0.9587695598602295,0.44708168506622314,0.9255468845367432,0.5870144367218018,0.9270829812207999,0.9252677528683031,0.9253784674574038
718,0.9590820074081421,0.4476788640022278,0.9264843463897705,0.5732174515724182,0.9278418510844092,0.9261585553491307,0.926302466122741
719,0.9579882621765137,0.45101073384284973,0.927734375,0.577887773513794,0.928797779669973,0.9273294159994567,0.9274414128587929
720,0.9590625166893005,0.4473544657230377,0.9283593893051147,0.5730810761451721,0.9295252346297938,0.9280865608519058,0.9281699348775287
721,0.9616015553474426,0.44435060024261475,0.9272656440734863,0.5811839699745178,0.9286881165157019,0.9270796562231793,0.9271686984051606
722,0.9577734470367432,0.4530385732650757,0.9291406273841858,0.576521098613739,0.9305003111288308,0.9287700544203954,0.9288866410129719
723,0.9591991901397705,0.44737300276756287,0.9280468821525574,0.5808659791946411,0.9295351849256993,0.9278071439679806,0.927975949327968
724,0.9590429663658142,0.45038041472435,0.9282812476158142,0.5693662166595459,0.9296367064759485,0.9280234900774041,0.9281546281510925
725,0.9604882597923279,0.4478681981563568,0.9234374761581421,0.5836002230644226,0.9250443844017859,0.9230818367972231,0.9232608503830958
726,0.9591211080551147,0.44941720366477966,0.9260937571525574,0.5768542289733887,0.9274988068805472,0.9258530018737834,0.9259134851526069
727,0.9581249952316284,0.4531503915786743,0.9271093606948853,0.5750115513801575,0.9284089372794513,0.9267320035999544,0.926892370842515
728,0.960253894329071,0.4449881315231323,0.92578125,0.5821256041526794,0.9274625886018171,0.9253536753550127,0.9256150407997671
729,0.9612109661102295,0.4438532292842865,0.9252343773841858,0.5822536945343018,0.926480241796253,0.9250533960212355,0.9250136230840738
730,0.9603710770606995,0.44666430354118347,0.9247656464576721,0.5757924914360046,0.9262415210215608,0.924506144348026,0.9246107013893303
731,0.9601171612739563,0.445522665977478,0.9292968511581421,0.5724585056304932,0.9308967627349898,0.9287977936152011,0.9289417678110966
732,0.9593359231948853,0.4472927153110504,0.923828125,0.5779464840888977,0.9256699745800396,0.9235407303676233,0.9235049721242947
733,0.9614453315734863,0.4425206780433655,0.9261718988418579,0.5823023915290833,0.9275658755930885,0.9258275647861304,0.9258965215700719
734,0.9607617259025574,0.4419625997543335,0.9285937547683716,0.574349582195282,0.9297635218215834,0.9282087069802533,0.9282824111128108
735,0.960253894329071,0.44240596890449524,0.9271875023841858,0.5749810934066772,0.9287485317986022,0.9269258109186588,0.9270183501111972
736,0.9613085985183716,0.4406282305717468,0.9302343726158142,0.5647194385528564,0.9314794615507079,0.9299469579790158,0.9299638011068041
737,0.9590234160423279,0.4469326436519623,0.9262499809265137,0.578880250453949,0.9277012766045791,0.9261027845912218,0.926154499462666
738,0.9582617282867432,0.4489397704601288,0.9266406297683716,0.5853534936904907,0.9279313527204047,0.9265647762154288,0.9265188363002717
739,0.9584765434265137,0.44954031705856323,0.9288281202316284,0.5661503672599792,0.9302813986533358,0.928596704012705,0.928584676411795
740,0.9598437547683716,0.4456615149974823,0.9255468845367432,0.5846055746078491,0.9267788390043064,0.9253377053319567,0.9253300999247411
741,0.9590234160423279,0.44729822874069214,0.9282812476158142,0.5722336173057556,0.9301133991305661,0.9279241618100624,0.9281795181437271
742,0.9607812762260437,0.44270870089530945,0.9246875047683716,0.5812719464302063,0.9262494020833876,0.9244024419991037,0.9243941619585196
743,0.9615039229393005,0.4431147277355194,0.9279687404632568,0.5763587355613708,0.929275424310717,0.9274450598031095,0.92764592463882
744,0.960742175579071,0.4413733184337616,0.9298437237739563,0.5679963827133179,0.9314186722550677,0.9294225658429667,0.9296156365650208
745,0.9588867425918579,0.44936874508857727,0.9220312237739563,0.5878327488899231,0.9238157908488728,0.921684833059991,0.921819614540031
746,0.9597070217132568,0.44679728150367737,0.9271875023841858,0.5770416855812073,0.928835809474787,0.9268732229595941,0.9270752354306216
747,0.9611523151397705,0.4419502317905426,0.9295312762260437,0.572563111782074,0.9307988586706567,0.9292795873598754,0.9293890649257629
748,0.9596093893051147,0.44472044706344604,0.9248437285423279,0.5840497612953186,0.9260152577234906,0.9244879353951303,0.9245368999564789
749,0.9613281488418579,0.44014304876327515,0.926953136920929,0.5754407048225403,0.9282939721080242,0.9265331735036006,0.9267115250154702
750,0.9613671898841858,0.4420996606349945,0.9272656440734863,0.5702178478240967,0.9284399739636876,0.9269939954800579,0.9270563828699308
751,0.9600976705551147,0.4431658983230591,0.9285937547683716,0.5685383081436157,0.9296231371467187,0.9282462345237699,0.9283393499493565
752,0.9607617259025574,0.44243690371513367,0.9268749952316284,0.5756135582923889,0.9283807904295455,0.9263866149916207,0.9265779335849915
753,0.9601171612739563,0.4461590051651001,0.9296093583106995,0.5646884441375732,0.9304093228880868,0.9291891046478051,0.9292352778947188
754,0.9591211080551147,0.44625532627105713,0.9284374713897705,0.5779272317886353,0.9298947520781263,0.9280708663401194,0.9282376936864336
755,0.9578906297683716,0.45061346888542175,0.9279687404632568,0.5749712586402893,0.9294636156949867,0.9275596673187397,0.9277339062244632
756,0.9580273628234863,0.4496714770793915,0.9292187690734863,0.5755293369293213,0.9304397217036965,0.9286233192993912,0.928866940596828
757,0.9602344036102295,0.44646865129470825,0.9303905963897705,0.5731093287467957,0.9319189973695923,0.9298940317267743,0.9300974642644868
758,0.9608203172683716,0.4424089193344116,0.9313281178474426,0.5704762935638428,0.9328813597747341,0.9311213444866957,0.9311894140554495
759,0.9597851634025574,0.44525405764579773,0.9272656440734863,0.577218770980835,0.9284344520148953,0.9268918981728705,0.9269901142960689
760,0.9600585699081421,0.4466465413570404,0.9286718964576721,0.5692325234413147,0.9298735036744263,0.9281546592545122,0.9282761126411339
761,0.961718738079071,0.4422459006309509,0.9264843463897705,0.5736526250839233,0.927917453547883,0.9260200377154929,0.9262193098308329
762,0.9609375,0.4420677423477173,0.9293749928474426,0.5635648369789124,0.9306762454771912,0.9289967389668919,0.9291686126749821
763,0.9608593583106995,0.4407462775707245,0.9284374713897705,0.5650618076324463,0.9297558955507621,0.928036470254611,0.92820117579974
764,0.9610546827316284,0.43973490595817566,0.9260156154632568,0.5762936472892761,0.927546617519003,0.9255050810079789,0.9257237994683749
765,0.9602929949760437,0.44119590520858765,0.9344531297683716,0.5556173324584961,0.9357383500857669,0.9341397482952805,0.9342612303596605
766,0.9597851634025574,0.4446713924407959,0.9266406297683716,0.581295907497406,0.9282478849355348,0.9262952146683925,0.9264085045321482
767,0.9582421779632568,0.45136383175849915,0.9282031059265137,0.569927990436554,0.9296342467518056,0.9277234183402545,0.9279668122006612
768,0.9601367115974426,0.44438743591308594,0.9303125143051147,0.5643866062164307,0.9317025708898612,0.9299221038675594,0.9300699831321279
769,0.9599413871765137,0.44635361433029175,0.9298437237739563,0.5743811726570129,0.9312785313829848,0.9293777971452972,0.9295021496074266
770,0.9610546827316284,0.4430273771286011,0.928515613079071,0.5722504258155823,0.9301832210113378,0.9281771379576627,0.9284393876460599
771,0.9608398675918579,0.43990716338157654,0.9231250286102295,0.586005449295044,0.924738740541702,0.9226278550732634,0.9228650875078656
772,0.9589257836341858,0.44759055972099304,0.9231250286102295,0.5888455510139465,0.9245916464340806,0.9228473596218658,0.9230402442810761
773,0.9597461223602295,0.4452098608016968,0.9270312786102295,0.5787193179130554,0.9281576269590428,0.9267153239479371,0.9268360714217642
774,0.9592187404632568,0.447132408618927,0.9272656440734863,0.5784591436386108,0.9288122272343726,0.9268820018301529,0.9271003091696385
775,0.9577538967132568,0.4482761323451996,0.9249218702316284,0.5785781741142273,0.9263705977955784,0.9245864251062166,0.9247004735090527
776,0.9602148532867432,0.4418526589870453,0.9276562333106995,0.5748690366744995,0.9288002598177292,0.9273446830795454,0.9273627805780471
777,0.9596093893051147,0.445047527551651,0.9282812476158142,0.5687972903251648,0.9298148654578847,0.9279834935840445,0.9281476109664601
778,0.9619922041893005,0.4382171928882599,0.9294531345367432,0.5667043924331665,0.9308987544265543,0.9292258695355446,0.9293266328074203
779,0.9603124856948853,0.4429629147052765,0.9264843463897705,0.5753213763237,0.9279294173621149,0.9260006380749906,0.9261839521772324
780,0.957714855670929,0.4470469653606415,0.9234374761581421,0.5842474102973938,0.9251090108216692,0.9230456865499352,0.9232438626403583
781,0.9598437547683716,0.44779983162879944,0.9278125166893005,0.5791952013969421,0.9294488602553796,0.9274590628535331,0.9276658956123797
782,0.9591601490974426,0.4493806064128876,0.9267187714576721,0.5728570222854614,0.9280929960775226,0.9263822451288968,0.9265280344982221
783,0.9612500071525574,0.4433183968067169,0.9289844036102295,0.5760846734046936,0.9306675394539451,0.9286234367324753,0.928824634124082
784,0.9598047137260437,0.4435628652572632,0.9267968535423279,0.5794788599014282,0.9284662212440087,0.9263502259863139,0.9265813012151395
785,0.9607226848602295,0.44221702218055725,0.9292968511581421,0.5696682333946228,0.9310840760742554,0.9290256939775472,0.9291693867824984
786,0.9608984589576721,0.43962836265563965,0.9276562333106995,0.5809266567230225,0.9292003615148818,0.9271280744797387,0.9274348599137968
787,0.9592968821525574,0.44639521837234497,0.9274218678474426,0.5759628415107727,0.9284485045259185,0.9271542308217289,0.9271335394162332
788,0.9614648222923279,0.4419485330581665,0.9259374737739563,0.5801355838775635,0.9273214724448355,0.9256589180495667,0.9257172433959002
789,0.9625585675239563,0.43882304430007935,0.9242968559265137,0.5811931490898132,0.9259674784240159,0.9240468019902619,0.9241063912850387
790,0.9592382907867432,0.44426316022872925,0.9264843463897705,0.5757672190666199,0.9282668092685411,0.9262241906961541,0.9263394616822191
791,0.9595116972923279,0.4440430700778961,0.928515613079071,0.5772005319595337,0.9297145759514802,0.9282984328828903,0.9283341589983425
792,0.9572070240974426,0.44977855682373047,0.9282812476158142,0.5772985219955444,0.9298504456489023,0.9279393248905248,0.9281013994126548
793,0.9591405987739563,0.4468776285648346,0.9263281226158142,0.5858353972434998,0.9282356164627785,0.9260157341427564,0.9262614975895874
794,0.9584765434265137,0.44863441586494446,0.9297656416893005,0.572253942489624,0.9312469221419057,0.929458689994491,0.9295614861016006
795,0.9608203172683716,0.4409671425819397,0.926562488079071,0.5791948437690735,0.9280119164489153,0.9260469661141773,0.9262506383091615
796,0.9620898365974426,0.44086021184921265,0.9293749928474426,0.5674232244491577,0.9308897974833115,0.9290786001160601,0.9292286486949148
797,0.9609765410423279,0.4413090646266937,0.921093761920929,0.5912699699401855,0.9228242432365742,0.9208343412057026,0.9209892410492512
798,0.9595507979393005,0.44156429171562195,0.9309375286102295,0.5673925876617432,0.9323677390931087,0.930398090749424,0.9306167558850851
799,0.9636914134025574,0.43395859003067017,0.9305468797683716,0.5686958432197571,0.9318590069092548,0.9302430484394976,0.93032075983624
800,0.9601367115974426,0.440044105052948,0.9292187690734863,0.5675036311149597,0.9305223256848189,0.9288521412429698,0.9289757934937404
801,0.9620312452316284,0.437245637178421,0.9278125166893005,0.5750000476837158,0.9294093197503008,0.9275506483889843,0.9276741730564778
802,0.9637695550918579,0.4330731928348541,0.9260937571525574,0.5810644626617432,0.9274964590195123,0.9257354548502132,0.9257887869918362
803,0.9618164300918579,0.43485331535339355,0.9280468821525574,0.5692488551139832,0.9292511198616722,0.9276508775084278,0.9277023289035671
804,0.960253894329071,0.4406386911869049,0.927734375,0.5667622089385986,0.9289526181725347,0.9276486741235606,0.927499507840784
805,0.9619140625,0.43801283836364746,0.9271875023841858,0.5741573572158813,0.9286065242411653,0.927023814656916,0.9270898928985882
806,0.9612890481948853,0.4409445524215698,0.9272656440734863,0.5760929584503174,0.9289122964213237,0.9269848849847628,0.9271433742720634
807,0.9607031345367432,0.44239068031311035,0.9267187714576721,0.5783827304840088,0.9283113623422535,0.9265217528437971,0.9265070768616951
808,0.9576171636581421,0.4467739164829254,0.9275000095367432,0.5797293186187744,0.9289783028329709,0.927129828304893,0.9272420206501767
809,0.9598633050918579,0.44342437386512756,0.9221093654632568,0.5827273726463318,0.923746004129341,0.9217502826569732,0.9218684224896713
810,0.9590039253234863,0.4472963809967041,0.9278125166893005,0.5717964768409729,0.9290601282877506,0.9274810826888288,0.927460640956109
811,0.9599999785423279,0.4440734386444092,0.9300781488418579,0.5676812529563904,0.9313932268689401,0.92979165052587,0.9298326919270484
812,0.9582226276397705,0.449207067489624,0.9267187714576721,0.5743406414985657,0.9281811275872704,0.9264522541935125,0.926519914056583
813,0.9591601490974426,0.44791603088378906,0.9302343726158142,0.5736368894577026,0.9319068788377808,0.9297778412092192,0.9299925282904093
814,0.9598633050918579,0.4473015069961548,0.9315624833106995,0.5661728978157043,0.9330955436473589,0.9312529366453386,0.9314430370759934
815,0.9604882597923279,0.44148436188697815,0.9260937571525574,0.5776029229164124,0.9275983386784472,0.9255770491445103,0.9258399122886922
816,0.9589062333106995,0.44670185446739197,0.9267187714576721,0.5775762796401978,0.9282465048602154,0.926391097243441,0.9265105245820944
817,0.9606054425239563,0.44517120718955994,0.9233593940734863,0.5810875296592712,0.9248970650794639,0.9229531368471879,0.9231347750965904
818,0.9579687714576721,0.4478245675563812,0.9307812452316284,0.5702650547027588,0.9320187686683737,0.930424182721787,0.9305892078546343
819,0.9618164300918579,0.43552902340888977,0.9307031035423279,0.5623795986175537,0.9319476244333996,0.9304089816306247,0.9304922237591898
820,0.9605078101158142,0.443318247795105,0.9289844036102295,0.5778361558914185,0.9303528308192047,0.9287603504785167,0.9287549491621366
821,0.9616796970367432,0.43867775797843933,0.9303125143051147,0.5699159502983093,0.9316875140129357,0.9300758704097498,0.9301339506618238
822,0.9604882597923279,0.44211187958717346,0.9278125166893005,0.5776100754737854,0.9291818850307796,0.9275517884950177,0.9276203936062211
823,0.96044921875,0.44110047817230225,0.9273437261581421,0.577296793460846,0.9288807761452237,0.9268799459130524,0.9270710241020499
824,0.962109386920929,0.4375881254673004,0.9267968535423279,0.5739778876304626,0.9284460206317641,0.9266472977265525,0.9266825293430014
825,0.9601757526397705,0.4427144527435303,0.9260937571525574,0.5787506699562073,0.9277568146413464,0.9258389620711023,0.9258355872945763
826,0.9608203172683716,0.4404309391975403,0.9254687428474426,0.5733262896537781,0.9270511772512371,0.925214883279571,0.9252105907660289
827,0.9603124856948853,0.4416525959968567,0.9294531345367432,0.5648272037506104,0.9310020250032841,0.9290829498470103,0.9293021760907969
828,0.9627344012260437,0.4365808069705963,0.9285937547683716,0.5726189017295837,0.9298359171987388,0.9283718023186784,0.9284210176983323
829,0.9594336152076721,0.441939115524292,0.926953136920929,0.5670771598815918,0.9284948133562738,0.926872810299279,0.926868366583534
830,0.958789050579071,0.44654032588005066,0.9290624856948853,0.5731802582740784,0.9306732740780719,0.9289624358482536,0.9290107330164208
831,0.9599999785423279,0.44132134318351746,0.9282812476158142,0.5747199654579163,0.929575745718547,0.9281245288721593,0.9280821057454056
832,0.96044921875,0.44378596544265747,0.926562488079071,0.5697235465049744,0.9279523558721157,0.9262584912712004,0.9263028939270356
833,0.9600781202316284,0.4436584711074829,0.9250781536102295,0.573772132396698,0.926431637633687,0.9248091868970667,0.9248719180807374
834,0.9605468511581421,0.4401928782463074,0.9289844036102295,0.5681589245796204,0.9304357067264305,0.928770810447463,0.928809880129166
835,0.9628710746765137,0.43606245517730713,0.9317187666893005,0.5644477605819702,0.9330090432477909,0.9314917297798218,0.9315622211970371
836,0.9622656106948853,0.43735069036483765,0.9305468797683716,0.5637832880020142,0.9320563252976368,0.9302912745478666,0.9304056312210469
837,0.9605078101158142,0.44369369745254517,0.9301562309265137,0.5686882734298706,0.9314095690638335,0.9298609707082377,0.9299617811971961
838,0.961132824420929,0.4393784999847412,0.9254687428474426,0.5724685788154602,0.9269521268717803,0.9251442812954791,0.9252497961929576
839,0.9615039229393005,0.43847885727882385,0.9292187690734863,0.5665934085845947,0.9304847736887676,0.9292031534326576,0.9291204681352869
840,0.9624413847923279,0.43581241369247437,0.9297656416893005,0.5668741464614868,0.931060325572267,0.9294998262653973,0.9295609446050128
841,0.961132824420929,0.43692633509635925,0.9307031035423279,0.5636253952980042,0.9319779887707628,0.93053549154105,0.930609541882321
842,0.9603710770606995,0.4402388036251068,0.9258593916893005,0.5729361176490784,0.9275490978823856,0.9255447879856996,0.925626998099397
843,0.960742175579071,0.43828150629997253,0.9254687428474426,0.5701619386672974,0.9269060265028857,0.925171414307269,0.9252948208501088
844,0.9622265696525574,0.4357627034187317,0.930859386920929,0.5605599880218506,0.9328094735854053,0.9302111263793129,0.9305124859575842
845,0.9598242044448853,0.43975287675857544,0.930859386920929,0.563957154750824,0.9322728461768187,0.9306413658029978,0.9308056749239265
846,0.9605078101158142,0.4387727379798889,0.927734375,0.5730196237564087,0.9292750142934132,0.9273776997412404,0.9275397976389105
847,0.9588476419448853,0.4423812925815582,0.9303905963897705,0.5665023326873779,0.9316830560752066,0.9302180932109223,0.9302976826714147
848,0.9588476419448853,0.44465121626853943,0.9271875023841858,0.5767736434936523,0.9284592169447801,0.9270463868068443,0.9271003970334047
849,0.9603710770606995,0.44047781825065613,0.9284374713897705,0.5660809874534607,0.9299157305577568,0.9279858664791799,0.9282202146132241
850,0.9597461223602295,0.44510605931282043,0.926562488079071,0.5779790282249451,0.9281643897814256,0.9263345077682119,0.9264178677489716
851,0.9600390791893005,0.440449595451355,0.9271875023841858,0.572214663028717,0.9286703487842609,0.9269324895275501,0.9270497813323841
852,0.9616601467132568,0.4380761384963989,0.9285937547683716,0.5681272745132446,0.9299678054136088,0.9284417660352242,0.9284579807914537
853,0.9628320336341858,0.4347420632839203,0.9285937547683716,0.5673863291740417,0.9297782884084118,0.9282232619413229,0.9283228589720955
854,0.9610351324081421,0.43750709295272827,0.9284374713897705,0.5630462765693665,0.9298176241999703,0.9282508159878111,0.9283219704192336
855,0.9611914157867432,0.441398024559021,0.9288281202316284,0.5659763813018799,0.9300967730008776,0.9286747867617339,0.928672922225501
856,0.9603710770606995,0.4401348829269409,0.9285937547683716,0.5645368099212646,0.9299048851438505,0.9284815283838755,0.9284459574799347
857,0.9614453315734863,0.43673792481422424,0.9267187714576721,0.5672107338905334,0.9277499570397599,0.9264632849347358,0.9264022682909372
858,0.9605273604393005,0.44113171100616455,0.9284374713897705,0.5701466798782349,0.9293042811665319,0.9281870990486525,0.9281277457025743
859,0.9584375023841858,0.4455902576446533,0.9290624856948853,0.5669199228286743,0.9302698527286006,0.9288216033768748,0.9287859722057279
860,0.9608789086341858,0.44038426876068115,0.926953136920929,0.5735798478126526,0.9284250335504376,0.9267099223285158,0.9268289467698765
861,0.9578515887260437,0.4461982846260071,0.9275781512260437,0.5732667446136475,0.9289184781801427,0.92734658905313,0.9274500430987827
862,0.9604101777076721,0.4403879642486572,0.9280468821525574,0.5707727670669556,0.9294914119172417,0.9277653155404315,0.9278167872215461
863,0.9607812762260437,0.4394705891609192,0.9305468797683716,0.5631616115570068,0.9320225198333139,0.9303199970783236,0.930453461847644
864,0.9625585675239563,0.43647265434265137,0.9257031083106995,0.5748911499977112,0.9270292273777322,0.9254172715147202,0.9254925724662899
865,0.9605078101158142,0.43784594535827637,0.9339062571525574,0.553388237953186,0.9351754215033701,0.9337122346522067,0.9338298899962145
866,0.9599999785423279,0.4402603507041931,0.9296093583106995,0.5621570348739624,0.9310040285639677,0.9294261549022642,0.9294609376000285
867,0.9609179496765137,0.438898503780365,0.9289844036102295,0.5678452849388123,0.9303036108745527,0.9288970120265236,0.9288961131523201
868,0.9607031345367432,0.44112080335617065,0.9286718964576721,0.5677031874656677,0.9299243478654509,0.9284528309303672,0.9284116613970806
869,0.9618164300918579,0.43601852655410767,0.9339843988418579,0.5539114475250244,0.9352852214198099,0.93382022896904,0.9338680520013947
870,0.9599218964576721,0.4395138621330261,0.931640625,0.5712995529174805,0.9328764921623933,0.9315775343399274,0.9315646527068205
871,0.9615820050239563,0.4386788606643677,0.9302343726158142,0.5639663934707642,0.9315102055399979,0.9300168492447896,0.9301331215507597
872,0.9626758098602295,0.4374900162220001,0.9296093583106995,0.5683531165122986,0.9312370476903289,0.9293501540317326,0.9294398956108032
873,0.9622656106948853,0.4327811300754547,0.9306250214576721,0.5686109662055969,0.9318268019149155,0.9304023837078079,0.9303795841209423
874,0.9626367092132568,0.4323081970214844,0.9293749928474426,0.5698907971382141,0.9309984889584753,0.9290979193515432,0.9292631915097704
875,0.9610156416893005,0.4393947124481201,0.9285937547683716,0.5686266422271729,0.9295710890828244,0.9283413410297982,0.9283590734643995
876,0.9595702886581421,0.4402954876422882,0.9271093606948853,0.5696340799331665,0.9282366646694988,0.9268209040251845,0.9268643051797751
877,0.9604296684265137,0.4409085214138031,0.930859386920929,0.5640643239021301,0.9321536473748838,0.9306929836467251,0.9307552299334865
878,0.9600976705551147,0.4395293891429901,0.9267187714576721,0.5686248540878296,0.9280774446739195,0.9264635108275061,0.9265098849827336
879,0.9604101777076721,0.44079113006591797,0.9303905963897705,0.5637392997741699,0.9321303260738898,0.9303623065786661,0.9304979205929257
880,0.9602148532867432,0.44038811326026917,0.9242968559265137,0.5815651416778564,0.9260047131364684,0.9240881339788669,0.924178610665638
881,0.9590429663658142,0.440845251083374,0.9272656440734863,0.5747326016426086,0.9284710051234137,0.9271140310300044,0.9271480462876719
882,0.9611132740974426,0.4374457597732544,0.9286718964576721,0.5667786002159119,0.9297186914497466,0.9285662737607199,0.9285310382719958
883,0.9618164300918579,0.43613243103027344,0.9309375286102295,0.5623233318328857,0.9321762572945527,0.9307576136532665,0.9308002556840349
884,0.9617578387260437,0.43699538707733154,0.9295312762260437,0.5664054155349731,0.9311095802666852,0.9292634280193108,0.9293689402631445
885,0.9617968797683716,0.4337572455406189,0.9305468797683716,0.5626935362815857,0.93188728350871,0.9302983046720172,0.9303834899243691
886,0.9601171612739563,0.44016239047050476,0.9254687428474426,0.5784998536109924,0.9268940351319357,0.9252175920447259,0.9252722540384828
887,0.9605859518051147,0.43908169865608215,0.9267187714576721,0.5794093608856201,0.9278780577946999,0.9265029148022552,0.9265701437597106
888,0.96142578125,0.4368304908275604,0.928906261920929,0.5692048668861389,0.9299841353669145,0.9288149057576008,0.9287658171834821
889,0.9605859518051147,0.44191452860832214,0.9244531393051147,0.5730671882629395,0.9255931745461614,0.9241459931956397,0.9241342085651062
890,0.9595507979393005,0.44026073813438416,0.9281250238418579,0.5654117465019226,0.9295302881380354,0.9278618435863879,0.9279676090910156
891,0.9610937237739563,0.4365563690662384,0.9298437237739563,0.5667518973350525,0.9309150565329195,0.9294200357637672,0.9294951319677227
892,0.9619922041893005,0.43625590205192566,0.926953136920929,0.5644443035125732,0.9281693048920473,0.9265070338339929,0.9265872823188899
893,0.9606249928474426,0.4404131770133972,0.9326562285423279,0.5607854723930359,0.9342194541948439,0.9322168722878957,0.9323668836969008
894,0.962695300579071,0.434180349111557,0.9306250214576721,0.5628886222839355,0.931927168988476,0.9303062444291115,0.930362987440019
895,0.9623242020606995,0.42946547269821167,0.9311718940734863,0.563288688659668,0.9325562801592593,0.9309536174943801,0.930943805471407
896,0.9627734422683716,0.4333019554615021,0.9278125166893005,0.574333906173706,0.929271039380682,0.9275533420616628,0.927583953923611
897,0.9620702862739563,0.4330679774284363,0.9287499785423279,0.5609897375106812,0.9299153073606712,0.9284883819334586,0.9284871289285593
898,0.9611914157867432,0.4367464482784271,0.9317187666893005,0.5579438209533691,0.9327539197081196,0.9313852195085943,0.931423606249949
899,0.9619531035423279,0.4387735426425934,0.9317187666893005,0.560497522354126,0.9326998314042945,0.9312595421470931,0.9312971117662432
900,0.9605859518051147,0.4348966181278229,0.9292968511581421,0.564784824848175,0.9308051079385422,0.9289063591466699,0.9290542304825916
901,0.9618554711341858,0.439248651266098,0.9301562309265137,0.5639299154281616,0.9315542026415624,0.929874228205526,0.9299841148692805
902,0.9601367115974426,0.4394727349281311,0.9290624856948853,0.5663207173347473,0.9304938723069553,0.9287638460383931,0.9288908409929861
903,0.9597851634025574,0.43942511081695557,0.9297656416893005,0.5591766834259033,0.9309857612062629,0.9293834272975021,0.9295255207020914
904,0.9604296684265137,0.43858134746551514,0.9317968487739563,0.5581496357917786,0.9329908866341811,0.9315329639727898,0.9315667471358702
905,0.9605078101158142,0.43784889578819275,0.9314844012260437,0.5610483288764954,0.9328840682553974,0.9311552541037772,0.9313264179694757
906,0.9602148532867432,0.43867945671081543,0.9300781488418579,0.5694305896759033,0.931710233234516,0.9294598312780376,0.9297183097967874
907,0.9594336152076721,0.44142186641693115,0.9288281202316284,0.5673742890357971,0.9303856635939295,0.9285177871869817,0.92866776754185
908,0.9604101777076721,0.4408659040927887,0.928515613079071,0.5681131482124329,0.9301380922446849,0.9281463991723792,0.9282664501860033
909,0.9589648246765137,0.4443577527999878,0.9299218654632568,0.5664892792701721,0.9314641890650563,0.9296741579631576,0.9298293310336114
910,0.9595312476158142,0.4439617991447449,0.9289844036102295,0.5632791519165039,0.930428326909007,0.9286727986620348,0.928806308121629
911,0.9605664014816284,0.44080203771591187,0.9305468797683716,0.5582980513572693,0.9319906466582561,0.9304555251738069,0.9305124149077264
912,0.9618359208106995,0.4356708824634552,0.9303125143051147,0.5662384033203125,0.931484346185986,0.9300491678653896,0.930118045380258
913,0.9610937237739563,0.4360736608505249,0.9278125166893005,0.5659405589103699,0.9290755789239461,0.927447070898052,0.9275702599393363
914,0.9629101753234863,0.4340778589248657,0.9243749976158142,0.5751355886459351,0.9261466955418742,0.9240236152795851,0.9241286519263656
915,0.9633007645606995,0.43125030398368835,0.9295312762260437,0.5617486834526062,0.9309161171501203,0.9292404462150952,0.9293517433154266
916,0.9610156416893005,0.43360885977745056,0.9241406321525574,0.5785039663314819,0.9253854720239623,0.9237620620925266,0.9238766630354258
917,0.9608789086341858,0.4362122714519501,0.9280468821525574,0.5707913637161255,0.9293846910295799,0.9279501978909701,0.9278617124330826
918,0.9615625143051147,0.43523117899894714,0.930859386920929,0.5593347549438477,0.9320101031349235,0.9305932808452073,0.9306036890626892
919,0.9612500071525574,0.43695908784866333,0.9288281202316284,0.564835786819458,0.9300766296877906,0.9285036859792387,0.9286089510961997
920,0.9616992473602295,0.4351176917552948,0.9289844036102295,0.5682941675186157,0.9302871497208438,0.9287289565030898,0.9287452202762405
921,0.9648047089576721,0.4254763126373291,0.9274218678474426,0.5663729310035706,0.9288591189079984,0.9269622186242108,0.927171551492394
922,0.96240234375,0.428860068321228,0.9278125166893005,0.5644570589065552,0.929021391045419,0.9276260617485431,0.9276925418669639
923,0.9630273580551147,0.4286300241947174,0.9293749928474426,0.5663550496101379,0.9306123055313457,0.9290312943376491,0.9290804240282577
924,0.9608593583106995,0.43510958552360535,0.9248437285423279,0.5776461362838745,0.9262207889686088,0.9244743068722577,0.9244530302222813
925,0.9602344036102295,0.4363288879394531,0.9290624856948853,0.5684217810630798,0.9302426251607889,0.9287287099676225,0.9287911046828699
926,0.9605664014816284,0.43605151772499084,0.9319531321525574,0.5572958588600159,0.9334704373699125,0.931573030480072,0.9317176770007268
927,0.9602929949760437,0.4389740228652954,0.9292187690734863,0.5678460597991943,0.9309525342896099,0.9289472634276201,0.9290409997331925
928,0.9621875286102295,0.4347020089626312,0.927734375,0.5743803381919861,0.9295848221510996,0.9273927500464791,0.9275151656403211
929,0.9600195288658142,0.4380439519882202,0.9289844036102295,0.5686763525009155,0.9304978532880455,0.9286383366698703,0.928781664103332
930,0.9620898365974426,0.43316328525543213,0.9291406273841858,0.5630866885185242,0.9304737077308625,0.928972338378567,0.9290219891295872
931,0.9615429639816284,0.43442416191101074,0.9298437237739563,0.564433753490448,0.931060835947817,0.9295237603586546,0.9295571876040234
932,0.9594336152076721,0.44117432832717896,0.928515613079071,0.5665934085845947,0.9298614991802547,0.9281969258378489,0.9283355651219045
933,0.9607812762260437,0.4392431378364563,0.9297656416893005,0.5640579462051392,0.9309067397487772,0.9296817964183742,0.9296698767010266
934,0.9586718678474426,0.44157353043556213,0.9299218654632568,0.5676343441009521,0.931120176167794,0.9296553993543314,0.9297646820814934
935,0.9627929925918579,0.43408840894699097,0.9260937571525574,0.5772526860237122,0.927570398974163,0.9257603873383644,0.9258518243218605
936,0.9630663990974426,0.42952945828437805,0.9309375286102295,0.5603317618370056,0.9321517260671022,0.9307603766509515,0.9308003185471823
937,0.962109386920929,0.4298998713493347,0.9278125166893005,0.5601044297218323,0.9288879219395716,0.9275408644432495,0.9274657720139565
938,0.9605468511581421,0.43751686811447144,0.9270312786102295,0.5692127346992493,0.9283628014708989,0.926943955815904,0.926889338424173
939,0.9632812738418579,0.4298914968967438,0.9315624833106995,0.5656575560569763,0.9330505583356274,0.9312861200365964,0.9314028860475299
940,0.9613085985183716,0.43409281969070435,0.9290624856948853,0.5636484622955322,0.9303614766389291,0.9288693338960055,0.9289453923459827
941,0.9622851610183716,0.43304306268692017,0.9300000071525574,0.5696055293083191,0.9311871769188352,0.9298066495417255,0.9298560693407771
942,0.9610742330551147,0.43800580501556396,0.9286718964576721,0.568169355392456,0.9301767506766225,0.9284684149127107,0.9285852667461991
943,0.959179699420929,0.43910208344459534,0.9283593893051147,0.5674989223480225,0.9296586222545062,0.9280681471876491,0.9281751697008205
944,0.958984375,0.44228115677833557,0.9305468797683716,0.5593626499176025,0.931837060298093,0.9304759037931462,0.930393657356237
945,0.963183581829071,0.4328632056713104,0.9321093559265137,0.5625936388969421,0.933384036721521,0.9319691632607982,0.9319785625721058
946,0.9613867402076721,0.43765467405319214,0.9284374713897705,0.5663805603981018,0.9299750072928578,0.9281677675843716,0.9282234523382991
947,0.960742175579071,0.4364897906780243,0.9310937523841858,0.5532451868057251,0.9322171096020553,0.9308783539182303,0.9308694491488279
948,0.9612109661102295,0.4363580644130707,0.9284374713897705,0.5713372230529785,0.9295318083878682,0.9282572378612456,0.928216176970456
949,0.9610742330551147,0.43442970514297485,0.9320312738418579,0.5633410811424255,0.9333889088376977,0.9319615829021782,0.9319844616886177
950,0.9619531035423279,0.4322049617767334,0.9310937523841858,0.557611346244812,0.9322615716610311,0.9307866119883073,0.9308473835818697
951,0.960156261920929,0.43788543343544006,0.9282812476158142,0.5679348707199097,0.9294823824920713,0.9278426126590757,0.9279610770438075
952,0.9632617235183716,0.4305139482021332,0.9292968511581421,0.563925564289093,0.9304862090888937,0.929044689246437,0.9291190233126425
953,0.964160144329071,0.42567965388298035,0.9287499785423279,0.5664328336715698,0.9302432715962847,0.9286885100188258,0.9287534596081355
954,0.962109386920929,0.4302094578742981,0.9256250262260437,0.5729571580886841,0.9273514736876756,0.9254312289844542,0.9255535144078108
955,0.9608984589576721,0.4315636157989502,0.9301562309265137,0.5551680326461792,0.9314962936694259,0.929879064745564,0.9300663535794468
956,0.9628710746765137,0.42806243896484375,0.9357030987739563,0.5427651405334473,0.9369276608520286,0.935479717486921,0.9355636168709637
957,0.962890625,0.4265974462032318,0.9291406273841858,0.5664008855819702,0.9306385983310365,0.928887372949333,0.9290307537853879
958,0.9607617259025574,0.431849867105484,0.9264062643051147,0.5730478167533875,0.9278607291571848,0.9260646551370647,0.9261868455114453
959,0.9593945145606995,0.43754467368125916,0.9282812476158142,0.56062912940979,0.9297312031971612,0.9279947511119853,0.9280620612002354
960,0.9597265720367432,0.43792402744293213,0.9260156154632568,0.5687767267227173,0.9273021605762597,0.9257589102657888,0.925719312024031
961,0.9606249928474426,0.435251384973526,0.9296093583106995,0.5629518628120422,0.9308755306136594,0.9293909385931246,0.9294176273059787
962,0.9622851610183716,0.43279168009757996,0.9268749952316284,0.5635877251625061,0.9280400769372879,0.9265899675859872,0.9266329862135168
963,0.9608984589576721,0.43320536613464355,0.9319531321525574,0.5584232211112976,0.9330143293950739,0.9317984465781677,0.9318011773206425
964,0.9617968797683716,0.43292009830474854,0.9326562285423279,0.5562871694564819,0.9341235060066254,0.9323572275092686,0.9325199809991727
965,0.9610742330551147,0.4369391202926636,0.9312499761581421,0.5581085681915283,0.9324200108964454,0.9309731857211778,0.9310359507642034
966,0.9638476371765137,0.4316086173057556,0.9294531345367432,0.5577020049095154,0.9309399078502878,0.9292216188852642,0.9293651489844026
967,0.9639843702316284,0.4246819317340851,0.9321874976158142,0.5506565570831299,0.9335056789633515,0.931932074772119,0.932048659945727
968,0.9584375023841858,0.43867358565330505,0.9290624856948853,0.5638657808303833,0.9303220381068791,0.9288035316059677,0.9289000524103069
969,0.96337890625,0.4293537139892578,0.9295312762260437,0.5644455552101135,0.9311879232421503,0.929307778312271,0.9294463449804695
970,0.96240234375,0.4307462275028229,0.9292187690734863,0.5644350051879883,0.9304144990628502,0.9290904029884318,0.9291469438529871
971,0.9603515863418579,0.4370073080062866,0.9290624856948853,0.5704339742660522,0.9304586247465245,0.928772724977496,0.9288389871528908
972,0.9604687690734863,0.438359797000885,0.9297656416893005,0.569908618927002,0.9310751099263563,0.9293938622778786,0.9294939335826435
973,0.9604101777076721,0.4373586177825928,0.9311718940734863,0.5580717325210571,0.9325081654859152,0.9310013933583767,0.9310951667269307
974,0.9614843726158142,0.4331718683242798,0.9298437237739563,0.5605638027191162,0.9311207826286916,0.9295867667814586,0.9296720540775727
975,0.9627929925918579,0.4307585656642914,0.9299218654632568,0.5637400150299072,0.931349422875033,0.9296047515912367,0.929711486710519
976,0.9623437523841858,0.42930880188941956,0.9297656416893005,0.5580087304115295,0.9312444680398021,0.9294418871383989,0.9296517295108111
977,0.9604687690734863,0.43511641025543213,0.9286718964576721,0.5666629672050476,0.9298896546642261,0.9284446463969098,0.9285119170972851
978,0.96240234375,0.4292248785495758,0.9299218654632568,0.5652036070823669,0.9313090526812985,0.9296795330474117,0.9297755259060221
979,0.9617773294448853,0.4319542348384857,0.9293749928474426,0.5674086213111877,0.9305637811851883,0.9290930061465142,0.9291131862606776
980,0.961718738079071,0.4315580427646637,0.9300781488418579,0.560904860496521,0.9312945610708074,0.9297420994953586,0.9297748797360015
981,0.9600390791893005,0.4364042580127716,0.926562488079071,0.5735945701599121,0.9279642271365061,0.9261521571001192,0.9262589077660512
982,0.9626758098602295,0.4317754805088043,0.9314062595367432,0.5584003329277039,0.9327838009093747,0.9311021711979179,0.9311907154375582
983,0.9610156416893005,0.4359574615955353,0.9291406273841858,0.5667487978935242,0.9303174860583667,0.929026813832207,0.9290718004064523
984,0.9610742330551147,0.4337751269340515,0.926562488079071,0.5789753198623657,0.9280813747050931,0.9264659676957363,0.9264977025548036
985,0.9619922041893005,0.4327245354652405,0.9303905963897705,0.558373212814331,0.9315453196820025,0.93029493073996,0.9302738488801068
986,0.9615234136581421,0.4314248561859131,0.9276562333106995,0.5786994099617004,0.9288580553107864,0.9275411191558265,0.9274524185922598
987,0.962207019329071,0.43185386061668396,0.931640625,0.5650537014007568,0.932757896216598,0.9312727091562489,0.9313350229367166
988,0.9620116949081421,0.432369589805603,0.9287499785423279,0.5624365210533142,0.9302706404941539,0.9285421822113822,0.9285822424360893
989,0.9606054425239563,0.4346340596675873,0.9263281226158142,0.5763100981712341,0.9278101832368543,0.926214182834173,0.9262059787658811
990,0.9630468487739563,0.4270211458206177,0.9294531345367432,0.5611794590950012,0.9305211360907586,0.9291626581181968,0.9292240932811413
991,0.9600585699081421,0.43538519740104675,0.9270312786102295,0.5685579776763916,0.9284279282560108,0.9266667558663053,0.9268359916860361
992,0.9627538919448853,0.42973190546035767,0.9278905987739563,0.5669540166854858,0.9292650253868804,0.9274839571086781,0.9276235570810624
993,0.9607031345367432,0.43443232774734497,0.9281250238418579,0.5691708922386169,0.9295998700965533,0.9278948601087198,0.9279420944522245
994,0.959667980670929,0.4364446699619293,0.9285937547683716,0.5653827786445618,0.930217952119027,0.9283516700748333,0.928447759713932
995,0.9605273604393005,0.43537572026252747,0.9307031035423279,0.562471330165863,0.9320170456740076,0.9304683894313281,0.9305346807519168
996,0.9618164300918579,0.4347233176231384,0.9268749952316284,0.5678632855415344,0.9282234830864982,0.9265978664608296,0.9266942410072949
997,0.9607031345367432,0.43288710713386536,0.9278125166893005,0.5780298709869385,0.9291846364513673,0.9274135443858127,0.9274864881429981
998,0.9618164300918579,0.43242084980010986,0.930468738079071,0.5638062953948975,0.932095823453903,0.930055768530599,0.9302416680300469
999,0.9641211032867432,0.424564391374588,0.9306250214576721,0.5650777220726013,0.9319621307574752,0.9302527350965046,0.9303613824931408
