epoch,accuracy,loss,val_accuracy,val_loss,val_precision,val_recall,val_f1
0,0.004160156473517418,11.145727157592773,0.004609374795109034,10.583995819091797,0.004848424058959059,0.004573227877046438,0.003959644387558541
1,0.0058398437686264515,10.741888046264648,0.004999999888241291,10.342247009277344,0.004782334102436203,0.00488207062902715,0.00458111838799838
2,0.007499999832361937,10.420378684997559,0.0053906249813735485,10.13395881652832,0.004734992022983516,0.005222422880850269,0.004683248839983037
3,0.009492187760770321,10.118871688842773,0.005781250074505806,9.935476303100586,0.006068151234624761,0.005671758240656545,0.005568073452312513
4,0.011054687201976776,9.839184761047363,0.0053125000558793545,9.746838569641113,0.005382287584639595,0.005216086893649222,0.005068611929617736
5,0.014707031659781933,9.571590423583984,0.0052343751303851604,9.565489768981934,0.004964510947037388,0.005168782208545754,0.004892182105886841
6,0.017910156399011612,9.332549095153809,0.006015624850988388,9.39334487915039,0.0058704077295844,0.0060030404248109705,0.00567109706366618
7,0.020644530653953552,9.088421821594238,0.006640625186264515,9.228034973144531,0.006196524613435452,0.006471113305757994,0.006119894749435596
8,0.026210937649011612,8.85401439666748,0.0064843748696148396,9.069698333740234,0.005807034712579182,0.006270241088833962,0.005764577045183149
9,0.03140624985098839,8.639045715332031,0.005859375,8.919198989868164,0.005681601948111597,0.005775912256126496,0.005538826882593929
10,0.03466796875,8.428452491760254,0.0071875001303851604,8.776117324829102,0.007037998566523526,0.007080427950402104,0.006798913098148345
11,0.04033203050494194,8.233404159545898,0.007499999832361937,8.637643814086914,0.007687963633964625,0.00742582857632249,0.0071908570204084095
12,0.04478515684604645,8.040810585021973,0.007890624925494194,8.504046440124512,0.00788342514970092,0.0077307457110184895,0.007373865239790157
13,0.05249999836087227,7.852841377258301,0.008671875111758709,8.371315002441406,0.008369889089654553,0.0085266519688991,0.008103136212355158
14,0.05826171860098839,7.678539276123047,0.009843749925494194,8.246901512145996,0.009774736239842293,0.009677814440759682,0.009322012275108895
15,0.06675781309604645,7.502871513366699,0.010390625335276127,8.12005615234375,0.009804118380498154,0.010138394123410058,0.009478704947934713
16,0.0729687511920929,7.331404209136963,0.010390625335276127,7.999265670776367,0.010280462766935696,0.01015879882876964,0.00976030874253164
17,0.08277343958616257,7.162466049194336,0.011250000447034836,7.878880023956299,0.010611651361224257,0.0109785874575467,0.010370797730031241
18,0.091796875,6.992769718170166,0.011874999850988388,7.760343074798584,0.01130733877490123,0.011603997088260327,0.010948211694442494
19,0.09992187470197678,6.839389801025391,0.011171874590218067,7.648045063018799,0.010548466124315824,0.01092847844801466,0.010189699904974349
20,0.11046875268220901,6.6780009269714355,0.01210937462747097,7.538890838623047,0.011641214797384676,0.011837750893144743,0.011280948863849026
21,0.12216796725988388,6.529718399047852,0.013203125447034836,7.435378551483154,0.012359474257251313,0.012898275815231588,0.012203722920479018
22,0.13222655653953552,6.392096996307373,0.014453125186264515,7.334737777709961,0.013957172415444898,0.014139759868690803,0.013544266360535727
23,0.14205078780651093,6.247996807098389,0.014140624552965164,7.2362823486328125,0.012630024678644934,0.01390232259610572,0.01285974607382535
24,0.14982421696186066,6.106959342956543,0.017031250521540642,7.14505672454834,0.01638054171902522,0.016643334363020977,0.015901579319100453
25,0.16236327588558197,5.9776506423950195,0.017031250521540642,7.054251194000244,0.01645977069788883,0.016689535581284,0.015982625486831367
26,0.17212890088558197,5.8506364822387695,0.01851562410593033,6.9710540771484375,0.01740235676042014,0.018136336266580073,0.017265448350448714
27,0.1838671863079071,5.718382358551025,0.021171875298023224,6.889817714691162,0.02002457669398717,0.020784046526312046,0.019879802044127842
28,0.19470703601837158,5.600289344787598,0.023984374478459358,6.815977096557617,0.022716912994626914,0.023603581123411328,0.0225498314308926
29,0.20630858838558197,5.48023796081543,0.022890625521540642,6.742488861083984,0.022339389093667887,0.02257980425050089,0.02178673861021105
30,0.21681641042232513,5.367022514343262,0.0234375,6.670124530792236,0.022775767117680437,0.023101212212866,0.022304505218155524
31,0.2298242151737213,5.24746561050415,0.025546874850988388,6.601293563842773,0.02467595713588599,0.025198190106566938,0.024292659301524383
32,0.23874999582767487,5.147600173950195,0.027265625074505806,6.534475803375244,0.02634112793292445,0.0268511672290751,0.025943002600845366
33,0.25203123688697815,5.032596588134766,0.027187500149011612,6.471989154815674,0.0264260572410475,0.0267849644647776,0.025900770228793668
34,0.2650781273841858,4.923098564147949,0.028671875596046448,6.412817478179932,0.027804581950882312,0.02819980567019133,0.027260919601007592
35,0.27433595061302185,4.823785305023193,0.029765624552965164,6.351543426513672,0.029450979044365097,0.02936954413415687,0.028766725267860897
36,0.28642576932907104,4.71479606628418,0.03179687634110451,6.304127216339111,0.030899460573071476,0.03133878558071354,0.030514607531153336
37,0.30009764432907104,4.629016876220703,0.033671874552965164,6.247145175933838,0.033399955755699,0.03327438802801313,0.03257827982793153
38,0.3103320300579071,4.527261257171631,0.03328125178813934,6.195205211639404,0.0322404447999663,0.03292973503009471,0.03197839863656815
39,0.3208593726158142,4.436784744262695,0.03507812321186066,6.150423049926758,0.03463190202084383,0.034658049254234935,0.033966103599091926
40,0.33521485328674316,4.3432416915893555,0.03718750178813934,6.107006072998047,0.036926415721802705,0.036767052724992574,0.036189251493103834
41,0.34083983302116394,4.265892505645752,0.03750000149011612,6.068564414978027,0.0360782249192389,0.03705896790451137,0.03591307157749503
42,0.3495507836341858,4.18539571762085,0.037812501192092896,6.026573657989502,0.03702912243970209,0.037406886123808714,0.03657514280648148
43,0.36628904938697815,4.093917369842529,0.03867187350988388,5.982568740844727,0.037781636407242955,0.03822651711705323,0.03731892181430606
44,0.3760742247104645,4.005041122436523,0.04484374821186066,5.9463372230529785,0.0438664675979686,0.04438380640179862,0.04336477674102283
45,0.38599610328674316,3.938473701477051,0.04273437336087227,5.907348155975342,0.04179613293941202,0.04232584576018472,0.04136666447761646
46,0.39820313453674316,3.858945608139038,0.04374999925494194,5.880962371826172,0.0424001658307069,0.04325000385339532,0.04219624173171343
47,0.40910157561302185,3.7769696712493896,0.046875,5.847772121429443,0.04585483215271611,0.04642924565055621,0.04543922995517706
48,0.42087891697883606,3.7127206325531006,0.04648437350988388,5.8173651695251465,0.04551799820307244,0.045999648377281085,0.04504612630317345
49,0.4255078136920929,3.651139259338379,0.04828124865889549,5.783658981323242,0.04803763052247933,0.048004887829871196,0.04727669014464952
50,0.44105470180511475,3.566434860229492,0.04828124865889549,5.757812023162842,0.0485257207812919,0.04797861933283136,0.047567385993043464
51,0.4498046934604645,3.5087785720825195,0.04765624925494194,5.735062122344971,0.04612196857206226,0.04731643177592049,0.04607786734090563
52,0.45408204197883606,3.4586446285247803,0.05015625059604645,5.7067389488220215,0.04928505002325241,0.049766411938405405,0.04889512856214645
53,0.46687498688697815,3.382380962371826,0.05257812514901161,5.681331157684326,0.05175922032913921,0.052156126715805926,0.05141778534288638
54,0.4764648377895355,3.3245437145233154,0.0546875,5.662225246429443,0.05438705617369605,0.05429000988342328,0.053654919040134655
55,0.4843164086341858,3.2629764080047607,0.05562499910593033,5.639832019805908,0.05564095873715478,0.05528819782498243,0.05476232398575045
56,0.4928515553474426,3.209088087081909,0.05492187663912773,5.6243391036987305,0.05400473558485925,0.05454566132299638,0.053656082686469694
57,0.5071094036102295,3.1460938453674316,0.05882812663912773,5.599493026733398,0.057866580514663216,0.058291347303721514,0.057400248496120757
58,0.5158593654632568,3.0930097103118896,0.055937498807907104,5.579522609710693,0.05566757499604137,0.05554287324283905,0.054837327558528506
59,0.5177538990974426,3.056325912475586,0.05867187678813934,5.560001373291016,0.05807859731357842,0.058286594504343606,0.057536792416747265
60,0.5283789038658142,2.994612216949463,0.05656249821186066,5.534204006195068,0.05588589616973111,0.05620998120659481,0.05540210061144479
61,0.5394531488418579,2.9447860717773438,0.06046874821186066,5.520806312561035,0.060059154588543925,0.06025521537559496,0.059546756004687076
62,0.5475390553474426,2.8866305351257324,0.06328125298023224,5.503750801086426,0.062440188007570833,0.0627661393558026,0.06190896926597863
63,0.5508788824081421,2.8577768802642822,0.06117187440395355,5.491496562957764,0.06049098077448467,0.060789320063853035,0.06001710024723127
64,0.5613672137260437,2.8040785789489746,0.06156250089406967,5.478301525115967,0.06112099715052081,0.061171727372149126,0.060490322891391196
65,0.5686718821525574,2.7613747119903564,0.06554687768220901,5.459010124206543,0.0653172598089068,0.06496771536681553,0.06436251382675774
66,0.5762304663658142,2.7170495986938477,0.06492187827825546,5.4413676261901855,0.06507623530982448,0.06453036767213904,0.0641089404940369
67,0.5805078148841858,2.6876587867736816,0.06523437798023224,5.427233695983887,0.06531455900012678,0.06486409165265461,0.06444635874724232
68,0.5869726538658142,2.6436123847961426,0.06398437172174454,5.427573204040527,0.06347110530252259,0.06364623377937044,0.06296428944641463
69,0.5953124761581421,2.594775676727295,0.06499999761581421,5.409482955932617,0.06502966906340449,0.06464718435752323,0.06393666575802573
70,0.6046289205551147,2.5611066818237305,0.06687500327825546,5.3877272605896,0.06625541598673783,0.06651270957723279,0.06564103603006025
71,0.6108202934265137,2.524534225463867,0.06781250238418579,5.385545253753662,0.06763682607662636,0.06768296829323239,0.06703989070859055
72,0.6185937523841858,2.4853498935699463,0.06820312142372131,5.372715473175049,0.0681428216513856,0.06782727146718175,0.06745006811086257
73,0.6266210675239563,2.441312313079834,0.06687500327825546,5.356170654296875,0.06653920232130114,0.06647450724751564,0.0659606105652976
74,0.6311328411102295,2.4216156005859375,0.07046875357627869,5.349936008453369,0.0712557877506684,0.07018315123088598,0.07004251698250154
75,0.6343163847923279,2.3895134925842285,0.06882812827825546,5.327751636505127,0.06774654633183963,0.06828363295564649,0.06730602703508198
76,0.6396679878234863,2.3615071773529053,0.07195312529802322,5.317691802978516,0.07110845076058744,0.07150109102838695,0.07065631167886496
77,0.6446288824081421,2.3293540477752686,0.07234375178813934,5.3035173416137695,0.07141533928065688,0.07186089158650688,0.07093307465216758
78,0.6473827958106995,2.30583119392395,0.07328125089406967,5.282664775848389,0.07358404865260337,0.07292626081563025,0.07259057317757409
79,0.6534179449081421,2.2825570106506348,0.0754687488079071,5.278650283813477,0.07463448777941643,0.07503130919913234,0.0741536396864318
80,0.6601758003234863,2.245786666870117,0.076171875,5.279636383056641,0.07604268968345351,0.07580312920785241,0.07526952885699567
81,0.6664257645606995,2.2252066135406494,0.07484374940395355,5.252758026123047,0.07482200618048714,0.07437898279103289,0.07396452496364708
82,0.6703906059265137,2.191470146179199,0.07414062321186066,5.259744644165039,0.07463606280365337,0.07389035114274212,0.07345813807343654
83,0.6746289134025574,2.1717941761016846,0.0774218738079071,5.253798007965088,0.07775861059317687,0.07701503694018969,0.07650533236872387
84,0.6780078411102295,2.1575927734375,0.07789062708616257,5.244044303894043,0.07781814518356932,0.07751006732673563,0.07700312450823084
85,0.6837499737739563,2.122382164001465,0.0774218738079071,5.238035678863525,0.07748246747016188,0.07714917448618223,0.07649956413762854
86,0.6863672137260437,2.100207567214966,0.080078125,5.223019599914551,0.08005778804851883,0.07980417072078527,0.07913847032000482
87,0.6919335722923279,2.074003219604492,0.07898437231779099,5.210107326507568,0.07958656566969484,0.07863364213507851,0.07828751608296197
88,0.6974218487739563,2.0451819896698,0.07945312559604645,5.196442127227783,0.08013804590350118,0.07921230140575236,0.07893096718412404
89,0.7035351395606995,2.023374080657959,0.07999999821186066,5.199325084686279,0.08020156762231162,0.07959304766064884,0.07915770383119618
90,0.7042382955551147,2.0101847648620605,0.07992187142372131,5.188784599304199,0.07907899167624895,0.07948510476103907,0.07848386241139947
91,0.7091405987739563,1.99056077003479,0.08164062350988388,5.182248115539551,0.08143566321439336,0.08115608003403274,0.08056500257864849
92,0.7132617235183716,1.9652410745620728,0.08109375089406967,5.179505825042725,0.08093092559890891,0.0805326585008627,0.08000585288855529
93,0.7150976657867432,1.9476994276046753,0.08234374970197678,5.1649699211120605,0.08285698142263376,0.08193891917514343,0.08161873824880925
94,0.7183398604393005,1.9342260360717773,0.08570312708616257,5.153573513031006,0.08563758395118984,0.08502677170650969,0.08450824514057248
95,0.7209179401397705,1.9221088886260986,0.08546874672174454,5.146030426025391,0.08518623729954866,0.08480752467383378,0.08422986803719976
96,0.7255468964576721,1.8972446918487549,0.08765625208616257,5.151556015014648,0.08708343717519777,0.08716333993999598,0.08624513636308942
97,0.7306054830551147,1.881087064743042,0.08882812410593033,5.132379531860352,0.08971942228597099,0.0883883393154295,0.08807964179574343
98,0.733593761920929,1.8594948053359985,0.08742187172174454,5.128311634063721,0.08728396390054796,0.08712910767683166,0.08639948232380733
99,0.7332422137260437,1.850877285003662,0.08734375238418579,5.131545543670654,0.08684848563496281,0.08698497927853457,0.08619875400951242
100,0.7349023222923279,1.8399286270141602,0.08867187798023224,5.104549407958984,0.0885761787632422,0.08815529719586196,0.08764156672823425
101,0.7385547161102295,1.8234480619430542,0.08968749642372131,5.096747875213623,0.08888839424450852,0.08917432120434993,0.08829515555681289
102,0.7404491901397705,1.8140654563903809,0.08984375,5.106572151184082,0.08977094987324197,0.08934287070911785,0.08869995835065712
103,0.7434961199760437,1.7930564880371094,0.08679687231779099,5.094286918640137,0.08659144014903365,0.08647267138518788,0.08575229964953726
104,0.7467382550239563,1.779982566833496,0.08843749761581421,5.094488620758057,0.08852911118283543,0.08798911463035339,0.08742475446500637
105,0.7487695217132568,1.7662299871444702,0.09257812798023224,5.081223011016846,0.09233544337748431,0.0922788256095999,0.09149996663621271
106,0.7525585889816284,1.7507389783859253,0.09335937350988388,5.076876640319824,0.09334697834308713,0.09291654839174429,0.09225449864883073
107,0.7586132884025574,1.7301504611968994,0.09226562827825546,5.079095840454102,0.09239001112485254,0.09190378530710777,0.09130595092845804
108,0.7574804425239563,1.725538969039917,0.09273437410593033,5.061641693115234,0.09288961632253034,0.0925095789254679,0.09192312198235875
109,0.7606054544448853,1.7126884460449219,0.09343750029802322,5.055665969848633,0.09307237604954717,0.09324708416553393,0.09238585003085664
110,0.7625585794448853,1.70060133934021,0.09046874940395355,5.056001663208008,0.08981292735512128,0.09001647588407616,0.08889022952000777
111,0.7622656226158142,1.6996924877166748,0.09539062529802322,5.042469024658203,0.09541529686325892,0.09502823688434797,0.09435836038010476
112,0.7673046588897705,1.6802226305007935,0.09710937738418579,5.055405139923096,0.09694876810670833,0.09686228152725967,0.09603166874397044
113,0.7682226300239563,1.664095163345337,0.09789062291383743,5.050718784332275,0.09849949818906906,0.0975824927833572,0.09717798127071124
114,0.7709375023841858,1.6528277397155762,0.0964062511920929,5.025831699371338,0.09621360688808203,0.0960075235476045,0.09535813392722405
115,0.7725390791893005,1.6431964635849,0.09539062529802322,5.019484519958496,0.09526944299048082,0.09503601834394027,0.09421517685934673
116,0.7741015553474426,1.6367661952972412,0.09976562857627869,5.010547637939453,0.09917171343758643,0.09916938386713825,0.09829033757223177
117,0.779492199420929,1.6175826787948608,0.10164062678813934,5.012743949890137,0.10172465481025628,0.10120361778544237,0.10055689005817031
118,0.7783984541893005,1.619859218597412,0.10078124701976776,5.011112213134766,0.10107378493900057,0.10016853016578467,0.09965096281619074
119,0.7790820598602295,1.6071244478225708,0.10484375059604645,4.991878986358643,0.10404411657909601,0.10425191474010595,0.10316484501456138
120,0.7798437476158142,1.6006184816360474,0.10335937142372131,4.985539436340332,0.10339219367924657,0.10280007761881868,0.10209806395412152
121,0.7832812666893005,1.5892019271850586,0.10289062559604645,4.994987964630127,0.10278200343269944,0.10239109861171976,0.1016666302803085
122,0.7850195169448853,1.5799254179000854,0.10703124850988388,4.9814839363098145,0.10743364001261965,0.10646950013220954,0.10604936355359681
123,0.78759765625,1.5702967643737793,0.10523437708616257,4.981174945831299,0.10432303466815247,0.10466796318800625,0.10346642648789953
124,0.7889453172683716,1.5629572868347168,0.10343749821186066,4.964910507202148,0.10324696618716378,0.10316626619146567,0.1023326503618533
125,0.7878515720367432,1.5578364133834839,0.10398437827825546,4.959984302520752,0.10326372282610133,0.10357307035064534,0.10255442622745349
126,0.7892773151397705,1.5537906885147095,0.10851562768220901,4.949948310852051,0.10724259284131767,0.10790691708952764,0.10671792269446057
127,0.794628918170929,1.5324243307113647,0.10765624791383743,4.953176975250244,0.10689324687810181,0.10724588012904554,0.10611205061504195
128,0.7945898175239563,1.5259860754013062,0.11117187142372131,4.93738317489624,0.11065513320333784,0.11080135310519207,0.1098243263898442
129,0.7974218726158142,1.5186476707458496,0.10507812350988388,4.939935207366943,0.10563267663539204,0.10465265321996309,0.10428092144097693
130,0.7968164086341858,1.5122660398483276,0.10593750327825546,4.94655179977417,0.10589037552863137,0.10547661603234577,0.10465990320364611
131,0.7997070550918579,1.5004521608352661,0.11179687827825546,4.944328784942627,0.11148225164512982,0.11128315516313297,0.11023672319286126
132,0.8008788824081421,1.497776985168457,0.11429687589406967,4.928933620452881,0.11455690523248527,0.11403142629883545,0.1131359271977565
133,0.8041406273841858,1.4848631620407104,0.11023437231779099,4.916214466094971,0.10941229508120322,0.11003051315940746,0.10872270187701133
134,0.8019726276397705,1.4797887802124023,0.11015625298023224,4.916227340698242,0.11047772803068782,0.10978631013439027,0.10919181450736745
135,0.8059179782867432,1.4768496751785278,0.10734374821186066,4.923380374908447,0.10794202886776755,0.1069741663049382,0.1064085736447331
136,0.8098828196525574,1.4634552001953125,0.11437500268220901,4.91057014465332,0.11431831180905341,0.11406625378348043,0.11318927440094037
137,0.8057616949081421,1.4677141904830933,0.11476562172174454,4.908365249633789,0.11458815105290011,0.11422474559186627,0.1133734302923598
138,0.8046679496765137,1.4681743383407593,0.11429687589406967,4.909742832183838,0.11483233917834383,0.11386913934355156,0.11313727334875728
139,0.8104492425918579,1.4543218612670898,0.11015625298023224,4.921236991882324,0.10973609023212494,0.10970855388120779,0.10874081894003067
140,0.8138672113418579,1.4360944032669067,0.11054687201976776,4.913905143737793,0.11063574998569017,0.1102291993146112,0.1093246224358489
141,0.8093945384025574,1.4451053142547607,0.11351562291383743,4.909488201141357,0.11418386055520416,0.11324523746465837,0.11264553213968724
142,0.8114258050918579,1.4320071935653687,0.11328125,4.903118133544922,0.11347052856769209,0.11307650410027323,0.11226921465483407
143,0.8142969012260437,1.4286987781524658,0.11289062350988388,4.900945663452148,0.11260457493363138,0.11249172190270681,0.11141229941273444
144,0.8158984184265137,1.4170957803726196,0.11382812261581421,4.903700351715088,0.11437978929519134,0.11342742739731437,0.11280768364834974
145,0.8141992092132568,1.417366623878479,0.11601562798023224,4.887533664703369,0.1163344469170772,0.11539166974459837,0.11475381215209399
146,0.814648449420929,1.4161977767944336,0.11796875298023224,4.889761447906494,0.11803932238857434,0.11736435289399469,0.11642172183649023
147,0.8207812309265137,1.393491268157959,0.11296875029802322,4.8694305419921875,0.11361852136114904,0.11252875579990432,0.11203217913329341
148,0.8158203363418579,1.4038140773773193,0.11867187172174454,4.8811540603637695,0.11844703657567687,0.11811352095808143,0.11705548615886512
149,0.821484386920929,1.3936526775360107,0.11796875298023224,4.863221645355225,0.1172237771975007,0.11731334089869293,0.11598694445123595
150,0.8210742473602295,1.389329433441162,0.11960937827825546,4.865048408508301,0.11961651572899323,0.11902778334913672,0.11820709327652579
151,0.8229882717132568,1.3798186779022217,0.11695312708616257,4.861415863037109,0.11710098736264453,0.11647359245269574,0.11573856556452976
152,0.8195898532867432,1.3888720273971558,0.11632812768220901,4.857694625854492,0.11785972296687144,0.1161103529240665,0.11592548002569017
153,0.8247656226158142,1.3718942403793335,0.12070312350988388,4.849005222320557,0.12126614334435176,0.12034629788624854,0.11959007789399212
154,0.8256250023841858,1.3694196939468384,0.12195312231779099,4.84124755859375,0.12245484017849148,0.12134454230819672,0.12066540578153524
155,0.8251171708106995,1.3614076375961304,0.12398437410593033,4.827558517456055,0.12425155218118468,0.12336752444672522,0.12263939019141848
156,0.8268163800239563,1.3637230396270752,0.12101562321186066,4.83296012878418,0.12037041116962202,0.12048181689200216,0.11920633841658508
157,0.8289843797683716,1.353797197341919,0.12414062768220901,4.841855049133301,0.12347439715898714,0.12367592780534242,0.12263660213282697
158,0.8258593678474426,1.356195330619812,0.126953125,4.83290433883667,0.12693583535970643,0.12654610442794786,0.12565413107844128
159,0.8244922161102295,1.3635350465774536,0.12273437529802322,4.829814434051514,0.12291857318345761,0.1221311835368656,0.12143176427727459
160,0.8276757597923279,1.3514189720153809,0.12992186844348907,4.803471088409424,0.1296598960931426,0.1294841036819106,0.128351699936902
161,0.831250011920929,1.3390567302703857,0.12218750268220901,4.828725814819336,0.12148342454510289,0.12158201872165056,0.12024094717330722
162,0.833984375,1.3285032510757446,0.1283593773841858,4.811643123626709,0.1279254985062331,0.1280129553427118,0.1267802533388706
163,0.8321093916893005,1.3296313285827637,0.1296093761920929,4.806943893432617,0.12944821161009679,0.1293041284895565,0.1282821396205601
164,0.8336523175239563,1.3252530097961426,0.1294531226158142,4.807966232299805,0.12982998038587007,0.1292696150482629,0.12841360436094715
165,0.8346093893051147,1.3173147439956665,0.12804687023162842,4.814406394958496,0.12814520151275105,0.12746938775569927,0.12652189567195068
166,0.8331249952316284,1.3216869831085205,0.1296093761920929,4.805955410003662,0.12959317342616183,0.12912689553661677,0.12832409148576815
167,0.8344140648841858,1.313754916191101,0.12789063155651093,4.805242538452148,0.12816717998883465,0.12760190369877455,0.12657023979600363
168,0.8369140625,1.3050636053085327,0.12937499582767487,4.80264139175415,0.12931423293613284,0.1287979946357019,0.12787199797522095
169,0.8376562595367432,1.3030543327331543,0.12898437678813934,4.787510871887207,0.12844836520186198,0.12847862180811587,0.12740153926171374
170,0.8366796970367432,1.3040164709091187,0.12531250715255737,4.791673183441162,0.12453498848243968,0.12444458211295015,0.12311881625813473
171,0.8387109637260437,1.2974284887313843,0.13007812201976776,4.782268047332764,0.13024317345706915,0.1295760210978776,0.12861145407171895
172,0.8418359160423279,1.2854732275009155,0.130859375,4.790503025054932,0.13037664062051754,0.13022233406775874,0.1291235134911406
173,0.8391992449760437,1.2982600927352905,0.1315625011920929,4.790268421173096,0.13115857719368118,0.1311704005203845,0.13006677491345056
174,0.8411523699760437,1.2894501686096191,0.1282031238079071,4.8031134605407715,0.12770151456174603,0.1277311379280348,0.1265114322570966
175,0.8388476371765137,1.2865688800811768,0.13054686784744263,4.793264389038086,0.13008039087690854,0.13040177494527616,0.12922468521774372
176,0.8379101753234863,1.292109727859497,0.12789063155651093,4.7829742431640625,0.12828471323108476,0.12739607321371627,0.1268412189322278
177,0.8405663967132568,1.279331088066101,0.13054686784744263,4.774871826171875,0.1307566562393923,0.12996145054126404,0.12907823756908704
178,0.8427148461341858,1.275771975517273,0.13367187976837158,4.769807815551758,0.13428677194690355,0.1332470323449045,0.13262884569617914
179,0.8419336080551147,1.275205373764038,0.13445311784744263,4.787355422973633,0.13440975085311124,0.1338709542466705,0.13281879572871208
180,0.8401952981948853,1.279682993888855,0.13164062798023224,4.783928871154785,0.13115933262688206,0.13109890138378777,0.12993569192153898
181,0.8450781106948853,1.2644270658493042,0.13640624284744263,4.768139362335205,0.13711928049375205,0.1360647803765042,0.13531005737841148
182,0.8469531536102295,1.2595027685165405,0.13632813096046448,4.76936149597168,0.1364884667966702,0.13560773924023894,0.1350128367520601
183,0.8462499976158142,1.2612675428390503,0.14023438096046448,4.751589298248291,0.13918780785931545,0.13957055254013537,0.13823574286219253
184,0.8443945050239563,1.2602804899215698,0.1379687488079071,4.747189044952393,0.1376076150017408,0.137663090808685,0.13639396481853955
185,0.8475390672683716,1.2524771690368652,0.13898438215255737,4.757078647613525,0.13840370950696435,0.1384001266085047,0.1371669640806517
186,0.8475586175918579,1.2533284425735474,0.13984374701976776,4.759659290313721,0.1395590490701845,0.139422892568364,0.13824693517458247
187,0.8462695479393005,1.2556679248809814,0.13976562023162842,4.761361598968506,0.13907626270778572,0.13903865919879016,0.1379223255142696
188,0.85107421875,1.2367051839828491,0.13750000298023224,4.740898609161377,0.1378315903521934,0.1369704178262383,0.1361006618975768
189,0.8497655987739563,1.2397596836090088,0.14023438096046448,4.751489639282227,0.1407650447180217,0.13977992892272728,0.13902963323206324
190,0.8496289253234863,1.2397671937942505,0.13593749701976776,4.757745265960693,0.13640469549786152,0.13562577237501452,0.1348675907596416
191,0.8493750095367432,1.2364249229431152,0.13664062321186066,4.755307674407959,0.13661737846913427,0.1362890604597209,0.13528287685156437
192,0.8464062213897705,1.2426203489303589,0.13484375178813934,4.750584602355957,0.1353482285538244,0.13466621929741435,0.13391457120555578
193,0.8507617115974426,1.2349750995635986,0.13671875,4.7635369300842285,0.13688355156526644,0.13623748277794226,0.13534845659156464
194,0.8527734279632568,1.2253121137619019,0.1399218738079071,4.73025369644165,0.13944983150906123,0.1394330224910738,0.13833596513741855
195,0.8478906154632568,1.238033413887024,0.14093750715255737,4.743168830871582,0.1406794891631096,0.14045286745068364,0.13928019469357547
196,0.8524023294448853,1.2233668565750122,0.14171874523162842,4.742170333862305,0.1413551883305702,0.14108212848565682,0.14006911611704587
197,0.8495703339576721,1.234417200088501,0.1404687464237213,4.743661880493164,0.14070227343958663,0.13992196681685887,0.13895519854284868
198,0.8541406393051147,1.216596245765686,0.14218750596046448,4.738768100738525,0.1421308181258117,0.14191722925182287,0.14084560508986155
199,0.8491406440734863,1.2296655178070068,0.14101561903953552,4.747390270233154,0.14158494499631474,0.14068158663639355,0.1395814115077425
200,0.8545117378234863,1.2163678407669067,0.1450781226158142,4.731467247009277,0.14551007419803783,0.14474396076421733,0.14390974629028966
201,0.8554491996765137,1.2083038091659546,0.1424218714237213,4.726357936859131,0.1419326496212411,0.1420434100401382,0.14071887465596328
202,0.8564453125,1.2104638814926147,0.14343750476837158,4.737572193145752,0.1432649994894346,0.14296310739892643,0.14188172885832473
203,0.8545703291893005,1.2079318761825562,0.1404687464237213,4.73902702331543,0.1402169506840586,0.14009976349438902,0.1389248244324969
204,0.8579687476158142,1.1995794773101807,0.13765625655651093,4.734128475189209,0.13776611850595455,0.13694622169380705,0.13597713960942343
205,0.8571679592132568,1.2030055522918701,0.14304687082767487,4.702194690704346,0.14405631496731064,0.1424263576039416,0.14180861023350783
206,0.8594921827316284,1.199088454246521,0.14624999463558197,4.714605331420898,0.14627198940620828,0.14545481221723852,0.14470288069797982
207,0.8612109422683716,1.1932960748672485,0.1463281214237213,4.711324691772461,0.14585467299226065,0.14581914638624366,0.14457730176284778
208,0.8577343821525574,1.1944595575332642,0.14499999582767487,4.705460548400879,0.14454102246761055,0.1442226916604908,0.1431873305466308
209,0.857617199420929,1.198178768157959,0.1459375023841858,4.7103495597839355,0.14581106296091367,0.14543577847583883,0.1445041160664683
210,0.8585742115974426,1.1949321031570435,0.14492186903953552,4.72693395614624,0.14527980964944842,0.14440056135012272,0.1435606276733152
211,0.8584960699081421,1.1961815357208252,0.14499999582767487,4.735285758972168,0.14461423766943904,0.1444010162149737,0.1431481772589986
212,0.8594921827316284,1.195217251777649,0.14554686844348907,4.707836151123047,0.146417254547696,0.14504409739441737,0.14445788637712723
213,0.8566601276397705,1.1957374811172485,0.1452343761920929,4.715747833251953,0.14639416712810557,0.14465922817360144,0.14407152550086927
214,0.8570312261581421,1.190983533859253,0.14421874284744263,4.705116271972656,0.14488454755606295,0.14373801856907203,0.14310838777230717
215,0.8620507717132568,1.1807667016983032,0.1521874964237213,4.693428993225098,0.15311398892138756,0.15184451893183598,0.15106839750305626
216,0.8633202910423279,1.1746153831481934,0.15007811784744263,4.682825565338135,0.1517835052919762,0.1497382376443811,0.14945845247160455
217,0.862011730670929,1.1709529161453247,0.14796875417232513,4.692838191986084,0.14819794718301726,0.14758583115211543,0.1467848689918266
218,0.8598828315734863,1.182819128036499,0.14453125,4.703336715698242,0.14540549013791537,0.144187681235994,0.14340850654034362
219,0.8627734184265137,1.1728293895721436,0.14734375476837158,4.708014965057373,0.14731865650717524,0.1469683987705741,0.14576220789907593
220,0.8594531416893005,1.1830254793167114,0.1477343738079071,4.70449161529541,0.14701153528313643,0.14703773852614468,0.14576558012117682
221,0.861523449420929,1.175164818763733,0.14515624940395355,4.711483001708984,0.14632743702370887,0.14448447307701484,0.14407310597779016
222,0.864062488079071,1.1702418327331543,0.14687499403953552,4.696115016937256,0.14655037454745712,0.1466189043770798,0.14540076189038129
223,0.866015613079071,1.1597833633422852,0.15101562440395355,4.700486183166504,0.15227572599973244,0.15071860524313543,0.15001803587982487
224,0.8638281226158142,1.1670645475387573,0.14101561903953552,4.718480110168457,0.14081112043717586,0.14062222554686774,0.13937346598913397
225,0.8642968535423279,1.1659539937973022,0.14851562678813934,4.715446949005127,0.14896703138426876,0.14816792882422192,0.14716380873534787
226,0.8640429973602295,1.1618361473083496,0.15000000596046448,4.693089485168457,0.14998327790199367,0.14952280950389052,0.14824596613890584
227,0.8666406273841858,1.1530897617340088,0.1489843726158142,4.705929756164551,0.1498368440837789,0.1489189978735333,0.14813624305519985
228,0.8633593916893005,1.1678694486618042,0.14812499284744263,4.686924934387207,0.1475956526489922,0.1474922641728931,0.14630735898511166
229,0.8642578125,1.158378005027771,0.1477343738079071,4.704443454742432,0.1478010471431241,0.14757733359362685,0.146358571013773
230,0.864062488079071,1.1583051681518555,0.1478906273841858,4.707465648651123,0.14846737289583192,0.1479506519308309,0.14683288087855148
231,0.8653711080551147,1.153539776802063,0.15421874821186066,4.682165622711182,0.1539924311815046,0.15374784297267446,0.1524474489807106
232,0.8651953339576721,1.1578106880187988,0.15351562201976776,4.673220634460449,0.15317399774237692,0.15301595113755334,0.15168393425917012
233,0.8647265434265137,1.1585944890975952,0.14976562559604645,4.693047523498535,0.14824229150245571,0.14918890812652463,0.1474349628821433
234,0.8660351634025574,1.158339262008667,0.15281249582767487,4.693503379821777,0.1535201334582226,0.1524261222930244,0.15160058446015723
235,0.8688671588897705,1.1478699445724487,0.1537500023841858,4.679520130157471,0.1545933907217168,0.15331222043489806,0.15252352907027333
236,0.8690624833106995,1.1441024541854858,0.15281249582767487,4.678861618041992,0.1523089272115991,0.15240480018034064,0.15094834546506325
237,0.8684961199760437,1.1448123455047607,0.14945311844348907,4.694774627685547,0.14976505210628344,0.14915696126090405,0.1481550544955889
238,0.8675976395606995,1.1468350887298584,0.14992187917232513,4.6951446533203125,0.14975091092685994,0.14949239337960185,0.1482915438920931
239,0.8708398342132568,1.1338750123977661,0.15117187798023224,4.676569938659668,0.1511146369999545,0.15072135582987153,0.14959416547832377
240,0.8687499761581421,1.1385505199432373,0.15281249582767487,4.663270473480225,0.15129177184051962,0.15226306502161308,0.15035273770132804
241,0.8695703148841858,1.1378321647644043,0.15156249701976776,4.669692516326904,0.1518398499859973,0.1511103133247921,0.15018539949639154
242,0.867968738079071,1.1412771940231323,0.15242187678813934,4.677490711212158,0.1526712405076274,0.15185813618281868,0.15086864199821737
243,0.8719531297683716,1.1350038051605225,0.1509374976158142,4.690809726715088,0.1515663980032533,0.15058098877779938,0.14949270378532378
244,0.8706250190734863,1.1353815793991089,0.15976563096046448,4.64128303527832,0.15883276968142773,0.15901848740282085,0.15748463552724548
245,0.8676953315734863,1.1427799463272095,0.15070313215255737,4.670783519744873,0.15017790561673028,0.15016749897813453,0.148772857237695
246,0.8703320026397705,1.131872296333313,0.1548437476158142,4.652361869812012,0.1557732176200706,0.15437804829103402,0.1538470524184231
247,0.8698828220367432,1.1293625831604004,0.15585938096046448,4.660048484802246,0.15608374715985684,0.15538881853991668,0.15458089599674724
248,0.8723046779632568,1.1248613595962524,0.1607031226158142,4.643214702606201,0.16112669198085539,0.1601556930522438,0.1591389357410356
249,0.8717578053474426,1.1266303062438965,0.15671874582767487,4.64877462387085,0.15698122752791904,0.1561912680466118,0.15503746026559498
250,0.8728906512260437,1.123340129852295,0.1548437476158142,4.646876811981201,0.1544352130032649,0.15415217822869873,0.15293576644378123
251,0.8733007907867432,1.118577241897583,0.1555468738079071,4.64030122756958,0.15588195395191062,0.1551196051595201,0.1540975866811297
252,0.8721289038658142,1.123226284980774,0.15351562201976776,4.648635387420654,0.15394812147964093,0.15304811857708903,0.15209011833480252
253,0.8741015791893005,1.1188796758651733,0.1564062535762787,4.662920951843262,0.15729489813909386,0.15580729312183889,0.15513857054124325
254,0.8708593845367432,1.125299334526062,0.1614062488079071,4.643122673034668,0.16197578991136774,0.16091341191278624,0.16005779937553988
255,0.8691601753234863,1.1316862106323242,0.15929687023162842,4.648908615112305,0.1594597344557655,0.15882671809283422,0.15782792975175966
256,0.8711523413658142,1.1276110410690308,0.15953125059604645,4.667898178100586,0.15887721969111973,0.1590237032126649,0.1575452915375165
257,0.8711523413658142,1.1258130073547363,0.16124999523162842,4.648715972900391,0.16211909269770713,0.16089877314563128,0.16016596599709426
258,0.8775976300239563,1.1120163202285767,0.15953125059604645,4.650235176086426,0.15980595855088806,0.15911110582623555,0.15811472481215225
259,0.8710156083106995,1.1222243309020996,0.15726561844348907,4.665857315063477,0.15663190204709884,0.15667276373634476,0.15518724573056045
260,0.8741992115974426,1.1123276948928833,0.1633593738079071,4.6461501121521,0.16337420790675924,0.16291116156394364,0.1619291943829368
261,0.8725976347923279,1.1176865100860596,0.16117186844348907,4.646015167236328,0.16203471666648567,0.16058518885434733,0.15982177906247827
262,0.873828113079071,1.1124500036239624,0.15953125059604645,4.648938179016113,0.15875514501268145,0.15885479188758253,0.15736304620316724
263,0.8715234398841858,1.1179593801498413,0.16382811963558197,4.631812572479248,0.16328409209504002,0.1631372738988452,0.1614827861669473
264,0.8769140839576721,1.1052054166793823,0.16242188215255737,4.628974437713623,0.162170709084287,0.16164658896400474,0.16061918500432734
265,0.8740429878234863,1.117231011390686,0.1594531238079071,4.629854202270508,0.15949025446096632,0.15911771559394491,0.15762131075498453
266,0.8768554925918579,1.106555461883545,0.16062499582767487,4.637103080749512,0.16040285521202177,0.16011272891463646,0.15885654091433282
267,0.8749023675918579,1.1090089082717896,0.1647656261920929,4.634928226470947,0.16407907105071823,0.16406325481072317,0.16284858086355206
268,0.8758984208106995,1.107180118560791,0.16304688155651093,4.6390767097473145,0.1631428191758363,0.1622958480986214,0.16119352482601895
269,0.8765429854393005,1.1066588163375854,0.15992186963558197,4.653570175170898,0.16012164895841663,0.15919763092769024,0.15828490078744176
270,0.8792773485183716,1.0964398384094238,0.16640624403953552,4.623919486999512,0.16641865066593048,0.16587046725910598,0.1647815705435032
271,0.8784570097923279,1.098662257194519,0.1628125011920929,4.631778717041016,0.16321942493341246,0.16232818393823978,0.16152438523399895
272,0.8793359398841858,1.0936592817306519,0.16453124582767487,4.635528087615967,0.16411321785284289,0.16372086546987275,0.16249256362367637
273,0.8761132955551147,1.100681185722351,0.16492187976837158,4.637941837310791,0.16483426001301554,0.16432519217829936,0.16313821214738336
274,0.8807812333106995,1.0922932624816895,0.16437500715255737,4.624436378479004,0.16507523627337772,0.1639425216234998,0.162955914639517
275,0.8804296851158142,1.0936816930770874,0.16007812321186066,4.633422374725342,0.1599796854017137,0.15945421632999046,0.15829355152333074
276,0.8774609565734863,1.098036527633667,0.16117186844348907,4.636720657348633,0.16135232962024326,0.16062877162497288,0.15955188874794707
277,0.8778710961341858,1.0944526195526123,0.1646093726158142,4.620693683624268,0.1651382177472551,0.16427006947726808,0.1632344003449347
278,0.8754687309265137,1.1047947406768799,0.16320312023162842,4.639514923095703,0.16357086864787462,0.16269913257066804,0.16163078349467166
279,0.8787304759025574,1.097615361213684,0.1589062511920929,4.652268886566162,0.15919952318547628,0.15829989405274042,0.15730109007965287
280,0.8775976300239563,1.0981426239013672,0.16664062440395355,4.616738796234131,0.16643911868401023,0.16589256227505192,0.16476947189661006
281,0.8807031512260437,1.0854626893997192,0.16429688036441803,4.62393045425415,0.16363339442617786,0.16348299910733,0.16221374979111985
282,0.8792577981948853,1.090212345123291,0.15937499701976776,4.622236728668213,0.15940186535713685,0.1585927676788003,0.15779400976055927
283,0.878125011920929,1.0906368494033813,0.1661718785762787,4.619501113891602,0.16681434070046652,0.1657369283830773,0.1650372163284078
284,0.880566418170929,1.0865991115570068,0.17195312678813934,4.613279342651367,0.17351050958995778,0.17147094457250384,0.17086064682183938
285,0.8819140791893005,1.0845271348953247,0.16843749582767487,4.621420383453369,0.16843294461845587,0.16783346015217632,0.16658545893030458
286,0.8808007836341858,1.0847299098968506,0.16625000536441803,4.62773323059082,0.16661544762103248,0.16576925653248492,0.1647253042584299
287,0.8791797161102295,1.088816523551941,0.16843749582767487,4.624823093414307,0.16853162480470224,0.16790959755361345,0.16671031483685006
288,0.8818554878234863,1.0802576541900635,0.16648437082767487,4.607085704803467,0.1665626002986254,0.16597559960072802,0.16487618965728287
289,0.8806250095367432,1.0818594694137573,0.1640625,4.618108749389648,0.1642954003250457,0.16344493880483088,0.16235314043943389
290,0.8785741925239563,1.0903581380844116,0.16437500715255737,4.633844375610352,0.16440857419178773,0.1636564479862199,0.1624846300088036
291,0.8780273199081421,1.0890458822250366,0.16539062559604645,4.6240034103393555,0.16541582602514165,0.16452664651374543,0.16345327422304878
292,0.8808984160423279,1.0823111534118652,0.1693750023841858,4.615121841430664,0.16950510709771915,0.16850212517679142,0.1673123241216291
293,0.8817968964576721,1.080690622329712,0.1681250035762787,4.613309860229492,0.16828612886796585,0.16731856624520297,0.16642674238663635
294,0.88232421875,1.0781735181808472,0.16945312917232513,4.618008613586426,0.16921081493276685,0.16898220506901646,0.1677948523076332
295,0.88232421875,1.0731393098831177,0.17156249284744263,4.605670928955078,0.172013945148122,0.1712237514788552,0.17012339168658852
296,0.8823046684265137,1.0786799192428589,0.16875000298023224,4.625721454620361,0.1695259309407112,0.16797438151601565,0.16709613328093104
297,0.8856445550918579,1.0641934871673584,0.16882812976837158,4.607353687286377,0.16926422019341408,0.16815117554193207,0.16717020091309948
298,0.8827539086341858,1.068435788154602,0.1732812523841858,4.618535995483398,0.1729252562098026,0.17253614655455718,0.17115637462219738
299,0.8829882740974426,1.0760362148284912,0.16828125715255737,4.60867977142334,0.16784773456039537,0.16766591573614126,0.16627904645725278
300,0.8833593726158142,1.0716607570648193,0.17539063096046448,4.597997665405273,0.17656769923066912,0.1749997835956592,0.17411711410936678
301,0.8830273151397705,1.0736894607543945,0.17499999701976776,4.618283271789551,0.17557378289993975,0.17453968563520422,0.17359165673856952
302,0.8846679925918579,1.0692092180252075,0.17484374344348907,4.608911514282227,0.1740706138464768,0.17444339545665807,0.17273385668161712
303,0.8842968940734863,1.0690606832504272,0.17679686844348907,4.615485191345215,0.17703361920051636,0.17632669827020775,0.1752969574745795
304,0.8810351490974426,1.0764706134796143,0.17031249403953552,4.647401332855225,0.169858245871912,0.16980402768885372,0.16833667086389492
305,0.8821679949760437,1.077765941619873,0.1752343773841858,4.618514537811279,0.17648811379906948,0.17474636774214516,0.17404761198181956
306,0.8830273151397705,1.0710053443908691,0.1764843761920929,4.608230113983154,0.17798632666766984,0.17602046197014215,0.17542067292511743
307,0.8849804401397705,1.064724087715149,0.173828125,4.611218452453613,0.17432364127285274,0.17342005936011665,0.17257004759271863
308,0.8838672041893005,1.068364143371582,0.173828125,4.6048688888549805,0.1730709247614523,0.1732665670316389,0.17194678144219605
309,0.8850976824760437,1.0596957206726074,0.17343750596046448,4.605194568634033,0.17376644993937845,0.17266251515363934,0.17166173585640865
310,0.8838672041893005,1.0675445795059204,0.17460937798023224,4.6142425537109375,0.17426596659190086,0.17423992960885581,0.17253064818679903
311,0.8825390338897705,1.0708211660385132,0.17531250417232513,4.6149210929870605,0.17506794276760435,0.1745901794130018,0.17328099723124946
312,0.8824023604393005,1.0699782371520996,0.17085938155651093,4.613288402557373,0.17090082447654997,0.1702313788870025,0.16911433379015536
313,0.8858203291893005,1.0621397495269775,0.17374999821186066,4.625072479248047,0.17445847121147096,0.17330912725137054,0.1720918904134246
314,0.8846094012260437,1.061868667602539,0.17710937559604645,4.6031060218811035,0.1772039621021151,0.17632260810540612,0.17532647070615098
315,0.885937511920929,1.060926079750061,0.17710937559604645,4.604568004608154,0.1777721632907856,0.17661364511510985,0.17558357283282913
316,0.8854101300239563,1.063041090965271,0.17546874284744263,4.605937957763672,0.17645259284690895,0.1748897843723184,0.17401407972075433
317,0.8897851705551147,1.0479968786239624,0.17492187023162842,4.600304126739502,0.17560453071027884,0.17433925098061415,0.17315851196560433
318,0.8886328339576721,1.0503666400909424,0.17304687201976776,4.600953578948975,0.1739127191322889,0.17256740011801067,0.1717500823879464
319,0.8873437643051147,1.0503618717193604,0.17374999821186066,4.596972465515137,0.1744995643204853,0.17341296753928703,0.17241060315931828
320,0.8874609470367432,1.049731731414795,0.17468750476837158,4.621456623077393,0.17620913156428095,0.17438163351025715,0.17350169181749464
321,0.8869531154632568,1.0538640022277832,0.171875,4.621473789215088,0.17177021325493286,0.17140452592331917,0.16991525329793644
322,0.8872265815734863,1.054818868637085,0.17546874284744263,4.607690334320068,0.1750108397740603,0.17475722297914695,0.17324342695685446
323,0.8863672018051147,1.053713321685791,0.17101562023162842,4.597686290740967,0.1705492722212531,0.17006815706063555,0.1689437292543225
324,0.8907421827316284,1.0423129796981812,0.1706250011920929,4.630029201507568,0.17114772105536286,0.17031666097076736,0.16932020264096592
325,0.8891406059265137,1.0496606826782227,0.1752343773841858,4.619429111480713,0.1762680297850584,0.1747636674171642,0.17391672905951927
326,0.8873828053474426,1.0571519136428833,0.17281250655651093,4.608728408813477,0.17341483304384725,0.17217323736494083,0.17124653903968412
327,0.8843749761581421,1.0666464567184448,0.17406250536441803,4.603991508483887,0.17368199844522336,0.1732869152279763,0.1717762642257228
328,0.8890039324760437,1.0515830516815186,0.17742186784744263,4.615171432495117,0.17726028138098324,0.17679546861598688,0.17542529696224352
329,0.8877734541893005,1.0549818277359009,0.173828125,4.602640628814697,0.17306481882683722,0.17336441275783113,0.17175306463137696
330,0.88427734375,1.06342351436615,0.17476563155651093,4.6186747550964355,0.17481200998216032,0.1740858825067467,0.17294203069918784
331,0.8870508074760437,1.053783893585205,0.17070312798023224,4.631389141082764,0.17109117530451817,0.1703952649128781,0.16920401994751363
332,0.8899023532867432,1.0483607053756714,0.17234374582767487,4.613781929016113,0.17314483584367713,0.1719246748274195,0.17102770277944568
333,0.8865625262260437,1.0556888580322266,0.17226561903953552,4.631332874298096,0.17229506877789194,0.171911493223855,0.17058669948247712
334,0.8886914253234863,1.0503486394882202,0.17468750476837158,4.627336502075195,0.1745008841866416,0.1741782345468943,0.17285816323197994
335,0.8895117044448853,1.049371361732483,0.1782812476158142,4.6179938316345215,0.17836762803652415,0.1776644517808327,0.17655677728015673
336,0.8902343511581421,1.0454894304275513,0.1759375035762787,4.61720609664917,0.1763786211795543,0.17575321407006828,0.17439503402136858
337,0.8900390863418579,1.0467699766159058,0.18000000715255737,4.603951454162598,0.1795233229765821,0.17941259698419967,0.1779373009823949
338,0.8905468583106995,1.043147325515747,0.17468750476837158,4.6167216300964355,0.17416860916142018,0.17426918618314863,0.17263255348527612
339,0.8892773389816284,1.0419251918792725,0.17460937798023224,4.610579490661621,0.17486579972049943,0.17410651924552661,0.1729867365505378
340,0.892382800579071,1.0376642942428589,0.17148438096046448,4.623605728149414,0.1721117285419398,0.17088148187073804,0.16997360701413836
341,0.888867199420929,1.0479860305786133,0.1736718714237213,4.625731945037842,0.17453214174970527,0.17327397505856007,0.1723997782970553
342,0.8897656202316284,1.0403119325637817,0.17679686844348907,4.602588653564453,0.17753950895547643,0.1762238094099199,0.17531177299282286
343,0.8902539014816284,1.0406105518341064,0.1759375035762787,4.622988224029541,0.1761074280441234,0.17518443758843266,0.17404500724503835
344,0.8884961009025574,1.052518606185913,0.17460937798023224,4.6275224685668945,0.17434324448730362,0.17409896180855178,0.17297699573669761
345,0.8882812261581421,1.046584963798523,0.1750781238079071,4.612612724304199,0.17549209965927168,0.1744798758783664,0.1733484112374109
346,0.8866015672683716,1.050226092338562,0.17820312082767487,4.597884654998779,0.1778529021963266,0.1773714779513384,0.17608094438353208
347,0.8882031440734863,1.0463268756866455,0.17640624940395355,4.621951580047607,0.17549249571537162,0.17547206443981092,0.1738721255301145
348,0.8875976800918579,1.0528181791305542,0.17859375476837158,4.616316318511963,0.17902698231694392,0.1780162051910587,0.17666117889168342
349,0.891308605670929,1.0381879806518555,0.17515625059604645,4.616009712219238,0.17450808295891151,0.1745291831026637,0.17318638120042562
350,0.8914257884025574,1.0353925228118896,0.17812499403953552,4.601339340209961,0.1777056993735574,0.17780191508848497,0.17614203598105005
351,0.8943554759025574,1.029789924621582,0.17851562798023224,4.58424186706543,0.17960496654147617,0.17795061146140342,0.1772418730275988
352,0.8904492259025574,1.0357513427734375,0.17960937321186066,4.595235347747803,0.17982165940165845,0.1788244142217324,0.17790922365896525
353,0.8910351395606995,1.037183165550232,0.177734375,4.605228900909424,0.17791656528121438,0.1771141319398869,0.17603781216144693
354,0.8921874761581421,1.0342965126037598,0.1782812476158142,4.606817722320557,0.17836725850495366,0.17789505899131286,0.1766892299387554
355,0.8909570574760437,1.039746642112732,0.17929688096046448,4.624221324920654,0.17937938952494245,0.17862087195023924,0.17757051100596677
356,0.8938086032867432,1.0307056903839111,0.1802343726158142,4.619101047515869,0.18018889268385796,0.17975256523514804,0.17848377972891474
357,0.8922070264816284,1.0358771085739136,0.17640624940395355,4.615904331207275,0.17587873958079142,0.17590664544470885,0.17423762066793896
358,0.8916797041893005,1.0379468202590942,0.17734375596046448,4.611456394195557,0.17650551117226293,0.17657709246536085,0.17516603506404096
359,0.8917187452316284,1.0341827869415283,0.17960937321186066,4.613672733306885,0.17923072428594045,0.17894535567741277,0.17755007068083167
360,0.8910937309265137,1.0337761640548706,0.17851562798023224,4.62039852142334,0.17922551845559564,0.1778784128095822,0.17701969842262547
361,0.8926171660423279,1.0331307649612427,0.17890624701976776,4.586950302124023,0.1785863972032764,0.1781525449297498,0.17708054200210704
362,0.8905273675918579,1.035457730293274,0.17835937440395355,4.598221778869629,0.17877146060669397,0.17766539529436962,0.17651406625307367
363,0.8948047161102295,1.0219075679779053,0.17859375476837158,4.594543933868408,0.17946466331822764,0.17782500400833717,0.17692783644556953
364,0.8944922089576721,1.0265789031982422,0.1778906285762787,4.6059064865112305,0.1785962511840649,0.1770161594679982,0.17621853131507068
365,0.8948047161102295,1.0230216979980469,0.17882812023162842,4.582359313964844,0.17865070437186154,0.17797790280627623,0.17686076090948388
366,0.8937109112739563,1.0289922952651978,0.1771875023841858,4.615793228149414,0.17691452319374645,0.17634132925454307,0.17498637230584713
367,0.8921288847923279,1.030104398727417,0.17710937559604645,4.596406936645508,0.1773464974494112,0.17644877598029232,0.1753537338715903
368,0.8936328291893005,1.0272331237792969,0.17664062976837158,4.5965352058410645,0.17786733345111594,0.17602889292189083,0.17532220989630898
369,0.8932226300239563,1.0231716632843018,0.18054687976837158,4.5926737785339355,0.18140815075947492,0.18004821385296224,0.179183771235873
370,0.8933984637260437,1.023488998413086,0.1798437535762787,4.5977559089660645,0.17996448316474734,0.17934926877356933,0.17817551201646648
371,0.8960937261581421,1.022627592086792,0.1803906261920929,4.598804473876953,0.1813762757001461,0.18015132018864746,0.17913644490656985
372,0.8951171636581421,1.0249801874160767,0.17679686844348907,4.608917713165283,0.1768400829992034,0.17630143683257993,0.17483710920823725
373,0.8928906321525574,1.0291541814804077,0.17859375476837158,4.600040912628174,0.17823285086834156,0.17809105095187291,0.17678155371011195
374,0.8942773342132568,1.0197643041610718,0.18359375,4.605679035186768,0.18420165309840425,0.18291643486562376,0.18203311897234764
375,0.8932812213897705,1.03047776222229,0.1791406273841858,4.610739707946777,0.17925501526143328,0.17852192272584966,0.17714130418786436
376,0.8950585722923279,1.0227885246276855,0.17710937559604645,4.621156692504883,0.1781140705609467,0.17642151875574819,0.17568083457067551
377,0.8948827981948853,1.0266706943511963,0.18265624344348907,4.580595016479492,0.1823158991356354,0.1823590574746451,0.18101986330931646
378,0.8933984637260437,1.0282220840454102,0.17679686844348907,4.619075775146484,0.17742918543081992,0.17610498309627937,0.1751631442290422
379,0.8934570550918579,1.0279792547225952,0.18046875298023224,4.59933614730835,0.18132861138761192,0.17988580972464863,0.1791521004271856
380,0.8912890553474426,1.0320594310760498,0.1814843714237213,4.624861717224121,0.1819948749254546,0.18078058945927933,0.1797919555309013
381,0.8956835865974426,1.0187134742736816,0.18203124403953552,4.581756114959717,0.1824806119130934,0.18133480333012292,0.18020728099219763
382,0.8959375023841858,1.0207713842391968,0.17812499403953552,4.614871978759766,0.1793863788439447,0.17762252685738233,0.1767769995586133
383,0.8964062333106995,1.023779034614563,0.1798437535762787,4.590522289276123,0.181144154863694,0.17937136592099676,0.1787856969833449
384,0.8975585699081421,1.0126609802246094,0.18445312976837158,4.592585563659668,0.1854865860925602,0.18397156720167568,0.18296589997320312
385,0.8961718678474426,1.0143107175827026,0.18250000476837158,4.568337917327881,0.1825975441356863,0.18204624184995805,0.1807789071842739
386,0.8964453339576721,1.0187429189682007,0.1828906238079071,4.5836591720581055,0.18306790267584758,0.18232927374781732,0.1810944737822174
387,0.8950976729393005,1.022594928741455,0.1823437511920929,4.585757732391357,0.18252510114790207,0.18159993607775704,0.18077774811790764
388,0.8939648270606995,1.0213618278503418,0.18210937082767487,4.5808000564575195,0.18175556220461586,0.18130222920948783,0.17996707552922603
389,0.8964062333106995,1.0183472633361816,0.1821874976158142,4.600992202758789,0.18250829773038318,0.18124256275051376,0.1805305556483499
390,0.895312488079071,1.016364336013794,0.18265624344348907,4.595901012420654,0.18269865757429818,0.18201355607802025,0.18088242434170834
391,0.894726574420929,1.0209113359451294,0.1882031261920929,4.579860687255859,0.18892215938310897,0.18761643136018777,0.18672461043820598
392,0.8966601490974426,1.012948751449585,0.1830468773841858,4.588678359985352,0.1826643387544247,0.18230704671705955,0.18079602741284717
393,0.8957421779632568,1.024865984916687,0.1907031238079071,4.5869903564453125,0.19193733654384304,0.19019376351033226,0.1893959575980764
394,0.8968164324760437,1.013213038444519,0.1850000023841858,4.587481498718262,0.1854692461283491,0.18428736988700334,0.18345401041975812
395,0.8960546851158142,1.0160155296325684,0.18328124284744263,4.59892463684082,0.1840116936220068,0.18254031591823083,0.18184735437962557
396,0.8950585722923279,1.0151581764221191,0.18578125536441803,4.5959930419921875,0.18563289306768288,0.1851348369808587,0.18368895717792955
397,0.8949804902076721,1.014671802520752,0.18781250715255737,4.618160247802734,0.189244569598441,0.18720334070859265,0.18639967644446243
398,0.894335925579071,1.0214921236038208,0.18781250715255737,4.582218170166016,0.18857917533277713,0.18711560415183942,0.18628415686485456
399,0.8984570503234863,1.005084753036499,0.18601562082767487,4.576380252838135,0.18794977355230955,0.18527403827644984,0.18471439538638385
400,0.9007031321525574,1.004475474357605,0.18515625596046448,4.565412521362305,0.18555487509286903,0.18441402240646815,0.18345275424823865
401,0.8978320360183716,1.0104899406433105,0.18718749284744263,4.5768632888793945,0.18726284952521516,0.1863015478382366,0.1853289087252809
402,0.8964257836341858,1.0171276330947876,0.1796875,4.61845588684082,0.17998951095619464,0.17893113777161973,0.17759787785714087
403,0.8996288776397705,1.004331111907959,0.18523436784744263,4.592554569244385,0.18543542073816455,0.18435569833081883,0.18337725107806951
404,0.8977148532867432,1.0081024169921875,0.1817968785762787,4.586008548736572,0.18104695286024844,0.18105205565780888,0.17975634039609312
405,0.8965234160423279,1.0136114358901978,0.1857031285762787,4.578743934631348,0.1860624555063701,0.18491197934857556,0.18403838096909964
406,0.8984960913658142,1.0060744285583496,0.18171875178813934,4.584167003631592,0.18137001210858766,0.18103915496976997,0.17971207128011796
407,0.8987695574760437,1.0137038230895996,0.18718749284744263,4.561349391937256,0.18868855112476396,0.18614251245186353,0.1857534486650152
408,0.898144543170929,1.0062350034713745,0.18632812798023224,4.585606098175049,0.187200302961758,0.18560225278391065,0.18472488695223516
409,0.899609386920929,1.002589225769043,0.1860937476158142,4.590985298156738,0.18638301387143916,0.18508493423489852,0.1839720267045101
410,0.9009960889816284,1.0021262168884277,0.1896093785762787,4.564077854156494,0.19043757063134487,0.1890780728353255,0.18814410594672706
411,0.8992382884025574,1.00283944606781,0.18718749284744263,4.598189830780029,0.18692485642081147,0.18638198730134792,0.1850913507362713
412,0.9005273580551147,1.0002747774124146,0.1842968761920929,4.592268943786621,0.1845614444117763,0.1838922710514172,0.18257929026725578
413,0.8980273604393005,1.008599042892456,0.18757812678813934,4.596994876861572,0.18868552798475938,0.18681783793945522,0.18603874791324476
414,0.8971484303474426,1.0093815326690674,0.18601562082767487,4.591568470001221,0.18689273711809665,0.18568367761778776,0.18490584161171963
415,0.897656261920929,1.0103353261947632,0.18710938096046448,4.589653015136719,0.18683032175087455,0.18651733618912547,0.18485763837089147
416,0.8960742354393005,1.0136282444000244,0.18523436784744263,4.588726043701172,0.18525657451597555,0.18442534780155428,0.18320488769857357
417,0.897265613079071,1.014724850654602,0.1837500035762787,4.587547302246094,0.1837654474464675,0.18336739735497698,0.18199554882513025
418,0.8969336152076721,1.0132379531860352,0.18265624344348907,4.587945938110352,0.18357853692544288,0.18228132826738433,0.18128719489411577
419,0.8962695598602295,1.0118085145950317,0.18281249701976776,4.59074592590332,0.18390794124223017,0.1824429763106475,0.18152894598749375
420,0.8995898365974426,1.010494351387024,0.18445312976837158,4.599213123321533,0.18439969700714737,0.1840566144504941,0.18293534683489582
421,0.89892578125,1.0069001913070679,0.1860937476158142,4.585707187652588,0.18711412619518047,0.18547947828776773,0.18468610610276748
422,0.899707019329071,1.0041404962539673,0.18359375,4.5796427726745605,0.1840137660759784,0.18302805324399687,0.1819582608601091
423,0.8995507955551147,1.0018861293792725,0.18703125417232513,4.582927227020264,0.188095282839773,0.18662582168268987,0.18577537304700983
424,0.8995507955551147,0.9999713897705078,0.18796874582767487,4.5901947021484375,0.18885867376537663,0.18765045677519496,0.18668654498752685
425,0.9007226824760437,0.9984488487243652,0.19226562976837158,4.580899715423584,0.1914358449107904,0.19156600666911044,0.1898842754173343
426,0.8983789086341858,1.0082123279571533,0.18476562201976776,4.5853047370910645,0.18453800524840752,0.18416228892511394,0.18279254625356475
427,0.8998242020606995,1.0028226375579834,0.18726561963558197,4.565631866455078,0.18758682733095514,0.1867543319039427,0.18570998770079844
428,0.8988281488418579,1.0051032304763794,0.18726561963558197,4.616147994995117,0.18694618145374148,0.18695828522851354,0.18572422856841736
429,0.8975781202316284,1.0108321905136108,0.18953125178813934,4.600761890411377,0.18925536230024007,0.18902037489036919,0.18771408081258306
430,0.9017968773841858,0.9970811605453491,0.19039063155651093,4.581889629364014,0.1914073714744735,0.19001538467624196,0.1888387842899501
431,0.9002929925918579,1.0025055408477783,0.19148437678813934,4.575847625732422,0.19300157170921042,0.1911419264884297,0.19028243360745234
432,0.8994531035423279,1.0024312734603882,0.19367188215255737,4.584294319152832,0.19464354474832068,0.1932204992484669,0.19219066334199458
433,0.8998633027076721,1.0000547170639038,0.19203124940395355,4.574914932250977,0.1925867406427823,0.19173714129248562,0.1904281051938599
434,0.901171863079071,0.9976779222488403,0.19257812201976776,4.589305877685547,0.19337163228245458,0.19221618125165524,0.19103296165642963
435,0.9008203148841858,0.995063304901123,0.1889062523841858,4.586526393890381,0.18937595393722756,0.18839313101411223,0.1870707787074195
436,0.9016211032867432,0.9907188415527344,0.19132812321186066,4.5752763748168945,0.19265129782811938,0.19079506934475463,0.18973097344056852
437,0.9016015529632568,0.9928317070007324,0.1876562535762787,4.594968795776367,0.18890332513781996,0.18688502126894085,0.18607121590797004
438,0.9019726514816284,0.9980201721191406,0.19343750178813934,4.551026344299316,0.19363770995048196,0.19280487303717736,0.19135008844805784
439,0.9004492163658142,0.9953094720840454,0.18742187321186066,4.597277641296387,0.1879927990285658,0.18689964261913783,0.18587666152171248
440,0.8990234136581421,1.0009592771530151,0.19101563096046448,4.6044111251831055,0.19232298159721867,0.1906179004960041,0.18985411480585487
441,0.9009179472923279,1.0018786191940308,0.18953125178813934,4.601977825164795,0.19069334656267325,0.18920397562259228,0.18831264961447636
442,0.9006640911102295,0.9998961687088013,0.18992187082767487,4.585483551025391,0.19029635903269848,0.18937324599267508,0.1883364980148346
443,0.9002148509025574,1.00075364112854,0.18617187440395355,4.592876434326172,0.18599261889872049,0.18577347143042655,0.18428787803197139
444,0.9009570479393005,0.9957830905914307,0.18867187201976776,4.556285858154297,0.1897581647077409,0.18806223676087302,0.18715221169518206
445,0.9008007645606995,0.9944043159484863,0.19296875596046448,4.566903591156006,0.19388150119832898,0.19269664547888346,0.19162935822476834
446,0.9008398652076721,0.9971548318862915,0.19023437798023224,4.557833671569824,0.1917446483344227,0.18980146372819093,0.1892321125938783
447,0.9033007621765137,0.9887537956237793,0.193359375,4.5671563148498535,0.19397140064135826,0.1928901297112427,0.19188608193550125
448,0.9013476371765137,0.994199812412262,0.1896093785762787,4.569668769836426,0.19110416213867937,0.18930907211075026,0.1888592151956002
449,0.9024804830551147,0.9908002614974976,0.19054687023162842,4.5440778732299805,0.19068607500195967,0.18998363726596895,0.18864113411458722
450,0.9032031297683716,0.9887328147888184,0.18921874463558197,4.557375431060791,0.19041620868125508,0.18871852221334828,0.18779513276141235
451,0.9012890458106995,0.9937388896942139,0.1921093761920929,4.554629325866699,0.19351800501476488,0.19156221817343352,0.1910009833987713
452,0.901562511920929,0.9941364526748657,0.1899999976158142,4.579012870788574,0.1915521313385585,0.1894664153989995,0.18893286180976326
453,0.8995507955551147,0.9992782473564148,0.1939062476158142,4.543136119842529,0.19573354184646924,0.1934893242980976,0.19293776666424242
454,0.9001562595367432,0.9986118078231812,0.19453124701976776,4.560646057128906,0.19674428786864329,0.19414865247181978,0.19357451779142248
455,0.8998827934265137,0.9987789392471313,0.19218750298023224,4.568632125854492,0.19289077535607813,0.19182960667925786,0.19070641487644988
456,0.9007226824760437,0.9959900379180908,0.19882813096046448,4.571723937988281,0.20072757228170596,0.1985215392173969,0.19797672431350255
457,0.9030468463897705,0.9884848594665527,0.1939062476158142,4.561267852783203,0.19621114729758535,0.1938013112710622,0.19326998395095496
458,0.9021093845367432,0.9941793084144592,0.19523437321186066,4.569687843322754,0.19622987398851272,0.1949231889974114,0.19406601152595798
459,0.9011132717132568,0.9931777715682983,0.19593749940395355,4.5476460456848145,0.197586089860398,0.19550460286708593,0.19483311996831826
460,0.9020116925239563,0.9941416382789612,0.19812500476837158,4.552329063415527,0.20134160259772335,0.19780737213630573,0.19764152740489402
461,0.9027343988418579,0.9918524026870728,0.19374999403953552,4.557740688323975,0.19592794303391528,0.19361741183055814,0.1930404473822262
462,0.9023633003234863,0.9890275597572327,0.18882812559604645,4.579680442810059,0.19016605599605185,0.18854717475075966,0.1876525820835783
463,0.9023633003234863,0.991814374923706,0.19421875476837158,4.585519790649414,0.19532431712361698,0.19380289939304507,0.19286861750811596
464,0.9034570455551147,0.9897961616516113,0.19203124940395355,4.605194568634033,0.19387642084384268,0.19167577088464047,0.19114803395323327
465,0.9030078053474426,0.9924688935279846,0.19429688155651093,4.582923889160156,0.19622907537381407,0.19418009014254167,0.19348827431365723
466,0.9034960865974426,0.9850586652755737,0.19695311784744263,4.579178333282471,0.19786740622919743,0.19666944766492456,0.1951769267053104
467,0.9006054401397705,0.9950536489486694,0.1946093738079071,4.566555976867676,0.19558690914025953,0.1941846396100253,0.1931525913280197
468,0.9044726490974426,0.9873626232147217,0.18882812559604645,4.5749993324279785,0.18984701887540367,0.18875828122503047,0.18780509870004886
469,0.9026952981948853,0.9828740954399109,0.19640624523162842,4.582276821136475,0.19643031941873706,0.1961039511325018,0.1946341124582004
470,0.9055859446525574,0.9782277941703796,0.19101563096046448,4.567407608032227,0.1922100111853422,0.19086969809602522,0.19000872992412784
471,0.9022461175918579,0.9840664863586426,0.19296875596046448,4.570713520050049,0.19361360626643725,0.19271146562639568,0.1916326595709354
472,0.9046093821525574,0.9835638403892517,0.19062499701976776,4.551418304443359,0.1913294765075663,0.19027497276738561,0.189061178320381
473,0.904492199420929,0.98258376121521,0.18906250596046448,4.564355373382568,0.1900875099976524,0.18875151558222833,0.18782198998904337
474,0.9059765338897705,0.9782050848007202,0.1862500011920929,4.574517726898193,0.18584441324693768,0.1860867890039443,0.18453298502419596
475,0.904589831829071,0.9819573760032654,0.19257812201976776,4.57868766784668,0.19287247452480294,0.19224541225901637,0.1909071930974547
476,0.9044530987739563,0.9823275804519653,0.19445312023162842,4.549208164215088,0.1947638826738035,0.19408224408482322,0.19252816232596515
477,0.9033398628234863,0.9879360795021057,0.19382812082767487,4.57925271987915,0.19523767078622983,0.1934168957237074,0.19252176629486134
478,0.9054882526397705,0.9767764806747437,0.1928125023841858,4.562808036804199,0.1941442961235179,0.1923948042609293,0.1915272686984773
479,0.9061718583106995,0.9784595370292664,0.1935156285762787,4.5677289962768555,0.1932784916473104,0.19304081671833978,0.1916971719004824
480,0.905078113079071,0.9819919466972351,0.1939062476158142,4.537285327911377,0.19426706172070402,0.19333603799297594,0.1921042031333908
481,0.905078113079071,0.9822545051574707,0.19398437440395355,4.563053131103516,0.1947808486902337,0.19367447784056574,0.19263598939379165
482,0.9030859470367432,0.9860635995864868,0.19499999284744263,4.550984859466553,0.1958814284612069,0.19435923161036706,0.19353544487200933
483,0.9068554639816284,0.9787203073501587,0.19359375536441803,4.566441059112549,0.1948335401435628,0.1931142636716147,0.1925067519757775
484,0.9051952958106995,0.975995659828186,0.19218750298023224,4.574307918548584,0.19355122855091167,0.19171273326638844,0.19096706417231946
485,0.90576171875,0.9822897911071777,0.19484375417232513,4.557470321655273,0.19453535749943407,0.19421270615150676,0.1928293249464914
486,0.9043945074081421,0.9793799519538879,0.20093749463558197,4.560697078704834,0.20157126833282293,0.20057686072392322,0.19951401581727474
487,0.9037500023841858,0.9836733341217041,0.1958593726158142,4.554727554321289,0.19685658692580063,0.19542835123925567,0.19415813960440909
488,0.9064257740974426,0.9789121150970459,0.19960936903953552,4.5521440505981445,0.20099706468140693,0.19921660130247718,0.19817170746005885
489,0.9045116901397705,0.9828420877456665,0.19562500715255737,4.562051296234131,0.19719762556722506,0.19503016639168358,0.1944650000120662
490,0.9046875238418579,0.9787903428077698,0.19664062559604645,4.565089225769043,0.19796019115022806,0.19621132403440003,0.19528990316363365
491,0.9043554663658142,0.9806896448135376,0.1932031214237213,4.5577826499938965,0.1938620347508556,0.1929000237776256,0.19189044129138158
492,0.902636706829071,0.9869851469993591,0.19492188096046448,4.580070972442627,0.19588542746024568,0.19471607557477794,0.1938192542500057
493,0.9019726514816284,0.9897524118423462,0.1965624988079071,4.534938812255859,0.19821263984856458,0.19613656268385407,0.19549448076203452
494,0.9021679759025574,0.987978994846344,0.19765624403953552,4.567214488983154,0.19822193761458407,0.197181676018781,0.19602192520572392
495,0.9049609303474426,0.9749009609222412,0.19835937023162842,4.544110298156738,0.19941826859002718,0.19785470211932832,0.19696163817924134
496,0.9067773222923279,0.9776726365089417,0.19859375059604645,4.561848163604736,0.19997570560926733,0.1983348386070068,0.19753365836445821
497,0.9058007597923279,0.9775104522705078,0.19703124463558197,4.566009521484375,0.19720996895586385,0.19662901099505925,0.19532014735013364
498,0.9045116901397705,0.9782459139823914,0.1958593726158142,4.5504679679870605,0.1968710462623586,0.19570727750782663,0.19463023710752206
499,0.9042578339576721,0.9788313508033752,0.19664062559604645,4.548851013183594,0.1982989427213166,0.1962118027009958,0.1955154287242325
500,0.9053710699081421,0.9776500463485718,0.20000000298023224,4.5544962882995605,0.2007953998972068,0.19960289879165644,0.19842883041780798
501,0.9050586223602295,0.9794989228248596,0.19757813215255737,4.56863260269165,0.19867288906939934,0.19699456163741302,0.19617356680424636
502,0.9055469036102295,0.9803889989852905,0.1953125,4.564709663391113,0.19615999343484075,0.19519827864448996,0.19401819534698433
503,0.9052148461341858,0.9797646403312683,0.19914062321186066,4.557236194610596,0.20089858067286123,0.19894978049689982,0.1983886964509153
504,0.9053906202316284,0.9753469824790955,0.20195312798023224,4.546818733215332,0.20326291874553698,0.201755878226275,0.2007969717068204
505,0.9044140577316284,0.9816490411758423,0.20203125476837158,4.558448791503906,0.20327044076439288,0.20174172777454685,0.20071128457442255
506,0.9040820598602295,0.9831737279891968,0.2013281285762787,4.548893928527832,0.20233479157598155,0.20114856464547742,0.20025719838946454
507,0.9055859446525574,0.9806085824966431,0.19632811844348907,4.563178539276123,0.1978488710985344,0.19585241407178877,0.195188766501727
508,0.9076952934265137,0.9748014211654663,0.20210938155651093,4.547454357147217,0.2032802966389355,0.2016048070088975,0.20074160830111254
509,0.9058007597923279,0.9721733331680298,0.20445312559604645,4.540534973144531,0.20474002393366814,0.20422409256698565,0.20284177154127236
510,0.906054675579071,0.976321280002594,0.19929687678813934,4.550227165222168,0.20047147883320682,0.1990526310181231,0.19792282295732208
511,0.9095117449760437,0.9652500152587891,0.19820313155651093,4.5663909912109375,0.19937137445852587,0.1978906298035675,0.1969457474017703
512,0.906933605670929,0.969763994216919,0.1999218761920929,4.565237522125244,0.20037984464483508,0.19938733985427498,0.19822600358561404
513,0.9082617163658142,0.9718589186668396,0.19921875,4.558668613433838,0.19984925889217642,0.19879189091445634,0.19752594712808483
514,0.9062109589576721,0.974143385887146,0.19734375178813934,4.566058158874512,0.19801887587596217,0.1969721865895877,0.1958744262850784
515,0.90478515625,0.9832413196563721,0.19828124344348907,4.543131351470947,0.19918794253592198,0.1980111275831905,0.1970554370039585
516,0.9093359112739563,0.9660066962242126,0.20031249523162842,4.539773464202881,0.2004559199827142,0.20003603785874707,0.1984166322843153
517,0.9095312356948853,0.9652770161628723,0.2013281285762787,4.526327610015869,0.2018690845158399,0.200902583206088,0.19984117639185994
518,0.9041796922683716,0.974061131477356,0.20039062201976776,4.5325117111206055,0.20054753086675503,0.1999787311444691,0.19883001553270102
519,0.9043359160423279,0.9773660898208618,0.20125000178813934,4.556468963623047,0.20256380459050163,0.20102799888251888,0.1999953817934169
520,0.9057421684265137,0.9722135663032532,0.20351561903953552,4.5470170974731445,0.20423041318305335,0.2031260191788951,0.20214672006669127
521,0.9085546731948853,0.9661746025085449,0.20710937678813934,4.5330586433410645,0.207707478949022,0.20663221918338423,0.20547657149601523
522,0.9092187285423279,0.9645392894744873,0.19898436963558197,4.558152675628662,0.20061326255225365,0.1987981199631051,0.1975851316220657
523,0.9101952910423279,0.9648440480232239,0.19429688155651093,4.5746684074401855,0.1951529097090971,0.1938227566006497,0.19266284096399622
524,0.9071679711341858,0.9730838537216187,0.19812500476837158,4.560714244842529,0.19897355812524609,0.19758405679865032,0.19646205707599956
525,0.9058007597923279,0.9749636650085449,0.19757813215255737,4.547351837158203,0.19855564190568492,0.19702733542494705,0.19615012516304053
526,0.9072070121765137,0.9687584638595581,0.19664062559604645,4.562395095825195,0.19820452669767913,0.1961389123241126,0.1954151921027062
527,0.9077538847923279,0.9672233462333679,0.1926562488079071,4.559675216674805,0.19423619343662718,0.19254044382055036,0.19146642823916565
528,0.9060742259025574,0.9723466634750366,0.19374999403953552,4.578937530517578,0.1941409920999699,0.19350477419952117,0.192318609290022
529,0.9068554639816284,0.9701205492019653,0.19773437082767487,4.5612101554870605,0.19818284147266468,0.19743056383198598,0.1961115673720893
530,0.9069140553474426,0.9700910449028015,0.19492188096046448,4.572540760040283,0.19545720154613155,0.19456981849546418,0.19343568293142327
531,0.9040820598602295,0.9777496457099915,0.19296875596046448,4.580234050750732,0.19417219670142902,0.1923297011235567,0.19139380708429332
532,0.9065625071525574,0.9689576029777527,0.1997656226158142,4.5523762702941895,0.2001657598919601,0.19920467943733786,0.1982615282288169
533,0.9059179425239563,0.972251296043396,0.20351561903953552,4.5419111251831055,0.20348504699415348,0.20306621853547352,0.20168095566744262
534,0.9065820574760437,0.9737573266029358,0.20148438215255737,4.557044506072998,0.20187100291328874,0.2010395456226695,0.1999262138381367
535,0.9068164229393005,0.9697546362876892,0.2010156214237213,4.536093235015869,0.20154515615305024,0.20037401137788002,0.19933380404812623
536,0.9062109589576721,0.9763014316558838,0.20015625655651093,4.566955089569092,0.20077390415999502,0.199630806835001,0.1985914888343826
537,0.9085546731948853,0.9703143835067749,0.1953125,4.553938865661621,0.19684527236153598,0.19505881938106118,0.19412255915355237
538,0.9074413776397705,0.9721682071685791,0.1974218785762787,4.5633134841918945,0.19800857548751194,0.1968437761703504,0.1954027591032264
539,0.9085742235183716,0.9672636985778809,0.1993750035762787,4.55807638168335,0.199917573181834,0.19902628419663693,0.19781341591043447
540,0.9098827838897705,0.9615223407745361,0.2032812535762787,4.538808822631836,0.20406101361814968,0.20350275504908844,0.20224714317826845
541,0.9075000286102295,0.9656616449356079,0.19968749582767487,4.531797885894775,0.19989236596982016,0.19935852846461538,0.19801028552658756
542,0.9073241949081421,0.9663812518119812,0.197265625,4.510532379150391,0.19724061721215572,0.1971429258648744,0.19566685397465117
543,0.9082421660423279,0.9657397270202637,0.1932031214237213,4.518202781677246,0.19279275190555226,0.1927283445801545,0.19133382487598127
544,0.9069530963897705,0.9690558910369873,0.19914062321186066,4.522436141967773,0.19957865957089033,0.19861241361903223,0.19762798885243957
545,0.908007800579071,0.9707818627357483,0.1940625011920929,4.567499160766602,0.19390623854588826,0.19335452075467108,0.1919609490035927
546,0.9085546731948853,0.9625840783119202,0.19773437082767487,4.53166389465332,0.19830020868093504,0.19708425198376509,0.19605225443062943
547,0.9071484208106995,0.9642935991287231,0.1985156238079071,4.552569389343262,0.19920262115227622,0.19797695369791948,0.19682432289227436
548,0.9085937738418579,0.9692522287368774,0.19625000655651093,4.530805587768555,0.1978072928231751,0.19586579584638464,0.19490107265634302
549,0.9078515768051147,0.9704852104187012,0.2024218738079071,4.532514572143555,0.20360586682347848,0.20154920914841076,0.20078200823596734
550,0.9066015481948853,0.9661723375320435,0.19703124463558197,4.541338920593262,0.19809819960338887,0.19653369787879804,0.1953900387222827
551,0.90771484375,0.9689599871635437,0.19750000536441803,4.545408248901367,0.19787822960249096,0.1966611086350332,0.19568586077521424
552,0.9081249833106995,0.962222695350647,0.19703124463558197,4.524207592010498,0.19826747944589734,0.19661093061755097,0.19569576325975485
553,0.909375011920929,0.961397647857666,0.19968749582767487,4.546236038208008,0.2007677895282798,0.1993115452554663,0.19861910982884
554,0.908984363079071,0.9640339612960815,0.19750000536441803,4.5666608810424805,0.19812340581898358,0.19710563593988945,0.19617861357068514
555,0.9080273509025574,0.9650705456733704,0.20140625536441803,4.542593002319336,0.20210350962376827,0.200811330251228,0.19990261781062732
556,0.9080859422683716,0.9658704996109009,0.20054687559604645,4.535787582397461,0.20051058612160677,0.20006046446608428,0.19866826627850837
557,0.9103124737739563,0.9603996872901917,0.20468750596046448,4.571088790893555,0.20614208918311377,0.2042014458856456,0.20345741727873723
558,0.9091015458106995,0.9679516553878784,0.20109374821186066,4.560608386993408,0.20227513729515975,0.20077786311113932,0.20003224172680756
559,0.9085156321525574,0.9612519145011902,0.20273438096046448,4.555382251739502,0.20384572080485125,0.20218648339814238,0.20144954774761065
560,0.9122851490974426,0.9557604789733887,0.20390625298023224,4.549502849578857,0.20636154604049195,0.2032968503161306,0.2030599876802277
561,0.909960925579071,0.9545623660087585,0.20499999821186066,4.504929542541504,0.2053417035893388,0.20451304064544548,0.20331369003474692
562,0.9100976586341858,0.9586817026138306,0.20624999701976776,4.559378147125244,0.20730286902456777,0.2057801845280185,0.20472125395138452
563,0.911816418170929,0.9561522006988525,0.2010156214237213,4.535562038421631,0.20251692408479316,0.20055892182366858,0.19982371834824553
564,0.9112890362739563,0.9558106064796448,0.19984374940395355,4.555473804473877,0.20034594455569651,0.19959752149710455,0.19835119080676922
565,0.9078515768051147,0.9653587937355042,0.20054687559604645,4.549936771392822,0.20120485859071252,0.19989655027332037,0.19904741019036748
566,0.9091992378234863,0.9570359587669373,0.20664063096046448,4.545158863067627,0.20746870034735335,0.20595132261868165,0.20499894213794845
567,0.9076758027076721,0.9672319293022156,0.20734375715255737,4.5463995933532715,0.20784767590821537,0.20685611526722025,0.2057176311655921
568,0.9054492115974426,0.9747569561004639,0.20140625536441803,4.547222137451172,0.20321562204628912,0.20085763601355236,0.20017092484287188
569,0.9046679735183716,0.9755616188049316,0.19820313155651093,4.584764003753662,0.19890364754765374,0.1975785510914274,0.19649861851511974
570,0.9044140577316284,0.9768113493919373,0.20710937678813934,4.56851053237915,0.2073866864462101,0.20672368924458684,0.2053205999208978
571,0.9086132645606995,0.9697415828704834,0.20539063215255737,4.563854694366455,0.2060337762249248,0.2049018248886173,0.20372727225512066
572,0.908398449420929,0.9680371880531311,0.20546874403953552,4.554281234741211,0.2060754213993579,0.2050427227066613,0.20375430737906827
573,0.9086523652076721,0.9644057750701904,0.20078125596046448,4.548455715179443,0.20178310876430672,0.20040433591375068,0.19944863140816704
574,0.9095703363418579,0.9622566103935242,0.2025781273841858,4.533390045166016,0.20300204158003712,0.20202334341616146,0.20077591050462962
575,0.9081640839576721,0.9650761485099792,0.20093749463558197,4.553678035736084,0.20167216008697417,0.200227214087858,0.19931076881363138
576,0.9113476276397705,0.9569031000137329,0.20664063096046448,4.540402412414551,0.20750251950973622,0.20588886709473198,0.20512645900106458
577,0.9099414348602295,0.9559770822525024,0.2057812511920929,4.532415866851807,0.20652369171516485,0.20524373800572507,0.20435825576480898
578,0.9090234637260437,0.958538293838501,0.20374999940395355,4.5504937171936035,0.2048017365548036,0.20317448084817324,0.20267356208434978
579,0.9092773199081421,0.9578595757484436,0.20640625059604645,4.55903959274292,0.20745763846607163,0.2059383225939702,0.20521798012146025
580,0.9116601347923279,0.9563827514648438,0.20125000178813934,4.5557427406311035,0.2021353827535795,0.20041612740019107,0.19947632218983158
581,0.9123632907867432,0.9523258805274963,0.20093749463558197,4.564976692199707,0.20172540088942525,0.20043622842538905,0.19940907875579789
582,0.9119531512260437,0.9531254768371582,0.2018750011920929,4.565042018890381,0.20142515215215062,0.20099624902201793,0.1995772394645295
583,0.9124609231948853,0.9573898315429688,0.197265625,4.552740573883057,0.197979560079511,0.19678839452997826,0.19602427439677422
584,0.9117187261581421,0.9510002136230469,0.20000000298023224,4.545752048492432,0.20076677949519214,0.1993907455077495,0.19871440463693013
585,0.9115234613418579,0.9530696272850037,0.20031249523162842,4.539449214935303,0.20050337104885957,0.19934832839215538,0.19849020285830804
586,0.9112890362739563,0.9574425220489502,0.19898436963558197,4.563684940338135,0.19975255133299097,0.19818054891618,0.19724157700817738
587,0.9110937714576721,0.9544835090637207,0.2036718726158142,4.567047595977783,0.204884987316688,0.20304264739731248,0.2023672639701715
588,0.9133984446525574,0.9495124220848083,0.20320312678813934,4.571910858154297,0.20410916154848927,0.2025640339809221,0.20150829673305287
589,0.9116015434265137,0.9527683854103088,0.2018750011920929,4.557936668395996,0.20240835505794663,0.20088853031311346,0.1997788703231732
590,0.9100195169448853,0.9524487257003784,0.19960936903953552,4.557084560394287,0.2013726183553428,0.19931629971046616,0.19864313097543077
591,0.9099414348602295,0.9558098316192627,0.19960936903953552,4.554369926452637,0.20070992383430836,0.1991818821873763,0.19850938068253265
592,0.9071484208106995,0.9595791101455688,0.19945313036441803,4.572918891906738,0.20117082014946142,0.19899763513154073,0.19833440243784267
593,0.9113867282867432,0.9545456767082214,0.2017187476158142,4.536088466644287,0.20429542937819695,0.2012328102605631,0.20103958212361603
594,0.909472644329071,0.9554632306098938,0.20609374344348907,4.555903434753418,0.20744119284569262,0.20527656361121754,0.204705993681385
595,0.9112499952316284,0.9547923803329468,0.19921875,4.547733306884766,0.20150456097643837,0.19858088446377387,0.19838258434294903
596,0.9116796851158142,0.9559821486473083,0.20031249523162842,4.5598039627075195,0.20128910712238046,0.19982273881791549,0.19900949222664271
597,0.9112499952316284,0.9572178721427917,0.20023436844348907,4.568864345550537,0.20135848930768724,0.19942012966382852,0.19856986321358558
598,0.9071875214576721,0.9678654670715332,0.20148438215255737,4.584203243255615,0.20363879256665324,0.20086663865972004,0.20028904674094872
599,0.9109570384025574,0.9530665874481201,0.2024218738079071,4.581879615783691,0.20302919656260446,0.2018214392683399,0.2003857698117947
600,0.9095312356948853,0.9555584788322449,0.20109374821186066,4.599142551422119,0.20289556366076805,0.2003090808749855,0.19991546817172473
601,0.9103124737739563,0.9580483436584473,0.20359374582767487,4.558326244354248,0.20531690262194047,0.20325295909167557,0.20259483819183705
602,0.9058789014816284,0.9698064923286438,0.20179687440395355,4.570065975189209,0.20275382476527487,0.20121172155901085,0.2004189543714986
603,0.9098827838897705,0.9596061706542969,0.20000000298023224,4.564067363739014,0.20090217234350358,0.19932841068777535,0.19853750448327534
604,0.9106835722923279,0.9602892994880676,0.20070312917232513,4.545840263366699,0.20185836153192332,0.19962019357635355,0.19895112448717137
605,0.9107226729393005,0.9547762274742126,0.20195312798023224,4.554893970489502,0.20208642102804059,0.20097395569082988,0.20002391312553292
606,0.9104101657867432,0.9540460705757141,0.20624999701976776,4.545150279998779,0.20733848186654608,0.2053534947997429,0.20459629926640152
607,0.9146484136581421,0.9471474289894104,0.2013281285762787,4.560385227203369,0.20221022947045017,0.20057607087637003,0.19954381776947713
608,0.9100195169448853,0.956317126750946,0.20023436844348907,4.581790924072266,0.20125748626581474,0.19945220080232368,0.1986202684505992
609,0.9086132645606995,0.9613761901855469,0.20195312798023224,4.552988052368164,0.20241758407844052,0.2013794510426593,0.20030462557823853
610,0.9092187285423279,0.9598239064216614,0.2064843773841858,4.553009510040283,0.20732468394118903,0.20599268005259905,0.20484680391969412
611,0.9112304449081421,0.9579528570175171,0.2043749988079071,4.538882255554199,0.2050944064491422,0.20369839832870845,0.2024384282540368
612,0.909960925579071,0.9563046097755432,0.2038281261920929,4.544535160064697,0.20500775514663186,0.20342457320728438,0.20276177406263324
613,0.9132421612739563,0.945481538772583,0.20250000059604645,4.543481349945068,0.20337282746871232,0.20216761008296674,0.20132084942504766
614,0.9141992330551147,0.9424527883529663,0.20289061963558197,4.52894926071167,0.20413567527283988,0.2023494944377801,0.20178290593370954
615,0.9122655987739563,0.9497907161712646,0.20203125476837158,4.55500602722168,0.20285776284388946,0.20163781251993756,0.20054289359809366
616,0.9129297137260437,0.9487415552139282,0.20460937917232513,4.528863430023193,0.20495614131443343,0.20388431732846196,0.20299193313068017
617,0.9097070097923279,0.9574941992759705,0.20226562023162842,4.536865234375,0.2031237744201037,0.20155897377052273,0.20071805215808958
618,0.9100000262260437,0.9622480273246765,0.20250000059604645,4.590873718261719,0.20318119343058402,0.20194935028991318,0.20085472704179214
619,0.9101758003234863,0.9575996994972229,0.20476561784744263,4.561490058898926,0.20519926611008318,0.20422037601708531,0.20323025692516247
620,0.9111132621765137,0.9528742432594299,0.20343750715255737,4.563112258911133,0.2044089592719715,0.20309502135300064,0.20208543528966466
621,0.9129687547683716,0.9471713304519653,0.2075781226158142,4.548374176025391,0.20875330093375127,0.20710199606619983,0.20634230315062776
622,0.9136523604393005,0.9466710090637207,0.20421874523162842,4.569229602813721,0.2047496813863317,0.20350869500226149,0.20256589013811077
623,0.913281261920929,0.9453890919685364,0.2032812535762787,4.5626139640808105,0.20460261212597972,0.20290423608651353,0.2021375115779592
624,0.91162109375,0.9496743083000183,0.2057812511920929,4.5501298904418945,0.20682065681111772,0.20527536908373228,0.2043515057931777
625,0.9107421636581421,0.957618772983551,0.2056249976158142,4.527074813842773,0.20603184152414183,0.20496157894039346,0.203894247372775
626,0.910351574420929,0.9544302225112915,0.20624999701976776,4.5663604736328125,0.2064244963612811,0.20519127770567747,0.20411392562076516
627,0.9110937714576721,0.9529166221618652,0.20781250298023224,4.560105800628662,0.2079632072224155,0.2069176889299758,0.20574313767423025
628,0.9126757979393005,0.9486408829689026,0.20320312678813934,4.574089527130127,0.20347353714808714,0.20256573286464244,0.20172455302153725
629,0.9116015434265137,0.9513716101646423,0.20726563036441803,4.5474443435668945,0.20813573115801356,0.20663679024183795,0.20566008822902127
630,0.9118945598602295,0.9507663249969482,0.20234374701976776,4.565774917602539,0.20289177452015852,0.2019297695601368,0.2007936415454094
631,0.9109570384025574,0.9468976855278015,0.20390625298023224,4.556934833526611,0.20307245202024626,0.20321809743555413,0.2015329361135342
632,0.9126366972923279,0.9490953683853149,0.2064843773841858,4.584805488586426,0.20663546261259993,0.20597981922040412,0.20460283545777436
633,0.9111914038658142,0.9539533257484436,0.20015625655651093,4.574190139770508,0.2003457544380341,0.19959358486151002,0.19844391979586307
634,0.9130273461341858,0.9438647627830505,0.20210938155651093,4.5858354568481445,0.20222357049066986,0.20145267687750457,0.20020313534355016
635,0.9119726419448853,0.9476159811019897,0.20398437976837158,4.571234703063965,0.20589811585242757,0.2036641874895505,0.20313174386577743
636,0.9129297137260437,0.9461153149604797,0.1993750035762787,4.5834126472473145,0.19966120685023492,0.19879621279314397,0.1976181947451986
637,0.9155468940734863,0.9394413828849792,0.2013281285762787,4.565892696380615,0.20197929508830553,0.2007647090106115,0.19983434176348597
638,0.9131640791893005,0.9441909790039062,0.20351561903953552,4.550334453582764,0.20380954795820816,0.2027079664387515,0.2018018594363783
639,0.9131054878234863,0.943545937538147,0.20179687440395355,4.562819957733154,0.20274457010025837,0.2011470727850935,0.20018636051090963
640,0.9124218821525574,0.9504652619361877,0.19929687678813934,4.567778587341309,0.2017822884673724,0.19888984550181543,0.1987022872025892
641,0.9124218821525574,0.9495242238044739,0.20499999821186066,4.5945258140563965,0.2064342860660036,0.20447959001597238,0.20375025629638346
642,0.9153711199760437,0.9373629689216614,0.2017187476158142,4.566442489624023,0.2033900684288164,0.20112524442032625,0.20055203005929045
643,0.9142968654632568,0.936784565448761,0.20726563036441803,4.534138202667236,0.20883758925217355,0.2065971423424034,0.20583912295193615
644,0.9157421588897705,0.9384341239929199,0.20351561903953552,4.559932708740234,0.20417637362604255,0.202795450070217,0.20183538162590287
645,0.9133984446525574,0.9409863948822021,0.20765624940395355,4.554423809051514,0.20792151122771999,0.20709553777480422,0.20601552181538646
646,0.9151366949081421,0.9385688304901123,0.20335938036441803,4.544507026672363,0.20359701376972966,0.2025280863526706,0.20164995026729982
647,0.9136914014816284,0.9442275166511536,0.20906250178813934,4.5442705154418945,0.21090534611898487,0.20884091471046956,0.20808408596139744
648,0.9133594036102295,0.9436297416687012,0.203125,4.556401252746582,0.2039243091833089,0.2028038519342576,0.2014743654244444
649,0.9137304425239563,0.9439898133277893,0.20671874284744263,4.554272174835205,0.20751485127159638,0.2063142099014147,0.2054419500702157
650,0.9165624976158142,0.9329425692558289,0.20781250298023224,4.548101902008057,0.20862047329303382,0.2072111711088297,0.20623696464031582
651,0.9152538776397705,0.9408707618713379,0.2038281261920929,4.56003999710083,0.20385171321622775,0.20325145914384785,0.20229728694628343
652,0.9116015434265137,0.9505873322486877,0.19929687678813934,4.603596210479736,0.20034304400537423,0.19903855409217425,0.19816403713446276
653,0.9116992354393005,0.9502405524253845,0.19960936903953552,4.560241222381592,0.1990922499249813,0.1991459582407319,0.19756306272527352
654,0.9122070074081421,0.9466667175292969,0.20148438215255737,4.555451393127441,0.20316801413253607,0.2009667903888477,0.20039703251977756
655,0.9118750095367432,0.9505718946456909,0.20570312440395355,4.555562973022461,0.20646862181692044,0.2050003003053416,0.20406016727863868
656,0.9104101657867432,0.9535624980926514,0.20156249403953552,4.580892562866211,0.20208541143244815,0.20113917230781148,0.19975602459593833
657,0.9094531536102295,0.9567347764968872,0.2024218738079071,4.564197540283203,0.20274321306077883,0.2014507026435638,0.2006308149065879
658,0.9134765863418579,0.9481291770935059,0.20390625298023224,4.563128471374512,0.2051185308653774,0.20336831954275603,0.20252642794540668
659,0.9133398532867432,0.9410946369171143,0.20820312201976776,4.5360517501831055,0.20829694845256616,0.20769013442930806,0.2064501359395894
660,0.9133594036102295,0.94940185546875,0.20351561903953552,4.539917945861816,0.20309186088101494,0.20291000607709897,0.20144684202092972
661,0.9122070074081421,0.9502266049385071,0.20726563036441803,4.537621974945068,0.20696737387344505,0.20646549884252044,0.20521764309916607
662,0.9142382740974426,0.9448487758636475,0.20726563036441803,4.541979789733887,0.208163973967097,0.20685994111267808,0.20581044051901842
663,0.9161328077316284,0.9369237422943115,0.20421874523162842,4.535179138183594,0.2055745654646144,0.20390211306691514,0.20294576538071976
664,0.9150781035423279,0.9399740099906921,0.20210938155651093,4.565518856048584,0.202469533471561,0.20173226648234313,0.20027222006886775
665,0.9122265577316284,0.9446552395820618,0.2045312523841858,4.567963600158691,0.2059589717400162,0.20393963346020633,0.20309759036611802
666,0.9154492020606995,0.9397361278533936,0.20210938155651093,4.556408882141113,0.20419936016211718,0.20180072394057044,0.20111518811334492
667,0.9160351753234863,0.9396759867668152,0.20476561784744263,4.551178455352783,0.20591471084228924,0.20411879272381714,0.20331662781165627
668,0.9122655987739563,0.9487245678901672,0.20390625298023224,4.554319381713867,0.20394966378997625,0.20315330531294024,0.20192421577641906
669,0.9149414300918579,0.9391635656356812,0.20734375715255737,4.553365707397461,0.20889665812643948,0.20659966734415525,0.20567103317082797
670,0.9136523604393005,0.942836582660675,0.20749999582767487,4.547981262207031,0.20801406365732578,0.20675987412201394,0.2056003866204082
671,0.9139843583106995,0.9388733506202698,0.20703125,4.551369667053223,0.20750692226735884,0.20621519184589485,0.20512216238357328
672,0.9129492044448853,0.9449858069419861,0.2043749988079071,4.54747200012207,0.20396645611892206,0.2034716400684947,0.20213157392007858
673,0.911914050579071,0.9455496072769165,0.21375000476837158,4.536574840545654,0.21444959945684572,0.21332062855164374,0.21212630351579165
674,0.9162304401397705,0.9328091144561768,0.2110937535762787,4.5365800857543945,0.21168305708492258,0.2106406418035742,0.20959895096040224
675,0.9135546684265137,0.9404531717300415,0.20749999582767487,4.5633955001831055,0.20783062562459628,0.20690193080388763,0.20561656054943028
676,0.9133398532867432,0.9401038885116577,0.20749999582767487,4.543887138366699,0.2074247547701376,0.2070061339132233,0.2054906569162523
677,0.9152148365974426,0.9342815279960632,0.205078125,4.551896095275879,0.20570729843187724,0.20462725951651026,0.2034821615082509
678,0.9110742211341858,0.952657163143158,0.20726563036441803,4.558228492736816,0.208626240581764,0.20669196092596426,0.20580145148423695
679,0.916308581829071,0.9341495633125305,0.20335938036441803,4.567255973815918,0.2043686951376288,0.20282501090100577,0.20172871054448915
680,0.9149414300918579,0.9372841715812683,0.20679686963558197,4.5599684715271,0.20738755738944292,0.20636246049481685,0.20515093486349856
681,0.9143164157867432,0.9401413202285767,0.20984375476837158,4.556140899658203,0.2104476075159233,0.20948343307963802,0.20826821401870804
682,0.9139648675918579,0.938956618309021,0.2127343714237213,4.538033485412598,0.2138517795185279,0.2121043366340683,0.21114113283221095
683,0.9151562452316284,0.9397667050361633,0.2082812488079071,4.53574800491333,0.20867498696724687,0.20775322196983623,0.206579842209744
684,0.9137499928474426,0.9407348036766052,0.2127343714237213,4.526303768157959,0.2141601346873122,0.21223961585449375,0.2115427922727353
685,0.9141210913658142,0.945115327835083,0.20499999821186066,4.550912857055664,0.20675778717417267,0.2045739363857807,0.20376348675807188
686,0.9131640791893005,0.9485097527503967,0.20726563036441803,4.556446075439453,0.20921968016988535,0.2070088788875755,0.20613087520608328
687,0.911914050579071,0.9502267241477966,0.20210938155651093,4.575122833251953,0.20363151643976612,0.2016872937284211,0.2006334472958128
688,0.9140234589576721,0.9420263171195984,0.2036718726158142,4.539560317993164,0.20465643182922033,0.2031263767935547,0.20222776909522927
689,0.9144921898841858,0.9420899748802185,0.2103906273841858,4.5463409423828125,0.21120139103880625,0.20976206120761423,0.20903393549328625
690,0.9141796827316284,0.9378898739814758,0.2084375023841858,4.520227432250977,0.20844812748008298,0.2074033061314317,0.20613788234714883
691,0.9145312309265137,0.9391990900039673,0.21117188036441803,4.515005588531494,0.2111066988311039,0.21068237244268792,0.20938562221544477
692,0.9164062738418579,0.9337270259857178,0.21015624701976776,4.528988838195801,0.21045863962796646,0.2096174456473557,0.2084051720408303
693,0.9147265553474426,0.9379757046699524,0.21117188036441803,4.532200813293457,0.2116666561522324,0.21037055631480422,0.2093698263298716
694,0.9190234541893005,0.9264816045761108,0.20710937678813934,4.528569221496582,0.20825627059261287,0.20669152143910194,0.20574208405391017
695,0.9169726371765137,0.9302853941917419,0.2056249976158142,4.531512260437012,0.20588972360440408,0.20474675805118805,0.20377021616578497
696,0.9131445288658142,0.9420120716094971,0.21179687976837158,4.517745018005371,0.21314327293746332,0.21114766253537443,0.21034400684475685
697,0.9163281321525574,0.9344980716705322,0.2057812511920929,4.548089981079102,0.20730575164075254,0.2051657557849844,0.20451262423644215
698,0.9152929782867432,0.9396908283233643,0.20554687082767487,4.554904460906982,0.20581902694484638,0.20518954593261376,0.2039493489163685
699,0.9133203029632568,0.9463991522789001,0.2116406261920929,4.5408549308776855,0.2120309109381288,0.21125364221087733,0.21008599029839228
700,0.9141015410423279,0.940018892288208,0.2091406285762787,4.537378311157227,0.210622546820034,0.20864375694805892,0.208072979513742
701,0.9125195145606995,0.941846489906311,0.21367187798023224,4.547318935394287,0.21467326793134767,0.21314459217033288,0.21194454343186364
702,0.9159179925918579,0.930402398109436,0.2102343738079071,4.522079944610596,0.21154099572438892,0.20973790147193838,0.20871325505471017
703,0.9176366925239563,0.9317806363105774,0.208984375,4.514834403991699,0.2106156571788274,0.20874128478737214,0.20781754683189574
704,0.9138281345367432,0.9408820867538452,0.20484374463558197,4.538389205932617,0.20547155590062255,0.20441059586062368,0.2034407548786339
705,0.9134179949760437,0.9401335716247559,0.21085937321186066,4.533071994781494,0.21203064462782534,0.21050761893250908,0.20933339781272575
706,0.9147265553474426,0.9408217668533325,0.21046875417232513,4.519029140472412,0.21137357587304764,0.2097514035611751,0.2087376245454058
707,0.9142773151397705,0.9424146413803101,0.2107812464237213,4.520174026489258,0.2112143688250606,0.2102684298877233,0.20910056268750238
708,0.9163281321525574,0.9318596720695496,0.21054688096046448,4.524717330932617,0.21159489187285077,0.21000317468532229,0.2090525022947204
709,0.9151172041893005,0.9380427002906799,0.2091406285762787,4.541040897369385,0.21049894114533324,0.20866372976375314,0.20796502527405536
710,0.9150586128234863,0.9359517097473145,0.21328124403953552,4.517590045928955,0.21457784124770765,0.21290884772312038,0.211612046271419
711,0.9160546660423279,0.9349599480628967,0.21070311963558197,4.507660865783691,0.21246727744470523,0.21029174934481765,0.20949126021505637
712,0.9157812595367432,0.9348037838935852,0.21515625715255737,4.515620231628418,0.2174124462450592,0.21486678872062412,0.2139578884325386
713,0.9122461080551147,0.9463369250297546,0.21195311844348907,4.514959812164307,0.21236599895996802,0.21143795702518686,0.21023666892171117
714,0.9151562452316284,0.9361429810523987,0.20460937917232513,4.540767669677734,0.20552204156832826,0.20400190657410153,0.2032377933189789
715,0.9175390601158142,0.9282085299491882,0.20726563036441803,4.522992134094238,0.20749203907523195,0.20670619441723898,0.2053453902832158
716,0.9150000214576721,0.9344213604927063,0.20656250417232513,4.515187740325928,0.2085430527112937,0.20621919351805268,0.20568612555963128
717,0.9155859351158142,0.933210551738739,0.21070311963558197,4.530978202819824,0.21263537421227954,0.21036330630490935,0.20964830813374902
718,0.9175586104393005,0.9267968535423279,0.21070311963558197,4.531491279602051,0.21042436328188702,0.21022812252905942,0.20880092455510618
719,0.9191601276397705,0.9253250956535339,0.20851562917232513,4.542499542236328,0.2099236040133881,0.20791364775329557,0.20715503296066262
720,0.9150976538658142,0.9346702694892883,0.20468750596046448,4.544991970062256,0.20515826347882926,0.20419490753794434,0.20307558472950604
721,0.9130663871765137,0.9378037452697754,0.20796875655651093,4.532938003540039,0.20926266367918478,0.20751085716395512,0.20668204100069673
722,0.9156640768051147,0.9346162676811218,0.21179687976837158,4.524186134338379,0.21316696906761745,0.2114967566582347,0.21054938402409423
723,0.9112499952316284,0.9461830258369446,0.2091406285762787,4.512096881866455,0.2093160369612769,0.20857105885852767,0.20728893320741415
724,0.9168750047683716,0.9346683621406555,0.21437500417232513,4.5192036628723145,0.2156821242419276,0.21364074223887675,0.2130380711996871
725,0.916015625,0.9335609674453735,0.20992188155651093,4.529980182647705,0.20998371270907723,0.20913589946095473,0.20797293505342898
726,0.9148046970367432,0.9327327609062195,0.21265624463558197,4.524574279785156,0.21377475463714973,0.21213571096912398,0.2111593969485139
727,0.9175000190734863,0.9306209087371826,0.21179687976837158,4.535517692565918,0.2112912199627469,0.21148027758581361,0.2098593983598251
728,0.9141992330551147,0.9354752898216248,0.21476562321186066,4.546501636505127,0.2159922536847229,0.2141316451988345,0.21336177023352038
729,0.9170117378234863,0.9359057545661926,0.212890625,4.528378009796143,0.21357939299467474,0.2122122157425952,0.21099817528210774
730,0.9146484136581421,0.9383624196052551,0.2114843726158142,4.551698684692383,0.2115914413383731,0.21084605861573236,0.20970696445284953
731,0.9115820527076721,0.9458808302879333,0.21187500655651093,4.536038398742676,0.21145082977949714,0.21088532829789253,0.20943110448813812
732,0.9140234589576721,0.9402525424957275,0.21242187917232513,4.533585071563721,0.21342556605640728,0.2114956272557013,0.21059883078933334
733,0.9166015386581421,0.9308308959007263,0.21375000476837158,4.52333927154541,0.2134121205387374,0.2126496740729386,0.2114882278504035
734,0.9149609208106995,0.9365421533584595,0.21265624463558197,4.5035858154296875,0.21334613824881832,0.2120752595649103,0.21107353508269708
735,0.9161523580551147,0.9305529594421387,0.21328124403953552,4.524256229400635,0.21353076900010837,0.21251413570358668,0.21122358454335088
736,0.914746105670929,0.9379154443740845,0.21132811903953552,4.518400192260742,0.21105344783380764,0.21060069795110298,0.209122289904265
737,0.9171679615974426,0.9268817901611328,0.21437500417232513,4.508592128753662,0.21474839732813863,0.2135234848669204,0.21250815348927804
738,0.9192187786102295,0.9241754412651062,0.21335937082767487,4.521947860717773,0.21363694614551412,0.21265488325381257,0.21149002465248115
739,0.9171679615974426,0.9286925792694092,0.21421875059604645,4.525692939758301,0.2143163334505823,0.21330592883096355,0.21197589449680948
740,0.9176172018051147,0.9273043870925903,0.21437500417232513,4.521555423736572,0.21392629045742276,0.21361837104612302,0.21237980303085358
741,0.9147070050239563,0.9367793202400208,0.216796875,4.502000331878662,0.21698032466294884,0.21630839904986143,0.2149346675663636
742,0.9193359613418579,0.9249789714813232,0.21507813036441803,4.5036845207214355,0.21526415006254745,0.21449927417777054,0.21316130373605885
743,0.917187511920929,0.9281899333000183,0.2153906226158142,4.5181355476379395,0.2155592404319321,0.21472309360109748,0.21325496231297655
744,0.9123828411102295,0.940763533115387,0.21390624344348907,4.537178039550781,0.213961178763421,0.21313271449345333,0.21199614812594325
745,0.9169531464576721,0.9298574924468994,0.21226562559604645,4.526656150817871,0.21225601412565145,0.21134733409465073,0.2103069621947583
746,0.9143359661102295,0.9341599345207214,0.21125000715255737,4.5139312744140625,0.2121127464557148,0.21054962023381318,0.20953588317694932
747,0.9169921875,0.9320904612541199,0.21210937201976776,4.526784896850586,0.21316677969511916,0.21156567192610815,0.2108232316719884
748,0.9154687523841858,0.9363071322441101,0.20921875536441803,4.535503387451172,0.21015682666205387,0.2085548849394629,0.20778069473628355
749,0.9166015386581421,0.9324812889099121,0.21054688096046448,4.539839267730713,0.2115435289174652,0.2097228461475809,0.20888350327883742
750,0.9165624976158142,0.9314805865287781,0.2142968773841858,4.540231227874756,0.21540286510930556,0.21380765653866438,0.2129981892451799
751,0.9167382717132568,0.9290598034858704,0.21453124284744263,4.525633335113525,0.2151325140111781,0.21388442220276982,0.21301616224776568
752,0.9202734231948853,0.9208371639251709,0.21710938215255737,4.50031042098999,0.21779708034281392,0.2164087520936714,0.21556830131981336
753,0.9169335961341858,0.9248002767562866,0.21062499284744263,4.533283233642578,0.21068622870903908,0.2099258223245034,0.20865324783359387
754,0.9180273413658142,0.9238108992576599,0.2130468785762787,4.520052433013916,0.21389735176249636,0.2125447659953241,0.21165885742977475
755,0.9185937643051147,0.9193341135978699,0.21640625596046448,4.5080671310424805,0.21715115622644143,0.215873207134147,0.21501907466728692
756,0.9165429472923279,0.928577721118927,0.21476562321186066,4.507136344909668,0.21473507617542703,0.21415929119729776,0.2128626257214803
757,0.9156640768051147,0.9311572313308716,0.20992188155651093,4.524374008178711,0.2104796218382807,0.20929123328837806,0.20825219536555473
758,0.9194921851158142,0.9200097918510437,0.21281249821186066,4.522349834442139,0.21342178942419238,0.21214070411866473,0.2111482260872762
759,0.9158008098602295,0.9267354011535645,0.21179687976837158,4.529879570007324,0.2122789189408717,0.21126536568967907,0.2097484711915639
760,0.9158788919448853,0.9309770464897156,0.21296875178813934,4.53107213973999,0.21200473810087356,0.2119764997701497,0.21037185721026241
761,0.9157031178474426,0.9286444783210754,0.2123437523841858,4.533391952514648,0.21252336445879633,0.21151639544682763,0.2104036531777506
762,0.9152929782867432,0.9327991008758545,0.21015624701976776,4.54802942276001,0.21115161577736355,0.2096255993610041,0.2084926824427067
763,0.9144921898841858,0.9408519268035889,0.21296875178813934,4.549581050872803,0.2141471892762018,0.21229909363171134,0.21147274474200206
764,0.9161913990974426,0.9256513714790344,0.21445313096046448,4.536468982696533,0.21467115089312072,0.21396698979884657,0.2127136411587105
765,0.9169140458106995,0.9265227317810059,0.20835937559604645,4.539303779602051,0.2094473280166308,0.20772156245896686,0.20688954764289172
766,0.9167578220367432,0.9308494329452515,0.20859375596046448,4.552300930023193,0.20831119488042638,0.20792831897382888,0.20652817252299277
767,0.9182422161102295,0.9284389615058899,0.21406249701976776,4.535731792449951,0.21536935885767702,0.21354328451685164,0.21250766714322128
768,0.9173632860183716,0.9272869825363159,0.21250000596046448,4.538466930389404,0.2129225291458074,0.2120990546645485,0.21050772518511307
769,0.9183593988418579,0.9270373582839966,0.21437500417232513,4.532223701477051,0.21488696269024693,0.2138237755141273,0.21253256665947673
770,0.9162304401397705,0.9284583330154419,0.21179687976837158,4.535815715789795,0.2121353000930108,0.21125973160059625,0.20999320357850626
771,0.9175586104393005,0.9247267246246338,0.21156249940395355,4.549895763397217,0.2125785566486535,0.21092799920665936,0.21008711601003627
772,0.9185742139816284,0.9208346605300903,0.2114843726158142,4.514718532562256,0.2120012479926984,0.2110093382863828,0.21000757441751997
773,0.9158398509025574,0.9298098683357239,0.2103906273841858,4.546022891998291,0.21083248989768677,0.20993559492452885,0.20854775515016727
774,0.9171289205551147,0.9286223649978638,0.21476562321186066,4.526758193969727,0.21541569882518286,0.21439073710884532,0.21305493953375362
775,0.9150000214576721,0.9332267045974731,0.21585936844348907,4.518554210662842,0.21589693230603402,0.21530401657196063,0.213942980559122
776,0.9184374809265137,0.9240323901176453,0.21492187678813934,4.51929235458374,0.21595040713619978,0.2141785538200924,0.21319440113849827
777,0.9196093678474426,0.9195839166641235,0.2127343714237213,4.515389919281006,0.21311737170581135,0.2118195215770224,0.21084093341083465
778,0.9177539348602295,0.922095537185669,0.21179687976837158,4.536733627319336,0.21161321650277196,0.2108852278439969,0.20932964216437883
779,0.9179491996765137,0.9272081255912781,0.2130468785762787,4.559869289398193,0.21446329659238822,0.21254211652949834,0.21175741126628853
780,0.9186328053474426,0.9195197820663452,0.21226562559604645,4.538121700286865,0.2124962725962002,0.21144332571398317,0.21016055727872066
781,0.9179101586341858,0.9221399426460266,0.2141406238079071,4.542117118835449,0.21406427261518257,0.21355082072244258,0.21209944122849927
782,0.9173046946525574,0.9271567463874817,0.2146874964237213,4.538583755493164,0.2151197831323574,0.21395298510877903,0.21279007443365622
783,0.9172461032867432,0.9283702373504639,0.21367187798023224,4.544094085693359,0.21400811665642167,0.2131787215721866,0.211714050899736
784,0.9168750047683716,0.928987979888916,0.21351562440395355,4.540728569030762,0.21456673274379903,0.21284221745283244,0.21178379518091123
785,0.9191992282867432,0.924724817276001,0.21742187440395355,4.525455951690674,0.21789073651217417,0.21699811420539478,0.21581907237594367
786,0.9152734279632568,0.9336507320404053,0.21328124403953552,4.5246171951293945,0.2139500202084682,0.2125955516825968,0.21155727246247938
787,0.91748046875,0.9231711030006409,0.21312500536441803,4.535055160522461,0.21322988976731358,0.2123594816109932,0.21104203527415008
788,0.918261706829071,0.9233182668685913,0.21453124284744263,4.541566371917725,0.21552830771907866,0.21401123122570787,0.21298776096273653
789,0.9185937643051147,0.925782322883606,0.21195311844348907,4.551710605621338,0.21336190765178825,0.21141032030262258,0.2104280855651178
790,0.915234386920929,0.9286862015724182,0.21453124284744263,4.5583930015563965,0.21553019030756596,0.21400727015807908,0.2129913705107925
791,0.9151757955551147,0.9296678304672241,0.20937499403953552,4.558441162109375,0.20982905294108778,0.20858919081325972,0.20777063857007017
792,0.913867175579071,0.9348260760307312,0.20781250298023224,4.556915760040283,0.20843483002564897,0.20721771928493776,0.2063089818476355
793,0.9168554544448853,0.9269716739654541,0.21562500298023224,4.5477399826049805,0.21568014279262201,0.2151314698452507,0.21373015672646656
794,0.9203906059265137,0.9193346500396729,0.2134374976158142,4.527522563934326,0.21440720317529632,0.21282398779402878,0.2118908508415916
795,0.9193359613418579,0.9207512140274048,0.21453124284744263,4.516000747680664,0.21525992491389476,0.21380240055220923,0.21270015812645093
796,0.9191015362739563,0.9150979518890381,0.21210937201976776,4.535777568817139,0.21210492270271888,0.21121277844818265,0.20988471920915816
797,0.9183984398841858,0.9222540259361267,0.21257811784744263,4.561166286468506,0.21261022908973137,0.211655967143622,0.21061314737052053
798,0.9169140458106995,0.9300447702407837,0.2110937535762787,4.539090156555176,0.2109043046904862,0.2100107424757226,0.20844951958102811
799,0.9168945550918579,0.9253568053245544,0.212890625,4.517914295196533,0.21302433020260175,0.21242211862148364,0.21102182117702564
800,0.9171289205551147,0.9251769185066223,0.21375000476837158,4.537712097167969,0.2137152027307121,0.21309160261763482,0.2118055715882726
801,0.9173632860183716,0.9251258373260498,0.2169531285762787,4.531313896179199,0.21799903177892685,0.21621650729081077,0.21527536255655835
802,0.9168359637260437,0.9277268052101135,0.21437500417232513,4.5171122550964355,0.21575030392855382,0.2137009557963227,0.2128943654235336
803,0.9175586104393005,0.9253453612327576,0.21453124284744263,4.531738758087158,0.21572010347954967,0.21397763820291787,0.21320143046630158
804,0.9165234565734863,0.9304584264755249,0.21531249582767487,4.515486240386963,0.21556653632217276,0.21458369963555954,0.2136679068804907
805,0.9152734279632568,0.9322445392608643,0.21937499940395355,4.507381916046143,0.22000795488773034,0.2186443316685429,0.21754654098174983
806,0.9195703268051147,0.9219512343406677,0.21765625476837158,4.51377534866333,0.21781873971873444,0.21692620942942376,0.21540874071635635
807,0.9213671684265137,0.9177445769309998,0.21765625476837158,4.496704578399658,0.22005480256185245,0.21740461304463493,0.21687253036625215
808,0.9196484088897705,0.9212422966957092,0.2135937511920929,4.508281707763672,0.2149999265860339,0.2129603273231366,0.21198358719586058
809,0.9198242425918579,0.9186919927597046,0.2150000035762787,4.49368143081665,0.21558218748579494,0.21450482352841432,0.21338996435988633
810,0.9209179878234863,0.9150431156158447,0.2142968773841858,4.5106706619262695,0.2151318989645405,0.21386278671752573,0.21286527028161178
811,0.9200000166893005,0.91603684425354,0.21367187798023224,4.504103660583496,0.2136228024721091,0.21313915059206737,0.21156989435477694
812,0.9178711175918579,0.9228073954582214,0.21351562440395355,4.544339656829834,0.21383963225385133,0.21303382291391113,0.21175966017283798
813,0.9178125262260437,0.9230095744132996,0.21445313096046448,4.501946449279785,0.21585980979535951,0.2140474846768176,0.21325628403670027
814,0.9191796779632568,0.9165658354759216,0.21328124403953552,4.496250629425049,0.2141474870017478,0.2128476819250369,0.21193492666111136
815,0.9175586104393005,0.9250442981719971,0.2116406261920929,4.520259857177734,0.21334977272202466,0.21099561134170278,0.21038124951153853
816,0.9190429449081421,0.9184436798095703,0.21187500655651093,4.496788024902344,0.21252351466247704,0.2112731511810478,0.21037759147168644
817,0.9184179902076721,0.9183940291404724,0.21531249582767487,4.477560043334961,0.21736997983947876,0.21500539359438484,0.2146494985782897
818,0.9181445240974426,0.9187558889389038,0.21937499940395355,4.484903335571289,0.22123692945833873,0.21861367415245797,0.2181437813205963
819,0.9171484112739563,0.9253771305084229,0.21601562201976776,4.504845142364502,0.21772556417044567,0.2155366488067393,0.21474260891162839
820,0.91748046875,0.9244916439056396,0.21562500298023224,4.481756687164307,0.2165756073246107,0.2150981327898674,0.21398495421601044
821,0.918164074420929,0.9233044385910034,0.21492187678813934,4.509751796722412,0.2156278820292126,0.21466113651873722,0.2134867709234025
822,0.9171679615974426,0.9237066507339478,0.2116406261920929,4.504855155944824,0.21313876359655853,0.2112870694582791,0.2104972755021857
823,0.9204687476158142,0.914978563785553,0.21351562440395355,4.482936859130859,0.21489612484993678,0.2130957946112844,0.21223009035159107
824,0.9196875095367432,0.9159157276153564,0.2130468785762787,4.521640777587891,0.21450786820971643,0.21243342697327913,0.2116813977524245
825,0.9198242425918579,0.9175418615341187,0.21632812917232513,4.518926620483398,0.2177163784836494,0.21547343954048248,0.21474768295507374
826,0.9167578220367432,0.925029993057251,0.21187500655651093,4.527029514312744,0.21195724503682395,0.21134438158536795,0.21009849143598935
827,0.9181249737739563,0.9241486191749573,0.2150000035762787,4.524278163909912,0.21571039983514906,0.21430745461924644,0.21312741005262126
828,0.9211719036102295,0.9096875190734863,0.21421875059604645,4.514304161071777,0.21445626942269444,0.21385576646616825,0.21218453890875597
829,0.9193945527076721,0.9144139289855957,0.21335937082767487,4.531450271606445,0.21421169308834082,0.2129856322441604,0.21212254110997072
830,0.9156054854393005,0.9302093386650085,0.2095312476158142,4.527322769165039,0.21065266678487307,0.20902020059398602,0.20800401266281277
831,0.9178711175918579,0.9236566424369812,0.212890625,4.520325183868408,0.21385967417288915,0.21217820640490775,0.21131634953756706
832,0.9192578196525574,0.9183489084243774,0.21507813036441803,4.51017427444458,0.2162607524663957,0.21448981487824176,0.21354190211887736
833,0.9180273413658142,0.9214817881584167,0.21460936963558197,4.522814750671387,0.21595348935309155,0.214014408174083,0.21333874224317448
834,0.9182422161102295,0.9285826683044434,0.21335937082767487,4.545164585113525,0.21364775423928933,0.21280360245617347,0.21162152291206654
835,0.9192773699760437,0.9162351489067078,0.21632812917232513,4.518475532531738,0.21842833818172303,0.21582941702239467,0.21519339109945268
836,0.9196679592132568,0.9196076393127441,0.21031250059604645,4.543651103973389,0.21089131710323727,0.20947246785661572,0.20840896602968778
837,0.9190039038658142,0.9235891103744507,0.21445313096046448,4.533679485321045,0.21539591038137468,0.21376704733672203,0.21304866199930417
838,0.9175976514816284,0.9208148717880249,0.2169531285762787,4.505338191986084,0.21886503734275617,0.21612577947330935,0.21556820639379215
839,0.9178320169448853,0.9240297675132751,0.21960937976837158,4.493833065032959,0.22093661095215675,0.21881508215305617,0.21802634189296077
840,0.920117199420929,0.9184556007385254,0.21335937082767487,4.501494884490967,0.2129502112012455,0.21245213025740287,0.21112920103724225
841,0.9181249737739563,0.9222507476806641,0.21437500417232513,4.512925624847412,0.21568909377174175,0.21372190245713646,0.21297082606612566
842,0.9223046898841858,0.9070072174072266,0.2162500023841858,4.499142646789551,0.21767592923119122,0.2159195818680676,0.2147757922871818
843,0.9188085794448853,0.9189051985740662,0.21171875298023224,4.529600620269775,0.21287817113999896,0.21091660620188604,0.21031811532341568
844,0.9195117354393005,0.9202800989151001,0.21445313096046448,4.495726108551025,0.21476974839097596,0.21391197772779277,0.21274810962685997
845,0.9174023270606995,0.9265426397323608,0.2142968773841858,4.511836051940918,0.21423536271088292,0.21359027546176587,0.21226947457416223
846,0.9213476777076721,0.9120973944664001,0.21570312976837158,4.496379852294922,0.2163892754779636,0.2153680044804824,0.21440983915020823
847,0.9185742139816284,0.9212291240692139,0.21367187798023224,4.5125651359558105,0.21332330469459743,0.21308066723647756,0.21152971134640403
848,0.9204297065734863,0.9123815298080444,0.2114843726158142,4.53645658493042,0.21287902492885638,0.21111672601787734,0.21020688644883395
849,0.9209179878234863,0.909666121006012,0.21460936963558197,4.5034918785095215,0.21562277643633568,0.21416119933659397,0.21304979521550685
850,0.9193359613418579,0.9172666668891907,0.21460936963558197,4.51032829284668,0.21524967796643915,0.21406555352397594,0.21291376925238015
851,0.9183008074760437,0.9161521196365356,0.21421875059604645,4.5115861892700195,0.2159866124326995,0.21370089448590843,0.21283229646514268
852,0.9200390577316284,0.9155297875404358,0.21687500178813934,4.507284641265869,0.21722229367999896,0.21597418325628143,0.21513559977819544
853,0.9189453125,0.9162560105323792,0.21773438155651093,4.483222961425781,0.2183470378114981,0.21715952992262127,0.2161999057675818
854,0.9208984375,0.9110389947891235,0.2182031273841858,4.4868903160095215,0.21912060665252808,0.2175252465015432,0.21681423057176172
855,0.9190039038658142,0.9167158603668213,0.21632812917232513,4.512221813201904,0.2166857388143188,0.2155832098325967,0.21445246954753686
856,0.9163671731948853,0.9304073452949524,0.21570312976837158,4.512167453765869,0.21604563863136972,0.21478520039110097,0.2138829900873721
857,0.9175390601158142,0.9233746528625488,0.21656249463558197,4.51636266708374,0.2172171160983321,0.2161567747470634,0.21506585731327815
858,0.9164453148841858,0.9245028495788574,0.2169531285762787,4.50611686706543,0.21841153034555316,0.2165241638611474,0.2156154108063427
859,0.9178125262260437,0.923521876335144,0.2142968773841858,4.508085250854492,0.2132287216414751,0.21369623669734833,0.2119713394225493
860,0.9163671731948853,0.9226256012916565,0.21914061903953552,4.516221523284912,0.2206475896264689,0.2188535916548701,0.21807704721480525
861,0.9181835651397705,0.9211893677711487,0.21531249582767487,4.521378993988037,0.21569775432047625,0.21512733333929285,0.2138972525467017
862,0.9166406393051147,0.9285154938697815,0.21601562201976776,4.501516342163086,0.21632413797202613,0.21566004943466163,0.21420170779578218
863,0.9171484112739563,0.9258140325546265,0.21570312976837158,4.537163734436035,0.21659443413748106,0.21515778631472532,0.2142901042435139
864,0.917675793170929,0.9187705516815186,0.21617187559604645,4.512933254241943,0.216731200088488,0.21573415450271144,0.21464763535503606
865,0.9199804663658142,0.9153324365615845,0.21726562082767487,4.494235992431641,0.21758783919663344,0.21657632063556162,0.2154564740803332
866,0.9206836223602295,0.9139695167541504,0.2162500023841858,4.505327224731445,0.21814967348632577,0.21568556126683255,0.2151119444719663
867,0.9220312237739563,0.9085503220558167,0.21765625476837158,4.502582550048828,0.21993445663844963,0.21745049273502495,0.2167524651852919
868,0.9195898175239563,0.9139300584793091,0.2208593785762787,4.4764790534973145,0.2229925346965685,0.22040238310764354,0.21993642229659421
869,0.9184374809265137,0.917142927646637,0.21687500178813934,4.525908470153809,0.21814728898902636,0.2164219185676504,0.21557390604641938
870,0.9177929759025574,0.9201849102973938,0.21843749284744263,4.497209548950195,0.21939925590135123,0.21792653657234395,0.21686272025391717
871,0.9181835651397705,0.9179103970527649,0.2153906226158142,4.530053615570068,0.21661099522015126,0.21520900724239078,0.2141366506259335
872,0.9198437333106995,0.9127441644668579,0.21718749403953552,4.517906665802002,0.2177345417811659,0.21643333289621838,0.21522767329477832
873,0.9183593988418579,0.9224690198898315,0.21570312976837158,4.516042709350586,0.21707934175651744,0.21520732430313422,0.21419579238253444
874,0.9200976490974426,0.9159221053123474,0.2175000011920929,4.493612289428711,0.21828676811998748,0.2169154347744914,0.21605129576922544
875,0.9206249713897705,0.917079746723175,0.2173437476158142,4.492173671722412,0.21727217045203825,0.21669340253288805,0.21554771679347254
876,0.919726550579071,0.9132952094078064,0.2146874964237213,4.497992992401123,0.2157753055531543,0.21390284442544216,0.2132825768405271
877,0.9199023246765137,0.9163143038749695,0.21242187917232513,4.505734443664551,0.2145117121900172,0.2118731710257033,0.21149594865839666
878,0.9192773699760437,0.9139845371246338,0.21445313096046448,4.490627765655518,0.2142414337798973,0.21411765827269896,0.21262866057616617
879,0.9197656512260437,0.9182913303375244,0.21390624344348907,4.507236480712891,0.21442221285217528,0.2134112565351227,0.2125016597184562
880,0.9183984398841858,0.9178131222724915,0.21070311963558197,4.531031608581543,0.21192401795750376,0.21031289966511033,0.20947464178009254
881,0.919726550579071,0.9119675159454346,0.20992188155651093,4.523655891418457,0.2113097988354473,0.20961933054748963,0.2090172294719584
882,0.9191796779632568,0.9124006628990173,0.21601562201976776,4.524631500244141,0.21709107106737416,0.2155102845565187,0.21467985299702924
883,0.920214831829071,0.9124251008033752,0.21531249582767487,4.503657341003418,0.2178981814140877,0.2149536789561595,0.21471238209168467
884,0.921679675579071,0.9101197123527527,0.21242187917232513,4.513543605804443,0.2136230796115913,0.21190773770115368,0.2113935771940456
885,0.9222460985183716,0.9066455364227295,0.2160937488079071,4.487466812133789,0.21731096706662634,0.21573689193719128,0.21499211090964962
886,0.9202343821525574,0.908613920211792,0.2166406214237213,4.472403049468994,0.21705417910148853,0.21580092821194258,0.21449386712489263
887,0.9181445240974426,0.9185298681259155,0.21531249582767487,4.510499954223633,0.21664735516358813,0.21457146619316042,0.21393622883771207
888,0.9183008074760437,0.9203232526779175,0.21375000476837158,4.5201616287231445,0.21411132082480383,0.21315292876059783,0.2121670787957327
889,0.9173632860183716,0.9221943020820618,0.21906250715255737,4.483858585357666,0.22057332421171022,0.2184853737672343,0.21788245824810484
890,0.9204882979393005,0.9165202975273132,0.2180468738079071,4.512160778045654,0.21966043968516585,0.2176490264151108,0.2166429223460133
891,0.9218359589576721,0.9058001041412354,0.2182031273841858,4.499258518218994,0.21875615366606582,0.217664823263369,0.21654590645264943
892,0.91796875,0.9204030632972717,0.21585936844348907,4.502617359161377,0.21658682666070628,0.21513876420254963,0.21413336316821097
893,0.9170312285423279,0.918595552444458,0.21812500059604645,4.509483814239502,0.21928655974971922,0.21780494063985367,0.21685353415523
894,0.9191015362739563,0.9183372259140015,0.2134374976158142,4.5251946449279785,0.21522171367714782,0.21294638399344362,0.2122918528222922
895,0.9201953411102295,0.9119631052017212,0.21835938096046448,4.5018086433410645,0.21910558300862232,0.21761908849116682,0.21673107152222879
896,0.9217773675918579,0.9177060723304749,0.21632812917232513,4.4837846755981445,0.21724999111115995,0.21591839413975975,0.21499500879287944
897,0.9226367473602295,0.9056453108787537,0.21960937976837158,4.467503070831299,0.22163003451560437,0.2190018962539424,0.21831317997373534
898,0.9202734231948853,0.9145106673240662,0.21570312976837158,4.500631809234619,0.21646391136129567,0.21505561496537282,0.21420144804491525
899,0.9216210842132568,0.9099879264831543,0.21601562201976776,4.488805770874023,0.21644054854582753,0.21536035512422477,0.2139871084485464
900,0.9212499856948853,0.909440279006958,0.21593749523162842,4.515687942504883,0.2168823745713024,0.2154493240366531,0.21462727675535043
901,0.9200195074081421,0.9122134447097778,0.21718749403953552,4.508096694946289,0.21862003337540004,0.21664293515662886,0.21590773822623782
902,0.9233788847923279,0.8992246985435486,0.2160937488079071,4.497644424438477,0.21713982128907608,0.21551082566097501,0.214634801961594
903,0.9200780987739563,0.9118612408638,0.21992187201976776,4.488734722137451,0.2213870500337845,0.2191115343425778,0.21848587089287133
904,0.9200390577316284,0.9107356071472168,0.2199999988079071,4.488665580749512,0.221219445607169,0.21921563074445571,0.21855758502707748
905,0.9188867211341858,0.9167835116386414,0.21968750655651093,4.4912333488464355,0.22059611345281058,0.21918455846257448,0.2180941688931194
906,0.9203711152076721,0.9159278273582458,0.21796874701976776,4.494964122772217,0.2181863544780091,0.21743557561355764,0.21647367130520273
907,0.9157617092132568,0.9273530840873718,0.2153906226158142,4.510751247406006,0.2161999884308841,0.21495974520843122,0.21412198015258527
908,0.9187109470367432,0.9190846085548401,0.21171875298023224,4.532731056213379,0.21287503420992238,0.21101146727491088,0.21036679213329257
909,0.9204491972923279,0.911925196647644,0.21250000596046448,4.542520999908447,0.21317604735639983,0.21183517136231086,0.2107432222098188
910,0.9200195074081421,0.9124077558517456,0.21226562559604645,4.541280746459961,0.21355657679554624,0.21173137609007858,0.21101425897924647
911,0.9218164086341858,0.9083042144775391,0.21515625715255737,4.500110149383545,0.21586768679149063,0.2144917424203408,0.21365140019179096
912,0.9201366901397705,0.9117445349693298,0.21640625596046448,4.488385200500488,0.21733652370584725,0.21555518261012568,0.21471054160593406
913,0.9193945527076721,0.9170219898223877,0.21570312976837158,4.485027313232422,0.21602023674344653,0.21481131528230607,0.21385498164236622
914,0.9214453101158142,0.9109985828399658,0.21515625715255737,4.47707986831665,0.21631713481503564,0.21426464753782154,0.21329211130033643
915,0.9200000166893005,0.912321925163269,0.22078125178813934,4.494617462158203,0.22170835939721678,0.21995241895105505,0.21894436191907626
916,0.9215624928474426,0.90696120262146,0.2175000011920929,4.51805305480957,0.21967504530383125,0.2168551772324611,0.2161165346631183
917,0.9233984351158142,0.9022271037101746,0.21375000476837158,4.510399341583252,0.21511158076498693,0.21343336036777538,0.2125872854274623
918,0.9219921827316284,0.9070894718170166,0.21351562440395355,4.517477035522461,0.21470239651245154,0.2130146021035063,0.21239017917798372
919,0.9218359589576721,0.9056025147438049,0.2162500023841858,4.502816677093506,0.2168563954196602,0.2152947791845472,0.2141780142112477
920,0.9202343821525574,0.9090378284454346,0.21617187559604645,4.4882683753967285,0.21760693016971638,0.21587900540661958,0.21481063549372567
921,0.923144519329071,0.9036944508552551,0.21640625596046448,4.530588626861572,0.21723307352713062,0.2160910674655015,0.21501280785909715
922,0.9218554496765137,0.9090593457221985,0.2160937488079071,4.507885456085205,0.2162643223970781,0.21516860238439525,0.21420326930863043
923,0.920214831829071,0.9110876321792603,0.21406249701976776,4.550216197967529,0.21417956430562907,0.21326634394171778,0.21217613200973404
924,0.9228515625,0.9025474786758423,0.21742187440395355,4.499991416931152,0.21665534103934692,0.21675578179450838,0.2152179267015197
925,0.92041015625,0.9116916656494141,0.21742187440395355,4.509637832641602,0.21811110441744364,0.21710714044625845,0.21606014182646516
926,0.9201757907867432,0.9113954305648804,0.21375000476837158,4.511626720428467,0.21518044907022182,0.21326154507678724,0.21247792724083137
927,0.9173632860183716,0.9134524464607239,0.2121874988079071,4.522120952606201,0.21199974875480393,0.21156417739490058,0.21037520421869768
928,0.921582043170929,0.9082944989204407,0.2173437476158142,4.520921230316162,0.21744391073988859,0.2170022240939973,0.21546761967439915
929,0.9214843511581421,0.9123483896255493,0.21835938096046448,4.503747463226318,0.2195777202229281,0.21773991423087463,0.21684466237636263
930,0.9198242425918579,0.9157565832138062,0.22093750536441803,4.490474700927734,0.2218046352784637,0.22025281027452281,0.21944266968372472
931,0.9173828363418579,0.9192295670509338,0.21851561963558197,4.514076232910156,0.21942565686065646,0.2178887982453362,0.21708104667500672
932,0.9192187786102295,0.9091212749481201,0.21203124523162842,4.5469160079956055,0.21218516730889048,0.21162006510533882,0.21032800703952853
933,0.917285144329071,0.9208309650421143,0.21515625715255737,4.541193962097168,0.2163507775074353,0.21433458908648256,0.21352064121419512
934,0.91943359375,0.9143238663673401,0.21226562559604645,4.545088768005371,0.21245392724540557,0.21134044587640688,0.21033542348868425
935,0.9235742092132568,0.9026557207107544,0.21687500178813934,4.5341901779174805,0.21806823665436467,0.21642618895039067,0.21550601724070614
936,0.9225195050239563,0.9039432406425476,0.2134374976158142,4.509571552276611,0.21387912071311974,0.2125985588487177,0.21156360604453084
937,0.9231054782867432,0.9033969640731812,0.2169531285762787,4.500688552856445,0.21868615069493152,0.21638182341906192,0.2158842680277955
938,0.9217187762260437,0.9080482721328735,0.21703125536441803,4.519115924835205,0.21809891073092835,0.21646611725223808,0.2156659564730079
939,0.9198046922683716,0.9140385985374451,0.21570312976837158,4.512009143829346,0.21616232235650584,0.21479059816264226,0.21392763019921474
940,0.9216210842132568,0.9098883867263794,0.2141406238079071,4.5488362312316895,0.21550777169226143,0.21328582164582216,0.21276089977845314
941,0.9178515672683716,0.9156534671783447,0.21507813036441803,4.553923606872559,0.2152026014595891,0.21450514564204895,0.21334766608066924
942,0.9177929759025574,0.9213923811912537,0.2142968773841858,4.550491809844971,0.214700023972068,0.21365278849544816,0.2126153291206057
943,0.9193359613418579,0.9141231775283813,0.21125000715255737,4.5352396965026855,0.21229360416695545,0.21084203415701513,0.21001766804654384
944,0.9194531440734863,0.9157137870788574,0.21257811784744263,4.518665313720703,0.2137036293528211,0.21199278868895755,0.2112269742876272
945,0.9189257621765137,0.9149343371391296,0.21937499940395355,4.4939117431640625,0.2199486566374428,0.21899793237702198,0.21778639176578096
946,0.92041015625,0.9149145483970642,0.21531249582767487,4.518456935882568,0.21539375844966513,0.21472821097729097,0.21332055554820978
947,0.9215234518051147,0.906690776348114,0.22265625,4.487646102905273,0.22343216392501808,0.22195248026105038,0.22101983782485587
948,0.9224218726158142,0.9078519940376282,0.21953125298023224,4.497105598449707,0.2203408754911412,0.21920568927319492,0.2181908508399483
949,0.924609363079071,0.9002983570098877,0.22132812440395355,4.499301433563232,0.22194228608879352,0.22093499116969603,0.21951868100265637
950,0.9256250262260437,0.8953841924667358,0.2169531285762787,4.501509666442871,0.2178922522078165,0.21678085499400718,0.21556067204116497
951,0.9203125238418579,0.9073097705841064,0.21796874701976776,4.524986743927002,0.21898438110982285,0.21739947327073014,0.2165045016335356
952,0.9215039014816284,0.9075781106948853,0.2162500023841858,4.5189337730407715,0.2167651505709236,0.21582825620827245,0.21473335501459345
953,0.9232422113418579,0.8995563983917236,0.22242186963558197,4.485324382781982,0.22379021892233425,0.2219160425796144,0.221269305420492
954,0.9224218726158142,0.9081498980522156,0.2166406214237213,4.496395587921143,0.2176985936598534,0.21620018119379808,0.2154256490849949
955,0.9218164086341858,0.905620813369751,0.21601562201976776,4.48112678527832,0.21622740192296003,0.2152385320097433,0.21415388559903792
956,0.9225195050239563,0.9050428867340088,0.22351562976837158,4.480152606964111,0.22411789047681985,0.22293566987548635,0.22183478516515562
957,0.9203906059265137,0.9112986922264099,0.21835938096046448,4.507844924926758,0.21849636230256828,0.21774846199454817,0.21655452075170367
958,0.9227929711341858,0.9050270318984985,0.22007812559604645,4.511750221252441,0.2207148935200838,0.21930511236303374,0.21822538074951375
959,0.9209570288658142,0.9097923040390015,0.22226563096046448,4.500913619995117,0.22300544739149109,0.2216747405281499,0.22032190901974613
960,0.9214257597923279,0.9035152196884155,0.21781249344348907,4.492280006408691,0.21903611746352566,0.2173147432303105,0.21647853663605643
961,0.920703113079071,0.9104495048522949,0.22257812321186066,4.4965667724609375,0.2246710583853221,0.2224249353801799,0.22162911748031092
962,0.9225976467132568,0.903602659702301,0.22171874344348907,4.502102851867676,0.22295561746791775,0.22148190521849614,0.2202731153403571
963,0.9228515625,0.901201605796814,0.22296875715255737,4.506659984588623,0.2234071249567941,0.2226077612063868,0.22129316022012796
964,0.9233202934265137,0.9046331644058228,0.22164063155651093,4.500331878662109,0.221771709528733,0.22138351536896414,0.21989526128781178
965,0.9203515648841858,0.909071147441864,0.22453124821186066,4.484433650970459,0.22529653282538414,0.22423192461544134,0.22312948805573943
966,0.9176952838897705,0.9180840849876404,0.22101563215255737,4.495450973510742,0.22192879077865263,0.22083126324730454,0.21981594943364482
967,0.9216210842132568,0.9050161242485046,0.21867187321186066,4.484731197357178,0.21886244548581596,0.2181833320317092,0.21665895100859567
968,0.922558605670929,0.903560996055603,0.21921874582767487,4.485940456390381,0.220012846699097,0.2187561596369719,0.2175765589783545
969,0.9229491949081421,0.9002290964126587,0.22078125178813934,4.476746559143066,0.221366299008314,0.2203432928858834,0.21912332007274185
970,0.922656238079071,0.9017353057861328,0.22164063155651093,4.479745388031006,0.22220365224475147,0.22143572538094955,0.22013975536784458
971,0.9220312237739563,0.9050317406654358,0.22039061784744263,4.5102219581604,0.22049349085693865,0.22013723649810069,0.21872629178244382
972,0.9198242425918579,0.9095255136489868,0.21953125298023224,4.492495059967041,0.22030222211989708,0.21916378400949893,0.21813197931985231
973,0.9201953411102295,0.9081497192382812,0.21867187321186066,4.491819381713867,0.21972248610249445,0.2182640997721476,0.21730304403904102
974,0.9186718463897705,0.9172925353050232,0.22203125059604645,4.517464637756348,0.22391943177209592,0.22138656236730084,0.22088674465656888
975,0.9221093654632568,0.9070631265640259,0.22039061784744263,4.5018510818481445,0.22189880717055777,0.22010253796290943,0.21921972309624307
976,0.9214257597923279,0.9061071276664734,0.22273437678813934,4.483303070068359,0.2237718140338238,0.22248474878560917,0.22136084700923925
977,0.921875,0.9088667035102844,0.22046874463558197,4.490979194641113,0.2216976175920266,0.21984512028666023,0.21924767903818704
978,0.922070324420929,0.9077158570289612,0.21703125536441803,4.512119770050049,0.21808088742014745,0.21665603245812776,0.21580910304631284
979,0.9238671660423279,0.9025311470031738,0.21742187440395355,4.498274326324463,0.21787471027583677,0.2172823628360063,0.21591485284186204
980,0.9236133098602295,0.9023826122283936,0.2224999964237213,4.507364273071289,0.2234120187028571,0.22211294158788458,0.22096639893373954
981,0.9221484661102295,0.9084529280662537,0.22031250596046448,4.514114856719971,0.2219255839304508,0.21988206956324607,0.2192458924452842
982,0.9209570288658142,0.9066258072853088,0.22312499582767487,4.50175666809082,0.22424976015161674,0.2227535328930865,0.2217721287534138
983,0.9201562404632568,0.915071427822113,0.21937499940395355,4.51365852355957,0.21956974452023628,0.21903273690207636,0.21785134010381343
984,0.924121081829071,0.9002733826637268,0.21875,4.497134208679199,0.21922425489162306,0.21849891307150354,0.21718144964684039
985,0.9234960675239563,0.9013683199882507,0.21953125298023224,4.493997573852539,0.2212581785305208,0.21941526562644753,0.218714609901488
986,0.9226757884025574,0.9064794778823853,0.220703125,4.509777545928955,0.22155953550384289,0.22020273598237708,0.21936187271004226
987,0.9241601824760437,0.8992766737937927,0.22273437678813934,4.480467796325684,0.22405148847495895,0.22234670698462755,0.2215027011989762
988,0.921093761920929,0.9037619829177856,0.22648437321186066,4.489680767059326,0.22825913026085598,0.22636463247217745,0.22537892258979542
989,0.92041015625,0.9066436290740967,0.21710938215255737,4.5119309425354,0.21898726393265733,0.216499168527518,0.21610516122186565
990,0.920605480670929,0.9044262766838074,0.22148437798023224,4.497147083282471,0.2224543011096652,0.22101373999918694,0.2199320862229442
991,0.9211132526397705,0.9010560512542725,0.22664062678813934,4.479154586791992,0.22752855150226725,0.2259511844453077,0.2251059092862242
992,0.9224023222923279,0.9044958353042603,0.21914061903953552,4.506289482116699,0.21904544345871224,0.21861846401741217,0.21727483141465015
993,0.9221093654632568,0.9030434489250183,0.21851561963558197,4.511518955230713,0.21965075920986066,0.21813786937215482,0.21747186372190233
994,0.9233593940734863,0.8982620239257812,0.2205468714237213,4.492992877960205,0.2213255157032939,0.22000272135809315,0.2189288660105335
995,0.9238476753234863,0.8986742496490479,0.21984374523162842,4.5268449783325195,0.22039647935263793,0.21911360558505294,0.21804063628412934
996,0.9242578148841858,0.8951577544212341,0.22226563096046448,4.511476039886475,0.22395990092563994,0.22167395834228254,0.22110814770878284
997,0.9226757884025574,0.9042894244194031,0.22179687023162842,4.489408016204834,0.2232122737001252,0.2214700257256198,0.22055652869406273
998,0.9241796731948853,0.9019209146499634,0.22062499821186066,4.496330738067627,0.22145178257017684,0.22028376741329628,0.2193303517735295
999,0.9207226634025574,0.9038968086242676,0.2219531238079071,4.497239112854004,0.2223956547247351,0.2213188843064628,0.22041970001739836
