epoch,accuracy,loss,val_accuracy,val_loss,val_precision,val_recall,val_f1
0,0.004023437388241291,11.146780967712402,0.0035156249068677425,10.607600212097168,0.0027101944488016195,0.0034899846262537717,0.0027606191227538272
1,0.005859375,10.749939918518066,0.003281249897554517,10.357819557189941,0.0031427631927357274,0.0032607561346403857,0.0030701884265883967
2,0.007402343675494194,10.425017356872559,0.004062499850988388,10.147624969482422,0.004317159792510308,0.004143479410971649,0.004043134973183083
3,0.00966796837747097,10.127350807189941,0.003984374925494194,9.952454566955566,0.004319735335994719,0.00394824604558414,0.0039377752497585855
4,0.011542968451976776,9.85071086883545,0.0043750000186264515,9.765244483947754,0.003638473466755385,0.0042629684293878515,0.003825816122133523
5,0.014609375037252903,9.58239459991455,0.004921874962747097,9.585489273071289,0.00471273516005619,0.004838657878708118,0.004523699269086993
6,0.017324218526482582,9.342757225036621,0.0054687499068677425,9.414689064025879,0.005055574362713122,0.005343967587764037,0.004935128929982158
7,0.022636719048023224,9.101985931396484,0.004765625111758709,9.251819610595703,0.004510684447930883,0.004729489039681797,0.004435421571439096
8,0.025078125298023224,8.873149871826172,0.004765625111758709,9.096890449523926,0.004541663510828988,0.0046898554160371,0.004478325582954552
9,0.027109375223517418,8.669075012207031,0.0052343751303851604,8.94730281829834,0.005308595738440036,0.005109566547059637,0.004978901287170134
10,0.032402344048023224,8.462450981140137,0.005078124813735485,8.806713104248047,0.0049114155280032615,0.004940627821285504,0.004744080878059732
11,0.03902343660593033,8.26142406463623,0.005156250204890966,8.671018600463867,0.0048993375221892165,0.005032377892513018,0.0048171427395799216
12,0.04337890446186066,8.084084510803223,0.005859375,8.543012619018555,0.005118929986863838,0.005729695652976256,0.0052516707644692275
13,0.0478515625,7.8934173583984375,0.005781250074505806,8.415809631347656,0.005458201303768514,0.005632419534335919,0.0053558353116223605
14,0.055546876043081284,7.721845626831055,0.006640625186264515,8.295746803283691,0.006123906632366097,0.006497038814722132,0.006118455292445276
15,0.060917969793081284,7.549437999725342,0.0064062499441206455,8.177978515625,0.00596961486002647,0.0062615772532423584,0.005947909520167233
16,0.0681445300579071,7.393682956695557,0.0074218749068677425,8.064835548400879,0.008008596663999962,0.007284391090559704,0.0070760862168860374
17,0.07753906399011612,7.229215621948242,0.009062499739229679,7.9526262283325195,0.008596258865412265,0.008871280521393611,0.008402464042289498
18,0.08443359285593033,7.068113327026367,0.010078124701976776,7.842344284057617,0.010243240897304318,0.009875047562558727,0.009563362399351842
19,0.09242187440395355,6.9199042320251465,0.008828124962747097,7.733738422393799,0.00880058652857912,0.008666638265367238,0.008379706145215896
20,0.10244140774011612,6.763867378234863,0.011250000447034836,7.6289849281311035,0.010965265408369158,0.011082312626577598,0.010685172427548392
21,0.11179687827825546,6.6133575439453125,0.010625000111758709,7.52182674407959,0.01040986961943323,0.010491553597560634,0.010110205017052922
22,0.12001953274011612,6.481410503387451,0.011093749664723873,7.420068264007568,0.0110382562079742,0.010921666364529115,0.010563878326703675
23,0.12921875715255737,6.336887359619141,0.011953124776482582,7.325284481048584,0.012912535412911378,0.011880945366600844,0.011898591449431008
24,0.1397070288658142,6.2014336585998535,0.012578125111758709,7.235034942626953,0.011992977466696527,0.012384635596300687,0.011821297726636426
25,0.1506640613079071,6.062990665435791,0.012187499552965164,7.14980411529541,0.012106384101451685,0.011959687469931932,0.01158493269319709
26,0.1611914038658142,5.939912796020508,0.014765624888241291,7.068178176879883,0.014595077681538738,0.014494605340042474,0.014064651092235297
27,0.17101562023162842,5.814911365509033,0.015937499701976776,6.984991073608398,0.015798353551056864,0.015627090806364423,0.015165195738868218
28,0.18041016161441803,5.692722797393799,0.01664062589406967,6.906682014465332,0.016592808368491575,0.01642432516206068,0.016059491049216848
29,0.19404296576976776,5.574611186981201,0.017500000074505806,6.834928035736084,0.017160579760002143,0.01723413705937941,0.016784350945424156
30,0.20617187023162842,5.461047172546387,0.019375000149011612,6.761899471282959,0.01928862665725284,0.019121417754037525,0.01864368612037397
31,0.21628905832767487,5.342819690704346,0.01992187462747097,6.692925930023193,0.01946268644729183,0.019601234173211288,0.018988172163515293
32,0.22947265207767487,5.227294921875,0.022578125819563866,6.620368003845215,0.022453471381796,0.022244975114665298,0.021681673545867017
33,0.23826171457767487,5.116830348968506,0.023749999701976776,6.559096813201904,0.024058276687618993,0.02345043459317305,0.023211900345919908
34,0.2522656321525574,5.006424427032471,0.025546874850988388,6.490328788757324,0.025358590354140016,0.02510904660972537,0.02464438851202464
35,0.26374998688697815,4.897120952606201,0.025937499478459358,6.429401874542236,0.026306163488956175,0.02561815229087688,0.025328666460134864
36,0.2745312452316284,4.795804023742676,0.029765624552965164,6.368122577667236,0.029661778774957608,0.029416463099343492,0.028837374217511216
37,0.28843748569488525,4.6943559646606445,0.031562499701976776,6.316425800323486,0.03154895122345003,0.031236534777506157,0.030743284917274502
38,0.2981249988079071,4.599886417388916,0.031015625223517418,6.2532124519348145,0.03070357565948898,0.030699934171253888,0.030043758683509385
39,0.3147265613079071,4.4959588050842285,0.033203125,6.202767848968506,0.03305198131634457,0.03284042329739224,0.032191134964367575
40,0.32679688930511475,4.3997416496276855,0.03492187336087227,6.149052619934082,0.03502377099411906,0.03444743003178799,0.034023079489124856
41,0.3363671898841858,4.315431118011475,0.03476562350988388,6.095186710357666,0.034829018504491605,0.03432325505216537,0.03394431072411827
42,0.3494531214237213,4.221133232116699,0.036406248807907104,6.047488212585449,0.03665724637924818,0.03597604300757296,0.03564633318706817
43,0.35951173305511475,4.137684345245361,0.04039062559604645,5.997673511505127,0.039556875734729484,0.04004709406858044,0.03911688201060555
44,0.37376952171325684,4.047382354736328,0.04195312410593033,5.946059703826904,0.04282965368904172,0.04161466253618275,0.04145132469406916
45,0.3834570348262787,3.9675142765045166,0.04398437589406967,5.904943943023682,0.043862365080973145,0.04365597305632118,0.043068894604913435
46,0.3963867127895355,3.8811845779418945,0.04531250149011612,5.865997314453125,0.04592811319602428,0.04487532467642716,0.04459141986885394
47,0.4110156297683716,3.7933359146118164,0.048124998807907104,5.8168439865112305,0.04824302075385552,0.04781172286976252,0.04732119872660598
48,0.4181445240974426,3.719351291656494,0.04890625178813934,5.77924919128418,0.04950635728421465,0.04862927830594875,0.04833093416909107
49,0.4295117259025574,3.6482512950897217,0.05093749985098839,5.741599082946777,0.0512386970163945,0.050528193512872646,0.05015768165991333
50,0.4396288990974426,3.5799996852874756,0.053593751043081284,5.711553573608398,0.053685932357690085,0.05315518311244382,0.05271050838444137
51,0.44957029819488525,3.511897087097168,0.05640624836087227,5.6705169677734375,0.05653965408774683,0.05604011282134907,0.05564681305406094
52,0.4609960913658142,3.437880039215088,0.05656249821186066,5.634421348571777,0.05632393427033135,0.05601932213865772,0.0555355198475225
53,0.47175779938697815,3.370267868041992,0.05882812663912773,5.59956169128418,0.05855187556874049,0.05825752207501206,0.05779236367201994
54,0.47751954197883606,3.312004327774048,0.059843748807907104,5.57112979888916,0.060104351250400964,0.05924230966717275,0.058890458984084244
55,0.4886718690395355,3.2545623779296875,0.06367187201976776,5.5408477783203125,0.06381795038405491,0.06300126982447912,0.06258362744467605
56,0.5012890696525574,3.186037302017212,0.06390625238418579,5.508526802062988,0.06462342799010694,0.06354619344247624,0.06334939313432654
57,0.5084570050239563,3.1299142837524414,0.0671093761920929,5.478201866149902,0.06738831895809819,0.06652439734863,0.06612026907850502
58,0.5204296708106995,3.0769541263580322,0.06929687410593033,5.450934886932373,0.06958671183305404,0.06874819020787273,0.06831243523140965
59,0.5276952981948853,3.0186877250671387,0.06843750178813934,5.424123764038086,0.0686985650124495,0.06788500511961167,0.06741138888431122
60,0.5402148365974426,2.957368850708008,0.0696093738079071,5.398254871368408,0.07013599241202031,0.0692541632893399,0.06884171031871106
61,0.5446875095367432,2.9136054515838623,0.07406249642372131,5.375199794769287,0.07433580460273978,0.07347246647285799,0.07299684909458365
62,0.555468738079071,2.8639795780181885,0.07390625029802322,5.350620746612549,0.07420234810911194,0.0732393774190856,0.07290056555755767
63,0.5621484518051147,2.807246685028076,0.07539062201976776,5.338592052459717,0.07554346086795159,0.0747653276575073,0.07432718935094276
64,0.5721484422683716,2.764744520187378,0.07632812857627869,5.297949314117432,0.07672124694844709,0.07572205456955582,0.07524939442200897
65,0.5779687762260437,2.7195327281951904,0.078125,5.281981945037842,0.07752623209476789,0.0775630892395668,0.07678152275181102
66,0.5849218964576721,2.6856155395507812,0.08039062470197678,5.259820461273193,0.08022132703186718,0.07993835011692718,0.07924101956611286
67,0.5954883098602295,2.6359429359436035,0.08281250298023224,5.2272419929504395,0.08326788187491457,0.08220461176443154,0.08175821324238788
68,0.601757824420929,2.5904159545898438,0.08210937678813934,5.20941162109375,0.08222587949301416,0.08156445310563086,0.08106392054903352
69,0.609375,2.549448251724243,0.08492187410593033,5.186729907989502,0.08416724169580411,0.0843308200652107,0.08338374512307281
70,0.6187890768051147,2.504955768585205,0.08734375238418579,5.1629157066345215,0.08732397316745526,0.0867024851379498,0.08616933910587588
71,0.6207616925239563,2.48382568359375,0.08726562559604645,5.134677886962891,0.08705692323366906,0.08658518876477514,0.08602004265684302
72,0.625781238079071,2.4433000087738037,0.08726562559604645,5.115740776062012,0.08737802838506814,0.08660475182020447,0.08607424790326929
73,0.6374218463897705,2.4010329246520996,0.08882812410593033,5.1076555252075195,0.08904694665791485,0.08818477364295327,0.08781893593421297
74,0.6408789157867432,2.3697657585144043,0.09343750029802322,5.081157207489014,0.09341645416444541,0.09276500812673685,0.09216144585980604
75,0.6482031345367432,2.3379199504852295,0.09289062768220901,5.066755771636963,0.09336524087278414,0.09253492551035505,0.09198236792319447
76,0.6526172161102295,2.3070764541625977,0.0930468738079071,5.058608531951904,0.09335219796631153,0.092526147619085,0.09212999292763385
77,0.6590039134025574,2.2762999534606934,0.09515625238418579,5.033536434173584,0.09692585709121883,0.09484727121318431,0.09471487154585503
78,0.6610742211341858,2.2550265789031982,0.099609375,5.0256452560424805,0.099792517904319,0.09903682373488787,0.09839444979448363
79,0.6710351705551147,2.219592332839966,0.09749999642372131,5.00700044631958,0.09825810954951013,0.09693657934177269,0.09658705351373328
80,0.6763476729393005,2.191781997680664,0.09765625,4.995728969573975,0.09698483986815268,0.09703300898775616,0.09601500812938835
81,0.6786523461341858,2.166001796722412,0.10078124701976776,4.9794793128967285,0.10106550716021367,0.10036258026584069,0.0996988056750867
82,0.6832226514816284,2.143066644668579,0.10335937142372131,4.961087703704834,0.10382658070913514,0.10280297458924051,0.10232260924918175
83,0.6892187595367432,2.117008924484253,0.10070312768220901,4.968014240264893,0.10152348197327515,0.10033397712410294,0.09991261000004864
84,0.692089855670929,2.098031997680664,0.10070312768220901,4.940882205963135,0.1001746994189763,0.10019752898732373,0.09937793482717541
85,0.7000390887260437,2.0647764205932617,0.10507812350988388,4.921330451965332,0.10534974956804985,0.1044968914057547,0.10394808877142865
86,0.7017773389816284,2.0453450679779053,0.10249999910593033,4.918255805969238,0.10246936900410578,0.10191114023183034,0.10124088801374578
87,0.7056445479393005,2.0220143795013428,0.1067187488079071,4.901075839996338,0.10720970844497388,0.1061392195587301,0.10556288481112744
88,0.7128515839576721,1.9974546432495117,0.10546875,4.891178131103516,0.10506103706462161,0.10461298524419305,0.10382693996451453
89,0.7130468487739563,1.979179859161377,0.10890624672174454,4.881936073303223,0.10898555757790435,0.10829954770631431,0.1076289278145443
90,0.7194140553474426,1.955782175064087,0.10898437350988388,4.866048812866211,0.10826262871435861,0.10817561689875282,0.10736422689009723
91,0.7222265601158142,1.941838264465332,0.11124999821186066,4.860625743865967,0.11180392077427453,0.1107431578914203,0.11023019652967853
92,0.7227343916893005,1.9313111305236816,0.11179687827825546,4.850765705108643,0.11204202357571244,0.11119885010777183,0.11048183794525002
93,0.72900390625,1.9076402187347412,0.11164062470197678,4.838054180145264,0.11281201059767362,0.11115957452737596,0.11062183565150385
94,0.7322070598602295,1.8933730125427246,0.11351562291383743,4.828885555267334,0.11457426141429652,0.11276001506381358,0.1125689562843683
95,0.738085925579071,1.8643604516983032,0.11476562172174454,4.815855979919434,0.11514978564599786,0.11412357120900193,0.11339294459415308
96,0.7389453053474426,1.8471457958221436,0.11757812649011612,4.799849033355713,0.1184456403640502,0.11691571015169663,0.11653873406582689
97,0.7413671612739563,1.8288967609405518,0.1159375011920929,4.7919511795043945,0.11596993173348596,0.11514748640486028,0.11445437385490942
98,0.7391406297683716,1.829035997390747,0.12156250327825546,4.782111167907715,0.12190185213245303,0.12084510828830783,0.12011180972359192
99,0.7502539157867432,1.7967500686645508,0.12054687738418579,4.763181686401367,0.11989017388909032,0.1197123623207381,0.11881860254287392
100,0.7490038871765137,1.793096661567688,0.12445312738418579,4.761042594909668,0.12479937389254867,0.12393448200215831,0.12319702173943087
101,0.7494531273841858,1.7783938646316528,0.12242187559604645,4.746193885803223,0.12333536626807032,0.12208765537636852,0.12156227327388716
102,0.7552734613418579,1.7629423141479492,0.12054687738418579,4.750333309173584,0.12002619630022893,0.11977570854910993,0.11874477749806692
103,0.7556836009025574,1.7569271326065063,0.12460937350988388,4.732863903045654,0.1240320372039078,0.12415766373044265,0.12302681359541603
104,0.7567968964576721,1.7467666864395142,0.1255468726158142,4.737025260925293,0.12649474202585975,0.1248853148484308,0.12440541016049214
105,0.759570300579071,1.7317423820495605,0.12453124672174454,4.719564437866211,0.12414398064599982,0.12386991970378625,0.12273782780821506
106,0.7642187476158142,1.7117103338241577,0.12789063155651093,4.711142063140869,0.12782471261636055,0.12718226571570013,0.1263353462507665
107,0.7649999856948853,1.704714059829712,0.12773437798023224,4.7117085456848145,0.12823931754242127,0.12718477952455276,0.12654195701159665
108,0.7685351371765137,1.6914578676223755,0.12359374761581421,4.69434928894043,0.12360013376170034,0.12270347359074811,0.1220508890665868
109,0.7697460651397705,1.6799302101135254,0.13054686784744263,4.688906192779541,0.13079834750669328,0.12977586370770514,0.12921357361151078
110,0.7718750238418579,1.6682136058807373,0.12867186963558197,4.689560890197754,0.12826149589660935,0.12820237666547904,0.12693455829066247
111,0.7721484303474426,1.6638058423995972,0.12796874344348907,4.687446117401123,0.12840827958296844,0.12748330078433417,0.12666455646669822
112,0.7762695550918579,1.6511754989624023,0.13242188096046448,4.673140525817871,0.1318859734953719,0.13180836677391733,0.13063740634638799
113,0.7802343964576721,1.6283056735992432,0.13445311784744263,4.652102470397949,0.13455037155358315,0.13362958669105435,0.13290659100927613
114,0.7809765338897705,1.6202807426452637,0.13554687798023224,4.654688835144043,0.13564707171855106,0.13473892921297045,0.13384304484907628
115,0.7785742282867432,1.61960768699646,0.13187499344348907,4.662261962890625,0.1323016751914895,0.13141579154968497,0.13055946669719215
116,0.7833007574081421,1.6021827459335327,0.13664062321186066,4.650939464569092,0.13755244992078797,0.13611356800367075,0.1356040024732715
117,0.7841992378234863,1.59748113155365,0.13609375059604645,4.628746032714844,0.13714004231282548,0.13544745819808415,0.13477109862061115
118,0.7869531512260437,1.58941650390625,0.13679687678813934,4.6285319328308105,0.13715669274201597,0.13598465685503205,0.135319030138124
119,0.7848437428474426,1.5885084867477417,0.13429687917232513,4.632748126983643,0.13480130555974035,0.1337944401329934,0.13300004846617525
120,0.7866796851158142,1.5809259414672852,0.13664062321186066,4.620102405548096,0.13617694665708005,0.13606724673949128,0.13479283349287857
121,0.789843738079071,1.5623373985290527,0.13875000178813934,4.6165571212768555,0.1388860981819457,0.13806331584571124,0.13726584982141773
122,0.7906249761581421,1.5563148260116577,0.13789062201976776,4.615938186645508,0.1386698822658012,0.13736373845517655,0.13659285091991863
123,0.7920312285423279,1.5477685928344727,0.14281250536441803,4.606636047363281,0.1422758145758649,0.14213854070208135,0.1409274060162833
124,0.7925390601158142,1.5471044778823853,0.14085938036441803,4.609165191650391,0.14059877279730554,0.14004138940533248,0.13903968460538907
125,0.7927148342132568,1.5417454242706299,0.1400781273841858,4.603240489959717,0.1407592999686466,0.1392840623100739,0.13869437448721142
126,0.797656238079071,1.5244566202163696,0.1404687464237213,4.6209330558776855,0.14166314032749133,0.13973993637073068,0.1393268136267503
127,0.7984179854393005,1.5173709392547607,0.1393750011920929,4.594703197479248,0.1389776675716986,0.1384683127398959,0.1375568078806235
128,0.8003320097923279,1.5140339136123657,0.1457812488079071,4.57156229019165,0.1452538312702375,0.1450040298836749,0.14385409524054765
129,0.8006445169448853,1.506393551826477,0.14609375596046448,4.571421146392822,0.1470299919594113,0.1452458466340574,0.1445756691318521
130,0.8040234446525574,1.492424726486206,0.14585937559604645,4.584600448608398,0.14540205214777896,0.14491033452031518,0.1437795199184383
131,0.8041406273841858,1.4882968664169312,0.1413281261920929,4.564581394195557,0.14044583277661166,0.140418052969694,0.13917571249457714
132,0.8080664277076721,1.47871732711792,0.1466406285762787,4.556700229644775,0.1462986499034165,0.1458256175449139,0.14473286478326192
133,0.8080664277076721,1.469815731048584,0.1443749964237213,4.565175533294678,0.1452946516670257,0.14376396849788392,0.14317221207528202
134,0.8102929592132568,1.465887427330017,0.14445312321186066,4.559568405151367,0.14506130107528886,0.14343541426814366,0.14283470992304764
135,0.8107812404632568,1.4610915184020996,0.14757812023162842,4.550264835357666,0.14822270885782823,0.14698126921647583,0.14623473396221162
136,0.8094921708106995,1.457953691482544,0.14734375476837158,4.541991233825684,0.14789045416910016,0.14671024147205214,0.14579332727418812
137,0.8137500286102295,1.4443718194961548,0.15210936963558197,4.543898582458496,0.15231208159961535,0.1515854918614108,0.1506475260395444
138,0.8097070455551147,1.4498801231384277,0.14906249940395355,4.553593635559082,0.14902715589638083,0.14828990454176827,0.14716684074350728
139,0.8119531273841858,1.4439477920532227,0.14929687976837158,4.547342777252197,0.14865421790029412,0.14840025420051214,0.14711570599307633
140,0.8168554902076721,1.4277595281600952,0.14781250059604645,4.546005725860596,0.14837950220468482,0.14704397172170158,0.14623163077767842
141,0.8134375214576721,1.430822491645813,0.14960937201976776,4.551058292388916,0.1498294462460762,0.14914259701765478,0.14798440321898176
142,0.8172656297683716,1.4191055297851562,0.14976562559604645,4.531346321105957,0.1503793331198127,0.14908671337234977,0.14827515415846115
143,0.8171288967132568,1.4151736497879028,0.15187500417232513,4.5286126136779785,0.15233596947061268,0.15125526185943244,0.150389383271188
144,0.8146679401397705,1.4264203310012817,0.14960937201976776,4.514120578765869,0.15038817784238123,0.14890140484308417,0.14814478449981622
145,0.8191992044448853,1.4100571870803833,0.1530468761920929,4.5170793533325195,0.15372839317519954,0.15245144266685332,0.1517137939089568
146,0.8248437643051147,1.3941954374313354,0.15539062023162842,4.492537975311279,0.15516288235262832,0.15446829229780545,0.15313531328349417
147,0.8217968940734863,1.3928462266921997,0.15343749523162842,4.508695125579834,0.1536483529713782,0.1528237459616399,0.15178508166742022
148,0.8181445598602295,1.3999115228652954,0.15437500178813934,4.503701686859131,0.15507503993428387,0.15376523645586293,0.15277074049195982
149,0.8214648365974426,1.39383864402771,0.1517968773841858,4.490265369415283,0.15204945820502674,0.15112115123496472,0.1502656266026016
150,0.8264257907867432,1.3715481758117676,0.1544531285762787,4.503194332122803,0.1533673676035901,0.15376853360569853,0.1521688770147106
151,0.8228515386581421,1.3835400342941284,0.15781250596046448,4.468252658843994,0.15758769627760866,0.1567718128668497,0.15568941409634185
152,0.8249218463897705,1.3769593238830566,0.15382812917232513,4.488731384277344,0.15458944957406345,0.15321006061444753,0.15240096955150828
153,0.8274609446525574,1.3689593076705933,0.15453125536441803,4.474748611450195,0.1550157711298428,0.15353954594938168,0.1528596999320384
154,0.8271874785423279,1.3633455038070679,0.16234375536441803,4.463562965393066,0.16225478952483913,0.16181769317720474,0.16070223864762817
155,0.8271484375,1.3578016757965088,0.15703125298023224,4.461872100830078,0.15711295119424715,0.1563514821049431,0.15529173566519708
156,0.8265039324760437,1.3653044700622559,0.1544531285762787,4.479204177856445,0.15472379474203468,0.15369428496912785,0.15289878145017807
157,0.8277734518051147,1.3599172830581665,0.1599999964237213,4.467783451080322,0.16011089049516003,0.15951212049408772,0.1582274631030836
158,0.8311132788658142,1.34379243850708,0.15914063155651093,4.455369472503662,0.15953467830896323,0.1583353013869007,0.15756267627206633
159,0.8296484351158142,1.3511743545532227,0.16320312023162842,4.454162120819092,0.1645538271137082,0.16257396858195533,0.16212481154189196
160,0.8334179520606995,1.3371435403823853,0.16374999284744263,4.4593400955200195,0.1642260798538624,0.16308294183948038,0.1621507607246655
161,0.833789050579071,1.328122854232788,0.16164062917232513,4.472192287445068,0.16169562570536394,0.16076209782435052,0.15983203227907705
162,0.8363085985183716,1.3287490606307983,0.16484375298023224,4.458707332611084,0.16482695061021319,0.16411912959390923,0.16293191598281154
163,0.8330664038658142,1.3282482624053955,0.16484375298023224,4.455493927001953,0.16531603833835137,0.16434335520491777,0.1633511481792275
164,0.8340429663658142,1.3262193202972412,0.16242188215255737,4.4565958976745605,0.1629966108792332,0.1617206208402956,0.16098498504618067
165,0.8371679782867432,1.3108388185501099,0.1642187535762787,4.434349536895752,0.1645468015187764,0.1634808830458254,0.16258524619755158
166,0.8352344036102295,1.3224248886108398,0.16468749940395355,4.443066120147705,0.16480476404287148,0.16421580357454674,0.16322521144740562
167,0.8340234160423279,1.3159441947937012,0.16273437440395355,4.439953804016113,0.1630966674176455,0.16213690905106773,0.1611914235492078
168,0.8372265696525574,1.3154962062835693,0.166015625,4.426861763000488,0.16668251575830256,0.16540411185095957,0.16458433322218735
169,0.8387109637260437,1.3004465103149414,0.1667187511920929,4.410080432891846,0.1670456873114562,0.16597727400953524,0.1648772934429526
170,0.8393750190734863,1.2985692024230957,0.16773436963558197,4.418257713317871,0.16749414826045536,0.16694125437278357,0.16586376911943768
171,0.8372851610183716,1.308491826057434,0.17218750715255737,4.395693778991699,0.17225633551191546,0.17125741722397936,0.1702797458604205
172,0.8381249904632568,1.299086093902588,0.17343750596046448,4.394184112548828,0.17439469059873397,0.17266460732862332,0.1719973477223453
173,0.8424023389816284,1.2918763160705566,0.17078125476837158,4.397666931152344,0.17174835088506912,0.17015420174869056,0.1694160025887712
174,0.8381640911102295,1.2932814359664917,0.16906249523162842,4.395908832550049,0.16901307039077065,0.1681169994067992,0.16697635841338854
175,0.8386328220367432,1.294122576713562,0.17125000059604645,4.392725944519043,0.17243157840309417,0.17066689022034248,0.1698162077634003
176,0.8397851586341858,1.2903872728347778,0.17140625417232513,4.398630619049072,0.1726496192157666,0.17059760563318851,0.16976827774096281
177,0.8442968726158142,1.274099588394165,0.1731249988079071,4.388021945953369,0.17321599773172247,0.17233668106868494,0.17121744020972107
178,0.8431249856948853,1.274957299232483,0.1717187464237213,4.387998104095459,0.17010565481250495,0.17079700525234162,0.1689237172252141
179,0.8455273509025574,1.2690134048461914,0.1706250011920929,4.370943069458008,0.17082514031310178,0.16960765269468006,0.16870627173309422
180,0.8457226753234863,1.2664200067520142,0.17421874403953552,4.366177558898926,0.17459325064294734,0.17352932713025296,0.17243308892006265
181,0.845507800579071,1.2582390308380127,0.17484374344348907,4.378639221191406,0.17451421751208473,0.1739614338387494,0.17265368597603398
182,0.8427734375,1.27497136592865,0.1791406273841858,4.366237163543701,0.1787668027596306,0.1781394323217153,0.17702798908090087
183,0.8476172089576721,1.258602499961853,0.17499999701976776,4.367428779602051,0.175201550646374,0.17396839046310242,0.1729155972486901
184,0.8472265601158142,1.2625974416732788,0.17343750596046448,4.367002964019775,0.17320033150740233,0.17261641282233947,0.17134548666698396
185,0.8481249809265137,1.2590969800949097,0.17804688215255737,4.359046459197998,0.17889310116423,0.1771343933237293,0.1762949422299945
186,0.848437488079071,1.255728006362915,0.17960937321186066,4.350389003753662,0.17957729439140638,0.17873446668526555,0.17748810848807045
187,0.8488476276397705,1.2494195699691772,0.17734375596046448,4.3649444580078125,0.17823130040739713,0.17636613448852456,0.17559791222036145
188,0.8494336009025574,1.2451062202453613,0.17781250178813934,4.363854885101318,0.17826583960576936,0.1768673001596332,0.17605953345357045
189,0.8498241901397705,1.2422616481781006,0.17812499403953552,4.35781717300415,0.17871147059991468,0.17726807310510273,0.1763869674274321
190,0.8496875166893005,1.2451168298721313,0.18328124284744263,4.345457077026367,0.18355952407413886,0.1825792029086048,0.18139870281733353
191,0.8501562476158142,1.2449066638946533,0.17937499284744263,4.363376140594482,0.17967593443936478,0.17851221634776737,0.1774143629874102
192,0.8518164157867432,1.2324825525283813,0.1782812476158142,4.362496852874756,0.1784098438815708,0.1773089423355096,0.17633850635102488
193,0.8508203029632568,1.238032341003418,0.1775781214237213,4.361705303192139,0.17927328820011185,0.17692066689503244,0.17621641358081758
194,0.8516992330551147,1.2363110780715942,0.177734375,4.357608795166016,0.1780898686501198,0.1771002398823726,0.17614736564750816
195,0.8502538800239563,1.2328293323516846,0.18132811784744263,4.351304531097412,0.1818937477969502,0.18057953265725124,0.17963498404332473
196,0.8521289229393005,1.2318856716156006,0.18382813036441803,4.345090866088867,0.18441424460886047,0.18311134534819873,0.18222875774845074
197,0.8542773723602295,1.2234382629394531,0.18085937201976776,4.347904205322266,0.18072261283831567,0.18009056659537195,0.17877520422322052
198,0.8524609208106995,1.2271209955215454,0.18171875178813934,4.331010341644287,0.18254189462786197,0.1811153038531257,0.18031702626068197
199,0.8543750047683716,1.2237545251846313,0.17781250178813934,4.367680549621582,0.17877537545228345,0.17721974502021448,0.17617844801917393
200,0.8527538776397705,1.222852349281311,0.1842968761920929,4.330522060394287,0.18536039884758307,0.1837674739139094,0.1828271481184353
201,0.8519531488418579,1.2282793521881104,0.1834374964237213,4.346230983734131,0.1838354395497744,0.18248638261533762,0.1813346353624437
202,0.8546679615974426,1.2189960479736328,0.18593749403953552,4.340843200683594,0.18674154946523713,0.18506962576685365,0.1841493417790685
203,0.8533984422683716,1.2187426090240479,0.18312500417232513,4.325637340545654,0.18292073450049218,0.18247849185689727,0.18113359544231616
204,0.85693359375,1.204643726348877,0.18562500178813934,4.310022354125977,0.18550449178678466,0.18451652428305698,0.18315813878953902
205,0.8551562428474426,1.204811453819275,0.1809374988079071,4.3036017417907715,0.18248921026405313,0.18035361558983598,0.17957957354100634
206,0.860156238079071,1.2001187801361084,0.1860937476158142,4.307003498077393,0.1861006558444394,0.18522864410962464,0.18399723611619628
207,0.85888671875,1.1978868246078491,0.1873437464237213,4.329616546630859,0.1872382243861797,0.1861896988365985,0.18501062095025722
208,0.8556249737739563,1.2096930742263794,0.18632812798023224,4.3072099685668945,0.18584567158727033,0.1853508215623805,0.18404992272118442
209,0.8586328029632568,1.203596830368042,0.1873437464237213,4.30164909362793,0.18696093595845803,0.1867817266011917,0.18512521645257346
210,0.8571875095367432,1.2047630548477173,0.18640625476837158,4.316156387329102,0.18746697512005456,0.1855196355269989,0.18469789307022075
211,0.8558593988418579,1.2053766250610352,0.1860937476158142,4.325222969055176,0.1855452456842862,0.18509970802051234,0.18374510406379346
212,0.8559765815734863,1.2019433975219727,0.1926562488079071,4.311633110046387,0.19205237173245296,0.19148323407700968,0.19001034559209884
213,0.8601367473602295,1.191115140914917,0.18867187201976776,4.293719291687012,0.18814112695138582,0.18759935001349032,0.1864316210416011
214,0.857714831829071,1.1947555541992188,0.18398436903953552,4.314509391784668,0.1834584249493826,0.18296833192718975,0.18155485137623328
215,0.8577734231948853,1.198425531387329,0.18859374523162842,4.293769359588623,0.1886937742498203,0.187691866094574,0.18661349553529483
216,0.8599218726158142,1.1858948469161987,0.19039063155651093,4.288949489593506,0.18942403646873873,0.1895263574067443,0.18804909259533947
217,0.8594140410423279,1.1877377033233643,0.19257812201976776,4.289831638336182,0.19266593512617017,0.1917297304968284,0.19061880852768076
218,0.8624414205551147,1.1768310070037842,0.19078125059604645,4.291724681854248,0.191085502107886,0.18998428974357356,0.1891152753628998
219,0.860644519329071,1.185247778892517,0.18843750655651093,4.29951286315918,0.18810267823545093,0.1877563223135959,0.18624381932483808
220,0.86181640625,1.180732011795044,0.19164063036441803,4.285215854644775,0.19228268600792606,0.19078933560807593,0.18981165736242117
221,0.8620507717132568,1.1839275360107422,0.19054687023162842,4.273723125457764,0.190666799566772,0.18949241885636176,0.18837611812476046
222,0.8618359565734863,1.1792595386505127,0.19242186844348907,4.265726089477539,0.19275804258328083,0.1914443639618194,0.19047781519250462
223,0.8622656464576721,1.1764124631881714,0.19046874344348907,4.282678604125977,0.19205320764783607,0.1897242681512816,0.1889677859098028
224,0.862597644329071,1.1773357391357422,0.19296875596046448,4.295588493347168,0.1933913467309667,0.19237715179625897,0.19113617435297042
225,0.8638671636581421,1.172939419746399,0.19632811844348907,4.272013187408447,0.19666859839042464,0.19550126510460675,0.19414961258681487
226,0.8657422065734863,1.1685124635696411,0.19296875596046448,4.27415657043457,0.19486434428244898,0.19253105322035113,0.19187910380440887
227,0.861328125,1.1795449256896973,0.19632811844348907,4.28679084777832,0.19714510546038394,0.19566495010131807,0.19459900740392563
228,0.8651367425918579,1.1633511781692505,0.19492188096046448,4.253495693206787,0.19588599402679663,0.19431495369141916,0.1933611431569973
229,0.8651562333106995,1.164353847503662,0.19539062678813934,4.26387357711792,0.19637340789005014,0.19469760443713982,0.1938780108735778
230,0.8672851324081421,1.1520828008651733,0.19664062559604645,4.260085582733154,0.1969649398847792,0.19609966292070663,0.1949236381360139
231,0.86572265625,1.1589609384536743,0.20007812976837158,4.265989780426025,0.20062989773634105,0.1993425913710138,0.19853277168947986
232,0.8661133050918579,1.158377766609192,0.1940625011920929,4.2871317863464355,0.19586397976095393,0.1935082403909039,0.19295036412375877
233,0.8646093606948853,1.1582350730895996,0.1958593726158142,4.28060245513916,0.19592043279348742,0.19485864006251635,0.19385925634914097
234,0.8660351634025574,1.155288815498352,0.19414062798023224,4.277048110961914,0.19390080752596273,0.19320492400848888,0.19169075446211387
235,0.8674609661102295,1.1570801734924316,0.19695311784744263,4.271396636962891,0.19744850299530928,0.1958803884287485,0.1950176536039144
236,0.866894543170929,1.1513314247131348,0.19843749701976776,4.265178680419922,0.19859446740595893,0.19731569557832965,0.1961903258506007
237,0.8673242330551147,1.1524218320846558,0.19968749582767487,4.2544121742248535,0.2005198564619241,0.19884504339742531,0.19796660945603772
238,0.8691015839576721,1.1498531103134155,0.19593749940395355,4.273353099822998,0.1967964216272969,0.19496785162275138,0.19404109871263328
239,0.8668359518051147,1.1468205451965332,0.19507811963558197,4.265285491943359,0.19609381555754737,0.19399229387835348,0.1930393333206265
240,0.8689062595367432,1.1478136777877808,0.19843749701976776,4.249853610992432,0.19901593523052835,0.1973314801821997,0.19644447697225326
241,0.8679882884025574,1.1416829824447632,0.1971093714237213,4.2463884353637695,0.19681926357565288,0.19598252940264876,0.19451963238050007
242,0.8706836104393005,1.1369534730911255,0.19968749582767487,4.2277703285217285,0.1996157831460885,0.19857264657487259,0.19703147633655654
243,0.8707031011581421,1.1378902196884155,0.20148438215255737,4.250585556030273,0.20149549691765478,0.20033731264212234,0.1990991771092357
244,0.8699609637260437,1.1403297185897827,0.20359374582767487,4.23300313949585,0.2036735937761262,0.2025047984151856,0.20123553567240626
245,0.8690429925918579,1.142536997795105,0.19789062440395355,4.2473978996276855,0.19785005121646693,0.1968793398013643,0.19562220372174005
246,0.8670507669448853,1.1514636278152466,0.19765624403953552,4.258490085601807,0.19812707086394715,0.19695866990807467,0.19592842119143644
247,0.8714452981948853,1.1341615915298462,0.2052343785762787,4.243802547454834,0.2061555445981043,0.2043362485539566,0.20335446155600131
248,0.8703711032867432,1.1423895359039307,0.20015625655651093,4.266324996948242,0.2009909504832644,0.19916787194733868,0.19839483350925252
249,0.8716796636581421,1.1373770236968994,0.19828124344348907,4.227612018585205,0.19816117950445933,0.19724889097276907,0.19631198640306985
250,0.8701953291893005,1.1364432573318481,0.20398437976837158,4.221059799194336,0.2038977016611265,0.20282633883986953,0.20178751686916602
251,0.8736327886581421,1.1272624731063843,0.19960936903953552,4.232970714569092,0.2001601178562724,0.19860197528728765,0.1977183336844045
252,0.8731445074081421,1.1301894187927246,0.20289061963558197,4.227597713470459,0.2041573357114505,0.2022088120334114,0.20154694107420956
253,0.8733203411102295,1.12880277633667,0.20421874523162842,4.2297844886779785,0.20513145130316068,0.2034078293304582,0.20258971924265168
254,0.87109375,1.1359989643096924,0.20226562023162842,4.2139434814453125,0.20195002477203444,0.20133282829889682,0.20008471439824832
255,0.873046875,1.1268458366394043,0.2103906273841858,4.20783805847168,0.20968138642385523,0.2094347238883627,0.20786553432133603
256,0.87109375,1.1269997358322144,0.20937499403953552,4.200191020965576,0.20897821699889613,0.20834614129985735,0.20704350066359997
257,0.8737109303474426,1.1240497827529907,0.20515625178813934,4.212856292724609,0.2058878108047958,0.20380967959951307,0.2030227045380262
258,0.8728320598602295,1.1244666576385498,0.20468750596046448,4.2284746170043945,0.20449686418117946,0.20355434525480637,0.20190385959888024
259,0.8744921684265137,1.1208415031433105,0.205078125,4.215301036834717,0.2049954553966315,0.2038752379643214,0.20253979884847012
260,0.8730273246765137,1.1243364810943604,0.20585937798023224,4.212823390960693,0.20548068266638286,0.20492426646858497,0.20361939794702874
261,0.8726757764816284,1.1235448122024536,0.2049218714237213,4.217521667480469,0.20534220240916554,0.2040245309529995,0.203003449880827
262,0.8730664253234863,1.121546745300293,0.20726563036441803,4.217872619628906,0.20796666573382963,0.20649662347555647,0.20512696556581084
263,0.8729296922683716,1.1279305219650269,0.20070312917232513,4.229716777801514,0.20041601662909786,0.1996725859227233,0.1984681229235586
264,0.8720703125,1.1231845617294312,0.20742186903953552,4.207569122314453,0.20830546108922077,0.20698697653203685,0.20602016489667804
265,0.8746289014816284,1.1152364015579224,0.2057812511920929,4.210515975952148,0.2071114252236283,0.20479989303529836,0.20410070770135674
266,0.8745703101158142,1.1213873624801636,0.203125,4.211039066314697,0.2036979400028948,0.20238009983342514,0.20128817257587797
267,0.8766210675239563,1.112964153289795,0.2063281238079071,4.2290802001953125,0.20646005712490845,0.20536623613165106,0.204256234648848
268,0.8742578029632568,1.1172778606414795,0.20609374344348907,4.203283309936523,0.20664497848820357,0.20541934347212593,0.20444167321207984
269,0.8754687309265137,1.1112804412841797,0.20515625178813934,4.211508274078369,0.20609065529501502,0.20430723917124388,0.2034477348778646
270,0.8755078315734863,1.113037109375,0.2071875035762787,4.22504186630249,0.20772580401352372,0.20611014299034353,0.2049752162763489
271,0.8743749856948853,1.1163415908813477,0.2071875035762787,4.234492778778076,0.20699735428950236,0.20599562519716097,0.20458087949945986
272,0.8765234351158142,1.106330394744873,0.20624999701976776,4.188391208648682,0.20633451908015887,0.2054318177844699,0.20416827334485207
273,0.877636730670929,1.1057714223861694,0.2084375023841858,4.226340293884277,0.20917401137681085,0.20738715348257733,0.20625716735586314
274,0.8783593773841858,1.1033869981765747,0.21140624582767487,4.20656681060791,0.21178239230855012,0.21069312525072886,0.20948636371867596
275,0.8765429854393005,1.1085925102233887,0.21156249940395355,4.188703536987305,0.2129530365589319,0.21092445991116698,0.21006774980259968
276,0.8757030963897705,1.104504942893982,0.21242187917232513,4.196075916290283,0.21325414615404265,0.21136931087845556,0.21045206170821912
277,0.878222644329071,1.0983493328094482,0.20867186784744263,4.1908793449401855,0.20913182822526763,0.20773397376550604,0.20667838414035086
278,0.8778515458106995,1.100297212600708,0.21210937201976776,4.191143035888672,0.21333835978704013,0.21140216484205268,0.21049575082824507
279,0.8796093463897705,1.0927824974060059,0.21203124523162842,4.177875518798828,0.21302562019800722,0.21136629094102224,0.21023835468689978
280,0.8828125,1.08518648147583,0.21453124284744263,4.179948806762695,0.21473130209782734,0.21356273008392207,0.21234148752329635
281,0.8779296875,1.1026129722595215,0.2095312476158142,4.184664249420166,0.2104080423891787,0.20863061527380083,0.20759307636985272
282,0.8774218559265137,1.0979819297790527,0.2134374976158142,4.196778774261475,0.2143247170750157,0.2124257582633452,0.21132772061939195
283,0.8768163919448853,1.1009531021118164,0.2135937511920929,4.184872150421143,0.21361019009335946,0.2125506737932919,0.21124085854340607
284,0.8798437714576721,1.0910553932189941,0.21632812917232513,4.172425746917725,0.21602783062179284,0.21538569606307717,0.21370984748894814
285,0.8795703053474426,1.091447353363037,0.2123437523841858,4.1549153327941895,0.21297547836406922,0.21163003523843193,0.21053417218680226
286,0.878710925579071,1.0937068462371826,0.21507813036441803,4.150099277496338,0.21718444148063712,0.21451963775388583,0.213909066617204
287,0.8814062476158142,1.0866971015930176,0.21476562321186066,4.158844470977783,0.216109553149816,0.2141554100626309,0.21347784455369645
288,0.8771679401397705,1.0914831161499023,0.2127343714237213,4.181550025939941,0.2131370053716743,0.2117537700414992,0.2107593813160836
289,0.8807617425918579,1.0893092155456543,0.21671874821186066,4.181713104248047,0.21688320519860074,0.21609650923979845,0.21469045918098498
290,0.8798632621765137,1.0946040153503418,0.21437500417232513,4.184898853302002,0.21479098982987874,0.21388813039340848,0.21258479990919338
291,0.8788476586341858,1.0941895246505737,0.22234374284744263,4.161642551422119,0.22360069242559508,0.22161754888245225,0.22074005457346468
292,0.8775585889816284,1.0937579870224,0.21640625596046448,4.173498153686523,0.21801815073785236,0.2158008145784413,0.21498708728533705
293,0.8835546970367432,1.0812658071517944,0.2194531261920929,4.1651611328125,0.2213902675832161,0.21868963952381637,0.2179758793810529
294,0.8812304735183716,1.0812608003616333,0.21601562201976776,4.180701732635498,0.21699953483980783,0.21559599788536293,0.21443325245944897
295,0.8802343606948853,1.0830858945846558,0.21570312976837158,4.177923679351807,0.2162327830862117,0.21492855833077634,0.21386377188120137
296,0.8824218511581421,1.0804657936096191,0.21796874701976776,4.150435447692871,0.21901256850554068,0.21723941366945668,0.21628869649831173
297,0.8812695145606995,1.0836758613586426,0.21492187678813934,4.172380447387695,0.21577782543899443,0.21401692749221812,0.2128838816454214
298,0.8785156011581421,1.092857837677002,0.21445313096046448,4.1972527503967285,0.2158748191047634,0.2135441702561721,0.2126553784292928
299,0.8805468678474426,1.0864579677581787,0.21507813036441803,4.17469596862793,0.21542614357375767,0.21448691991422522,0.2132596714587841
300,0.8824804425239563,1.0790458917617798,0.21703125536441803,4.171366214752197,0.21757961528032163,0.21637224802792945,0.21485655436312956
301,0.8815234303474426,1.0831106901168823,0.21843749284744263,4.166885852813721,0.21948012149385743,0.2176695907583003,0.21652567101966447
302,0.8798437714576721,1.0902093648910522,0.21671874821186066,4.161332130432129,0.21661000012426657,0.21610101511763036,0.2146225796098471
303,0.8829492330551147,1.0797439813613892,0.21906250715255737,4.171635627746582,0.2207747643420264,0.2183455464598441,0.21752366641124393
304,0.88623046875,1.0639431476593018,0.21882812678813934,4.131025314331055,0.21876773371650618,0.2177525840072876,0.2165516880786492
305,0.8845508098602295,1.0722172260284424,0.2175000011920929,4.158874034881592,0.21753282802894042,0.21652371888169436,0.21503122060757945
306,0.8819140791893005,1.0776797533035278,0.216796875,4.158277988433838,0.21797135106786783,0.21573364940484158,0.2150336375956217
307,0.8833789229393005,1.0753395557403564,0.2185937464237213,4.150129795074463,0.21919783596874665,0.21755637032713415,0.2164299587402209
308,0.8812304735183716,1.0772451162338257,0.21671874821186066,4.151411533355713,0.21750382660334222,0.21589510288737207,0.21479062417007536
309,0.884082019329071,1.0772348642349243,0.2212499976158142,4.140913009643555,0.22256089600623782,0.22039883171989189,0.2194755815837789
310,0.881640613079071,1.0787280797958374,0.21875,4.17097282409668,0.2196168647192323,0.21787639027413805,0.21697265144457228
311,0.8832421898841858,1.0750737190246582,0.22156250476837158,4.17887544631958,0.22185227673343605,0.22068469437353985,0.21944498036229076
312,0.8825976848602295,1.0728068351745605,0.22593750059604645,4.1410017013549805,0.22527091418536493,0.22511820363952084,0.2234476417195656
313,0.8838672041893005,1.0703102350234985,0.21953125298023224,4.1469502449035645,0.22059955992375685,0.21845710316252598,0.21756299702548845
314,0.8830664157867432,1.0784677267074585,0.22093750536441803,4.154681205749512,0.2222372206936969,0.2199847757217791,0.21908712769597666
315,0.8835351467132568,1.0740418434143066,0.22242186963558197,4.142685413360596,0.22384941200711184,0.22175575571739664,0.22097019244225813
316,0.8824414014816284,1.0733952522277832,0.22109374403953552,4.14787483215332,0.22044386625726076,0.21997075357326148,0.2185095797400346
317,0.8859570026397705,1.064173698425293,0.2244531214237213,4.132837295532227,0.2253153686060497,0.2233310829277757,0.2223058489341701
318,0.8831835985183716,1.0723258256912231,0.22156250476837158,4.150843143463135,0.221547657814337,0.2204900009118081,0.21888684276685744
319,0.8838281035423279,1.070534348487854,0.2189062535762787,4.1531081199646,0.2192177197832997,0.21812218528232255,0.2170162405388273
320,0.8866211175918579,1.0614229440689087,0.22117187082767487,4.167830944061279,0.22179481462697703,0.22038684825864435,0.21937776332581244
321,0.8866406083106995,1.0610499382019043,0.22523437440395355,4.143318176269531,0.22501196950766328,0.22390643811187058,0.22252125293310748
322,0.8872656226158142,1.0643805265426636,0.22156250476837158,4.140463352203369,0.22185602036322272,0.22047423886794898,0.21936576804426103
323,0.8860156536102295,1.067392110824585,0.22484375536441803,4.129608154296875,0.22596880597011143,0.2240087911823097,0.22309656855543605
324,0.8850976824760437,1.0655574798583984,0.22507812082767487,4.125943183898926,0.2262991292715473,0.22399837319590346,0.22327550941411364
325,0.8869726657867432,1.0618268251419067,0.21968750655651093,4.1444830894470215,0.22168617506054217,0.2189674937662558,0.21826199706032087
326,0.88525390625,1.0613845586776733,0.22296875715255737,4.142922401428223,0.22543343708329416,0.2219775845921281,0.22174312919467348
327,0.8852734565734863,1.0616213083267212,0.21882812678813934,4.1371259689331055,0.2195430007532575,0.21795393492757645,0.21716549434524987
328,0.8868945240974426,1.0576144456863403,0.22593750059604645,4.132752418518066,0.22733188375250898,0.22501150825851868,0.2243000365270915
329,0.8861328363418579,1.0622965097427368,0.22367186844348907,4.118194103240967,0.22441503810541716,0.2225014861110896,0.22161894275319144
330,0.8853515386581421,1.062546730041504,0.22554688155651093,4.121058464050293,0.2263765969006376,0.2247678653094373,0.22353478051797174
331,0.884960949420929,1.0663411617279053,0.2251562476158142,4.123356819152832,0.2260057100417221,0.22417167453506875,0.2233595470888209
332,0.8850195407867432,1.0662872791290283,0.22812500596046448,4.1445112228393555,0.22857026189086715,0.22714610694201037,0.22594109947553764
333,0.8865429759025574,1.0546495914459229,0.2260156273841858,4.110795974731445,0.22808571963641794,0.22508874035495574,0.22423294481508266
334,0.8861328363418579,1.0551425218582153,0.2290624976158142,4.109796524047852,0.22926085630121315,0.22824385022737614,0.227068043642023
335,0.8909570574760437,1.049749493598938,0.2192968726158142,4.146406650543213,0.22036688089678047,0.2183507622821967,0.2175239982317798
336,0.8888866901397705,1.0503592491149902,0.2253125011920929,4.125651836395264,0.22658355685856224,0.224594894832167,0.2239813467207401
337,0.8895312547683716,1.049904704093933,0.2297656238079071,4.141433238983154,0.23143289243691467,0.22905908417747223,0.228099842935771
338,0.8891797065734863,1.0470384359359741,0.22898437082767487,4.105717658996582,0.230067008765475,0.22814707704801895,0.22742790666959709
339,0.8916991949081421,1.0414825677871704,0.22734375298023224,4.096673965454102,0.22904700169181608,0.2264836470210969,0.22582859574449898
340,0.88916015625,1.0467067956924438,0.22624999284744263,4.123084545135498,0.22724635661922538,0.22539254929467586,0.22432295488445048
341,0.8876367211341858,1.0546451807022095,0.22570312023162842,4.11129093170166,0.22635014770496945,0.22490720247770038,0.22388514055306935
342,0.8902343511581421,1.0479735136032104,0.2297656238079071,4.116843223571777,0.23094223926265833,0.2291242515735702,0.22808535689066187
343,0.8875390887260437,1.0536502599716187,0.2271093726158142,4.123624801635742,0.2282171224934768,0.22611112096451969,0.22522683670871962
344,0.8871484398841858,1.0603808164596558,0.2244531214237213,4.1425395011901855,0.2259905914878622,0.2232672061799732,0.22253164642525863
345,0.8854296803474426,1.0574116706848145,0.22007812559604645,4.153287887573242,0.2218697518258617,0.219241639624102,0.21863299603098935
346,0.8901953101158142,1.0451862812042236,0.2272656261920929,4.140076637268066,0.22811157787258124,0.22608976092171848,0.22521181700517115
347,0.891796886920929,1.0430501699447632,0.2251562476158142,4.143187046051025,0.22751035073536446,0.22408711951413574,0.22370034098461938
348,0.8887304663658142,1.048671841621399,0.22429686784744263,4.141512393951416,0.22534125625490345,0.223505529611582,0.22247977005551828
349,0.8870898485183716,1.049100399017334,0.22687500715255737,4.117457389831543,0.22903923418466743,0.22591065680266534,0.22534959813644007
350,0.8924999833106995,1.0399020910263062,0.22664062678813934,4.123506546020508,0.22732607610550656,0.2254014652053445,0.22441662701781828
351,0.8923046588897705,1.0376732349395752,0.22742187976837158,4.127730846405029,0.22858929952549545,0.22629298083796917,0.22559218334613917
352,0.8926562666893005,1.037928581237793,0.2272656261920929,4.115200996398926,0.2288960234263696,0.22617166189596843,0.22565247874767425
353,0.8895898461341858,1.041796326637268,0.22546875476837158,4.113597869873047,0.22709177487298476,0.22456014283155853,0.22380612149243603
354,0.8903124928474426,1.043488621711731,0.2253125011920929,4.094758987426758,0.2264978807391928,0.22424498854340838,0.22345508789038715
355,0.891406238079071,1.0411909818649292,0.23265625536441803,4.116340637207031,0.2329742896873631,0.2317463745323109,0.23049961342889796
356,0.8895508050918579,1.0417402982711792,0.2290624976158142,4.124803066253662,0.22988673000888182,0.22835519592105508,0.22700059377782225
357,0.8909375071525574,1.039989948272705,0.23179687559604645,4.1044921875,0.23314260807215284,0.23079509950421087,0.22981956344684928
358,0.8917187452316284,1.0428029298782349,0.22929687798023224,4.124217510223389,0.23001196860504558,0.2285452656760833,0.22737852980238837
359,0.8917773365974426,1.0413697957992554,0.22609375417232513,4.110927581787109,0.22731811876297828,0.2252850855669075,0.22452669797835362
360,0.8905859589576721,1.0421141386032104,0.2265625,4.139413356781006,0.2281828212148561,0.2255051047169792,0.22498599636946598
361,0.8908007740974426,1.044385552406311,0.2272656261920929,4.128063201904297,0.22806074176643512,0.2262786914021043,0.22535792655646988
362,0.8918359279632568,1.0345814228057861,0.22624999284744263,4.145688056945801,0.22808875863755518,0.22552478181985636,0.22475744721483693
363,0.8916991949081421,1.033823847770691,0.2317187488079071,4.125401496887207,0.2315191471059816,0.23050599283960466,0.2292736739348756
364,0.8919922113418579,1.0385005474090576,0.22546875476837158,4.120474815368652,0.22605149701499738,0.22441874389051678,0.2236784380410897
365,0.8910156488418579,1.0414938926696777,0.2290624976158142,4.101632118225098,0.2295219289581686,0.2280396681537906,0.22666154982028966
366,0.8962109088897705,1.0246472358703613,0.23039062321186066,4.095696926116943,0.23085043759156895,0.22904688218661107,0.22803976781692523
367,0.8958789110183716,1.0278674364089966,0.22882813215255737,4.102470397949219,0.23028727176447075,0.22741551449108757,0.22682379059082608
368,0.8932812213897705,1.0298210382461548,0.23140625655651093,4.103892803192139,0.23100066925757487,0.23030745880439976,0.22875627232199824
369,0.8927538990974426,1.0291247367858887,0.22695311903953552,4.118846893310547,0.22789419225978744,0.2260909413132357,0.22505519168625854
370,0.8945898413658142,1.0274684429168701,0.2283593714237213,4.097914218902588,0.22978431891015655,0.22734199105199884,0.22674796366998634
371,0.8932421803474426,1.0293070077896118,0.23289062082767487,4.079440593719482,0.23467582130765544,0.23201848054834961,0.2312613791344884
372,0.8944140672683716,1.0231765508651733,0.23398438096046448,4.094420909881592,0.2339183251366374,0.23296179482698226,0.23170224826644314
373,0.8931640386581421,1.028232455253601,0.23070313036441803,4.122034072875977,0.23069344973094882,0.22965978120067526,0.22858459035582065
374,0.8952929973602295,1.02579665184021,0.23000000417232513,4.086362361907959,0.2302695982089408,0.22886602056388372,0.22778824794058436
375,0.8949804902076721,1.0266951322555542,0.23289062082767487,4.098446846008301,0.2341738815674581,0.23185446418778327,0.23116402698922672
376,0.8923633098602295,1.0345239639282227,0.23335938155651093,4.093574047088623,0.2340886617427179,0.23206843398846894,0.23133177206591643
377,0.8947460651397705,1.031313419342041,0.23476561903953552,4.096782684326172,0.23437657257896194,0.23350768721921678,0.23213923487125462
378,0.8916601538658142,1.0313193798065186,0.23234374821186066,4.090397834777832,0.23297389368560145,0.23142709468357633,0.230105743952292
379,0.8922656178474426,1.03374183177948,0.23195312917232513,4.095605850219727,0.23253005726554354,0.23069862221500714,0.22949728270059722
380,0.894726574420929,1.0232250690460205,0.23468750715255737,4.083056449890137,0.2342776363652982,0.23369847507857847,0.23223719729438613
381,0.8900976777076721,1.0362201929092407,0.22742187976837158,4.110982418060303,0.22785596555755844,0.22650434683230042,0.22519907928242372
382,0.8939648270606995,1.0237265825271606,0.22937500476837158,4.076438903808594,0.22987561896496003,0.22836232673058476,0.22725964945955046
383,0.8937890529632568,1.0244967937469482,0.23023436963558197,4.083874702453613,0.23027346690363854,0.2291896312110529,0.2277824230923159
384,0.893359363079071,1.0305359363555908,0.23351562023162842,4.0675835609436035,0.23455946438573383,0.23255058302287587,0.231737796059969
385,0.8939257860183716,1.0220147371292114,0.23585937917232513,4.080282211303711,0.23593525094189643,0.23515986658378077,0.23366979336241597
386,0.8931054472923279,1.033684492111206,0.2345312535762787,4.0962653160095215,0.23630538327722345,0.23365259779905156,0.2331009470937011
387,0.8952538967132568,1.0211560726165771,0.22914062440395355,4.092845439910889,0.22940564530336366,0.22801394683755632,0.2269622917538328
388,0.8939843773841858,1.0249969959259033,0.23523437976837158,4.079073905944824,0.23624667230661528,0.23424943135066706,0.23337309981605409
389,0.8959570527076721,1.0178649425506592,0.23320312798023224,4.091354846954346,0.23386963831539861,0.232231523138612,0.2311900733760321
390,0.8944726586341858,1.0229512453079224,0.23343749344348907,4.092238903045654,0.2348700120488862,0.2326317767122211,0.23171451233061302
391,0.8945116996765137,1.023100733757019,0.232421875,4.103643894195557,0.23448090844190878,0.23200800314445497,0.23122583905958055
392,0.8972851634025574,1.0151383876800537,0.23304687440395355,4.113956451416016,0.23369960110655869,0.23216417208375492,0.2309930762144989
393,0.8969531059265137,1.0163776874542236,0.22484375536441803,4.099059581756592,0.2250463900689062,0.2238235519524998,0.22273924752669105
394,0.8954296708106995,1.0179417133331299,0.23015624284744263,4.119796276092529,0.23186257528878906,0.22938192111467837,0.22848936608061263
395,0.8975195288658142,1.0194473266601562,0.2325781285762787,4.117000579833984,0.23350037337216012,0.23168394848059734,0.23065210483953652
396,0.8962500095367432,1.0195642709732056,0.23125000298023224,4.123761177062988,0.2320802691742775,0.23032488145499455,0.22924574127994524
397,0.8972265720367432,1.0089879035949707,0.23499999940395355,4.110000133514404,0.23658559102203813,0.23398639304309146,0.23323074173357705
398,0.8962304592132568,1.0179572105407715,0.23523437976837158,4.099437713623047,0.23684887934056814,0.23436413246707444,0.23346794365902312
399,0.8956054449081421,1.0228689908981323,0.23265625536441803,4.100898265838623,0.23389092684806329,0.23191193796937126,0.23096702712567596
400,0.8970116972923279,1.0131182670593262,0.23749999701976776,4.073749542236328,0.23829664632240577,0.23648357369503847,0.23559763110229892
401,0.897753894329071,1.0074448585510254,0.2322656214237213,4.092391490936279,0.23315838814674228,0.2313723186801299,0.23045858345835593
402,0.8952929973602295,1.0157142877578735,0.23531250655651093,4.093319892883301,0.2369649071983238,0.23441586117646762,0.23389423624595296
403,0.8959570527076721,1.0146241188049316,0.2403906285762787,4.063224792480469,0.24137121302554,0.23966133118725214,0.23848471072978086
404,0.8952538967132568,1.016798734664917,0.23726563155651093,4.087038040161133,0.23823310485165503,0.2361793577951969,0.23526719433674304
405,0.8981054425239563,1.0121418237686157,0.2388281226158142,4.062258720397949,0.24051665731986055,0.2376398437652225,0.23697656833231714
406,0.8954101800918579,1.014397144317627,0.2357812523841858,4.097731113433838,0.23655323181575497,0.23473986784182282,0.2337058983638364
407,0.8967968821525574,1.0165268182754517,0.23710937798023224,4.075913906097412,0.23764254422346662,0.23617469532623642,0.23513238383683144
408,0.8964453339576721,1.014497995376587,0.23874999582767487,4.065472602844238,0.24023385761223726,0.23792291949157302,0.23706823720218306
409,0.8985156416893005,1.0096789598464966,0.2434374988079071,4.054877758026123,0.24459687257989854,0.2424239654042243,0.24140932381454083
410,0.8963867425918579,1.0177509784698486,0.24265624582767487,4.072298526763916,0.24395156563493062,0.24191522285007636,0.2409191069807904
411,0.8977344036102295,1.0079197883605957,0.23906250298023224,4.071006774902344,0.23995693331464196,0.23828640705229592,0.2374699895674807
412,0.8953515887260437,1.0142043828964233,0.24195311963558197,4.056353569030762,0.24290800136604473,0.24076480542798995,0.23993100972299855
413,0.8969922065734863,1.0105485916137695,0.24296875298023224,4.063263416290283,0.24388500550509606,0.24220743283491927,0.24137183653851296
414,0.89892578125,1.0065399408340454,0.2396875023841858,4.072159290313721,0.24042035302709952,0.23876001886592096,0.23738444551290055
415,0.8997265696525574,1.0048578977584839,0.23929686844348907,4.0792036056518555,0.24116992937999981,0.23849621714763186,0.23781568053516405
416,0.8961718678474426,1.01444411277771,0.24250000715255737,4.07713508605957,0.24482756141329562,0.2415193601894064,0.24083709610375206
417,0.8955468535423279,1.0166178941726685,0.24124999344348907,4.049867630004883,0.2426970121759121,0.24030955211460747,0.23946315926295964
418,0.8973437547683716,1.0127153396606445,0.2407812476158142,4.082528114318848,0.24164777285554717,0.24002289658279682,0.2389443751130185
419,0.8976757526397705,1.0061646699905396,0.23867186903953552,4.0902419090271,0.24085779329911003,0.2378456419888868,0.23710733787007426
420,0.8975781202316284,1.0084787607192993,0.24367187917232513,4.088140487670898,0.2451723457806366,0.24322690584663836,0.24195613749695793
421,0.9006054401397705,1.0038906335830688,0.24210937321186066,4.046123027801514,0.2436006865235616,0.2414620152145794,0.24053558289461197
422,0.9015234112739563,0.9948430061340332,0.2473437488079071,4.030579090118408,0.24715987060416184,0.2465114240478108,0.24494211685178083
423,0.8980468511581421,1.0064066648483276,0.23984375596046448,4.063481330871582,0.2408824991856653,0.2388654097923833,0.23808084071942093
424,0.8962109088897705,1.010218620300293,0.23945312201976776,4.083296298980713,0.24102882594122943,0.23858864662858678,0.23755244206738751
425,0.8964648246765137,1.012632131576538,0.23593750596046448,4.090924263000488,0.23681561628509612,0.2350554126204246,0.23392470521351688
426,0.9002538919448853,0.9984882473945618,0.23718750476837158,4.083962440490723,0.23856971892416845,0.23630236557582407,0.23532533863664407
427,0.8988476395606995,1.006058931350708,0.2395312488079071,4.061978340148926,0.23995840863847545,0.2383511560932841,0.23723765622960202
428,0.900683581829071,0.9984425902366638,0.24070312082767487,4.052752494812012,0.24079002666720545,0.2394870467732641,0.23812509399436377
429,0.9003710746765137,0.9983289837837219,0.24578124284744263,4.036539554595947,0.24611040804207276,0.24488370121878494,0.24366477927906954
430,0.9011523723602295,0.9976068139076233,0.23992186784744263,4.062342643737793,0.23953179606558161,0.23873508277843225,0.23727050871661043
431,0.9008007645606995,0.9972407817840576,0.24351562559604645,4.076294422149658,0.24317905536636975,0.24251284814953095,0.24112460355250354
432,0.8979687690734863,1.0061285495758057,0.24312500655651093,4.081284046173096,0.2438178428325014,0.2420292450550965,0.24068109231712034
433,0.8985546827316284,1.000455379486084,0.23960937559604645,4.059038162231445,0.23931945077993552,0.23816394133375335,0.23664390738168428
434,0.8994531035423279,0.9963573217391968,0.24570313096046448,4.052700042724609,0.24575084885310602,0.24475066053776012,0.24322992709128607
435,0.9009570479393005,0.9970282912254333,0.24031250178813934,4.0627827644348145,0.24197553802768001,0.2392179688946035,0.23837242995826013
436,0.8995898365974426,0.9996602535247803,0.24085937440395355,4.063101291656494,0.2415087650819523,0.23973109346295546,0.23892025504080605
437,0.8984570503234863,1.0036848783493042,0.24265624582767487,4.077165126800537,0.24358715742850584,0.24152551122588722,0.24039277494143457
438,0.9002148509025574,1.0007537603378296,0.24375000596046448,4.064330577850342,0.24469758697347516,0.24289614728989367,0.24171481394652744
439,0.8991405963897705,1.001681923866272,0.24882812798023224,4.047753810882568,0.2481858476969359,0.24779440291359417,0.24608445524363742
440,0.9013867378234863,0.9965999722480774,0.24195311963558197,4.059000492095947,0.24325285995640583,0.24085686111319274,0.23966354481413957
441,0.9019531011581421,0.9952175617218018,0.2428906261920929,4.064258575439453,0.24329105506984355,0.24153012560512455,0.24033712497526644
442,0.9011914134025574,0.9930986166000366,0.24460937082767487,4.058285713195801,0.24494653883948603,0.24351773032576357,0.24219376950941546
443,0.9007031321525574,0.9970278143882751,0.2459374964237213,4.0587615966796875,0.24669978523416747,0.24501207863831276,0.2437662152542322
444,0.9006249904632568,0.9985784888267517,0.24500000476837158,4.04140567779541,0.24636572050161804,0.24410912930995532,0.24290523774172615
445,0.900097668170929,1.001190185546875,0.2498437464237213,4.049039363861084,0.2492525556626386,0.24864768022259723,0.24692545917330544
446,0.9010156393051147,0.9956681132316589,0.24453124403953552,4.046083450317383,0.24531993136005154,0.2436348902994767,0.2422548870053637
447,0.9011914134025574,0.9936746954917908,0.2427343726158142,4.057116508483887,0.24310088245289585,0.24165181185121967,0.2403857670888752
448,0.9009374976158142,0.9951695799827576,0.24382811784744263,4.0586323738098145,0.24335035217313797,0.2426517176320051,0.2407373323918776
449,0.8965234160423279,1.0041592121124268,0.2473437488079071,4.063013076782227,0.24753095580130463,0.24620057023089714,0.24434173578057367
450,0.9044336080551147,0.9889150261878967,0.24406249821186066,4.063990592956543,0.2444388471697138,0.24308693774703927,0.24163391695358694
451,0.9016015529632568,0.9915525913238525,0.24671874940395355,4.058870315551758,0.24671315745843794,0.2456771306342464,0.24409563618189709
452,0.900097668170929,0.9957075715065002,0.2482031285762787,4.051278114318848,0.24858141916362764,0.24711341147143046,0.24596045452861565
453,0.9017187356948853,0.9937165975570679,0.2423437535762787,4.059536933898926,0.24263044048487703,0.24144628375512575,0.24018623175725967
454,0.9033789038658142,0.9861963391304016,0.2475000023841858,4.045276641845703,0.24862426333954374,0.24670514596990556,0.24557331447730116
455,0.9021679759025574,0.9912164211273193,0.2388281226158142,4.073007583618164,0.23943169301835293,0.23776444018259682,0.23675350075794652
456,0.8995507955551147,0.99431973695755,0.23749999701976776,4.072995185852051,0.2390014786015426,0.23668677833337945,0.2357984077780157
457,0.9024804830551147,0.9906746745109558,0.2503125071525574,4.046815872192383,0.2508881268395463,0.24930667411616164,0.2482945638393988
458,0.8995116949081421,1.0000132322311401,0.24562500417232513,4.042301177978516,0.24588945534560655,0.24454140603154262,0.24329768004709282
459,0.8995312452316284,0.9996896982192993,0.2455468773841858,4.04432487487793,0.24632453035578486,0.2446759571660349,0.2435516438569138
460,0.9027929902076721,0.9897692203521729,0.24445313215255737,4.052413463592529,0.24540359532214037,0.2434942207020081,0.24241560129414746
461,0.8990234136581421,0.9979680776596069,0.24101562798023224,4.073268413543701,0.24144401703312218,0.23981466044355093,0.23844405829570986
462,0.9033984541893005,0.9883638024330139,0.24765625596046448,4.0352864265441895,0.24662281657385463,0.24654261574979414,0.24476974145019947
463,0.9013085961341858,0.9909324645996094,0.2482031285762787,4.0358076095581055,0.2475940289521781,0.24715282132840122,0.24531581946132264
464,0.9017968773841858,0.9907670021057129,0.24812500178813934,4.032067775726318,0.24921961569781845,0.24700460768833085,0.2459346129616579
465,0.9052148461341858,0.9835870265960693,0.24656249582767487,4.067490100860596,0.246224642764791,0.2455095729386547,0.2436545147510857
466,0.9025781154632568,0.989255428314209,0.24937500059604645,4.039237976074219,0.25096907162091925,0.24823177435738344,0.2474213260056666
467,0.9035546779632568,0.9860644340515137,0.24718749523162842,4.0690598487854,0.24750777619828151,0.24628946571881993,0.2449349942502888
468,0.9053515791893005,0.9807973504066467,0.24124999344348907,4.074591159820557,0.2419043774724295,0.2402888967097768,0.23926221551133459
469,0.9046679735183716,0.9832712411880493,0.24390624463558197,4.051043510437012,0.2435121045873382,0.2428533804471263,0.2414928334741906
470,0.9027343988418579,0.9844418168067932,0.24890625476837158,4.044845104217529,0.24951867438133596,0.24786923231574595,0.2467432763301814
471,0.9036328196525574,0.9834678769111633,0.24523437023162842,4.074910640716553,0.24541795976684586,0.2440660983150284,0.2425041305084416
472,0.9032617211341858,0.9865438938140869,0.24671874940395355,4.05378532409668,0.2468832269077071,0.24596555394245617,0.24439771267230043
473,0.9027734398841858,0.9899148344993591,0.24328124523162842,4.062892913818359,0.2434289826723293,0.24188041141442698,0.24012137033748046
474,0.8993554711341858,0.9967724084854126,0.24695312976837158,4.066891193389893,0.24733059741547023,0.24573582205731936,0.24448545545042982
475,0.901171863079071,0.98958420753479,0.24617187678813934,4.067318439483643,0.2469520791742107,0.24531255279885145,0.24423240014895686
476,0.9019726514816284,0.988233208656311,0.24328124523162842,4.033908367156982,0.24350444147298467,0.2420002626659743,0.24089466591067518
477,0.9037304520606995,0.9850520491600037,0.2515625059604645,4.033526420593262,0.25173501805161996,0.25019974614573715,0.2489316633812283
478,0.9029687643051147,0.9873390197753906,0.25117188692092896,4.03652811050415,0.25214846648052675,0.2504637105169168,0.24925280336118805
479,0.9024218916893005,0.9879583716392517,0.24835938215255737,4.065473556518555,0.24919552394326877,0.2470846429330821,0.2459613231766946
480,0.9024218916893005,0.9885453581809998,0.24671874940395355,4.058456897735596,0.2463010593272314,0.2455107079975846,0.2438835751878781
481,0.9044336080551147,0.9829297065734863,0.2478906214237213,4.0429487228393555,0.24893109012592224,0.24685653347248698,0.24603736183588584
482,0.9029882550239563,0.983995795249939,0.24718749523162842,4.054126262664795,0.24801947293685966,0.2465172981150605,0.24540702624449115
483,0.9027343988418579,0.9846031665802002,0.24742187559604645,4.080804347991943,0.24859968532139784,0.246916782106952,0.24592716942559198
484,0.9047265648841858,0.9792225360870361,0.24914062023162842,4.057842254638672,0.25100868767358364,0.2484088233761717,0.24762962002513955
485,0.9046875238418579,0.9823799133300781,0.24890625476837158,4.059836387634277,0.25101434959863816,0.24809729456354987,0.24761389957410226
486,0.9043554663658142,0.9806469082832336,0.24867187440395355,4.048314571380615,0.24995719527952998,0.24787465488205102,0.24724173822073492
487,0.9061718583106995,0.9695076942443848,0.25343748927116394,4.035013198852539,0.255057382683248,0.2528264421559744,0.25171972461457603
488,0.9047461152076721,0.9801390171051025,0.25062501430511475,4.044910907745361,0.25162004041408925,0.2497438282194725,0.24890883346278128
489,0.9028124809265137,0.9894953370094299,0.24781249463558197,4.0355730056762695,0.24847115503571315,0.2470518936190928,0.24597160277913743
490,0.9045703411102295,0.9818286299705505,0.25328123569488525,4.050561904907227,0.2546040719146663,0.2524536473309081,0.2513830936514827
491,0.903515636920929,0.9826957583427429,0.25343748927116394,4.045963287353516,0.2546111725490463,0.25267879856985337,0.2515998934914495
492,0.903613269329071,0.9821479916572571,0.25999999046325684,4.0257649421691895,0.26111707796629385,0.25910061765825926,0.25812297194586753
493,0.9035742282867432,0.9821155667304993,0.2492968738079071,4.037225723266602,0.2502903942596336,0.2483713110111843,0.24732425769744396
494,0.9025195240974426,0.9867978096008301,0.2528125047683716,4.0517683029174805,0.2537919188362467,0.2519971016453243,0.25084293721601947
495,0.9029882550239563,0.9847362041473389,0.25609374046325684,4.052947044372559,0.25733050043540573,0.25534150242983766,0.25418863842823963
496,0.9050586223602295,0.9759038686752319,0.24906249344348907,4.054981231689453,0.24984434254761992,0.2479624998436935,0.24666721622202256
497,0.9048632979393005,0.9789466857910156,0.24898438155651093,4.050920486450195,0.2513649157321901,0.24807285183528868,0.2477531362572553
498,0.907031238079071,0.9711570739746094,0.25187501311302185,4.033595085144043,0.25436072410384286,0.25135231158255783,0.25073485939689655
499,0.9050976634025574,0.9757202863693237,0.2593750059604645,4.029455661773682,0.2610424329036361,0.258367744260001,0.2575423616834729
500,0.9043554663658142,0.977174699306488,0.24648436903953552,4.055047512054443,0.246745756944194,0.24553126769393102,0.24408884587944463
501,0.9045507907867432,0.9792662858963013,0.2528125047683716,4.049144744873047,0.2535332068271703,0.2517345930948053,0.2503916141473563
502,0.9065039157867432,0.9792051911354065,0.25257813930511475,4.033452987670898,0.2531550700855661,0.25153285501673384,0.24995606343635415
503,0.9053515791893005,0.9740764498710632,0.25187501311302185,4.042642593383789,0.25328372066467103,0.25086806444623666,0.2498725617451761
504,0.9033984541893005,0.9831578135490417,0.25078123807907104,4.047124862670898,0.25200272735259144,0.24972778043240218,0.2484540350541367
505,0.9034179449081421,0.980537474155426,0.25023436546325684,4.044101715087891,0.2521662744690228,0.24945894970867225,0.24861208795996526
506,0.903124988079071,0.9781323075294495,0.2569531202316284,4.017632484436035,0.2585753483222213,0.25627365048359885,0.25498198074492723
507,0.906445324420929,0.9738730788230896,0.2554687559604645,4.045263290405273,0.25514597670542316,0.25469675622557253,0.2529926895676531
508,0.9062304496765137,0.9748711585998535,0.2515625059604645,4.037197589874268,0.25211283692949216,0.2504655643094307,0.24926827318765987
509,0.9063671827316284,0.9711654782295227,0.2487500011920929,4.069129943847656,0.2502130856123179,0.24808337298458255,0.24691379305922895
510,0.9040234088897705,0.9797174334526062,0.25289061665534973,4.0463032722473145,0.25401968158648297,0.25205171843203666,0.25092182674275254
511,0.906933605670929,0.9707276821136475,0.2514062523841858,4.056527614593506,0.2533022121135341,0.25094756925177025,0.2500513827362039
512,0.9058398604393005,0.9700610637664795,0.24742187559604645,4.0409321784973145,0.2483758432826697,0.24662538687017777,0.24579325386327983
513,0.9070507884025574,0.9673565626144409,0.25,4.039222240447998,0.2508402219727935,0.24960675332624532,0.24847058221499455
514,0.9071679711341858,0.9690033793449402,0.2526562511920929,4.03264045715332,0.25408800661072334,0.2521496200946378,0.2512918171318983
515,0.9063085913658142,0.9756772518157959,0.24953125417232513,4.02520751953125,0.2511774381133768,0.2488824731810209,0.24766603347887672
516,0.9073632955551147,0.971172034740448,0.2515625059604645,4.014601707458496,0.2527634778791333,0.2505254761957072,0.24963318462932205
517,0.9053710699081421,0.9749788045883179,0.25804686546325684,4.0168657302856445,0.2592530701568899,0.25686902520853067,0.2561261463941179
518,0.9059179425239563,0.9651761054992676,0.24648436903953552,4.046602249145508,0.2478144747596508,0.24542385005396183,0.24437652577544655
519,0.9060156345367432,0.9707524180412292,0.2546093761920929,4.034918308258057,0.2552077154241244,0.2537137517179699,0.2525243335885792
520,0.9064062237739563,0.9701613783836365,0.2530468702316284,4.02976131439209,0.2540111374921777,0.25197609373813945,0.2509638821560804
521,0.9044336080551147,0.974662721157074,0.24562500417232513,4.053439140319824,0.246977344098268,0.2450373505618707,0.24399224121921353
522,0.9075781106948853,0.969288170337677,0.2523437440395355,4.046644687652588,0.2540960019183374,0.2515908803644235,0.2508714881466273
523,0.9065039157867432,0.9656491875648499,0.25242188572883606,4.027884006500244,0.2539317540458893,0.251339202503209,0.25031449919863313
524,0.9038867354393005,0.9777665138244629,0.2524999976158142,4.029435157775879,0.2533798343761228,0.25166807821922,0.2503039802497825
525,0.905078113079071,0.9725642204284668,0.2512499988079071,4.026986122131348,0.25097245004180846,0.2501988846792981,0.2485847331701449
526,0.9051758050918579,0.973118007183075,0.2542187571525574,4.020261764526367,0.2555576516404914,0.25339735999113294,0.2524151385658714
527,0.9071093797683716,0.9662107229232788,0.2596093714237213,4.01625919342041,0.2606107742793574,0.25869360326321106,0.2579285810931233
528,0.9056445360183716,0.975460410118103,0.25492188334465027,4.037007808685303,0.25643910140321846,0.2540636671736044,0.2532921456496878
529,0.9056445360183716,0.9732057452201843,0.2569531202316284,4.00335168838501,0.25828021408244695,0.2558588283483513,0.2548196724959706
530,0.9063476324081421,0.9688163995742798,0.25687500834465027,4.002326488494873,0.2573825250672503,0.25587278774799815,0.2545397270576242
531,0.9044530987739563,0.9786467552185059,0.25507813692092896,4.02349853515625,0.2559795374812278,0.2537780612537527,0.2528999994279678
532,0.9076367020606995,0.9664230942726135,0.2547656297683716,4.00692892074585,0.2557870236339854,0.25367803828310487,0.252747189556114
533,0.9064257740974426,0.9713684916496277,0.25492188334465027,4.0056891441345215,0.2563027416500049,0.2542930178961986,0.2533621741823563
534,0.9055078029632568,0.9719567894935608,0.2572656273841858,4.014665603637695,0.25903936730528054,0.25682769726934074,0.25563174349061024
535,0.9053320288658142,0.9730733633041382,0.25382813811302185,4.011022090911865,0.2559998351248217,0.2528276757953826,0.25201634636057624
536,0.9092773199081421,0.963614284992218,0.25843751430511475,4.009610176086426,0.2590520759877594,0.257274375720841,0.2561649709572665
537,0.907031238079071,0.9687827825546265,0.25687500834465027,4.027220249176025,0.2577263631674531,0.2556331125481959,0.2544942626048876
538,0.9076562523841858,0.9628432393074036,0.2564062476158142,4.026336193084717,0.2580314591326247,0.2551818339730224,0.25429595752844353
539,0.9054101705551147,0.9656729698181152,0.2562499940395355,4.0254807472229,0.25583913901826166,0.25504840157333664,0.2536785721585853
540,0.9076562523841858,0.9628003835678101,0.25468748807907104,4.037416458129883,0.25540278398526095,0.25356942297909896,0.25255778603983525
541,0.9068359136581421,0.9689380526542664,0.25648438930511475,4.013134479522705,0.25834938410607167,0.2555593814719969,0.25453677182118817
542,0.9092578291893005,0.9592251777648926,0.25874999165534973,4.010562419891357,0.25962407449801894,0.25778181666094513,0.2565040362254371
543,0.9113476276397705,0.9554263353347778,0.26093751192092896,3.996098518371582,0.26228226204301536,0.260072641932953,0.259080095251606
544,0.9080273509025574,0.9651325345039368,0.25523436069488525,4.019045829772949,0.25560501788360784,0.2544589226018146,0.2529351081928259
545,0.9088476300239563,0.9565382599830627,0.25257813930511475,4.048701286315918,0.25438991152781226,0.25189410285886826,0.2509647795041226
546,0.9088476300239563,0.9607250690460205,0.2535156309604645,4.036886692047119,0.25382414120131147,0.25266281076783104,0.2507936060360509
547,0.9090234637260437,0.9586650729179382,0.25999999046325684,4.044097423553467,0.26098428015501596,0.2591073503134983,0.25751740495621406
548,0.9078906178474426,0.9632861614227295,0.2572656273841858,4.028463840484619,0.2601999325159571,0.2563585385061745,0.2557688255492542
549,0.9069140553474426,0.9653794169425964,0.2553125023841858,4.032773017883301,0.255742721451729,0.25446735227751904,0.25278876457672905
550,0.9097851514816284,0.956112802028656,0.2564062476158142,4.055153846740723,0.25757576453233977,0.25530943011607854,0.25448664066366444
551,0.9100586175918579,0.9570250511169434,0.2540625035762787,4.052964687347412,0.25514179445952373,0.25292562559097853,0.2519424356144531
552,0.908496081829071,0.9640350341796875,0.25757813453674316,4.02766227722168,0.25777391845575903,0.25656037383074554,0.2550534147399084
553,0.9101758003234863,0.9541313648223877,0.2560156285762787,4.0416975021362305,0.2577481124035357,0.25513950817853825,0.2540028976110732
554,0.9092382788658142,0.959339439868927,0.2549999952316284,4.056919097900391,0.2556262789693967,0.2539288296951218,0.25262396108617663
555,0.9096093773841858,0.9585437774658203,0.2569531202316284,4.0420241355896,0.2577783653296012,0.2560049185530395,0.25466055591834036
556,0.9063867330551147,0.9639222621917725,0.2546093761920929,4.072772026062012,0.25521203478258736,0.25371400061789123,0.25219717827753085
557,0.9077538847923279,0.9650407433509827,0.2567187547683716,4.074451923370361,0.2577195835713089,0.2559932553620685,0.2544771802254042
558,0.9077538847923279,0.9631756544113159,0.2544531226158142,4.0616888999938965,0.2551190110268183,0.2537915730591461,0.2526723964941586
559,0.9076367020606995,0.9641107320785522,0.2585156261920929,4.05726432800293,0.25907282266299225,0.25776129767219624,0.2564816525416872
560,0.9081445336341858,0.9584871530532837,0.25757813453674316,4.031702041625977,0.25745198029949234,0.2561591238599703,0.25454210985751735
561,0.9074413776397705,0.9614805579185486,0.2625781297683716,4.049319267272949,0.26322376101059464,0.26121262894487385,0.26017429169757905
562,0.908886730670929,0.9600884318351746,0.2546093761920929,4.04197883605957,0.255570166322726,0.2537483545666769,0.25266160165210605
563,0.9094531536102295,0.9602239727973938,0.2586718797683716,4.006424427032471,0.2596917319699762,0.25801622029652094,0.25669175860112536
564,0.9079687595367432,0.9640255570411682,0.25703126192092896,4.024868011474609,0.2580026693859769,0.2560799365714925,0.25492794071061275
565,0.9116796851158142,0.9551582932472229,0.259765625,4.013895511627197,0.26132955043236156,0.25866018143018693,0.25784233155971636
566,0.908886730670929,0.9605851769447327,0.2574999928474426,4.028283596038818,0.2579017147521431,0.25633077753301625,0.2551559019628651
567,0.9093945026397705,0.9581799507141113,0.2546093761920929,4.039068698883057,0.2566143874092075,0.2537944494268533,0.2528607209261442
568,0.9056640863418579,0.9707061648368835,0.2592187523841858,4.045467376708984,0.2601742527922272,0.2584240134881428,0.2573311072689891
569,0.9093945026397705,0.9574772119522095,0.25757813453674316,4.029951095581055,0.2583020242807824,0.2567888953379393,0.25523416359895024
570,0.9085351824760437,0.9607728719711304,0.2576562464237213,4.008631229400635,0.25904495885977713,0.25678658627839007,0.2555488813424882
571,0.9111914038658142,0.9564457535743713,0.2594531178474426,4.028563499450684,0.260277347508024,0.25889310521499753,0.2575179732903616
572,0.9077929854393005,0.961171567440033,0.26078125834465027,4.030308723449707,0.2614176460010049,0.2598787844584798,0.2587412606552878
573,0.9096484184265137,0.956735372543335,0.2542187571525574,4.0338640213012695,0.25585825984428323,0.2536209821477201,0.2526160194446102
574,0.9079883098602295,0.9598255753517151,0.25804686546325684,4.017727375030518,0.25677970197606936,0.2569700965899946,0.25503056063636054
575,0.9106054902076721,0.9492926001548767,0.2621093690395355,3.9923911094665527,0.2630958594375868,0.2616177515075637,0.26023743679539335
576,0.9100000262260437,0.9552980661392212,0.26039063930511475,4.026947498321533,0.2620063887587345,0.2593934052292528,0.25848485456706094
577,0.91064453125,0.9582418203353882,0.2611718773841858,4.01077127456665,0.2620240220917555,0.2603266687877587,0.25899538053290716
578,0.9087109565734863,0.9613442420959473,0.2562499940395355,4.040282249450684,0.2574841770090928,0.2558090692424353,0.25474774476542444
579,0.9087304472923279,0.9632394909858704,0.25804686546325684,4.04360294342041,0.2581232402126174,0.25720678864681723,0.255568188630314
580,0.9076952934265137,0.9598996639251709,0.2582031190395355,4.030782699584961,0.2585541000261048,0.25709727516862246,0.2557489904549531
581,0.9121484160423279,0.948793351650238,0.2610156238079071,4.008946895599365,0.2612651683092981,0.2603799208349503,0.2589008112525635
582,0.9106054902076721,0.946877658367157,0.26429688930511475,4.020332336425781,0.2647799486363577,0.2634500796780005,0.262205525558148
583,0.9111914038658142,0.9542031288146973,0.2542968690395355,4.036447048187256,0.2549608560952632,0.253233422342514,0.25224729694425907
584,0.9097265601158142,0.9564651250839233,0.25843751430511475,4.029294013977051,0.25795176674349174,0.2576622480460725,0.256040664706115
585,0.9108593463897705,0.948432981967926,0.2579687535762787,4.022514820098877,0.2581465672450123,0.25754846700183803,0.2558108966892615
586,0.9099218845367432,0.9572303295135498,0.2613281309604645,4.0320048332214355,0.26151738882694486,0.2604292981110677,0.2588175939806102
587,0.9117578268051147,0.9440593123435974,0.25773438811302185,4.023558139801025,0.258913185258414,0.2567115762189913,0.25550887103080483
588,0.9077343940734863,0.9602382183074951,0.2574999928474426,4.016943454742432,0.25890953867064315,0.2566104744410245,0.255683405258394
589,0.9095117449760437,0.9564048051834106,0.25874999165534973,4.019717693328857,0.2593776121460661,0.2577752863280291,0.2565785131225362
590,0.9081054925918579,0.9539802074432373,0.26054686307907104,4.027239799499512,0.2612509132138023,0.2596759774019215,0.25830233844354056
591,0.9098241925239563,0.9543288946151733,0.2582031190395355,4.042254447937012,0.25839029847193573,0.25716170571183267,0.2559130354411263
592,0.9101366996765137,0.9524024128913879,0.25523436069488525,4.036600589752197,0.256325870437225,0.25419412879436454,0.2531589577231232
593,0.9083203077316284,0.959636926651001,0.2583593726158142,4.019326686859131,0.2594886931075788,0.2575787814354191,0.25653033236336525
594,0.9107031226158142,0.9510783553123474,0.25914061069488525,4.030550479888916,0.2603164442650126,0.2584650555424023,0.25737204095994787
595,0.9111132621765137,0.955264687538147,0.26484376192092896,4.004376411437988,0.2665855576268007,0.2640328612214604,0.2632132525927203
596,0.9076562523841858,0.9570755958557129,0.2621093690395355,4.019853591918945,0.2633766446289658,0.2615314660795329,0.2603218232914259
597,0.9104297161102295,0.9487790465354919,0.25648438930511475,4.019813537597656,0.25806046545229705,0.2555131916236104,0.25488891214589404
598,0.9095117449760437,0.9526320695877075,0.2650781273841858,4.0201849937438965,0.2660286843767543,0.2639886465681297,0.26291825523445306
599,0.9135351777076721,0.9430866837501526,0.2594531178474426,4.013813495635986,0.2610856490319217,0.2587259824640408,0.25787234741542875
600,0.9123437404632568,0.9464708566665649,0.26179686188697815,4.014916896820068,0.26252382637235433,0.26037541773126305,0.25924920837404614
601,0.9106249809265137,0.9513072967529297,0.2635156214237213,4.0146098136901855,0.26415261833661,0.26250646796344035,0.26141682873042904
602,0.9108788967132568,0.9501680731773376,0.26679688692092896,4.02008581161499,0.26773231469047765,0.2658317903567849,0.2646263195442433
603,0.9098827838897705,0.9572048783302307,0.2603124976158142,4.052175521850586,0.2614593804026839,0.25932379818942153,0.25798192991898206
604,0.9099414348602295,0.957573652267456,0.2592187523841858,4.0152459144592285,0.2606276698641738,0.258087359057075,0.25722124523621587
605,0.9073827862739563,0.9590401649475098,0.26195311546325684,4.0213236808776855,0.262297267506198,0.2607871368860415,0.25955235299183843
606,0.9119726419448853,0.9511399865150452,0.25968751311302185,4.030726432800293,0.26213146394469966,0.25881579900641494,0.25836282260205845
607,0.9105273485183716,0.948843240737915,0.26195311546325684,4.005844593048096,0.2633949419135021,0.26122954247340646,0.2604643967106103
608,0.9109765887260437,0.9484426379203796,0.26374998688697815,4.01565408706665,0.26527280855997604,0.26297417551669916,0.26205776189293994
609,0.9110546708106995,0.9515753388404846,0.26320311427116394,4.027175426483154,0.26416679628459905,0.2623197504160104,0.26110391259066074
610,0.9122655987739563,0.9413796067237854,0.2614062428474426,3.999580144882202,0.26244814495788543,0.2604069770262582,0.2594109610622564
611,0.9114843606948853,0.9458320140838623,0.25804686546325684,4.014013290405273,0.25974349891943715,0.25723610192381074,0.2562804704820783
612,0.9105273485183716,0.947135865688324,0.2600781321525574,4.025047779083252,0.2611397333298627,0.25886539527862923,0.2579230586639356
613,0.9109765887260437,0.9492812156677246,0.2661718726158142,4.004793167114258,0.26847230971808655,0.26525162996198604,0.2646440490105675
614,0.9100195169448853,0.9492183923721313,0.26039063930511475,4.016167640686035,0.2611493348296674,0.25933399246894606,0.2580972698575278
615,0.9112109541893005,0.9527655839920044,0.2614062428474426,4.060359001159668,0.2635623585929342,0.2605085650657785,0.26006750830507286
616,0.9104687571525574,0.9536260366439819,0.25953125953674316,4.029641628265381,0.2597343889468197,0.25845598134345915,0.25682751699726664
617,0.9107421636581421,0.9510788917541504,0.25734373927116394,4.042288780212402,0.257935434497169,0.2563996583988981,0.2551111049736501
618,0.9130663871765137,0.9470095634460449,0.2585156261920929,4.032020092010498,0.26012609690105404,0.25773314379078,0.2563049937044362
619,0.9118750095367432,0.9456033110618591,0.26039063930511475,4.030120372772217,0.26163957629124507,0.25942179790391906,0.2584131680957771
620,0.9132421612739563,0.941524863243103,0.2654687464237213,4.021495342254639,0.26668877359088033,0.2643560649964496,0.26316513713652395
621,0.9133007526397705,0.9426293969154358,0.25789061188697815,4.02924919128418,0.25824386626959317,0.25670138418535404,0.2550078793066286
622,0.9105663895606995,0.9493993520736694,0.25492188334465027,4.0347819328308105,0.2556288732969615,0.25394274705172215,0.25288915400412015
623,0.9126952886581421,0.9427132606506348,0.25804686546325684,4.0140204429626465,0.25856529637153436,0.25694582085023865,0.2556072915068771
624,0.9147070050239563,0.9393242001533508,0.2629687488079071,4.016935348510742,0.26371647477601134,0.26192661143184504,0.2606663578474294
625,0.9115039110183716,0.948800802230835,0.259765625,4.036721706390381,0.2610429738536575,0.2585427052723869,0.2575090651022787
626,0.9121484160423279,0.9470970034599304,0.2606250047683716,4.005388259887695,0.2624201716828938,0.2597289303168058,0.2588343212340941
627,0.9130859375,0.9412923455238342,0.259765625,4.007516860961914,0.2610878843547543,0.25877142548406334,0.25800650146752413
628,0.9096093773841858,0.9536527395248413,0.25953125953674316,4.026318550109863,0.26109839402212875,0.25864590214472494,0.25771937972539866
629,0.9116406440734863,0.94504714012146,0.2578125,4.023191452026367,0.2591370994477523,0.2570944738900447,0.2559492693921118
630,0.9117382764816284,0.9514706134796143,0.26218751072883606,4.019144535064697,0.26400254471249485,0.2616813230093566,0.26074291748858625
631,0.9094531536102295,0.9535822868347168,0.2635156214237213,4.00656270980835,0.2651331654409628,0.2626175437791931,0.261831876106983
632,0.9118750095367432,0.9490544199943542,0.25664061307907104,4.0389604568481445,0.2583377264058868,0.2560041999104993,0.2550339608808881
633,0.9124804735183716,0.9497050642967224,0.25843751430511475,4.042459487915039,0.25981547877677,0.25737506624452405,0.2565036181540584
634,0.9111914038658142,0.9452340006828308,0.26320311427116394,4.016162872314453,0.2649304130341682,0.2621108279444602,0.26139856415873275
635,0.9133398532867432,0.9445899128913879,0.2606250047683716,4.0246806144714355,0.26206293452114815,0.25991901123271177,0.2592809895795855
636,0.9122461080551147,0.9457086324691772,0.2631250023841858,4.026163101196289,0.26351510760694646,0.26214568253523546,0.2610242326239336
637,0.9116992354393005,0.9398912191390991,0.2643750011920929,4.0157389640808105,0.265384225177773,0.2634449541483932,0.2624301090437802
638,0.9133594036102295,0.9410631060600281,0.26539063453674316,4.017602920532227,0.2677886335131776,0.26431756033044734,0.26363338122221913
639,0.9114843606948853,0.946134626865387,0.26664063334465027,3.9917495250701904,0.2679627558920678,0.265412979579115,0.2649522642264637
640,0.9151952862739563,0.9340019226074219,0.26343750953674316,4.013764381408691,0.2643974628574327,0.2628834291393586,0.2616979990322214
641,0.91357421875,0.9413393139839172,0.2649218738079071,4.002687454223633,0.2662449279541094,0.2637274370456669,0.2630288250196283
642,0.9121484160423279,0.9454876780509949,0.263671875,4.004729270935059,0.2648351211809251,0.2625516932405335,0.26149907456724253
643,0.9102929830551147,0.951680064201355,0.26414063572883606,4.010983467102051,0.2647480570151727,0.26295114944778414,0.261902204336056
644,0.9128515720367432,0.9411507248878479,0.25999999046325684,4.012737274169922,0.26091823681946125,0.25894945067115693,0.25792611332365895
645,0.9127538800239563,0.9423054456710815,0.26359376311302185,4.003770351409912,0.26494783390419674,0.2626375390757837,0.2615581428245528
646,0.9134374856948853,0.938559353351593,0.26499998569488525,4.014765739440918,0.2659517185628134,0.26425268951893305,0.26317459043107744
647,0.9128320217132568,0.9423581957817078,0.2657812535762787,4.017448902130127,0.26572781864955675,0.26451763164038344,0.263206247841237
648,0.9130468964576721,0.9453614950180054,0.2599218785762787,4.0425519943237305,0.26167612914424376,0.25880574136677,0.2577836473295353
649,0.9108788967132568,0.9465535879135132,0.2671875059604645,4.019052982330322,0.26902036369536314,0.266861124865869,0.26585251219837114
650,0.9141015410423279,0.93660569190979,0.25999999046325684,4.022945404052734,0.26120247581395956,0.25902592349136333,0.25810076529089754
651,0.913867175579071,0.9417433142662048,0.26343750953674316,4.001890659332275,0.26430393711452416,0.26242275884662525,0.26126179174711694
652,0.9142382740974426,0.9395272731781006,0.259765625,4.0008769035339355,0.2611836255902066,0.25883620885567815,0.2580978769997565
653,0.9130859375,0.9387759566307068,0.26445311307907104,3.993359088897705,0.2665843527049626,0.2637768510953056,0.2632652638720001
654,0.9124414324760437,0.9406945109367371,0.26445311307907104,4.011738300323486,0.2654478721322101,0.26381350582247043,0.2622672374045148
655,0.9127734303474426,0.9439250826835632,0.2606250047683716,4.016522407531738,0.2612998917562,0.2598591129741197,0.2588127592833309
656,0.9143945574760437,0.9375626444816589,0.26289063692092896,4.017922401428223,0.2635753517748741,0.2620284882283712,0.26113098314823124
657,0.9144531488418579,0.937551736831665,0.2604687511920929,4.002946853637695,0.2609265856153291,0.25958996551962166,0.25843149456486714
658,0.914257824420929,0.9334993958473206,0.26265624165534973,4.007306098937988,0.26307996192251,0.26168892540995614,0.26036815191035967
659,0.9126172065734863,0.9377570152282715,0.26249998807907104,4.022246837615967,0.26372517798068895,0.2617288850351219,0.2607753308724969
660,0.9157031178474426,0.9294804930686951,0.26609376072883606,3.9976210594177246,0.26788763420484707,0.265486601279442,0.2646298583995534
661,0.9134570360183716,0.9374808669090271,0.2732812464237213,3.9846444129943848,0.2739010227020833,0.2725176943119127,0.2712679766653592
662,0.9164453148841858,0.9330576062202454,0.2677343785762787,3.9918253421783447,0.26884241013453547,0.2667650207985509,0.2658575585754245
663,0.9161913990974426,0.9291436672210693,0.2624218761920929,4.0057373046875,0.2628454032058077,0.26133532084180333,0.2602000552542196
664,0.9143945574760437,0.9352215528488159,0.26304686069488525,4.017096042633057,0.2640547721936879,0.2622787431103992,0.2613336930225184
665,0.9134374856948853,0.9415991902351379,0.26374998688697815,4.041146755218506,0.26428854737342944,0.26295464720621287,0.2615053368844028
666,0.912792980670929,0.9344398379325867,0.2652343809604645,4.018505096435547,0.26763999924923965,0.26443838791044794,0.26402078474480994
667,0.9140625,0.9373545050621033,0.26234376430511475,4.020191192626953,0.2635741897597807,0.2618121269300814,0.2608040601288593
668,0.9135351777076721,0.9379530549049377,0.2674218714237213,4.0071702003479,0.26825364380454514,0.26670133018088854,0.26558196436210446
669,0.9119921922683716,0.9445827603340149,0.26109373569488525,4.034287929534912,0.26167686615048413,0.2604075349975851,0.2593733759573419
670,0.9139257669448853,0.9367799162864685,0.26320311427116394,4.031375408172607,0.2638818454057536,0.26239869852328723,0.26128437905263485
671,0.9167773723602295,0.9273000955581665,0.26585936546325684,3.983031988143921,0.26660462506536725,0.2651420773509797,0.26378343956531203
672,0.9134765863418579,0.9354100823402405,0.26976561546325684,3.993508815765381,0.2719443182507262,0.2689358155837423,0.2681226363067055
673,0.9150000214576721,0.9338855147361755,0.26804688572883606,4.004006862640381,0.26934120735116485,0.2674484064687328,0.26628982735612217
674,0.9157421588897705,0.9313136339187622,0.27101561427116394,3.9948458671569824,0.2717770343366793,0.27045007421369666,0.2691405286353775
675,0.9170312285423279,0.9287793040275574,0.2716406285762787,3.9861228466033936,0.2726215025783317,0.27080344750147184,0.26985887704536227
676,0.9138867259025574,0.9398860335350037,0.2679687440395355,4.006028175354004,0.2699069515389158,0.26718749658022384,0.2667183282083024
677,0.9164453148841858,0.9283816814422607,0.2696875035762787,3.9981677532196045,0.2707525989929557,0.2688469215362652,0.2677580208832107
678,0.9135351777076721,0.9371788501739502,0.26570311188697815,4.0048828125,0.2676798648195878,0.2647541120595187,0.26406973841377546
679,0.9155077934265137,0.9315221309661865,0.26781249046325684,3.9828786849975586,0.26784093171733764,0.2670364539186344,0.2654773885738677
680,0.9154687523841858,0.933809220790863,0.2667187452316284,4.007585048675537,0.26760834280614243,0.26606035628747543,0.26491726725008896
681,0.9138281345367432,0.9341520667076111,0.26906248927116394,4.002676963806152,0.2704275662061908,0.2682847004551552,0.26721034297889695
682,0.9144531488418579,0.9356588125228882,0.2679687440395355,3.996952772140503,0.2691509147459865,0.26721422609615736,0.26621832216534
683,0.91162109375,0.9419335126876831,0.26734375953674316,3.994356155395508,0.2686298526450559,0.2665464553344242,0.26527860732094677
684,0.9117578268051147,0.9418833255767822,0.2667187452316284,3.9997894763946533,0.26732987143306003,0.2658064354115518,0.26460893431427257
685,0.9152929782867432,0.9317123889923096,0.26953125,3.9899849891662598,0.27121721672085686,0.2688946809831755,0.26822828191116105
686,0.9142968654632568,0.9377074241638184,0.2660156190395355,3.9811718463897705,0.2685520825451475,0.2652347247595013,0.2646455790555363
687,0.9138085842132568,0.9352023601531982,0.2614062428474426,4.004759788513184,0.2622042677789611,0.2604453104233769,0.25973534376629376
688,0.9112695455551147,0.9393678307533264,0.2660156190395355,4.007157325744629,0.2672754360753561,0.26533700687360073,0.26453937685510676
689,0.9144140481948853,0.9345951676368713,0.26570311188697815,4.004243850708008,0.26676755891388937,0.265038133176557,0.2639314981139269
690,0.9130663871765137,0.9381258487701416,0.27000001072883606,4.009440898895264,0.2717434439370442,0.26894323090701167,0.268160640789265
691,0.9162695407867432,0.9295972585678101,0.2614062428474426,4.00810432434082,0.2618500110742326,0.2605758536742051,0.2593168816142448
692,0.9114843606948853,0.9431083798408508,0.2639843821525574,3.9895944595336914,0.26585336447269003,0.26312965936887417,0.26224371030383065
693,0.9140039086341858,0.9335702657699585,0.26195311546325684,3.9946506023406982,0.2622957869050449,0.2609244623483742,0.2595746004942772
694,0.9138476848602295,0.9346070885658264,0.26929688453674316,3.9834442138671875,0.2695890987117835,0.26850729102390675,0.266930267878673
695,0.914746105670929,0.9336736798286438,0.26570311188697815,3.9837660789489746,0.2661591420792613,0.26459065797442666,0.26330146831871226
696,0.9155859351158142,0.9292752742767334,0.2649218738079071,3.9810585975646973,0.2647305291294131,0.26364099910574035,0.2622883102712969
697,0.9171289205551147,0.9242050051689148,0.27101561427116394,3.9933221340179443,0.2720426856869066,0.27006467335052364,0.2690057791126089
698,0.9151366949081421,0.9325351715087891,0.27000001072883606,3.9855337142944336,0.27090149109793893,0.2693913038421899,0.26805730429901475
699,0.9183202981948853,0.924319326877594,0.27085936069488525,3.9833502769470215,0.2723349672179858,0.2697567156568453,0.2685711284125356
700,0.9140039086341858,0.9336211681365967,0.2727343738079071,4.000245094299316,0.27358181857389363,0.27186236647176154,0.27069337333076127
701,0.9165234565734863,0.9314782619476318,0.27156248688697815,3.986959457397461,0.2724133172902053,0.2704840439978123,0.2693173790062777
702,0.9131445288658142,0.9370329976081848,0.2702343761920929,3.984139919281006,0.2727399388802797,0.26913455327510927,0.2686612688141267
703,0.9171484112739563,0.9266059994697571,0.26820313930511475,4.013207912445068,0.26837699144923466,0.26732537460172695,0.26585185532355
704,0.9151172041893005,0.9341377019882202,0.26835936307907104,4.006744861602783,0.26856895200158937,0.26727684659442436,0.265797150655956
705,0.9144726395606995,0.9336984753608704,0.2717968821525574,3.9989500045776367,0.2736696571670978,0.27115616487768307,0.2703576437987266
706,0.9155859351158142,0.9283955097198486,0.2667187452316284,3.9902679920196533,0.2677069245236078,0.2655783245370973,0.26451100400304894
707,0.9139062762260437,0.9319054484367371,0.26945313811302185,3.990314245223999,0.27090713682697787,0.26867706764918897,0.2679338092947711
708,0.9180273413658142,0.9256768226623535,0.2693749964237213,3.9920661449432373,0.2706708900655851,0.2683636808228486,0.26743932283996996
709,0.9155859351158142,0.9269145131111145,0.2674218714237213,3.9876646995544434,0.2696846825301722,0.2666964760337499,0.265985184787913
710,0.9137304425239563,0.9336330890655518,0.26539063453674316,4.03108024597168,0.26617451358615807,0.26456639673359506,0.26336888852097656
711,0.9143164157867432,0.9342300295829773,0.26890623569488525,4.008991241455078,0.2708468315528494,0.26799984467067006,0.26716375085106897
712,0.9149414300918579,0.9330650568008423,0.2702343761920929,4.012176513671875,0.2719847612602905,0.2692307271414641,0.2686406162917345
713,0.9122265577316284,0.938342273235321,0.26164063811302185,4.022698879241943,0.2628876450109095,0.260827851307863,0.2599791478538586
714,0.9157421588897705,0.9310148358345032,0.265625,4.0034708976745605,0.267271029074972,0.26481100922207734,0.2636744384077324
715,0.9142773151397705,0.9333539009094238,0.27015626430511475,4.0014472007751465,0.27152700148395903,0.26922405953240525,0.26815307102613284
716,0.9137109518051147,0.9338241815567017,0.2725781202316284,4.006303310394287,0.27346447819559916,0.27166423777492366,0.2705525252850888
717,0.9170312285423279,0.9251678586006165,0.26609376072883606,4.007208347320557,0.2666678094973891,0.26516574045484376,0.2641515556051657
718,0.9159765839576721,0.9262163639068604,0.2629687488079071,4.034311294555664,0.26425602819911376,0.26232410529689487,0.26150431599911445
719,0.9174218773841858,0.9229881167411804,0.26640623807907104,4.014806747436523,0.2677719846907173,0.2654152724595046,0.26447943503320526
720,0.9131445288658142,0.9323168396949768,0.2727343738079071,4.002023696899414,0.2737379380193643,0.27187744428971145,0.2707465744199664
721,0.9187304973602295,0.9193251729011536,0.2742968797683716,3.9745798110961914,0.2761838523759098,0.27333819547633037,0.27283615523280497
722,0.9177148342132568,0.920874834060669,0.2713281214237213,3.998936414718628,0.2733453257267439,0.2706139959114009,0.2697817957969822
723,0.9188867211341858,0.9181398749351501,0.27351561188697815,3.9835898876190186,0.2755187960702268,0.27287149873992583,0.2723049995586615
724,0.9159179925918579,0.9250998497009277,0.27015626430511475,4.014296054840088,0.2714291999049857,0.2693142284532445,0.268453872609906
725,0.9156249761581421,0.9289327263832092,0.26664063334465027,4.001795768737793,0.2678704815990607,0.2659258111734525,0.2647710388660138
726,0.9146875143051147,0.9289628863334656,0.27210938930511475,3.9958789348602295,0.27347172184359814,0.2712575213646557,0.2705467875310555
727,0.9165234565734863,0.9272190928459167,0.26851561665534973,3.9911715984344482,0.2700588161822455,0.2676988696763027,0.26673086609108404
728,0.9153711199760437,0.9250545501708984,0.2671875059604645,3.987107515335083,0.2684456464553155,0.2660374385554045,0.2653087355547834
729,0.9183788895606995,0.9210718274116516,0.2686718702316284,4.005246639251709,0.2704997234119122,0.26780317637761697,0.2672491910267086
730,0.9159374833106995,0.9236335754394531,0.26570311188697815,4.015748977661133,0.26802268956366326,0.26473075712806493,0.264160454062851
731,0.9146875143051147,0.9299604892730713,0.2700781226158142,4.007429122924805,0.271335042986696,0.2691305868787514,0.26836752193021807
732,0.9159374833106995,0.929036557674408,0.26460936665534973,4.01767110824585,0.26617545941971665,0.26380975935755435,0.263142078997763
733,0.9145312309265137,0.9305254220962524,0.2613281309604645,4.038411617279053,0.2629081031830792,0.2605435553662626,0.2599829067987395
734,0.919238269329071,0.9204710125923157,0.26851561665534973,4.0086517333984375,0.2699610675787972,0.26755411469562446,0.26651093523247255
735,0.91845703125,0.91929030418396,0.2677343785762787,4.014504909515381,0.2687066904149101,0.26691388667158156,0.26574948211959987
736,0.9176366925239563,0.9210692644119263,0.26445311307907104,4.011995315551758,0.265486417417077,0.26332433184957277,0.26236892833059294
737,0.9175195097923279,0.9219899773597717,0.26054686307907104,4.008972644805908,0.26176167583677157,0.2594408653778264,0.2584906367841715
738,0.9153906106948853,0.9277545809745789,0.26265624165534973,4.014269828796387,0.2642863974127695,0.2617476285902818,0.2610521693275538
739,0.9136914014816284,0.9281681180000305,0.2672656178474426,3.9860188961029053,0.2682242669240808,0.26632728499385316,0.2652924715434162
740,0.9175586104393005,0.9204398393630981,0.26570311188697815,3.9720499515533447,0.26658388424742474,0.26499611424374003,0.2638068813152714
741,0.9148828387260437,0.9284366369247437,0.2643750011920929,3.982532262802124,0.2667336232687525,0.2636391974447324,0.26321577057981144
742,0.917285144329071,0.9195631146430969,0.26249998807907104,4.005251884460449,0.26435744857626153,0.26161643030978154,0.26094523568822214
743,0.9162695407867432,0.9243788123130798,0.26640623807907104,4.00204610824585,0.2682089773019854,0.26543801215993934,0.26481938172624847
744,0.9174218773841858,0.9194915294647217,0.2698437571525574,3.982487440109253,0.2710264666562733,0.2688241467885552,0.2676514512212377
745,0.9180273413658142,0.9158430695533752,0.2746874988079071,3.982433557510376,0.27673242920527985,0.27366372897884317,0.27274284128477033
746,0.9167382717132568,0.9234580397605896,0.2677343785762787,4.00994348526001,0.2685957398928849,0.2667296307488608,0.2654504216710506
747,0.9152538776397705,0.9293574690818787,0.26945313811302185,4.011875152587891,0.2704244347679148,0.2682660509354204,0.26763233902205613
748,0.914257824420929,0.9328498840332031,0.2686718702316284,4.016296863555908,0.2702524565778353,0.26777144644744943,0.2670158820391108
749,0.9182031154632568,0.9212457537651062,0.2716406285762787,3.9967784881591797,0.27359089186236707,0.27059874449113286,0.26989379346210024
750,0.9183008074760437,0.9245827198028564,0.26906248927116394,3.9738199710845947,0.2703608979901845,0.2683358555271693,0.2674775983731917
751,0.9128515720367432,0.9345365166664124,0.26906248927116394,3.9862191677093506,0.2713046205837507,0.26804339490266266,0.26767037323382004
752,0.9151562452316284,0.9310200214385986,0.26960936188697815,3.999161958694458,0.2705103993674348,0.2685933644281535,0.2675881261712154
753,0.9175195097923279,0.9227278828620911,0.2647656202316284,3.9868133068084717,0.26545295412225967,0.2641436533246386,0.2628909824521881
754,0.9169531464576721,0.9239720702171326,0.26976561546325684,3.988394260406494,0.2707462382092044,0.26908738773550944,0.26780740284055327
755,0.9144921898841858,0.930401086807251,0.27335938811302185,3.9943127632141113,0.27369511349959325,0.2725646498204373,0.2708081107664354
756,0.9186913967132568,0.916195809841156,0.26890623569488525,3.9774723052978516,0.2691674570626612,0.2682676455070058,0.26671252851662036
757,0.9172070026397705,0.9218173027038574,0.2679687440395355,3.995363235473633,0.2687102426610026,0.26711554459134923,0.26577497980650816
758,0.9175195097923279,0.9215837121009827,0.2693749964237213,3.997706651687622,0.2702521993892544,0.2681948598381777,0.26711987694980854
759,0.9167578220367432,0.9250954985618591,0.26976561546325684,3.9867026805877686,0.27074744996082156,0.2691424400272783,0.2679097266707168
760,0.9176952838897705,0.9154177308082581,0.2746874988079071,3.9756593704223633,0.2749381618807065,0.27382628744834614,0.27219580222320106
761,0.9205468893051147,0.9102374911308289,0.27242186665534973,3.9750614166259766,0.27403924536450475,0.27165274543957385,0.27071949944282636
762,0.9185742139816284,0.9177384376525879,0.2750000059604645,3.9644815921783447,0.27678851993117526,0.2741057535700815,0.273175257485479
763,0.9175976514816284,0.920015811920166,0.2638281285762787,3.9968361854553223,0.2663758579048954,0.26299162961353995,0.26219886943296855
764,0.9175781011581421,0.9166996479034424,0.2698437571525574,4.000789642333984,0.2713858506771949,0.2689998149550308,0.2679328745221331
765,0.9166796803474426,0.9207867383956909,0.26750001311302185,3.9881889820098877,0.2680834580830537,0.26656376239381846,0.2652792374911897
766,0.9173632860183716,0.917927086353302,0.2750781178474426,3.9588019847869873,0.27602187798070593,0.27439144717168884,0.272890175916685
767,0.9146289229393005,0.9271349310874939,0.27421873807907104,3.957089900970459,0.27537709566117696,0.27361498996764405,0.27251102180471043
768,0.915332019329071,0.9254235029220581,0.271484375,3.9864113330841064,0.2727163965264434,0.27095273455319,0.26986723296859383
769,0.915820300579071,0.9255853295326233,0.26859375834465027,3.9890711307525635,0.27037375843519584,0.2676421963748355,0.26679283478164506
770,0.9160351753234863,0.9230079054832458,0.2672656178474426,3.9834094047546387,0.26914434416867816,0.26640356708375457,0.26572079850556524
771,0.9169531464576721,0.9199497103691101,0.27125000953674316,3.989290237426758,0.27265139401394173,0.2703580095388582,0.269707208417512
772,0.9157812595367432,0.9278544783592224,0.271484375,3.9884819984436035,0.27300233723001804,0.27050213048687577,0.2696479555672054
773,0.9166406393051147,0.9235615730285645,0.27015626430511475,3.9672634601593018,0.2716821088284868,0.26917110899409413,0.2683333901202106
774,0.9190429449081421,0.9171644449234009,0.2709375023841858,3.9653501510620117,0.27153227292593896,0.27000115899485844,0.26862283673313864
775,0.9196679592132568,0.9113731384277344,0.27515625953674316,3.9707412719726562,0.27762151438931637,0.27415137249402,0.27352096445154744
776,0.9197461009025574,0.9100932478904724,0.2700781226158142,3.9816184043884277,0.272005206082813,0.2689874069460369,0.26798260417381664
777,0.9168945550918579,0.9236161708831787,0.27054688334465027,3.971836566925049,0.27129103087875994,0.2694682479919859,0.2679692603351073
778,0.9177148342132568,0.9161058664321899,0.2700781226158142,3.973043918609619,0.27109872592940754,0.2690389603142633,0.26807028095517804
779,0.9187304973602295,0.9163733720779419,0.2671875059604645,3.986727237701416,0.267844386762098,0.26626622284946583,0.2649697633067799
780,0.9183008074760437,0.9127960205078125,0.2718749940395355,3.977597713470459,0.273580964814786,0.27123134236359614,0.27023121734652633
781,0.9196679592132568,0.9133025407791138,0.27281248569488525,4.000882148742676,0.2743503011838952,0.2721949876488218,0.27130332134945423
782,0.9190624952316284,0.9149414300918579,0.27421873807907104,3.9775278568267822,0.2750809054212871,0.27339178269044184,0.2723122233822969
783,0.9188281297683716,0.9176511168479919,0.27156248688697815,3.9844515323638916,0.2718048719992205,0.27041753038257804,0.26912153272236755
784,0.9176952838897705,0.9196426868438721,0.27335938811302185,3.9816765785217285,0.27428080267417343,0.2722817112412996,0.27112628103950404
785,0.9168554544448853,0.9231444001197815,0.27406251430511475,3.985574960708618,0.27539108709992427,0.27304332784548746,0.272056936361594
786,0.9164062738418579,0.9206967353820801,0.2721875011920929,3.992027521133423,0.2733156375558584,0.27142373761663163,0.2702075328999749
787,0.9165234565734863,0.9260776042938232,0.27828124165534973,3.9733898639678955,0.2800368386616772,0.27769900752737847,0.27658761067452053
788,0.9176172018051147,0.91981041431427,0.2735937535762787,3.974428176879883,0.2743946533926778,0.27263576307497506,0.271308385330135
789,0.9177343845367432,0.9171199202537537,0.27140626311302185,3.992825508117676,0.2720710238133323,0.2705061927012311,0.26926782376313024
790,0.9182031154632568,0.920227587223053,0.2723437547683716,4.000195026397705,0.27342677382526515,0.2713369673601125,0.27035132735905665
791,0.9175586104393005,0.921211302280426,0.2716406285762787,4.004958629608154,0.2727252605528045,0.2705748095424564,0.26936615453031587
792,0.9154297113418579,0.9248371720314026,0.26945313811302185,3.995365858078003,0.27013423658421326,0.2684431700302365,0.26721850221872706
793,0.9189453125,0.9214810132980347,0.27140626311302185,3.9676673412323,0.2730855917627152,0.27046790524125597,0.26946223745288816
794,0.9189257621765137,0.9128087759017944,0.2745312452316284,3.9626147747039795,0.2756937015062948,0.2733846810743795,0.2722978447880443
795,0.9193554520606995,0.9083393812179565,0.27367186546325684,3.965263605117798,0.27435961066610504,0.27270523265166335,0.27125436857635554
796,0.9196093678474426,0.9132267832756042,0.2780468761920929,3.958725929260254,0.2792656175610038,0.27704921433108465,0.27620348379152115
797,0.9184374809265137,0.9173077940940857,0.2696875035762787,3.9681081771850586,0.2706975287641721,0.2691159339897734,0.2679769191521727
798,0.9200780987739563,0.9084984064102173,0.2741406261920929,3.9836924076080322,0.2761118378156656,0.2732304579196559,0.2725962859149069
799,0.9186913967132568,0.9110810160636902,0.27367186546325684,3.988856554031372,0.2736612848308599,0.272685630778735,0.2712728187222786
800,0.9193359613418579,0.9115821719169617,0.27242186665534973,3.9833037853240967,0.2729406510211322,0.2715715802625603,0.2701241654802873
801,0.9206445217132568,0.905610978603363,0.27125000953674316,3.988600730895996,0.27209313913886435,0.2703769168092942,0.26975555618599645
802,0.9183788895606995,0.9133374691009521,0.26835936307907104,4.027283191680908,0.26925287136935805,0.2674187347544152,0.2667538200865315
803,0.9172461032867432,0.9180374145507812,0.26953125,3.993271827697754,0.2697816673116329,0.2686660533231131,0.26741828839578696
804,0.9171289205551147,0.9185725450515747,0.27437499165534973,3.9808340072631836,0.2744967900275722,0.27323695883403076,0.2721139008958806
805,0.9180468916893005,0.9163982272148132,0.2746874988079071,4.007714748382568,0.2763766778966791,0.2735657840190989,0.27285050899486635
806,0.9172265529632568,0.9221793413162231,0.27140626311302185,4.007242202758789,0.2722420161434652,0.2705192963126901,0.2693132540366241
807,0.9186328053474426,0.9165289402008057,0.2699218690395355,3.9886105060577393,0.2702728869052969,0.2687303285102398,0.2677285917888513
808,0.9173828363418579,0.916890561580658,0.27492186427116394,3.968005418777466,0.27632701972518714,0.27378040163033857,0.27279118915898665
809,0.9190624952316284,0.9158276915550232,0.2721875011920929,3.9883387088775635,0.27256900518332794,0.271392179650301,0.26990901677494983
810,0.91845703125,0.9119620323181152,0.2805468738079071,3.943662405014038,0.2809011075130482,0.27950119928017453,0.27853972162672713
811,0.9197656512260437,0.912668764591217,0.27640625834465027,3.9720146656036377,0.2778072473833835,0.2756768631147657,0.2747530349151744
812,0.9175390601158142,0.9189644455909729,0.2710937559604645,3.9860270023345947,0.27126705203622004,0.27014937462577543,0.26858273980526604
813,0.9200390577316284,0.90831458568573,0.2735937535762787,3.956697702407837,0.2747333133660442,0.2725848231490746,0.2712943464318801
814,0.9206249713897705,0.9045772552490234,0.27156248688697815,3.977076768875122,0.2722614121799283,0.27075644764729995,0.269503931886388
815,0.9173632860183716,0.9132713079452515,0.2717968821525574,3.980680465698242,0.2722245638705023,0.2708195209116323,0.26905533865714515
816,0.9204882979393005,0.9065723419189453,0.2731249928474426,4.001081466674805,0.2742299707933482,0.2721047367297674,0.27088239951227466
817,0.9189648628234863,0.9156825542449951,0.26875001192092896,3.9954802989959717,0.2697262906600818,0.2677218082127609,0.26671316379262205
818,0.91943359375,0.9112412929534912,0.2766406238079071,3.964482069015503,0.2774044881600567,0.27581610178826094,0.2746716465602688
819,0.9172265529632568,0.914960503578186,0.27601563930511475,3.9873664379119873,0.2765916677095708,0.27524347102808616,0.27402454768302276
820,0.921582043170929,0.9058353900909424,0.28007811307907104,3.959333896636963,0.28009473863089107,0.2792056289538721,0.2776503347745166
821,0.9205663800239563,0.9076341390609741,0.2725781202316284,3.9689693450927734,0.2729312141126507,0.2718493902434507,0.27038957451756856
822,0.9168359637260437,0.9178354740142822,0.26960936188697815,3.991438388824463,0.271609889983705,0.2687380536799522,0.2681081900318146
823,0.9187109470367432,0.9125041365623474,0.27734375,3.9680700302124023,0.2784019174352325,0.27655723873935606,0.2755207132003069
824,0.91796875,0.9149900674819946,0.2762500047683716,3.9634053707122803,0.27738866920196803,0.2753881257605535,0.27419115921323256
825,0.9183984398841858,0.912436842918396,0.27726563811302185,3.960705518722534,0.28018705038556324,0.276408184864403,0.2760353855249877
826,0.9170312285423279,0.9179478287696838,0.2734375,3.9665262699127197,0.27470734129363394,0.272693493699757,0.27153018189215206
827,0.9167773723602295,0.919999897480011,0.27585938572883606,3.9819998741149902,0.27707425737802166,0.27484600066297643,0.27364453948376904
828,0.9177929759025574,0.9163271188735962,0.27320313453674316,3.9887936115264893,0.2733451355709542,0.2722686379693904,0.27088862719402795
829,0.916699230670929,0.9205009937286377,0.2769531309604645,3.96347713470459,0.27823913272149375,0.27628802670707747,0.275463013235837
830,0.9175976514816284,0.917613685131073,0.2776562571525574,3.9740614891052246,0.27897315510144627,0.2767990208095486,0.27564997396424795
831,0.9209179878234863,0.9084510207176208,0.2762500047683716,3.957564115524292,0.27785491485455344,0.2753256192860827,0.2744493269029671
832,0.9208008050918579,0.9067990779876709,0.2745312452316284,3.98410701751709,0.2759328686721652,0.2734367414160638,0.2726168491819656
833,0.9154883027076721,0.9234111309051514,0.2752343714237213,3.9757344722747803,0.2766621819502625,0.27432512605696335,0.27325869236301303
834,0.9183398485183716,0.9163918495178223,0.2757031321525574,3.989609956741333,0.2773718566640525,0.2750216291405191,0.2742064970454073
835,0.9200976490974426,0.9113683104515076,0.2725781202316284,3.983806848526001,0.2733595419327928,0.2716950628834605,0.2706078381413664
836,0.9169921875,0.9249629378318787,0.26695311069488525,3.9979138374328613,0.2676098874333141,0.26630039127065336,0.26510044958310686
837,0.9180663824081421,0.9206324219703674,0.27250000834465027,3.9712042808532715,0.2739432261503917,0.27194903858637454,0.2708698441215033
838,0.9185156226158142,0.9148987531661987,0.2739843726158142,3.9863016605377197,0.27547815128428926,0.2731422625897749,0.2720568731156383
839,0.9191210865974426,0.914124608039856,0.2771874964237213,3.9655392169952393,0.2779365017929879,0.27604683223821314,0.27510716336558183
840,0.9193750023841858,0.9103296399116516,0.2764843702316284,3.962834358215332,0.27640303529033367,0.27540097363725513,0.27393333611208326
841,0.9185742139816284,0.9152624011039734,0.27796876430511475,3.955867052078247,0.27934514517285125,0.2768771763290713,0.2761032714388264
842,0.9203711152076721,0.9105265140533447,0.28593748807907104,3.934943437576294,0.2878130916888346,0.28494931161914816,0.2842253871524273
843,0.918261706829071,0.9139038920402527,0.27828124165534973,3.944117784500122,0.279031693425391,0.2774675838580352,0.2763848808555932
844,0.9204687476158142,0.9099486470222473,0.2780468761920929,3.95041561126709,0.2791070097954463,0.2772587902147155,0.2761691857594708
845,0.9218945503234863,0.9059445858001709,0.2780468761920929,3.970958948135376,0.27925622467456535,0.27723796800834444,0.275953069380731
846,0.9213281273841858,0.9046223163604736,0.2750781178474426,3.9626097679138184,0.27545180257780033,0.27424269183005867,0.2727459752737138
847,0.9210742115974426,0.9083161354064941,0.27515625953674316,3.9578781127929688,0.27645485808659115,0.2745695144016401,0.27339206812136585
848,0.9201562404632568,0.9074692726135254,0.2787500023841858,3.9702231884002686,0.2799491154195759,0.2780384720100898,0.27692493577297167
849,0.919921875,0.9110275506973267,0.2780468761920929,3.9579274654388428,0.27838352176071823,0.2769998692623651,0.2756713044658077
850,0.9173828363418579,0.9185168743133545,0.27531251311302185,3.970743417739868,0.27695744712261916,0.2743173602896294,0.2731292419716165
851,0.9189453125,0.9109925031661987,0.2745312452316284,3.949280023574829,0.27515641587195866,0.27368286135941944,0.2722726421873056
852,0.9178906083106995,0.9110455513000488,0.2796874940395355,3.9603469371795654,0.280840005789872,0.2789625542891676,0.277855071907463
853,0.9216406345367432,0.9037797451019287,0.27781251072883606,3.949383497238159,0.27922969427030436,0.27675589553053054,0.27584571502945077
854,0.9236719012260437,0.9008559584617615,0.27585938572883606,3.9952304363250732,0.2766580193666829,0.274838361422166,0.2737838787029603
855,0.9201953411102295,0.9014154076576233,0.2776562571525574,3.9848382472991943,0.27888678011378065,0.276787424532461,0.275621526891753
856,0.9196875095367432,0.9076902270317078,0.2757812440395355,3.961743116378784,0.2766259009822345,0.27475040567202663,0.27371945874352943
857,0.9213476777076721,0.9082918763160706,0.27796876430511475,3.984596014022827,0.2790278228804667,0.27708844959424433,0.2761740671143763
858,0.9209570288658142,0.9065597653388977,0.27851563692092896,3.98921537399292,0.2798217300123532,0.277830642425784,0.2767725529241768
859,0.9204687476158142,0.9060045480728149,0.27976563572883606,3.9580886363983154,0.2812951701882682,0.279293393138717,0.2781999615451209
860,0.92041015625,0.9049519300460815,0.2776562571525574,3.9664316177368164,0.2798153479435711,0.2770647746905987,0.2761733677381679
861,0.9206836223602295,0.9034085869789124,0.2742968797683716,3.983034372329712,0.27631246182949815,0.27372100225583185,0.2728673014547783
862,0.9205273389816284,0.9096464514732361,0.2775000035762787,3.979766845703125,0.2785563139686732,0.2767238260751832,0.27563466144490145
863,0.9203125238418579,0.9047218561172485,0.2746874988079071,3.9899563789367676,0.27595663958697414,0.2739592899829538,0.2728770163595817
864,0.9182812571525574,0.9094869494438171,0.27492186427116394,3.98759388923645,0.27638271046565627,0.2740837813853243,0.2730222210002152
865,0.9200195074081421,0.9047778248786926,0.2752343714237213,3.9881198406219482,0.276634993816923,0.2744694101848549,0.2732069897453405
866,0.9198437333106995,0.9069771766662598,0.27210938930511475,3.983330488204956,0.2728668332241444,0.27125697908253465,0.2697697182614217
867,0.9215429425239563,0.9043750762939453,0.27757811546325684,3.9763729572296143,0.2787547696481537,0.27690517784340923,0.27566635567242925
868,0.9203711152076721,0.907278299331665,0.27710938453674316,3.957531213760376,0.27743495788704514,0.27607953652791106,0.2743507121059157
869,0.9208984375,0.9035170078277588,0.2784374952316284,3.9810638427734375,0.2794687921626829,0.27780073862084054,0.27652964708619426
870,0.9205077886581421,0.9083170890808105,0.2819531261920929,3.995007276535034,0.2830850517182567,0.28100046084432634,0.27966581292245773
871,0.9221484661102295,0.9054750204086304,0.275390625,3.986663579940796,0.2764150056169271,0.27456643392268354,0.2732316796394858
872,0.9206836223602295,0.9044740200042725,0.2796093821525574,3.965555191040039,0.28138840923609343,0.27881794638420654,0.2778824880190508
873,0.9215624928474426,0.9051567912101746,0.28226563334465027,3.947929620742798,0.2831857682446025,0.28127596143879824,0.27976549088583436
874,0.919140636920929,0.9079957008361816,0.2803906202316284,3.9504594802856445,0.28196578131783767,0.2793522311605633,0.27827058250852943
875,0.92138671875,0.8991645574569702,0.27781251072883606,3.959275245666504,0.27893535632842986,0.27674884357838225,0.2757026582595393
876,0.9168359637260437,0.9121183156967163,0.27476561069488525,4.003281116485596,0.27626647974348195,0.27391720724997426,0.27290190320660485
877,0.9173242449760437,0.9132104516029358,0.2757031321525574,4.005852222442627,0.27719145251294797,0.27452852876966827,0.27364838720718804
878,0.9198437333106995,0.9123823046684265,0.2755468785762787,3.9810264110565186,0.27653135942577906,0.27469598786123434,0.2733456224847896
879,0.9185351729393005,0.9169308543205261,0.28023436665534973,3.9785704612731934,0.2801795895260459,0.2789587739058547,0.2777586281721712
880,0.9190820455551147,0.9104952216148376,0.27851563692092896,3.9716129302978516,0.27940434115807133,0.2775617077780398,0.27643463466092916
881,0.9207422137260437,0.9051534533500671,0.28171876072883606,3.9675393104553223,0.282640737217184,0.28077894458936004,0.27965266257689547
882,0.9198437333106995,0.910275399684906,0.2780468761920929,3.971761703491211,0.2799019799873139,0.27713265232498413,0.27611429213743693
883,0.9202929735183716,0.9144231677055359,0.27242186665534973,3.9834601879119873,0.27245174647988535,0.2711347784836533,0.2697710019576238
884,0.9206445217132568,0.9073079824447632,0.28062498569488525,3.955645799636841,0.2814885689643788,0.279836977288889,0.27870495561550035
885,0.9203125238418579,0.9087346792221069,0.27867186069488525,3.965702533721924,0.28148664037293486,0.2780539719447257,0.27766167194629277
886,0.9198828339576721,0.9092192053794861,0.2803906202316284,3.9461264610290527,0.2824624156137868,0.2793244361336541,0.27855895277204146
887,0.9201366901397705,0.9074614644050598,0.2737500071525574,3.9672818183898926,0.275038036400289,0.27240209086975914,0.2715775427405305
888,0.9209179878234863,0.9058156609535217,0.27921876311302185,3.958052635192871,0.28122158072708414,0.2782202161851939,0.27765113458819013
889,0.9201953411102295,0.9089473485946655,0.28273436427116394,3.9619762897491455,0.2834138391863348,0.2818966854600957,0.2805471018093697
890,0.9211132526397705,0.9060083627700806,0.27796876430511475,3.9614181518554688,0.2793722711266444,0.2768799326042509,0.27609180527197885
891,0.920605480670929,0.905384361743927,0.28296875953674316,3.963901996612549,0.2838777693706781,0.2821684077521542,0.28099699135430495
892,0.9196679592132568,0.9036484360694885,0.2784374952316284,3.974151611328125,0.2812805190037537,0.27752332764471604,0.2770051891044979
893,0.9202734231948853,0.9052838087081909,0.27953124046325684,3.9554953575134277,0.281860470154485,0.27887145302482175,0.2782126533654149
894,0.9216015338897705,0.9025564789772034,0.27781251072883606,3.9537885189056396,0.2804360500987321,0.27680662904218684,0.27663571345959487
895,0.9216992259025574,0.9020178914070129,0.2757812440395355,3.971919536590576,0.2763677932572819,0.27499626205979516,0.2735813518489209
896,0.9200000166893005,0.9055593013763428,0.27796876430511475,3.96537709236145,0.27929301324602857,0.27722739416502373,0.2762217313170413
897,0.9214843511581421,0.904853343963623,0.2828906178474426,3.934530735015869,0.2850068395253098,0.2823044168856266,0.28136928269518047
898,0.9209960699081421,0.9020732045173645,0.28218749165534973,3.9377968311309814,0.2820276795654988,0.2813517605587256,0.27946107439064954
899,0.92138671875,0.9027152061462402,0.2757812440395355,3.9642651081085205,0.2772654092638752,0.27498807848198165,0.27395525667078546
900,0.9202539324760437,0.9044322967529297,0.27835938334465027,3.960487127304077,0.28033914333282994,0.2775970183674671,0.27681692177518036
901,0.9212499856948853,0.9045392870903015,0.2776562571525574,3.96066951751709,0.27841570405791205,0.27679834648464774,0.27545104364473094
902,0.9199609160423279,0.9043628573417664,0.28203123807907104,3.9472877979278564,0.2833345266324345,0.28098780476855645,0.2799465626744264
903,0.9198632836341858,0.9047691226005554,0.28046876192092896,3.9420669078826904,0.28206014961979253,0.2796388170595644,0.2786677371617074
904,0.9211328029632568,0.9010426998138428,0.279296875,3.9663631916046143,0.2809076131247832,0.2783067098034737,0.2775614478695943
905,0.9206836223602295,0.9039819836616516,0.28132811188697815,3.957812786102295,0.2812245215348505,0.2805151818284862,0.27885448409565144
906,0.9206836223602295,0.905123233795166,0.2810937464237213,3.969820499420166,0.28230129438877877,0.2802748290245581,0.2790708186992405
907,0.9199609160423279,0.9052573442459106,0.2789843678474426,3.973015546798706,0.279974716414342,0.2781915106418129,0.2770104375086923
908,0.9234570264816284,0.8988641500473022,0.27632811665534973,3.9707093238830566,0.2770855142753379,0.27568881878777385,0.27439538231953353
909,0.921679675579071,0.8995742797851562,0.27242186665534973,3.986905574798584,0.27360904303526346,0.2715581502024298,0.27061703533106723
910,0.9192773699760437,0.9076938629150391,0.2739843726158142,3.9783260822296143,0.2757480560146869,0.27326956003444025,0.2724378393284082
911,0.9217968583106995,0.9012854099273682,0.27796876430511475,3.9629411697387695,0.27992800400334905,0.27705905286653826,0.27638046680347095
912,0.9203125238418579,0.9048737287521362,0.27742186188697815,3.9841244220733643,0.27786988105250904,0.2765519964343186,0.27502204688123355
913,0.9217187762260437,0.902454137802124,0.2775000035762787,3.9659528732299805,0.2797582349028388,0.27660519610456463,0.27596452275160255
914,0.9221093654632568,0.8977206945419312,0.2770312428474426,3.9722344875335693,0.2787849087870261,0.276287315086594,0.2752435180140929
915,0.9201562404632568,0.9005973935127258,0.2741406261920929,3.9695675373077393,0.2734691212092659,0.273187339029732,0.2714639210609053
916,0.9219335913658142,0.8954201340675354,0.27640625834465027,3.9792160987854004,0.27703817153009563,0.27567024188027445,0.2743237576185632
917,0.9220117330551147,0.8984784483909607,0.2717968821525574,3.9860010147094727,0.27327759988417843,0.271188043332778,0.27017481429401813
918,0.9222265481948853,0.8988484740257263,0.27757811546325684,3.9783380031585693,0.2788240090114562,0.27658380301351004,0.2754282012891743
919,0.9179297089576721,0.9041523933410645,0.2815625071525574,3.9796628952026367,0.28209083938346524,0.2804099507405143,0.2790131410116974
920,0.9182226657867432,0.9107311367988586,0.2777343690395355,3.970111608505249,0.27865225916493813,0.2765262962935041,0.2754617006546612
921,0.919238269329071,0.9101376533508301,0.27882811427116394,3.9901604652404785,0.2803082914383517,0.2779315858888844,0.27699988924967006
922,0.9206640720367432,0.9024083614349365,0.2798437476158142,3.979313850402832,0.2811606510949729,0.27870467218737655,0.2772496460892178
923,0.9208984375,0.9013047218322754,0.27671873569488525,4.001333713531494,0.2783286066235921,0.2757972682231009,0.274706378146644
924,0.9191796779632568,0.9075936079025269,0.27976563572883606,3.9959750175476074,0.28121532598175736,0.278700808844924,0.2777348656491172
925,0.9199804663658142,0.9084813594818115,0.2755468785762787,3.988820791244507,0.27575445992714,0.2745559671232703,0.2732063972698552
926,0.9194921851158142,0.9036164879798889,0.2815625071525574,3.9669029712677,0.2828508218621937,0.280484266091834,0.27944181877211405
927,0.9193554520606995,0.9142322540283203,0.27687498927116394,3.964677333831787,0.27699289850237463,0.2760189634332558,0.27460897366264936
928,0.920703113079071,0.9061399698257446,0.2769531309604645,3.992375373840332,0.27822880429934094,0.275848520847092,0.2748126973014094
929,0.9200976490974426,0.9051991105079651,0.2757031321525574,3.986954927444458,0.27623834686325355,0.27487099636776124,0.27354431452583255
930,0.9227343797683716,0.9022344350814819,0.28273436427116394,3.9432058334350586,0.28317007575951536,0.28177915570227,0.2804005312308737
931,0.9254297018051147,0.890553891658783,0.2824999988079071,3.932337760925293,0.2836800749844415,0.2815463032784862,0.2806633778336632
932,0.9231836199760437,0.8914544582366943,0.2803906202316284,3.9421939849853516,0.2825084877741488,0.2795429742928328,0.2786102135290359
933,0.9232617020606995,0.8911538124084473,0.2798437476158142,3.9508237838745117,0.2809991932856679,0.2786353982481987,0.277694713502625
934,0.9189453125,0.9056543707847595,0.2777343690395355,3.9679665565490723,0.27937091297950256,0.2770018975870363,0.27604502349710525
935,0.9176562428474426,0.9114775061607361,0.2787500023841858,3.9657294750213623,0.2805823756994148,0.2779322488643611,0.27723856520459167
936,0.9219921827316284,0.9013465642929077,0.2777343690395355,3.960190773010254,0.2788125119559084,0.2772149873932396,0.27605161886651935
937,0.9190039038658142,0.9096397161483765,0.2770312428474426,3.959462881088257,0.2773679465640425,0.2761313139137441,0.2747043438010643
938,0.921093761920929,0.8994854092597961,0.2752343714237213,3.941110849380493,0.2756545044293105,0.27406822125828756,0.2726906120321563
939,0.9222656488418579,0.8990519046783447,0.2769531309604645,3.9265642166137695,0.2776160967422142,0.2758457455175445,0.2745903874933485
940,0.9229882955551147,0.8960006237030029,0.2762500047683716,3.9578354358673096,0.27772185551176354,0.2751707721054407,0.2742775419743278
941,0.922656238079071,0.8956109881401062,0.27476561069488525,3.952761650085449,0.2751359390837844,0.27370789339600765,0.2722557754768774
942,0.9191210865974426,0.9084063768386841,0.27906250953674316,3.9457807540893555,0.2791190794425581,0.27801065789428014,0.2764105891943195
943,0.9209374785423279,0.9045243263244629,0.2778906226158142,3.967061996459961,0.27939373410640256,0.27695539158588633,0.27606230430928064
944,0.9235937595367432,0.8962233066558838,0.283203125,3.93354868888855,0.2839527115214089,0.28206824388111756,0.28095752463480184
945,0.9240038990974426,0.8937138319015503,0.2769531309604645,3.9339237213134766,0.2773603831032964,0.2757583213099307,0.27464799658795075
946,0.9221875071525574,0.894408643245697,0.28203123807907104,3.933476448059082,0.2832975048367048,0.28071101254205666,0.27972126894230254
947,0.9200195074081421,0.9049405455589294,0.28218749165534973,3.9357407093048096,0.2832020595275243,0.28078767276601113,0.2799087559318718
948,0.9214257597923279,0.899055540561676,0.27757811546325684,3.9534966945648193,0.278684757017572,0.27646396770512643,0.27546970445493213
949,0.9218359589576721,0.9031597375869751,0.2777343690395355,3.951503038406372,0.2801375626558962,0.27665278425936446,0.27613429191231675
950,0.9225390553474426,0.8951289653778076,0.2815625071525574,3.923130512237549,0.2830841404940758,0.2806132345092581,0.2797358213256548
951,0.9231836199760437,0.8928965926170349,0.2750781178474426,3.967460870742798,0.2766954285386718,0.2740515684970138,0.2733292217362246
952,0.9203320145606995,0.9009309411048889,0.2808593809604645,3.9561781883239746,0.2819654487285368,0.279810657965137,0.2788711700659099
953,0.922167956829071,0.8977333903312683,0.2787500023841858,3.950470209121704,0.28035287180982293,0.2777789906783386,0.2768876130583086
954,0.9225390553474426,0.8988186717033386,0.279296875,3.9603073596954346,0.28094778109318314,0.2786824046823718,0.27776665403123424
955,0.9206836223602295,0.9074810743331909,0.28757813572883606,3.952315330505371,0.2888302127062011,0.28689131517792665,0.2858746121779338
956,0.9209179878234863,0.8994373083114624,0.2770312428474426,3.9519500732421875,0.2779309960765503,0.2762436237737481,0.27512560263176233
957,0.9208398461341858,0.9002807140350342,0.2808593809604645,3.933678388595581,0.2817114718028895,0.2798376661761478,0.27879119304295974
958,0.9189453125,0.9113471508026123,0.2801562547683716,3.9492146968841553,0.28208259731726376,0.27938673949373327,0.2784707801820857
959,0.9201953411102295,0.9074810147285461,0.27812498807907104,3.927481174468994,0.28024079004722735,0.27724380112254293,0.2766071195864679
960,0.9236133098602295,0.8947479128837585,0.2791406214237213,3.9278812408447266,0.2809313733335665,0.2782387932664491,0.27720584870484993
961,0.9198437333106995,0.9038121700286865,0.27671873569488525,3.9614202976226807,0.2779989378698455,0.2758440043660705,0.2746637961253097
962,0.9213085770606995,0.9014314413070679,0.2828906178474426,3.9554827213287354,0.28444108936068163,0.28184638081909275,0.2807176379106202
963,0.9227929711341858,0.8952610492706299,0.2865625023841858,3.932725191116333,0.28742168517992117,0.2854610577185087,0.2844612107312576
964,0.9213281273841858,0.9013235569000244,0.2776562571525574,3.944639205932617,0.2791381979933929,0.27666239533107495,0.2756498999862751
965,0.9239257574081421,0.8986157178878784,0.28382813930511475,3.944549322128296,0.2850578805611968,0.2828812259130125,0.2817527836377804
966,0.9218945503234863,0.8994882702827454,0.28203123807907104,3.9496707916259766,0.28302081478839647,0.28109702029876044,0.280084560732203
967,0.9228906035423279,0.8968011736869812,0.28414061665534973,3.9783883094787598,0.28561669960024105,0.2833323084719304,0.28259443608865187
968,0.9212304949760437,0.9016855359077454,0.2857031226158142,3.9578969478607178,0.28742118582020487,0.2850913397919117,0.28400655714937517
969,0.9218164086341858,0.9000157117843628,0.28257811069488525,3.9574642181396484,0.2844216181842604,0.28157117110981533,0.2809797963883145
970,0.9220507740974426,0.8969507813453674,0.28062498569488525,3.944816827774048,0.28247236149090127,0.2795599488954939,0.2790207449106709
971,0.9239062666893005,0.8922064900398254,0.27796876430511475,3.950515031814575,0.27957988973413284,0.2770333564720562,0.27622458175738895
972,0.9225976467132568,0.8948913812637329,0.2819531261920929,3.937335729598999,0.28327105983737616,0.2807575413730202,0.27979491014298624
973,0.9208398461341858,0.9035825133323669,0.2821093797683716,3.9398353099823,0.28265351786235904,0.28113557893362345,0.2799613431315255
974,0.9214843511581421,0.8987910747528076,0.2846093773841858,3.938330888748169,0.28674118247925684,0.2841865981621581,0.2832801651691059
975,0.9230273365974426,0.8953301310539246,0.28031250834465027,3.958552837371826,0.28130274904903924,0.279057649985467,0.27832951724297195
976,0.9238085746765137,0.8894331455230713,0.2830468714237213,3.940990924835205,0.28336178348491803,0.2817986664710105,0.2803725465706869
977,0.9227539300918579,0.894644021987915,0.2835156321525574,3.945131301879883,0.2848741101713759,0.28258105368122377,0.28154026742090643
978,0.9224414229393005,0.8967116475105286,0.2814062535762787,3.9430341720581055,0.28213350735258064,0.2806420594422986,0.2795717599426814
979,0.9237499833106995,0.8907557725906372,0.2769531309604645,3.951721429824829,0.27749308755297164,0.2762011109358688,0.27486480061181506
980,0.92138671875,0.8967632055282593,0.2823437452316284,3.935697555541992,0.28438986995521787,0.2816132879097792,0.2808470920384898
981,0.9250195026397705,0.8871694207191467,0.28632813692092896,3.9354066848754883,0.28732517580683004,0.2853080339072363,0.2840824890664226
982,0.9224023222923279,0.8943034410476685,0.2889062464237213,3.9404289722442627,0.2909399929160622,0.2879393187272544,0.28724407721482237
983,0.9236523509025574,0.8912690877914429,0.287109375,3.9290857315063477,0.2891013035596366,0.2860294878486289,0.2853380087808601
984,0.9213281273841858,0.9005879759788513,0.28414061665534973,3.9279134273529053,0.2852135523956897,0.28321233291850145,0.28225932767733464
985,0.9207422137260437,0.9034720659255981,0.28398436307907104,3.9463162422180176,0.2854211332020939,0.28296421396621063,0.28177560967875254
986,0.923144519329071,0.892516553401947,0.28117188811302185,3.9421844482421875,0.2830253041085614,0.28017072713343955,0.2792642162547967
987,0.920605480670929,0.8986026644706726,0.2782031297683716,3.9344046115875244,0.27888920247092164,0.27702703273004603,0.27591644028767787
988,0.9208398461341858,0.9014914631843567,0.2794531285762787,3.960275173187256,0.2807139401350416,0.2782480614447775,0.27704798937899133
989,0.9223437309265137,0.8947939276695251,0.2805468738079071,3.9509518146514893,0.28236377553402037,0.27976807034995477,0.2790805514308924
990,0.9225390553474426,0.8928799629211426,0.2819531261920929,3.954111099243164,0.28276890666880017,0.28087201656223315,0.2797820661802
991,0.9251953363418579,0.8873043060302734,0.2791406214237213,3.963775396347046,0.2814747580284319,0.2783244109043917,0.2776175579564419
992,0.925000011920929,0.8878735303878784,0.27906250953674316,3.9606995582580566,0.2794832311843446,0.27790299973902644,0.27659800707756005
993,0.9228711128234863,0.897651195526123,0.2759374976158142,3.9824705123901367,0.27786404399098064,0.27498691276222803,0.27383972748901764
994,0.9215624928474426,0.8964729309082031,0.27796876430511475,3.9663338661193848,0.2795189592973566,0.27681198202431556,0.275719047984473
995,0.9233202934265137,0.8906955718994141,0.275390625,3.965569496154785,0.277280351788633,0.274426012677317,0.2736892776064924
996,0.9235156178474426,0.8917746543884277,0.2760937511920929,3.970120906829834,0.27748653530284034,0.27554787061919295,0.2742525033253789
997,0.9248046875,0.8878121376037598,0.2794531285762787,3.923474073410034,0.28157263370705615,0.27880678194105124,0.2779793913278318
998,0.9211328029632568,0.8994103074073792,0.2808593809604645,3.959719181060791,0.2828252410386488,0.2802979051890479,0.27932246589911447
999,0.9211719036102295,0.9008893370628357,0.2787500023841858,3.9521615505218506,0.2799788498011245,0.2780444337630945,0.2768651996896646
