epoch,accuracy,loss,val_accuracy,val_loss,val_precision,val_recall,val_f1
0,0.0037499999161809683,11.139718055725098,0.004140624776482582,10.603984832763672,0.004170314576407796,0.0040934746718771405,0.0035508236823588012
1,0.0058398437686264515,10.750082015991211,0.00390625,10.358040809631348,0.003970349295742408,0.003886019717274727,0.0037374778699655452
2,0.007695312611758709,10.416738510131836,0.004140624776482582,10.147326469421387,0.0041083702832177054,0.004068430537800179,0.003926879332084243
3,0.009648437611758709,10.119019508361816,0.004687500186264515,9.945682525634766,0.004425691739206862,0.004574905114410168,0.004227897285501494
4,0.012402343563735485,9.839592933654785,0.004765625111758709,9.754156112670898,0.004817354717325002,0.004695231344367065,0.0045537648892985715
5,0.015429687686264515,9.576299667358398,0.004765625111758709,9.574530601501465,0.004714634667613752,0.004693321231626494,0.004535763309258952
6,0.018984375521540642,9.326371192932129,0.004765625111758709,9.39987564086914,0.0047088012793035545,0.004669274993437475,0.004532612361455687
7,0.021464843302965164,9.093214988708496,0.0043750000186264515,9.236379623413086,0.004414426200316015,0.004299854008706458,0.00422757215141452
8,0.02558593824505806,8.860771179199219,0.004609374795109034,9.077219009399414,0.004396868027800267,0.004523697966320814,0.004316224931690974
9,0.029042968526482582,8.642757415771484,0.006562499795109034,8.92629337310791,0.006276309691735843,0.006428625083455154,0.006176037361403005
10,0.034941405057907104,8.436473846435547,0.0064843748696148396,8.781493186950684,0.006364608117606816,0.006346923039379979,0.00618599490185304
11,0.040410157293081284,8.230820655822754,0.007656250149011612,8.639642715454102,0.007870616404786566,0.00750099914839878,0.007390355715243642
12,0.04667968675494194,8.049598693847656,0.007968749850988388,8.505352020263672,0.007962280619562716,0.007860386523532823,0.007633837155393987
13,0.05347656086087227,7.852591037750244,0.0073437499813735485,8.37328815460205,0.007319294216200157,0.007137650321896506,0.006989254908044869
14,0.05966796725988388,7.672715663909912,0.008828124962747097,8.2482271194458,0.009025608913975913,0.008615897095045197,0.00855395927197208
15,0.06462890654802322,7.50079345703125,0.010312500409781933,8.1220064163208,0.010188579355036566,0.010114511667783956,0.009811467267491398
16,0.07259765267372131,7.331418037414551,0.01132812537252903,7.997585296630859,0.011593095584903627,0.011107880866903487,0.010865284528176568
17,0.08349609375,7.161370754241943,0.011640625074505806,7.875534534454346,0.011182016293577318,0.011380023370946867,0.01092328062334677
18,0.09238281100988388,6.997560501098633,0.011015624739229679,7.760129928588867,0.010259213912217277,0.010725894706479083,0.010143308528706384
19,0.09832031279802322,6.838348388671875,0.011796874925494194,7.648509979248047,0.011255619369041531,0.01156204767896116,0.011050370505618908
20,0.10863281041383743,6.69133186340332,0.013593750074505806,7.537014007568359,0.013538571248061224,0.013385703855284849,0.012881835139954396
21,0.11945312470197678,6.531916618347168,0.013749999925494194,7.434574604034424,0.01345312584375317,0.013520330614731894,0.013006303053012334
22,0.1296093761920929,6.38883113861084,0.014531250111758709,7.334738731384277,0.014035837068704971,0.014193263288360437,0.013745077251710945
23,0.13837890326976776,6.2533159255981445,0.014843749813735485,7.238228797912598,0.01463012920954966,0.014597931622262632,0.014249346993330223
24,0.14884765446186066,6.122408390045166,0.015937499701976776,7.150564670562744,0.015995662907640956,0.01567721218458585,0.015396977007955961
25,0.15886718034744263,5.992207050323486,0.016953125596046448,7.064413070678711,0.016376374781147566,0.01662824893934299,0.016010041292716784
26,0.1718164086341858,5.860267162322998,0.017656249925494194,6.977139949798584,0.017072777258083396,0.01740590020792678,0.016782051951778336
27,0.18154296278953552,5.733612060546875,0.018437499180436134,6.901186943054199,0.01815120779473204,0.01816191031386674,0.017650813279696715
28,0.19017578661441803,5.611886501312256,0.020078124478459358,6.820598125457764,0.019434805276443826,0.01976959502876067,0.019194789713980243
29,0.2030664086341858,5.492856979370117,0.020078124478459358,6.748205184936523,0.019627771197462,0.01972554820811376,0.01921058665426259
30,0.21337890625,5.384636878967285,0.021171875298023224,6.679443836212158,0.02111052861755723,0.02086483092942875,0.020429686776056166
31,0.22599609196186066,5.261865139007568,0.023984374478459358,6.611666202545166,0.02424191700512733,0.023690930834118218,0.02335851227154437
32,0.23869140446186066,5.148529052734375,0.025624999776482582,6.545357704162598,0.025483772326824913,0.025229576679518383,0.024810398714991293
33,0.24894531071186066,5.046321392059326,0.025312500074505806,6.4898905754089355,0.024727820119062965,0.024903087074318424,0.02427124422235427
34,0.26267579197883606,4.940369606018066,0.026718750596046448,6.423392295837402,0.02606408634436105,0.02631771362275582,0.02548749429315411
35,0.2713867127895355,4.834742069244385,0.029140625149011612,6.363285541534424,0.029127712588118082,0.028823553339982443,0.028331481958101846
36,0.2820703089237213,4.743419647216797,0.028671875596046448,6.3110198974609375,0.028052608013237664,0.028369581553257937,0.027646055562048518
37,0.2965039014816284,4.636687755584717,0.03132812678813934,6.258077621459961,0.03031581141384037,0.03082468578173948,0.030079450038754507
38,0.30888670682907104,4.541525363922119,0.032499998807907104,6.2071309089660645,0.0321896619189941,0.03208045954613008,0.03145557538544931
39,0.31746092438697815,4.4530930519104,0.03304687514901161,6.160090446472168,0.03201020493625197,0.03251096608301145,0.03157308686611286
40,0.3307421803474426,4.361135005950928,0.032734375447034836,6.113091945648193,0.031915023265842904,0.032309497888818234,0.03151431672527896
41,0.33935546875,4.277569770812988,0.034843750298023224,6.0819411277771,0.03419995965270867,0.034306581806768925,0.03367869683916225
42,0.35201171040534973,4.188355922698975,0.03687499836087227,6.035519599914551,0.03591490310153969,0.03622168261784744,0.03544128082343021
43,0.36158204078674316,4.10528039932251,0.034296873956918716,5.996880054473877,0.03369546377691135,0.03398333812078956,0.033268524461308735
44,0.376953125,4.018507957458496,0.0390625,5.959457874298096,0.03877186424311619,0.038778628512165514,0.03821465509632202
45,0.38669922947883606,3.9446005821228027,0.04093749821186066,5.924298286437988,0.03931808462670428,0.040346966830438126,0.039210329065700655
46,0.3953320384025574,3.870194911956787,0.04359374940395355,5.889225006103516,0.042799852008168035,0.04311943562257812,0.042288875734077226
47,0.40751951932907104,3.7861838340759277,0.04414062574505806,5.860379219055176,0.042728702837862335,0.043617778324728795,0.04252531095038806
48,0.4129687547683716,3.7304248809814453,0.04585937410593033,5.836172103881836,0.045374427461323356,0.045537601632329866,0.04482035667424718
49,0.4288085997104645,3.6467161178588867,0.046875,5.8008928298950195,0.0459774929426555,0.04647294942964485,0.04551834027841063
50,0.4334765672683716,3.599668025970459,0.045234374701976776,5.767253875732422,0.04450833820938706,0.04478922692893846,0.04401029970760505
51,0.44484373927116394,3.5227978229522705,0.04828124865889549,5.74992561340332,0.048298651326975445,0.04787627374319407,0.047402920336459334
52,0.45650389790534973,3.454129219055176,0.04828124865889549,5.721567153930664,0.047825054776602774,0.04793209620186554,0.047261291840984335
53,0.46324217319488525,3.400225877761841,0.05078125,5.698050022125244,0.050093350363993816,0.05046621542614685,0.049720494456612765
54,0.47123047709465027,3.3393971920013428,0.05085937678813934,5.683915615081787,0.04993031793978412,0.050466807967785646,0.0496065403745819
55,0.48484376072883606,3.271794319152832,0.05351562425494194,5.650339126586914,0.05265789586243781,0.052987099193720515,0.052132232157739
56,0.4930078089237213,3.2167229652404785,0.05546874925494194,5.633906364440918,0.055239819925612374,0.055134587238261486,0.05446098060266907
57,0.5034961104393005,3.16107177734375,0.053593751043081284,5.617382049560547,0.052965153538788494,0.053224053801967715,0.05237702445420038
58,0.5099023580551147,3.109761953353882,0.053046874701976776,5.60667610168457,0.0527177934381305,0.052630329247282254,0.05204446387348422
59,0.5192187428474426,3.063690423965454,0.056171875447034836,5.581992149353027,0.05549576395035394,0.055727885334561134,0.054983242860799676
60,0.5255078077316284,3.01292085647583,0.05765625089406967,5.560749530792236,0.057617477316653495,0.057366299565175256,0.056741193352929084
61,0.5354687571525574,2.9607882499694824,0.056953124701976776,5.545772075653076,0.05613292967108296,0.05659248572170631,0.055785409477199024
62,0.5448632836341858,2.911248207092285,0.05781250074505806,5.535688877105713,0.05701004328808436,0.057499347360453555,0.056654487221345765
63,0.5502539277076721,2.8652408123016357,0.061250001192092896,5.514892578125,0.06055455438918992,0.06092494028222356,0.060100875306530646
64,0.5576367378234863,2.823319435119629,0.06039062514901161,5.498188018798828,0.0603319990425183,0.0601617307836618,0.059589302098718926
65,0.5619921684265137,2.784534215927124,0.06265625357627869,5.47384786605835,0.0622191960872005,0.062220218104117736,0.06150982376086529
66,0.5736718773841858,2.735954999923706,0.061640623956918716,5.473015785217285,0.061202648085039474,0.061233071152300596,0.06050478527990226
67,0.5816015601158142,2.689589500427246,0.06421875208616257,5.456663608551025,0.06400068409418867,0.06374540427132058,0.06317469568307633
68,0.5886523723602295,2.654353618621826,0.06562499701976776,5.43678092956543,0.06508793604595825,0.06525716428297071,0.06451895965925922
69,0.5954883098602295,2.6105663776397705,0.06664062291383743,5.42213249206543,0.06584468991470632,0.06606560519920905,0.06537934120193584
70,0.596484363079071,2.585441827774048,0.0703125,5.401582717895508,0.07016838280869014,0.07000496729345557,0.06945547111180055
71,0.6080663800239563,2.537961006164551,0.06796874850988388,5.396020889282227,0.06735016864167001,0.06751893798017211,0.06670646578134548
72,0.6165624856948853,2.4991660118103027,0.068359375,5.373589515686035,0.06904721335054814,0.06800574319598543,0.06772565565385467
73,0.6163281202316284,2.478269100189209,0.07179687172174454,5.3736371994018555,0.0727577000708427,0.07149230613301188,0.07131467725005788
74,0.6275585889816284,2.435525894165039,0.07203125208616257,5.35220193862915,0.07206827137926125,0.07169175322893381,0.07105557669401699
75,0.6356640458106995,2.390542984008789,0.07132812589406967,5.342606067657471,0.07018033761670066,0.07085841061344499,0.06988498200158999
76,0.6391015648841858,2.3680193424224854,0.072265625,5.330951690673828,0.07170103858537405,0.07185904380957148,0.07109354695862376
77,0.6460742354393005,2.3380768299102783,0.07359375059604645,5.318634510040283,0.07355494383727262,0.0732552078195823,0.07250419815713122
78,0.6485546827316284,2.3139262199401855,0.07453124970197678,5.3048930168151855,0.07437136402334805,0.07410401248198079,0.07335350683932407
79,0.6534374952316284,2.280377149581909,0.07445312291383743,5.299627304077148,0.0739973167435844,0.07410433523918045,0.0732303226596146
80,0.660839855670929,2.253725290298462,0.07570312172174454,5.2863006591796875,0.07496445042501337,0.0752184063103604,0.07415481308735775
81,0.6638281345367432,2.232454299926758,0.07859375327825546,5.268698215484619,0.07900024867613109,0.07838760288338983,0.07783180198794307
82,0.6703125238418579,2.203806161880493,0.08039062470197678,5.2626776695251465,0.08041865377872429,0.08013259412338855,0.07939929352107104
83,0.6733788847923279,2.1764469146728516,0.07593750208616257,5.251303672790527,0.07524126601219638,0.07551048117688271,0.07456940607554588
84,0.6764257550239563,2.1590592861175537,0.07632812857627869,5.247598648071289,0.07617618222184497,0.07597064419735328,0.07528916674324748
85,0.684765636920929,2.124234676361084,0.0807812511920929,5.2384819984436035,0.08017230997475154,0.0803789975637468,0.07952994964213916
86,0.6832812428474426,2.1111443042755127,0.08195312321186066,5.228901386260986,0.08232831046544588,0.0817626789504906,0.08121280213963741
87,0.692187488079071,2.079949378967285,0.08343750238418579,5.2151312828063965,0.08307258612536947,0.08297690293784307,0.08205300981744582
88,0.6970117092132568,2.056886911392212,0.08218750357627869,5.210687637329102,0.08236742779204861,0.08181184093561744,0.08119557320206772
89,0.6974023580551147,2.0421762466430664,0.0846875011920929,5.207306385040283,0.0844519279945313,0.08433106410725001,0.08348395132141581
90,0.7048046588897705,2.0127205848693848,0.08453124761581421,5.178192615509033,0.08438485281983393,0.08411857413238835,0.08324770076498628
91,0.7058007717132568,2.002079963684082,0.08406250178813934,5.1801347732543945,0.08431083064929484,0.08380224880880086,0.08311287763218421
92,0.7119726538658142,1.9779664278030396,0.0852343738079071,5.179758071899414,0.08551096803172624,0.08503005982755532,0.08434794872729708
93,0.7181054949760437,1.9529738426208496,0.08601562678813934,5.1682562828063965,0.08586753336111831,0.08570242092402965,0.08497763212913498
94,0.7200976610183716,1.935234546661377,0.08804687857627869,5.148169994354248,0.08900990849211714,0.0878239844532876,0.08753213484718997
95,0.7197461128234863,1.9217140674591064,0.08984375,5.1552629470825195,0.09074271066956141,0.08951787690568903,0.08917217926227983
96,0.7222070097923279,1.9120100736618042,0.08687499910593033,5.151480674743652,0.08660226613267866,0.08654653024413123,0.08565854883327727
97,0.7245507836341858,1.893097996711731,0.09210937470197678,5.138728618621826,0.09216163081040768,0.09158894038356052,0.09080343020517588
98,0.7306054830551147,1.8689929246902466,0.09390625357627869,5.1335248947143555,0.0934900477637585,0.09343723482693625,0.09242126854388713
99,0.7317187786102295,1.8625118732452393,0.09289062768220901,5.124258995056152,0.09273763703238054,0.09240456679527814,0.09159789754919274
100,0.7399804592132568,1.834105372428894,0.09187500178813934,5.120404243469238,0.09179685117937841,0.09139850332473372,0.09072264317194603
101,0.7364648580551147,1.8278911113739014,0.09429687261581421,5.107295036315918,0.09367133663134242,0.09369391525970155,0.09271933259165324
102,0.7464452981948853,1.8059813976287842,0.09085937589406967,5.094929218292236,0.09010235009398246,0.09037799843836494,0.08936794890250496
103,0.7474804520606995,1.7838377952575684,0.09609375149011612,5.093271255493164,0.09520875026439918,0.09570730296845947,0.09436692287863556
104,0.7447851300239563,1.7921507358551025,0.0949999988079071,5.091897487640381,0.09486649078178001,0.09458161861528497,0.09371175877497044
105,0.7521874904632568,1.7691328525543213,0.0949999988079071,5.085439682006836,0.09576030854704104,0.09465354284426314,0.09421782488212557
106,0.7531640529632568,1.7566924095153809,0.09968750178813934,5.07135009765625,0.10101972658939995,0.09942117519571925,0.09923958620438383
107,0.7545507550239563,1.738560438156128,0.09968750178813934,5.058311939239502,0.10036467739032144,0.09936213855576614,0.09878212749297191
108,0.7570898532867432,1.7273777723312378,0.10117187350988388,5.063308238983154,0.10133860430822964,0.10064258035625484,0.0998033007572979
109,0.7600781321525574,1.7163994312286377,0.09601562470197678,5.046873092651367,0.09600201510347268,0.0956241613875541,0.09468647603704924
110,0.7608789205551147,1.708632469177246,0.0989062488079071,5.058681488037109,0.09921071915641164,0.09851439852735894,0.09793073652877685
111,0.7632031440734863,1.6968449354171753,0.10289062559604645,5.035595893859863,0.10319040854605249,0.10274982731187132,0.10203942252906233
112,0.7683984637260437,1.6771254539489746,0.10164062678813934,5.022846221923828,0.10208399514071807,0.10124162181021171,0.10057774972328029
113,0.768359363079071,1.6674596071243286,0.10695312172174454,5.025629043579102,0.10806806561021617,0.10667395041053894,0.10622991403048912
114,0.7687109112739563,1.6652395725250244,0.10609374940395355,5.035734176635742,0.10712334386166453,0.10580370719108478,0.10527526718864832
115,0.772753894329071,1.6528561115264893,0.1047656238079071,5.017655372619629,0.1033066331783489,0.10436613917221362,0.1027581476229284
116,0.7724999785423279,1.6452900171279907,0.10164062678813934,5.01743221282959,0.1015494584023927,0.10143399602113795,0.10064861653508034
117,0.7766406536102295,1.6248688697814941,0.10562500357627869,5.007568836212158,0.10627756445338543,0.10522697355034238,0.10468939974300576
118,0.7785351276397705,1.6209254264831543,0.10968749970197678,4.992991924285889,0.11023197815731939,0.10920692723365125,0.10867516404327396
119,0.7778124809265137,1.6157243251800537,0.10359375178813934,5.000407695770264,0.10421338120825736,0.10314105172808627,0.10251050856130281
120,0.780957043170929,1.605721116065979,0.10656250268220901,4.978216171264648,0.10672816861757234,0.1061404190528113,0.10547293028882238
121,0.782421886920929,1.591484546661377,0.10757812857627869,4.985212802886963,0.10707269320294789,0.10710230482702267,0.10606846888047958
122,0.786914050579071,1.5815538167953491,0.10906250029802322,4.965683460235596,0.10967547318083719,0.10866354747589944,0.10810898636950018
123,0.7857421636581421,1.5764274597167969,0.11124999821186066,4.970221042633057,0.11155796767639532,0.11062404467283934,0.10988069050137252
124,0.7869336009025574,1.5684075355529785,0.11195312440395355,4.970426559448242,0.1122673555951721,0.11139501477442504,0.11074467365845153
125,0.7871875166893005,1.560174822807312,0.10828124731779099,4.961142063140869,0.10781736181417959,0.10762232905962592,0.10654253597149986
126,0.7890625,1.5561442375183105,0.11031249910593033,4.9587225914001465,0.11051004042455587,0.11002179621210648,0.10924723674510592
127,0.789843738079071,1.5527247190475464,0.10882812738418579,4.963292121887207,0.10910624462984096,0.108403555023174,0.10757389885621307
128,0.7949414253234863,1.533164620399475,0.11195312440395355,4.946462631225586,0.11202321349045691,0.1115075707006977,0.11065813552487214
129,0.7969921827316284,1.523430347442627,0.10945312678813934,4.94367790222168,0.10880066066270479,0.1090474634014196,0.1079617103069399
130,0.7957226634025574,1.5245652198791504,0.11375000327825546,4.929889678955078,0.11285466607975994,0.11313339416608512,0.11182196987313076
131,0.7985937595367432,1.5092777013778687,0.11171875149011612,4.943767547607422,0.11096885313531835,0.11111223817363268,0.10979119425852925
132,0.8004687428474426,1.498361349105835,0.11210937798023224,4.932729721069336,0.11231192706631196,0.11160076246778697,0.11073580329917838
133,0.7985937595367432,1.5040146112442017,0.1164843738079071,4.904125213623047,0.1162754820437087,0.11595149922330983,0.11504354594099057
134,0.8023632764816284,1.4851081371307373,0.11289062350988388,4.935427188873291,0.11198145410100357,0.11220396610819139,0.11100856032375324
135,0.8034570217132568,1.4811198711395264,0.11796875298023224,4.912367343902588,0.11808128562327865,0.11737477589607728,0.11650119732578362
136,0.8054296970367432,1.4713034629821777,0.11531250178813934,4.916967868804932,0.11574210643317845,0.11487603353025619,0.11415235823876499
137,0.8071093559265137,1.467769980430603,0.11710937321186066,4.912290096282959,0.11756059690917667,0.11680821922031971,0.11605343344077065
138,0.8065624833106995,1.4688166379928589,0.11960937827825546,4.907617568969727,0.11945798921966812,0.1192749330735412,0.11830331654059409
139,0.805957019329071,1.4643858671188354,0.11968749761581421,4.901991844177246,0.119736403318878,0.11923152158429681,0.1181932243676761
140,0.8106445074081421,1.4497933387756348,0.12015625089406967,4.910425186157227,0.12049513333127525,0.11961611296370558,0.11903113195424615
141,0.8093359470367432,1.4464770555496216,0.11976562440395355,4.890850067138672,0.11968274464911118,0.11916813259616346,0.11828460000941296
142,0.8116015791893005,1.4393861293792725,0.11945312470197678,4.893439769744873,0.12028502299116431,0.11903908735087756,0.11843811494739812
143,0.8126367330551147,1.433183193206787,0.12382812798023224,4.894137382507324,0.1246565627462795,0.12345165710712208,0.12278270425267548
144,0.8125781416893005,1.4296882152557373,0.12265624850988388,4.9007062911987305,0.1229123399567465,0.12222859310773328,0.12160597536664274
145,0.8168554902076721,1.4152958393096924,0.12023437768220901,4.887202739715576,0.12099264451051073,0.11971085850655123,0.11911501432386123
146,0.8186132907867432,1.4118636846542358,0.12054687738418579,4.896478176116943,0.12113130348684836,0.12021386815453419,0.11946577684428798
147,0.8177343606948853,1.4072816371917725,0.12335937470197678,4.885141849517822,0.12381752797630949,0.12302135790832736,0.12228432297020836
148,0.8199999928474426,1.4068350791931152,0.12242187559604645,4.882291316986084,0.12191796403773027,0.1219661099241232,0.12071746242881728
149,0.8215429782867432,1.3908591270446777,0.12476562708616257,4.877086639404297,0.12599077861055163,0.12430544505665854,0.12377223267164503
150,0.8206445574760437,1.3917994499206543,0.125,4.868858814239502,0.124544623587134,0.12456564348027706,0.12322375912721759
151,0.8193163871765137,1.3919564485549927,0.123046875,4.855011940002441,0.12388672653164942,0.12268996601151072,0.12209808629003978
152,0.8240625262260437,1.3856267929077148,0.12156250327825546,4.859521865844727,0.12296835222134628,0.1213486544199491,0.12100795787833299
153,0.8264843821525574,1.371482253074646,0.12187500298023224,4.850170612335205,0.12133626478176945,0.12125227781330303,0.12026580667770541
154,0.8221288919448853,1.3828434944152832,0.12843750417232513,4.845391750335693,0.12883160428101603,0.12788166565689985,0.1269806168493801
155,0.8275390863418579,1.3719124794006348,0.12914063036441803,4.835909843444824,0.1297196291553195,0.12877894401935294,0.12805443863987293
156,0.8258593678474426,1.363031029701233,0.1267968714237213,4.854276657104492,0.12725272617790553,0.12626406992849298,0.12536083342957016
157,0.8249413967132568,1.363760232925415,0.12507812678813934,4.854287624359131,0.1258236076484862,0.12466742442113567,0.12380668345434437
158,0.8257031440734863,1.3594650030136108,0.12593750655651093,4.838010787963867,0.1252731289618078,0.1251418933422031,0.12411031796544277
159,0.825976550579071,1.3564424514770508,0.12687499821186066,4.8168134689331055,0.12641235300176867,0.1262535814764194,0.1252880487789891
160,0.82958984375,1.346185326576233,0.13039062917232513,4.831065654754639,0.13024651092782516,0.1297803268557292,0.12872366172115132
161,0.8257617354393005,1.3537307977676392,0.1326562464237213,4.826052665710449,0.13322761810539907,0.1321575452160844,0.13131340273659417
162,0.8274999856948853,1.3417961597442627,0.12984375655651093,4.824106216430664,0.1307322306927755,0.12922389854523764,0.12865288378378031
163,0.8321288824081421,1.33368718624115,0.13273437321186066,4.825974941253662,0.13302847472801765,0.13212168752339795,0.1312566710205582
164,0.830761730670929,1.3408997058868408,0.1307031214237213,4.834527015686035,0.13128850052515795,0.13037493789827273,0.12954497579170582
165,0.8343164324760437,1.3242756128311157,0.12843750417232513,4.8272385597229,0.13008088174924037,0.12821389598369112,0.1279192563703713
166,0.8322656154632568,1.3272432088851929,0.13187499344348907,4.829082489013672,0.13204962768791328,0.1312631235236549,0.13019851426345758
167,0.8345507979393005,1.3208366632461548,0.1315625011920929,4.809974193572998,0.13265237024188026,0.1311498314490688,0.13046265728055334
168,0.8358984589576721,1.3148311376571655,0.1321093738079071,4.798331260681152,0.1319229554777675,0.131473684833109,0.13039358079036084
169,0.8366601467132568,1.3128798007965088,0.1346093714237213,4.801364421844482,0.134633797269919,0.13389834875295062,0.13294934406699838
170,0.8326562643051147,1.3200916051864624,0.1310156285762787,4.796331405639648,0.13106236266833915,0.13046177854546082,0.12965193604854613
171,0.8355078101158142,1.3108233213424683,0.13484375178813934,4.792245388031006,0.13502023649635303,0.1343062867441453,0.13339910784805442
172,0.835742175579071,1.3048853874206543,0.13375000655651093,4.7945380210876465,0.1336659968744919,0.13324241412141324,0.1321978074440147
173,0.8345507979393005,1.309533953666687,0.13781249523162842,4.770392894744873,0.13843211360563787,0.13737535147270374,0.1366694021837191
174,0.8407812714576721,1.2905267477035522,0.13593749701976776,4.768372058868408,0.1361072154430722,0.13533519420030946,0.13442979388158402
175,0.8421289324760437,1.2832614183425903,0.1353124976158142,4.776486873626709,0.13585459899250601,0.13465286924529457,0.13392404944642874
176,0.843066394329071,1.2790751457214355,0.14109374582767487,4.760247230529785,0.14060513249441514,0.14047301705589593,0.13904977131503263
177,0.8410546779632568,1.2813711166381836,0.13789062201976776,4.755203723907471,0.1393285095564016,0.13751770387047602,0.13677199611224722
178,0.8412890434265137,1.2841650247573853,0.13539062440395355,4.78574275970459,0.1360786415343716,0.134803312853239,0.13397859112029054
179,0.841015636920929,1.281894564628601,0.1372656226158142,4.761786937713623,0.13696394969150516,0.13702499796998024,0.13574602723346194
180,0.8397851586341858,1.2827367782592773,0.14218750596046448,4.779167652130127,0.14309688226218809,0.14177441002770247,0.141078569133201
181,0.8443164229393005,1.2670998573303223,0.13976562023162842,4.7624382972717285,0.14121053333029931,0.1393610196563638,0.1389314820867507
182,0.8430273532867432,1.2679548263549805,0.1407812535762787,4.75778865814209,0.14229494191853137,0.14029259097781294,0.1397981388338407
183,0.8436523675918579,1.2672687768936157,0.13968749344348907,4.768167495727539,0.13915868460935954,0.13921887940762512,0.13792024427094984
184,0.8458593487739563,1.2599297761917114,0.14734375476837158,4.741040229797363,0.14767648463848193,0.14676888222958828,0.145788430065032
185,0.8435742259025574,1.2633459568023682,0.14054687321186066,4.738866329193115,0.14014270477488533,0.14003177443089493,0.1388645700078382
186,0.8458398580551147,1.258107304573059,0.13757812976837158,4.760386943817139,0.13792264656615155,0.13701219395231667,0.13619453777665447
187,0.8464257717132568,1.2550911903381348,0.1388281285762787,4.774504661560059,0.1395373175082039,0.1384345647601134,0.1375694372851214
188,0.8451562523841858,1.260383129119873,0.13984374701976776,4.745114326477051,0.1401779827948746,0.13924912681238033,0.1385257387244151
189,0.8460351824760437,1.2591627836227417,0.1393750011920929,4.751070976257324,0.14022065775941905,0.13893981377232661,0.13823532231892713
190,0.8502538800239563,1.242663860321045,0.13703125715255737,4.74478006362915,0.1386405027596957,0.13642990001599714,0.13632959096376515
191,0.8516015410423279,1.235870599746704,0.14726562798023224,4.742159366607666,0.147868968482592,0.146660673102522,0.14591064398872636
192,0.8502538800239563,1.2376160621643066,0.14742188155651093,4.714583396911621,0.14699760104572435,0.14696303727628096,0.14575177059499056
193,0.8539453148841858,1.223863124847412,0.1463281214237213,4.723168849945068,0.14714402568532226,0.14574624067496228,0.14511459975100377
194,0.8530663847923279,1.2273106575012207,0.14765624701976776,4.710549831390381,0.14867068931680952,0.14727557058181662,0.1466274178302649
195,0.8488476276397705,1.235935926437378,0.14367187023162842,4.724246025085449,0.14419419590649485,0.1430258656170898,0.14232214602054
196,0.8504687547683716,1.23190176486969,0.14695312082767487,4.722756385803223,0.14765301920488055,0.14657560124031851,0.14585837254306847
197,0.8521093726158142,1.225572943687439,0.14679688215255737,4.724231719970703,0.1491171599558177,0.14655107099228995,0.14614125851067528
198,0.8547070026397705,1.2158163785934448,0.14484375715255737,4.730373859405518,0.14477461848167772,0.14418123187265486,0.14325643680098932
199,0.8505077958106995,1.2291464805603027,0.14546875655651093,4.722196578979492,0.14522020444735456,0.1448206697188001,0.1436659254759276
200,0.8510937690734863,1.2268285751342773,0.14726562798023224,4.725829601287842,0.1480061356969087,0.14695490687711354,0.14589232283458523
201,0.8536913990974426,1.2171401977539062,0.1446875035762787,4.723232746124268,0.1451404548772178,0.14408688926224844,0.1431217822442949
202,0.8551172018051147,1.2139946222305298,0.14453125,4.699239730834961,0.1451687416652974,0.14413062561763615,0.14322628960471032
203,0.8578515648841858,1.2024303674697876,0.14875000715255737,4.703490257263184,0.14893899212400008,0.1479517202922943,0.14716013826675162
204,0.8535742163658142,1.223226547241211,0.14679688215255737,4.706460475921631,0.14733422339381372,0.1459782797872871,0.145161488205422
205,0.8548242449760437,1.209995150566101,0.14476563036441803,4.735874176025391,0.144963604672068,0.1440192156206327,0.14323647436379597
206,0.8554883003234863,1.2087057828903198,0.14671875536441803,4.7015485763549805,0.14723224579016625,0.14621230780573852,0.14546348082843596
207,0.8538671731948853,1.2056523561477661,0.14992187917232513,4.706620693206787,0.15027853901435842,0.14910463732217127,0.1482420485823745
208,0.8534765839576721,1.2119114398956299,0.14867188036441803,4.713717460632324,0.14908053660720363,0.14812891058096375,0.14725349382837077
209,0.8541406393051147,1.2096351385116577,0.14804688096046448,4.724175930023193,0.14887388524026485,0.14742637736591208,0.14660562921285536
210,0.8583984375,1.1943796873092651,0.15234375,4.683844089508057,0.15295314615309502,0.15174245946235335,0.15103888796518045
211,0.8543164134025574,1.205722451210022,0.1496874988079071,4.695645809173584,0.15048905450136907,0.14912091892073803,0.14827218536190118
212,0.8580077886581421,1.1940922737121582,0.14867188036441803,4.70845890045166,0.1488807389288465,0.1481408329153804,0.1471078927662876
213,0.8598242402076721,1.192671775817871,0.14835937321186066,4.699366092681885,0.14892794730847145,0.14802545322508437,0.147029833226535
214,0.8616796731948853,1.1845568418502808,0.1485937535762787,4.699862480163574,0.14903314965704248,0.14797896773631464,0.14709574429462835
215,0.8609765768051147,1.1826900243759155,0.1498437523841858,4.696475982666016,0.14962264329191788,0.14896144118415106,0.14806696512400988
216,0.86328125,1.1721540689468384,0.15171875059604645,4.6872453689575195,0.15206799700995222,0.15101169117956492,0.1503144719085137
217,0.8616601824760437,1.1814228296279907,0.1555468738079071,4.679676055908203,0.1565324413888196,0.15519031713887094,0.15447744817364056
218,0.8624023199081421,1.1804383993148804,0.15148437023162842,4.678304672241211,0.15220342440185317,0.15088822320254996,0.1500064243671338
219,0.8649609088897705,1.1643401384353638,0.1528906226158142,4.682351112365723,0.1536165569355784,0.15280120642459,0.15195405430774778
220,0.8620312213897705,1.1729347705841064,0.15046875178813934,4.689278602600098,0.15159955463665592,0.14988889994636212,0.14933263844719974
221,0.8610156178474426,1.1822268962860107,0.1528906226158142,4.697083950042725,0.15339135313812408,0.1526730506719977,0.15184462734731974
222,0.8567773699760437,1.1873003244400024,0.15476562082767487,4.6837992668151855,0.1559964628587116,0.15438727248484213,0.15367016294100783
223,0.8611133098602295,1.1741100549697876,0.15421874821186066,4.678768157958984,0.1553349950133534,0.15379773016382128,0.15286193088570668
224,0.85986328125,1.1831512451171875,0.15226562321186066,4.685039043426514,0.1540782890890023,0.15192865992521498,0.15133396684492656
225,0.8622070550918579,1.1676219701766968,0.1535937488079071,4.670464992523193,0.15594487794948617,0.15316267379875326,0.15319596954399756
226,0.8627539277076721,1.170667290687561,0.1541406214237213,4.674685001373291,0.15456540179915917,0.15351988207693334,0.15278968514281663
227,0.8633593916893005,1.1704299449920654,0.15593749284744263,4.662750720977783,0.1567528049827993,0.1552653444641972,0.15462313327830593
228,0.8639453053474426,1.1653623580932617,0.1576562523841858,4.673996448516846,0.15852496306233718,0.15690110827090303,0.15630275939880955
229,0.8659765720367432,1.157639503479004,0.1596093773841858,4.6639509201049805,0.16060755999073387,0.15924811675564854,0.1583910483290417
230,0.8641210794448853,1.1599239110946655,0.15851563215255737,4.666219711303711,0.16004082497982458,0.15814446457777598,0.15748283046830533
231,0.8672070503234863,1.1525580883026123,0.15734374523162842,4.661576271057129,0.15795162659632284,0.1569099747038235,0.15589244386417542
232,0.8663476705551147,1.1529176235198975,0.1603125035762787,4.670914173126221,0.1605521410222008,0.15962596462456252,0.15866977211770966
233,0.8641406297683716,1.1582386493682861,0.15312500298023224,4.680981159210205,0.15422457931217481,0.15285111972673684,0.15190421532257498
234,0.8674414157867432,1.1521995067596436,0.15562500059604645,4.690213680267334,0.15729723994322134,0.1550716028326865,0.1543732429758357
235,0.867382824420929,1.1487711668014526,0.15796874463558197,4.670351028442383,0.15885344979082022,0.15750670145448134,0.15655747862001984
236,0.8660547137260437,1.155359148979187,0.16007812321186066,4.659255027770996,0.1618805450318133,0.15963891019886547,0.15918157466549376
237,0.8681640625,1.1466970443725586,0.16039063036441803,4.655438423156738,0.16048494668815882,0.15987422179281335,0.15866005111639003
238,0.8683007955551147,1.1457266807556152,0.15812499821186066,4.6664137840271,0.16053867174727127,0.15768529868882986,0.15731817442369417
239,0.8685351610183716,1.140019416809082,0.1567968726158142,4.633819103240967,0.15825862141791536,0.15605716579927637,0.15540096891472277
240,0.8674218654632568,1.1454381942749023,0.16023437678813934,4.649806022644043,0.16200490060652345,0.15970049785250356,0.15922045222627207
241,0.8671484589576721,1.1484615802764893,0.1603125035762787,4.651240825653076,0.16046982567862944,0.1597180330681174,0.1584949940532238
242,0.8691601753234863,1.1400344371795654,0.16124999523162842,4.652402877807617,0.1618708605179441,0.1604907564902846,0.15957137815103284
243,0.8676171898841858,1.1414200067520142,0.16437500715255737,4.6458001136779785,0.16525260737770595,0.1638746137056888,0.16310364011817086
244,0.8676953315734863,1.1452034711837769,0.16187499463558197,4.668165683746338,0.16112388224011698,0.16124641650864385,0.15974217557899567
245,0.8665820360183716,1.1467828750610352,0.15781250596046448,4.671521186828613,0.15874456261021197,0.15723065951292262,0.15649986944991243
246,0.8702343702316284,1.1345982551574707,0.16437500715255737,4.625464916229248,0.1648110817218602,0.1638481775253247,0.1629402832326654
247,0.868945300579071,1.1402415037155151,0.16117186844348907,4.651320457458496,0.16170710520350834,0.16061559472582201,0.1596122750270067
248,0.8704296946525574,1.1344821453094482,0.15992186963558197,4.631616592407227,0.16129214941807765,0.15949761737063434,0.15875327899643307
249,0.8726171851158142,1.1242268085479736,0.16718749701976776,4.619699478149414,0.16820032063633528,0.1665930611370603,0.16595361087131452
250,0.8692578077316284,1.136932134628296,0.1661718785762787,4.620962142944336,0.1675285075627055,0.16558554048320356,0.16505194126127073
251,0.8695117235183716,1.13257896900177,0.1622656285762787,4.641803741455078,0.16317980172180788,0.16163029900875264,0.1608470157533073
252,0.8733203411102295,1.124200701713562,0.16304688155651093,4.652561664581299,0.1635685745598569,0.16263730222241557,0.16143220590685864
253,0.8714648485183716,1.1286437511444092,0.16468749940395355,4.631222248077393,0.1657730653302177,0.164081604618295,0.1633900813214949
254,0.8725000023841858,1.1255989074707031,0.16679687798023224,4.6301493644714355,0.16808226027448603,0.16631325025323315,0.1656202511580303
255,0.8737109303474426,1.1164814233779907,0.16429688036441803,4.610760688781738,0.16518480746774275,0.16367965603104234,0.1626792399318437
256,0.8740234375,1.1206507682800293,0.1678124964237213,4.639062404632568,0.16928036505042804,0.16707992825742168,0.16646173291146074
257,0.8737499713897705,1.1191306114196777,0.16578124463558197,4.634060859680176,0.1668385469819187,0.1651732485100483,0.16434488757851146
258,0.8745703101158142,1.1139241456985474,0.16578124463558197,4.634156703948975,0.16582065085482506,0.16507162004051584,0.16371320491509855
259,0.8730859160423279,1.118401288986206,0.16945312917232513,4.6501593589782715,0.16953977964928615,0.1683445313098002,0.1671778366370439
260,0.8721289038658142,1.1252734661102295,0.1661718785762787,4.648176193237305,0.1669851302618124,0.16541806514099194,0.16480045914754313
261,0.8734375238418579,1.114978551864624,0.16765624284744263,4.639942169189453,0.16841099989155478,0.1670853700208479,0.16614239347132842
262,0.8753906488418579,1.1098600625991821,0.16898436844348907,4.633014678955078,0.16981479414879933,0.16860029402174745,0.16755315894379597
263,0.8764843940734863,1.1102968454360962,0.1692187488079071,4.6206865310668945,0.17171849375597475,0.16873781516076353,0.16844781199533343
264,0.8716796636581421,1.1170176267623901,0.16734375059604645,4.63822603225708,0.16866768509381275,0.16646222598521154,0.16559260637088402
265,0.8751757740974426,1.1117541790008545,0.16765624284744263,4.637127876281738,0.16809502248908098,0.16716081734609112,0.166086901382881
266,0.8761913776397705,1.1071867942810059,0.16632813215255737,4.632716178894043,0.166330500053346,0.1656008074922329,0.16426879748698173
267,0.8768945336341858,1.106726884841919,0.16539062559604645,4.626086235046387,0.16499450103148838,0.16459716442850575,0.16330343100938735
268,0.8759179711341858,1.1072388887405396,0.16945312917232513,4.632061958312988,0.17027021427578315,0.16892854147459413,0.16814031949316344
269,0.8736913800239563,1.1089906692504883,0.17179687321186066,4.626492500305176,0.1713965101761894,0.17104426434219044,0.16962713782608727
270,0.8754492402076721,1.1088413000106812,0.16765624284744263,4.630642890930176,0.16821541291133646,0.1669861676751296,0.16611853478432415
271,0.8778125047683716,1.099901556968689,0.1706250011920929,4.6292619705200195,0.1709316486398914,0.16971420881021712,0.16869692630952976
272,0.8733203411102295,1.114445447921753,0.17085938155651093,4.639033317565918,0.17142571220574274,0.17043540030280913,0.1694532501859195
273,0.875683605670929,1.1080187559127808,0.17125000059604645,4.623283863067627,0.17182660828727925,0.17059559314080355,0.16984843940376299
274,0.8761132955551147,1.1041744947433472,0.16648437082767487,4.644076347351074,0.1669245869046906,0.16566416542781434,0.16464021683341762
275,0.8779296875,1.1016920804977417,0.16750000417232513,4.633635997772217,0.1686229399231825,0.16663821313976357,0.1661265967377276
276,0.8775390386581421,1.1004738807678223,0.16960936784744263,4.607724189758301,0.17011850194431374,0.1688192023377969,0.16799362344160884
277,0.8755859136581421,1.1035051345825195,0.16789062321186066,4.624094009399414,0.168959459975429,0.1673475462916126,0.1666377319935493
278,0.8772070407867432,1.0994946956634521,0.17085938155651093,4.60424280166626,0.172511010574841,0.17042008072255288,0.16987099382149243
279,0.8781054615974426,1.0945582389831543,0.17218750715255737,4.598968982696533,0.1727018528185253,0.17155271315906562,0.17063700264902082
280,0.8741210699081421,1.1063637733459473,0.17273437976837158,4.5944905281066895,0.1741296644442441,0.1722968191093276,0.17157424136153554
281,0.8774804472923279,1.0991430282592773,0.16765624284744263,4.62210750579834,0.16939951227515712,0.16691303888975573,0.16645759484195966
282,0.87451171875,1.099945306777954,0.1700781285762787,4.604180335998535,0.17074295708001586,0.1693954680140397,0.16849878745869123
283,0.8785547018051147,1.093973994255066,0.1720312535762787,4.634179592132568,0.17360817565790815,0.1716791408712838,0.1708930396817432
284,0.8784961104393005,1.0904804468154907,0.16828125715255737,4.6057305335998535,0.1692480726892046,0.16759023711224297,0.16679781936629468
285,0.8809765577316284,1.0890843868255615,0.1697656214237213,4.609090805053711,0.16971327031079858,0.16894039581460107,0.16791560914782636
286,0.8801953196525574,1.0923742055892944,0.173828125,4.597605228424072,0.17498133779222724,0.17310728194091018,0.1723651927292312
287,0.8811914324760437,1.0867704153060913,0.17343750596046448,4.590847969055176,0.1736502780206796,0.17273443683231318,0.1716814555356545
288,0.8796288967132568,1.0883866548538208,0.17265625298023224,4.610905647277832,0.17365188296181505,0.1721828596395779,0.1712533581781044
289,0.8790820240974426,1.0863221883773804,0.17125000059604645,4.621166229248047,0.17215480812469705,0.17087844857163056,0.1696862430944676
290,0.8837890625,1.076225757598877,0.17640624940395355,4.617777347564697,0.1780208045297993,0.17571171490450502,0.17516893698366523
291,0.8835742473602295,1.0793490409851074,0.17289061844348907,4.601821422576904,0.1737632851932177,0.17234245769995082,0.1715671385925126
292,0.8793749809265137,1.0881216526031494,0.17179687321186066,4.604599952697754,0.17213825580060474,0.17140723723297663,0.17039281180514437
293,0.8821874856948853,1.0765395164489746,0.17492187023162842,4.6109185218811035,0.17672712941076144,0.17443850310315168,0.1738006730897415
294,0.8813281059265137,1.0832942724227905,0.17320312559604645,4.579158782958984,0.17319613009060975,0.17266643979196336,0.17143672679734148
295,0.879687488079071,1.0796300172805786,0.17304687201976776,4.606211185455322,0.17447133288812247,0.17246583685077044,0.17177303437799207
296,0.8810155987739563,1.0815552473068237,0.17531250417232513,4.605743885040283,0.17663599573032954,0.17487457570001208,0.17404530878149
297,0.8816601634025574,1.0800739526748657,0.17468750476837158,4.602057933807373,0.17536041233063862,0.1738737864829379,0.17297586715205482
298,0.8822851777076721,1.0797076225280762,0.17078125476837158,4.607126235961914,0.17163110836864642,0.1701523987953981,0.16911431559786533
299,0.8824609518051147,1.077785611152649,0.17546874284744263,4.604100227355957,0.17683966978504995,0.17505074920737201,0.17423103018366548
300,0.8852929472923279,1.0659328699111938,0.17796875536441803,4.592738151550293,0.180059012343527,0.1773574855984238,0.17697000366874024
301,0.8848828077316284,1.0709500312805176,0.17499999701976776,4.604184150695801,0.17530822526494683,0.17438960858404448,0.1732434234598788
302,0.8824218511581421,1.0744246244430542,0.1725781261920929,4.610407829284668,0.17307311588637417,0.1718139381938706,0.17090467923015834
303,0.883984386920929,1.0681004524230957,0.1713281273841858,4.607912063598633,0.17266181667023872,0.17063489040012714,0.17008297066537184
304,0.8809375166893005,1.080288052558899,0.17101562023162842,4.597590923309326,0.1723341460961143,0.1706011678999181,0.1698753084257786
305,0.8817968964576721,1.0785945653915405,0.1796875,4.589297294616699,0.18137815146177827,0.17906181673803315,0.1782327122600892
306,0.8824999928474426,1.0746009349822998,0.173828125,4.609492301940918,0.175120860013221,0.17317429587942335,0.1722818822924101
307,0.8850195407867432,1.0680656433105469,0.17343750596046448,4.597658157348633,0.1743251638213052,0.17298960861883206,0.1720395474643498
308,0.8823437690734863,1.0768671035766602,0.17296874523162842,4.608362197875977,0.17486125289611945,0.17250282856473226,0.17217562100294262
309,0.8832421898841858,1.0751261711120605,0.17554686963558197,4.601682662963867,0.1768503793391154,0.17503230001004327,0.17433245528807034
310,0.8849804401397705,1.0644207000732422,0.1725781261920929,4.604497909545898,0.1746922318251992,0.17196221276059576,0.17183813633068784
311,0.8846094012260437,1.067928671836853,0.17476563155651093,4.605172157287598,0.17631180159116738,0.17380095667996343,0.17353823348541614
312,0.8872460722923279,1.0606311559677124,0.17726562917232513,4.5871429443359375,0.1791363451750794,0.17670272905237666,0.17611668725302554
313,0.886035144329071,1.065386414527893,0.18007811903953552,4.608226776123047,0.18216396538757987,0.17950976477835673,0.17897281833037287
314,0.883105456829071,1.0679317712783813,0.17554686963558197,4.601316928863525,0.17739597669454915,0.17486628315140346,0.17446435600509724
315,0.8854882717132568,1.062219262123108,0.17492187023162842,4.615206241607666,0.17672435415057858,0.17444594701321559,0.1737871720192255
316,0.8853515386581421,1.0639492273330688,0.17882812023162842,4.615930557250977,0.17967925248448857,0.17791797207576954,0.1769314314361305
317,0.8851171731948853,1.0629682540893555,0.17578125,4.6186089515686035,0.17630116436057255,0.17489204299190403,0.17383908699479161
318,0.8841406106948853,1.0681461095809937,0.17460937798023224,4.597497463226318,0.1741621751680414,0.17391187076085343,0.17230993952990703
319,0.8856835961341858,1.0611109733581543,0.18101562559604645,4.61265754699707,0.18104953384165007,0.1803361506461157,0.17927910417811127
320,0.8879492282867432,1.0544201135635376,0.1810937523841858,4.621878623962402,0.18242839689537807,0.18061590636279978,0.17986426593279298
321,0.8852929472923279,1.0642790794372559,0.18132811784744263,4.591821193695068,0.1815922798715077,0.18068785347411986,0.17959154164256777
322,0.8875781297683716,1.0590128898620605,0.1759375035762787,4.599670886993408,0.17679494538709734,0.17545270729960566,0.17455685576338548
323,0.8867577910423279,1.060104489326477,0.17992188036441803,4.605828762054443,0.18143830664952207,0.17925849590223353,0.17856733802631233
324,0.8874804973602295,1.056910753250122,0.18046875298023224,4.6080851554870605,0.18116150196995864,0.17983370883039534,0.1788583978427929
325,0.8854687213897705,1.0622799396514893,0.17851562798023224,4.602212429046631,0.17909474989011648,0.1778680447724158,0.1768508132644831
326,0.8868359327316284,1.0564121007919312,0.18140624463558197,4.596918106079102,0.18162271300661165,0.18055780771268407,0.1797290382746506
327,0.8880859613418579,1.0546956062316895,0.17882812023162842,4.600372314453125,0.17895155312431438,0.17801467856214842,0.17696195576863658
328,0.8873828053474426,1.0530779361724854,0.17499999701976776,4.611203670501709,0.1763193683441929,0.1744767028908613,0.17422165878818197
329,0.8864843845367432,1.0592596530914307,0.18000000715255737,4.5993547439575195,0.18085812165441892,0.17928147296846947,0.1786017899540693
330,0.8857421875,1.0605244636535645,0.17734375596046448,4.586712837219238,0.17848870632009323,0.17672251470478972,0.17592079950486644
331,0.8866991996765137,1.05791175365448,0.17945311963558197,4.5676679611206055,0.18021078752391417,0.17891403020738555,0.178038127389539
332,0.8864648342132568,1.0578886270523071,0.18453125655651093,4.559574604034424,0.1856948967108025,0.18384651402819246,0.18327917002299335
333,0.8902148604393005,1.046155571937561,0.177734375,4.579582691192627,0.17894274159334722,0.17722543606606228,0.17658056903979574
334,0.8876367211341858,1.0509772300720215,0.18351562321186066,4.570908546447754,0.18407601044886604,0.1829561000590832,0.18206781630711288
335,0.8891015648841858,1.049661636352539,0.18117187917232513,4.580123424530029,0.18214621246804752,0.18054625695158324,0.1795637553342531
336,0.8884179592132568,1.0516971349716187,0.18859374523162842,4.5561628341674805,0.18932541713141388,0.18809206051572913,0.18716166126770345
337,0.8918163776397705,1.0402178764343262,0.18437500298023224,4.593298435211182,0.18420268514047117,0.18399904509974688,0.18272097010914212
338,0.889843761920929,1.0455987453460693,0.18257813155651093,4.590593338012695,0.18423238593608338,0.18194483020905045,0.18147230799994543
339,0.8887109160423279,1.0501418113708496,0.18507812917232513,4.5871124267578125,0.18669507564011378,0.18446911667166438,0.18386639450032438
340,0.8856054544448853,1.0548282861709595,0.18242187798023224,4.607737064361572,0.1834355379776899,0.18186994686013988,0.18087589780231123
341,0.8883007764816284,1.0533363819122314,0.18195313215255737,4.5964789390563965,0.18274757272516795,0.1815173731566999,0.18045137782030418
342,0.8924609422683716,1.0366843938827515,0.18250000476837158,4.5814528465271,0.18309219091175089,0.18203202433860666,0.18095341905003615
343,0.8894140720367432,1.0426287651062012,0.1853906214237213,4.608908653259277,0.18682381635808004,0.18483810762217756,0.1839392357305853
344,0.8906445503234863,1.042433500289917,0.18359375,4.578478813171387,0.18437283901863724,0.18311709658364828,0.1821273347381459
345,0.8907812237739563,1.044533371925354,0.18398436903953552,4.589537620544434,0.1843740878488754,0.1835809784123761,0.18234026166757472
346,0.8887890577316284,1.0448768138885498,0.18265624344348907,4.580892086029053,0.18331772110952183,0.1822714394847875,0.18124737437467936
347,0.8892968893051147,1.0436887741088867,0.17960937321186066,4.603301048278809,0.1811608976917312,0.17927931206398434,0.17860282297792576
348,0.8882031440734863,1.0507011413574219,0.18828125298023224,4.585672378540039,0.18994082660581887,0.1877310545092009,0.1871467770618651
349,0.8899219036102295,1.0478583574295044,0.18445312976837158,4.586117267608643,0.1858563341812208,0.18380381149418004,0.18284711006689452
350,0.8896093964576721,1.0431758165359497,0.18703125417232513,4.574743747711182,0.1877111570564797,0.18653851525738357,0.18542367634096252
351,0.8907617330551147,1.0407291650772095,0.18984374403953552,4.573118686676025,0.1902820407571645,0.18940402955943902,0.18824108945264056
352,0.8906054496765137,1.0424003601074219,0.18773438036441803,4.568355560302734,0.1886371876392311,0.18704101669874862,0.18595963134359045
353,0.8930078148841858,1.037096381187439,0.18492187559604645,4.568836212158203,0.18570282538953103,0.18394521721481877,0.18304765551953245
354,0.8898632526397705,1.0442194938659668,0.1821874976158142,4.5782670974731445,0.1823731793911252,0.18148734851451914,0.18041834658074404
355,0.8915429711341858,1.0367913246154785,0.18781250715255737,4.586578369140625,0.18893206718459987,0.18713693090577452,0.18615281631923905
356,0.8900781273841858,1.0434789657592773,0.18835937976837158,4.589295387268066,0.18941946129072756,0.187908184491415,0.18691188606481193
357,0.8902929425239563,1.0416374206542969,0.18562500178813934,4.564300537109375,0.18664878692539197,0.18474660459846953,0.18399330147222853
358,0.8909765481948853,1.0375540256500244,0.1876562535762787,4.5532684326171875,0.18763466459886644,0.18671045192434518,0.1857057152212095
359,0.891308605670929,1.0341179370880127,0.19187499582767487,4.532891750335693,0.19226377884752877,0.19116833832925673,0.18979404821554813
360,0.8927538990974426,1.0347341299057007,0.18406249582767487,4.5667877197265625,0.18524288931537197,0.1833279520668243,0.1827673942635195
361,0.8926953077316284,1.0353655815124512,0.18843750655651093,4.544665336608887,0.18922174831561672,0.1877568797975959,0.18675718683255843
362,0.892382800579071,1.0368380546569824,0.18671874701976776,4.557988166809082,0.1866244086859073,0.18592132691816388,0.18480803517777683
363,0.8939843773841858,1.025687336921692,0.18882812559604645,4.557833671569824,0.18917737822944683,0.18800687382516673,0.18671298780492926
364,0.8949413895606995,1.0251517295837402,0.18867187201976776,4.5497822761535645,0.19060185780404854,0.18815509627390048,0.1876787355151898
365,0.8923437595367432,1.0281751155853271,0.1850000023841858,4.5699968338012695,0.18492124095655704,0.1843519322283172,0.18296212790781563
366,0.8939257860183716,1.023586630821228,0.18781250715255737,4.550472259521484,0.1888149085690955,0.18710478435148262,0.18636528001292027
367,0.89453125,1.0260614156723022,0.18968750536441803,4.528867721557617,0.19132006036840815,0.1892402832932502,0.1882613932964161
368,0.8924804925918579,1.0322070121765137,0.18992187082767487,4.547159671783447,0.1906917283672666,0.18912655307601084,0.1879340414109577
369,0.8915429711341858,1.0320693254470825,0.1908593773841858,4.555955410003662,0.1910948114296332,0.19021523159561535,0.18906285721741797
370,0.8923437595367432,1.0277327299118042,0.19437499344348907,4.546478748321533,0.19601231917229375,0.1935375997278425,0.19281619302344172
371,0.8934179544448853,1.0266220569610596,0.19148437678813934,4.5466694831848145,0.1927705209716693,0.19088199643809733,0.19017945127352992
372,0.8908593654632568,1.0348838567733765,0.1887499988079071,4.568999290466309,0.18992853307025573,0.18829411323927087,0.18730452671344627
373,0.8949999809265137,1.0232665538787842,0.19226562976837158,4.537356376647949,0.1938986208018289,0.19152272597146347,0.1907189137037661
374,0.8938281536102295,1.0224493741989136,0.18882812559604645,4.540950775146484,0.18960816293696434,0.18817224860725354,0.1871942434712081
375,0.888867199420929,1.0438884496688843,0.19179686903953552,4.545441627502441,0.19226790086736495,0.1910906333387342,0.1900024908262294
376,0.8900585770606995,1.037581443786621,0.1875,4.563716411590576,0.18788743361446586,0.1868246367129237,0.18580824525297202
377,0.8941406011581421,1.0271680355072021,0.19218750298023224,4.552636623382568,0.19377149079474557,0.1918490416613118,0.19123109716404
378,0.8942187428474426,1.0310605764389038,0.18773438036441803,4.546991348266602,0.18867082333587434,0.1872328024353448,0.18641540237183205
379,0.8923046588897705,1.0319024324417114,0.19007812440395355,4.554508209228516,0.19139131426605221,0.18980028700816237,0.18895260132214026
380,0.89208984375,1.0320631265640259,0.19023437798023224,4.558038711547852,0.19094043098819452,0.18968556788523053,0.18861808996969964
381,0.8955664038658142,1.0175530910491943,0.189453125,4.562668800354004,0.19029681296353593,0.18855539799573323,0.18765379816773597
382,0.8954882621765137,1.0251374244689941,0.18992187082767487,4.551394462585449,0.18995522099477752,0.18920914154032425,0.18788732384120335
383,0.8935156464576721,1.028164267539978,0.18859374523162842,4.572713851928711,0.1901670539546321,0.18808293829533201,0.18752643092967602
384,0.8951562643051147,1.0257468223571777,0.19093750417232513,4.554934501647949,0.1919248448952427,0.1903683732260528,0.1897168242377037
385,0.895312488079071,1.0221699476242065,0.18882812559604645,4.553072929382324,0.18947185355740698,0.18818121964049925,0.18717229305074126
386,0.897167980670929,1.016090989112854,0.19289062917232513,4.560912609100342,0.1941620714670214,0.19224802195387297,0.19148508095053673
387,0.8965820074081421,1.021155595779419,0.19242186844348907,4.571441173553467,0.1935549387182914,0.19200672155110632,0.19096858508204545
388,0.8971874713897705,1.0216056108474731,0.19273437559604645,4.568484783172607,0.19325102153793766,0.19186921897254045,0.1908515002333483
389,0.8983203172683716,1.0181505680084229,0.18828125298023224,4.5535502433776855,0.1892299827021952,0.18766754293852567,0.18666516485155482
390,0.8956640362739563,1.017921805381775,0.18796874582767487,4.556042671203613,0.18937089734022539,0.18720970419773353,0.1863883247472467
391,0.8979296684265137,1.0147886276245117,0.1899999976158142,4.550593852996826,0.19069462329093345,0.18925897659934768,0.18815146416046535
392,0.8960156440734863,1.0190110206604004,0.18921874463558197,4.568535327911377,0.19048225914139444,0.18884430050837897,0.18775740295424256
393,0.8947460651397705,1.0188207626342773,0.19187499582767487,4.550786018371582,0.19269318972349206,0.1912947671967894,0.19037782847297163
394,0.8948437571525574,1.0196031332015991,0.189453125,4.553474426269531,0.19208330625245973,0.18910815953632681,0.18874532379817122
395,0.8948827981948853,1.0242564678192139,0.19539062678813934,4.560638904571533,0.19827735216186584,0.19509561274421622,0.19478512566863315
396,0.896191418170929,1.0152705907821655,0.19445312023162842,4.527449607849121,0.19544548580655563,0.1939547058242937,0.19301876968471526
397,0.8941601514816284,1.0174347162246704,0.1939062476158142,4.528959274291992,0.19497080734855127,0.1937625583807077,0.19282614859919564
398,0.8978124856948853,1.0118460655212402,0.19445312023162842,4.535117149353027,0.1952143068161185,0.19387565259907674,0.19296468680773687
399,0.897167980670929,1.0144084692001343,0.19757813215255737,4.548487186431885,0.19876155303627013,0.19730756561307006,0.19636538330949715
400,0.8975195288658142,1.0162971019744873,0.19414062798023224,4.534941673278809,0.19447957038187452,0.1934802216703712,0.1922261679175648
401,0.8957421779632568,1.013822317123413,0.1935156285762787,4.562982559204102,0.1950320433338553,0.19287509895391375,0.19219396781297296
402,0.8938086032867432,1.0196713209152222,0.19273437559604645,4.54836893081665,0.1940497052523415,0.19219855014711068,0.19140406978043062
403,0.8962500095367432,1.0172436237335205,0.19289062917232513,4.5536723136901855,0.1949408195220572,0.19199044446740876,0.19175873873030239
404,0.8952734470367432,1.0178074836730957,0.19414062798023224,4.551040172576904,0.19480676140136166,0.19339130606428828,0.19244292822520803
405,0.8962304592132568,1.0172001123428345,0.19539062678813934,4.527727127075195,0.1968510272866108,0.1944846006571921,0.19396620847138535
406,0.8960546851158142,1.019585371017456,0.19609375298023224,4.549176216125488,0.19663637383418137,0.1952683445324665,0.19424217178691078
407,0.8973633050918579,1.0157859325408936,0.19101563096046448,4.553369045257568,0.19150977399554292,0.19043892409614915,0.18942836257080264
408,0.8976757526397705,1.0127222537994385,0.19234375655651093,4.554926872253418,0.19312157379357653,0.1917813862559008,0.19073596523567643
409,0.8980468511581421,1.0067813396453857,0.197265625,4.544553756713867,0.19878540159922287,0.19664436617799622,0.19599526053840752
410,0.8968750238418579,1.012539029121399,0.19499999284744263,4.556750774383545,0.19538920701498114,0.19411901977064033,0.19289610808716995
411,0.8974218964576721,1.010012149810791,0.19273437559604645,4.562987804412842,0.19419292683331152,0.19204229880490387,0.19146166050561442
412,0.8938867449760437,1.021406650543213,0.19343750178813934,4.549013614654541,0.19410387226128928,0.19279827518033693,0.19177166527324863
413,0.8983984589576721,1.0137815475463867,0.19632811844348907,4.558222770690918,0.19714237525225287,0.19575032898253567,0.19471268694959792
414,0.8974218964576721,1.0152499675750732,0.19187499582767487,4.536573886871338,0.19278652834522975,0.19106069412477483,0.1901687856114114
415,0.9011132717132568,1.0018322467803955,0.19398437440395355,4.530011177062988,0.194505644226119,0.1932595208847374,0.19234844403522222
416,0.8989453315734863,1.0062824487686157,0.19507811963558197,4.5138702392578125,0.19616042047120963,0.1943656998474978,0.193286443124921
417,0.8996288776397705,1.0050750970840454,0.19492188096046448,4.526670455932617,0.19656423993876607,0.19421916608177875,0.19354343948011454
418,0.8982617259025574,1.003394603729248,0.1953125,4.529237270355225,0.19676960856470682,0.1949740380259698,0.1941179979171419
419,0.9013476371765137,0.9945262670516968,0.19539062678813934,4.519842624664307,0.1964782832736025,0.1947855636689044,0.1938335873010711
420,0.8991601467132568,1.0101237297058105,0.1967187523841858,4.5371599197387695,0.1973899718495402,0.19577802458970847,0.19474875782717554
421,0.8979296684265137,1.005831241607666,0.19343750178813934,4.530786037445068,0.19501086764173206,0.19286764442599658,0.19212160277250961
422,0.8976367115974426,1.0091137886047363,0.19679687917232513,4.520651817321777,0.19806470059554349,0.19605581112950804,0.19530673439417912
423,0.8978124856948853,1.011521339416504,0.19031250476837158,4.546612739562988,0.19126571655535335,0.18935300788884107,0.18877325890435312
424,0.8963867425918579,1.0138523578643799,0.1954687535762787,4.537886619567871,0.19657552902567074,0.19475554825317426,0.19358574728783895
425,0.8969531059265137,1.0104447603225708,0.19562500715255737,4.538039684295654,0.19629375930013898,0.1948650539255864,0.19357305415150017
426,0.8972070217132568,1.0102624893188477,0.1953125,4.539407253265381,0.19535631746310986,0.19428708876942882,0.19306874006774064
427,0.8985546827316284,1.0056322813034058,0.19539062678813934,4.521613121032715,0.19570589317298168,0.19473014275575684,0.19347267229820986
428,0.8998047113418579,1.0048508644104004,0.1940625011920929,4.533026218414307,0.1950481679420598,0.19346661264708648,0.19257503897564182
429,0.9007812738418579,0.9999259114265442,0.19617187976837158,4.516641616821289,0.19765712120461726,0.1957205684109577,0.1948637524177686
430,0.8998047113418579,0.9999630451202393,0.19632811844348907,4.545183181762695,0.19657424369423926,0.1956231424835303,0.19431037964887796
431,0.8975781202316284,1.010737419128418,0.19632811844348907,4.558018684387207,0.19636480544544815,0.19576755312624217,0.19458734985099135
432,0.8985742330551147,1.0025554895401,0.19484375417232513,4.541707992553711,0.1954575213515855,0.19422958984983058,0.19299213570666907
433,0.9025976657867432,0.9943575263023376,0.19640624523162842,4.550382614135742,0.19859966552524844,0.19590228414202537,0.1952530553883095
434,0.8989062309265137,1.0021955966949463,0.1932031214237213,4.550644397735596,0.19314311223939598,0.19252768226686193,0.1911129475836899
435,0.9018945097923279,0.9977418780326843,0.19984374940395355,4.550858020782471,0.2004646846172968,0.19908626803505813,0.19815020165022504
436,0.8992968797683716,1.0029274225234985,0.1985156238079071,4.565016269683838,0.19986739989103064,0.19760149475584743,0.19712923612072597
437,0.8987890481948853,1.004876732826233,0.20070312917232513,4.561680316925049,0.20245862673037418,0.19996917169067235,0.1992772934892299
438,0.8974804878234863,1.0081737041473389,0.19875000417232513,4.530945301055908,0.20132876415343298,0.198132988700254,0.19772587289699836
439,0.8989843726158142,1.0032955408096313,0.19984374940395355,4.5424299240112305,0.2003029895883502,0.19930287890253592,0.19817431381451198
440,0.9000781178474426,0.9971554279327393,0.20609374344348907,4.51436185836792,0.20758480449203057,0.20542783870127634,0.2047902904808196
441,0.9016992449760437,0.9942201375961304,0.1978124976158142,4.5329999923706055,0.1977397939098368,0.19723896433728322,0.19573728685967606
442,0.9019922018051147,0.9957687258720398,0.20109374821186066,4.5229878425598145,0.20266807833823694,0.20033963937703259,0.19982917339921533
443,0.903027355670929,0.9893551468849182,0.2036718726158142,4.537425994873047,0.20474687618644,0.20284355727178577,0.20215930321428924
444,0.9004101753234863,1.000108003616333,0.20281249284744263,4.515430927276611,0.20437338234981456,0.20214399700052893,0.20164064326872472
445,0.8991796970367432,1.0012295246124268,0.20476561784744263,4.513030052185059,0.20591861986526527,0.2037878902886963,0.20329340077922897
446,0.8973437547683716,1.010798692703247,0.19835937023162842,4.52267599105835,0.19862207814361452,0.19738747634470266,0.19637333657505596
447,0.901074230670929,0.997911810874939,0.20195312798023224,4.524962425231934,0.20183369546980165,0.20098529969263168,0.19958042237307355
448,0.9025781154632568,0.9899320006370544,0.20070312917232513,4.513819694519043,0.20153759467786647,0.19980123575029096,0.1989789712944488
449,0.9017773270606995,0.9939506649971008,0.19687500596046448,4.541136264801025,0.1973903268902269,0.19614959279808722,0.1950455288738141
450,0.9021679759025574,0.9919534921646118,0.1954687535762787,4.553027153015137,0.19661714808927888,0.1947087424448411,0.19390218415452687
451,0.9012500047683716,0.9935300350189209,0.1999218761920929,4.548400402069092,0.2010363667744852,0.19925483828322865,0.19816960444878085
452,0.8998047113418579,0.9966139197349548,0.20031249523162842,4.538437366485596,0.20110984049037633,0.19943067575836615,0.1986751374247142
453,0.9008984565734863,0.9978122711181641,0.20304687321186066,4.519382953643799,0.20434181477842292,0.20224778713754749,0.20134517376062364
454,0.8992968797683716,0.9995346665382385,0.20781250298023224,4.523367881774902,0.20807738048359498,0.20701458728512848,0.20563960814724463
455,0.9019922018051147,0.9951890707015991,0.20281249284744263,4.531152248382568,0.20423973852059174,0.2016766497157655,0.200849305562717
456,0.9002734422683716,0.9920782446861267,0.20054687559604645,4.543715000152588,0.20133738810315727,0.19993292451946518,0.19877092549743247
457,0.9040625095367432,0.989743709564209,0.20109374821186066,4.530416011810303,0.2017757991093323,0.20037581492415701,0.19938657383321104
458,0.9025585651397705,0.986274003982544,0.2024218738079071,4.531525135040283,0.20340500924901145,0.20156567392504526,0.20067090385781905
459,0.9005663990974426,1.0004258155822754,0.20054687559604645,4.533642292022705,0.20141939480326648,0.20005285915674975,0.1988042177324644
460,0.8979687690734863,1.0023982524871826,0.20265625417232513,4.538707256317139,0.20472152964592738,0.20165969261913064,0.20132157531044872
461,0.8989648222923279,1.003024697303772,0.1990624964237213,4.536174297332764,0.20029918726460993,0.198511276414948,0.19773188714957562
462,0.9019726514816284,0.9943605661392212,0.1985156238079071,4.5335798263549805,0.19925626875832975,0.197941159309249,0.1969557775245121
463,0.9013867378234863,0.9922366142272949,0.20289061963558197,4.525872707366943,0.20363108393730878,0.20194273938777701,0.20077592392591856
464,0.9053515791893005,0.9834071397781372,0.20343750715255737,4.525570392608643,0.20550929002609647,0.20247912794918616,0.20226468040921772
465,0.9029882550239563,0.9898062348365784,0.19914062321186066,4.534398078918457,0.20035105999187713,0.19815610506334375,0.19735595295709618
466,0.9019336104393005,0.9905580282211304,0.19882813096046448,4.532489776611328,0.19997183164301774,0.19802727079559887,0.196999709993368
467,0.904003918170929,0.9856376051902771,0.19562500715255737,4.52745246887207,0.19651285198257715,0.19473248779828117,0.19382603671705204
468,0.9014062285423279,0.9920700192451477,0.20125000178813934,4.534170150756836,0.20250442237674018,0.2005710230606052,0.19960972153691717
469,0.9032421708106995,0.9855669140815735,0.19875000417232513,4.528529644012451,0.19922541186100948,0.19801800883237464,0.19714227134442844
470,0.9063867330551147,0.9814490675926208,0.19914062321186066,4.5487165451049805,0.20080705733640447,0.19845913420995745,0.1978365173391351
471,0.9040234088897705,0.9875195026397705,0.1990624964237213,4.542619705200195,0.19948807374521038,0.1983805667307364,0.19738589467285278
472,0.9029882550239563,0.984711766242981,0.1967187523841858,4.536514759063721,0.19728316777684624,0.19568060577858915,0.19487479663136043
473,0.9044726490974426,0.9868082404136658,0.19812500476837158,4.5405192375183105,0.19953202620611915,0.1971974691367987,0.19630961190694315
474,0.9025585651397705,0.9898860454559326,0.2018750011920929,4.5407304763793945,0.2025164661221205,0.20125402443568535,0.2001720847933166
475,0.9023827910423279,0.9919176697731018,0.19820313155651093,4.542606830596924,0.19980749448001017,0.19714143429731393,0.19654053320402706
476,0.9035937786102295,0.9849554300308228,0.1979687511920929,4.562485694885254,0.1982104954089523,0.19718105450804596,0.19605916144594887
477,0.9039257764816284,0.9850109219551086,0.203125,4.541780948638916,0.20450647041581985,0.20248751572985177,0.2016079451922536
478,0.9049218893051147,0.9814436435699463,0.20179687440395355,4.527307510375977,0.20341473654734366,0.20106727067175695,0.20016242149622426
479,0.9052734375,0.9807540774345398,0.19570311903953552,4.549437999725342,0.19661150341248762,0.1949452852411338,0.19373624535919456
480,0.9022461175918579,0.990578293800354,0.2006250023841858,4.5421648025512695,0.20195694167863154,0.19996694107646706,0.19912055865982478
481,0.9026172161102295,0.9897668361663818,0.20085936784744263,4.563567638397217,0.20155492669852587,0.20006942478018053,0.19899087256597991
482,0.9019726514816284,0.9875379800796509,0.19507811963558197,4.566046237945557,0.19666845257659665,0.19445320658832216,0.1937031919929782
483,0.902539074420929,0.9868507981300354,0.19804687798023224,4.569745063781738,0.19816177560789816,0.19719675391774913,0.19578723532781803
484,0.9028710722923279,0.9895150065422058,0.20000000298023224,4.5625410079956055,0.20140025738764084,0.1991234248726522,0.19827290041613777
485,0.9069921970367432,0.9762558937072754,0.19984374940395355,4.546489715576172,0.2000178861032023,0.19907957849283048,0.19770915763587277
486,0.9037695527076721,0.9801549315452576,0.19570311903953552,4.571598529815674,0.19604579557035243,0.1948673009275834,0.1934558820075561
487,0.9053906202316284,0.9789268970489502,0.197265625,4.562910556793213,0.19742599978870798,0.19660902373139008,0.19514499298665233
488,0.9033984541893005,0.9827814698219299,0.20093749463558197,4.5609002113342285,0.20088778712801422,0.20030752231578794,0.19884420224886135
489,0.9048047065734863,0.9810041785240173,0.1999218761920929,4.528428554534912,0.19986643812664473,0.19932767951005098,0.19786300308444438
490,0.9034570455551147,0.98369961977005,0.20164062082767487,4.5470685958862305,0.20280334185505125,0.20108035572055227,0.19977843251639615
491,0.90283203125,0.9833420515060425,0.20304687321186066,4.520009994506836,0.20341561669073785,0.20257119517157643,0.20123671029664214
492,0.9036718606948853,0.9876249432563782,0.19835937023162842,4.550501823425293,0.19851892973126495,0.19769106386599658,0.1963710445993401
493,0.9047070145606995,0.9803151488304138,0.19273437559604645,4.576869010925293,0.19424631432401904,0.1920443248249736,0.1910068968692298
494,0.9038867354393005,0.9832627177238464,0.19929687678813934,4.556338310241699,0.19897022504898348,0.19856841569140984,0.19692749580143243
495,0.9048827886581421,0.9794302582740784,0.1967187523841858,4.556106090545654,0.1973894316333834,0.19600045727994694,0.19509570677117594
496,0.9047461152076721,0.9766976237297058,0.2006250023841858,4.5301713943481445,0.20024522770006412,0.19979697128183757,0.19843851768609078
497,0.9054101705551147,0.9778459072113037,0.20289061963558197,4.536913871765137,0.2030781621872574,0.20208359648204893,0.2007739043779186
498,0.9066992402076721,0.9695042967796326,0.19804687798023224,4.536576747894287,0.19861941821537948,0.19753936702135172,0.19639049043000728
499,0.9048632979393005,0.9797028303146362,0.19765624403953552,4.568868160247803,0.19944032878352214,0.19713277559409342,0.1964643771387805
500,0.9009765386581421,0.991729736328125,0.20460937917232513,4.557218074798584,0.20622678123447102,0.20409929426711607,0.2032542303885117
501,0.9040429592132568,0.9832417964935303,0.20429687201976776,4.533113479614258,0.20550821019098786,0.20365704388198128,0.20274514860556875
502,0.9046875238418579,0.9831858277320862,0.19960936903953552,4.516880989074707,0.1995489719763778,0.19894527068967133,0.19767529833385752
503,0.9061328172683716,0.9778301119804382,0.1993750035762787,4.556324005126953,0.20001040849727655,0.19863476426944637,0.19770318390557343
504,0.9028710722923279,0.9871304035186768,0.19828124344348907,4.535867214202881,0.1994192052287321,0.19755663119509015,0.19690813218167666
505,0.9041406512260437,0.9848392009735107,0.203125,4.514224052429199,0.20239193927222549,0.20240033671061122,0.20081803592567288
506,0.904101550579071,0.984889805316925,0.20468750596046448,4.5266618728637695,0.2053197429112491,0.2039015725937921,0.20293937189019312
507,0.9048241972923279,0.9812607765197754,0.20148438215255737,4.506929397583008,0.20226502128877424,0.20089284789831408,0.20000666610073387
508,0.9036718606948853,0.9856294989585876,0.20359374582767487,4.527719974517822,0.204957953670918,0.20318687010192465,0.20212197890049508
509,0.9052929878234863,0.9784080982208252,0.20374999940395355,4.522790908813477,0.20510688314594178,0.20337337085444446,0.20267102527691055
510,0.9050586223602295,0.9776924252510071,0.20484374463558197,4.549211025238037,0.20566907263160417,0.20429469310896517,0.20323235532228195
511,0.9050390720367432,0.9806450009346008,0.20304687321186066,4.530174255371094,0.20353343488631298,0.2022941050311077,0.2009337821449986
512,0.9070703387260437,0.9703325033187866,0.20164062082767487,4.527469635009766,0.20238819360691457,0.20111195390481013,0.20009474362718055
513,0.9071093797683716,0.9769151210784912,0.2082812488079071,4.518553256988525,0.20857679700843507,0.20758374908935134,0.20645560725630419
514,0.9070703387260437,0.9712092876434326,0.19757813215255737,4.55363655090332,0.19949716601121964,0.19715691306955313,0.1963594937731299
515,0.9063085913658142,0.9760210514068604,0.19828124344348907,4.5329437255859375,0.1980556188600158,0.19771581822238776,0.1961642448846714
516,0.9087695479393005,0.966233491897583,0.20023436844348907,4.537673473358154,0.20047319353138204,0.1998761525813735,0.1985205598159213
517,0.9069140553474426,0.9707409739494324,0.20179687440395355,4.5216383934021,0.20234957095724249,0.2010771642450003,0.20011967690604138
518,0.9044336080551147,0.9834920763969421,0.20351561903953552,4.518853664398193,0.20449105667180298,0.2030494873824536,0.2019716134511741
519,0.9071875214576721,0.9735165238380432,0.1990624964237213,4.534230709075928,0.20048904285469477,0.1984525196484478,0.19748853381007525
520,0.9039257764816284,0.9855400323867798,0.20359374582767487,4.529877662658691,0.2040976093137988,0.20303003027594904,0.201562837025376
521,0.905468761920929,0.9785844683647156,0.2006250023841858,4.56358528137207,0.20162655806507054,0.2001556652616478,0.1988393104219244
522,0.9045312404632568,0.9811016917228699,0.20015625655651093,4.55412483215332,0.20203042541988264,0.19976790741695638,0.19904051358399732
523,0.9065820574760437,0.9788524508476257,0.2043749988079071,4.526514053344727,0.20492303484178137,0.20372597346149562,0.20262120406735
524,0.907421886920929,0.9720436334609985,0.20281249284744263,4.54953145980835,0.20242082151906968,0.20199416474946918,0.20077505613854585
525,0.902636706829071,0.9814422726631165,0.2032812535762787,4.526704788208008,0.20316447866693133,0.20245714771425533,0.20094339996079064
526,0.9066992402076721,0.9742923974990845,0.2004687488079071,4.5226030349731445,0.20082950282327003,0.1996447073024596,0.1984581619169085
527,0.9089062213897705,0.9668225049972534,0.2045312523841858,4.512844085693359,0.20574637704224838,0.20394953490479883,0.20305974088215797
528,0.9070703387260437,0.9660035967826843,0.20289061963558197,4.519943714141846,0.20406491111421282,0.20261777797817254,0.2015516548407736
529,0.908203125,0.9687780141830444,0.20421874523162842,4.506319046020508,0.2055470383422247,0.20384814080906147,0.20287279659591428
530,0.9078515768051147,0.9707003235816956,0.203125,4.514025688171387,0.20420828199300484,0.20258658982565675,0.20168358660628055
531,0.9057421684265137,0.9769145250320435,0.2043749988079071,4.533569812774658,0.20541613958378302,0.20400922559299542,0.20272164978484472
532,0.9049023389816284,0.9821497201919556,0.20250000059604645,4.542083263397217,0.20386549414220204,0.20200584360983986,0.20105640189541268
533,0.9066210985183716,0.9705382585525513,0.20351561903953552,4.501860618591309,0.20389844276416402,0.20312150879336996,0.20199980274811324
534,0.905566394329071,0.9823030233383179,0.20624999701976776,4.52138090133667,0.2064451059817822,0.20569447515879302,0.20437284528987842
535,0.9052734375,0.979625940322876,0.2025781273841858,4.535956382751465,0.20377168468522888,0.2019902906318928,0.20097760084282423
536,0.90576171875,0.9758933782577515,0.2056249976158142,4.5378499031066895,0.20600310970217994,0.20523758524137914,0.20410668735569654
537,0.907421886920929,0.9692322611808777,0.20585937798023224,4.522863864898682,0.20644685305711213,0.20542234450185465,0.20417107812749485
538,0.9048047065734863,0.9820390939712524,0.20531250536441803,4.550083637237549,0.2071332238446245,0.20487034100137466,0.2041386534686382
539,0.9062695503234863,0.9711300730705261,0.2036718726158142,4.534325122833252,0.20469756371466763,0.2033052538780687,0.20218179463900068
540,0.9063671827316284,0.9768921136856079,0.20351561903953552,4.546952724456787,0.20464383552562604,0.20316379159093115,0.20228086252852778
541,0.9063085913658142,0.9789314270019531,0.2052343785762787,4.516286373138428,0.20651660193805238,0.20475331511088457,0.20390162381331392
542,0.91064453125,0.9599331617355347,0.20570312440395355,4.521789073944092,0.20603375984151764,0.20521761172450015,0.20392211210446232
543,0.9088085889816284,0.9713183641433716,0.2018750011920929,4.534914493560791,0.2034736424734327,0.2014476519268773,0.20047563091530057
544,0.9072265625,0.9655103087425232,0.2006250023841858,4.5398268699646,0.2016293167574701,0.20019604073977681,0.1991285733411833
545,0.9080859422683716,0.9682481288909912,0.20195312798023224,4.52880859375,0.2032330124864486,0.20146394427166023,0.20026737914900444
546,0.9107812643051147,0.9625636339187622,0.20359374582767487,4.533543109893799,0.20281361240898826,0.2031087204829251,0.20111605929957208
547,0.9066796898841858,0.9719096422195435,0.2049218714237213,4.552992343902588,0.2052164231678032,0.20432790876418594,0.2030002212511851
548,0.908398449420929,0.9673523902893066,0.20429687201976776,4.541810989379883,0.20505676483022278,0.20397615994037108,0.20293560784797418
549,0.906542956829071,0.9719661474227905,0.20609374344348907,4.526968955993652,0.2066670849378606,0.20563139738119648,0.20435253326369812
550,0.9076172113418579,0.9711962342262268,0.20320312678813934,4.534301280975342,0.20430752788192108,0.20284275584220646,0.20183716056259826
551,0.9071289300918579,0.968742311000824,0.20734375715255737,4.523069858551025,0.20732579919831776,0.20699700539645283,0.20513748177259428
552,0.9097265601158142,0.9623245000839233,0.2082812488079071,4.5222697257995605,0.20913634674879766,0.20799931999340285,0.20681268053894514
553,0.9130273461341858,0.9548459053039551,0.20421874523162842,4.532115459442139,0.20484478562731323,0.20374191905961841,0.20248604936222914
554,0.9091601371765137,0.9691876173019409,0.20609374344348907,4.542840480804443,0.2059550116662221,0.20555179342809643,0.20420078762079258
555,0.9087890386581421,0.9635105133056641,0.2082812488079071,4.508735656738281,0.209139310010292,0.20780951055069707,0.20675531939239505
556,0.908398449420929,0.9660747051239014,0.20593750476837158,4.545764923095703,0.20710737442725355,0.20556844130407598,0.20480519736277258
557,0.9094140529632568,0.9645838737487793,0.20664063096046448,4.540430545806885,0.20824718663368885,0.20641012587187307,0.20560023093466462
558,0.9090429544448853,0.9639562964439392,0.20640625059604645,4.563446044921875,0.20744705282667625,0.2057724401091228,0.2048325803611177
559,0.9057421684265137,0.9720786213874817,0.20656250417232513,4.54069709777832,0.2076998107124425,0.20626785022347047,0.20519602555802424
560,0.9058398604393005,0.9724205732345581,0.2043749988079071,4.552501201629639,0.2063297766512811,0.2043327607197823,0.2034218671782862
561,0.9049609303474426,0.9728334546089172,0.2038281261920929,4.562047481536865,0.20548613667913848,0.20337602012905376,0.20254329096012252
562,0.9090234637260437,0.9676538109779358,0.2084375023841858,4.54321813583374,0.2086840547131914,0.20791317235313428,0.20650556868472852
563,0.9103124737739563,0.9633320569992065,0.20703125,4.511829376220703,0.20705715418500523,0.20646366017916318,0.20490765744900707
564,0.907421886920929,0.9659103155136108,0.203125,4.524020195007324,0.20261661108872817,0.20276374440936334,0.20099687649815356
565,0.9098827838897705,0.9649477601051331,0.20710937678813934,4.521183967590332,0.20678501319951506,0.20631217806530106,0.2047502400207038
566,0.9118359088897705,0.9589712619781494,0.20742186903953552,4.519658088684082,0.20828221324498172,0.20686043075541735,0.2057584010317
567,0.9100976586341858,0.9611571431159973,0.20406250655651093,4.55717658996582,0.20476134129308265,0.20342734687402486,0.20212937916465645
568,0.9087890386581421,0.9615070223808289,0.20804686844348907,4.528411865234375,0.20787083251938104,0.2077170918601879,0.20601440356179596
569,0.9104101657867432,0.9577122330665588,0.20812499523162842,4.522562026977539,0.20903549263376267,0.20771158370261233,0.2063710346296011
570,0.9114453196525574,0.9575573205947876,0.20749999582767487,4.5457868576049805,0.20872735425024724,0.20725713627904274,0.20612713065575256
571,0.9085351824760437,0.9634241461753845,0.2107812464237213,4.538955211639404,0.2116118280101152,0.21039597877425018,0.20911730364721764
572,0.9094336032867432,0.9636241793632507,0.2075781226158142,4.533623695373535,0.20855151352419588,0.20695761723745637,0.20597331312621298
573,0.9094921946525574,0.9590024352073669,0.20789062976837158,4.513731956481934,0.20878704252621716,0.20731432167178832,0.20638144803613961
574,0.9097851514816284,0.9596580266952515,0.21085937321186066,4.508058071136475,0.21102183940970876,0.21025435403288256,0.20893694769591736
575,0.9068359136581421,0.9617509245872498,0.20617187023162842,4.5085673332214355,0.2071799420128797,0.20526404246653523,0.20442051110016413
576,0.9087499976158142,0.966777503490448,0.20945312082767487,4.530686855316162,0.20973705686352248,0.20861699344441337,0.20722052752741701
577,0.9082226753234863,0.965430736541748,0.2082812488079071,4.510271072387695,0.20867953796052846,0.20778026986480547,0.20664506993655724
578,0.9097265601158142,0.9590462446212769,0.2082812488079071,4.530569076538086,0.20947586670728666,0.20756328736046017,0.20665135508749083
579,0.908203125,0.9641794562339783,0.20796875655651093,4.526507377624512,0.20850332843948094,0.20725378572861275,0.2060437195848268
580,0.9094336032867432,0.9606031775474548,0.21140624582767487,4.519686222076416,0.21181474071446088,0.2111115491069025,0.2100063757366296
581,0.9078710675239563,0.9640149474143982,0.21187500655651093,4.508213996887207,0.2121902545994994,0.21105069777053137,0.21011604725236066
582,0.9089453220367432,0.9626055955886841,0.21132811903953552,4.513484954833984,0.21288443404605123,0.21066133151574007,0.2098112756014746
583,0.9079492092132568,0.9684532880783081,0.21132811903953552,4.543035984039307,0.21229733184157987,0.2105157248058068,0.20932746564640264
584,0.9087890386581421,0.9634847044944763,0.20812499523162842,4.521435737609863,0.20892675405208427,0.20711346963297628,0.20630514766377028
585,0.9084570407867432,0.967875599861145,0.21015624701976776,4.531357288360596,0.21118394654235015,0.20925543158451476,0.20835866646973075
586,0.9093554615974426,0.9619235992431641,0.20789062976837158,4.520585536956787,0.2090494724039389,0.20702294331796342,0.20581256228676167
587,0.9090234637260437,0.9607341885566711,0.2114843726158142,4.503993511199951,0.21346568355755746,0.21110155496504013,0.21011027423968892
588,0.9107226729393005,0.9603235721588135,0.2135937511920929,4.527149200439453,0.21474297397931075,0.21282512135034087,0.2119649813632412
589,0.9137499928474426,0.9485037326812744,0.21335937082767487,4.53019905090332,0.2145634859384553,0.21288677950724785,0.21183796685355466
590,0.9110742211341858,0.9561217427253723,0.20812499523162842,4.512135028839111,0.2096517070983765,0.207550920278544,0.20656882270493976
591,0.9105468988418579,0.9563269019126892,0.20999999344348907,4.520810127258301,0.21132238860072086,0.20930307197654544,0.20827031986267303
592,0.9095117449760437,0.9607851505279541,0.21421875059604645,4.4963579177856445,0.21451935759254764,0.21368042590608072,0.21238341842710945
593,0.9075976610183716,0.9619941711425781,0.2095312476158142,4.516936779022217,0.21055937944128628,0.2090158766915052,0.2081204642552042
594,0.9096875190734863,0.9574652910232544,0.2116406261920929,4.508139133453369,0.2134580774943674,0.21082073611252486,0.21003348783206402
595,0.9120898246765137,0.9551623463630676,0.21250000596046448,4.512210845947266,0.2122434694521082,0.2116377604209098,0.21017408318865144
596,0.912792980670929,0.9559393525123596,0.21226562559604645,4.517570495605469,0.21312560370184022,0.21172472268076656,0.2103807023880231
597,0.9113476276397705,0.9574805498123169,0.2082812488079071,4.519951820373535,0.2089553413108932,0.2079329523115055,0.2067344751101448
598,0.9093945026397705,0.9616878032684326,0.2077343761920929,4.522204399108887,0.2091085189859216,0.2072998471475681,0.2065283138500384
599,0.91015625,0.9591881036758423,0.20593750476837158,4.536328315734863,0.2066289011650424,0.2055911605584722,0.20456109291987912
600,0.9122461080551147,0.9539411067962646,0.21265624463558197,4.501809597015381,0.2142360760909229,0.21253035981221813,0.21150609588902625
601,0.9111718535423279,0.9567579627037048,0.21585936844348907,4.517523288726807,0.21650760523145363,0.21552681954671493,0.21420003992063605
602,0.9100586175918579,0.9581363201141357,0.2109375,4.497513294219971,0.21150868422616909,0.21058724067100187,0.2092666019442821
603,0.9106054902076721,0.9584020376205444,0.21132811903953552,4.500353813171387,0.2116645646326319,0.21075080474158037,0.20929164841280834
604,0.9093945026397705,0.9589594006538391,0.21046875417232513,4.524111270904541,0.21158054775036483,0.20963710418272677,0.20859255831447246
605,0.9120898246765137,0.9500225186347961,0.21328124403953552,4.509450435638428,0.2142976527490188,0.21255617739738533,0.2113597439003556
606,0.9109570384025574,0.9546486735343933,0.20945312082767487,4.528192520141602,0.2102575499221916,0.20894599041737613,0.2079256054681497
607,0.9099414348602295,0.9588071703910828,0.21437500417232513,4.5101847648620605,0.21611511665674965,0.2140916194305142,0.21343088363526094
608,0.9123828411102295,0.948874831199646,0.21617187559604645,4.498398303985596,0.21756635862503043,0.2155836012268299,0.21486894838076928
609,0.9113867282867432,0.9555150866508484,0.21375000476837158,4.499744415283203,0.2145764353425803,0.21316704608247317,0.21205275112920804
610,0.9101952910423279,0.9533780813217163,0.21515625715255737,4.48488187789917,0.2155698407806167,0.21430669203714614,0.21326788116394707
611,0.9112304449081421,0.9576249122619629,0.21140624582767487,4.529664516448975,0.21393497594315064,0.2111745835589331,0.21071755022022512
612,0.9103710651397705,0.9557070136070251,0.21382813155651093,4.5014119148254395,0.2147179060878064,0.21320866474275263,0.2120872147310952
613,0.9126172065734863,0.9473947286605835,0.21187500655651093,4.506503105163574,0.21287906665122466,0.21093221355084174,0.2102023007721026
614,0.9126562476158142,0.9517596364021301,0.2107812464237213,4.5118560791015625,0.21230221943946875,0.21015263968401354,0.20957701987096367
615,0.910449206829071,0.9545474052429199,0.2141406238079071,4.530244827270508,0.2149616534363204,0.21374489789288847,0.21260688439000744
616,0.9100390672683716,0.9539954662322998,0.21132811903953552,4.533151149749756,0.21325511407026848,0.21123452758545014,0.21030252586706913
617,0.9142773151397705,0.9453158378601074,0.21179687976837158,4.52825403213501,0.21254343141197182,0.21137489705215357,0.21040886461459768
618,0.9117968678474426,0.9511783719062805,0.21320313215255737,4.530316352844238,0.21381749525526317,0.2126397968960187,0.2114570337066226
619,0.9131249785423279,0.9474273920059204,0.21007812023162842,4.529079914093018,0.21112922954333735,0.20939759767307614,0.20833246138171418
620,0.9129687547683716,0.9491684436798096,0.20851562917232513,4.533065319061279,0.20867519856361888,0.20818371897647792,0.20664547478767498
621,0.9120312333106995,0.9492361545562744,0.21406249701976776,4.507812976837158,0.21643306708752982,0.21372764092108865,0.21318324285326185
622,0.9127148389816284,0.9505696892738342,0.2114843726158142,4.515015125274658,0.21232473787617698,0.21101030363585044,0.209525311495664
623,0.9114648699760437,0.9511599540710449,0.21421875059604645,4.512686252593994,0.2138322588404591,0.21338525991392654,0.21175093651960314
624,0.9103320240974426,0.9550156593322754,0.20921875536441803,4.504448413848877,0.21075293597470324,0.20866540334823386,0.2079659121703441
625,0.9102538824081421,0.9528681039810181,0.21390624344348907,4.519575119018555,0.2156560593474708,0.21339245303061233,0.21223970083914237
626,0.9089062213897705,0.9621691107749939,0.21046875417232513,4.539941787719727,0.21178020458012875,0.20989371379338556,0.2090121522981038
627,0.9105077981948853,0.9545748233795166,0.20640625059604645,4.537355422973633,0.20758193719578888,0.20575290767634222,0.20499356463223833
628,0.9103124737739563,0.9542503952980042,0.20937499403953552,4.531838893890381,0.2109367087876413,0.20894343800365514,0.2081094397902618
629,0.9100000262260437,0.9565222859382629,0.21031250059604645,4.5150370597839355,0.21045237220917942,0.2098824154647147,0.20838825689824797
630,0.9123437404632568,0.9524794816970825,0.21328124403953552,4.520035266876221,0.21447964468402886,0.21279256442003924,0.21206416669195766
631,0.9138281345367432,0.9449455142021179,0.21203124523162842,4.5099711418151855,0.21352070699823167,0.21114895064180567,0.21057207700951797
632,0.9112890362739563,0.9534127116203308,0.2150000035762787,4.503069877624512,0.2156635107743013,0.21408369817363193,0.21327594533392993
633,0.912890613079071,0.9511444568634033,0.2096875011920929,4.505202770233154,0.21180415282018444,0.20911036570079028,0.20866106193359527
634,0.9139062762260437,0.9422017931938171,0.20906250178813934,4.528945446014404,0.2100388513033986,0.20863333140740947,0.20737714966854123
635,0.9121289253234863,0.9500384330749512,0.21335937082767487,4.516294002532959,0.21461874903105085,0.21260720382147055,0.21178538737869104
636,0.9123632907867432,0.9487950801849365,0.21156249940395355,4.503979206085205,0.21209651155189302,0.21106399207660173,0.21003075474673316
637,0.9130468964576721,0.9496179223060608,0.20921875536441803,4.519437789916992,0.20967472796815723,0.20840566540246602,0.20744935707248285
638,0.9136914014816284,0.9467962384223938,0.2130468785762787,4.51996374130249,0.21488344514935082,0.21229765711344195,0.21171146025862436
639,0.9120312333106995,0.9464741349220276,0.21085937321186066,4.503828525543213,0.21172210492089122,0.2100375346707841,0.20936764906127026
640,0.9111132621765137,0.948428213596344,0.2155468761920929,4.513731002807617,0.21686648025278388,0.21507819793176106,0.21429406316786243
641,0.9146093726158142,0.9411242008209229,0.2130468785762787,4.501584053039551,0.21439285358944685,0.2125772855974673,0.21152339049995042
642,0.9123828411102295,0.9509819746017456,0.2123437523841858,4.506896495819092,0.21349161179612258,0.2118406769745159,0.2108492746433538
643,0.9131445288658142,0.9482461810112,0.20921875536441803,4.525213718414307,0.20967504013266175,0.20835203526118035,0.207321256504661
644,0.9120312333106995,0.9458034634590149,0.21203124523162842,4.488320827484131,0.21263178771777025,0.2113688508514659,0.21045205904236566
645,0.9126757979393005,0.9471513628959656,0.2142968773841858,4.501073837280273,0.21492420768737255,0.21367250545590988,0.21272857471107126
646,0.9104101657867432,0.9536731243133545,0.21484375,4.491525173187256,0.21651082068133434,0.21397872335452464,0.21339227991082854
647,0.9128515720367432,0.9490411877632141,0.21570312976837158,4.493526935577393,0.21590129648337442,0.21477302931748649,0.21321455727123706
648,0.9100586175918579,0.9553832411766052,0.2114843726158142,4.501946449279785,0.21168015709298443,0.21119271370972262,0.20978634780440258
649,0.9134179949760437,0.9453222155570984,0.21398437023162842,4.500744342803955,0.21399446974276176,0.213305373573115,0.2119722658574814
650,0.9104687571525574,0.9540160894393921,0.2114843726158142,4.4974684715271,0.21275909354534395,0.2111076047127799,0.2102416406238385
651,0.9136718511581421,0.9407106637954712,0.21242187917232513,4.505524158477783,0.21311851551884947,0.21168765291712877,0.21040572739383856
652,0.9130663871765137,0.9429919719696045,0.2123437523841858,4.507961273193359,0.21352499306197473,0.21206063080014714,0.21089712312131398
653,0.9151562452316284,0.9408589005470276,0.20945312082767487,4.510721683502197,0.2109061671363362,0.20941947113037157,0.20818815703737065
654,0.91162109375,0.9473544955253601,0.21398437023162842,4.510319232940674,0.21503141296758072,0.21345191660598545,0.2124617046046443
655,0.9140429496765137,0.9402939081192017,0.21031250059604645,4.537317276000977,0.21215479873944115,0.20959279645188555,0.20856659946667147
656,0.9121875166893005,0.9507685899734497,0.21054688096046448,4.5012054443359375,0.2115700451446773,0.21016894601471992,0.2089331491830012
657,0.911328136920929,0.949007511138916,0.2130468785762787,4.502313137054443,0.2144994937980244,0.21255873503146488,0.2117842307004073
658,0.9152148365974426,0.9448499083518982,0.21382813155651093,4.482598781585693,0.21499000482563127,0.21348341766352746,0.21229078007058233
659,0.9137304425239563,0.9432891607284546,0.21789062023162842,4.503256797790527,0.2196353009674038,0.21745309428588833,0.21654500225767614
660,0.9133594036102295,0.9453186988830566,0.21367187798023224,4.501003265380859,0.21570379600540426,0.21317973487234726,0.21255285736442758
661,0.9146875143051147,0.9423062205314636,0.21398437023162842,4.511280059814453,0.21543437653056063,0.21346369388910902,0.2126874526342713
662,0.9121679663658142,0.949119508266449,0.21617187559604645,4.5133137702941895,0.2171584250545463,0.21545522620070526,0.21439435099176793
663,0.9147851467132568,0.9434977769851685,0.21210937201976776,4.518142223358154,0.21391620753311114,0.21153378486517033,0.2108589080351378
664,0.9141601324081421,0.9397969841957092,0.21812500059604645,4.519491672515869,0.2191370661804585,0.21752909427573974,0.21668102352632862
665,0.9147070050239563,0.9422091841697693,0.21132811903953552,4.531600475311279,0.21121811740250596,0.21086437480251102,0.20938295116826758
666,0.9130859375,0.9464884996414185,0.21406249701976776,4.519030570983887,0.2148750937831157,0.21380054408633892,0.21271066007400624
667,0.913378894329071,0.9480106234550476,0.21390624344348907,4.528968334197998,0.21442889981061986,0.21345793361616106,0.21215936802434826
668,0.9132421612739563,0.9464389681816101,0.2155468761920929,4.507098197937012,0.21786242880403378,0.21529563256210524,0.21441243014699843
669,0.9123437404632568,0.9489250779151917,0.21421875059604645,4.504015922546387,0.21434148389312574,0.21335328456603525,0.21202672666070482
670,0.9119531512260437,0.9474359154701233,0.21031250059604645,4.517337799072266,0.20924616915875194,0.20947644419090578,0.20767756543114607
671,0.9115234613418579,0.9503507018089294,0.21406249701976776,4.547481536865234,0.214991396550623,0.21338897148317648,0.2123138962663172
672,0.9129101634025574,0.9442616105079651,0.21617187559604645,4.512592315673828,0.21711129112806757,0.21542963029460005,0.21459424374912167
673,0.9156835675239563,0.9392614960670471,0.21320313215255737,4.5092668533325195,0.21313980562399126,0.2123720011708822,0.21106065290788198
674,0.9150781035423279,0.9385461211204529,0.2150000035762787,4.49819803237915,0.21711233431026886,0.21453148561043295,0.21367199877198068
675,0.9112695455551147,0.950788140296936,0.21703125536441803,4.5163469314575195,0.21824204857408053,0.21652322543315705,0.21540783157100335
676,0.9108007550239563,0.9520714282989502,0.21203124523162842,4.519968032836914,0.21348082404631832,0.21147759227173885,0.21062712155579516
677,0.9160351753234863,0.9366779923439026,0.21742187440395355,4.508368015289307,0.21852239671495752,0.2166716583320216,0.2155616257848405
678,0.9129883050918579,0.9489390850067139,0.2160937488079071,4.4991984367370605,0.21761183520834465,0.21564358594261185,0.21485456591231247
679,0.9125390648841858,0.9473915100097656,0.21570312976837158,4.490636825561523,0.21638692743866383,0.21515639668194253,0.21402048348139094
680,0.9146875143051147,0.9400743842124939,0.21906250715255737,4.50338888168335,0.21914762229571483,0.21836590411179513,0.21701121162229975
681,0.913769543170929,0.9402913451194763,0.21937499940395355,4.504161834716797,0.22028006583967685,0.21880683469753642,0.21745138881970616
682,0.9136914014816284,0.941932737827301,0.21875,4.5040106773376465,0.21993707967904008,0.2182326100800644,0.21709820693706386
683,0.915332019329071,0.9373956918716431,0.21328124403953552,4.519664287567139,0.21374886406966226,0.2127127927401552,0.21165013836533786
684,0.91455078125,0.9425604939460754,0.21765625476837158,4.504164695739746,0.21839347279873847,0.21707331942609076,0.21601822231503606
685,0.9150781035423279,0.9351854920387268,0.21054688096046448,4.5151166915893555,0.2120063918235634,0.20994804503165587,0.20931359785058518
686,0.9146093726158142,0.9425381422042847,0.20874999463558197,4.501754283905029,0.20959452889806326,0.20827847556377801,0.20702313947343992
687,0.9126757979393005,0.9474369287490845,0.21085937321186066,4.507262229919434,0.21139917978010273,0.21025335279746793,0.20887327843687345
688,0.9146093726158142,0.9392093420028687,0.21132811903953552,4.510306358337402,0.211572090301556,0.21074456609876616,0.20937646073248403
689,0.9152734279632568,0.9392247200012207,0.2169531285762787,4.488304615020752,0.21787098844028557,0.21621116979416485,0.2150916310516736
690,0.916308581829071,0.9371790289878845,0.21867187321186066,4.509194374084473,0.21980935480114172,0.21799784382777815,0.21732202546519513
691,0.9133594036102295,0.9436787962913513,0.21578125655651093,4.516506195068359,0.21694332321652063,0.21502136756939966,0.21408708751309874
692,0.9125195145606995,0.9485356211662292,0.2142968773841858,4.499483108520508,0.21389466129629003,0.21358777108743268,0.21204000307974302
693,0.9131835699081421,0.943219780921936,0.2162500023841858,4.496310234069824,0.21732099565778626,0.2155231309820297,0.2143455953156851
694,0.9161523580551147,0.9350006580352783,0.21195311844348907,4.5091233253479,0.21337994669590868,0.21109972159296442,0.21023140587967465
695,0.9162695407867432,0.9323081374168396,0.2116406261920929,4.509825229644775,0.21161144733714332,0.21080148770467746,0.20948727319276347
696,0.9144726395606995,0.9424636960029602,0.21632812917232513,4.510834217071533,0.21727272339669593,0.21539344227069718,0.21468156328928462
697,0.9152148365974426,0.9400097727775574,0.2162500023841858,4.516778469085693,0.21732870358441242,0.21544918243169833,0.2145293159546972
698,0.9140820503234863,0.9368879795074463,0.21757812798023224,4.501967906951904,0.21847150293313067,0.2165531820327345,0.21589401368197275
699,0.9137109518051147,0.94115149974823,0.21757812798023224,4.491587162017822,0.21830300484868864,0.2168074257419081,0.21561578686005237
700,0.9097461104393005,0.9579488635063171,0.2173437476158142,4.516238212585449,0.2176499137856197,0.21668116654044767,0.21559575204282355
701,0.9136328101158142,0.9446924328804016,0.21257811784744263,4.521581649780273,0.2127739509991741,0.21182988253275903,0.21081439645681474
702,0.9155663847923279,0.9359501600265503,0.2182031273841858,4.4972147941589355,0.2190386947657568,0.21753501532609892,0.21621790047731118
703,0.9156835675239563,0.9384962320327759,0.2173437476158142,4.514596939086914,0.21707496029535878,0.21664793855281994,0.21512512071329537
704,0.9173437356948853,0.9308599233627319,0.21390624344348907,4.4896697998046875,0.2154098794225372,0.2132563976912113,0.21237187051080605
705,0.9130077958106995,0.9449323415756226,0.21523436903953552,4.50613260269165,0.214821768124286,0.21439384527290628,0.212886979388513
706,0.9140820503234863,0.9403457641601562,0.21882812678813934,4.50135612487793,0.21822850803236277,0.2179490863809372,0.21609003650151265
707,0.91552734375,0.9398378729820251,0.21835938096046448,4.479841709136963,0.21844448007703443,0.21763094194004856,0.2160434831196458
708,0.9170312285423279,0.9305654764175415,0.21976561844348907,4.481339931488037,0.22023165891169433,0.21894212928052303,0.21763054084518008
709,0.9151366949081421,0.9369857907295227,0.21445313096046448,4.488445281982422,0.21410874510769806,0.21386014486242216,0.21216928664461937
710,0.9153711199760437,0.9348075985908508,0.2169531285762787,4.4815993309021,0.2171460528515593,0.21602185073913086,0.21466331859275828
711,0.914257824420929,0.9373672604560852,0.21187500655651093,4.513851165771484,0.21217988586985576,0.21092429409697816,0.20997136349909573
712,0.9136132597923279,0.9396479725837708,0.21828125417232513,4.487539291381836,0.217749249662696,0.21754902292856887,0.21592721798860628
713,0.9130468964576721,0.9448489546775818,0.21460936963558197,4.48893928527832,0.21483224309346377,0.21376321054995873,0.21244902823137046
714,0.9141601324081421,0.9367368817329407,0.21953125298023224,4.4808478355407715,0.21959911255199754,0.2190699996743332,0.21745980514933014
715,0.913769543170929,0.9434837102890015,0.21867187321186066,4.472771167755127,0.21947539062051696,0.21807165270570428,0.21688645298033743
716,0.9133007526397705,0.9393904805183411,0.2192968726158142,4.462353706359863,0.2207258991559845,0.21865519840750272,0.21759406909019946
717,0.914355456829071,0.9357098340988159,0.22007812559604645,4.491323471069336,0.22073563413955805,0.21941523728181284,0.218116655296133
718,0.91552734375,0.937207818031311,0.21976561844348907,4.4845380783081055,0.22026256859235405,0.21910757303020234,0.21798710105294314
719,0.9152148365974426,0.9334128499031067,0.21789062023162842,4.496288299560547,0.21930437715097031,0.21746566889782165,0.21676969751391081
720,0.9153125286102295,0.9335108995437622,0.21835938096046448,4.488778114318848,0.21974509088521849,0.21826481055272345,0.21730679716131907
721,0.9159960746765137,0.9336869120597839,0.2166406214237213,4.514499664306641,0.21812195095249676,0.21613021742887897,0.2152392072794267
722,0.9158008098602295,0.9328804612159729,0.2180468738079071,4.498038291931152,0.21937335649419082,0.21750119118572603,0.2164429010960076
723,0.9167773723602295,0.9333570003509521,0.21914061903953552,4.471774101257324,0.220083935020371,0.21834705055855264,0.21750170944778183
724,0.9176172018051147,0.9286096096038818,0.21781249344348907,4.4756011962890625,0.21928027369034844,0.21723360277024492,0.2163768758797448
725,0.9167187213897705,0.9314130544662476,0.21687500178813934,4.481524467468262,0.21849901175636977,0.2164840753497009,0.21596436635011723
726,0.913867175579071,0.9381904602050781,0.21562500298023224,4.493776321411133,0.21686716086800734,0.21502013768315276,0.2143560963055333
727,0.9141601324081421,0.9367495179176331,0.21851561963558197,4.470604419708252,0.2197138735248686,0.2178732231251011,0.21695910032134919
728,0.9166796803474426,0.9314864873886108,0.21835938096046448,4.4919867515563965,0.21935593426880362,0.21783213384115402,0.21682589493887877
729,0.915234386920929,0.9343520998954773,0.21937499940395355,4.510916709899902,0.22031915844382785,0.21897186577721867,0.21784883841976427
730,0.9147265553474426,0.9343388080596924,0.2162500023841858,4.488846302032471,0.21630445767100132,0.21598201123086158,0.21431732423549824
731,0.9145312309265137,0.930641233921051,0.21687500178813934,4.494995594024658,0.21772651892347422,0.21642030403443663,0.21522330919238936
732,0.9162890911102295,0.9336736798286438,0.21382813155651093,4.479771614074707,0.21545639573331304,0.2134442985734734,0.2124645032784101
733,0.9159765839576721,0.9301029443740845,0.2182031273841858,4.4837260246276855,0.21942262427498355,0.21764450332961904,0.21652679237471945
734,0.9170507788658142,0.9295863509178162,0.2155468761920929,4.482720851898193,0.21595776286143548,0.21463667678057935,0.21369751308957688
735,0.9141210913658142,0.935764491558075,0.21914061903953552,4.480884552001953,0.22058453812838041,0.21836484189641403,0.21768852174059897
736,0.9136523604393005,0.9398959279060364,0.21507813036441803,4.497483253479004,0.21621178308786404,0.2143845785157473,0.21336675755804305
737,0.9153515696525574,0.9352588057518005,0.21781249344348907,4.5137410163879395,0.21898425247029157,0.2168326672100825,0.2157322365090696
738,0.9147265553474426,0.9336674213409424,0.21765625476837158,4.484930992126465,0.21884690849794736,0.21695197639480113,0.2155647103289793
739,0.9159179925918579,0.9360727667808533,0.22007812559604645,4.464911460876465,0.2215937498040182,0.2193437506309678,0.21871622514336775
740,0.9170703291893005,0.9287664890289307,0.21914061903953552,4.486111164093018,0.2206038071702702,0.21843857017252222,0.21767580858143334
741,0.91796875,0.9267258644104004,0.21882812678813934,4.4978766441345215,0.22023698760863014,0.21798277694402743,0.21695429837503263
742,0.9176562428474426,0.9310603141784668,0.21984374523162842,4.521809101104736,0.2216718167918018,0.21925925788219572,0.21855666493447506
743,0.9175781011581421,0.9291684031486511,0.22499999403953552,4.476070404052734,0.2258266913543944,0.2241746449855626,0.22323642526579923
744,0.9153515696525574,0.934305727481842,0.21812500059604645,4.489755630493164,0.21947809600801227,0.21746619121667138,0.2166870650751595
745,0.9156054854393005,0.9340059757232666,0.21796874701976776,4.480533599853516,0.21829287313945464,0.21738004334227792,0.21618720398183355
746,0.9181054830551147,0.929472029209137,0.21843749284744263,4.476264476776123,0.21964873188133754,0.217618330779253,0.2166086385427799
747,0.9174023270606995,0.9276716709136963,0.21812500059604645,4.486598968505859,0.21886583042375646,0.21765885717464312,0.21669601450072318
748,0.9161523580551147,0.93076491355896,0.21773438155651093,4.516782760620117,0.21798803680482248,0.21705622768907096,0.21583807713561767
749,0.9145703315734863,0.9378982782363892,0.21914061903953552,4.4832987785339355,0.22056882422193017,0.21835088913656914,0.21770564309773466
750,0.9140625,0.9395068287849426,0.21812500059604645,4.493363857269287,0.21852550791152897,0.2173066753287335,0.216277480596683
751,0.9151366949081421,0.9339355230331421,0.2199999988079071,4.478440761566162,0.22156090998507277,0.21944000705603217,0.21883492591893772
752,0.9161718487739563,0.9289469122886658,0.2155468761920929,4.470391273498535,0.21572291768126356,0.2148538014237678,0.21363397520027064
753,0.915234386920929,0.9360877871513367,0.2116406261920929,4.493924140930176,0.21182316144182634,0.210776049918545,0.2094369813370552
754,0.9178320169448853,0.922523558139801,0.2155468761920929,4.469099044799805,0.21666323612210836,0.21483995841308884,0.21366702820145664
755,0.9161523580551147,0.9312444925308228,0.2160937488079071,4.481400966644287,0.2178197753973264,0.2151051432564421,0.2143157917816891
756,0.9164062738418579,0.929140567779541,0.2166406214237213,4.473766326904297,0.21728337027938027,0.2160017156385522,0.21487689569314555
757,0.9155468940734863,0.9293621182441711,0.22093750536441803,4.468245029449463,0.22096870802932517,0.22016843732912292,0.21877408544733978
758,0.9181445240974426,0.9288548827171326,0.2146874964237213,4.4864501953125,0.2166498970743752,0.21423860719534743,0.21362775241328164
759,0.9154101610183716,0.9351485967636108,0.21710938215255737,4.469834804534912,0.21911945775210478,0.21644087514422217,0.21542965882589168
760,0.9164648652076721,0.9302366375923157,0.21773438155651093,4.4595723152160645,0.21861784474578544,0.21719358891602364,0.21603329655598455
761,0.9147655963897705,0.9316047430038452,0.21476562321186066,4.489682197570801,0.21484130485868982,0.2139128999939811,0.21244181637292286
762,0.9174609184265137,0.9309646487236023,0.21492187678813934,4.472942352294922,0.21562379673887078,0.2141876383566041,0.21304932329383075
763,0.9168554544448853,0.9282534718513489,0.21789062023162842,4.478999137878418,0.21808161420731217,0.21705010070090403,0.2156107211648054
764,0.9151562452316284,0.9317540526390076,0.21773438155651093,4.483119964599609,0.21824361461197023,0.21674937179628512,0.21564999748243951
765,0.9162890911102295,0.9252766370773315,0.21796874701976776,4.479363441467285,0.2188192658174701,0.21745409512704145,0.21625352461335462
766,0.9170507788658142,0.9301000833511353,0.22117187082767487,4.472498893737793,0.2219458457182978,0.2205742765851007,0.21940608902732098
767,0.9163281321525574,0.9287989139556885,0.22062499821186066,4.492264747619629,0.22263725465593587,0.21988615350262336,0.21948794079652595
768,0.9146289229393005,0.9380195736885071,0.22328124940395355,4.471447467803955,0.22415381146546065,0.22260342065723693,0.22170541507007321
769,0.9153711199760437,0.9328330159187317,0.22203125059604645,4.481027126312256,0.22276472738623598,0.2213390912996886,0.22045103934526025
770,0.9165820479393005,0.9305935502052307,0.22148437798023224,4.470686435699463,0.22143770945277969,0.22086402309432568,0.21953038428827776
771,0.917773425579071,0.9301220774650574,0.2214062511920929,4.473687648773193,0.2225080135008301,0.220760670672384,0.21982139980694015
772,0.9180273413658142,0.9292110204696655,0.21789062023162842,4.473975658416748,0.2181712148400597,0.21726120072410127,0.21604539436250497
773,0.9174023270606995,0.9254520535469055,0.2189062535762787,4.47529411315918,0.219030441788502,0.21818073609251304,0.2167834708775429
774,0.9167773723602295,0.9292837381362915,0.21937499940395355,4.482205390930176,0.21981488281353323,0.21855127099501234,0.2175711357087458
775,0.9168750047683716,0.929027795791626,0.2194531261920929,4.484365463256836,0.2193943448269005,0.2188708132151487,0.2176956153071863
776,0.9191796779632568,0.9208703637123108,0.22007812559604645,4.505925178527832,0.22117627366070924,0.21944723826310122,0.21868096868567063
777,0.9174414277076721,0.9218937754631042,0.22078125178813934,4.483211517333984,0.22199641378129847,0.2202778392313723,0.21917963039519328
778,0.9167382717132568,0.9287561178207397,0.2221093773841858,4.472082138061523,0.2216584402141023,0.22146299867959557,0.21979257600173802
779,0.9168554544448853,0.9297232627868652,0.2212499976158142,4.46442174911499,0.22194203230956122,0.22051778398270494,0.21916040779333706
780,0.9164648652076721,0.923555850982666,0.21640625596046448,4.4778151512146,0.21836856431015664,0.21584507918295787,0.21536965690739002
781,0.9173242449760437,0.9312185049057007,0.21726562082767487,4.475529193878174,0.21694124165074538,0.2166518126922884,0.21517823376214487
782,0.9170703291893005,0.928124189376831,0.21781249344348907,4.486973762512207,0.21956908652332358,0.2172896602463417,0.2167823782413445
783,0.9167578220367432,0.9277529716491699,0.21914061903953552,4.462110996246338,0.22022151725413586,0.21850314419784178,0.2175904502661793
784,0.9150195121765137,0.9377294778823853,0.2219531238079071,4.475921630859375,0.22279525601108657,0.2215153663185607,0.22042828120463898
785,0.9170507788658142,0.9293490052223206,0.2208593785762787,4.468992233276367,0.2225986090854879,0.22023244250266552,0.2194284665290158
786,0.9169531464576721,0.9267597794532776,0.21953125298023224,4.454418182373047,0.2205752263782301,0.21904029569882733,0.2178515257748245
787,0.9169921875,0.9283525943756104,0.2219531238079071,4.469503402709961,0.22325322132438985,0.22147421820105798,0.2203241314388908
788,0.9169335961341858,0.9306060075759888,0.2173437476158142,4.465216636657715,0.21780258276240716,0.21693626725475965,0.21592647029886103
789,0.918164074420929,0.9271207451820374,0.21851561963558197,4.483415603637695,0.21965605711536168,0.2180015259314415,0.21709338362880595
790,0.9178320169448853,0.9265101552009583,0.2194531261920929,4.483403205871582,0.22096359142888483,0.2189218754556503,0.21816087141338314
791,0.9179297089576721,0.9284636974334717,0.2219531238079071,4.490321636199951,0.22280871627310125,0.2214165201903785,0.22039893476650502
792,0.9169921875,0.931710422039032,0.22328124940395355,4.479734420776367,0.22399842467641884,0.22295611362805667,0.22189427445178042
793,0.917285144329071,0.9251065254211426,0.22164063155651093,4.472318649291992,0.2223949842276942,0.2210420551687528,0.22009723456910957
794,0.9180859327316284,0.9262754321098328,0.21906250715255737,4.461791515350342,0.21923874064971866,0.21845727181426278,0.21738706000749858
795,0.9172070026397705,0.9275201559066772,0.2208593785762787,4.480268955230713,0.2212876965140059,0.22019838112133666,0.219066792014545
796,0.9164257645606995,0.9327008128166199,0.22218750417232513,4.498485088348389,0.22218387951950583,0.22179227592284068,0.22029071609670853
797,0.9184960722923279,0.9246680736541748,0.22078125178813934,4.4872212409973145,0.22142239532427965,0.22005136718883817,0.2187654274373922
798,0.9176952838897705,0.9253125190734863,0.2205468714237213,4.45820426940918,0.22022741564769557,0.21974602645365676,0.21828461140566374
799,0.9179883003234863,0.9273775219917297,0.21992187201976776,4.4790215492248535,0.2212463041806581,0.21937036186702055,0.21836460939343516
800,0.9156445264816284,0.9268611073493958,0.2232031226158142,4.4990668296813965,0.22394497185211218,0.22237736516452666,0.22126283915316572
801,0.914257824420929,0.9379087090492249,0.22492188215255737,4.481470108032227,0.22638923969629032,0.2243829224143034,0.22324918618115724
802,0.9165429472923279,0.9318400621414185,0.2251562476158142,4.476233005523682,0.22491703217881953,0.22440194691401358,0.2225934047478374
803,0.9187109470367432,0.9248377084732056,0.22570312023162842,4.470848560333252,0.2262193371851265,0.22491944962343452,0.22385411689873932
804,0.9183788895606995,0.924141526222229,0.21812500059604645,4.49530553817749,0.21778547311354962,0.21749007192650455,0.21594431433977895
805,0.9180663824081421,0.9200129508972168,0.2240625023841858,4.487932205200195,0.22345495352450417,0.22336109346660954,0.22155883556414324
806,0.9201562404632568,0.919190526008606,0.2271093726158142,4.4713544845581055,0.22743919565302612,0.22638086310187872,0.22509991228267706
807,0.9190624952316284,0.9163243770599365,0.22289063036441803,4.4521284103393555,0.22301417390406103,0.22238811118741492,0.2209500636937583
808,0.9210351705551147,0.9127252697944641,0.21828125417232513,4.471421241760254,0.2185295093107994,0.21773681085446378,0.2164823108599957
809,0.9213281273841858,0.9103314876556396,0.22359375655651093,4.482746601104736,0.2245050365816938,0.2228346429580229,0.22192040312569172
810,0.9165429472923279,0.9205710887908936,0.2214062511920929,4.491261005401611,0.22217875792414515,0.2206511825485913,0.21984259338888104
811,0.9190429449081421,0.916796863079071,0.22187499701976776,4.491316318511963,0.22137440522944082,0.22120579072072408,0.21950978531043763
812,0.9192187786102295,0.9198987483978271,0.21960937976837158,4.473661422729492,0.2194776173378486,0.2187354616272249,0.21725552208622156
813,0.9174414277076721,0.9229068756103516,0.21937499940395355,4.507627487182617,0.21954373654551934,0.21885985585992257,0.217598408207743
814,0.9157617092132568,0.930015504360199,0.22039061784744263,4.497408866882324,0.22036661340589447,0.2197861100439382,0.2180977454348067
815,0.9160742163658142,0.9290234446525574,0.21796874701976776,4.509678840637207,0.21858355815585903,0.21730738022659887,0.2159302477924665
816,0.9161328077316284,0.928549587726593,0.21828125417232513,4.482269763946533,0.21742552606042562,0.2177127555979616,0.2157741659116942
817,0.9175586104393005,0.9243255853652954,0.22148437798023224,4.471154689788818,0.22179042646343367,0.2209400234199597,0.21920647733103646
818,0.9181445240974426,0.9218184947967529,0.21851561963558197,4.488738536834717,0.21763511286195694,0.21795888424035795,0.21601296537061243
819,0.9154687523841858,0.9302495718002319,0.22203125059604645,4.470279693603516,0.22185751875453447,0.22147107306725375,0.2200049075546674
820,0.9170507788658142,0.9272212386131287,0.22078125178813934,4.48854923248291,0.22038736396125186,0.22023356528770094,0.2187078564047425
821,0.9156249761581421,0.9315349459648132,0.22257812321186066,4.483477592468262,0.22198961370451042,0.22174304920354898,0.220230049305372
822,0.9145703315734863,0.9329501390457153,0.22046874463558197,4.48591423034668,0.220458607067469,0.21976208781317927,0.21822689815082186
823,0.9161523580551147,0.9271003603935242,0.22343750298023224,4.478209972381592,0.2233170126872011,0.2228253075759151,0.2211729608072482
824,0.9187890887260437,0.9226846098899841,0.22421875596046448,4.487135887145996,0.22548841445606282,0.22390433292592377,0.22276705354457654
825,0.9191992282867432,0.9214220643043518,0.21765625476837158,4.479756832122803,0.21738875570463742,0.21729140400362468,0.21557524209607298
826,0.9199804663658142,0.9187485575675964,0.22039061784744263,4.485815048217773,0.21991634148120026,0.21968180495986422,0.21817519100302618
827,0.9188671708106995,0.9188193678855896,0.21906250715255737,4.48689079284668,0.21980246000178527,0.218632732004727,0.21740293455862297
828,0.9196484088897705,0.9172410368919373,0.22078125178813934,4.491517543792725,0.22240222694319403,0.2206684516155676,0.21964802218538831
829,0.9198632836341858,0.9154878258705139,0.21648436784744263,4.5098652839660645,0.21720833344065993,0.21630602294258075,0.21515124920907253
830,0.9176952838897705,0.9206359386444092,0.2212499976158142,4.494119167327881,0.22083284871715303,0.2203796231830266,0.21888581945371838
831,0.9204882979393005,0.9183340668678284,0.22343750298023224,4.479550361633301,0.22507939392938459,0.2228112341651376,0.22203854309014345
832,0.9167187213897705,0.9260809421539307,0.21882812678813934,4.485912322998047,0.2193492702280899,0.2180398909057538,0.2167209381848263
833,0.9190624952316284,0.9221065044403076,0.2201562523841858,4.506572246551514,0.22087412915042082,0.21947878021146472,0.21838409314245882
834,0.9168359637260437,0.924612283706665,0.22328124940395355,4.495831489562988,0.22459697335580706,0.22276562172620362,0.22172285165302968
835,0.9162499904632568,0.9276559352874756,0.22296875715255737,4.480355739593506,0.22487700042353725,0.22260139980132632,0.22192842900282345
836,0.9183008074760437,0.9240986108779907,0.2155468761920929,4.5006022453308105,0.21607521449099346,0.21480687052435893,0.213584428327396
837,0.9174023270606995,0.9246323108673096,0.21523436903953552,4.4969162940979,0.21543122094125264,0.2146196916156789,0.2133166774731383
838,0.9175390601158142,0.9261870384216309,0.21937499940395355,4.500349521636963,0.22017931782845826,0.2187275930067607,0.21772805266029638
839,0.9224414229393005,0.9107410311698914,0.22359375655651093,4.478489875793457,0.22392271062512217,0.22296879622319593,0.2217867477435167
840,0.9179491996765137,0.9254493713378906,0.22429686784744263,4.464380264282227,0.22503644289482733,0.22382036935342675,0.22275244009036235
841,0.9182031154632568,0.9246804714202881,0.22570312023162842,4.486203193664551,0.22761216487311525,0.2249285858032856,0.22451720712288925
842,0.9225195050239563,0.9131752848625183,0.22328124940395355,4.467895984649658,0.22349397625701403,0.22258418355488044,0.22149679655750482
843,0.9208593964576721,0.9140486717224121,0.22664062678813934,4.49034309387207,0.2261811651200858,0.225673125452205,0.2241334570951628
844,0.9209765791893005,0.9142628312110901,0.2260156273841858,4.491208076477051,0.22619274233595071,0.22548759611238217,0.22406921985974698
845,0.9224414229393005,0.9073737859725952,0.22492188215255737,4.479266166687012,0.22491350275278782,0.22415604000929132,0.2225292529112313
846,0.9211132526397705,0.9172672033309937,0.2244531214237213,4.472344875335693,0.2245110699977234,0.22358800047570848,0.22233056110184596
847,0.9209570288658142,0.9130726456642151,0.2228125035762787,4.498579025268555,0.22349165815047792,0.22241394830896632,0.22115604562895413
848,0.9222851395606995,0.9129177927970886,0.21828125417232513,4.48851203918457,0.21951815632114813,0.21769119972844733,0.21679427715087368
849,0.9190429449081421,0.9181802272796631,0.21960937976837158,4.508169651031494,0.21990186023327085,0.2191410514227876,0.21749718160496984
850,0.915820300579071,0.9265641570091248,0.2212499976158142,4.505559921264648,0.22177797500715968,0.2204786203216384,0.2192371208740571
851,0.9165624976158142,0.9276990294456482,0.22234374284744263,4.519559383392334,0.22407323769038945,0.22193060855668617,0.220999734092046
852,0.9154687523841858,0.9292247891426086,0.2247656285762787,4.518472671508789,0.22606721431637572,0.22399687090533227,0.22304887804775447
853,0.9177148342132568,0.9237779974937439,0.22414062917232513,4.488977432250977,0.2240888263786674,0.22347620714851046,0.22207769535525818
854,0.917187511920929,0.927804708480835,0.2240625023841858,4.498042106628418,0.2252762070254839,0.22371065177801058,0.2227297883208733
855,0.9187109470367432,0.9200558662414551,0.2201562523841858,4.485485553741455,0.2204333361793956,0.21941503376223856,0.21822158172559225
856,0.9192187786102295,0.9199882745742798,0.2264062464237213,4.473739147186279,0.22765381141285726,0.2259621975982681,0.2247381673787254
857,0.9191796779632568,0.9129693508148193,0.21921874582767487,4.472918510437012,0.22014125947454607,0.21873554717958116,0.2176353173213219
858,0.9211132526397705,0.9148914217948914,0.2182031273841858,4.48402214050293,0.21869879061159378,0.21738930154874392,0.21632040079877224
859,0.92041015625,0.9128350019454956,0.22734375298023224,4.483034610748291,0.2296454088037283,0.22692416798926685,0.2262531367343067
860,0.9217773675918579,0.9119352698326111,0.22265625,4.474501132965088,0.22291204589283709,0.22200734159206537,0.2208076928816773
861,0.9222265481948853,0.9101033210754395,0.22812500596046448,4.471031665802002,0.2297536793506909,0.22757209790995345,0.22646404017997196
862,0.918164074420929,0.9183177351951599,0.2297656238079071,4.448337554931641,0.23116598538632255,0.22916623398868347,0.2284904046267821
863,0.9176952838897705,0.9236493706703186,0.22234374284744263,4.473438262939453,0.22335313285756286,0.22186562059592932,0.2209372966076203
864,0.9202539324760437,0.9162003993988037,0.22812500596046448,4.466538906097412,0.22872825962594423,0.2276958304120405,0.22590125737845615
865,0.9186328053474426,0.921867311000824,0.2240625023841858,4.47732400894165,0.22514858503916899,0.223525557918821,0.2223391825748073
866,0.9204687476158142,0.9118459224700928,0.22171874344348907,4.488288402557373,0.2231537692974682,0.22146847050861734,0.22034282250457612
867,0.9200976490974426,0.917115330696106,0.22523437440395355,4.474224090576172,0.22714006736846518,0.22489838871517542,0.22400102173161993
868,0.918261706829071,0.9210277795791626,0.22648437321186066,4.488222599029541,0.22729483984413545,0.22593760529962473,0.2247323518603001
869,0.9187304973602295,0.9212231636047363,0.2233593761920929,4.471554279327393,0.2240834116646194,0.22291402278303105,0.22143653078291733
870,0.9200390577316284,0.9129985570907593,0.22304686903953552,4.503551483154297,0.22334874823980252,0.22230468448598883,0.22112875717365743
871,0.9179297089576721,0.9263023138046265,0.22562499344348907,4.484173774719238,0.2264506093115248,0.22503657278479217,0.22397141878042442
872,0.9184765815734863,0.9232422709465027,0.2292187511920929,4.484295845031738,0.2304068240205653,0.2287422033555826,0.22779873273062057
873,0.9184374809265137,0.918581485748291,0.22023437917232513,4.479406356811523,0.2223091547634732,0.21997671162105345,0.21911149160289328
874,0.9185742139816284,0.9152023196220398,0.22062499821186066,4.483218669891357,0.22153568396767392,0.22025398954920167,0.2192528901078316
875,0.9181445240974426,0.9215441942214966,0.22218750417232513,4.481264591217041,0.22324029635076129,0.2214581147149267,0.2204595954789722
876,0.9179297089576721,0.922105610370636,0.22367186844348907,4.4763031005859375,0.22373391310258972,0.22277512250918993,0.22142347173728066
877,0.9177929759025574,0.9202333688735962,0.22398437559604645,4.477072238922119,0.2247300253134851,0.2234693514345632,0.22213193543830864
878,0.9170117378234863,0.9255428314208984,0.22429686784744263,4.477585792541504,0.22457079170265745,0.2233194924743344,0.2219637240129764
879,0.9198046922683716,0.9161622524261475,0.22312499582767487,4.466421604156494,0.22376952318437385,0.22243098207854306,0.22119930382251704
880,0.9201953411102295,0.9121701717376709,0.22562499344348907,4.461504936218262,0.22591204032545453,0.22486332984046942,0.2237196914492001
881,0.9227539300918579,0.9098459482192993,0.22492188215255737,4.4560866355896,0.22559800493166768,0.2241789244489661,0.223070403657671
882,0.922167956829071,0.9089823365211487,0.22750000655651093,4.460912227630615,0.2282680534830653,0.22687986585778785,0.2258123130450173
883,0.9178125262260437,0.9213925004005432,0.22148437798023224,4.494423866271973,0.22233993619353193,0.22105711600709804,0.22007244695025596
884,0.9182226657867432,0.9172385931015015,0.22148437798023224,4.4818291664123535,0.22154870373143454,0.2208444842310825,0.2195082277333781
885,0.92041015625,0.912810742855072,0.22382812201976776,4.490407943725586,0.22497418934572022,0.22328396435246828,0.22257859902711497
886,0.9193945527076721,0.9234725832939148,0.22117187082767487,4.488320350646973,0.22211165079342038,0.2207160509989251,0.219693908796479
887,0.9187109470367432,0.9179703593254089,0.2201562523841858,4.49359655380249,0.22032098910728182,0.21937701994470488,0.21811212382537168
888,0.9203906059265137,0.9151840806007385,0.22374999523162842,4.469834804534912,0.2235302277901721,0.22324075175140373,0.22168208264368794
889,0.9214062690734863,0.9100496172904968,0.22468750178813934,4.459402084350586,0.22533177665742465,0.22404565023457484,0.22293804703456768
890,0.919238269329071,0.918857216835022,0.22945313155651093,4.433444976806641,0.2293677356840445,0.22855729144818104,0.2272102762693371
891,0.9193164110183716,0.9148690104484558,0.2272656261920929,4.441852569580078,0.22813029724723943,0.22666405830955016,0.22572014567315693
892,0.9211523532867432,0.9106334447860718,0.22593750059604645,4.464542388916016,0.22700173332030388,0.22557080798745743,0.2244694568332155
893,0.92041015625,0.9103350043296814,0.22570312023162842,4.473757266998291,0.22616648987754712,0.22505244992487697,0.22395110748793928
894,0.9177539348602295,0.9206881523132324,0.2253125011920929,4.47325325012207,0.22554772940055925,0.2247254956735489,0.22333587985783757
895,0.9199804663658142,0.9132902026176453,0.2260156273841858,4.465675354003906,0.22671188882288906,0.22544070019286738,0.22441637581586954
896,0.9189257621765137,0.9176842570304871,0.22960937023162842,4.458865165710449,0.22987575467151805,0.22897764025321274,0.22769838835411843
897,0.9213671684265137,0.9077295660972595,0.23007813096046448,4.45192289352417,0.23095290049558118,0.22934542644937156,0.22806904126153638
898,0.9158788919448853,0.9225327372550964,0.2244531214237213,4.480849742889404,0.22559529724682414,0.22356005272709809,0.22292585013329583
899,0.9192968606948853,0.9178687930107117,0.22507812082767487,4.458632469177246,0.22585700355981336,0.22430190464579697,0.2234077141885259
900,0.9202929735183716,0.915702223777771,0.22734375298023224,4.453042984008789,0.22851269236103003,0.22663407153065174,0.22583933720717908
901,0.9198046922683716,0.9148968458175659,0.22664062678813934,4.461939811706543,0.22761675722524993,0.22576366733750192,0.224773689115369
902,0.9196875095367432,0.9108619689941406,0.23273438215255737,4.450218200683594,0.2341629035147761,0.23213249177202444,0.23121300524976254
903,0.9201562404632568,0.911022961139679,0.22859375178813934,4.449258327484131,0.22955975341341728,0.22799150195358608,0.2269301419026992
904,0.9221484661102295,0.9115428924560547,0.22734375298023224,4.44635534286499,0.22784358550874884,0.22653171390825186,0.22539549736700215
905,0.9183788895606995,0.921495795249939,0.22374999523162842,4.4450531005859375,0.2249629784725599,0.2229161186055443,0.22209128932801503
906,0.9194921851158142,0.9198004007339478,0.23109374940395355,4.444460391998291,0.2309908949494944,0.23053457115885306,0.22907390347450585
907,0.9204882979393005,0.9110240340232849,0.22273437678813934,4.458006381988525,0.2227725922178068,0.22211098457635284,0.2204661171978648
908,0.9181445240974426,0.9194731712341309,0.22593750059604645,4.473700523376465,0.2263946464630042,0.22528212666491032,0.22417904331236088
909,0.9192187786102295,0.9165181517601013,0.22937500476837158,4.43674898147583,0.2307031300626115,0.2288388658855261,0.22789024207154004
910,0.9206836223602295,0.9135453701019287,0.22414062917232513,4.460607051849365,0.22546552405604792,0.2231616747054881,0.22237781623918523
911,0.9206640720367432,0.9140467643737793,0.22765624523162842,4.449945449829102,0.22836478807843563,0.22700680881094154,0.225801500068227
912,0.9199023246765137,0.9138954281806946,0.22312499582767487,4.451646327972412,0.2235513966135364,0.22241859098034658,0.22128668908818944
913,0.919726550579071,0.916246771812439,0.22890624403953552,4.450951099395752,0.22985641199059648,0.22807037009366574,0.22720188420880727
914,0.9218554496765137,0.90815269947052,0.22757811844348907,4.4534125328063965,0.2287874456769231,0.22662371069179219,0.22577709706180435
915,0.9218359589576721,0.9133697748184204,0.22523437440395355,4.459384918212891,0.22539906488733807,0.22446552451052754,0.22329202518050187
916,0.9202539324760437,0.9152168035507202,0.2260156273841858,4.449843883514404,0.226744112760282,0.2253950513774874,0.2241459552488626
917,0.918749988079071,0.9142611622810364,0.22960937023162842,4.451111316680908,0.23058714481341858,0.2290121690184329,0.22798201771771082
918,0.9223242402076721,0.9097915887832642,0.2267187535762787,4.458404064178467,0.22754970333768454,0.22625088935714394,0.22503926390778944
919,0.9201562404632568,0.9115279912948608,0.22437499463558197,4.442166328430176,0.2251925694468243,0.22372143723852114,0.22266223087517922
920,0.9207617044448853,0.912844181060791,0.2247656285762787,4.4370598793029785,0.2263463188541528,0.22410632482226886,0.2233714912663043
921,0.9202734231948853,0.9158455729484558,0.22554688155651093,4.4614338874816895,0.22534205514244068,0.2247505626006711,0.2229597649132236
922,0.92138671875,0.9081562757492065,0.22687500715255737,4.468852996826172,0.22836566318364895,0.2263138275184719,0.22521842880065926
923,0.9193554520606995,0.9144834876060486,0.22546875476837158,4.4879350662231445,0.22576206718563246,0.2247346303562742,0.22302154202639388
924,0.9184179902076721,0.9198422431945801,0.22664062678813934,4.50051736831665,0.22815523686138553,0.2261620784200166,0.22529352298103728
925,0.9180859327316284,0.9173281788825989,0.22507812082767487,4.473573207855225,0.2255640933797172,0.22417448812578344,0.2230970537067976
926,0.919726550579071,0.9170132279396057,0.224609375,4.4812822341918945,0.22550443095247186,0.2240991642321622,0.22299599524318656
927,0.9190429449081421,0.9135410785675049,0.22007812559604645,4.471243381500244,0.22153892239379727,0.219522714258642,0.2188401983119182
928,0.9185546636581421,0.9172984957695007,0.21953125298023224,4.465213775634766,0.22040737635046176,0.21908200969209435,0.2182294831876737
929,0.9184179902076721,0.9181990623474121,0.22289063036441803,4.47766637802124,0.22459595342217223,0.22227564562369612,0.2216348605549679
930,0.9208984375,0.9088916182518005,0.22523437440395355,4.473026275634766,0.2259915986936798,0.22486327962451086,0.2236078878904281
931,0.9191601276397705,0.9174575209617615,0.22171874344348907,4.469869613647461,0.22199819747742422,0.2212624562512275,0.21965734977545734
932,0.919921875,0.915874183177948,0.22679688036441803,4.465846061706543,0.22825473363436852,0.22628565067792053,0.22571090233122482
933,0.9222265481948853,0.9065235257148743,0.2331250011920929,4.459423065185547,0.23529371100501903,0.23251563245514492,0.23202095102013276
934,0.9184960722923279,0.9168484210968018,0.22499999403953552,4.475955963134766,0.22655761806260005,0.22439157470663995,0.22358416546082338
935,0.9202734231948853,0.9175530076026917,0.22679688036441803,4.4626569747924805,0.2277603186181922,0.2259883848892824,0.22519277002209703
936,0.9212304949760437,0.9072403907775879,0.22507812082767487,4.464308261871338,0.2253557799004736,0.2244238754930969,0.22311218986899242
937,0.9209570288658142,0.9109926819801331,0.21937499940395355,4.498859405517578,0.2198999465135718,0.21869566603492196,0.21736979950889762
938,0.9208984375,0.9137375354766846,0.22734375298023224,4.464146614074707,0.22870141850265938,0.22709188690422347,0.22588372214349625
939,0.9202734231948853,0.9100112915039062,0.22437499463558197,4.457852840423584,0.2260306275458713,0.2238840950566387,0.22292210985281452
940,0.9186328053474426,0.9163270592689514,0.22062499821186066,4.504328727722168,0.22169019278590385,0.2201278605264134,0.21935361305912
941,0.9197461009025574,0.9129092693328857,0.22101563215255737,4.4649338722229,0.22137415189945986,0.2202786455466797,0.21908531769788664
942,0.9197070598602295,0.9142186045646667,0.2214062511920929,4.478536605834961,0.22191710371785092,0.22091340440475937,0.21964276979482217
943,0.9223437309265137,0.9078976511955261,0.22398437559604645,4.479220390319824,0.22511014569480445,0.22363551349519656,0.2226565037421281
944,0.9210742115974426,0.9090694189071655,0.22296875715255737,4.451935768127441,0.2241161819664133,0.2224733928370305,0.22134498531474894
945,0.9213476777076721,0.9075935482978821,0.22828124463558197,4.449366092681885,0.2300046358799333,0.22806527138749852,0.22728011014674906
946,0.9219921827316284,0.9045963883399963,0.22929687798023224,4.44197940826416,0.23042773040417697,0.22860382554637051,0.22763181585171477
947,0.9174218773841858,0.9161309003829956,0.22734375298023224,4.467734336853027,0.2286803922519916,0.22701425488517732,0.22623835274807663
948,0.9192187786102295,0.9132459759712219,0.22632811963558197,4.450058937072754,0.22796006632494836,0.2254593030051995,0.22473091487893682
949,0.9217187762260437,0.9108515381813049,0.22789062559604645,4.455789089202881,0.2285246526010967,0.22689490366874882,0.22580133761870644
950,0.9211719036102295,0.910508930683136,0.22765624523162842,4.457818508148193,0.22863602636471653,0.2268672486660505,0.22588553306038522
951,0.9219921827316284,0.9054551720619202,0.22820311784744263,4.4805684089660645,0.2297654760050099,0.22761794475380898,0.22678845918192486
952,0.9198632836341858,0.9133360385894775,0.2306250035762787,4.4453630447387695,0.2316710191424886,0.22993212680776767,0.22895123532365746
953,0.9212890863418579,0.9087148308753967,0.22812500596046448,4.45103120803833,0.22846526085859803,0.22753713119170055,0.22644263854767344
954,0.9194140434265137,0.9122704863548279,0.22679688036441803,4.483356952667236,0.2286503523202849,0.22612922520138218,0.2255715314350558
955,0.9182031154632568,0.9168916940689087,0.22875000536441803,4.501794338226318,0.2294203985446152,0.22805926746635313,0.2271927389648703
956,0.9207226634025574,0.9074445366859436,0.23140625655651093,4.471595287322998,0.23297245983800388,0.2305863741233531,0.23002130624692857
957,0.9202929735183716,0.9136279225349426,0.23000000417232513,4.483194351196289,0.23111867335528508,0.2293315617086577,0.22840789650417614
958,0.9197461009025574,0.9152750968933105,0.2233593761920929,4.5033135414123535,0.22402894107538734,0.22265736687987506,0.2215423706573133
959,0.9207226634025574,0.90959632396698,0.22804687917232513,4.487549304962158,0.22840009858102728,0.22719327296405956,0.2259576717545018
960,0.920117199420929,0.9115625619888306,0.2264062464237213,4.485800266265869,0.22696414357390737,0.2257303344732334,0.22457611451798398
961,0.9217773675918579,0.9065698385238647,0.22929687798023224,4.471651554107666,0.23047993100474462,0.22863133717701417,0.2276928346594993
962,0.9190039038658142,0.915810227394104,0.22429686784744263,4.4928059577941895,0.22454309798599842,0.2232950827092164,0.22203188694089981
963,0.922558605670929,0.9059032201766968,0.2244531214237213,4.492354869842529,0.22542186876961462,0.22392997413200086,0.2230693596504228
964,0.925000011920929,0.903898298740387,0.22624999284744263,4.507842540740967,0.227480428993521,0.22552078198902178,0.22452690133248737
965,0.9193359613418579,0.9160752892494202,0.22593750059604645,4.482473373413086,0.2284062628673471,0.22521007295871598,0.22490261230823028
966,0.9209960699081421,0.9065701961517334,0.2251562476158142,4.478569984436035,0.2273982536709399,0.2244553648646399,0.2242237624705002
967,0.9213476777076721,0.9105817675590515,0.22492188215255737,4.473859786987305,0.22711590676126037,0.2242914955542159,0.22371886212325248
968,0.9221484661102295,0.9046434760093689,0.22093750536441803,4.482751846313477,0.2215749620570242,0.22007911067511304,0.21873253350150654
969,0.9219921827316284,0.905371904373169,0.22609375417232513,4.473487854003906,0.22709554924619424,0.2252641380704441,0.22469682235906566
970,0.9216015338897705,0.9081693291664124,0.2239062488079071,4.475823879241943,0.22548618456416486,0.2233466543403942,0.22248277500353614
971,0.9219921827316284,0.9048982262611389,0.22554688155651093,4.486032485961914,0.2273628260273215,0.2250620340513454,0.22429810740612927
972,0.9198046922683716,0.9140680432319641,0.22374999523162842,4.479815483093262,0.2250110654741455,0.22298487189284408,0.22220674193032885
973,0.9209765791893005,0.9085228443145752,0.2239062488079071,4.466419219970703,0.22512159346886917,0.2231401148731046,0.22232439598566953
974,0.9188867211341858,0.9155972003936768,0.2258593738079071,4.473818778991699,0.22691463432511377,0.2254668629080992,0.2244221891925132
975,0.9227148294448853,0.9006065130233765,0.2260156273841858,4.476877212524414,0.22748140161677438,0.22564499610296185,0.22447071500132149
976,0.9214257597923279,0.9092627167701721,0.22437499463558197,4.480201244354248,0.22460376893324538,0.22393929307423316,0.22255427018595614
977,0.9208202958106995,0.9096111059188843,0.2247656285762787,4.502642631530762,0.22546151278393506,0.224220988436734,0.22319738920588256
978,0.9233984351158142,0.9016808867454529,0.22734375298023224,4.485778331756592,0.22872096068067319,0.22654043081893943,0.22560369395012345
979,0.9217773675918579,0.9042502641677856,0.22914062440395355,4.485363006591797,0.23126845519839068,0.22840010558722273,0.22774436479479782
980,0.9219140410423279,0.9033228158950806,0.22820311784744263,4.488004684448242,0.22847988313977038,0.2275173281962849,0.22633102391072477
981,0.9208788871765137,0.9122745394706726,0.22898437082767487,4.4776997566223145,0.2311406563572863,0.22859832426124982,0.22783701029855385
982,0.9210156202316284,0.9054744839668274,0.22289063036441803,4.487651824951172,0.22551860853744315,0.2223330470872614,0.22220702915532758
983,0.922558605670929,0.9042278528213501,0.2253125011920929,4.501031875610352,0.2267511047309929,0.22467181565469707,0.22397755983832834
984,0.9232422113418579,0.9008310437202454,0.22734375298023224,4.465303421020508,0.22971327065529853,0.2266838571203174,0.22633733139438106
985,0.923046886920929,0.9039044380187988,0.22929687798023224,4.446872234344482,0.23105369157896408,0.22844940031737127,0.2278696553385673
986,0.9206445217132568,0.9073731303215027,0.22367186844348907,4.46516227722168,0.22488289844854747,0.22329996147010506,0.22245626671744445
987,0.9223828315734863,0.9059334397315979,0.22507812082767487,4.4643874168396,0.2267564042339092,0.22457734935003862,0.22371847457444194
988,0.9209179878234863,0.9077548384666443,0.2297656238079071,4.460400581359863,0.23038303215283545,0.22914230904441527,0.22793528548431471
989,0.9208398461341858,0.911236047744751,0.22437499463558197,4.488006114959717,0.2251291507976963,0.22353318509643527,0.22226281967946007
990,0.9210742115974426,0.9093826413154602,0.22484375536441803,4.488036155700684,0.22692921712577777,0.2241543827731683,0.22389611460916448
991,0.922070324420929,0.9085385203361511,0.22679688036441803,4.465299129486084,0.22749129511631844,0.2259943013579124,0.2250715382110128
992,0.9203515648841858,0.9092390537261963,0.2279687523841858,4.479919910430908,0.22862123548531665,0.2274178002312749,0.22644883060214083
993,0.9212499856948853,0.9066949486732483,0.23093749582767487,4.473906517028809,0.23185970262338493,0.2300169032074447,0.2290449196792065
994,0.9205663800239563,0.9046014547348022,0.22804687917232513,4.502315521240234,0.22978651917144466,0.22745262397522947,0.2266053065556366
995,0.92041015625,0.9077262878417969,0.22484375536441803,4.484096527099609,0.22603066614430906,0.22410011451968276,0.22334489511866926
996,0.9195117354393005,0.911937415599823,0.22718749940395355,4.498673915863037,0.22787209590190943,0.22639026275741622,0.22531431864243
997,0.9217968583106995,0.9066668748855591,0.23046875,4.476163387298584,0.23237146123339836,0.2300684031670969,0.22924379899096342
998,0.9224414229393005,0.9057088494300842,0.2271093726158142,4.500860691070557,0.22765238336729493,0.22657331863801777,0.22547417226245745
999,0.9210742115974426,0.9088991284370422,0.22820311784744263,4.486438751220703,0.2295927092445021,0.22759340935961841,0.22698424488205643
