epoch,accuracy,loss,val_accuracy,val_loss,val_precision,val_recall,val_f1
0,0.003769531147554517,11.134167671203613,0.00390625,10.585806846618652,0.0038975436722669225,0.0038816024417990345,0.0034029731400293866
1,0.006152343936264515,10.720916748046875,0.005781250074505806,10.325604438781738,0.006032612085007062,0.005737924816914854,0.0055581644188740014
2,0.008808594197034836,10.377983093261719,0.0063281250186264515,10.104573249816895,0.006209096031802667,0.00625219077311049,0.005965442467170451
3,0.010292968712747097,10.078447341918945,0.0074218749068677425,9.88888168334961,0.007237832968854649,0.0073117513188574014,0.0068838578926687785
4,0.014394531026482582,9.783520698547363,0.00937500037252903,9.682088851928711,0.010007707438205917,0.009232497614371626,0.008971323964642852
5,0.017832031473517418,9.498458862304688,0.009999999776482582,9.475913047790527,0.00970061762493346,0.009877562058453571,0.009416517486204926
6,0.023652343079447746,9.212252616882324,0.012421875260770321,9.268953323364258,0.012148054330534157,0.012234171166552139,0.011640991415062717
7,0.029960937798023224,8.9452543258667,0.016953125596046448,9.0552339553833,0.01701334909246402,0.016656916754213796,0.015783801945454153
8,0.04082031175494194,8.652835845947266,0.02250000089406967,8.830126762390137,0.021774817677997348,0.022072975934055862,0.02088689939959154
9,0.05281250178813934,8.357950210571289,0.029843749478459358,8.584957122802734,0.02859959533396664,0.029323036707947517,0.027319497045020055
10,0.06966796517372131,8.039523124694824,0.03960937634110451,8.305846214294434,0.037556088809774,0.038814551751790966,0.03591313311813127
11,0.0906054675579071,7.710250377655029,0.05375000089406967,7.989922046661377,0.05317037574655074,0.05268473195862118,0.049006829939572186
12,0.12126953154802322,7.33901309967041,0.07218749821186066,7.640527248382568,0.0707175703015204,0.07080385757895373,0.065383492867613
13,0.15167969465255737,6.9632792472839355,0.09734375029802322,7.2730207443237305,0.09699511960537183,0.095287402517538,0.08839675456704257
14,0.19386719167232513,6.580896377563477,0.12546874582767487,6.900636672973633,0.12744265936366467,0.123118091972642,0.11664706862035734
15,0.2333398461341858,6.211784839630127,0.15984374284744263,6.5388712882995605,0.16279578757966054,0.15701748128699844,0.14975133865175677
16,0.2766796946525574,5.850278377532959,0.19750000536441803,6.184716701507568,0.1980527990123952,0.19440545591413944,0.18683890407847872
17,0.3255273401737213,5.506714344024658,0.23992186784744263,5.841026782989502,0.24076053008922554,0.23649584825753114,0.2289432749222869
18,0.37251952290534973,5.181830883026123,0.28632813692092896,5.514122486114502,0.2898623369294221,0.28258507061157523,0.27578599140720894
19,0.4187304675579071,4.868104457855225,0.3352343738079071,5.205770969390869,0.3372477057887511,0.3313209883642577,0.3247360872272861
20,0.46839845180511475,4.572485446929932,0.37914061546325684,4.922442436218262,0.38243756905405557,0.3753440237673262,0.3700412837787354
21,0.5039258003234863,4.31732702255249,0.42484375834465027,4.651981353759766,0.4290255888448343,0.4212850167566514,0.4172118881117276
22,0.5438281297683716,4.071249961853027,0.45820313692092896,4.406024932861328,0.46131126864973154,0.4544485344788873,0.45042147417912826
23,0.5791797041893005,3.850614547729492,0.49437499046325684,4.178502082824707,0.4975902781303141,0.4907307318991948,0.4875463511103314
24,0.6096093654632568,3.642590284347534,0.5251562595367432,3.9732248783111572,0.5290756983150608,0.5218960441266006,0.5199384780260327
25,0.6438867449760437,3.4474804401397705,0.5510156154632568,3.786092519760132,0.5550782065630704,0.547972992577857,0.5463947422673316
26,0.6631445288658142,3.2827892303466797,0.578906238079071,3.6121387481689453,0.5833487608684702,0.5757493049535602,0.5741247093232247
27,0.689453125,3.1220757961273193,0.6013281345367432,3.4521450996398926,0.6062063756249642,0.5987656266863168,0.5980907987524049
28,0.7074218988418579,2.9750735759735107,0.6176562309265137,3.304555892944336,0.6222483591562213,0.6150360751607997,0.6141468749261827
29,0.7275390625,2.8388760089874268,0.6329687237739563,3.1742196083068848,0.6381130958133143,0.6307752714804858,0.6305395150191255
30,0.7471874952316284,2.706228733062744,0.6478906273841858,3.0438284873962402,0.6527378247244976,0.6457338877701828,0.645206260083853
31,0.7625781297683716,2.59259033203125,0.6624218821525574,2.9271581172943115,0.6671995020172076,0.6600083278344264,0.6597026858349726
32,0.7825390696525574,2.4772913455963135,0.6694531440734863,2.8205859661102295,0.673842815969615,0.6673590952987194,0.667197064254398
33,0.7918945550918579,2.379681348800659,0.684374988079071,2.7171859741210938,0.68843836979302,0.6827925622585997,0.6825417779634553
34,0.7998242378234863,2.2907519340515137,0.6904687285423279,2.623140335083008,0.6939248220704856,0.688981664427111,0.6885833384295821
35,0.8152148723602295,2.192059278488159,0.7025781273841858,2.5285143852233887,0.7071374871540448,0.7005909246175095,0.7005084209642922
36,0.8226562738418579,2.1074249744415283,0.7115625143051147,2.4457216262817383,0.7145605010587172,0.7100498024205966,0.7098017523787884
37,0.8312890529632568,2.0349035263061523,0.721875011920929,2.3661932945251465,0.7252954154832032,0.7205671096002352,0.7204770525932072
38,0.8400976657867432,1.9528999328613281,0.7300781011581421,2.28902006149292,0.7334999327344658,0.7285386283651225,0.7283078906899105
39,0.84716796875,1.883867621421814,0.7356250286102295,2.2204818725585938,0.7392296819149846,0.7341585693502624,0.7342680502419772
40,0.8563867211341858,1.814858078956604,0.737500011920929,2.151843786239624,0.7411917035558917,0.7362079575503003,0.7362265721821708
41,0.8582617044448853,1.7600914239883423,0.7415624856948853,2.0896527767181396,0.7449487311824656,0.7401435013621003,0.7399464444027313
42,0.8633202910423279,1.6999452114105225,0.7532031536102295,2.025797128677368,0.7568671712194555,0.7517982187675705,0.7516796077006649
43,0.873828113079071,1.63469660282135,0.7559375166893005,1.9628154039382935,0.7596369735018003,0.7548901065568638,0.7546384373928208
44,0.8763476610183716,1.5846457481384277,0.7539843916893005,1.9231133460998535,0.758778832563806,0.7525273118906637,0.7528317633264678
45,0.8834570050239563,1.532784104347229,0.7635937333106995,1.866133689880371,0.7678947720633642,0.762335499961134,0.7623236407866306
46,0.88525390625,1.4886451959609985,0.7614062428474426,1.8212647438049316,0.7654982944745232,0.7601158015031096,0.7601628131307401
47,0.888476550579071,1.4441654682159424,0.7665625214576721,1.7750569581985474,0.7703196112671801,0.764951090402479,0.7650232737844447
48,0.8934570550918579,1.4000052213668823,0.776562511920929,1.7212823629379272,0.7802741709041032,0.7754509397978897,0.7755994083731419
49,0.8955664038658142,1.358595609664917,0.7756249904632568,1.6794922351837158,0.7790521300565112,0.7746218358892526,0.7748872011712398
50,0.8980468511581421,1.320222020149231,0.7771875262260437,1.6522037982940674,0.7802661615988825,0.7758901235551033,0.7758651210373877
51,0.8984765410423279,1.2870723009109497,0.7828906178474426,1.6031405925750732,0.786433605086253,0.7815995311955009,0.7817658850154005
52,0.9042773246765137,1.2459874153137207,0.7889062762260437,1.564351201057434,0.7933475280630278,0.7878483113267856,0.7882370359631101
53,0.9091210961341858,1.2102444171905518,0.7882031202316284,1.533168911933899,0.7915766972672852,0.7871538147230437,0.7871640812728319
54,0.908496081829071,1.183533787727356,0.7932031154632568,1.5018560886383057,0.796605315514379,0.7920892601752951,0.7922632157825507
55,0.9126562476158142,1.151312232017517,0.7950780987739563,1.4675774574279785,0.7988013499665858,0.7939996300793326,0.7940076559600573
56,0.9111328125,1.1277949810028076,0.7978125214576721,1.4382399320602417,0.8009522503095956,0.7965851404188834,0.7968258894149616
57,0.9141015410423279,1.0980700254440308,0.8005468845367432,1.4063950777053833,0.8032996045175618,0.7995893662054083,0.7995334571442436
58,0.914355456829071,1.0745971202850342,0.7971093654632568,1.3862395286560059,0.7996831078082277,0.7959975664825325,0.796263972301386
59,0.9169335961341858,1.049838662147522,0.8035937547683716,1.3556724786758423,0.8062117796746149,0.8025431399722286,0.8023852091809309
60,0.9179883003234863,1.028192400932312,0.7979687452316284,1.3358668088912964,0.8011175080892906,0.7972183869975801,0.797292078125588
61,0.9193750023841858,1.0039753913879395,0.8051562309265137,1.318599820137024,0.8081989165038053,0.8038997484918585,0.8040700294060918
62,0.9193164110183716,0.984844446182251,0.8034374713897705,1.294248342514038,0.8065679961436281,0.802236901947081,0.8022421244322752
63,0.921679675579071,0.9662235379219055,0.8149999976158142,1.2628700733184814,0.8174848946972524,0.81395673380017,0.8140699924891266
64,0.9233593940734863,0.947386622428894,0.8095312714576721,1.2468934059143066,0.8120865370352671,0.8084525570065177,0.8083479315479374
65,0.9225000143051147,0.9311999678611755,0.8132030963897705,1.2236586809158325,0.8157070705615486,0.811979794187517,0.8120670141930907
66,0.9232812523841858,0.9129948616027832,0.8155468702316284,1.2073962688446045,0.8185672508252716,0.814739346825013,0.8147306916716834
67,0.9222851395606995,0.9019212126731873,0.81640625,1.1855162382125854,0.8193621149913118,0.8152625498091893,0.8154722767073234
68,0.9238476753234863,0.8891057372093201,0.8207812309265137,1.1574523448944092,0.8237167357702182,0.8199926692490547,0.820065102839669
69,0.9287109375,0.8641325235366821,0.8245312571525574,1.1508749723434448,0.8277001925694746,0.8235506780832886,0.8237574932063343
70,0.9269726276397705,0.8520498871803284,0.821484386920929,1.1320867538452148,0.82439639021837,0.8203896682740991,0.8207473776493717
71,0.928515613079071,0.8369761109352112,0.8205468654632568,1.1260532140731812,0.8238295295530378,0.8194929621937519,0.8197328787496017
72,0.929492175579071,0.8249098062515259,0.8225781321525574,1.1144130229949951,0.8257143644547194,0.8216088283217897,0.8217910592621424
73,0.9301367402076721,0.8103907704353333,0.8199218511581421,1.1011929512023926,0.8234291386586627,0.8188958675903754,0.819033484002824
74,0.931640625,0.8001927733421326,0.8264062404632568,1.0818896293640137,0.8289803307314858,0.8254397167226051,0.8256135808571887
75,0.9292773604393005,0.7884426712989807,0.8221094012260437,1.0757756233215332,0.82465531494728,0.8209295862616016,0.8211867806084441
76,0.9299218654632568,0.7817462086677551,0.826953113079071,1.0600391626358032,0.8301853667483894,0.8261775875291464,0.826376075833287
77,0.9295703172683716,0.774065375328064,0.8303124904632568,1.051842451095581,0.8335827151226963,0.8295585528823933,0.8298000560895615
78,0.931933581829071,0.7595001459121704,0.8267187476158142,1.0369153022766113,0.8299102797468623,0.825743313479204,0.8258572371471066
79,0.9334375262260437,0.7484375238418579,0.8257031440734863,1.034369707107544,0.8285179247959592,0.8248462185090506,0.8247611875715963
80,0.9353906512260437,0.7377341389656067,0.8243749737739563,1.0372010469436646,0.8269908232384644,0.8234123403210268,0.8233423570414815
81,0.9339258074760437,0.7299433350563049,0.8326562643051147,1.0134934186935425,0.8356412736360552,0.8317582121725156,0.8318646051529366
82,0.928027331829071,0.7329506874084473,0.8362500071525574,0.9975869059562683,0.8387768102430894,0.8353635659393048,0.8354960589900114
83,0.9317382574081421,0.7238600850105286,0.8342187404632568,0.9962208271026611,0.836513710958724,0.833413956535231,0.8334508129093126
84,0.9351367354393005,0.709149956703186,0.8379687666893005,0.9807928204536438,0.8403691650200883,0.8369910326130585,0.8371493747016696
85,0.9332226514816284,0.7053202986717224,0.8344531059265137,0.9797606468200684,0.8373510133480557,0.8335288859964911,0.8337436448336744
86,0.9350000023841858,0.694111704826355,0.8396093845367432,0.9659550189971924,0.842329799516737,0.8387324597223433,0.8388214349343803
87,0.9352929592132568,0.6883406639099121,0.83984375,0.9525877237319946,0.8426229822408076,0.8388827276458918,0.8388572164500756
88,0.9367969036102295,0.6774616837501526,0.8382812738418579,0.9527369737625122,0.8407386901075768,0.8373320097859955,0.8374593756055759
89,0.935839831829071,0.6749700903892517,0.8424999713897705,0.9341616034507751,0.8460184638171022,0.8418639600797826,0.8422537913849795
90,0.9351757764816284,0.671670138835907,0.8410937786102295,0.9317554235458374,0.8437627477454039,0.8399291803757811,0.8401816521384092
91,0.9381250143051147,0.6610261797904968,0.842578113079071,0.9239434599876404,0.8456369037182806,0.8420334865367938,0.8420706829227962
92,0.9348242282867432,0.6634847521781921,0.8414062261581421,0.9203629493713379,0.8443377375826736,0.8408572216463404,0.8408797318597542
93,0.9368749856948853,0.6544663906097412,0.8463281393051147,0.9041934013366699,0.8487957389139695,0.8454178898547706,0.8456692630690339
94,0.9391992092132568,0.6444405317306519,0.8435156345367432,0.9124782085418701,0.8460776243068211,0.8424924774254119,0.8427243219961178
95,0.9364062547683716,0.6456239223480225,0.8447656035423279,0.9035674333572388,0.8478644899091641,0.8438487925618533,0.8441379613412319
96,0.9375195503234863,0.6404829621315002,0.8491406440734863,0.8925375938415527,0.8517247750979605,0.8484445935988214,0.8484508839316386
97,0.9359570145606995,0.6392856240272522,0.8440625071525574,0.8957794308662415,0.8465597186259309,0.8432568452583339,0.8432892264477048
98,0.9365624785423279,0.6318000555038452,0.846875011920929,0.8907848596572876,0.8504552021689598,0.8459986156121813,0.8462626317957324
99,0.9369335770606995,0.6328542828559875,0.84375,0.8837122917175293,0.846784269644932,0.8431077900332294,0.843206602593282
100,0.937207043170929,0.6266868710517883,0.846484363079071,0.8826330304145813,0.8488350068595696,0.8457850882337645,0.8458303311527058
101,0.9386132955551147,0.6215865015983582,0.8493750095367432,0.8705152273178101,0.8518839540363253,0.8486196908275998,0.8487445680708867
102,0.9400195479393005,0.6125596165657043,0.8478124737739563,0.8617771863937378,0.8506283656110267,0.8470877613550722,0.8474088244976308
103,0.9422070384025574,0.605461061000824,0.8512499928474426,0.8560128808021545,0.8540680288051233,0.8502894066646756,0.8505117758475074
104,0.9418554902076721,0.6027912497520447,0.8540624976158142,0.8423048257827759,0.8566316509411023,0.8533679506956799,0.8535389450830896
105,0.9397656321525574,0.6028238534927368,0.854687511920929,0.8475633263587952,0.8574479705647106,0.8539544665731311,0.8541956413606745
106,0.9388476610183716,0.6027517914772034,0.8519531488418579,0.851657509803772,0.8546904428344504,0.8512840291339014,0.851285010553841
107,0.9415820240974426,0.5953128933906555,0.8557031154632568,0.8407157063484192,0.8583670171382604,0.8552297429612401,0.8552712614877427
108,0.9395703077316284,0.5985800623893738,0.8520312309265137,0.8502992391586304,0.855024063405524,0.8511978198319513,0.8515117770221837
109,0.9407617449760437,0.5925472974777222,0.8540624976158142,0.8379115462303162,0.8564606319405466,0.8530634562742574,0.8533180644963622
110,0.9414452910423279,0.5888380408287048,0.8550781011581421,0.8379688262939453,0.8577977243589012,0.8541673874700406,0.854389903785409
111,0.9400781393051147,0.5890483856201172,0.852343738079071,0.8445887565612793,0.8548675421368932,0.8517242732743844,0.8518905983732514
112,0.941113293170929,0.584023654460907,0.8543750047683716,0.8344622254371643,0.8567395034033501,0.8535824586963188,0.853717195267521
113,0.9399609565734863,0.5841180682182312,0.8553125262260437,0.8324374556541443,0.8581375400072773,0.8543610634947185,0.8545848427996071
114,0.9404101371765137,0.5823553204536438,0.8549218773841858,0.8237879872322083,0.8574385784034374,0.8541168380883,0.8542602970371617
115,0.940722644329071,0.5796955823898315,0.8579687476158142,0.8132139444351196,0.8608459017259726,0.8570492988927805,0.8571737741873369
116,0.9391992092132568,0.5798695087432861,0.8528906106948853,0.8233705163002014,0.856503682374121,0.8521166027216138,0.8523971442719716
117,0.9418359398841858,0.5738237500190735,0.8528125286102295,0.8280321359634399,0.8554046779865958,0.8519054348081004,0.8521350460401516
118,0.9407421946525574,0.5746923685073853,0.8564843535423279,0.8148708939552307,0.859086880142184,0.8558466525763133,0.8560025431929952
119,0.9435155987739563,0.5671520829200745,0.8619531393051147,0.8025771379470825,0.8644656019113227,0.8613139807576216,0.8615036307166672
120,0.944628894329071,0.5628904700279236,0.8629687428474426,0.8008604645729065,0.8651878803797051,0.8619466506703797,0.8622810464128843
121,0.9402148723602295,0.5677167773246765,0.8564843535423279,0.8061896562576294,0.8595551210381225,0.8557113608617792,0.8559550641027854
122,0.9426953196525574,0.5621936917304993,0.8628125190734863,0.801139771938324,0.8651011716034855,0.862133411251859,0.8622596630196899
123,0.9430859088897705,0.5589437484741211,0.8582812547683716,0.803378701210022,0.8611066742223517,0.8577124906608353,0.857838209604431
124,0.9415624737739563,0.5583460330963135,0.8675781488418579,0.7796699404716492,0.8703051991319225,0.8668103767998058,0.8669865509870947
125,0.9427539110183716,0.55681973695755,0.8641406297683716,0.7864230275154114,0.866860853400993,0.8631733197722841,0.8635809510646189
126,0.9410937428474426,0.5561867356300354,0.8598437309265137,0.8017179369926453,0.8631662197303747,0.8588072267527764,0.8592097118086776
127,0.9416406154632568,0.5578545928001404,0.865234375,0.7832120656967163,0.8680316617199144,0.8644857461716302,0.8647230670213109
128,0.9445507526397705,0.5519130229949951,0.868359386920929,0.7793686389923096,0.8714410649300621,0.867508053904097,0.8678722420611455
129,0.9461523294448853,0.5467073321342468,0.8672656416893005,0.7749639749526978,0.8696757901668914,0.8665033248739897,0.8666583089222395
130,0.9445703029632568,0.5461540818214417,0.8635156154632568,0.7835127115249634,0.8662367525231955,0.862761396057869,0.8629535247818367
131,0.9407812356948853,0.5531788468360901,0.8635937571525574,0.7839579582214355,0.8663146387052949,0.8629902183494655,0.8632816334430442
132,0.9434179663658142,0.5467708110809326,0.8614843487739563,0.7849511504173279,0.8638424575352743,0.8607812308373859,0.8609547532861983
133,0.9431250095367432,0.5473902821540833,0.8685937523841858,0.7628328204154968,0.8707913043547263,0.8681438387698818,0.8681096642243042
134,0.9455468654632568,0.5385099649429321,0.8676562309265137,0.7642272710800171,0.8705250128797795,0.8669712200095236,0.8672654230617671
135,0.9453515410423279,0.5369176268577576,0.8706250190734863,0.7628438472747803,0.8731877238228268,0.8699478666899665,0.8700990496497
136,0.9452343583106995,0.5396106839179993,0.8700781464576721,0.765349268913269,0.8724678941642429,0.8694753158499495,0.8697399096726516
137,0.9457031488418579,0.5372341275215149,0.8692968487739563,0.7607707381248474,0.8715564802681586,0.868705924559396,0.8688350871052632
138,0.9441015720367432,0.5395007133483887,0.8662499785423279,0.7705877423286438,0.8691520149612105,0.8657574083325621,0.8657242578072702
139,0.9451953172683716,0.5347092151641846,0.8723437786102295,0.7501392364501953,0.8751966847485374,0.8716059461016201,0.8718964552330307
140,0.9468945264816284,0.5301476120948792,0.8713281154632568,0.7548030018806458,0.8738064976051918,0.8703815829533361,0.8707074468098306
141,0.9464452862739563,0.530361533164978,0.8737499713897705,0.7446197271347046,0.8759340779968466,0.8729836553541706,0.8731946410888628
142,0.9427734613418579,0.5344017148017883,0.8717187643051147,0.7512891888618469,0.8744010855593363,0.8710807920091725,0.8712577001226288
143,0.9463866949081421,0.5300658941268921,0.8715624809265137,0.7538225650787354,0.8744516351910221,0.8708892815322673,0.8710018849528023
144,0.9470508098602295,0.5278488397598267,0.8720312714576721,0.7419289946556091,0.8744936785633177,0.8707831639031753,0.8711890913922162
145,0.9459765553474426,0.5297778844833374,0.8768749833106995,0.7390283346176147,0.8793428271764369,0.8760652776002614,0.8762554505128917
146,0.9471679925918579,0.5238767862319946,0.8663281202316284,0.7592073678970337,0.8682972059232414,0.8656023977105269,0.8656920431266952
147,0.9440038800239563,0.5300997495651245,0.8747656345367432,0.7413777709007263,0.8772198261173509,0.8739183269605775,0.8741629092348318
148,0.9465429782867432,0.5254430174827576,0.8744531273841858,0.7495707869529724,0.8768737447866259,0.8736066939367965,0.8738763903398591
149,0.9449414014816284,0.5262072682380676,0.8714843988418579,0.7467814683914185,0.873741918821475,0.8708190923342207,0.8710005235215572
150,0.9463866949081421,0.5262342691421509,0.8752343654632568,0.7331960797309875,0.877904176711414,0.874665265910803,0.8748098552107542
151,0.9436132907867432,0.5310380458831787,0.8753906488418579,0.7396492958068848,0.8780393389992016,0.8745327034685009,0.8747843433880987
152,0.9463281035423279,0.5227754712104797,0.8754687309265137,0.7338048815727234,0.8781303409599904,0.8747950624034104,0.8749816052793296
153,0.94580078125,0.524448037147522,0.877734363079071,0.7313510179519653,0.8797963052583779,0.8770611307018963,0.8771960887018735
154,0.9468749761581421,0.5190119743347168,0.8821874856948853,0.7145391702651978,0.8848970863060222,0.8815151423847863,0.8818477705376316
155,0.9459179639816284,0.5254210233688354,0.8785937428474426,0.7291459441184998,0.8809707215991183,0.8777991259907426,0.8779849424116359
156,0.9463281035423279,0.5228812098503113,0.8791406154632568,0.7258267998695374,0.8813822191953553,0.8783550191254342,0.8785571127035502
157,0.9481445550918579,0.5133832693099976,0.8793749809265137,0.7178276777267456,0.881693827940442,0.8787467332291083,0.8788110574663321
158,0.9482421875,0.5130022168159485,0.8728906512260437,0.7393634915351868,0.8750988502842687,0.872102832742623,0.8723244528992478
159,0.9465625286102295,0.5192656517028809,0.8750781416893005,0.7325761318206787,0.8777203587186194,0.8745169389777947,0.8746869786702021
160,0.947558581829071,0.514941394329071,0.8782812356948853,0.7287311553955078,0.8807928834429302,0.8776155109424668,0.8779778798423151
161,0.9505078196525574,0.5120581984519958,0.8767187595367432,0.7334719896316528,0.8790629055037134,0.8762995094387845,0.8764467602773192
162,0.9470312595367432,0.5157729387283325,0.8756250143051147,0.734052300453186,0.8782884240263944,0.8749830801152563,0.8752186166679208
163,0.9485546946525574,0.5129624605178833,0.8782031536102295,0.7256656885147095,0.8804568629722006,0.8774783401172589,0.8777169864733398
164,0.9453125,0.5173600316047668,0.8834375143051147,0.7101412415504456,0.8855735073696036,0.8826131737823975,0.8827972439209792
165,0.947265625,0.5138286352157593,0.8750781416893005,0.7313741445541382,0.8774337130530065,0.8745659383667628,0.8746244532378806
166,0.9483398199081421,0.5135924816131592,0.8745312690734863,0.7329439520835876,0.8766619782686855,0.8739283592726557,0.8740182729011053
167,0.9459765553474426,0.5188816785812378,0.8787500262260437,0.7262992262840271,0.8814414664651345,0.8782958658490151,0.8783931262934725
168,0.9476171731948853,0.5105617046356201,0.8778906464576721,0.7189379334449768,0.8813065727473426,0.8773471398165131,0.8776355253901323
169,0.9478320479393005,0.5106325149536133,0.8835155963897705,0.7141355872154236,0.8859815188017186,0.8827469961142578,0.8829035731685043
170,0.94775390625,0.5085983276367188,0.885546863079071,0.715522825717926,0.8881001715422282,0.885046810045933,0.8851576377094252
171,0.9485937356948853,0.5093237161636353,0.8796093463897705,0.7255358695983887,0.8820486979320976,0.8788698742448654,0.8791271788591979
172,0.947460949420929,0.5121806859970093,0.877734363079071,0.7287068367004395,0.8800599147994614,0.8772054258414285,0.8773437992373317
173,0.9494922161102295,0.5036588907241821,0.883593738079071,0.7045667171478271,0.8859531228312149,0.883032036935782,0.883096710189034
174,0.9491406083106995,0.505316972732544,0.882031261920929,0.7136688232421875,0.8841071995109226,0.8816289466837891,0.8816930461071568
175,0.9471679925918579,0.5086446404457092,0.8853124976158142,0.7117807269096375,0.8874993598948362,0.8848755039631191,0.8850846553707199
176,0.9473828077316284,0.5114561319351196,0.8821874856948853,0.7094526886940002,0.8848219329843544,0.8814533923885572,0.8816432780516386
177,0.9466601610183716,0.5089826583862305,0.8873437643051147,0.6937954425811768,0.8896981820064782,0.8869529980251087,0.8871393455834291
178,0.9479296803474426,0.5046611428260803,0.8804687261581421,0.7202044725418091,0.8824976996522332,0.8797905475322929,0.879991418943138
179,0.9473437666893005,0.5093162655830383,0.883984386920929,0.7112677097320557,0.886054251218779,0.8834596226866273,0.8836083876694495
180,0.9478124976158142,0.5076435208320618,0.8832031488418579,0.7148972153663635,0.8857984573583702,0.8826092356257959,0.8828796553995745
181,0.9473828077316284,0.5077378749847412,0.8850781321525574,0.706158459186554,0.8873577543848643,0.8846132872575571,0.8848505503870656
182,0.9492773413658142,0.5029546618461609,0.8824218511581421,0.7108144164085388,0.884807728796484,0.8816923683125476,0.8820060853030071
183,0.9496484398841858,0.5029909014701843,0.8867968916893005,0.6985821723937988,0.8889747797546974,0.8860567961344346,0.8862733302269681
184,0.9498242139816284,0.5026229619979858,0.8880468606948853,0.6975371837615967,0.890454571622626,0.8875572820520075,0.8876984898175246
185,0.9509570598602295,0.5010534524917603,0.8836718797683716,0.7076056003570557,0.8863036229646485,0.8832022757250331,0.8834687817629352
186,0.9508593678474426,0.498519629240036,0.8866406083106995,0.6968271732330322,0.8887638965355154,0.8860452103558385,0.8862403939557408
187,0.9487890601158142,0.5044916868209839,0.8829687237739563,0.7155469655990601,0.8853192396321273,0.8821647078297025,0.8824763448208561
188,0.9503320455551147,0.502200186252594,0.8900781273841858,0.6978514194488525,0.8920947843233107,0.8896071378302647,0.8897867707341109
189,0.9505078196525574,0.4986896216869354,0.8864843845367432,0.7041159272193909,0.888489591460007,0.8861422586576542,0.8863188407888845
190,0.9484765529632568,0.5008139610290527,0.8863281011581421,0.7014687061309814,0.8887270838958858,0.8856906534833703,0.8860067532713124
191,0.9484179615974426,0.5038740634918213,0.8903906345367432,0.693010687828064,0.8925054267823728,0.8898770987063347,0.8900159963369112
192,0.9500390887260437,0.4969652593135834,0.8889843821525574,0.6948568224906921,0.891158172176431,0.8883594093444256,0.8886031450059865
193,0.9486914277076721,0.5012233853340149,0.8868749737739563,0.7103664875030518,0.8892760238270726,0.8861312846646403,0.8863299074398354
194,0.9463866949081421,0.5065745711326599,0.8903906345367432,0.6921854615211487,0.8927874521203056,0.8898051526512472,0.8899874256422513
195,0.9504296779632568,0.4967883825302124,0.8895312547683716,0.6892421245574951,0.8915769787611907,0.8888445681159114,0.8890409382118456
196,0.9508203268051147,0.4944237768650055,0.8854687213897705,0.695527970790863,0.8878976505525338,0.8849797352981801,0.8851712782057632
197,0.9487109184265137,0.5002275705337524,0.8887500166893005,0.6868043541908264,0.8911197737191874,0.8881637560534574,0.8883955125189567
198,0.9496484398841858,0.4994874894618988,0.887890636920929,0.693288266658783,0.8902879859656565,0.887152523711171,0.8875243223118552
199,0.9519726634025574,0.4921067953109741,0.8885937333106995,0.69232577085495,0.8911409579430356,0.8879948455295728,0.8882891003436255
200,0.9497460722923279,0.4976406991481781,0.8891406059265137,0.6942943334579468,0.8915966749706268,0.8886969329798491,0.8887986893636095
201,0.9506445527076721,0.4956647455692291,0.8911718726158142,0.6846619248390198,0.8930650501067655,0.8905606443544213,0.890721792860597
202,0.9511523246765137,0.4950770437717438,0.8907812237739563,0.6882386803627014,0.8931541324953034,0.8902480360216245,0.8904729227089108
203,0.9527539014816284,0.49019962549209595,0.8915625214576721,0.6833035349845886,0.8936494296719631,0.8910265514208493,0.891252858854668
204,0.9509375095367432,0.4935799539089203,0.8924219012260437,0.6935563087463379,0.8946765880057652,0.8919093414776494,0.8921315215528175
205,0.9486914277076721,0.4971391558647156,0.8876562714576721,0.6950176954269409,0.8898734772917125,0.8870449619115852,0.8871551299672803
206,0.9476171731948853,0.49943265318870544,0.8897656202316284,0.686561644077301,0.8922770689705022,0.8890886999988079,0.8893476118674654
207,0.9488476514816284,0.4989975690841675,0.889453113079071,0.6889910101890564,0.8912681010233361,0.8888979551413434,0.8890816935543555
208,0.9477148652076721,0.4987911283969879,0.892578125,0.6879748702049255,0.8945822147908706,0.8917603660607782,0.892054660676475
209,0.9495702981948853,0.49964985251426697,0.8928906321525574,0.6817130446434021,0.8944755127392741,0.8924571558619202,0.8925457465825732
210,0.9519140720367432,0.49286949634552,0.8959375023841858,0.6798251867294312,0.8980744536671698,0.8955535260435771,0.8956965536386885
211,0.9510546922683716,0.49630311131477356,0.8916406035423279,0.6932331919670105,0.8938821338331424,0.8909599480480158,0.8911183239958811
212,0.9492383003234863,0.4971553087234497,0.8896093964576721,0.6840582489967346,0.8917213227246633,0.8891832088140488,0.8892603028491807
213,0.94873046875,0.49702298641204834,0.8929687738418579,0.6903560161590576,0.8948961192716538,0.8923121311389921,0.8924092415266625
214,0.9505468606948853,0.49494829773902893,0.8927343487739563,0.6886098980903625,0.8946251091323999,0.8918831837164019,0.8921320818742999
215,0.9496484398841858,0.49631714820861816,0.8948437571525574,0.6750534176826477,0.8967591426987692,0.8942207260815205,0.8943226868698015
216,0.9500390887260437,0.4932372570037842,0.8943750262260437,0.6698347330093384,0.8963492822866168,0.893784539489584,0.8940205577356007
217,0.9515039324760437,0.49150025844573975,0.8903124928474426,0.6803090572357178,0.8923158954942234,0.8898236176778568,0.8899365508392056
218,0.950878918170929,0.4913996756076813,0.8941406011581421,0.6775984764099121,0.8960827074000008,0.8934030814316595,0.8935554033532004
219,0.94970703125,0.4941590428352356,0.89453125,0.6737108826637268,0.897191834061825,0.8939439011424908,0.8943314118630942
220,0.9501367211341858,0.4932534098625183,0.8920312523841858,0.6880304217338562,0.8942193602186637,0.891663235300068,0.8918128037003679
221,0.9532031416893005,0.4893404245376587,0.8908593654632568,0.6883399486541748,0.8930338230188535,0.8900258243502829,0.8903014246678588
222,0.9503515362739563,0.49393779039382935,0.8944531083106995,0.6771047711372375,0.8963264769852387,0.8935212627492795,0.8937508140233943
223,0.9530664086341858,0.48793068528175354,0.8973437547683716,0.6661133766174316,0.900030157671167,0.8967910664156198,0.8971171137568481
224,0.9518945217132568,0.4878845512866974,0.8962500095367432,0.6698245406150818,0.8979002471109188,0.8956968938472556,0.8956964284008587
225,0.9524023532867432,0.4888026714324951,0.8991405963897705,0.6737090349197388,0.9009726651302808,0.8985217388203542,0.8987034013712749
226,0.9510351419448853,0.48822861909866333,0.89453125,0.6729959845542908,0.8967801811041158,0.8937781608887585,0.8940659403013349
227,0.9512500166893005,0.489694207906723,0.892578125,0.6849526762962341,0.8948407915974207,0.8920088809425953,0.8921932022830692
228,0.9497656226158142,0.49323514103889465,0.8960156440734863,0.6707972884178162,0.8978464562341688,0.8956583330585499,0.8957342510413875
229,0.9490820169448853,0.49422574043273926,0.8949999809265137,0.6766565442085266,0.8971028247506746,0.8945065351176701,0.8947229194794211
230,0.9505078196525574,0.4909331202507019,0.8939843773841858,0.6798751950263977,0.8960250321446643,0.8933768406987546,0.8935741962339453
231,0.9510156512260437,0.4895098805427551,0.8960937261581421,0.6768460869789124,0.8987421091197145,0.8953588985709285,0.8956135991983442
232,0.9523632526397705,0.4888779819011688,0.8961718678474426,0.6726600527763367,0.8983999338496833,0.8957819148914675,0.8959325060687744
233,0.952441394329071,0.48416244983673096,0.8997656106948853,0.666441798210144,0.9017356274685908,0.8990726604397586,0.899292911324342
234,0.9520117044448853,0.48911505937576294,0.8960937261581421,0.6767967343330383,0.8981415682537317,0.8955583547411171,0.895761703043512
235,0.9513866901397705,0.48862767219543457,0.8995312452316284,0.6740047931671143,0.9017675718240872,0.8989621435037194,0.8991290411292178
236,0.9507226347923279,0.49007508158683777,0.8973437547683716,0.6783508062362671,0.8996904320043781,0.896614733113003,0.8969567499646109
237,0.9515234231948853,0.48810264468193054,0.895312488079071,0.6796632409095764,0.8972323639514346,0.8948152892013703,0.894979220435798
238,0.95263671875,0.4855625629425049,0.901171863079071,0.6571597456932068,0.9033240832896868,0.9007586854815332,0.9009411120534128
239,0.9532226324081421,0.4833354651927948,0.8999218940734863,0.6652677059173584,0.9017595597794368,0.8994095086805685,0.8995991027266912
240,0.95166015625,0.4855191707611084,0.8974218964576721,0.6750103831291199,0.8995648776951813,0.8970235995448884,0.8971683041588099
241,0.9526953101158142,0.48385563492774963,0.8996875286102295,0.6652107238769531,0.9016477988520324,0.8993339707645511,0.8994902904044562
242,0.9520898461341858,0.4859161078929901,0.895312488079071,0.6844794750213623,0.8977511336682723,0.8949381747214414,0.8952200363853311
243,0.9501757621765137,0.48847079277038574,0.8923437595367432,0.6824048757553101,0.8948767721512241,0.8916371315696916,0.8919318067633305
244,0.9494726657867432,0.4924148917198181,0.8978906273841858,0.6738461852073669,0.8996649423798179,0.8973966110992082,0.8975992457591304
245,0.9509961009025574,0.48580724000930786,0.8956249952316284,0.6735737323760986,0.8974148596111393,0.8952551838735165,0.8954123013732543
246,0.9540234208106995,0.4822370409965515,0.8969531059265137,0.6689322590827942,0.8993360620180482,0.8963181646889293,0.896588373408224
247,0.9517187476158142,0.48308712244033813,0.8978124856948853,0.6619632840156555,0.9006781844246932,0.8973230421584928,0.8977203863172152
248,0.9546484351158142,0.47794243693351746,0.901562511920929,0.6561303734779358,0.9038868740377674,0.9009960284815999,0.9013584202759998
249,0.9526953101158142,0.4848904013633728,0.900390625,0.6543161273002625,0.9025786243391817,0.8998209209261404,0.9001119502779897
250,0.9499609470367432,0.488386869430542,0.9017187356948853,0.6580638885498047,0.9036353914564146,0.9014560644061618,0.9015569328151789
251,0.9482617378234863,0.4916171729564667,0.9000781178474426,0.6600351929664612,0.9024044334421129,0.8997469015288814,0.8999275265201705
252,0.9517968893051147,0.48815104365348816,0.899609386920929,0.6590087413787842,0.9016156093563119,0.8991066189474874,0.8993389395026878
253,0.9488281011581421,0.48916488885879517,0.9053906202316284,0.6572218537330627,0.907220201313844,0.9047617230537262,0.9050760899430859
254,0.9515625238418579,0.4883401095867157,0.9026562571525574,0.6584450006484985,0.9047854390460204,0.902094753920043,0.9023005666403033
255,0.9540820121765137,0.481991171836853,0.9036718606948853,0.6589453220367432,0.9057535508941577,0.9031442751561405,0.9033561355883092
256,0.9534765481948853,0.4810871183872223,0.9024999737739563,0.6580011248588562,0.9048089948460072,0.9017892163266581,0.9021025431403475
257,0.9538671970367432,0.4837436378002167,0.901171863079071,0.6567510962486267,0.9028930434784702,0.9008899062919692,0.9009403378515106
258,0.9534375071525574,0.48173877596855164,0.90234375,0.6557753682136536,0.9041109083665457,0.9018756505804058,0.9019783982053061
259,0.9540234208106995,0.48090168833732605,0.899218738079071,0.6608765125274658,0.9012887487125723,0.8986930341562893,0.8988801108510414
260,0.9524999856948853,0.48070675134658813,0.8986718654632568,0.6644627451896667,0.9009792269543269,0.8978822034638807,0.898178037498345
261,0.954785168170929,0.47839972376823425,0.8956249952316284,0.660347580909729,0.897338196628616,0.8950496834862594,0.8952457762612904
262,0.9516797065734863,0.4825635552406311,0.9041406512260437,0.6476017236709595,0.9059902121642394,0.9037766076237392,0.9039653933847973
263,0.9541406035423279,0.4775465428829193,0.9056249856948853,0.653684139251709,0.9074843906486512,0.9051672367958347,0.9054149459667518
264,0.9527539014816284,0.4810996353626251,0.897656261920929,0.6740038990974426,0.8999053853999307,0.8971133243539098,0.8974107422103483
265,0.9524609446525574,0.4822564423084259,0.9035937786102295,0.6533454060554504,0.905561984476961,0.9029262405757562,0.9031531595921687
266,0.9548046588897705,0.47613325715065,0.9016406536102295,0.656029462814331,0.9036647813172413,0.901119868820187,0.901308409007054
267,0.9545117020606995,0.477609783411026,0.9067187309265137,0.6449928879737854,0.908503898129992,0.9062760410143751,0.9064513272671264
268,0.9514453411102295,0.48205506801605225,0.90234375,0.6603472828865051,0.9040616512360128,0.9018812745536653,0.9019830144686073
269,0.9518749713897705,0.48420628905296326,0.904296875,0.6537535190582275,0.906091250671899,0.9036691750323849,0.9039055308450261
270,0.9522851705551147,0.48541978001594543,0.9001562595367432,0.6563370227813721,0.9019267664885003,0.8998958983585617,0.8999590370609898
271,0.9517382979393005,0.48677536845207214,0.9002344012260437,0.6675834059715271,0.9021140384319252,0.8997821974624758,0.899968711164592
272,0.9515820145606995,0.4842730760574341,0.9049999713897705,0.6579294800758362,0.9070188338340921,0.9044099859895578,0.9047118423373774
273,0.9514843821525574,0.4863187074661255,0.9019531011581421,0.6583436727523804,0.9040585694763222,0.9014789679939701,0.9016727475473292
274,0.9516211152076721,0.483458548784256,0.9033593535423279,0.6505728363990784,0.9051356553395784,0.9027170592230185,0.9030226360159831
275,0.9531445503234863,0.48195189237594604,0.9064062237739563,0.648577868938446,0.9082235018260488,0.906011085469087,0.9062234489199711
276,0.953417956829071,0.4798794984817505,0.9045312404632568,0.6534479260444641,0.9064715565021021,0.9040843155181776,0.904325177099631
277,0.9526757597923279,0.48261475563049316,0.9026562571525574,0.6606162190437317,0.9046807870327634,0.9020660384821857,0.9022274148713081
278,0.9532421827316284,0.48049628734588623,0.8994531035423279,0.6602886915206909,0.9013604146419241,0.8988515714867569,0.8991196278526565
279,0.9577538967132568,0.4682406187057495,0.9032812714576721,0.6557390689849854,0.9055894138819542,0.9026578351647987,0.9030456368861086
280,0.9554296731948853,0.4760390520095825,0.8979687690734863,0.6605314016342163,0.8996850854140364,0.8972940181328384,0.8974567332149721
281,0.9543554782867432,0.47615763545036316,0.904296875,0.649871826171875,0.9058234580473731,0.9036903212220161,0.9039234681297419
282,0.9541211128234863,0.477291464805603,0.9014843702316284,0.6533905267715454,0.9037541305067254,0.9009512517794462,0.9011494573006664
283,0.9540429711341858,0.4770795404911041,0.9001562595367432,0.6543398499488831,0.9022982987793229,0.8994686943426246,0.8997236498333295
284,0.9547656178474426,0.4754413664340973,0.9053906202316284,0.6505132913589478,0.9071775649333651,0.9050439160115,0.9051811058667806
285,0.9550976753234863,0.47212833166122437,0.9065625071525574,0.6452886462211609,0.9087890068453524,0.9060782770259661,0.9063050004505668
286,0.9532812237739563,0.47870099544525146,0.905078113079071,0.6524465084075928,0.9072801546426466,0.9047033410398323,0.9048829641605485
287,0.9524804949760437,0.4791964292526245,0.9034374952316284,0.6516476273536682,0.9052139447725805,0.9029419694186647,0.9030462639491319
288,0.9507031440734863,0.48667648434638977,0.9041406512260437,0.6481470465660095,0.9060981564946675,0.9036928074703817,0.9037737526987566
289,0.9500976800918579,0.4852006137371063,0.9024218916893005,0.6487669944763184,0.9044063434090275,0.9019589945639486,0.9020864974244795
290,0.951464831829071,0.4837910532951355,0.90234375,0.6501604318618774,0.9042609244904445,0.902017945009134,0.9022058471763585
291,0.9528710842132568,0.4810108244419098,0.9048437476158142,0.6425079107284546,0.9067397259709901,0.9043036433962643,0.9046015238196019
292,0.953125,0.47784414887428284,0.9064843654632568,0.6459629535675049,0.9080134139072724,0.9060901574380105,0.9062749153846668
293,0.9543554782867432,0.47940242290496826,0.9049218893051147,0.6372028589248657,0.9070010881486494,0.9042587096305719,0.9044444481233367
294,0.9524609446525574,0.48005276918411255,0.9055469036102295,0.6480072140693665,0.9072970250785806,0.9050279536214485,0.9051938189362279
295,0.9555273652076721,0.47589564323425293,0.907031238079071,0.6425255537033081,0.908927722466395,0.9063878699163472,0.9067140253142905
296,0.9544140696525574,0.4723886251449585,0.904296875,0.6445838212966919,0.9061034759500504,0.9037141560637105,0.9038761251208227
297,0.9558203220367432,0.47206202149391174,0.9051562547683716,0.6378848552703857,0.9075507605520305,0.9047161268475625,0.9049336597302453
298,0.9552343487739563,0.47344550490379333,0.9083593487739563,0.6423162221908569,0.910248342853887,0.9078522694826217,0.908146111167196
299,0.9535156488418579,0.4763912260532379,0.9036718606948853,0.6513280272483826,0.9055853750921546,0.9032123718226435,0.9034274704881491
300,0.9527148604393005,0.4824041426181793,0.9030468463897705,0.6474094390869141,0.9051384538674425,0.9024223392573467,0.9027205007817768
301,0.9523828029632568,0.4794324040412903,0.9107031226158142,0.6420470476150513,0.9125698724303035,0.9101167270358621,0.9104437537510808
302,0.9541797041893005,0.47418808937072754,0.9096875190734863,0.6401429772377014,0.9115376045281661,0.9092093530173022,0.9094453450269353
303,0.952343761920929,0.47855040431022644,0.9077343940734863,0.6377627849578857,0.9095958129796566,0.9072734691406454,0.907567947695792
304,0.9540429711341858,0.4762122631072998,0.9060937762260437,0.6345590353012085,0.9080025099225607,0.9054765822966995,0.9057074937669382
305,0.954882800579071,0.47453296184539795,0.9089062213897705,0.6273605823516846,0.9105949193053299,0.9084914927611628,0.9086113323337274
306,0.953417956829071,0.47904834151268005,0.9123437404632568,0.6256589293479919,0.914231306527963,0.9117575181090318,0.912085642930751
307,0.9550390839576721,0.473598450422287,0.90625,0.6409919261932373,0.9085639386476141,0.9056283748802656,0.9059385128130932
308,0.9524219036102295,0.47794249653816223,0.9046875238418579,0.6459287405014038,0.9061618973475778,0.9041397083076221,0.9042594481105679
309,0.9541015625,0.47680532932281494,0.9069530963897705,0.6373661756515503,0.9089588441168992,0.9064081343344426,0.9066605767130593
310,0.9536523222923279,0.47616589069366455,0.9067187309265137,0.6388680338859558,0.9087987364924293,0.9063105805720768,0.9064435496694194
311,0.9513476490974426,0.48243027925491333,0.9088281393051147,0.631428599357605,0.9104641561714286,0.9082206838254899,0.908416327820424
312,0.9536328315734863,0.47565707564353943,0.9103906154632568,0.6295464634895325,0.9123221386316134,0.9096338273829834,0.9099847125439984
313,0.954882800579071,0.472580224275589,0.9058593511581421,0.6524838209152222,0.9081555999419635,0.9053813409208233,0.9056873205529261
314,0.9534570574760437,0.4762350022792816,0.9087499976158142,0.6327730417251587,0.9107539728535978,0.9083346910073239,0.9085778226704901
315,0.9555468559265137,0.4723641276359558,0.9064062237739563,0.6420142650604248,0.9083017901498122,0.9059281049523629,0.906106139383207
316,0.9539257884025574,0.4737853705883026,0.9106249809265137,0.6342624425888062,0.9125653515129519,0.9100752820066611,0.9102896234227871
317,0.9531640410423279,0.4766940772533417,0.908984363079071,0.6307787299156189,0.9106406124416313,0.908545323701166,0.9086995256412996
318,0.95556640625,0.4714009165763855,0.9135937690734863,0.6255341172218323,0.9154693524530187,0.9134529814907355,0.9135181366541447
319,0.9566211104393005,0.4702509641647339,0.9119531512260437,0.62376868724823,0.9136891217921128,0.9114393651177046,0.9116652400442519
320,0.9545117020606995,0.4716590940952301,0.9100000262260437,0.637097179889679,0.9113879710214037,0.9095050876573534,0.9095819433465744
321,0.9540429711341858,0.4726259708404541,0.9082812666893005,0.6297062039375305,0.9101839669859302,0.907696901835849,0.9079454641906675
322,0.9534960985183716,0.4781304597854614,0.9097656011581421,0.637222409248352,0.9120979006477469,0.9090406215630664,0.9093791941478595
323,0.9558203220367432,0.4725032150745392,0.9099218845367432,0.6340065598487854,0.9116717268411065,0.9093746438697557,0.9095025827924623
324,0.9531640410423279,0.4768480062484741,0.908203125,0.6301816701889038,0.9101982418053192,0.9077786366233472,0.9078977764217483
325,0.9561914205551147,0.47091731429100037,0.9092968702316284,0.6287395358085632,0.9107860409550783,0.9087845144251201,0.9089378560956689
326,0.9555468559265137,0.46883654594421387,0.9089062213897705,0.6427419185638428,0.9106944298813283,0.9082978427463922,0.9086032085858244
327,0.9555468559265137,0.46987423300743103,0.9103124737739563,0.6265817880630493,0.9117777032476264,0.9101174739553277,0.9101005003259746
328,0.9521679878234863,0.47702980041503906,0.91015625,0.6310243606567383,0.9117590112781024,0.9096774974036781,0.9098001097148327
329,0.9535742402076721,0.47597965598106384,0.9053906202316284,0.6454243659973145,0.9077983396941477,0.9048224302701309,0.9051329359119953
330,0.9526757597923279,0.4746164083480835,0.912890613079071,0.6256198287010193,0.914608395735593,0.9125672832252323,0.9126777624621043
331,0.9538671970367432,0.473745733499527,0.9110156297683716,0.62545245885849,0.912631411531023,0.9104516822720686,0.9107162050434272
332,0.9530078172683716,0.47597676515579224,0.9088281393051147,0.633460283279419,0.9107037415311247,0.9080728846412703,0.9083584639166908
333,0.9548242092132568,0.4745582640171051,0.9060156345367432,0.644822895526886,0.9076531143859562,0.9055407103672692,0.9056918544119982
334,0.952343761920929,0.47811511158943176,0.9103906154632568,0.6354575157165527,0.9120026282168723,0.9100764932424694,0.9101935232963793
335,0.950878918170929,0.47988200187683105,0.9071875214576721,0.6415473818778992,0.9088705681632272,0.9069857648894277,0.9071202578219495
336,0.954296886920929,0.47362664341926575,0.9103124737739563,0.6330763101577759,0.9120938870521635,0.9100639343413561,0.9101458332166952
337,0.9537109136581421,0.4745502769947052,0.9135156273841858,0.6225167512893677,0.9153491147872922,0.9132382748067484,0.9134291228213414
338,0.9560937285423279,0.46860119700431824,0.9139062762260437,0.6255965232849121,0.9156467460318203,0.9135958800212114,0.9137035731626052
339,0.9582617282867432,0.4640035927295685,0.9110937714576721,0.6315244436264038,0.9128420424770813,0.9104544188437842,0.910748213708064
340,0.956250011920929,0.47047364711761475,0.9111718535423279,0.6275206804275513,0.9132996903617556,0.9104102610732817,0.9107911887588259
341,0.9555078148841858,0.47117727994918823,0.9100000262260437,0.631859540939331,0.9118061583245253,0.9094685494690722,0.9097894428810473
342,0.9555859565734863,0.47058677673339844,0.9154687523841858,0.6274949312210083,0.9175530911443021,0.9150360481820483,0.915268657589669
343,0.9551757574081421,0.46759021282196045,0.916015625,0.6167048215866089,0.917645133229574,0.9156314465706297,0.9158028187241524
344,0.9550585746765137,0.4704965651035309,0.9129687547683716,0.6248074173927307,0.9146341185989019,0.9126975556430574,0.9127318783511346
345,0.9561914205551147,0.4676492214202881,0.9119531512260437,0.625576913356781,0.9136477087034107,0.9115078902958074,0.9115856259270594
346,0.9552343487739563,0.4691436290740967,0.9115625023841858,0.622062087059021,0.9134408057022047,0.9113166165279324,0.9114976508747763
347,0.9544726610183716,0.47137683629989624,0.9125000238418579,0.6243632435798645,0.9144320293674264,0.9121091958864085,0.9122923394451175
348,0.9532421827316284,0.4750376045703888,0.9096875190734863,0.6360797882080078,0.911243140665884,0.9092091767607481,0.9093853726820114
349,0.9524609446525574,0.4739554524421692,0.910937488079071,0.6367154121398926,0.9128675910038865,0.9104281928078004,0.910707255968716
350,0.9537109136581421,0.47276774048805237,0.916796863079071,0.6159715056419373,0.9179893931700187,0.9164826540996555,0.9165254232431802
351,0.9542187452316284,0.4742755889892578,0.9117968678474426,0.6246505975723267,0.9135645841208662,0.9113962667132816,0.9115318524054123
352,0.9561132788658142,0.46959391236305237,0.9107031226158142,0.6335123777389526,0.912369141277353,0.9099964395710424,0.9103392843377124
353,0.9557031393051147,0.46845948696136475,0.9149218797683716,0.6203950047492981,0.9167575786729345,0.9143509872219817,0.9146662970169892
354,0.9547070264816284,0.47305524349212646,0.9092968702316284,0.6348819136619568,0.9109396048578138,0.908900160183445,0.9090369664601412
355,0.9549219012260437,0.47164225578308105,0.9060156345367432,0.6372197270393372,0.9082700311955199,0.9053976581889034,0.9056060856651769
356,0.9538476467132568,0.4736659526824951,0.9132031202316284,0.6175138354301453,0.9147682140134623,0.9129528978072908,0.9130127958969307
357,0.9549804925918579,0.47195547819137573,0.9142187237739563,0.6192954182624817,0.9158257247707215,0.9137011043918629,0.9138756234865393
358,0.9556445479393005,0.4701020419597626,0.9149218797683716,0.6235015988349915,0.9166071085634635,0.9142960857992624,0.9144906599122681
359,0.9551953077316284,0.4723096489906311,0.9133594036102295,0.6216681003570557,0.9151591404011051,0.9129344471371961,0.9130501920205687
360,0.955371081829071,0.46869221329689026,0.9115625023841858,0.6310116052627563,0.9132283708863254,0.9113061570165613,0.9114393538807584
361,0.9549804925918579,0.4714208245277405,0.9099218845367432,0.6275274157524109,0.9118398958258555,0.9092632436032779,0.9095811060560323
362,0.9544726610183716,0.47123822569847107,0.9108593463897705,0.6260825395584106,0.912441690208301,0.9104658525957043,0.9105807005637154
363,0.9551757574081421,0.47038552165031433,0.9170312285423279,0.6115441918373108,0.9190207389421394,0.9164993522522231,0.916762872246895
364,0.9559765458106995,0.4684000015258789,0.9146093726158142,0.6129786372184753,0.9164618400005093,0.9141522936159188,0.9143366808501396
365,0.9539648294448853,0.47116127610206604,0.9110937714576721,0.6303198933601379,0.9131254956731434,0.9104890406235786,0.9108206969576833
366,0.9550390839576721,0.47010543942451477,0.916015625,0.623699426651001,0.917675788983576,0.9155629167669418,0.915797358158793
367,0.9537304639816284,0.4738788306713104,0.9091406464576721,0.6349253058433533,0.9112278338371352,0.9086949458630831,0.908812420734463
368,0.9547460675239563,0.4749819040298462,0.9092968702316284,0.6322828531265259,0.9109211929303803,0.9087357763586437,0.9089087206523421
369,0.9558789134025574,0.46967124938964844,0.9127343893051147,0.6169672608375549,0.9147070486784276,0.9121494362264366,0.9124182336229618
370,0.9552343487739563,0.46983417868614197,0.9166406393051147,0.6162930130958557,0.918318238947536,0.9161521430829255,0.916402651614957
371,0.955273449420929,0.4690151512622833,0.9150000214576721,0.6162464022636414,0.9163521860877339,0.9146177965770717,0.9147533098471208
372,0.9528906345367432,0.4735495448112488,0.9138281345367432,0.625224769115448,0.9153466478791319,0.9134852743512765,0.9135476535075866
373,0.9536328315734863,0.4735425114631653,0.9130468964576721,0.6191278696060181,0.9146864670562361,0.912630562006715,0.9127695629479791
374,0.9535156488418579,0.47403448820114136,0.9146875143051147,0.620809018611908,0.9164245429727359,0.9144051931456874,0.9144401094904656
375,0.9554101824760437,0.4688510596752167,0.916015625,0.6169471144676208,0.9175131684230127,0.9157391261046951,0.9158516414194313
376,0.9555273652076721,0.4680452048778534,0.9151562452316284,0.6102731823921204,0.9166350196231459,0.9148791979909857,0.9149797153468917
377,0.9575976729393005,0.4627881348133087,0.9147655963897705,0.6172585487365723,0.9162143214341409,0.914523677886244,0.9145620630419304
378,0.9574609398841858,0.4613593816757202,0.9125000238418579,0.6195945143699646,0.9142128043025464,0.912113543794163,0.9122568985257388
379,0.9576953053474426,0.46084317564964294,0.9193750023841858,0.604347825050354,0.9209198860612384,0.9190739212850993,0.91912589761162
380,0.9584375023841858,0.4576180577278137,0.9173437356948853,0.6063406467437744,0.9189545460404452,0.9169959569210595,0.9171227959320462
381,0.9600585699081421,0.4553714096546173,0.9156249761581421,0.6194164752960205,0.917154640723042,0.9150897594823073,0.915277830975161
382,0.9582812786102295,0.46066540479660034,0.9124218821525574,0.6132884621620178,0.9141577031962702,0.9120147713411941,0.9121003146513114
383,0.9568945169448853,0.4622451066970825,0.9122655987739563,0.6217645406723022,0.9140692951969084,0.9116800260698544,0.9118627211614885
384,0.9544531106948853,0.46604034304618835,0.9124218821525574,0.6182732582092285,0.9141386339886719,0.9119736100226609,0.9120885261855293
385,0.9539257884025574,0.4683779180049896,0.915234386920929,0.612971305847168,0.9170803927815127,0.9147821118406688,0.914898837239346
386,0.9548437595367432,0.4694615304470062,0.9166406393051147,0.616163969039917,0.9184098112538523,0.9161702456247454,0.9163446556176154
387,0.9560156464576721,0.4652678668498993,0.9161718487739563,0.6128177046775818,0.9175344540536281,0.9156134154624155,0.9157675487096735
388,0.9537695050239563,0.4744933247566223,0.9145312309265137,0.6186848282814026,0.9162300269138236,0.9140095627871792,0.9142024756879936
389,0.9543359279632568,0.4727635979652405,0.9146093726158142,0.6198045015335083,0.9166612300990649,0.9141621265289502,0.9144586461581616
390,0.9570702910423279,0.46314334869384766,0.9157031178474426,0.610273540019989,0.9171999201722865,0.91537879151385,0.9154794571192719
391,0.956347644329071,0.4633251428604126,0.9153125286102295,0.6170651912689209,0.9170674199523055,0.9148291268769382,0.9150385744021028
392,0.9530859589576721,0.4729043245315552,0.9169531464576721,0.6076252460479736,0.9187682820800539,0.9164534602078567,0.9167106417665527
393,0.954296886920929,0.4703975319862366,0.9165624976158142,0.605120062828064,0.9181031876067467,0.9161178094868663,0.9162207748928219
394,0.9556249976158142,0.4649945795536041,0.9188281297683716,0.6026729941368103,0.9204013459642262,0.9184152290209527,0.9186866963361964
395,0.9568750262260437,0.4620932638645172,0.9146093726158142,0.610683023929596,0.9161889945542756,0.9143318527649872,0.9143895550132783
396,0.9571679830551147,0.4615132510662079,0.912109375,0.6209447383880615,0.9137973237054666,0.911684454304853,0.911867770740483
397,0.9559375047683716,0.4651482105255127,0.9135156273841858,0.6119956970214844,0.9150680265192529,0.912891724166903,0.9131736165436226
398,0.9557421803474426,0.46508145332336426,0.9160937666893005,0.6064767241477966,0.9175358955374493,0.9156941678794805,0.9157543106889562
399,0.9560546875,0.462805837392807,0.9149218797683716,0.6122152805328369,0.9168512040910284,0.9143296229684986,0.9145920557985496
400,0.9562109112739563,0.4672856032848358,0.9134374856948853,0.6198767423629761,0.9152181874923564,0.9132247552952422,0.9132759156271235
401,0.95361328125,0.47045472264289856,0.9154687523841858,0.6101034283638,0.917480748063401,0.9149901816382324,0.9153008250864152
402,0.9545117020606995,0.46960943937301636,0.9147655963897705,0.6121633648872375,0.9162231376559768,0.9142057861890027,0.9143728573459965
403,0.9572656154632568,0.4632176160812378,0.9153906106948853,0.6110336184501648,0.9169593888286487,0.9148625231717759,0.9149799683482843
404,0.9558984637260437,0.46547096967697144,0.9149218797683716,0.6106027364730835,0.9165635697847447,0.914422600669581,0.9145941800858577
405,0.9558984637260437,0.46566829085350037,0.9145312309265137,0.6087719202041626,0.9164449844561933,0.9140855425327454,0.9141929864119283
406,0.9574804902076721,0.4585646092891693,0.9172656536102295,0.6096407771110535,0.918965867823486,0.9166834585780964,0.9169818627909258
407,0.9567187428474426,0.46460360288619995,0.9100781083106995,0.6318137049674988,0.9117700677607867,0.9094079373074839,0.9096211308387738
408,0.9555859565734863,0.4658542573451996,0.9160937666893005,0.6172013878822327,0.9175893104658874,0.9157613667742663,0.9159071288501237
409,0.9582617282867432,0.4605431854724884,0.9150000214576721,0.6116713881492615,0.9166103672118622,0.9146052067784802,0.9147239929829697
410,0.9567773342132568,0.46083614230155945,0.9168750047683716,0.6150919198989868,0.9184432269547635,0.9164340003490159,0.9166849898423615
411,0.9559960961341858,0.46536964178085327,0.9167187213897705,0.62108314037323,0.9184223977346515,0.9162002873841513,0.9163866824933493
412,0.9563281536102295,0.46278563141822815,0.9175781011581421,0.6128461360931396,0.9190219081171009,0.9172546343153212,0.9173758250103585
413,0.9543359279632568,0.4664338231086731,0.9143750071525574,0.6139872074127197,0.9157965618477921,0.9137125193764029,0.9139158940402738
414,0.9544140696525574,0.46873143315315247,0.9150000214576721,0.6187030673027039,0.9167014438439209,0.9144976999918087,0.9147362504020985
415,0.9552343487739563,0.4661189615726471,0.9171093702316284,0.6033204793930054,0.9187016298734103,0.916504772028407,0.9167456708734696
416,0.9572460651397705,0.4625217914581299,0.9118750095367432,0.6230489015579224,0.9135363506497431,0.9114880999098395,0.911594285149833
417,0.9561328291893005,0.464375764131546,0.9167187213897705,0.6123677492141724,0.9181545972454452,0.9160882436393838,0.9163218376041633
418,0.9550390839576721,0.4672633111476898,0.9183593988418579,0.6082033514976501,0.9197429627655356,0.9181533575543048,0.9182086793306448
419,0.9565039277076721,0.46459755301475525,0.9172656536102295,0.6133328676223755,0.9189581520715121,0.9168836030239589,0.9170192753659518
420,0.955371081829071,0.4663150906562805,0.9137499928474426,0.6229288578033447,0.9156104175025689,0.9133107116325123,0.9135352343751332
421,0.9572070240974426,0.4601621627807617,0.9176562428474426,0.6103484630584717,0.9188854914275781,0.9172662878935751,0.9174107917319233
422,0.954785168170929,0.4652497470378876,0.9173437356948853,0.6079782843589783,0.9188517881114955,0.9169114805507299,0.9170419854924983
423,0.9572460651397705,0.4607396721839905,0.9192968606948853,0.6057553291320801,0.9205993629905314,0.9188571048486793,0.918908866164565
424,0.9568750262260437,0.4626730978488922,0.9174218773841858,0.6100118160247803,0.9191193590525991,0.9169423210109888,0.9171964012172626
425,0.9559765458106995,0.4624519348144531,0.9182812571525574,0.6037110686302185,0.9196736132641863,0.9177568961172408,0.9179702205008908
426,0.9590625166893005,0.4566299021244049,0.916015625,0.6098957657814026,0.9179273831562859,0.9154382606806106,0.9157341235078684
427,0.9564062356948853,0.46090471744537354,0.9161718487739563,0.6114528775215149,0.918209614979052,0.9156383744074371,0.9158832783040546
428,0.9589648246765137,0.4542350471019745,0.9184374809265137,0.6069938540458679,0.920116433420999,0.9180595393132529,0.9182638168845141
429,0.9574023485183716,0.4591243863105774,0.9172656536102295,0.6052365303039551,0.9186286756596199,0.9166208547680217,0.9167728651941373
430,0.9572656154632568,0.45976337790489197,0.9138281345367432,0.6094650030136108,0.9154808325287069,0.9134293382230951,0.9136635197877994
431,0.9557031393051147,0.46282699704170227,0.9198437333106995,0.6025877594947815,0.9212637331360968,0.919402062921474,0.9195070821993485
432,0.953320324420929,0.4702693819999695,0.9167187213897705,0.6102001070976257,0.918140639054623,0.9163648441626273,0.916457779006163
433,0.9540625214576721,0.4697127640247345,0.9209374785423279,0.6003033518791199,0.9227360387158507,0.9205325087857883,0.9207508062058191
434,0.9566797018051147,0.460504412651062,0.91796875,0.6066536903381348,0.9194521018691642,0.9174213015833184,0.9176040636678982
435,0.9551757574081421,0.46468421816825867,0.9198437333106995,0.6004719734191895,0.920708506328199,0.9195687827690615,0.9195748740349523
436,0.9568750262260437,0.46635901927948,0.9183593988418579,0.613006591796875,0.9200863737630349,0.9179907640441753,0.9181085450403301
437,0.9552343487739563,0.4662784934043884,0.9135937690734863,0.6090334057807922,0.9153286848823721,0.913231753488088,0.913361056020183
438,0.9551757574081421,0.46526074409484863,0.9192187786102295,0.6099547743797302,0.9208717672954505,0.9186282250308242,0.9189177320393969
439,0.956250011920929,0.46337345242500305,0.9131249785423279,0.6159827709197998,0.9150858551537512,0.912865655864898,0.9129092010516848
440,0.95654296875,0.4611554443836212,0.9190624952316284,0.6003129482269287,0.9206618233745321,0.9186701592576709,0.9187435525879135
441,0.9584765434265137,0.45658791065216064,0.9147655963897705,0.6088847517967224,0.9165074851546345,0.9141315250080642,0.9143258812051411
442,0.9576757550239563,0.4557245671749115,0.9177343845367432,0.6100600361824036,0.9193099073901567,0.9172913785529072,0.9174916952264203
443,0.959277331829071,0.45718175172805786,0.9189062714576721,0.5986400842666626,0.9208907784891485,0.9183702933590541,0.9187080210758816
444,0.9585937261581421,0.4558180272579193,0.9189843535423279,0.5957315564155579,0.9204488077428342,0.9185756594954761,0.9186731610422999
445,0.9553124904632568,0.46271252632141113,0.9198437333106995,0.5956135392189026,0.9215423302501999,0.9192640331174278,0.9194749423657765
446,0.956347644329071,0.4642364978790283,0.9163281321525574,0.6027125120162964,0.9181783672227406,0.9160197609046219,0.916134242409695
447,0.9565039277076721,0.45969298481941223,0.9215624928474426,0.5939586162567139,0.9231463731320132,0.9211856253419777,0.9214361096617543
448,0.9568554759025574,0.46246010065078735,0.9178906083106995,0.6051692366600037,0.919599678104974,0.91740461157237,0.9176354936438054
449,0.9568945169448853,0.45693543553352356,0.9178906083106995,0.6051914095878601,0.9194276757633756,0.9175399183937382,0.9176849344813848
450,0.9560351371765137,0.4628598392009735,0.9206249713897705,0.6015180945396423,0.922287497735968,0.9202134845227041,0.9204336110901272
451,0.9546874761581421,0.46433529257774353,0.9202343821525574,0.6037887930870056,0.9216248862459222,0.9198227850290837,0.9200266593683144
452,0.9573827981948853,0.4585297703742981,0.9181249737739563,0.609836757183075,0.9196989387409891,0.9177695761474085,0.9178895386151775
453,0.9569531083106995,0.4594435393810272,0.9189843535423279,0.6077311038970947,0.9206576495278578,0.9187619654358159,0.9187628845110414
454,0.9570702910423279,0.45881450176239014,0.9189062714576721,0.597460150718689,0.9203227362487805,0.9183357022861736,0.9185704458038831
455,0.9580859541893005,0.45554202795028687,0.9235156178474426,0.5902007222175598,0.9249235648814138,0.923064855259568,0.9232487697487326
456,0.9584179520606995,0.45365405082702637,0.9214843511581421,0.6023786067962646,0.9231859382447705,0.9210644628048636,0.9211773843216613
457,0.9571679830551147,0.4589770436286926,0.9205468893051147,0.5924570560455322,0.9221065352909439,0.9202547601029225,0.9203364366605775
458,0.9543554782867432,0.4634452760219574,0.9189843535423279,0.6038073897361755,0.9207767627150181,0.918559995018295,0.9188069642373092
459,0.9601367115974426,0.4518689811229706,0.9206249713897705,0.5884259343147278,0.9223929904788752,0.9201883379231923,0.9204795960089336
460,0.9573437571525574,0.45853427052497864,0.9190624952316284,0.603721022605896,0.9205836440533908,0.9187572865570454,0.9188193877844938
461,0.9541015625,0.4647800922393799,0.9176562428474426,0.5966271758079529,0.9195918653653139,0.9171705721479952,0.9174575103584115
462,0.9548242092132568,0.4646774232387543,0.9176562428474426,0.6023549437522888,0.9195059279969822,0.9172534215868335,0.9175165499291499
463,0.9574413895606995,0.4587497413158417,0.9214843511581421,0.5942863821983337,0.9230121519617558,0.921182473751667,0.9213212656964784
464,0.9571288824081421,0.4602668285369873,0.9157812595367432,0.6047256588935852,0.9173643160357483,0.9153630402011133,0.9155331606603906
465,0.9556054472923279,0.46303680539131165,0.9224218726158142,0.591549277305603,0.92381488297703,0.9220229572376937,0.9221787931188408
466,0.9566406011581421,0.45992955565452576,0.9214062690734863,0.5938225388526917,0.922840227840612,0.9210422016519676,0.9211514823652147
467,0.954394519329071,0.46389397978782654,0.9197656512260437,0.5984741449356079,0.9212718505319439,0.9194553100724332,0.9195182399345542
468,0.958789050579071,0.4552372694015503,0.9209374785423279,0.595933735370636,0.9231070671774259,0.920667607731273,0.9208973883520428
469,0.9596874713897705,0.4520567059516907,0.9220312237739563,0.5904973745346069,0.9236545019949447,0.9217552820190537,0.921872050285338
470,0.9588476419448853,0.4529460668563843,0.9214062690734863,0.5947161316871643,0.9231345979570094,0.9211772294028447,0.9213416518793941
471,0.9587695598602295,0.4515756368637085,0.922656238079071,0.5881624817848206,0.9243561646017245,0.9223764225208093,0.9225897791701616
472,0.9584179520606995,0.45307666063308716,0.9233593940734863,0.5857149362564087,0.9248415116914064,0.9229401653960989,0.9231746910897263
473,0.9579687714576721,0.45424792170524597,0.9182812571525574,0.5984336733818054,0.9199270172280218,0.9177377648695733,0.9179625195436583
474,0.9558203220367432,0.45785748958587646,0.9260156154632568,0.5803545713424683,0.9272869382661099,0.9255495506959673,0.9257865502688175
475,0.9583593606948853,0.4531309902667999,0.9232812523841858,0.5880991816520691,0.9250798732128654,0.9228861454284422,0.9231458912670902
476,0.958691418170929,0.452759325504303,0.9203906059265137,0.5925398468971252,0.9218181604809196,0.9199712925732308,0.9200041934003498
477,0.9555273652076721,0.4606327414512634,0.9171093702316284,0.6044753193855286,0.9190170842386571,0.916660954366155,0.9169247484540197
478,0.9560156464576721,0.46014735102653503,0.9234374761581421,0.5878257155418396,0.9249959156661034,0.9231648209206543,0.9231882938927749
479,0.953417956829071,0.46612057089805603,0.9210156202316284,0.5918650031089783,0.9225772523119729,0.9206080409242365,0.9206475641990679
480,0.95654296875,0.46073853969573975,0.9248437285423279,0.5816656947135925,0.9263368464482422,0.9244662698722267,0.924628467910267
481,0.9565625190734863,0.45989686250686646,0.9182031154632568,0.5995911955833435,0.9199667678036955,0.9177443971315622,0.9179517821303824
482,0.9567577838897705,0.45744994282722473,0.9160937666893005,0.6058027148246765,0.9180117388333054,0.9154518443130947,0.9157628046799569
483,0.9583789110183716,0.45408737659454346,0.9201562404632568,0.5929179191589355,0.9216554265444126,0.9197364197636859,0.9198658618673242
484,0.9578906297683716,0.4545866847038269,0.9221875071525574,0.5904630422592163,0.9235654436904195,0.921606115472402,0.9218066916498362
485,0.9586132764816284,0.4541085958480835,0.9212499856948853,0.5894924402236938,0.9230338086418886,0.9206508815942354,0.9208866195626462
486,0.9585351347923279,0.45266973972320557,0.9196093678474426,0.5918368101119995,0.9209910817232927,0.919144154452159,0.9193122592843641
487,0.9577734470367432,0.45348793268203735,0.921093761920929,0.5953410863876343,0.9224682461784435,0.9207013854998172,0.9208147259107906
488,0.9571679830551147,0.45844823122024536,0.9193750023841858,0.5924753546714783,0.9209128021430844,0.9188632997609953,0.9190949460036749
489,0.9570898413658142,0.4547426700592041,0.9209374785423279,0.5986371040344238,0.9223229452300844,0.9206108022636053,0.9207795837092526
490,0.9574023485183716,0.45673996210098267,0.9242187738418579,0.5882348418235779,0.9259034948933802,0.9238286466067221,0.9240572313245999
491,0.9597265720367432,0.4527111351490021,0.9200000166893005,0.603007435798645,0.9215126951275389,0.9195339348195299,0.9196702104285996
492,0.9566797018051147,0.45691433548927307,0.9224218726158142,0.5983949899673462,0.9237857845081235,0.922095133649651,0.92219104874161
493,0.9576171636581421,0.4572806656360626,0.9217968583106995,0.5891448855400085,0.9233089915089462,0.9216458054944531,0.9215942682292919
494,0.9579296708106995,0.4539889097213745,0.9217968583106995,0.5880071520805359,0.92320847196158,0.9214318669772471,0.9215234237517846
495,0.9564257860183716,0.45336124300956726,0.922656238079071,0.5994859933853149,0.9239699284953684,0.9221553285928998,0.9223723543180367
496,0.9579296708106995,0.45643681287765503,0.9228125214576721,0.5858879685401917,0.9244791495132779,0.9223128390489261,0.9224640223737286
497,0.9566406011581421,0.45786789059638977,0.9213281273841858,0.5947427153587341,0.9225111718236073,0.9211899166113676,0.9211247373279127
498,0.9573827981948853,0.45528683066368103,0.923046886920929,0.5862352252006531,0.9244138311708148,0.9227511362173509,0.9227996477418658
499,0.9584765434265137,0.452885240316391,0.916796863079071,0.6093305349349976,0.9183980625255291,0.9164226010815479,0.9165847537380369
500,0.9590234160423279,0.45124900341033936,0.9217187762260437,0.5897895693778992,0.9233714675397386,0.9212659429462128,0.9214742998603446
501,0.9566015601158142,0.4587007164955139,0.9232031106948853,0.5926510691642761,0.9247605738274617,0.9228802082944318,0.923030791665185
502,0.9566991925239563,0.45985138416290283,0.9182031154632568,0.602269172668457,0.9197417133928516,0.9178293639063577,0.918006637291229
503,0.9549413919448853,0.46065130829811096,0.918749988079071,0.5983313918113708,0.9200713465902228,0.9185560277825647,0.9186320607623952
504,0.957714855670929,0.4544382393360138,0.9210156202316284,0.5910277366638184,0.9227222897074642,0.920523123415949,0.9207264875019701
505,0.958300769329071,0.4543949365615845,0.9236719012260437,0.5898040533065796,0.9251971259355395,0.9233738490918442,0.9235463160425574
506,0.9587109088897705,0.4535854756832123,0.9217968583106995,0.5939266681671143,0.9233434430357577,0.9217554943212364,0.921764688846315
507,0.9587695598602295,0.4518308639526367,0.9183593988418579,0.6013128757476807,0.9199264209188046,0.917972687648547,0.918010772487328
508,0.9591211080551147,0.4487912058830261,0.9222656488418579,0.5938904285430908,0.9240251913750719,0.921914980738028,0.9220664043418505
509,0.9581640362739563,0.4513128697872162,0.9204687476158142,0.6060136556625366,0.9224042280107849,0.9201662651707048,0.9203940839666133
510,0.9582812786102295,0.4511503279209137,0.9235156178474426,0.5881660580635071,0.9251457318357574,0.9234096828168028,0.9234982175103112
511,0.9596288800239563,0.44867703318595886,0.9215624928474426,0.5874767899513245,0.9230435662650165,0.9211397795542947,0.9212847606661655
512,0.9571874737739563,0.4545099139213562,0.9228906035423279,0.5870816111564636,0.9244938408725221,0.922494098658662,0.9226613383567926
513,0.9551562666893005,0.46129924058914185,0.9233593940734863,0.5887519717216492,0.9247958448010247,0.9229107893290032,0.9230268670323736
514,0.9568750262260437,0.4572439193725586,0.9215624928474426,0.5934764742851257,0.9230377642284406,0.9210916352581802,0.9213015529644428
515,0.9566601514816284,0.4563275873661041,0.9182812571525574,0.5997273921966553,0.9197847181799117,0.9177103062357888,0.9178903109600556
516,0.9588476419448853,0.4538378417491913,0.921093761920929,0.593569278717041,0.9228818686278624,0.920601948478812,0.9207999096896711
517,0.9600976705551147,0.4473913908004761,0.9248437285423279,0.5818734765052795,0.9267688274732816,0.9244363048632753,0.9247174754870159
518,0.9570898413658142,0.4530978798866272,0.9201562404632568,0.5914409756660461,0.922019219982311,0.919734738773156,0.9199281315290062
519,0.9579882621765137,0.45371630787849426,0.9215624928474426,0.5900630354881287,0.9233704147707931,0.9211160524047013,0.9213832032604488
520,0.9587109088897705,0.4518662989139557,0.9237499833106995,0.5841526985168457,0.9253299530097908,0.923398347669982,0.9234787849416184
521,0.9596093893051147,0.44776055216789246,0.9214843511581421,0.5952931046485901,0.9233562865168952,0.9211415571107269,0.9213051488420669
522,0.9574413895606995,0.45305466651916504,0.9196875095367432,0.5898573994636536,0.9213020124667712,0.9194498131292882,0.9195329999251206
523,0.9570508003234863,0.4548351764678955,0.9243749976158142,0.5907673239707947,0.9258979288795,0.9242305406590229,0.9242554247110956
524,0.9596288800239563,0.4508819878101349,0.9190624952316284,0.5926132202148438,0.9206580980995791,0.9188177556173664,0.9188456547620498
525,0.9575585722923279,0.452584445476532,0.9203906059265137,0.5869514346122742,0.9218739828806635,0.9201103921926705,0.9202068254270229
526,0.9539648294448853,0.46137261390686035,0.9205468893051147,0.5990780591964722,0.9218254806858693,0.9199645413944811,0.9201529778475628
527,0.9563086032867432,0.46046870946884155,0.926562488079071,0.5874519944190979,0.9282372786913804,0.9260622423125723,0.9262693485574652
528,0.9570702910423279,0.4539026916027069,0.9196093678474426,0.6012094020843506,0.9212482018575383,0.919234921485856,0.9194476793985066
529,0.958300769329071,0.4542578160762787,0.918749988079071,0.5999024510383606,0.9204775475431222,0.9182451569024705,0.9185353961213167
530,0.9569922089576721,0.4550803005695343,0.921875,0.5871812701225281,0.9233633887755567,0.9214763666282775,0.9216287456995389
531,0.9582226276397705,0.45180895924568176,0.9228906035423279,0.5919749736785889,0.9245959319737647,0.9225293019645648,0.9226692310941742
532,0.9591991901397705,0.4494924247264862,0.9229687452316284,0.5836599469184875,0.9244706607301567,0.9226274169625919,0.9227857067699669
533,0.958203136920929,0.4523088335990906,0.9213281273841858,0.587929904460907,0.9226384630749831,0.9207366492653077,0.9209483772193316
534,0.9595507979393005,0.44683322310447693,0.9232812523841858,0.5841923356056213,0.9249424358483045,0.9228080527179967,0.9230143126353506
535,0.9585546851158142,0.45146000385284424,0.9224218726158142,0.5930977463722229,0.9239366319333806,0.9219093736871735,0.9221323999509465
536,0.9578710794448853,0.44975632429122925,0.9251562356948853,0.5779421329498291,0.926470986561096,0.9248310901747152,0.9248367160461447
537,0.9585351347923279,0.4479876458644867,0.9210156202316284,0.5883837342262268,0.9224806023271341,0.9205872492291037,0.9207197645869931
538,0.9574804902076721,0.45362502336502075,0.9235937595367432,0.5886370539665222,0.9249056440610467,0.9230786009291676,0.9232559528396548
539,0.9591601490974426,0.44771838188171387,0.9249218702316284,0.578294575214386,0.926435802343669,0.9245033645776113,0.9247104560984503
540,0.957812488079071,0.45042774081230164,0.9212499856948853,0.5963566303253174,0.9226686087372397,0.9206221145122455,0.9208674951586057
541,0.9565234184265137,0.45405319333076477,0.9185156226158142,0.6002566814422607,0.9203708583591578,0.9180500019641042,0.9183367306990917
542,0.9581835865974426,0.4526679217815399,0.9217187762260437,0.5853006839752197,0.9234916515784735,0.921140579501237,0.9214472464492405
543,0.9571484327316284,0.45400112867355347,0.9221093654632568,0.5869320034980774,0.9237329573375545,0.9216559525943078,0.92179773448906
544,0.9580078125,0.45156440138816833,0.9267968535423279,0.5836976766586304,0.9281288552521474,0.9262949853297636,0.9264733716099138
545,0.9573827981948853,0.4534364342689514,0.9210156202316284,0.5929657816886902,0.9225319898659641,0.9205714225234215,0.9207893151924544
546,0.9585937261581421,0.4507969319820404,0.9234374761581421,0.5888866782188416,0.9244683823433604,0.9230648613033204,0.923177038183802
547,0.9599023461341858,0.44861435890197754,0.9221875071525574,0.5934562087059021,0.9236401687485515,0.9216910459735589,0.9219442395911568
548,0.958300769329071,0.45207661390304565,0.9278905987739563,0.5812909007072449,0.9292211583370367,0.9275497929754646,0.9277439897628511
549,0.9569531083106995,0.4549037516117096,0.9224218726158142,0.5866790413856506,0.924225583378665,0.922052833759621,0.9222736120549087
550,0.9581835865974426,0.4503433108329773,0.923046886920929,0.5926566123962402,0.9246319322264576,0.9227048912250485,0.922836397352667
551,0.9564453363418579,0.4542934000492096,0.9250781536102295,0.59105384349823,0.9263327469271839,0.9247062526213945,0.9247670395351602
552,0.9574023485183716,0.4515604078769684,0.9201562404632568,0.6049659252166748,0.9218589204236969,0.9197736796418283,0.9200284936131532
553,0.9577734470367432,0.45205527544021606,0.9246875047683716,0.5853416323661804,0.9260917169183622,0.924394344252769,0.9244566077052307
554,0.9586718678474426,0.44863319396972656,0.926562488079071,0.5781762003898621,0.927880861258796,0.926194872360607,0.9263543774649021
555,0.9575781226158142,0.4531175196170807,0.9252343773841858,0.586330771446228,0.9270229033353303,0.9248926629972639,0.9251586140646709
556,0.9577538967132568,0.4519152045249939,0.9228125214576721,0.5906286835670471,0.9243976672203568,0.9224312211054233,0.9225098613145395
557,0.9593359231948853,0.45103317499160767,0.9255468845367432,0.5804704427719116,0.9271650583632537,0.9247115812007478,0.9251669669070922
558,0.95947265625,0.44817742705345154,0.9232031106948853,0.5854082107543945,0.9246239681208086,0.9228218863054853,0.9229964936649004
559,0.9598047137260437,0.4478954076766968,0.9260937571525574,0.5752540230751038,0.9273301078325095,0.9258567797585091,0.9259012193617111
560,0.9586523175239563,0.4476178288459778,0.9247656464576721,0.5886852145195007,0.9261409855184461,0.9242508145309052,0.9245077892226204
561,0.9587695598602295,0.44838178157806396,0.9266406297683716,0.582215428352356,0.927883083480693,0.9262290684315768,0.9263252749523142
562,0.9569140672683716,0.4539405405521393,0.9246875047683716,0.5903393030166626,0.9262944887585006,0.924332160625231,0.924442448925429
563,0.9572070240974426,0.45271265506744385,0.9235156178474426,0.5887176394462585,0.9249668751174434,0.9231527377476885,0.9233213672030212
564,0.9578515887260437,0.44992899894714355,0.9232812523841858,0.5910590291023254,0.9249337174793442,0.9228950959699914,0.9230099080272776
565,0.9571093916893005,0.4538121819496155,0.9256250262260437,0.5812646746635437,0.9270066578237849,0.9251437419585636,0.9254004361650812
566,0.9585156440734863,0.45121410489082336,0.9235937595367432,0.5867249965667725,0.9252220158269471,0.9231936565249151,0.9233070035988701
567,0.9574999809265137,0.45104753971099854,0.9248437285423279,0.5842437148094177,0.9263437586363608,0.9245482264707475,0.924645770741983
568,0.9613476395606995,0.44575709104537964,0.9229687452316284,0.5806705355644226,0.9245420067422767,0.9225571151875626,0.9227460978941298
569,0.9579882621765137,0.451577365398407,0.9236719012260437,0.5834702849388123,0.9248758106914161,0.9233110705507522,0.9234531637297426
570,0.9581835865974426,0.45177745819091797,0.9219531416893005,0.587352991104126,0.9236823311661377,0.921602278294226,0.921863441314341
571,0.9574023485183716,0.4533763825893402,0.9270312786102295,0.574418306350708,0.928456210175003,0.9267904388371612,0.9268921333402126
572,0.9569531083106995,0.45478031039237976,0.9241406321525574,0.5839626789093018,0.9256927941052147,0.9236172091434847,0.9239030233469857
573,0.9564843773841858,0.4556388556957245,0.9252343773841858,0.5793474912643433,0.9266767281347884,0.9251012109788639,0.925200573383532
574,0.9595702886581421,0.44803526997566223,0.9258593916893005,0.5808833837509155,0.9272744635301092,0.9256015792542236,0.9256828984614809
575,0.9605273604393005,0.44346868991851807,0.9284374713897705,0.5725221037864685,0.9300434242473911,0.9281057881140673,0.9282850569516907
576,0.9599804878234863,0.44838210940361023,0.9245312213897705,0.5755295157432556,0.9259396008828341,0.9240802176452361,0.9242336173086081
577,0.9579296708106995,0.4524296522140503,0.9235937595367432,0.5847298502922058,0.9252365282865769,0.9231116813634621,0.9234104735513199
578,0.9578515887260437,0.4500766396522522,0.9254687428474426,0.5840103626251221,0.9268475036472831,0.9250807450432248,0.9252707649126535
579,0.960156261920929,0.4448489844799042,0.9250781536102295,0.582277774810791,0.9266211188965082,0.9248298008339012,0.9249285132409519
580,0.9562890529632568,0.4552913308143616,0.9252343773841858,0.5803231596946716,0.9269746109311243,0.924769455115999,0.9250398611420998
581,0.9580468535423279,0.4496946632862091,0.9213281273841858,0.587069571018219,0.9232349297064508,0.9209226341129283,0.9211763009359588
582,0.9573437571525574,0.45419204235076904,0.9255468845367432,0.5775860548019409,0.9273376189199899,0.9252018523352101,0.9254694978924143
583,0.9598827958106995,0.447124183177948,0.92578125,0.576158344745636,0.9273889475093953,0.9254156409299598,0.9256255721243936
584,0.9579101800918579,0.4492722749710083,0.9247656464576721,0.5876993536949158,0.926133712501555,0.9242799838266882,0.9244732564055176
585,0.9577343463897705,0.45384830236434937,0.9274218678474426,0.5727885365486145,0.9290063973911282,0.9270067763900937,0.9272583060185511
586,0.9588671922683716,0.4509385824203491,0.9264843463897705,0.5789153575897217,0.9280472814308958,0.9261632594884592,0.926378501244622
587,0.9608007669448853,0.4442655146121979,0.9275000095367432,0.5703594088554382,0.9290945971148782,0.9271528380364122,0.9273552016804147
588,0.9619922041893005,0.44161275029182434,0.9189843535423279,0.5968866348266602,0.9207652463169969,0.9186292946469728,0.9187674893541247
589,0.9580078125,0.4497922956943512,0.9276562333106995,0.575355589389801,0.929239338063827,0.9275052495760175,0.9275883927242243
590,0.9608789086341858,0.4432739317417145,0.928515613079071,0.5730807781219482,0.9297626418511306,0.9281435209587292,0.9282017686004989
591,0.9573827981948853,0.4512313902378082,0.9251562356948853,0.5855728983879089,0.9266097639010563,0.9246296033515566,0.9248138862197557
592,0.9568554759025574,0.4529027044773102,0.9240624904632568,0.5846534371376038,0.9258451181882481,0.9235605436593042,0.9238146631680849
593,0.9585351347923279,0.4504856467247009,0.9270312786102295,0.5769928097724915,0.9286044159518078,0.9265131485659962,0.9267454286792666
594,0.96044921875,0.4430573284626007,0.9223437309265137,0.5888015627861023,0.9240894723919855,0.9219793335089685,0.9222608502213222
595,0.9595898389816284,0.44589242339134216,0.9247656464576721,0.5910278558731079,0.9264059623145716,0.924348981912658,0.9245326292833348
596,0.9600390791893005,0.44294464588165283,0.9261718988418579,0.5847375988960266,0.9276930121519336,0.9257889580686767,0.9259318124118895
597,0.9595702886581421,0.4454762935638428,0.9247656464576721,0.5855060815811157,0.9262221532466939,0.9242375094776677,0.9244481596573998
598,0.958789050579071,0.44654932618141174,0.9229687452316284,0.586509108543396,0.9246133254158853,0.9227157619198683,0.9227510498004794
599,0.9584375023841858,0.44740748405456543,0.9245312213897705,0.5870950222015381,0.9262053948378779,0.9242196552888469,0.924423378055337
600,0.9595898389816284,0.44472894072532654,0.9252343773841858,0.579465389251709,0.9266919149659208,0.9249260993812529,0.9250567266214222
601,0.9597851634025574,0.44567567110061646,0.9264843463897705,0.5856862664222717,0.9283725021901055,0.9260593789079699,0.9263479312120602
602,0.9587500095367432,0.44960975646972656,0.9254687428474426,0.5816783308982849,0.9269402246201975,0.9254084127798822,0.9254503031929144
603,0.9589062333106995,0.44426971673965454,0.9236719012260437,0.585711658000946,0.9253964444480904,0.9234779622089229,0.9236416182429896
604,0.9587304592132568,0.4474719762802124,0.9251562356948853,0.5823545455932617,0.9264754975522149,0.92503001198775,0.9250264528714264
605,0.9597265720367432,0.4442055821418762,0.9239843487739563,0.5848958492279053,0.9254695475197706,0.9239087025735311,0.9239694801665328
606,0.9589453339576721,0.44311389327049255,0.9296093583106995,0.5644793510437012,0.9313253772887327,0.9293099169925828,0.9296441872182312
607,0.9619531035423279,0.44005778431892395,0.9241406321525574,0.5794746279716492,0.925687815057926,0.9238440494976095,0.92399468596479
608,0.9567187428474426,0.4492494463920593,0.9229687452316284,0.5889279842376709,0.9245620293572518,0.9226114797771923,0.922758824533003
609,0.95654296875,0.45480361580848694,0.9249218702316284,0.5808586478233337,0.926455696272634,0.9246874796103228,0.9247829594326333
610,0.9584765434265137,0.4506794810295105,0.9261718988418579,0.5822679400444031,0.9276606269359489,0.9259170506704184,0.9260297900720833
611,0.9588086009025574,0.45086193084716797,0.9279687404632568,0.5775607824325562,0.9297276208325742,0.9275784018860683,0.9278280450377652
612,0.9599609375,0.4486040771007538,0.9233593940734863,0.5823424458503723,0.924968363031593,0.9230690834136646,0.9232654036463392
613,0.9566015601158142,0.45249801874160767,0.9275000095367432,0.5748031735420227,0.9291718159661279,0.9271465804798392,0.92736536958937
614,0.9573437571525574,0.4541766345500946,0.9211719036102295,0.5892568826675415,0.9227004036672901,0.9209104141690793,0.9210887795175035
615,0.9591601490974426,0.4483630657196045,0.9239062666893005,0.5787711143493652,0.9257505279925913,0.9235534554427185,0.9238512158757162
616,0.9590039253234863,0.44532814621925354,0.9271093606948853,0.5814455151557922,0.928612750440427,0.9268007745412818,0.9270017885344871
617,0.9599218964576721,0.4457232356071472,0.9279687404632568,0.5690683722496033,0.9291941346077747,0.9276709447652152,0.9277382338450798
618,0.9606835842132568,0.43998822569847107,0.9225000143051147,0.5867965817451477,0.9243679823524367,0.9222491395677177,0.9224391000488003
619,0.9578710794448853,0.44971856474876404,0.9260156154632568,0.5744163990020752,0.9273421254904578,0.9256634773418785,0.9258035848219011
620,0.9605859518051147,0.44219279289245605,0.9254687428474426,0.5811006426811218,0.9269563436039071,0.9251664477252617,0.925242804723121
621,0.95849609375,0.4477647840976715,0.9261718988418579,0.5847737789154053,0.9279081828572041,0.9257182007685141,0.9259655181683785
622,0.9597265720367432,0.44488033652305603,0.9249218702316284,0.5823972225189209,0.9262980695035054,0.9246634795283706,0.9248049468676414
623,0.9618359208106995,0.4391997456550598,0.928515613079071,0.5732959508895874,0.9299670555806114,0.9281602609899117,0.9282700946360399
624,0.961718738079071,0.4395753741264343,0.9254687428474426,0.5814256072044373,0.9267788272430324,0.9251802047472835,0.9252971738785305
625,0.9593945145606995,0.4442751705646515,0.9268749952316284,0.5711748600006104,0.9282403601202641,0.9267445883671204,0.9267264494185206
626,0.9584570527076721,0.44606199860572815,0.922656238079071,0.5874664783477783,0.9240413051788698,0.9221788993803475,0.9223678105852763
627,0.9599999785423279,0.43937358260154724,0.9283593893051147,0.5753794312477112,0.9297480422235229,0.9283281910665648,0.9283431211968051
628,0.9602734446525574,0.439845472574234,0.9281250238418579,0.5759511590003967,0.929379914720192,0.9277843268672519,0.9278565666511444
629,0.9596288800239563,0.44324517250061035,0.9264843463897705,0.5827100872993469,0.9278705600741513,0.9261069540166984,0.9263280534478819
630,0.9588671922683716,0.4468715786933899,0.9281250238418579,0.5775306224822998,0.9296096684034612,0.9278124578666072,0.9279414358520628
631,0.9579492211341858,0.44947701692581177,0.9240624904632568,0.5890153050422668,0.9253051066664404,0.9237425464460396,0.9238474017807642
632,0.9576367139816284,0.4508221745491028,0.921093761920929,0.5950849652290344,0.9227143076813411,0.9207996727283299,0.9209037590429363
633,0.9562109112739563,0.4537754952907562,0.9251562356948853,0.5858085751533508,0.9267054383097352,0.9249156405167449,0.9250050915992103
634,0.9590820074081421,0.44890296459198,0.9258593916893005,0.5793895125389099,0.9274262110627961,0.925597289114589,0.9257202558424867
635,0.9604882597923279,0.44461846351623535,0.9264062643051147,0.5765384435653687,0.9278383801363838,0.9261831798703103,0.9262565563028502
636,0.9593554735183716,0.44639942049980164,0.9271093606948853,0.5713915228843689,0.9284664960156362,0.9269194490512124,0.9269890781481094
637,0.9597070217132568,0.4448392391204834,0.9274218678474426,0.5782412886619568,0.9284797546000945,0.92727810784895,0.92725925370502
638,0.9594140648841858,0.44519752264022827,0.9244531393051147,0.5791493058204651,0.9259282906948519,0.9243291377980265,0.9243172089099534
639,0.9589257836341858,0.44371792674064636,0.9254687428474426,0.5735448002815247,0.9268282053280077,0.9252707428678166,0.9252463750772528
640,0.9595312476158142,0.44509658217430115,0.9298437237739563,0.5676718354225159,0.9312212217696122,0.9296876431188182,0.9297340077174239
641,0.9580859541893005,0.44965606927871704,0.9248437285423279,0.5860565304756165,0.9266594977032201,0.9246042551501394,0.9247033645335266
642,0.958691418170929,0.4450024664402008,0.9300000071525574,0.5726622939109802,0.9314932788683926,0.9296519696181313,0.9298102565263273
643,0.9605273604393005,0.4413595497608185,0.931640625,0.5661317706108093,0.9332119454206048,0.931286414045586,0.9315370645068737
644,0.9596093893051147,0.44228842854499817,0.9279687404632568,0.5729520320892334,0.9291561581663192,0.9276841160385714,0.9277337280715939
645,0.9619336128234863,0.43903619050979614,0.9287499785423279,0.5757613182067871,0.9301651619701954,0.9283737789745645,0.9286145452752608
646,0.9613085985183716,0.4404717683792114,0.9264062643051147,0.5739887356758118,0.9278074792316204,0.9262150041402013,0.9263483681456328
647,0.9594531059265137,0.44286593794822693,0.9296875,0.5707898139953613,0.9312500268572894,0.9292283376964483,0.9294655355602721
648,0.9573633074760437,0.4501766264438629,0.9284374713897705,0.5746378302574158,0.929610187597393,0.9281921534215114,0.9282296710059714
649,0.9605859518051147,0.4410571753978729,0.9252343773841858,0.5796087384223938,0.9269178552075532,0.9248958125283814,0.924982640095649
650,0.9615039229393005,0.43584758043289185,0.9292187690734863,0.5713399052619934,0.9305987899127289,0.928873487963487,0.9290630866674587
651,0.9591211080551147,0.44009721279144287,0.924609363079071,0.5755509734153748,0.9262628544499427,0.9242126685633403,0.9243886918754742
652,0.9607812762260437,0.4395885467529297,0.9258593916893005,0.5789371728897095,0.9271799292801893,0.92557943676198,0.9256288630572836
653,0.9593554735183716,0.44109681248664856,0.9261718988418579,0.5872931480407715,0.9277409174061875,0.9258284925171354,0.925978626401177
654,0.958300769329071,0.4470547139644623,0.9276562333106995,0.573670506477356,0.9290914307926621,0.9272225628458357,0.927384264662559
655,0.9599023461341858,0.4437570571899414,0.9268749952316284,0.5699039697647095,0.9280340333791164,0.9264651865041975,0.9265547786624264
656,0.9594531059265137,0.4454299807548523,0.9257031083106995,0.5698263049125671,0.9272769062132453,0.925464789474385,0.9255266897765725
657,0.9591601490974426,0.44558584690093994,0.926562488079071,0.576233446598053,0.9282540101650584,0.9260777309644426,0.9263270841757546
658,0.9591601490974426,0.44398534297943115,0.9297656416893005,0.5718367695808411,0.9310934007190328,0.9295710219196194,0.929661013372312
659,0.9583984613418579,0.4485742449760437,0.926953136920929,0.5839266180992126,0.9285529429092109,0.9266994336401472,0.926879687425675
660,0.9592187404632568,0.4431021809577942,0.9259374737739563,0.5794383883476257,0.9275383637209307,0.9256123769902276,0.9258361925433126
661,0.9603124856948853,0.4418780505657196,0.9286718964576721,0.5751544833183289,0.9301098893855306,0.9283122277533344,0.9285495563802163
662,0.960644543170929,0.44250786304473877,0.9303905963897705,0.569776713848114,0.9318884595377152,0.9301590945572022,0.9303111185650801
663,0.9608203172683716,0.441852331161499,0.9270312786102295,0.5766607522964478,0.9283496757036487,0.926712643196237,0.9268473134535847
664,0.9601757526397705,0.44027161598205566,0.9300781488418579,0.5685669779777527,0.9312453613186056,0.9296393927854483,0.9297690602348302
665,0.9578515887260437,0.44626176357269287,0.9287499785423279,0.5718560218811035,0.93001187445966,0.9283714466212525,0.9284839853430348
666,0.9579296708106995,0.4494491517543793,0.9260937571525574,0.5762910842895508,0.9271573141025771,0.9257470216485391,0.9258280225858211
667,0.9584570527076721,0.44368746876716614,0.9307812452316284,0.5702608227729797,0.9323523252826043,0.9305455555847372,0.9307568463298399
668,0.9590820074081421,0.4450113773345947,0.9283593893051147,0.5675004720687866,0.9296629910378605,0.9280336401397773,0.9281844961506276
669,0.9599609375,0.43956148624420166,0.9296875,0.5683891773223877,0.9309504683812295,0.929286631456582,0.9293831638922428
670,0.9602734446525574,0.4406098425388336,0.9282031059265137,0.5697788000106812,0.9296069091111759,0.9278561511046561,0.9279173676449447
671,0.9605468511581421,0.43968746066093445,0.9271875023841858,0.5689507126808167,0.9285445894364607,0.9269835798906415,0.927069293282104
672,0.9593164324760437,0.4428879916667938,0.9291406273841858,0.5695541501045227,0.9305603489901249,0.9286585818025421,0.9288671618366942
673,0.9585546851158142,0.4449622333049774,0.9282031059265137,0.5674661993980408,0.9297852308109296,0.9279660400643098,0.9280955195281824
674,0.9591991901397705,0.445882111787796,0.9275781512260437,0.5687375068664551,0.9286255535711554,0.9272497962194605,0.9273364980125941
675,0.9586132764816284,0.44469502568244934,0.9267968535423279,0.5734290480613708,0.9279778929080331,0.9265099385446902,0.9265536944589419
676,0.96044921875,0.4415034353733063,0.9275781512260437,0.5768628120422363,0.9289845195286653,0.9274092573357243,0.9274338684543635
677,0.9586328268051147,0.44509297609329224,0.9300000071525574,0.5694441199302673,0.9314118579772852,0.9297039870618191,0.9298139325311512
678,0.9598437547683716,0.4400741457939148,0.9255468845367432,0.5823767781257629,0.9272896978366724,0.9252818567071615,0.9254147415895269
679,0.9582617282867432,0.44685399532318115,0.9275000095367432,0.5730084776878357,0.9290839327611856,0.9272159565166637,0.9273620810439593
680,0.960742175579071,0.44020023941993713,0.9275000095367432,0.5808895826339722,0.9288206385959289,0.9271656033381352,0.9272713810967546
681,0.9608984589576721,0.4374428987503052,0.9270312786102295,0.5795514583587646,0.9284185362291849,0.9267180117825502,0.9268772565252301
682,0.9603515863418579,0.43980807065963745,0.9259374737739563,0.5787246227264404,0.9274000697997149,0.9257060288022253,0.9257964817540271
683,0.9597851634025574,0.4388066828250885,0.9278905987739563,0.5764028429985046,0.9294022973636636,0.9276626608553222,0.9277877922908279
684,0.959667980670929,0.4383818507194519,0.9282031059265137,0.5669065713882446,0.9295358643645686,0.9280594253930499,0.9280635240499526
685,0.9590039253234863,0.4422682225704193,0.9270312786102295,0.5703300833702087,0.9284981893523647,0.9267990622221567,0.9268110005740005
686,0.9596484303474426,0.4428785741329193,0.9237499833106995,0.5807462930679321,0.925314400941858,0.9234466112203825,0.9235794821384893
687,0.9611132740974426,0.4368264079093933,0.9287499785423279,0.5694528818130493,0.9304052393925787,0.928494251830271,0.9286946592539554
688,0.9598437547683716,0.44104477763175964,0.9271875023841858,0.5660578012466431,0.9285202430168298,0.926832052109066,0.9270208961967905
689,0.9601367115974426,0.4391911029815674,0.9260156154632568,0.5669970512390137,0.927570510584383,0.9257202008910939,0.9259292314758829
690,0.9585742354393005,0.4435006380081177,0.9286718964576721,0.5654837489128113,0.9297097925302732,0.928355722361244,0.9283500379138196
691,0.9608398675918579,0.43996283411979675,0.9228125214576721,0.5747685432434082,0.9240647224911065,0.922613698319503,0.9226200239656592
692,0.9615039229393005,0.43802112340927124,0.9268749952316284,0.5684686303138733,0.9284346177073537,0.9264485196934094,0.9265249433543379
693,0.9613476395606995,0.4364148676395416,0.9291406273841858,0.5638507604598999,0.9304785761489923,0.9290831331281582,0.9289868251810756
694,0.9607617259025574,0.4375465512275696,0.9274218678474426,0.5650583505630493,0.9285204513374445,0.9272155643877046,0.9272180521163892
695,0.9595312476158142,0.4404301047325134,0.9251562356948853,0.577272891998291,0.926381022871533,0.9249093256488214,0.9249349629549279
696,0.9602734446525574,0.44224342703819275,0.9302343726158142,0.5594673752784729,0.9313331677989416,0.9298471992688943,0.9298765936323528
697,0.9596484303474426,0.4379864037036896,0.9290624856948853,0.5571115016937256,0.9302374611160418,0.9287400488448108,0.928841625318362
698,0.960253894329071,0.4393228590488434,0.9272656440734863,0.5644552111625671,0.9288701136161741,0.92689467387771,0.9271793132420958
699,0.9584765434265137,0.44371891021728516,0.9247656464576721,0.5733960866928101,0.9263177989908042,0.9242222253953954,0.9244793288788069
700,0.9606054425239563,0.4368435740470886,0.9293749928474426,0.5597455501556396,0.9304875693282136,0.9288584304293661,0.9290578218929233
701,0.9594531059265137,0.4426634907722473,0.9317968487739563,0.56456059217453,0.9329436099788097,0.9314394865827538,0.9315168801696059
702,0.9621679782867432,0.4342171549797058,0.9260156154632568,0.575360119342804,0.9273219708768388,0.9256132013949329,0.9258077141482786
703,0.9588671922683716,0.44204655289649963,0.9297656416893005,0.5676605105400085,0.9311503513233035,0.9294162741746648,0.9296113284774473
704,0.9576171636581421,0.44714224338531494,0.9266406297683716,0.5755482316017151,0.9280218499046107,0.9263314506713437,0.9263482948738935
705,0.9605664014816284,0.4385504424571991,0.9282031059265137,0.5664586424827576,0.9296722283398619,0.9277961135793276,0.9279316953843437
706,0.9609960913658142,0.4361495077610016,0.9295312762260437,0.5697413086891174,0.9309835770414949,0.9291463853983994,0.9293827960753667
707,0.961230456829071,0.4375401735305786,0.9252343773841858,0.5735534429550171,0.9266227586642959,0.9247516923977688,0.9249373087900696
708,0.9626367092132568,0.4318128526210785,0.9297656416893005,0.5572972893714905,0.9312672418241104,0.9295942443852162,0.9297621952155324
709,0.9614062309265137,0.43659791350364685,0.9307812452316284,0.5679500102996826,0.9320067342912108,0.9303899440940895,0.930541159571181
710,0.9574218988418579,0.44381293654441833,0.9302343726158142,0.5659360885620117,0.9315863725948466,0.9299630870731935,0.9301017549416927
711,0.9602929949760437,0.4402877688407898,0.9271093606948853,0.5732009410858154,0.9284324194441658,0.9268610858631333,0.926911066084333
712,0.9574804902076721,0.4488447904586792,0.928906261920929,0.572827935218811,0.9302683884440899,0.9285367544796035,0.928763719447399
713,0.9591211080551147,0.4409441649913788,0.9303905963897705,0.5670405626296997,0.9318553152582278,0.9300770468747184,0.9302655439863445
714,0.9601171612739563,0.4406982660293579,0.9292187690734863,0.5627206563949585,0.9304433800621386,0.9289461298628172,0.9290561992212316
715,0.9595898389816284,0.44148117303848267,0.9267187714576721,0.5668867230415344,0.9279088324142679,0.926343933098003,0.9264267040760396
716,0.9604882597923279,0.43873080611228943,0.9292968511581421,0.5584825277328491,0.9307858572157443,0.9289654018760949,0.9291095260068694
717,0.9608398675918579,0.4358820617198944,0.9294531345367432,0.5656116008758545,0.9306353624525103,0.9291807479564897,0.9292388258574449
718,0.9592187404632568,0.4421807527542114,0.9272656440734863,0.5649260878562927,0.9287121600007855,0.9270006731476388,0.9271313752870113
719,0.9619531035423279,0.43544670939445496,0.926953136920929,0.5733383893966675,0.9285009626151342,0.9265087024589509,0.9267360548042802
720,0.9576367139816284,0.44617825746536255,0.9280468821525574,0.5645004510879517,0.9295162763488094,0.9277375945725193,0.927898656674395
721,0.9605078101158142,0.43770453333854675,0.926953136920929,0.5651556253433228,0.9285414359562205,0.9266552449485778,0.9268761520315568
722,0.9597265720367432,0.4387563467025757,0.9270312786102295,0.5677261352539062,0.9285448345555181,0.9266573464603992,0.9267728461028484
723,0.9615820050239563,0.4359797239303589,0.9274218678474426,0.5757453441619873,0.9287968858617759,0.9269301811004662,0.927158249340945
724,0.9592187404632568,0.4404066801071167,0.9307031035423279,0.5576204657554626,0.9319899590802643,0.9303377245291884,0.9304638625797447
725,0.9605273604393005,0.43844589591026306,0.926562488079071,0.5641642212867737,0.9281462041973452,0.9260777062251151,0.9263730672851795
726,0.9623437523841858,0.43563106656074524,0.9345312714576721,0.5474327802658081,0.9356987278546629,0.9341738775623825,0.9343179679945391
727,0.9605273604393005,0.43861058354377747,0.9298437237739563,0.5631057024002075,0.9311612200520984,0.9296128745066902,0.929714032260329
728,0.959765613079071,0.4377259314060211,0.9278125166893005,0.566921591758728,0.9293538354058204,0.9274188857575733,0.927644799689794
729,0.9601171612739563,0.4395054876804352,0.9285937547683716,0.5615030527114868,0.9301947529177357,0.9283137233194436,0.9284885495228696
730,0.9598047137260437,0.4396415948867798,0.9310156106948853,0.5585843324661255,0.9323675340224127,0.9308126467449325,0.9309355186780863
731,0.9594336152076721,0.44266319274902344,0.9299218654632568,0.5604093074798584,0.9309962316167284,0.9297025265034682,0.9297440272767905
732,0.9612500071525574,0.434443861246109,0.9299218654632568,0.5581364631652832,0.9312792633873348,0.9298133870165379,0.9298481074725057
733,0.9621288776397705,0.43295755982398987,0.9313281178474426,0.5553971529006958,0.9327119489444241,0.931207659431952,0.9313181194090894
734,0.9568164348602295,0.446025013923645,0.9281250238418579,0.5639022588729858,0.9296028931716169,0.9278296274106144,0.9280060313303109
735,0.9605273604393005,0.4393673241138458,0.9301562309265137,0.5599161386489868,0.9315072701227467,0.9298077965412117,0.9299662287790615
736,0.9604687690734863,0.43693187832832336,0.9305468797683716,0.5539407134056091,0.9319919799284216,0.9302880510277058,0.9304150893584353
737,0.9595702886581421,0.4391357898712158,0.9301562309265137,0.5576396584510803,0.9316387881982621,0.9299204255248357,0.9300400517458658
738,0.9614453315734863,0.43781617283821106,0.930859386920929,0.5569508671760559,0.9325490051243938,0.9306185301560761,0.930836871620728
739,0.9587500095367432,0.44081467390060425,0.9296875,0.5615204572677612,0.9313915332018665,0.9295507669671776,0.9297222101223326
740,0.9596093893051147,0.43927261233329773,0.9291406273841858,0.5610768795013428,0.930560307830324,0.9288027422753966,0.9289858305856626
741,0.9609179496765137,0.43754369020462036,0.928515613079071,0.5614574551582336,0.9296554576757805,0.9282513805104269,0.9282794368618229
742,0.9618164300918579,0.4339558482170105,0.9331250190734863,0.5460120439529419,0.9344543380969914,0.932929587875876,0.9330049926981041
743,0.9625390768051147,0.4338867664337158,0.9303905963897705,0.5548872351646423,0.931634726538489,0.9302058693579589,0.9302861816165966
744,0.9603710770606995,0.4388817548751831,0.9267968535423279,0.575537383556366,0.9280182449087009,0.9265762522906185,0.9266482501868218
745,0.9605468511581421,0.43420860171318054,0.9287499785423279,0.568405032157898,0.9304223525784604,0.9284577962124285,0.9286248461001141
746,0.9601367115974426,0.4378933012485504,0.9282812476158142,0.5658396482467651,0.929811753193704,0.9282272100789547,0.9282908340547059
747,0.9620898365974426,0.4341259002685547,0.930859386920929,0.566169023513794,0.9322009439636477,0.9304766323371123,0.9305921347651056
748,0.9584179520606995,0.43868881464004517,0.9285937547683716,0.5644629001617432,0.930071129947716,0.9282875263961856,0.9284398601330001
749,0.9592187404632568,0.4402121603488922,0.928515613079071,0.5665063261985779,0.929903848174703,0.9282363948216097,0.9283903724481702
750,0.9583398699760437,0.4416799247264862,0.9293749928474426,0.5669635534286499,0.9309272904813278,0.9291461410606808,0.9292803408605395
751,0.9600195288658142,0.43643614649772644,0.9319531321525574,0.5627256631851196,0.93341047702166,0.9317741902289454,0.9318862145963047
752,0.9619531035423279,0.43301892280578613,0.9276562333106995,0.5655139684677124,0.9290128065743275,0.9274151053171824,0.9274052567542421
753,0.9619531035423279,0.4331151247024536,0.9275000095367432,0.5728963017463684,0.9289461566350943,0.9272445172325775,0.9272854455344712
754,0.96142578125,0.43305933475494385,0.9307031035423279,0.5657597780227661,0.9319622196366435,0.9304487511819323,0.9305286348647229
755,0.9591015577316284,0.44285571575164795,0.9303125143051147,0.5566778182983398,0.9313343326186315,0.9300395583459162,0.9301393617550202
756,0.9590039253234863,0.4434860348701477,0.931640625,0.5587274432182312,0.9329364841568009,0.9314752555207623,0.9314941680114378
757,0.9615820050239563,0.43665650486946106,0.9290624856948853,0.561261773109436,0.9302945507069463,0.9286582794761624,0.9288355077454545
758,0.9616405963897705,0.4341403543949127,0.9312499761581421,0.5542539358139038,0.9325870292068524,0.9313099772692657,0.9313128492168845
759,0.9608007669448853,0.4357263445854187,0.9339843988418579,0.5549769401550293,0.9354175965672312,0.933741754411743,0.9338787610585706
760,0.9604882597923279,0.4382614493370056,0.926562488079071,0.5661172866821289,0.9281276509840175,0.9262218088375368,0.9264147288153275
761,0.9605664014816284,0.435791015625,0.9306250214576721,0.5632873773574829,0.9317209232747057,0.9303289205265043,0.9304322848125062
762,0.961718738079071,0.4344255328178406,0.9278905987739563,0.5625532269477844,0.9291876916374195,0.9278212603391122,0.9278350532007978
763,0.9601367115974426,0.43784940242767334,0.9303125143051147,0.5621781349182129,0.9313910718932426,0.9299343386048493,0.9300225635667645
764,0.9610156416893005,0.4373268187046051,0.931640625,0.5585851073265076,0.9330158015193746,0.9312558549124599,0.9314497033094782
765,0.9608593583106995,0.43202295899391174,0.931640625,0.5579013228416443,0.9330059399502413,0.931164910288104,0.9313679826922509
766,0.9623047113418579,0.4300003945827484,0.9310937523841858,0.5601178407669067,0.9326740735851833,0.9306941799517635,0.930893647174805
767,0.96142578125,0.43418774008750916,0.9282031059265137,0.5649350881576538,0.9295095856899231,0.9279374474367268,0.9279930810086867
768,0.9612695574760437,0.4352376163005829,0.9272656440734863,0.5645830631256104,0.9287310704363896,0.9268321257500398,0.9270266225409265
769,0.960156261920929,0.43896976113319397,0.9297656416893005,0.5649766325950623,0.9309733740071293,0.9293669090152483,0.92951144968268
770,0.9588867425918579,0.4366406500339508,0.9288281202316284,0.5663679838180542,0.9302523605980202,0.9286766737051844,0.9288108467201317
771,0.9580078125,0.44159185886383057,0.9299218654632568,0.5582591891288757,0.9312895850307772,0.9296310344678376,0.9297187043999551
772,0.9593554735183716,0.437656044960022,0.9278125166893005,0.5677294135093689,0.9291723286424107,0.9275669749527542,0.9276868574382197
773,0.9608593583106995,0.4369242787361145,0.9275781512260437,0.5652256608009338,0.9288978145957536,0.9273710516386338,0.9273302139958415
774,0.9600195288658142,0.434544175863266,0.928906261920929,0.5667710304260254,0.9306846001571509,0.9285041352656502,0.9287320051579642
775,0.9628515839576721,0.43244317173957825,0.9295312762260437,0.5602600574493408,0.9309458785947159,0.92912913295812,0.9293004071565987
776,0.9594922065734863,0.4358806908130646,0.9328906536102295,0.5587031841278076,0.9346670290023296,0.9325673203521366,0.9328220807814678
777,0.9606054425239563,0.43561333417892456,0.9267968535423279,0.5676199197769165,0.9280665814428788,0.9265946590982392,0.9266249426883293
778,0.961718738079071,0.4330463707447052,0.9273437261581421,0.5682719945907593,0.9285525279874032,0.9269271872658801,0.9269751033867111
779,0.9610937237739563,0.43478649854660034,0.9271093606948853,0.5723260045051575,0.9286625514405454,0.9267593130466816,0.9268992943963136
780,0.9620507955551147,0.43329814076423645,0.926562488079071,0.5737431049346924,0.9279757823373845,0.9263398797749861,0.9264030738712989
781,0.9608398675918579,0.43265843391418457,0.9295312762260437,0.5643957257270813,0.9308461736738036,0.9293861007075341,0.9294504704336788
782,0.9582226276397705,0.43966415524482727,0.9275000095367432,0.566244900226593,0.9287931041855526,0.92729659324296,0.9274065285333257
783,0.9601757526397705,0.43524056673049927,0.9253906011581421,0.5672459006309509,0.9269531281248874,0.92509190524824,0.925248939259757
784,0.9610742330551147,0.43327954411506653,0.9330468773841858,0.5533879399299622,0.9345321440825343,0.9326605837663077,0.9328528921013015
785,0.9600781202316284,0.4361433684825897,0.9284374713897705,0.5608173608779907,0.9298607332595857,0.9282211925400466,0.9282262785361068
786,0.9617578387260437,0.431772381067276,0.931640625,0.5551151037216187,0.9326947295828878,0.9313300951231778,0.9313838644895974
787,0.960644543170929,0.43283677101135254,0.9300000071525574,0.5589852333068848,0.9311670914502527,0.9296997377079682,0.929744096974497
788,0.9593554735183716,0.43860185146331787,0.930468738079071,0.5622237920761108,0.9316807773808169,0.9303182728614924,0.9303379541995478
789,0.9598047137260437,0.43664103746414185,0.9294531345367432,0.5538010597229004,0.9310270942251748,0.9291708567095006,0.9292319589578447
790,0.9596874713897705,0.43703988194465637,0.927734375,0.569962203502655,0.9289540161923475,0.9276173787713465,0.9274830230821597
791,0.9615039229393005,0.4310128390789032,0.9288281202316284,0.5700446963310242,0.9302477128765521,0.9286119192358786,0.9286394076738087
792,0.9601757526397705,0.4341241121292114,0.9319531321525574,0.5524187684059143,0.9333428553590591,0.9316575328416407,0.9317722119552928
793,0.9606835842132568,0.43604496121406555,0.9268749952316284,0.5658828616142273,0.9284591792323397,0.9266767683034278,0.9267791005659045
794,0.9608984589576721,0.4338133931159973,0.9306250214576721,0.5545675158500671,0.9316856636742133,0.9304364397694422,0.9304264831891133
795,0.9629882574081421,0.42843684554100037,0.9339062571525574,0.5475150942802429,0.9349905111475878,0.9337371405427397,0.9338025532820609
796,0.9620898365974426,0.42871329188346863,0.9309375286102295,0.5561807751655579,0.9322913937883804,0.9308090736961323,0.930800603992306
797,0.9618750214576721,0.43029794096946716,0.9296093583106995,0.5597254037857056,0.9306020028194135,0.9295486136929946,0.9294897915751836
798,0.9617382884025574,0.4314500391483307,0.9288281202316284,0.5702016353607178,0.9302916188271212,0.9285364275165938,0.928635172656389
799,0.9607617259025574,0.43310603499412537,0.926953136920929,0.5662636756896973,0.928216073819474,0.9268273781262545,0.9267666873752356
800,0.9617773294448853,0.4279676079750061,0.930859386920929,0.5575008988380432,0.9319959861402529,0.9308184754245756,0.9307623578686971
801,0.960644543170929,0.43263131380081177,0.9292968511581421,0.5688619017601013,0.9306559307196361,0.9290919679177716,0.9291422596456349
802,0.962207019329071,0.43168267607688904,0.9287499785423279,0.5661598443984985,0.9299435238829669,0.9287369742929943,0.9286876958455471
803,0.9607226848602295,0.4331122934818268,0.9306250214576721,0.562125563621521,0.9318814889328894,0.9304839042481126,0.9304643827430573
804,0.9610937237739563,0.4321160614490509,0.926562488079071,0.5677804350852966,0.9277208527057249,0.9262940534870288,0.9263365113422535
805,0.9603124856948853,0.436461478471756,0.9311718940734863,0.5541130900382996,0.9325721733037432,0.930993713445621,0.9310759205545431
806,0.9589257836341858,0.43739819526672363,0.9317968487739563,0.5588640570640564,0.9332927746572751,0.9316549938310139,0.931708994349004
807,0.9612890481948853,0.4335114359855652,0.928906261920929,0.560700535774231,0.9299598084848437,0.928809372020758,0.928761985873748
808,0.96337890625,0.4260683059692383,0.9303125143051147,0.5576170086860657,0.9316313690401192,0.9301114562077457,0.9301693131561234
809,0.9610351324081421,0.43203648924827576,0.930859386920929,0.5624569654464722,0.9322851728905317,0.9307439315021596,0.930800451924833
810,0.9620312452316284,0.4293975830078125,0.9310937523841858,0.553395688533783,0.9324909437127704,0.9308968613588138,0.9309325698225803
811,0.9609570503234863,0.4308848977088928,0.9318749904632568,0.5557485818862915,0.9333680705624439,0.9316734656529867,0.9317656796842387
812,0.9616601467132568,0.42804843187332153,0.931640625,0.5534043312072754,0.9333407326188496,0.9313795456955799,0.931518299523501
813,0.9614062309265137,0.4300444424152374,0.9286718964576721,0.5672147870063782,0.9300152689783754,0.9285420627982319,0.9286259174002361
814,0.9616015553474426,0.4312826991081238,0.9327343702316284,0.5543766021728516,0.9339577599978024,0.9327320657751637,0.9326310770911128
815,0.9614648222923279,0.43257302045822144,0.9279687404632568,0.557318925857544,0.9291528044384743,0.9277200972114694,0.9277673960583017
816,0.9615234136581421,0.4309923052787781,0.9344531297683716,0.5486864447593689,0.9357809990947313,0.9342177809632257,0.9342806179064505
817,0.9603515863418579,0.4320370852947235,0.9326562285423279,0.547234058380127,0.9337803266636316,0.9324553605414501,0.9325096547454608
818,0.9603320360183716,0.4340916872024536,0.9319531321525574,0.5580875277519226,0.9331887986427976,0.9317357471755865,0.9317462275575918
819,0.9605664014816284,0.4344881772994995,0.9286718964576721,0.5597600340843201,0.9300741992437066,0.92835207319965,0.9284370942090914
820,0.9621288776397705,0.42906445264816284,0.9321093559265137,0.5604583621025085,0.9334489148653302,0.9320162257576675,0.9319816997602068
821,0.9595507979393005,0.4372072219848633,0.9287499785423279,0.5671880841255188,0.9300256797422886,0.9284801780498267,0.9285397630096506
822,0.9617773294448853,0.4311876595020294,0.9290624856948853,0.5625008940696716,0.9303020975009324,0.9287841103881458,0.928885374347103
823,0.9571484327316284,0.4432266652584076,0.9295312762260437,0.5679595470428467,0.931201312765857,0.929310812016162,0.9294238939122217
824,0.9594531059265137,0.4392834007740021,0.9285937547683716,0.5682327151298523,0.9300238886623116,0.9282062175702973,0.9283438918015698
825,0.9606249928474426,0.43583717942237854,0.9331250190734863,0.5505039691925049,0.9345667964425018,0.9330437211742848,0.9331053562975974
826,0.9597461223602295,0.4345838129520416,0.9306250214576721,0.5622164607048035,0.9317224235781587,0.9305522790429503,0.9304989380066073
827,0.9603320360183716,0.4350738525390625,0.9296875,0.5586704015731812,0.9310646930683836,0.92941219931364,0.9295457215316381
828,0.9597461223602295,0.4370223581790924,0.9286718964576721,0.5671232342720032,0.9299181547596638,0.9283719748970326,0.9283753982858787
829,0.9621679782867432,0.43004313111305237,0.9333593845367432,0.5522785186767578,0.9345456794145812,0.9331000611006703,0.9331503982450705
830,0.9615429639816284,0.4329010844230652,0.9302343726158142,0.5603954792022705,0.9316263168874259,0.9299106253064665,0.9299760114116649
831,0.9623633027076721,0.4318448007106781,0.9297656416893005,0.5624380111694336,0.9309981071154549,0.9295329924324782,0.9296020077879765
832,0.96240234375,0.4275270402431488,0.9306250214576721,0.5567784309387207,0.9319067576717848,0.9303546062092187,0.9304461086251995
833,0.963183581829071,0.4283319115638733,0.9274218678474426,0.5704172253608704,0.9286038779517124,0.9271332769307833,0.9271890815174118
834,0.9616601467132568,0.42983365058898926,0.9294531345367432,0.555446982383728,0.9310947916549547,0.9292878089023634,0.9293705251451443
835,0.9603320360183716,0.4338754415512085,0.9317968487739563,0.5515492558479309,0.9331304925840107,0.9316351035688492,0.93177318769156
836,0.9606054425239563,0.4330424964427948,0.9313281178474426,0.5555450320243835,0.9326207648993509,0.9310536212957383,0.931163585381289
837,0.9623633027076721,0.42668959498405457,0.930468738079071,0.5644534230232239,0.9318144763565028,0.9301922353926071,0.9302828917391999
838,0.9613281488418579,0.43013012409210205,0.9301562309265137,0.5638666152954102,0.9315765231734715,0.9297067634483858,0.9299659602611476
839,0.9607812762260437,0.4315095841884613,0.9314844012260437,0.5589125752449036,0.9327649900050501,0.9312905879419899,0.9313795545595411
840,0.9609765410423279,0.4330410361289978,0.926953136920929,0.5702234506607056,0.928275219591794,0.9268685529962399,0.9267991093864276
841,0.9616015553474426,0.42869603633880615,0.9297656416893005,0.5636777281761169,0.930957115853768,0.9294856273438226,0.9295658904287621
842,0.9618750214576721,0.4285617470741272,0.9306250214576721,0.555179238319397,0.9317606100876588,0.9303358370670562,0.9303927479287071
843,0.9616992473602295,0.43037083745002747,0.9280468821525574,0.5658133029937744,0.9297943891430249,0.9277114196308565,0.9279650205088498
844,0.9609375,0.43252140283584595,0.9289844036102295,0.5647523403167725,0.9303603552964486,0.9287185542853411,0.9287961148598315
845,0.9607226848602295,0.4312904477119446,0.9325781464576721,0.5609391927719116,0.9337511736980302,0.9322700668754416,0.9324305058755262
846,0.9624218940734863,0.42588669061660767,0.930859386920929,0.5685218572616577,0.9320267147625365,0.9305648714809207,0.9306703825916642
847,0.9628710746765137,0.4278016686439514,0.9300781488418579,0.5540726184844971,0.9312919275735034,0.9299201689690693,0.929967625212804
848,0.9596484303474426,0.4340609610080719,0.9302343726158142,0.5559909343719482,0.9317560886833769,0.9300891813629035,0.9301552872918344
849,0.9580078125,0.4409664273262024,0.9292187690734863,0.561907947063446,0.930287560399542,0.928961053049933,0.9290534426028159
850,0.9591015577316284,0.43528273701667786,0.9297656416893005,0.5660396218299866,0.9307312566402838,0.9293482571643166,0.9294513045658885
851,0.9597461223602295,0.437501460313797,0.9297656416893005,0.5677499771118164,0.9312238303182692,0.9293486962661577,0.9295400076664091
852,0.9584765434265137,0.4425606429576874,0.9303125143051147,0.5635076761245728,0.9313788617739664,0.9299712932273736,0.9301062447310664
853,0.9594922065734863,0.4398156404495239,0.9303905963897705,0.5562410950660706,0.9316987496606166,0.9303810482832131,0.9304474037761714
854,0.9615039229393005,0.4319157302379608,0.932812511920929,0.5508508086204529,0.9340389666005482,0.9326857988460799,0.9327304895955715
855,0.9631249904632568,0.4268478453159332,0.9334375262260437,0.5504938364028931,0.9347931999599697,0.9332135441353775,0.9332580554651522
856,0.9627148509025574,0.42814499139785767,0.9282812476158142,0.5584081411361694,0.9297482044774861,0.927950522079874,0.9280741343843111
857,0.962109386920929,0.4326671361923218,0.9241406321525574,0.5759541988372803,0.9256405210193239,0.9236861292022507,0.9238066195182031
858,0.9617773294448853,0.4310184121131897,0.930859386920929,0.5566413402557373,0.9325784176807672,0.9305688407427152,0.930729871500706
859,0.9613085985183716,0.43183594942092896,0.9314844012260437,0.552517294883728,0.9329079269365315,0.931340727727469,0.9314252908671552
860,0.9616405963897705,0.4296325743198395,0.9313281178474426,0.5495396256446838,0.9324846345226123,0.9310022889788969,0.9310979553067447
861,0.9623047113418579,0.4264927804470062,0.9330468773841858,0.5512252449989319,0.9344361926559501,0.9327008952063341,0.9328775539756301
862,0.962109386920929,0.4283757507801056,0.9296093583106995,0.5584249496459961,0.9309395322751116,0.9293148640056139,0.9294543988787207
863,0.9633593559265137,0.42354816198349,0.9296875,0.5579071640968323,0.9309905855914603,0.9293722638641037,0.9294683274650076
864,0.9604101777076721,0.43233779072761536,0.932421863079071,0.5525256395339966,0.9336640316205451,0.9320600142146549,0.9323142126217898
865,0.9620116949081421,0.43014830350875854,0.9321874976158142,0.5485727787017822,0.933563837822275,0.9319403397863756,0.9320522419275892
866,0.9614453315734863,0.42928746342658997,0.9326562285423279,0.5448451042175293,0.9338907687017479,0.9324951264876067,0.932522776722233
867,0.9601171612739563,0.4329032897949219,0.930859386920929,0.5566616654396057,0.9322442110004582,0.9304727661372096,0.9306749566345263
868,0.9607226848602295,0.43314820528030396,0.9278125166893005,0.5643875002861023,0.9293100826351068,0.9276933362130668,0.9276983283208976
869,0.9594336152076721,0.43489375710487366,0.930468738079071,0.554436445236206,0.9315048860891153,0.9302128539050287,0.9302248854605285
870,0.9605859518051147,0.4342423379421234,0.9313281178474426,0.5574260950088501,0.9329358668614149,0.9311776900075698,0.931329766996934
871,0.9608007669448853,0.43107664585113525,0.9326562285423279,0.5530433654785156,0.9336904221635265,0.9321788578608649,0.9322482569546147
872,0.9613085985183716,0.4296199083328247,0.9346874952316284,0.5495107173919678,0.9361255309546623,0.934334850693252,0.9345179361445474
873,0.9615429639816284,0.42863142490386963,0.930468738079071,0.5578168630599976,0.9319879129975772,0.9302562593216634,0.93030739450436
874,0.9608593583106995,0.43166813254356384,0.9295312762260437,0.5580299496650696,0.9311295676282155,0.9291356535022283,0.9293656073513369
875,0.9618750214576721,0.42897364497184753,0.9299218654632568,0.5603739023208618,0.9310642616175342,0.9295984913594424,0.929715755707683
876,0.9616015553474426,0.4279658794403076,0.9296875,0.559338390827179,0.9309505826295469,0.9293799775861914,0.9295526291586442
877,0.9637109637260437,0.4248775839805603,0.9321093559265137,0.5548388361930847,0.9335447721035768,0.931773234796677,0.9320084951300023
878,0.9608789086341858,0.4305174648761749,0.930859386920929,0.5538282990455627,0.9323376867976647,0.9305208300067558,0.930702280889957
879,0.9595702886581421,0.43419957160949707,0.9321874976158142,0.5476241111755371,0.9337745506413268,0.9318089430930987,0.9320269911852459
880,0.9618750214576721,0.4287329614162445,0.9317968487739563,0.5557005405426025,0.932979440645302,0.9315667824562497,0.931660540176784
881,0.9616796970367432,0.4271676540374756,0.9296875,0.5588459968566895,0.9310415767690011,0.929195031959074,0.9294100770222176
882,0.9602734446525574,0.43477362394332886,0.9311718940734863,0.5503467321395874,0.9325119358667646,0.9308648683691993,0.9309488499633517
883,0.96044921875,0.43380215764045715,0.9284374713897705,0.559445858001709,0.9298164997923959,0.9281792934247846,0.9282818750669324
884,0.9600585699081421,0.43401774764060974,0.9302343726158142,0.5566725730895996,0.9315763628540886,0.9301219383453959,0.9300956281825558
885,0.9625390768051147,0.4248385727405548,0.9332812428474426,0.5465134978294373,0.9346961178643043,0.9329737632327991,0.9330724034844822
886,0.96044921875,0.43095967173576355,0.9339843988418579,0.5496830940246582,0.935292048079271,0.9336927326870984,0.9338877955864162
887,0.9630273580551147,0.4237337112426758,0.9326562285423279,0.5458085536956787,0.9340220501467306,0.9325247621173096,0.9325876766121408
888,0.9613281488418579,0.4282899498939514,0.9333593845367432,0.5461165904998779,0.9346373158895068,0.9331560446773242,0.9332516357491811
889,0.9611914157867432,0.42931851744651794,0.9323437213897705,0.5547953248023987,0.9334110135486853,0.9321325337212216,0.9322008074928876
890,0.9619726538658142,0.42773276567459106,0.9293749928474426,0.5561202764511108,0.9309440816252876,0.9290499849799297,0.929183117866164
891,0.9593945145606995,0.4324485659599304,0.9278905987739563,0.5667489171028137,0.9296484116764264,0.9275203473011344,0.9277027766094942
892,0.9616796970367432,0.4306424856185913,0.9317968487739563,0.551666259765625,0.9332929090056244,0.9315807919861152,0.9317544172313303
893,0.9625781178474426,0.4240507185459137,0.9353906512260437,0.5475711226463318,0.9370666782130077,0.9351155752761133,0.935293364797662
894,0.9636328220367432,0.4210858643054962,0.9307031035423279,0.5472797155380249,0.9321151324631816,0.9302835402948681,0.9305235159913298
895,0.9642382860183716,0.4210897386074066,0.9287499785423279,0.5608090758323669,0.9300599380660026,0.9283399663132581,0.928548027008851
896,0.9610546827316284,0.4308415651321411,0.9300781488418579,0.5549370646476746,0.9315350573529891,0.9297060220032589,0.9298309663980537
897,0.959277331829071,0.4328528940677643,0.9297656416893005,0.5582958459854126,0.9312694238330271,0.9295660002066848,0.9297149659522309
898,0.9594140648841858,0.4358750879764557,0.9338281154632568,0.5483874678611755,0.9347439892042309,0.9336077401343444,0.9336205185177653
899,0.9615039229393005,0.43085530400276184,0.9285937547683716,0.5593017935752869,0.9299471263447873,0.9283324884592892,0.9284702171219605
900,0.9623827934265137,0.4258846938610077,0.9305468797683716,0.5589215755462646,0.9317861190110859,0.9303244011730475,0.9303922408962182
901,0.9616796970367432,0.4278694987297058,0.9283593893051147,0.5599506497383118,0.9296434391882542,0.9280854216961871,0.9281823147678162
902,0.9613476395606995,0.4275372326374054,0.9275000095367432,0.559279203414917,0.9287656927610681,0.9273253600419769,0.9273286852814171
903,0.9622461199760437,0.4260105788707733,0.930468738079071,0.555894136428833,0.9318332328845134,0.9300585459944737,0.9301769860557526
904,0.9619726538658142,0.427518755197525,0.9299218654632568,0.5587476491928101,0.9309606381832614,0.9297900244426293,0.9297817643169215
905,0.9620312452316284,0.4265022575855255,0.9291406273841858,0.5590366125106812,0.9304825553319299,0.9287816859866432,0.9288733113947769
906,0.9596874713897705,0.43495652079582214,0.9282031059265137,0.5658392906188965,0.9296020323161442,0.9277347816273314,0.9278659244925183
907,0.9591015577316284,0.43626073002815247,0.9279687404632568,0.570132851600647,0.9295640840407196,0.9275760342590736,0.927781325447343
908,0.9608593583106995,0.43131178617477417,0.9300000071525574,0.5541468262672424,0.9314651882350022,0.9295955722524718,0.9297800934216143
909,0.9607226848602295,0.42908167839050293,0.9334375262260437,0.551710307598114,0.9347601425707904,0.93313887393794,0.9332455043410144
910,0.9616796970367432,0.4274279475212097,0.9330468773841858,0.5425198674201965,0.9341223662774861,0.9326274171439326,0.9327454710199357
911,0.9619922041893005,0.42650607228279114,0.9320312738418579,0.5487600564956665,0.933376466050853,0.9316409881136389,0.9317792317392576
912,0.9617578387260437,0.4267319142818451,0.9314062595367432,0.558183491230011,0.9325582201136958,0.9308958443344658,0.9310482476979696
913,0.962207019329071,0.42800620198249817,0.928515613079071,0.5576242804527283,0.9298383111486881,0.9280816050796419,0.9282699264411506
914,0.9623827934265137,0.4276351034641266,0.9306250214576721,0.5617256760597229,0.9320983586680085,0.9303402045356084,0.9304743757766948
915,0.961718738079071,0.42931750416755676,0.9314844012260437,0.5500403642654419,0.9329846525354288,0.9312969153384402,0.931406640937169
916,0.9605468511581421,0.42978569865226746,0.9323437213897705,0.5526230335235596,0.9335070681559425,0.9321089183807216,0.9321343883744305
917,0.9614843726158142,0.42758601903915405,0.930859386920929,0.5547227263450623,0.9320890609708796,0.9305997822272509,0.9306789217527194
918,0.9635546803474426,0.4218793511390686,0.9287499785423279,0.554495096206665,0.9300339598592744,0.9286692641106424,0.9286310059155373
919,0.9633984565734863,0.4226897060871124,0.9287499785423279,0.5561333298683167,0.9303497379764841,0.928667723219476,0.928729753213885
920,0.9627929925918579,0.42555105686187744,0.9285937547683716,0.5616540312767029,0.9299839187389415,0.9283593097662343,0.928388133587626
921,0.9614648222923279,0.4262145161628723,0.9292968511581421,0.5499006509780884,0.9308829178000815,0.9290937060125806,0.9291424931332173
922,0.9616992473602295,0.4256850481033325,0.9306250214576721,0.5532915592193604,0.9320155056568489,0.9302341986604128,0.9303806384189863
923,0.9610742330551147,0.42831528186798096,0.9295312762260437,0.5492343306541443,0.9311880257072402,0.9290964303521598,0.9293819480624252
924,0.9618945121765137,0.42884203791618347,0.9300000071525574,0.5554818511009216,0.9314786326059756,0.9296333749693397,0.9297561471446174
925,0.9611914157867432,0.42988717555999756,0.9321874976158142,0.5505003929138184,0.9333274694725742,0.931899572540209,0.9319079140245192
926,0.9618359208106995,0.4276781380176544,0.927734375,0.5602056980133057,0.9289772340886664,0.9273817722798022,0.927459921214666
927,0.9614648222923279,0.4287267029285431,0.9317187666893005,0.5498591065406799,0.9329053215311127,0.931473290482244,0.9315626306358178
928,0.9620507955551147,0.42667725682258606,0.9303905963897705,0.5556694865226746,0.9316576094227731,0.930068613140448,0.9302200766950448
929,0.9597851634025574,0.43227916955947876,0.9305468797683716,0.5515127182006836,0.9319990882011863,0.93021558063398,0.9304273777294769
930,0.9599999785423279,0.4333818554878235,0.9321874976158142,0.5571344494819641,0.9336304123504899,0.931707377150961,0.931978755678261
931,0.9597461223602295,0.4325477182865143,0.9307812452316284,0.5638380646705627,0.9323846808689056,0.9304563058073434,0.9305912683003672
932,0.9618554711341858,0.4290980100631714,0.9314062595367432,0.5513145327568054,0.9327800853473391,0.9309958335230009,0.9311725912233759
933,0.9598242044448853,0.43263283371925354,0.9330468773841858,0.550965428352356,0.934326710524519,0.9327150315177882,0.9328012838542936
934,0.9624804854393005,0.4261801838874817,0.9314844012260437,0.558258056640625,0.9326068471995652,0.9312359457716981,0.9313483052393959
935,0.9633007645606995,0.4234566390514374,0.9314844012260437,0.5518909692764282,0.9330550500997958,0.931368444102163,0.9314560524402082
936,0.9624218940734863,0.4263884425163269,0.9314062595367432,0.5505117177963257,0.9327833724496044,0.9310951012190919,0.9313028998358617
937,0.9617968797683716,0.4262429177761078,0.9311718940734863,0.5522356629371643,0.9324726379278279,0.9308084422289591,0.9309012499784461
938,0.9622656106948853,0.4232548475265503,0.9331250190734863,0.5487588047981262,0.9345855035733517,0.9328676367784422,0.9330250996172468
939,0.9622851610183716,0.4246634244918823,0.9335156083106995,0.5468780994415283,0.9350301300772932,0.9332558524002847,0.9332865805804846
940,0.9613867402076721,0.4267216622829437,0.9330468773841858,0.545592725276947,0.9343624077746522,0.9326772919026779,0.9327721737671295
941,0.9618359208106995,0.42398297786712646,0.9334375262260437,0.5487266778945923,0.9344759111212937,0.9331558938293045,0.9331026350470105
942,0.9634179472923279,0.4231029748916626,0.9333593845367432,0.5505671501159668,0.9347817372348042,0.9331850284273862,0.9332188612880985
943,0.9596093893051147,0.43219172954559326,0.9303905963897705,0.5615051984786987,0.9317974694190259,0.9303325803751791,0.9303893472961895
944,0.960253894329071,0.43064799904823303,0.9292187690734863,0.5557875633239746,0.9307230350845646,0.929013379126544,0.9291217355064216
945,0.9604296684265137,0.42998015880584717,0.9298437237739563,0.5545132160186768,0.9309460180191187,0.9294823937715391,0.9296239430014692
946,0.9609960913658142,0.43047669529914856,0.9291406273841858,0.560057520866394,0.9306435576896175,0.9289003511742276,0.9290310479617228
947,0.9616992473602295,0.42695263028144836,0.9360937476158142,0.5369101166725159,0.9373783561912818,0.9360073098931657,0.9360708055678829
948,0.9650195240974426,0.4177536368370056,0.9322656393051147,0.5492831468582153,0.9338810290203794,0.9320458780091463,0.9321996772708889
949,0.9626758098602295,0.4210812449455261,0.9353125095367432,0.5388433337211609,0.9364335418258725,0.9352063082596858,0.935177240680904
950,0.9622461199760437,0.4231724143028259,0.9303905963897705,0.5521752238273621,0.9314561760692891,0.9303315983197034,0.9302654052681745
951,0.9630273580551147,0.42423880100250244,0.9314844012260437,0.5499425530433655,0.9327846483198687,0.9310876455046497,0.9312725863892192
952,0.9639843702316284,0.4196159243583679,0.9300781488418579,0.5467485189437866,0.9312868010244659,0.9298108724522949,0.9298430633221937
953,0.9640429615974426,0.42039990425109863,0.9348437786102295,0.5448835492134094,0.9359255719625985,0.9346189710533177,0.9347298820617873
954,0.9611523151397705,0.4255276024341583,0.9310156106948853,0.544205904006958,0.9321211963232556,0.9307151724477334,0.9307821440386379
955,0.9618554711341858,0.4242137670516968,0.932421863079071,0.5473175644874573,0.9336906683144826,0.9320833754417901,0.9322160067461718
956,0.9624413847923279,0.42036548256874084,0.9314062595367432,0.5492106080055237,0.9330871487765094,0.9312733373491264,0.9313829443867876
957,0.9629492163658142,0.42004191875457764,0.9303905963897705,0.5455382466316223,0.9316983400484955,0.9301190706347335,0.9302469911304554
958,0.9652538895606995,0.4150509536266327,0.932812511920929,0.5422052145004272,0.9344237249037093,0.9326639333084996,0.9327227102031815
959,0.9620702862739563,0.42331528663635254,0.9325781464576721,0.5424298644065857,0.9341011650103239,0.9322717709518966,0.9324077281105343
960,0.9619726538658142,0.42213889956474304,0.9311718940734863,0.5547764301300049,0.9325168272182922,0.9308549290120478,0.9309785773609583
961,0.9623242020606995,0.42193034291267395,0.9298437237739563,0.5489228367805481,0.9311370345913599,0.929567379887888,0.9296564841250523
962,0.95947265625,0.4329039454460144,0.9328906536102295,0.5475479364395142,0.9342530674881632,0.9325490648211645,0.9326721144435006
963,0.9615039229393005,0.4259603023529053,0.9282031059265137,0.5585190653800964,0.9296837118371926,0.9279527447486257,0.9280717245212167
964,0.9622461199760437,0.4246779680252075,0.9292968511581421,0.5568254590034485,0.9308057991601572,0.9290706763719077,0.9291548737132272
965,0.9608789086341858,0.4262184500694275,0.9314062595367432,0.5498293042182922,0.9331565191458817,0.9310524960912073,0.9312364286370498
966,0.9631054401397705,0.42329928278923035,0.9299218654632568,0.5512977838516235,0.9312456406609345,0.9296888755522363,0.9297862586527419
967,0.9624999761581421,0.4250165820121765,0.9317187666893005,0.5477256774902344,0.9330029265512302,0.9315038218005156,0.9315088526038184
968,0.9608984589576721,0.42496275901794434,0.9307031035423279,0.5507323741912842,0.93224817679788,0.9303277022862622,0.9305143898839412
969,0.9600976705551147,0.4301239252090454,0.9336718916893005,0.5367459654808044,0.9351437317082464,0.9334285261014164,0.9335194525930158
970,0.960156261920929,0.42920833826065063,0.9300781488418579,0.5562939047813416,0.9313639565185325,0.9298742147128148,0.9300058166033368
971,0.9623047113418579,0.42535293102264404,0.9307031035423279,0.5561034679412842,0.9322136956220575,0.9305564743813044,0.9306194078866289
972,0.9605468511581421,0.42613983154296875,0.9296093583106995,0.5583924651145935,0.9309686912275574,0.9294349851135026,0.9294796287760936
973,0.9614648222923279,0.42746397852897644,0.9325781464576721,0.5486359000205994,0.9338309682460207,0.9324048778843321,0.9324264288617741
974,0.9609179496765137,0.4283125400543213,0.9303905963897705,0.5570728778839111,0.9316392323156956,0.9301871875472443,0.9302323036978323
975,0.9618945121765137,0.42512160539627075,0.9346874952316284,0.5431346297264099,0.9357547490910121,0.93455167498825,0.9346029191203316
976,0.9621875286102295,0.4245521128177643,0.9330468773841858,0.5515157580375671,0.9340991574127363,0.9327505857777434,0.9327733718150001
977,0.9620116949081421,0.4245554208755493,0.930859386920929,0.5523115396499634,0.9322769783626412,0.9306941773043421,0.9308294830318589
978,0.9620507955551147,0.4209420084953308,0.934374988079071,0.5456832647323608,0.935682921363969,0.9340335118297072,0.9342261360612214
979,0.9607617259025574,0.4273630380630493,0.9342968463897705,0.5511506199836731,0.9355768838688001,0.933997054986741,0.9341513903631165
980,0.9636328220367432,0.42392826080322266,0.9335156083106995,0.5461001992225647,0.934974234906564,0.9331718723576391,0.9333468084884261
981,0.9645702838897705,0.41503387689590454,0.9344531297683716,0.5458595752716064,0.9356613003492167,0.9342035107679056,0.9342934189152348
982,0.9634179472923279,0.4202520251274109,0.931640625,0.5475057363510132,0.9327309275620066,0.9314226445115177,0.9314510355633747
983,0.9620702862739563,0.4240405559539795,0.9323437213897705,0.5474647283554077,0.9340727665057322,0.9321361121982387,0.9323553431854168
984,0.9612890481948853,0.4237593114376068,0.9294531345367432,0.5568093657493591,0.9311317139347548,0.9291431704623228,0.9293589795716866
985,0.962597668170929,0.41946887969970703,0.9296093583106995,0.558157205581665,0.9309668833218736,0.9294976022277509,0.9295562438619607
986,0.9623633027076721,0.4238665699958801,0.9292187690734863,0.5546410083770752,0.9309653021760458,0.9289511906640118,0.9291062786788798
987,0.9620898365974426,0.4248248338699341,0.9317968487739563,0.5464575886726379,0.9331719943193403,0.9316172120519624,0.9317653455127688
988,0.9610546827316284,0.4280586540699005,0.9323437213897705,0.5494915843009949,0.9337712747003398,0.9321759104217086,0.9322976122668768
989,0.9610742330551147,0.4268706440925598,0.9314844012260437,0.5514352917671204,0.9329508760198958,0.9313027502226003,0.9314496359195008
990,0.9607812762260437,0.4277297258377075,0.9278125166893005,0.5691969394683838,0.9293211818000633,0.9276389411154544,0.9277093916138555
991,0.9617773294448853,0.42495250701904297,0.9307031035423279,0.5508834719657898,0.93207896434753,0.9305262181418071,0.9306116588075009
992,0.9634179472923279,0.41960009932518005,0.9317187666893005,0.538270890712738,0.9332546562769302,0.9313187768592306,0.9316243122242045
993,0.9623047113418579,0.4226680099964142,0.9305468797683716,0.5469049215316772,0.9316873118611305,0.9302997689025436,0.9303742869469067
994,0.9623242020606995,0.4239761233329773,0.9314844012260437,0.5416682362556458,0.9327834743397359,0.9313534311746055,0.9314087121036223
995,0.9624804854393005,0.4241851568222046,0.9337499737739563,0.5468787550926208,0.9349953159824504,0.9334374003381182,0.9336014587790422
996,0.9627929925918579,0.4200390875339508,0.9307031035423279,0.5467045307159424,0.9320193946194857,0.9304353740710865,0.930502178448837
997,0.9627148509025574,0.4234718680381775,0.9317187666893005,0.5518394112586975,0.9329992663982684,0.9315299847105435,0.9316488597884262
998,0.9627734422683716,0.4235899746417999,0.9321093559265137,0.542792022228241,0.9334173750362157,0.9318416566033032,0.9319730298141301
999,0.9633398652076721,0.41768839955329895,0.9328906536102295,0.545484185218811,0.9343846552841761,0.9326981279168447,0.9327400440158796
