epoch,accuracy,loss,val_accuracy,val_loss,val_precision,val_recall,val_f1
0,0.004667968954890966,11.135453224182129,0.0044531249441206455,10.588505744934082,0.004717475000005691,0.004344055098305318,0.003642094814433884
1,0.005664062686264515,10.719354629516602,0.004765625111758709,10.325857162475586,0.005620798855340534,0.004724887584586458,0.0047023708446040854
2,0.00927734375,10.386037826538086,0.005546874832361937,10.101755142211914,0.005676086097661152,0.00544418806900192,0.005282918612266686
3,0.010996093973517418,10.071535110473633,0.007656250149011612,9.885290145874023,0.007261319473247509,0.007541430508973851,0.007174380202150504
4,0.015175781212747097,9.7741060256958,0.0071875001303851604,9.675102233886719,0.007160229227561094,0.007088854753933971,0.006866820201817095
5,0.019023437052965164,9.482105255126953,0.009453125298023224,9.467988014221191,0.009537545470985353,0.009375985753063275,0.009033890438693515
6,0.023320311680436134,9.213534355163574,0.012500000186264515,9.256372451782227,0.012004564073083493,0.012284975272183817,0.011648998470987139
7,0.03134765475988388,8.91407299041748,0.014843749813735485,9.040412902832031,0.013678775640939046,0.014600377301355882,0.013574591687490499
8,0.04164062440395355,8.630184173583984,0.021484375,8.804587364196777,0.021114676093025607,0.021089614941975733,0.01996694590906673
9,0.05425781384110451,8.328985214233398,0.028437500819563866,8.549005508422852,0.027729160119451108,0.02790367100487562,0.02629603527748655
10,0.07439453154802322,8.003661155700684,0.04093749821186066,8.257823944091797,0.04053828160160983,0.040279080410508775,0.03800074794848013
11,0.09943359345197678,7.644566059112549,0.05414062365889549,7.9323506355285645,0.053067344315651306,0.05305869102079068,0.04992488029788151
12,0.12593750655651093,7.2811055183410645,0.07257812470197678,7.58053731918335,0.07281306925863704,0.07127237795685375,0.06666179031434641
13,0.15771484375,6.904519557952881,0.09007812291383743,7.224254608154297,0.0874235058731114,0.08854144907802175,0.08324325145501688
14,0.19783203303813934,6.539141654968262,0.11796875298023224,6.8692803382873535,0.1161321184426225,0.11568538578538141,0.10960033992053402
15,0.2316601574420929,6.187084197998047,0.15273436903953552,6.525454044342041,0.15303183136432602,0.1502969187029953,0.14393815756248524
16,0.2746289074420929,5.843372821807861,0.19148437678813934,6.188586235046387,0.1923448753547145,0.18871908753264632,0.18137977509699213
17,0.3190234303474426,5.519379138946533,0.22757811844348907,5.860785007476807,0.22529287729318953,0.22439453115834987,0.2168849142687811
18,0.36406248807907104,5.190924167633057,0.27242186665534973,5.547159194946289,0.27067749800495844,0.26903508791116815,0.2611103322914762
19,0.4142773449420929,4.883441925048828,0.31398436427116394,5.242376804351807,0.3127188911184753,0.31017604675507393,0.30254912448798194
20,0.45673829317092896,4.596205234527588,0.35874998569488525,4.954288005828857,0.359851367908556,0.3552127095857203,0.3486806884761007
21,0.49806639552116394,4.331078052520752,0.40101563930511475,4.687420845031738,0.4019957511550759,0.39744224964392727,0.39160657843372965
22,0.5361132621765137,4.089057445526123,0.44242188334465027,4.4383463859558105,0.44293356319160243,0.4386062926907609,0.4325045047459203
23,0.5762304663658142,3.8583176136016846,0.47929686307907104,4.2107157707214355,0.48235362689353134,0.47592474405796037,0.471624467624566
24,0.6060546636581421,3.6545586585998535,0.5082812309265137,4.006121635437012,0.5109858277959693,0.5049997573777488,0.5010852126110423
25,0.6369531154632568,3.4583382606506348,0.5397655963897705,3.8122472763061523,0.5434339164689004,0.5362406462819285,0.5327184971943498
26,0.6593945026397705,3.2972655296325684,0.565234363079071,3.638272762298584,0.5689909711697517,0.5620560681306751,0.5594525870822167
27,0.6892187595367432,3.122396230697632,0.5837500095367432,3.4814162254333496,0.5884970873675343,0.5806048302454003,0.5785280599770646
28,0.7069726586341858,2.979710102081299,0.608593761920929,3.332881450653076,0.6127364067692292,0.6056891775204836,0.6036595466124022
29,0.7278515696525574,2.844406843185425,0.6225000023841858,3.196751117706299,0.6263247388590856,0.6196815338572363,0.6179985675370416
30,0.7412695288658142,2.723140001296997,0.6426562666893005,3.0630762577056885,0.6468655491461235,0.6398722325242903,0.6386371117484126
31,0.7589257955551147,2.6032183170318604,0.6532031297683716,2.9475340843200684,0.6571396103983249,0.650674255946448,0.6497736650451063
32,0.7745898365974426,2.492837429046631,0.6646875143051147,2.838838815689087,0.6688198788792215,0.662441478943444,0.6614824923793011
33,0.7852538824081421,2.3931570053100586,0.6778125166893005,2.7367982864379883,0.6818838687212616,0.675641222722005,0.6749082989674419
34,0.7981250286102295,2.295452356338501,0.688671886920929,2.638077974319458,0.6922646771800892,0.6865310721225779,0.685893420808197
35,0.8087304830551147,2.2091517448425293,0.6973437666893005,2.5490970611572266,0.7019822176773632,0.6951978461379131,0.6948291719165779
36,0.8196874856948853,2.1192824840545654,0.701171875,2.465224504470825,0.7056411870944838,0.6991793814331879,0.6985641775047835
37,0.82958984375,2.037285089492798,0.71484375,2.37995982170105,0.7186970969077568,0.7129659223937047,0.7128491043702118
38,0.8371484279632568,1.9636727571487427,0.7196093797683716,2.3103208541870117,0.7239357016857418,0.7179437203719781,0.7178117121396395
39,0.8468554615974426,1.8888353109359741,0.7209374904632568,2.2327072620391846,0.7239496542280073,0.7192840310831122,0.7188944663342569
40,0.8529883027076721,1.8216956853866577,0.7307031154632568,2.1733484268188477,0.7346335668346278,0.7289287065736823,0.7287729833119283
41,0.8604297041893005,1.763578176498413,0.7332812547683716,2.105471134185791,0.736489208204513,0.7314150939089967,0.7312277594628318
42,0.8690234422683716,1.6954700946807861,0.7385937571525574,2.0534446239471436,0.7420978648895727,0.7369979368934237,0.7368552013603864
43,0.87255859375,1.6440321207046509,0.7442968487739563,1.9907587766647339,0.7477499691861195,0.7428884756011811,0.7429514184617048
44,0.8744726777076721,1.594956398010254,0.7513281106948853,1.9331806898117065,0.7548102758211923,0.7497537203038364,0.7497311291511846
45,0.8789843916893005,1.5437523126602173,0.7542187571525574,1.8788695335388184,0.757684427530366,0.7526544588007291,0.7525670138095368
46,0.8837695121765137,1.4916731119155884,0.7567968964576721,1.8288993835449219,0.7603063804209496,0.7551160308870096,0.7550304259768461
47,0.8896874785423279,1.4439750909805298,0.7599999904632568,1.792647361755371,0.7635684404655556,0.7582810157454984,0.7585187245157803
48,0.8933789134025574,1.402137279510498,0.7677343487739563,1.7375816106796265,0.7714899174313523,0.766466956457894,0.7665415719673692
49,0.8940625190734863,1.3670614957809448,0.7651562690734863,1.7024301290512085,0.768632878378317,0.7635306126713555,0.7634439717236062
50,0.8995702862739563,1.3228358030319214,0.774218738079071,1.6557849645614624,0.777732274626999,0.7726994945313213,0.7727452054708331
51,0.9018750190734863,1.2869945764541626,0.7739062309265137,1.6155914068222046,0.7773067267477347,0.7724530436665431,0.7723961018543933
52,0.9052343964576721,1.2501649856567383,0.7766406536102295,1.5844595432281494,0.779987746303741,0.7754788858842976,0.7754501350795503
53,0.9069140553474426,1.2145243883132935,0.7788281440734863,1.549299955368042,0.7815532766773337,0.7772432418099398,0.7771350195677779
54,0.9051952958106995,1.1897920370101929,0.7845312356948853,1.5113704204559326,0.7876182933104023,0.7833380217815782,0.7833761464340925
55,0.9095703363418579,1.1610043048858643,0.7864062786102295,1.4879541397094727,0.7890541553710416,0.7850323277593678,0.7851276802425661
56,0.9116015434265137,1.1300758123397827,0.7899218797683716,1.451855182647705,0.7933621188729525,0.7886167670399449,0.7887828105134373
57,0.9112695455551147,1.1070574522018433,0.7921093702316284,1.4289467334747314,0.795745287899343,0.7907169062765409,0.7909167805261372
58,0.9144921898841858,1.0800161361694336,0.7903125286102295,1.403635859489441,0.792814312297115,0.7890572764163977,0.7890846722150328
59,0.9151757955551147,1.0580382347106934,0.7951562404632568,1.3695459365844727,0.7980553661101896,0.7938342070422333,0.7939903116728517
60,0.9163476824760437,1.0341306924819946,0.7979687452316284,1.34967839717865,0.8006626758276456,0.7966385892681791,0.79658095363309
61,0.9189648628234863,1.010155439376831,0.7985156178474426,1.3251409530639648,0.8013338512357241,0.7974722528595672,0.7974990635937561
62,0.9212890863418579,0.9869453310966492,0.8072656393051147,1.294930100440979,0.8107574123846577,0.8061601560389162,0.8065317038744875
63,0.9208593964576721,0.9713501930236816,0.8068749904632568,1.2760090827941895,0.8097843284976254,0.805751045679317,0.8057709429233487
64,0.9230663776397705,0.9510655999183655,0.8060937523841858,1.267120361328125,0.8086683585335903,0.8049563523128307,0.8050978587886479
65,0.9230273365974426,0.933993399143219,0.8079687356948853,1.2358918190002441,0.8108808448403753,0.8069093394376934,0.8069445105366668
66,0.9237890839576721,0.9168658256530762,0.8025000095367432,1.2315853834152222,0.8054342520161712,0.8012082492607995,0.8013106888160342
67,0.9254687428474426,0.8971179723739624,0.8130468726158142,1.1966642141342163,0.8162495051105383,0.8118557449303176,0.8119516534141229
68,0.925097644329071,0.8855648040771484,0.8090624809265137,1.1884241104125977,0.8118789370900481,0.8079963575323966,0.8080378557958208
69,0.9259374737739563,0.8709689378738403,0.8203125,1.1548435688018799,0.823226305950029,0.8191596963881531,0.8194720387355532
70,0.9261523485183716,0.8574942946434021,0.8162500262260437,1.1567833423614502,0.8188592808104526,0.8151237442056194,0.8152744235273248
71,0.9245898723602295,0.8456586599349976,0.8155468702316284,1.1458820104599,0.8189790663148582,0.8146121593554058,0.8148673806445184
72,0.9253906011581421,0.8341461420059204,0.8148437738418579,1.1237698793411255,0.8179361460048391,0.8137627274666556,0.8137708650618614
73,0.9283984303474426,0.8188733458518982,0.815625011920929,1.1169078350067139,0.8186389657627104,0.814714924863398,0.8145987336039091
74,0.9289453029632568,0.8079512119293213,0.8208593726158142,1.095725178718567,0.8235012179612166,0.8202429122057258,0.8201960062708141
75,0.9284961223602295,0.7978100776672363,0.8177343606948853,1.0873733758926392,0.821285108848482,0.8171447643079789,0.81724475493083
76,0.9303515553474426,0.7853133678436279,0.8194531202316284,1.0698769092559814,0.8231111423316981,0.8186538789628522,0.8188264018306125
77,0.9297460913658142,0.7787922024726868,0.8223437666893005,1.0566034317016602,0.8255849131618034,0.8217003578558462,0.821746354395158
78,0.9300585985183716,0.7680187821388245,0.8245312571525574,1.046486735343933,0.8277429384481224,0.8234373439947639,0.8237215985199389
79,0.9330468773841858,0.7531277537345886,0.830859363079071,1.0306881666183472,0.8337343931845389,0.8297855667375398,0.8300278532107295
80,0.9314844012260437,0.7465314269065857,0.8276562690734863,1.0317686796188354,0.8307044788174777,0.8267625024845737,0.826937585360001
81,0.9307226538658142,0.7411954998970032,0.8267187476158142,1.0211870670318604,0.8300241832065279,0.8257098942908672,0.8258034732345589
82,0.9308007955551147,0.7365190386772156,0.8264843821525574,1.0113884210586548,0.8288574174379231,0.8254951138576093,0.825657964828901
83,0.9305664300918579,0.7294460535049438,0.8314843773841858,0.9958564639091492,0.8342412874197436,0.8306371369048919,0.8308558472603358
84,0.9327343702316284,0.7185341119766235,0.8318750262260437,0.9825588464736938,0.8345200509708893,0.831121495316101,0.8311830121259038
85,0.9368945360183716,0.7037665843963623,0.8321874737739563,0.9730428457260132,0.8347204226496935,0.831601337111126,0.8315223148680515
86,0.9363476634025574,0.6963000297546387,0.8303906321525574,0.9798126220703125,0.8327084353932226,0.8296070071666981,0.8295405399846378
87,0.9346679449081421,0.6914166808128357,0.8342187404632568,0.9581966996192932,0.8364004880196967,0.8333814518361493,0.8334187949437027
88,0.9346484541893005,0.6861499547958374,0.8355468511581421,0.9563241600990295,0.8387245843478603,0.834637312108697,0.8348791331521166
89,0.9353125095367432,0.6791434288024902,0.8389062285423279,0.9376160502433777,0.8420087525319004,0.8383391089796095,0.8385514241103627
90,0.9356640577316284,0.6765363812446594,0.838671863079071,0.9341068267822266,0.8421890726970449,0.8379808139932581,0.8380160136271975
91,0.9375,0.6685872673988342,0.8439062237739563,0.9191451072692871,0.8463177543941459,0.8427743988310687,0.8429595203904227
92,0.937207043170929,0.6597312092781067,0.8355468511581421,0.9283056855201721,0.8385411909709239,0.8347565364334597,0.8349095308232
93,0.9355664253234863,0.6585262417793274,0.842578113079071,0.9101500511169434,0.8452923029427148,0.8418369641216331,0.8418220810385842
94,0.938281238079071,0.6491931676864624,0.844531238079071,0.9075138568878174,0.8472114627603821,0.8437078320426432,0.8438732408677493
95,0.9387890696525574,0.6447554230690002,0.8426562547683716,0.9101314544677734,0.8454509396978489,0.8419068185234642,0.8420288045080604
96,0.9375,0.6415573358535767,0.8423437476158142,0.9023747444152832,0.8449918904177575,0.8416187116099574,0.8416277282012484
97,0.939453125,0.6353151798248291,0.8408593535423279,0.8975086212158203,0.843428014534469,0.8401193207959612,0.8401898607232707
98,0.9379687309265137,0.6321138739585876,0.8453906178474426,0.8888527750968933,0.8479857076429723,0.8446312165421402,0.8447700014501918
99,0.939746081829071,0.6264223456382751,0.8471875190734863,0.886313796043396,0.8498555009394786,0.8464091017454944,0.8465893657765164
100,0.9377343654632568,0.6278332471847534,0.8397656083106995,0.8877205848693848,0.8430749600096166,0.8390427463824068,0.8391649321224414
101,0.9346484541893005,0.6318247318267822,0.845703125,0.8812487125396729,0.8495808846749962,0.8449934758011832,0.8453639036280769
102,0.9368749856948853,0.625269889831543,0.8421093821525574,0.8792083859443665,0.8451068562541377,0.8413755502677187,0.8416757606048306
103,0.9372460842132568,0.6222770810127258,0.8424218893051147,0.875752866268158,0.8452969769627721,0.841922228446086,0.8419098827085676
104,0.9403320550918579,0.6116881370544434,0.8448437452316284,0.8681190609931946,0.8475192752835209,0.8441783569881198,0.8442742124798772
105,0.9415624737739563,0.6055651903152466,0.8530468940734863,0.8580028414726257,0.8556934453736189,0.8526250763109436,0.8526764715834598
106,0.9425390362739563,0.5986549854278564,0.8525000214576721,0.8450475931167603,0.8554389391813176,0.8517328338424683,0.851936486587032
107,0.9383007884025574,0.6052282452583313,0.8480468988418579,0.8603790998458862,0.851176776875602,0.8472207356772052,0.847399555620804
108,0.9410547018051147,0.5957459211349487,0.8504687547683716,0.8512441515922546,0.8529291563424665,0.8496479652654065,0.849878742629324
109,0.9408203363418579,0.5935579538345337,0.852734386920929,0.8418914675712585,0.855393776580337,0.8518457789226966,0.8521874999777865
110,0.9411718845367432,0.5901725888252258,0.8555468916893005,0.8384157419204712,0.8589120190384196,0.8548549385661421,0.8548893256761394
111,0.943652331829071,0.5834873914718628,0.8551562428474426,0.8395142555236816,0.8580812472656597,0.8544113659840535,0.8545964506625598
112,0.9388672113418579,0.5903196930885315,0.8531249761581421,0.8428550958633423,0.8559328999456601,0.8522797665353445,0.8524181610036885
113,0.9397070407867432,0.5883817076683044,0.8491406440734863,0.8419443368911743,0.851543228920783,0.8484410631088515,0.8485804531892367
114,0.9434179663658142,0.5774899125099182,0.8558593988418579,0.8227332234382629,0.8585424012061583,0.8549516502177776,0.8551946733653819
115,0.9417383074760437,0.5769186615943909,0.8515625,0.8236855268478394,0.8550416643448362,0.8505754640313118,0.850889786215562
116,0.9407812356948853,0.5782995820045471,0.8509374856948853,0.8288813829421997,0.8539437733065238,0.8500931837664829,0.8502924514624091
117,0.9401171803474426,0.5772320032119751,0.8539843559265137,0.8232823014259338,0.8566428158077588,0.8526696812660668,0.8530806357869618
118,0.9419140815734863,0.5739590525627136,0.8581249713897705,0.8121674060821533,0.8611690440255424,0.8572262276290348,0.8574430706981323
119,0.9428906440734863,0.5678141117095947,0.858203113079071,0.8101059198379517,0.8607994391668455,0.8574026470904434,0.8576051116080217
120,0.9414452910423279,0.5684303641319275,0.8579687476158142,0.803354799747467,0.8602797750558633,0.8570142181750634,0.8572099100467842
121,0.9438672065734863,0.5614578723907471,0.856640636920929,0.8023062348365784,0.8584402758826152,0.8558537951900904,0.8558645448458169
122,0.9422460794448853,0.564547061920166,0.8534374833106995,0.8200212121009827,0.8560189091248243,0.8525974118176449,0.8528268140049742
123,0.9409961104393005,0.568580687046051,0.8579687476158142,0.8060796856880188,0.8608090180686379,0.8572256253767656,0.8574016571074852
124,0.9424804449081421,0.5605495572090149,0.8603125214576721,0.7939733266830444,0.8624152229898465,0.8596486905283226,0.8596611532439105
125,0.9407617449760437,0.5641223192214966,0.859375,0.8024632334709167,0.8618666271681666,0.8586650479530842,0.8587986159930583
126,0.9431836009025574,0.5590251684188843,0.8567968606948853,0.8016946911811829,0.859321803437197,0.8558149757155019,0.8560635535391226
127,0.9466406106948853,0.5521202087402344,0.8589062690734863,0.7895557880401611,0.8616144402739745,0.857985888684168,0.8582735981024516
128,0.9419726729393005,0.5567529201507568,0.8577343821525574,0.7957461476325989,0.8608855276813163,0.857129259415834,0.8574232517610509
129,0.943652331829071,0.5532773733139038,0.8588281273841858,0.7876458764076233,0.8611929838959622,0.8580084323359151,0.8580858985586277
130,0.9431250095367432,0.5531454682350159,0.8649218678474426,0.7800273299217224,0.866637387608627,0.8641816600063544,0.8644127926644176
131,0.9447265863418579,0.5490197539329529,0.8625781536102295,0.7773826122283936,0.8645133825678386,0.8618506274612966,0.8620220100151752
132,0.9436328411102295,0.5490872263908386,0.8660937547683716,0.773201584815979,0.868572490200913,0.8655118308887974,0.8655988803750921
133,0.9476367235183716,0.5390316247940063,0.8695312738418579,0.7693679332733154,0.8716823076368927,0.8688668661643564,0.8689382503216175
134,0.9445117115974426,0.5457797050476074,0.8612499833106995,0.7785181999206543,0.8640315054315337,0.8603988107286208,0.8606530751634258
135,0.9454296827316284,0.5403335094451904,0.8618749976158142,0.7796608805656433,0.8647328502061045,0.8612061743166011,0.8612845092657647
136,0.945117175579071,0.5405451059341431,0.864453136920929,0.7692462205886841,0.8669582918672845,0.8639250901285517,0.8640924162110685
137,0.9458984136581421,0.5384573936462402,0.8643749952316284,0.7740914225578308,0.8667264367279952,0.8639619070135527,0.8640281951381185
138,0.9435741901397705,0.5433582067489624,0.8645312786102295,0.7791478037834167,0.867118859979262,0.8640194670080414,0.864236534937253
139,0.9431054592132568,0.5422611832618713,0.8654687404632568,0.7655141949653625,0.8678363530001029,0.864847253139936,0.8649513166417991
140,0.9461914300918579,0.5354548096656799,0.8633593916893005,0.7775326371192932,0.8658282285440193,0.8626301511834578,0.8628225471700757
141,0.9452343583106995,0.5371905565261841,0.8671875,0.7663317918777466,0.8697150510996405,0.8663233430216932,0.8665719174267354
142,0.9447460770606995,0.5345432758331299,0.8725000023841858,0.7537117004394531,0.8751352226564175,0.8717695092618467,0.8721203364372787
143,0.9447851777076721,0.5340898633003235,0.869921863079071,0.7536888718605042,0.872191180323608,0.8695765519959379,0.8696273278558322
144,0.945507824420929,0.5301958322525024,0.8696093559265137,0.7546725273132324,0.8720642854899318,0.8688017152080931,0.8690624588127644
145,0.9472070336341858,0.5269749164581299,0.8723437786102295,0.7540228366851807,0.875005881842186,0.8713663072260989,0.8717673096825529
146,0.9470898509025574,0.5288505554199219,0.8706250190734863,0.7459561824798584,0.8726811289722024,0.8698924991358701,0.870130488026712
147,0.9460546970367432,0.5294970870018005,0.8673437237739563,0.7684202790260315,0.8703487255426997,0.8664852287100773,0.8667826963060812
148,0.9473437666893005,0.5248132944107056,0.8682812452316284,0.751298189163208,0.8705794921603787,0.8676747041203473,0.8678368688743723
149,0.9466406106948853,0.5246852040290833,0.8736718893051147,0.7539896965026855,0.8769143865308471,0.8726616132269046,0.8730508634181953
150,0.9473828077316284,0.5239355564117432,0.8724218606948853,0.7523713707923889,0.8750097920237967,0.8715108236461073,0.8716412565360576
151,0.9484961032867432,0.5195422172546387,0.8726562261581421,0.7443782091140747,0.8748664902120193,0.8721420504969872,0.8722418331844901
152,0.9472460746765137,0.524153470993042,0.871874988079071,0.7515602707862854,0.8742138652001654,0.8710859252442743,0.8711417585998722
153,0.9472851753234863,0.5223657488822937,0.8649218678474426,0.7666587829589844,0.867728941281884,0.8641887250957783,0.8644031335969158
154,0.943554699420929,0.530051589012146,0.867968738079071,0.7546980381011963,0.8704278625659617,0.8673973370869248,0.8674601012431249
155,0.9449804425239563,0.5263404250144958,0.8721874952316284,0.7529032826423645,0.8741989428477588,0.8713395336862086,0.8714693074458625
156,0.9454492330551147,0.5230768322944641,0.8693749904632568,0.7553673386573792,0.871755985469054,0.8687061599191954,0.8687884106987774
157,0.9461328387260437,0.5213636159896851,0.876953125,0.7447416186332703,0.8793158933344475,0.8760613991044812,0.8762358602601422
158,0.9479882717132568,0.515129566192627,0.8757030963897705,0.7407179474830627,0.8783636270013593,0.8750584829915897,0.875355777078778
159,0.9455859661102295,0.5210220813751221,0.874218761920929,0.7372523546218872,0.876782771099292,0.8737894268474187,0.873936209362748
160,0.9458984136581421,0.5225939750671387,0.8741406202316284,0.7360208034515381,0.8764820174223051,0.873380089628887,0.8735586278328358
161,0.9466015696525574,0.5198862552642822,0.8773437738418579,0.7302085757255554,0.8797640947891132,0.8764157602388734,0.8767940180591711
162,0.9456250071525574,0.520547091960907,0.873828113079071,0.7403850555419922,0.8764364442893717,0.873333267454404,0.8736126075304604
163,0.9475390911102295,0.5160137414932251,0.8725781440734863,0.7416170239448547,0.8751198360982732,0.8718369914992429,0.872108809191533
164,0.9477929472923279,0.5134823322296143,0.8773437738418579,0.7301196455955505,0.8798265218762014,0.8767401781603374,0.8768730670130838
165,0.9497460722923279,0.5093331933021545,0.871874988079071,0.7373837828636169,0.8742437223560586,0.8712643749692683,0.8713548604577032
166,0.9454882740974426,0.5170649290084839,0.8793749809265137,0.7321302890777588,0.8816894209874969,0.8788568256578684,0.878994575758755
167,0.9466992020606995,0.5172525644302368,0.874218761920929,0.7350452542304993,0.8767172822243775,0.8737122290441772,0.8738243176923033
168,0.9472851753234863,0.5128309726715088,0.8779687285423279,0.7246158719062805,0.8805391805402963,0.8774381503802271,0.8776553593881413
169,0.9491015672683716,0.5067054629325867,0.878125011920929,0.7271120548248291,0.8804686544912216,0.8773894487765003,0.8776014169419928
170,0.9466797113418579,0.5143840312957764,0.8754687309265137,0.7257823348045349,0.8776397089260999,0.8747759427559352,0.8749297409970278
171,0.9469140768051147,0.5122874975204468,0.8724218606948853,0.7325534224510193,0.8750440721957156,0.8716077577924924,0.8719081171473717
172,0.9491797089576721,0.5085690021514893,0.8753125071525574,0.7275392413139343,0.8778379969408486,0.8747853776560479,0.8749255424051255
173,0.949023425579071,0.5075504779815674,0.8793749809265137,0.7209125757217407,0.881668455374115,0.8786975616116857,0.8789654384097831
174,0.9469335675239563,0.5120576620101929,0.8822656273841858,0.7151281237602234,0.8844351705219446,0.8815439189630521,0.8818588474677895
175,0.9469335675239563,0.5092906355857849,0.8836718797683716,0.7162700891494751,0.8856398318368506,0.8830732058716066,0.8831856980338391
176,0.947558581829071,0.5099272727966309,0.8768749833106995,0.7278949022293091,0.8788297445862789,0.8762243505334686,0.876293216541512
177,0.9483593702316284,0.5089288949966431,0.8817968964576721,0.7244777679443359,0.8836513430425108,0.8811535173753564,0.8813500257945024
178,0.9468554854393005,0.5115734338760376,0.8832812309265137,0.7165223956108093,0.8851036242275183,0.8825879991095008,0.8826650117756906
179,0.9495508074760437,0.5072767734527588,0.8776562213897705,0.7326985001564026,0.8800144020739062,0.8770145149471738,0.8771324076515854
180,0.947070300579071,0.5099445581436157,0.8782031536102295,0.7251203060150146,0.8801646969355,0.8774451300592938,0.8776586610171776
181,0.9486523270606995,0.5067404508590698,0.8790624737739563,0.7235482931137085,0.8813417426843726,0.8784580965664799,0.8785873656180818
182,0.9480078220367432,0.5074359774589539,0.8823437690734863,0.7145664095878601,0.8845310553570847,0.8816923369231631,0.8818533253345788
183,0.9476757645606995,0.5089398622512817,0.882031261920929,0.7153377532958984,0.88391998182351,0.8813664081480148,0.8815305993545224
184,0.94970703125,0.5052463412284851,0.8825781345367432,0.7153568267822266,0.8852287718444783,0.8818947584107705,0.8821531666284113
185,0.948925793170929,0.5037782788276672,0.8843749761581421,0.711657702922821,0.886639795847954,0.88363863640276,0.8838836935862739
186,0.9473828077316284,0.5074769854545593,0.8825781345367432,0.7150795459747314,0.8849951347778412,0.8819722896936374,0.8821736561079536
187,0.9473046660423279,0.5073596835136414,0.880078136920929,0.7237568497657776,0.8826442200415374,0.8792050662934079,0.8794980721248521
188,0.9488086104393005,0.5066272616386414,0.8828125,0.7008162140846252,0.8848351445036995,0.8819148664036516,0.8821854465055801
189,0.9518163800239563,0.49763020873069763,0.8848437666893005,0.7141633629798889,0.8868863177886639,0.8844164044374134,0.8844781395169863
190,0.949023425579071,0.5031078457832336,0.883984386920929,0.7119542956352234,0.8856133456313922,0.8834542703995283,0.8834023751095502
191,0.9478515386581421,0.5078213810920715,0.8863281011581421,0.7048928737640381,0.8886681852734407,0.8856253224320749,0.8858372441251414
192,0.9503710865974426,0.5004886388778687,0.8882812261581421,0.6987453699111938,0.8906738834730601,0.8876478251587492,0.8878208071784321
193,0.9510937333106995,0.5005281567573547,0.8877343535423279,0.7005185484886169,0.8897809447776688,0.8870508484580584,0.8873109971363033
194,0.9522070288658142,0.49700331687927246,0.8864843845367432,0.7026059627532959,0.8888036948247368,0.8857440295140825,0.886008030399859
195,0.9479882717132568,0.5048013925552368,0.8850781321525574,0.6972673535346985,0.8874603735766289,0.8842624807156767,0.8845328768181797
196,0.9507421851158142,0.4989670515060425,0.889843761920929,0.6972619891166687,0.8920839366058835,0.8891798464549026,0.8893712808441175
197,0.9487695097923279,0.5006452798843384,0.8848437666893005,0.7044830918312073,0.8871876384118087,0.8841046504328556,0.8843424821845823
198,0.9498046636581421,0.4983256161212921,0.8875781297683716,0.7007092833518982,0.8900706523827092,0.8869574018684523,0.8872603889884199
199,0.9496874809265137,0.5006918907165527,0.8809375166893005,0.7084262371063232,0.883404868861749,0.8802864943847323,0.8804216838463177
200,0.9491015672683716,0.5007243156433105,0.8864062428474426,0.695539116859436,0.8887589681111941,0.8858241258287457,0.885992833184118
201,0.9471288919448853,0.5055458545684814,0.8866406083106995,0.698223888874054,0.8887298000784014,0.8856694708997197,0.8858333055140912
202,0.9481250047683716,0.5015195608139038,0.8835155963897705,0.7121078968048096,0.8857086509671128,0.8828902134813651,0.8830915362123807
203,0.9501562714576721,0.4987212121486664,0.8890625238418579,0.6886869072914124,0.891156076745824,0.8881688385416822,0.8884086430076623
204,0.9496874809265137,0.5018301606178284,0.8891406059265137,0.6901309490203857,0.8910834754799702,0.8883801815777017,0.888548527308142
205,0.9522851705551147,0.4931057393550873,0.888671875,0.698082685470581,0.8908601407794449,0.8880261262595619,0.888305980149087
206,0.9511328339576721,0.49451175332069397,0.8878124952316284,0.7012869119644165,0.8899472125570764,0.8873689994755264,0.887527247004883
207,0.9518945217132568,0.4921458065509796,0.8910937309265137,0.6839411854743958,0.893937603090887,0.8905445722293915,0.8906812908040278
208,0.9491797089576721,0.4951108992099762,0.8870312571525574,0.6957290768623352,0.8890067180541074,0.8865706192995082,0.8867773976082951
209,0.9509375095367432,0.49317464232444763,0.891796886920929,0.6843798160552979,0.8937942526611222,0.8914135269718885,0.8915390415188567
210,0.951855480670929,0.49074703454971313,0.8896093964576721,0.6913583278656006,0.8914764755811504,0.8889411616134003,0.8891709170316094
211,0.9491015672683716,0.5008214116096497,0.887890636920929,0.6955441236495972,0.8902894663402444,0.887297451759008,0.8875416092949507
212,0.9505273699760437,0.4943322241306305,0.888671875,0.6916569471359253,0.8912698300509035,0.8878852905242977,0.8882134899560924
213,0.9496484398841858,0.49614760279655457,0.8909375071525574,0.6837766170501709,0.8929471084861951,0.8904386182516291,0.8904762239569708
214,0.9503320455551147,0.4959644377231598,0.889843761920929,0.6854179501533508,0.892221151640106,0.8892753878249551,0.8894892552539071
215,0.9481250047683716,0.5000640153884888,0.8892968893051147,0.6984125375747681,0.891692239394814,0.8887086415641141,0.8888851904394194
216,0.9500585794448853,0.4968418478965759,0.8904687762260437,0.6979485154151917,0.8926832384036489,0.8899168101850523,0.890182321026695
217,0.9480078220367432,0.49935394525527954,0.8913280963897705,0.6854337453842163,0.8934841752020191,0.8906513293889025,0.8908569491287553
218,0.9496484398841858,0.500643253326416,0.8940625190734863,0.6851350665092468,0.8959408046163106,0.89355617411021,0.8936584054858656
219,0.9494726657867432,0.4986658990383148,0.8879687786102295,0.6858212947845459,0.8900060653762205,0.887317053059556,0.8875276064978861
220,0.9500585794448853,0.4953663945198059,0.8907031416893005,0.6834052205085754,0.8928555110953216,0.8900948309411958,0.8902851310731
221,0.9539453387260437,0.4887083172798157,0.8857812285423279,0.6948854327201843,0.8880000791817739,0.8849303885277615,0.885190074553114
222,0.9518945217132568,0.49207088351249695,0.8916406035423279,0.6821207404136658,0.8936682603839736,0.8910608715087396,0.8913292991947145
223,0.9512304663658142,0.4918614327907562,0.8880468606948853,0.6912932395935059,0.8897530317879567,0.8872831471955246,0.8874756618211532
224,0.9506250023841858,0.49402472376823425,0.8946874737739563,0.6731899976730347,0.8974229906597462,0.8940129310991831,0.8943424376839305
225,0.9516015648841858,0.49102792143821716,0.8895312547683716,0.6901615262031555,0.8917639666361049,0.8886731434567932,0.8890298014281955
226,0.9508203268051147,0.49115151166915894,0.8930468559265137,0.6855823993682861,0.8953342434046225,0.8927433470207895,0.892944260397785
227,0.9513280987739563,0.4901587963104248,0.8896874785423279,0.6840463280677795,0.892117436244055,0.8892085167168279,0.8894524300788752
228,0.949902355670929,0.49524256587028503,0.8920312523841858,0.6884567737579346,0.8943193140042435,0.8913906521651156,0.8914855235334104
229,0.951464831829071,0.48845192790031433,0.8942968845367432,0.6783152222633362,0.8964466403276969,0.8937551289597988,0.8938615087758923
230,0.9525781273841858,0.4865141212940216,0.8912500143051147,0.6890677809715271,0.8935777044422851,0.8905928665097304,0.8907875053331468
231,0.9510742425918579,0.49118572473526,0.8907031416893005,0.6863136887550354,0.8931010265866908,0.8900558312401132,0.8903665520351415
232,0.9499609470367432,0.49390971660614014,0.89453125,0.6788806319236755,0.8968728565785365,0.8940519936928399,0.8942872814108186
233,0.9504101276397705,0.4932664632797241,0.892578125,0.6772915720939636,0.89508335380638,0.8919183293601314,0.8922589706230519
234,0.9495898485183716,0.4946759343147278,0.8936718702316284,0.675873339176178,0.8953440392153087,0.8929905616750459,0.8931491849020452
235,0.9505273699760437,0.4911976754665375,0.8917187452316284,0.6857147216796875,0.8943142572753193,0.8910954616658276,0.8914108030786592
236,0.9515039324760437,0.49276062846183777,0.8964062333106995,0.6691946387290955,0.8984946640445548,0.8957198171656242,0.8959608199862146
237,0.9518749713897705,0.4897270202636719,0.8923437595367432,0.6792137622833252,0.8947698239333228,0.891984207477851,0.8922105204558648
238,0.9495702981948853,0.4967620372772217,0.8944531083106995,0.672701895236969,0.8970057653375998,0.8937260991608348,0.8940196966421269
239,0.9491991996765137,0.49690669775009155,0.8926562666893005,0.6716910004615784,0.8949444132786724,0.8920373134795312,0.8922937952962244
240,0.9521679878234863,0.48715755343437195,0.895312488079071,0.675919771194458,0.897518858406653,0.894720802021376,0.8949556661519844
241,0.9516797065734863,0.48927637934684753,0.8979687690734863,0.6706032752990723,0.9001691102173368,0.8974094110356761,0.8977021637767495
242,0.9532226324081421,0.4853438138961792,0.8971093893051147,0.6664965152740479,0.8990427191420373,0.8967512894052987,0.8968251848352394
243,0.9524023532867432,0.4871846139431,0.8946874737739563,0.6707924604415894,0.89716882483977,0.8941585819075858,0.8943466436720446
244,0.9534375071525574,0.48471587896347046,0.8994531035423279,0.663932740688324,0.9014523172968365,0.8988875466749183,0.8990185675636002
245,0.9536718726158142,0.4838521480560303,0.8955468535423279,0.6682088971138,0.897740777805881,0.8949382512992317,0.8952379262501599
246,0.9507421851158142,0.4891921877861023,0.8915625214576721,0.6839433908462524,0.8942124476172209,0.891096018267453,0.891219926390602
247,0.9510937333106995,0.4888959527015686,0.8982812762260437,0.6661319732666016,0.9001062439829219,0.8976004627182036,0.8979130615866516
248,0.9512109160423279,0.48841917514801025,0.8897656202316284,0.6870296001434326,0.8921168424635326,0.8891671683547684,0.8892981328082094
249,0.9510351419448853,0.4916462302207947,0.8978906273841858,0.6598452925682068,0.9000566645192238,0.8973057915736283,0.8976142237024135
250,0.9517187476158142,0.48764747381210327,0.8956249952316284,0.668718695640564,0.8975133743418238,0.8949746307560409,0.8952257710102866
251,0.9538476467132568,0.4845019578933716,0.8949218988418579,0.6680017709732056,0.8971602130277541,0.8944697894725554,0.8946690859764611
252,0.9515625238418579,0.4926718771457672,0.899218738079071,0.6602150797843933,0.9012601749472371,0.8986032665854033,0.8987964524027119
253,0.9494922161102295,0.4935632646083832,0.8978124856948853,0.665282666683197,0.899876623138552,0.897315523378209,0.8974975417795468
254,0.9525390863418579,0.4907284677028656,0.8939843773841858,0.677147626876831,0.896239960606871,0.8932226131817134,0.8935171373836062
255,0.9523828029632568,0.48795363306999207,0.8989843726158142,0.6657891273498535,0.900783415784498,0.8985221795766907,0.8986875660366528
256,0.9526562690734863,0.4866690933704376,0.897656261920929,0.6738330125808716,0.900391175344867,0.8971314674417296,0.8975767979612164
257,0.9508203268051147,0.4903124272823334,0.9006249904632568,0.6653537154197693,0.9030060495317023,0.9001393275036267,0.9003247267245259
258,0.9505468606948853,0.49112364649772644,0.8907031416893005,0.6918489336967468,0.8927326183590047,0.8901369621221821,0.8902557542291083
259,0.9515429735183716,0.4882778823375702,0.8967187404632568,0.6692047715187073,0.8990517675677364,0.8960301430186499,0.8962732190021755
260,0.9516406059265137,0.4864616394042969,0.8964062333106995,0.6695560216903687,0.8989598737144674,0.8959793670568442,0.8961059573283578
261,0.9511914253234863,0.4890718460083008,0.9019531011581421,0.652688205242157,0.9038467826595434,0.901232641144263,0.9014637228814402
262,0.9528710842132568,0.4834982752799988,0.8969531059265137,0.6677390336990356,0.8989207895309921,0.8964970427841861,0.8965992569886756
263,0.9520312547683716,0.4862104654312134,0.8983593583106995,0.6606213450431824,0.9006328253556548,0.8979148610853908,0.8979744133576095
264,0.9541601538658142,0.4793259799480438,0.8985937237739563,0.6604088544845581,0.900708959050798,0.8980695561354763,0.8981893926632454
265,0.9538671970367432,0.48144686222076416,0.8987500071525574,0.6682681441307068,0.9010125937033554,0.8980281094694509,0.8983531967929193
266,0.9505664110183716,0.4876033365726471,0.8999218940734863,0.6622074842453003,0.9016824035953067,0.8992171264986688,0.8993811142784593
267,0.9519922137260437,0.4833942651748657,0.9007031321525574,0.6563793420791626,0.9028050866454673,0.90012559881005,0.9002070687390593
268,0.9531054496765137,0.48451805114746094,0.8946874737739563,0.6854346394538879,0.8968206988440588,0.8943132164551875,0.894379689051824
269,0.9534960985183716,0.48333996534347534,0.8992968797683716,0.6549057960510254,0.9015435917848809,0.8984690880354854,0.8987651946243769
270,0.9514843821525574,0.4849897623062134,0.9009374976158142,0.6600714325904846,0.902929280177282,0.9001375666179716,0.9003070652044953
271,0.951464831829071,0.48463284969329834,0.9017968773841858,0.6611348986625671,0.903796725552674,0.9010300704444311,0.9012175600347034
272,0.9536523222923279,0.48359188437461853,0.9003124833106995,0.660586953163147,0.9025606487134573,0.8996487729596139,0.8997815377200293
273,0.9533007740974426,0.4841228127479553,0.9022656083106995,0.6505889892578125,0.9041812906418943,0.9016152462153052,0.9018362773490153
274,0.9540039300918579,0.4816780984401703,0.9026562571525574,0.6442673206329346,0.9048783517974293,0.9022068141805668,0.9023633944034862
275,0.9530273675918579,0.4831906259059906,0.9064062237739563,0.6435577273368835,0.9082390431151786,0.9056700917741851,0.9058913961378777
276,0.95263671875,0.4838719069957733,0.9032812714576721,0.6539905667304993,0.9050107687562962,0.9027561179050463,0.9029375242435786
277,0.9532226324081421,0.4815818667411804,0.9002344012260437,0.6541435718536377,0.9022656097765324,0.8997907258378125,0.9000340116254555
278,0.9560546875,0.4760587215423584,0.903515636920929,0.646270215511322,0.905440284072326,0.9027554084500243,0.9030843229181835
279,0.9543750286102295,0.4770374298095703,0.9026562571525574,0.6438233256340027,0.9045066636240876,0.9020444754297005,0.9021865663318704
280,0.9521679878234863,0.482514888048172,0.8958593606948853,0.6607778072357178,0.8978487554155854,0.8952614370037513,0.895518655869449
281,0.9539843797683716,0.4804471731185913,0.8973437547683716,0.6689426898956299,0.8988990836610492,0.8967745526845254,0.8970513970297078
282,0.951953113079071,0.4832093119621277,0.9047656059265137,0.6372593641281128,0.9065722244155092,0.9042376342935622,0.9043755552698739
283,0.9551171660423279,0.4803725481033325,0.9037500023841858,0.6440368890762329,0.9056789490570714,0.9032376253480465,0.9034247570901228
284,0.9563281536102295,0.4725828170776367,0.9059374928474426,0.643892228603363,0.9076311627668951,0.9054882802959712,0.9056129058896007
285,0.9537109136581421,0.4781985580921173,0.9029687643051147,0.6439681053161621,0.9050083214332224,0.9027540290916525,0.902760037158485
286,0.9553515911102295,0.4745566248893738,0.9046093821525574,0.648162305355072,0.9067989226265776,0.9041716617789475,0.9045067709356702
287,0.9558398723602295,0.4729118347167969,0.9013281464576721,0.6474437713623047,0.9030853658954296,0.9007575443634861,0.9009066267375121
288,0.9513476490974426,0.4842052161693573,0.9046093821525574,0.6495100259780884,0.906899840986462,0.9041552556995858,0.9042914830018143
289,0.9530468583106995,0.4808245003223419,0.9017187356948853,0.6549838781356812,0.903369141469002,0.9010101247827369,0.9012548229828926
290,0.9512109160423279,0.48294854164123535,0.9033593535423279,0.6415949463844299,0.9051120937997852,0.9029300566729628,0.903129495315292
291,0.9540234208106995,0.477512389421463,0.9043750166893005,0.6409223675727844,0.9060029030967599,0.9036725280014173,0.9039542208050815
292,0.9544726610183716,0.47755497694015503,0.9047656059265137,0.642262876033783,0.906485077427799,0.904141617425547,0.9042583637842603
293,0.951953113079071,0.4823729693889618,0.9020312428474426,0.6469811201095581,0.9041882975541837,0.9012951894776584,0.9014716586450897
294,0.9511523246765137,0.4866827428340912,0.9030468463897705,0.6513507962226868,0.9051747644189888,0.9025373187944424,0.9026816555439255
295,0.9533398151397705,0.48026779294013977,0.9036718606948853,0.6445086598396301,0.9050803357174533,0.9030104217895248,0.9031999939241511
296,0.9517187476158142,0.4813745617866516,0.9103124737739563,0.6317880153656006,0.9118485208047473,0.9097992407102062,0.9100347409773046
297,0.95166015625,0.4832777678966522,0.9081249833106995,0.6376558542251587,0.909980347597412,0.9075301510581697,0.9077545821738287
298,0.953125,0.4796341359615326,0.9016406536102295,0.6443012952804565,0.9032654376709461,0.9009341558182206,0.9012596062525183
299,0.9531445503234863,0.47993868589401245,0.9072656035423279,0.6368511915206909,0.9094785756141659,0.9063493674465922,0.9067914295971948
300,0.9551171660423279,0.4743380844593048,0.9057812690734863,0.638220489025116,0.9071235266351534,0.9051884456307608,0.9053163616858426
301,0.9531445503234863,0.48171985149383545,0.9100781083106995,0.6308485269546509,0.9121097829046878,0.9094869658629409,0.909738560453194
302,0.9549413919448853,0.477952778339386,0.9037500023841858,0.6502318382263184,0.9057478584735936,0.9031353499931831,0.9033367292570798
303,0.9533593654632568,0.4790478050708771,0.9059374928474426,0.6327832341194153,0.9078759057185934,0.9054652686858182,0.9057094920407864
304,0.9545117020606995,0.4771535098552704,0.9060156345367432,0.6400653123855591,0.9080852394845345,0.9055449917328171,0.9057616992128843
305,0.9545117020606995,0.47740089893341064,0.9041406512260437,0.6461573839187622,0.9058553553454564,0.9033809772668286,0.903718175964185
306,0.9531640410423279,0.4800048768520355,0.9105468988418579,0.632501482963562,0.9124465351230164,0.9100934846443893,0.9103061367370825
307,0.9533984661102295,0.47932568192481995,0.9029687643051147,0.6405349969863892,0.9048626979027272,0.9025192917050626,0.9026411445517744
308,0.9509961009025574,0.48486876487731934,0.9041406512260437,0.6482235789299011,0.9059486895151807,0.9034830578377715,0.9038200918301619
309,0.9524023532867432,0.48208335041999817,0.903515636920929,0.6485249996185303,0.9054077947972685,0.9027173803488218,0.9030561834804388
310,0.9549023509025574,0.47641971707344055,0.9007812738418579,0.6570374369621277,0.9028841210795646,0.899914304150554,0.9002251915163859
311,0.9541797041893005,0.4788561165332794,0.9057812690734863,0.6437935829162598,0.9081762499752983,0.9052761997732421,0.9056534814363886
312,0.9550195336341858,0.4737159311771393,0.9037500023841858,0.6536496877670288,0.9058873458692938,0.9033542058607249,0.9035620233157905
313,0.9559179544448853,0.473532497882843,0.9061718583106995,0.6449388861656189,0.908037175451965,0.9057530300420193,0.9058791846286939
314,0.9562695026397705,0.46952706575393677,0.9039062261581421,0.650062084197998,0.9061018668711478,0.9032187729849168,0.90366952747747
315,0.9553515911102295,0.4722013473510742,0.909375011920929,0.6358451843261719,0.9115799087784489,0.9086752241863238,0.9091307139817411
316,0.9556445479393005,0.4742096960544586,0.9046875238418579,0.6422625184059143,0.9062604126622932,0.9043098812713336,0.9044962492869517
317,0.9542187452316284,0.4732874929904938,0.9041406512260437,0.6462737321853638,0.9062171486040029,0.9036608854003096,0.9039110737994758
318,0.9541406035423279,0.47497841715812683,0.90234375,0.6527535915374756,0.9041157538277202,0.9017933391503312,0.902104667943094
319,0.9530078172683716,0.48017919063568115,0.9047656059265137,0.6461777687072754,0.9065706514776337,0.9043843569838782,0.904555881834259
320,0.9536328315734863,0.4766288995742798,0.9028906226158142,0.6543933153152466,0.9046356237238599,0.9023462975663579,0.9025801220020415
321,0.9528124928474426,0.47968581318855286,0.9085156321525574,0.6405057311058044,0.9104255026353221,0.9078258395574368,0.9082032827907942
322,0.9547656178474426,0.4751320779323578,0.9091406464576721,0.6350226402282715,0.9112950122650257,0.9082862458640746,0.9086533145094935
323,0.9541601538658142,0.47590914368629456,0.9102343916893005,0.629528820514679,0.9123717793054722,0.9097707727231756,0.9100075868074157
324,0.9528124928474426,0.48011285066604614,0.9107812643051147,0.6369571089744568,0.912267204950446,0.9103413198059438,0.9104060684578819
325,0.9539843797683716,0.4812861382961273,0.9087499976158142,0.6342050433158875,0.9104896573648942,0.9081472196448753,0.9083484673749229
326,0.954882800579071,0.4770883321762085,0.9099218845367432,0.6409397125244141,0.9116227805507184,0.9093027170069916,0.9095339149821242
327,0.953125,0.47685158252716064,0.9085937738418579,0.6332929134368896,0.9106906193261431,0.9080066515466503,0.9083114834211394
328,0.9554687738418579,0.4700084924697876,0.9080469012260437,0.6379474997520447,0.9098492975315664,0.9075892533658397,0.9078488722920599
329,0.9524804949760437,0.479911208152771,0.9075000286102295,0.6345416903495789,0.9093455020563969,0.9069371621026489,0.9071707255794939
330,0.9536328315734863,0.475626140832901,0.911328136920929,0.6329259276390076,0.913103503289702,0.910960063967081,0.9111013121412801
331,0.9541797041893005,0.47783759236335754,0.9116406440734863,0.6240392923355103,0.9135042976561106,0.9111655699538156,0.9114006779801078
332,0.9551757574081421,0.47239452600479126,0.9080469012260437,0.638681173324585,0.9100955654476275,0.907562060572404,0.9077130553703945
333,0.9549219012260437,0.47454211115837097,0.9103124737739563,0.630120038986206,0.9126604300148176,0.9099692724490578,0.9101460801143146
334,0.9549219012260437,0.4732363224029541,0.9082812666893005,0.6273448467254639,0.910069547722741,0.9076040710499724,0.9078275964831514
335,0.9539257884025574,0.47365450859069824,0.912109375,0.626825749874115,0.9140050043948557,0.9118627722338579,0.9119357590755156
336,0.9553124904632568,0.4750042259693146,0.9115625023841858,0.6233004927635193,0.9134292211618996,0.911006230073391,0.9112307817112687
337,0.9563281536102295,0.46798405051231384,0.9073437452316284,0.6317225694656372,0.9090845959887539,0.9069981354679426,0.9071382092167024
338,0.9525976777076721,0.4773310124874115,0.909375011920929,0.6287740468978882,0.911276998150283,0.9089602163152513,0.9091396985170863
339,0.9532226324081421,0.47666192054748535,0.9114843606948853,0.6288322806358337,0.9130461224654829,0.910760741188255,0.9109992857244604
340,0.9533789157867432,0.47819656133651733,0.9060156345367432,0.6368547677993774,0.9080725275389776,0.9057550064890549,0.905840369596751
341,0.951855480670929,0.4807952046394348,0.9085937738418579,0.6287915706634521,0.9106938159206379,0.9081894670140926,0.908453483832488
342,0.9535156488418579,0.47731685638427734,0.9080469012260437,0.6289950013160706,0.909781385655762,0.9075920488076908,0.9077150909023157
343,0.9527148604393005,0.47807595133781433,0.9068750143051147,0.641990065574646,0.9089598225222923,0.9062260046657612,0.9064624436662049
344,0.9559375047683716,0.4721682667732239,0.9107812643051147,0.624138355255127,0.9129610489455379,0.9100086661764832,0.9104200262753253
345,0.955273449420929,0.4735468327999115,0.9107812643051147,0.6226648092269897,0.9127907121638255,0.9100987604475743,0.9104191829456599
346,0.9553124904632568,0.47528496384620667,0.9118750095367432,0.625985324382782,0.9139497870873085,0.9113238054945659,0.9115744702025365
347,0.9547070264816284,0.4745480716228485,0.9108593463897705,0.6236274242401123,0.9127668069402429,0.9101742901544638,0.9104910296293742
348,0.9549609422683716,0.4725194275379181,0.9142187237739563,0.6119106411933899,0.916030228428313,0.9137373165599538,0.9139626552183491
349,0.9540234208106995,0.47671303153038025,0.9092187285423279,0.6382625102996826,0.9109278012402611,0.9087544132146824,0.9089097479346943
350,0.9547656178474426,0.47528377175331116,0.9116406440734863,0.6251010298728943,0.9135746795871016,0.9111740314912271,0.9114099051806908
351,0.9573633074760437,0.46788913011550903,0.9095312356948853,0.6237941980361938,0.9115796871970263,0.9090123103401372,0.9092610238517538
352,0.9580273628234863,0.46583014726638794,0.9102343916893005,0.6228847503662109,0.9123598882260322,0.9101158282945758,0.9102764086489535
353,0.9567187428474426,0.4647367596626282,0.9102343916893005,0.6316954493522644,0.9119865946819998,0.9096778625926192,0.9098787670011649
354,0.9567577838897705,0.4674684405326843,0.9114062786102295,0.6299133896827698,0.9130702055416313,0.9107796351366176,0.9110218355882997
355,0.9569140672683716,0.46736952662467957,0.9118750095367432,0.6226208209991455,0.9137966147493952,0.9114597221586136,0.9116701097042774
356,0.9560742378234863,0.46832275390625,0.9112499952316284,0.6285941004753113,0.9130837924340891,0.9108607480211786,0.9110551177315205
357,0.9573047161102295,0.4661380350589752,0.9112499952316284,0.6242611408233643,0.9131018769751018,0.9108302294598283,0.910931838390255
358,0.9545702934265137,0.4727761745452881,0.9142968654632568,0.6181610226631165,0.9163923131767636,0.913777860007389,0.9140984126911909
359,0.9542187452316284,0.47345393896102905,0.9096093773841858,0.6324889659881592,0.911600706561058,0.9091634516789292,0.909333023274242
360,0.9555273652076721,0.47116661071777344,0.9120312333106995,0.6298865675926208,0.913779608860873,0.9115641238026488,0.9116565554580396
361,0.9537304639816284,0.4773820638656616,0.9090625047683716,0.6416712403297424,0.9110710649089047,0.9084507664075879,0.9087510382141841
362,0.9551171660423279,0.47140347957611084,0.9071875214576721,0.6366118788719177,0.9089663314765599,0.9064372741583344,0.9066910018060778
363,0.9554101824760437,0.4696013629436493,0.9104687571525574,0.6318466067314148,0.9126332462945731,0.9098923882142471,0.9101581014884899
364,0.954882800579071,0.47054657340049744,0.9103124737739563,0.627224862575531,0.9123158062288558,0.9099703110598043,0.9100832369175955
365,0.953808605670929,0.47466975450515747,0.9126562476158142,0.6215713620185852,0.91468313711796,0.9122519752749307,0.9124491987791165
366,0.9552148580551147,0.47381141781806946,0.9126562476158142,0.6252333521842957,0.9147479813127639,0.9123214178578828,0.9124753784310631
367,0.9530273675918579,0.4767664074897766,0.9159374833106995,0.611007571220398,0.9177946851560759,0.915600856655887,0.9157910369126497
368,0.9549219012260437,0.4724609851837158,0.9129687547683716,0.6218032240867615,0.9147536945359048,0.9125185609190869,0.9127679451811621
369,0.9546484351158142,0.47159919142723083,0.9088281393051147,0.6359484791755676,0.910644923780962,0.9084923705344958,0.9086996862870262
370,0.9538280963897705,0.47295546531677246,0.9123437404632568,0.6238008737564087,0.9140508782496125,0.9119010453793002,0.9121396864278917
371,0.9561523199081421,0.46676063537597656,0.9127343893051147,0.6195653676986694,0.9146067060070598,0.9122626457485508,0.9124024259860839
372,0.9544922113418579,0.4742165505886078,0.912890613079071,0.617143988609314,0.9144984862534545,0.912644594132478,0.9128033112025857
373,0.9573047161102295,0.464163601398468,0.9100781083106995,0.6223772168159485,0.9117498074458569,0.9095598190810694,0.9096292420383585
374,0.954882800579071,0.4703548848628998,0.9106249809265137,0.6272541284561157,0.9121960452457458,0.9102644041937069,0.910401227508421
375,0.9559375047683716,0.4666482210159302,0.9105468988418579,0.6338939070701599,0.9121818856401733,0.9101867510973857,0.9102649363018037
376,0.9560156464576721,0.4668647348880768,0.9160937666893005,0.6104968190193176,0.9177200064025144,0.9156812934783982,0.9158059886621484
377,0.956835925579071,0.46418941020965576,0.9167187213897705,0.6136457324028015,0.9183622413951724,0.9162328889517137,0.9163427070799288
378,0.9565820097923279,0.46529144048690796,0.9134374856948853,0.611174464225769,0.9148653309298911,0.9130230350563486,0.9131650047182422
379,0.9556445479393005,0.46890175342559814,0.9092968702316284,0.6293676495552063,0.9111168631241972,0.9087645270794196,0.9089875980947729
380,0.9539257884025574,0.47457990050315857,0.9132031202316284,0.6148756146430969,0.9150457829678018,0.9126492502860039,0.9128606372220157
381,0.9555078148841858,0.47045862674713135,0.9135937690734863,0.621590256690979,0.9152853455494352,0.9130015686178745,0.9132246086733469
382,0.9541797041893005,0.4724922478199005,0.9140625,0.6220473647117615,0.9159414917495858,0.913511466515385,0.9137098688759137
383,0.9545508027076721,0.46939465403556824,0.9104687571525574,0.6233798265457153,0.9128896668064572,0.909989264036807,0.9101214357647445
384,0.95654296875,0.46689555048942566,0.9117187261581421,0.6207907199859619,0.9134594766848133,0.9111116620830217,0.911432003285577
385,0.9560156464576721,0.46550291776657104,0.9110937714576721,0.6218367218971252,0.9132376531022238,0.9106942682919028,0.9108063212764084
386,0.9566991925239563,0.46706175804138184,0.9124218821525574,0.6237738132476807,0.9141921870734186,0.911741234553002,0.9119227833438572
387,0.9563086032867432,0.4675113558769226,0.9168750047683716,0.6154294013977051,0.9189241122222804,0.9164149507505546,0.9165943311373983
388,0.9547070264816284,0.4729776680469513,0.915234386920929,0.6217403411865234,0.916798320325286,0.9150133505839455,0.9150369835322163
389,0.9564257860183716,0.4668663442134857,0.9153906106948853,0.6172256469726562,0.9168751985288279,0.9150091136161006,0.915165334572742
390,0.9549999833106995,0.4666338860988617,0.9115625023841858,0.616043746471405,0.9133728569540518,0.9111678371555504,0.9112892017894288
391,0.9549999833106995,0.46902206540107727,0.9139062762260437,0.6185271739959717,0.9157007281091958,0.9134168505570568,0.9135004122748284
392,0.9564648270606995,0.4656466245651245,0.9162499904632568,0.6164336204528809,0.9180442437079326,0.9159363319614091,0.9160427694584968
393,0.9546288847923279,0.46955204010009766,0.9153906106948853,0.6184445023536682,0.9170788822101028,0.9149102661263725,0.9150967795560672
394,0.9542773365974426,0.4708216190338135,0.9149218797683716,0.6140010952949524,0.916267765548008,0.9144646392854108,0.9145298513989084
395,0.953906238079071,0.47261178493499756,0.9145312309265137,0.6196315288543701,0.9164193329379242,0.9141373704216034,0.9142212111680613
396,0.9566406011581421,0.46636950969696045,0.9130468964576721,0.6150449514389038,0.9146121556314928,0.912633652283086,0.9127007464480783
397,0.956835925579071,0.46621236205101013,0.9158594012260437,0.6215159893035889,0.9174240763833462,0.9155819626863533,0.9156463186469572
398,0.9560156464576721,0.4663795530796051,0.9158594012260437,0.6147210597991943,0.9178454416113127,0.9153237890605843,0.9155486616587661
399,0.9560742378234863,0.46732375025749207,0.907421886920929,0.6389732956886292,0.9093741799022381,0.9070691167319543,0.9072250844805559
400,0.952441394329071,0.4752941429615021,0.9180468916893005,0.599936842918396,0.9195728574369165,0.9174190824898418,0.9176497255744676
401,0.9556640386581421,0.46946945786476135,0.9119531512260437,0.6172232031822205,0.9138117429753922,0.9113634917516985,0.9115650982373995
402,0.9557031393051147,0.4688260555267334,0.914843738079071,0.6097574830055237,0.9167077700471232,0.9146022959053529,0.914646759463125
403,0.9544140696525574,0.47247636318206787,0.9170312285423279,0.6168107986450195,0.9182768481779985,0.9166127899729946,0.9166946654682679
404,0.9580859541893005,0.4619047939777374,0.9146093726158142,0.6132765412330627,0.9163633953600638,0.9142733999508084,0.9143544857325202
405,0.9554296731948853,0.46812549233436584,0.9156249761581421,0.6073596477508545,0.9176002063611728,0.9148708624118866,0.9151922318873824
406,0.9578515887260437,0.46360552310943604,0.9154687523841858,0.6089153289794922,0.9169351833826551,0.9148625245603057,0.9151300007612713
407,0.9562109112739563,0.4650232195854187,0.9136718511581421,0.6181202530860901,0.9155976442869792,0.9133084359231564,0.9135267282402453
408,0.9562109112739563,0.4663332998752594,0.9131249785423279,0.6190507411956787,0.9149361194858308,0.9125817924972788,0.9127826147930433
409,0.957226574420929,0.46345752477645874,0.9164843559265137,0.6079552173614502,0.9185270204494066,0.9160503874156372,0.9162232370359494
410,0.9557812213897705,0.46777966618537903,0.9106249809265137,0.6257256865501404,0.9128127519835353,0.9100602246551984,0.9103109338281739
411,0.9552929401397705,0.4678823947906494,0.918749988079071,0.6006307005882263,0.9208310619283111,0.9182500911431875,0.918451784219763
412,0.9580078125,0.4611446261405945,0.9153125286102295,0.6100097298622131,0.9170491498193742,0.9148729237809274,0.914986915478647
413,0.95751953125,0.46192267537117004,0.9158594012260437,0.617454469203949,0.9179351043096428,0.915434393639472,0.9155747470183236
414,0.9560742378234863,0.4615449905395508,0.9164062738418579,0.6055060029029846,0.9181324889796382,0.9161145445006752,0.916274143629823
415,0.9544531106948853,0.4703512489795685,0.9197656512260437,0.6050406098365784,0.9213425235664252,0.9193474792407064,0.9195063948676039
416,0.9539648294448853,0.4696544408798218,0.9135156273841858,0.6141170263290405,0.9154822148320145,0.9130473649092266,0.9131777508501496
417,0.9550390839576721,0.46407756209373474,0.9128124713897705,0.6216114163398743,0.9146652011927299,0.912470140881678,0.9125380104991385
418,0.9565625190734863,0.4639923870563507,0.916015625,0.6143547892570496,0.9177664895468318,0.9156512417528326,0.9157569881052748
419,0.9563867449760437,0.4657268524169922,0.9155468940734863,0.6117759943008423,0.9175422639571653,0.9151315000375182,0.9152730263650644
420,0.9562304615974426,0.46453776955604553,0.9135937690734863,0.6198952794075012,0.9156213077404574,0.913074306336612,0.913205923318833
421,0.9568554759025574,0.4634004831314087,0.9161718487739563,0.606294572353363,0.9174940302729002,0.9158211836151193,0.9158770073337378
422,0.956347644329071,0.46516501903533936,0.9200000166893005,0.601539134979248,0.9218144107325552,0.9194630869579843,0.9196989006736668
423,0.9556445479393005,0.4651961922645569,0.9167187213897705,0.6099258661270142,0.9186979649529889,0.9162493575629951,0.9164195810621472
424,0.9539453387260437,0.4698781967163086,0.9166406393051147,0.6205570101737976,0.9181868413281291,0.9163537876963208,0.9164236804937553
425,0.9586718678474426,0.46002617478370667,0.9176562428474426,0.6094242334365845,0.9194564881688922,0.9172605670919588,0.9174442117290824
426,0.9573633074760437,0.46083030104637146,0.9159374833106995,0.6077505350112915,0.9180017289142774,0.9156465705815906,0.91574746820165
427,0.9575390815734863,0.4581195116043091,0.9171093702316284,0.6025422215461731,0.9187881530609621,0.9166956938542875,0.916809260056974
428,0.9574609398841858,0.4619693458080292,0.9172656536102295,0.6150901913642883,0.9189610286377333,0.9169549068187264,0.9169838223971964
429,0.9571093916893005,0.46104156970977783,0.9170312285423279,0.6095139980316162,0.9186747751023259,0.9166530794620409,0.9167310403954497
430,0.9560742378234863,0.4631185233592987,0.9185937643051147,0.6097533106803894,0.9203079068888407,0.9181718953914734,0.9183313621926652
431,0.9551562666893005,0.4671373665332794,0.9205468893051147,0.6053279638290405,0.922079582770683,0.9202185371067793,0.920285067489355
432,0.9571288824081421,0.4614828824996948,0.9186718463897705,0.6035137176513672,0.9203636374660054,0.9182334324057334,0.9183633089082366
433,0.9565039277076721,0.4632783830165863,0.9157812595367432,0.6066868305206299,0.9178140266985063,0.9153586584353486,0.9155902516051202
434,0.9556640386581421,0.46389836072921753,0.9182812571525574,0.605761706829071,0.9201432694566506,0.9178704634963881,0.918079326683406
435,0.9561328291893005,0.4627518355846405,0.9162499904632568,0.5996088981628418,0.9180709422457983,0.915749872058226,0.9160017082000782
436,0.958300769329071,0.4560357630252838,0.9171093702316284,0.6081535816192627,0.9190443620309677,0.9166177769926396,0.916877995979462
437,0.9565234184265137,0.45896825194358826,0.9172656536102295,0.6113607287406921,0.9188586108637005,0.9168477842320826,0.9169797305060976
438,0.956738293170929,0.4614754021167755,0.9201562404632568,0.60276198387146,0.9221991432718329,0.9197562746319194,0.9199757364766317
439,0.9572656154632568,0.4609542191028595,0.9174218773841858,0.5968493819236755,0.9191810912827421,0.9169190282443028,0.9171908773369406
440,0.9579296708106995,0.4600050747394562,0.9193750023841858,0.6060106754302979,0.9211162058607639,0.9190815692693514,0.9192271015255844
441,0.9564062356948853,0.4602489173412323,0.9201562404632568,0.6026846170425415,0.9219721479922423,0.919619206770103,0.9199369942882032
442,0.9588281512260437,0.455849826335907,0.9193750023841858,0.5983518958091736,0.9208592797084485,0.9189555820062065,0.9190913309535786
443,0.9578320384025574,0.458797425031662,0.9166406393051147,0.6024985313415527,0.918199488618874,0.9160235277513351,0.9162425687308214
444,0.9551562666893005,0.46659228205680847,0.9178125262260437,0.6044935584068298,0.9192656076750529,0.917465377431499,0.9175309551749149
445,0.9576757550239563,0.4592282772064209,0.9204687476158142,0.5945250988006592,0.9220729265941068,0.9199969180874465,0.9201535814067747
446,0.956347644329071,0.4615519344806671,0.9188281297683716,0.5999433398246765,0.9203247826993821,0.9183232579414936,0.9184826254404956
447,0.954296886920929,0.4694052040576935,0.9186718463897705,0.6057583689689636,0.9204918806528555,0.9182048346204648,0.918431798011717
448,0.9533007740974426,0.4711580276489258,0.9194531440734863,0.5971778035163879,0.9210253633509362,0.9189224513503645,0.91915538194434
449,0.9557421803474426,0.46569880843162537,0.9203125238418579,0.5955742001533508,0.9219961517158408,0.9199190365154409,0.9201173027283985
450,0.9561328291893005,0.4654618799686432,0.9186718463897705,0.5971566438674927,0.9202831768508803,0.9183401151476074,0.9185194269475472
451,0.9552343487739563,0.46536991000175476,0.9200000166893005,0.596530020236969,0.9216430677206071,0.919562302339245,0.9197469550434589
452,0.9567187428474426,0.46112868189811707,0.9146093726158142,0.6114458441734314,0.9163770934990179,0.9141630177683547,0.9142760894972408
453,0.9581445455551147,0.4607124626636505,0.9181249737739563,0.6010435223579407,0.9198760835313299,0.9175468136859474,0.9177704813177623
454,0.957324206829071,0.4608860909938812,0.9231250286102295,0.5929710865020752,0.9250002736682692,0.9227911185714157,0.9229656759950318
455,0.9569140672683716,0.46253976225852966,0.9183593988418579,0.5997084975242615,0.919994163151997,0.9179990765163532,0.9181614674601983
456,0.9566406011581421,0.46080300211906433,0.9185937643051147,0.6001109480857849,0.9204048653378287,0.9181871027919379,0.9183360325162278
457,0.9584765434265137,0.45824214816093445,0.9221875071525574,0.5986897945404053,0.9239744724131858,0.9217078244558967,0.9218949748917924
458,0.9574804902076721,0.4608832597732544,0.9201562404632568,0.5929468274116516,0.9217730815333576,0.9197722558592398,0.9199408543974368
459,0.9566211104393005,0.4625219702720642,0.9186718463897705,0.6040662527084351,0.9203638649163581,0.9183858641108456,0.9184725489981196
460,0.9550976753234863,0.4656190872192383,0.9183593988418579,0.6073020696640015,0.9201880623208722,0.9176512990429053,0.9180431754093346
461,0.9576171636581421,0.4581906199455261,0.9188281297683716,0.6083658933639526,0.9205584901651805,0.9184216868674486,0.9186024496496539
462,0.9574218988418579,0.45611846446990967,0.9217187762260437,0.5940545201301575,0.9232698690971585,0.9214806118152653,0.9216688476329463
463,0.9586132764816284,0.45693904161453247,0.9182031154632568,0.6039581298828125,0.9200480760177551,0.9177758338434148,0.9180442081317602
464,0.9582617282867432,0.45899131894111633,0.9195312261581421,0.6018858551979065,0.9210908382631291,0.9189717032929736,0.9192194936284332
465,0.9567968845367432,0.4591846466064453,0.9175781011581421,0.603907585144043,0.9193357971434298,0.9172883928405129,0.9173669842188739
466,0.9575781226158142,0.4585573971271515,0.919140636920929,0.5993008613586426,0.9207898641955882,0.9187107221387878,0.918889114071407
467,0.9556640386581421,0.464185893535614,0.9190624952316284,0.6050434112548828,0.9204617984794279,0.9186854845750233,0.9188068015556057
468,0.9552343487739563,0.46329426765441895,0.9182031154632568,0.6091734766960144,0.9197641219890919,0.9178992836454076,0.918013419185632
469,0.9561718702316284,0.463607519865036,0.9164843559265137,0.6065900325775146,0.9183216733816197,0.916213795975502,0.9162805368445419
470,0.9550976753234863,0.46395400166511536,0.9189062714576721,0.5979509949684143,0.9204924049399874,0.9184903250902807,0.9186618412071721
471,0.9555859565734863,0.46350038051605225,0.9193750023841858,0.6068477630615234,0.9210111324414523,0.9188941341666663,0.9190805879047623
472,0.9576953053474426,0.46117743849754333,0.9202343821525574,0.5968042612075806,0.9217169698619951,0.919860897430608,0.9200367207610414
473,0.9559375047683716,0.46606361865997314,0.9201562404632568,0.5935111045837402,0.9219974348922855,0.9197413924599283,0.9199554838302221
474,0.956250011920929,0.4637834131717682,0.9214843511581421,0.5931968688964844,0.9227646157463011,0.921123076885717,0.9212176898258778
475,0.9575390815734863,0.45987212657928467,0.9189843535423279,0.6001806259155273,0.9207937027007232,0.918601887509988,0.9187919754462507
476,0.9584179520606995,0.45548632740974426,0.9189843535423279,0.601036548614502,0.9206471091378842,0.9187508292401863,0.9188767388153077
477,0.9592187404632568,0.45162415504455566,0.9205468893051147,0.5931907892227173,0.922105351225007,0.9201583854030373,0.9202942271533259
478,0.9594531059265137,0.4546673893928528,0.921093761920929,0.5953715443611145,0.923049225885566,0.9206988192581536,0.9209102422026583
479,0.9566797018051147,0.4580248296260834,0.9227343797683716,0.5883190035820007,0.9243682223535117,0.9224832694263096,0.9224525309648652
480,0.9574999809265137,0.4582788348197937,0.9170312285423279,0.5994555950164795,0.9184665159836751,0.916573455872441,0.916738935005617
481,0.9581835865974426,0.45672744512557983,0.922656238079071,0.589195728302002,0.9241971161321889,0.9221139727023557,0.922357836320285
482,0.9592187404632568,0.4552162289619446,0.9225000143051147,0.5853059887886047,0.9239797737424027,0.9220735599455543,0.922219956796038
483,0.9572460651397705,0.45907917618751526,0.9217968583106995,0.5945547223091125,0.9233051867142418,0.9215522269714361,0.921679886261879
484,0.9588086009025574,0.45367181301116943,0.9220312237739563,0.5972835421562195,0.9237739720116931,0.9218046274355045,0.9218821222405846
485,0.9559570550918579,0.4611431360244751,0.9217968583106995,0.591955840587616,0.9233288329646566,0.9214201803686224,0.9215297609020362
486,0.9583593606948853,0.4566700756549835,0.9217187762260437,0.5990536212921143,0.9235459595196702,0.9213922186290543,0.9214821044468345
487,0.9572851657867432,0.4580850899219513,0.9220312237739563,0.5901244878768921,0.9238110054041624,0.9216843225459376,0.9218510056551646
488,0.9574804902076721,0.45969122648239136,0.9175781011581421,0.6053819060325623,0.9193386809142061,0.9173000482122491,0.9173806290510857
489,0.9555468559265137,0.4608973264694214,0.9196093678474426,0.597459614276886,0.9210522881486524,0.9190773114515942,0.9192874286419535
490,0.9576171636581421,0.45780253410339355,0.9222656488418579,0.5952392220497131,0.9241177699866258,0.9220487971145078,0.922129030385456
491,0.9565625190734863,0.46111634373664856,0.9180468916893005,0.6025301814079285,0.9199937165033654,0.9178566390403426,0.9179409400540826
492,0.9567968845367432,0.459855318069458,0.9221093654632568,0.5952216386795044,0.9237776330734583,0.9218822473972802,0.9219989483312707
493,0.9581640362739563,0.4552871584892273,0.9214843511581421,0.5932576060295105,0.9229727957834232,0.9211152382554859,0.9213010454441343
494,0.95751953125,0.45904362201690674,0.9221875071525574,0.5968272686004639,0.923636160596907,0.9218775177530745,0.9219486650528772
495,0.9588281512260437,0.45378100872039795,0.9192968606948853,0.594237744808197,0.9206257723440745,0.9189932339567006,0.9190906434760863
496,0.9586132764816284,0.4548426568508148,0.9219531416893005,0.593406081199646,0.9235960081455215,0.9216111259754223,0.9218051547883411
497,0.9572656154632568,0.4573096036911011,0.9188281297683716,0.5945888757705688,0.9207049616188301,0.9184751152677577,0.9186369303165509
498,0.9579492211341858,0.455048143863678,0.9181249737739563,0.5966681838035583,0.9198628078509193,0.917779323395814,0.91802435108324
499,0.9567577838897705,0.4600280821323395,0.9242968559265137,0.5805243253707886,0.9257057554558019,0.9240282163389502,0.9241130131544621
500,0.9562304615974426,0.4599079191684723,0.927734375,0.5769845247268677,0.9294730760422212,0.9275598009013954,0.9277187446122586
501,0.9558789134025574,0.462699294090271,0.9201562404632568,0.5962817072868347,0.9218237798809625,0.9199789385221169,0.9201140031795316
502,0.958203136920929,0.45457690954208374,0.9192968606948853,0.5945619940757751,0.9211762292498651,0.9189645327849474,0.9191326418860151
503,0.9581640362739563,0.45610904693603516,0.919140636920929,0.5964731574058533,0.9206731777691186,0.9187363883476397,0.918896382667118
504,0.958984375,0.4543289244174957,0.9196093678474426,0.5956001281738281,0.9210972260871902,0.9192761851420328,0.9194896323190689
505,0.9594336152076721,0.4510209262371063,0.9208593964576721,0.5919934511184692,0.9225559489768189,0.9203706521993259,0.9206789048187286
506,0.9579101800918579,0.45655471086502075,0.9207812547683716,0.5979759097099304,0.9226033710902515,0.9204017048920978,0.9206946568229866
507,0.9580468535423279,0.4555542469024658,0.9195312261581421,0.5929773449897766,0.9214298959329548,0.9192200851205332,0.9193902193173707
508,0.9578710794448853,0.4574195444583893,0.919140636920929,0.5898397564888,0.920684344488276,0.9189191220911852,0.919068379173254
509,0.9598047137260437,0.45165637135505676,0.9227343797683716,0.5976270437240601,0.9247457276429284,0.9222677266187322,0.9224903449629338
510,0.9557421803474426,0.4593064785003662,0.9223437309265137,0.5927993059158325,0.9238558672855398,0.9218379341188145,0.9220409075185151
511,0.9573827981948853,0.45659470558166504,0.9232031106948853,0.5866528749465942,0.9244660389461431,0.9227158751652808,0.9229544790386752
512,0.9560937285423279,0.4607299864292145,0.9257031083106995,0.5857574343681335,0.9272368818538252,0.9253015968542782,0.9254983096536503
513,0.9576367139816284,0.4585169851779938,0.9228125214576721,0.5918473601341248,0.9244358894160205,0.9224203453699398,0.922584452356094
514,0.9587695598602295,0.45259493589401245,0.9242187738418579,0.5832807421684265,0.9257298266973125,0.9238107058682012,0.9240530633616775
515,0.9554492235183716,0.4600045084953308,0.9170312285423279,0.6117505431175232,0.9185665740925872,0.916728871358164,0.9166956609224045
516,0.9571288824081421,0.45831298828125,0.9248437285423279,0.5844545960426331,0.9265779512344652,0.9245153063416907,0.9245481111944729
517,0.9574609398841858,0.45662784576416016,0.923046886920929,0.5889610648155212,0.9245138032086544,0.9226274011558565,0.9227843265230453
518,0.9578906297683716,0.4547814130783081,0.9259374737739563,0.5873377323150635,0.9273123634450069,0.9255616105235484,0.9256626974103749
519,0.9597070217132568,0.45317700505256653,0.9260937571525574,0.5867273807525635,0.9275164132476963,0.925724934217459,0.9258383371556934
520,0.9591601490974426,0.4519314169883728,0.923828125,0.5911493301391602,0.9254956146048072,0.9232234419634233,0.9234967291316121
521,0.9588867425918579,0.45106032490730286,0.9209374785423279,0.5912609696388245,0.9223308967581834,0.9206265230725496,0.9207642427492407
522,0.9590039253234863,0.45296135544776917,0.919140636920929,0.606796145439148,0.9205639221995789,0.9188463695367602,0.9189523068799089
523,0.9570702910423279,0.45728549361228943,0.9196093678474426,0.6040640473365784,0.9214773642904437,0.9189866151567396,0.9192518708134496
524,0.9571484327316284,0.4571531414985657,0.9221093654632568,0.5931766629219055,0.9238621193154934,0.9215963096421547,0.9219158263821177
525,0.9579101800918579,0.4579735994338989,0.9243749976158142,0.5859791040420532,0.9260191483761786,0.9239334540465871,0.924114759726976
526,0.960644543170929,0.4475339651107788,0.9223437309265137,0.5860531330108643,0.9240697990223821,0.9220586877334518,0.9221769944339397
527,0.9577343463897705,0.45483121275901794,0.9235937595367432,0.5798892378807068,0.9251517048909585,0.9231559974041597,0.9233610585065446
528,0.9575585722923279,0.4567612409591675,0.9228906035423279,0.5879441499710083,0.9244292931842917,0.922449672620395,0.9227169624610931
529,0.957812488079071,0.45590659976005554,0.9225000143051147,0.5938041806221008,0.9242792265964093,0.9219088581952729,0.9222085095739156
530,0.9566991925239563,0.4558776915073395,0.9240624904632568,0.5844675898551941,0.9256629498661807,0.9234467868706131,0.9237229134226155
531,0.9576367139816284,0.45635470747947693,0.9286718964576721,0.5733147263526917,0.9302853896249972,0.9282755874499247,0.9284638399783569
532,0.9573827981948853,0.4554526209831238,0.9255468845367432,0.5805853009223938,0.9270498426745302,0.9250201890574334,0.9252426582463859
533,0.957812488079071,0.457194447517395,0.9207812547683716,0.5897499322891235,0.9222745552767931,0.9204577940918265,0.9205516642675518
534,0.9558789134025574,0.4585905969142914,0.9217187762260437,0.5827528238296509,0.9233064188880915,0.9212267541098085,0.9214556394808188
535,0.9576171636581421,0.45321953296661377,0.9221875071525574,0.5907074213027954,0.9236383811630082,0.9218319078964952,0.9219664971511506
536,0.9593554735183716,0.4500020146369934,0.9257031083106995,0.5787464380264282,0.9271883375481313,0.925590482261126,0.9256038477522359
537,0.95849609375,0.4515495300292969,0.9228125214576721,0.5847423672676086,0.9245687356818864,0.9222458970888351,0.9224747197324468
538,0.9578710794448853,0.4558774530887604,0.9242187738418579,0.5850145220756531,0.9256399300736028,0.9237154707760418,0.9238707163140318
539,0.9572851657867432,0.45646461844444275,0.9217968583106995,0.5902823209762573,0.9235555336122762,0.9212103365516816,0.9215074542461426
540,0.9572070240974426,0.4554215669631958,0.9214062690734863,0.5906869769096375,0.9231330940587781,0.9210227766968504,0.9211402535863963
541,0.9592187404632568,0.4510485529899597,0.9241406321525574,0.5780404806137085,0.9257785009699466,0.9238283773178888,0.924018786347296
542,0.9575585722923279,0.45665663480758667,0.9234374761581421,0.5780704021453857,0.9248598396992045,0.9230475852222333,0.9232211446028881
543,0.9578710794448853,0.45188140869140625,0.9221875071525574,0.5836388468742371,0.923467169007893,0.9218194643072259,0.921921797200408
544,0.9597851634025574,0.44879788160324097,0.9266406297683716,0.5760783553123474,0.9283900377533109,0.9263243563773632,0.9265669082556673
545,0.9584570527076721,0.4491662085056305,0.9247656464576721,0.5792335271835327,0.9263529825121463,0.9245347815167307,0.9246283524293416
546,0.9580859541893005,0.4518497586250305,0.9245312213897705,0.5809347629547119,0.9260626024281704,0.9242337694400942,0.9244105641908766
547,0.957226574420929,0.45545899868011475,0.9247656464576721,0.5806425213813782,0.926225192415282,0.9245762933721924,0.9246028297211575
548,0.9600976705551147,0.44899773597717285,0.9235156178474426,0.5899293422698975,0.9253224052600049,0.9232964027520247,0.9234836354059875
549,0.9569140672683716,0.4551016688346863,0.9214843511581421,0.5924668312072754,0.9234860404945546,0.9210903380278511,0.9212400307769082
550,0.9595702886581421,0.44946789741516113,0.9237499833106995,0.5792513489723206,0.9254329205212487,0.9235000264093136,0.9236530564590562
551,0.9581054449081421,0.4540691077709198,0.9236719012260437,0.5810232758522034,0.9250977533576688,0.9233217066519356,0.9233232548042976
552,0.9581249952316284,0.4515365958213806,0.9264062643051147,0.580726146697998,0.9276457949889954,0.926184475596094,0.9261767948025157
553,0.9582617282867432,0.45409053564071655,0.9209374785423279,0.5890766382217407,0.9224863955431928,0.9205074600667156,0.9206999879965001
554,0.9545508027076721,0.46575242280960083,0.9212499856948853,0.5852295160293579,0.9227068443651185,0.9208306454173326,0.9210180364766216
555,0.9575976729393005,0.4563824534416199,0.9217968583106995,0.5916523933410645,0.9232389146982777,0.9214505727992117,0.9215139586713714
556,0.9590625166893005,0.45373666286468506,0.9232812523841858,0.5891900062561035,0.9247150538012807,0.922901760012546,0.9230168092765183
557,0.9578906297683716,0.4569094479084015,0.9210156202316284,0.5938851237297058,0.9224898283909713,0.9203702328244544,0.9205415126061787
558,0.9579492211341858,0.4523395895957947,0.9249218702316284,0.5856179594993591,0.9263344787566599,0.9244289941741202,0.924602922785462
559,0.9596093893051147,0.4469118118286133,0.9195312261581421,0.5879088640213013,0.9211148698174829,0.9190296436267271,0.9192067618783464
560,0.9597461223602295,0.448902428150177,0.924609363079071,0.5807662010192871,0.9262291109501481,0.9243545466927264,0.9244117931844715
561,0.9602734446525574,0.4454566240310669,0.921093761920929,0.5892127156257629,0.9225555715428599,0.9206769639801056,0.9208980020574307
562,0.9584570527076721,0.4508083760738373,0.9232812523841858,0.5807204842567444,0.9248960701699254,0.9227756477613984,0.9230087264782957
563,0.9581835865974426,0.4525997042655945,0.9221093654632568,0.583727240562439,0.9237078289014025,0.9216502568726085,0.921929711849951
564,0.9565625190734863,0.4535644054412842,0.9203906059265137,0.5885636806488037,0.9221239516445274,0.9200211949470001,0.9202158053345968
565,0.9593554735183716,0.4506460428237915,0.9221093654632568,0.5842796564102173,0.9241176515860949,0.9216284461195157,0.9218351568929005
566,0.9597461223602295,0.45055389404296875,0.9245312213897705,0.5825020670890808,0.9263038379712232,0.9241856510976098,0.9244353191183974
567,0.9577538967132568,0.452440083026886,0.9227343797683716,0.594434916973114,0.9247176286522518,0.9222656075632183,0.9225845923129656
568,0.9583398699760437,0.45297732949256897,0.9241406321525574,0.5781671404838562,0.9256064304949603,0.9238632001014981,0.9238971919427159
569,0.9601953029632568,0.4451301693916321,0.9232812523841858,0.5882386565208435,0.9251963832166654,0.9229045274851705,0.9230632077154008
570,0.9586132764816284,0.449107825756073,0.9257031083106995,0.5758172273635864,0.9273712283046062,0.925284790804158,0.9254622433372928
571,0.9603515863418579,0.4469059109687805,0.9275000095367432,0.5790877342224121,0.9293177958022658,0.9272401254994104,0.9274358982676331
572,0.9590820074081421,0.447968453168869,0.9248437285423279,0.576406717300415,0.9267065227352806,0.9243926792341739,0.924494599473311
573,0.958789050579071,0.45014163851737976,0.9249218702316284,0.5798207521438599,0.9262554676109017,0.9243917216940343,0.9245672372822341
574,0.9590234160423279,0.44692009687423706,0.9232812523841858,0.5850078463554382,0.9248900984003738,0.9228110791248123,0.9231013261345862
575,0.9582812786102295,0.45006394386291504,0.9242968559265137,0.5840184688568115,0.925815747034018,0.92395254311703,0.9240296920925932
576,0.9596484303474426,0.44433194398880005,0.9228906035423279,0.5930680632591248,0.9243968869733539,0.9226376750969333,0.9226719640291153
577,0.9585156440734863,0.4487181603908539,0.9251562356948853,0.5881531238555908,0.9269585551922466,0.9248701635960931,0.9249277926455297
578,0.9584179520606995,0.4506837725639343,0.9211719036102295,0.5917750000953674,0.9225599021449695,0.9206870161676473,0.9207860085834725
579,0.9588671922683716,0.4531973898410797,0.9209374785423279,0.5934277176856995,0.9227853442019125,0.920565941152645,0.9207432624124925
580,0.9592187404632568,0.447311669588089,0.925000011920929,0.5837162137031555,0.9264041391628131,0.9247357155056398,0.9248230722010136
581,0.9579492211341858,0.4546900689601898,0.9200000166893005,0.5957664847373962,0.9215842127453684,0.9195816948009474,0.9197239991298127
582,0.9594531059265137,0.4465279281139374,0.9231250286102295,0.5994048118591309,0.9246651361493772,0.9227274414470606,0.9228881919107246
583,0.9586523175239563,0.4500825107097626,0.9240624904632568,0.5882527828216553,0.9255511735490054,0.9237868217460612,0.9239247097007927
584,0.9597265720367432,0.44737547636032104,0.926562488079071,0.5822934508323669,0.9280191815645341,0.926269128250729,0.9264042916754537
585,0.9570898413658142,0.4537370800971985,0.926562488079071,0.5796287655830383,0.9279774459221761,0.9263016828356105,0.9264084835652315
586,0.9568164348602295,0.45494014024734497,0.92578125,0.576267659664154,0.927324662218562,0.9253404789039534,0.9254779073576149
587,0.9575390815734863,0.45418059825897217,0.9257031083106995,0.5805984735488892,0.9273484605825515,0.9253442484584965,0.925516163279831
588,0.9592382907867432,0.44972145557403564,0.9276562333106995,0.579082190990448,0.9291526793265006,0.9274057983410435,0.9276146473075356
589,0.9606054425239563,0.44513949751853943,0.9275781512260437,0.5846498012542725,0.9291220635499444,0.9270256808478289,0.9272985634761144
590,0.9568554759025574,0.4551917016506195,0.9250781536102295,0.5824131965637207,0.9267630004239269,0.9246705903201949,0.9248611183156368
591,0.960156261920929,0.4463123083114624,0.9279687404632568,0.5748001337051392,0.92927712784569,0.9275436560630261,0.9277278597911949
592,0.9585546851158142,0.45111411809921265,0.9275781512260437,0.5791428685188293,0.9291382353589175,0.9271248433880226,0.9273646907544727
593,0.9583398699760437,0.4490976631641388,0.9229687452316284,0.5785579085350037,0.9242427260710028,0.9225130139672845,0.922631564213979
594,0.9584375023841858,0.4502321481704712,0.9255468845367432,0.5838099122047424,0.9272737759781857,0.9250705570140885,0.925339529745745
595,0.9563671946525574,0.4553391635417938,0.9244531393051147,0.5932837128639221,0.9259717331335823,0.9241927595052081,0.9243014654124397
596,0.9566406011581421,0.45324745774269104,0.923046886920929,0.5879557132720947,0.924628288565801,0.9225288949471767,0.9227866146936947
597,0.9585937261581421,0.44952571392059326,0.923828125,0.5917677879333496,0.9253796303537402,0.9234630495589469,0.9235996349350322
598,0.9557421803474426,0.45586806535720825,0.9178125262260437,0.5992799997329712,0.919697081760899,0.9172048414290602,0.9174707265345428
599,0.9589453339576721,0.45208224654197693,0.9243749976158142,0.5915157198905945,0.9260193195414772,0.9238969824032006,0.9241190037415343
600,0.9589453339576721,0.4496365487575531,0.9221093654632568,0.5921811461448669,0.9236545925625828,0.9217917785420545,0.9219168860919067
601,0.9595116972923279,0.44762855768203735,0.924609363079071,0.5826671123504639,0.9259551343990533,0.9242961261302967,0.9244141902974747
602,0.961718738079071,0.4419848620891571,0.92578125,0.5819422006607056,0.9272053614315308,0.9253513175603318,0.925510412710961
603,0.9611914157867432,0.44393429160118103,0.9245312213897705,0.5840519070625305,0.9260239104867034,0.92405342656438,0.924237085280808
604,0.9591991901397705,0.4471569359302521,0.926953136920929,0.5747638940811157,0.928210847186121,0.9266231775380085,0.9267485551996757
605,0.9583789110183716,0.45031607151031494,0.9234374761581421,0.5871373414993286,0.9246819613990558,0.9231840494217649,0.9232637972160345
606,0.9576757550239563,0.4513753652572632,0.9259374737739563,0.5788455009460449,0.9277533955941784,0.925537226205376,0.9258223534137958
607,0.957714855670929,0.4538067579269409,0.9229687452316284,0.591679036617279,0.9244815678246788,0.9226265287422721,0.9227709204823017
608,0.9594336152076721,0.44726961851119995,0.9243749976158142,0.5775337815284729,0.9260260934971225,0.9239639273444687,0.9242073341084539
609,0.9582617282867432,0.4501327872276306,0.9272656440734863,0.5802801251411438,0.9288945430695019,0.9268940213014467,0.9270690753423658
610,0.9582617282867432,0.44945386052131653,0.9259374737739563,0.5771422386169434,0.9275205175532332,0.9256433731713509,0.9257540314604902
611,0.9586523175239563,0.4478456974029541,0.9224218726158142,0.5856317281723022,0.9240313797676277,0.921952580871611,0.9221037902246658
612,0.9598437547683716,0.44525301456451416,0.9253906011581421,0.5814436078071594,0.9273039668396408,0.9249789088249434,0.9251997910075318
613,0.9602344036102295,0.44293633103370667,0.9258593916893005,0.579279899597168,0.9277643648923853,0.9254229825044002,0.9256882583365832
614,0.9567187428474426,0.4531576633453369,0.9243749976158142,0.58417147397995,0.9260873353888996,0.924016629987051,0.9241421281021378
615,0.958984375,0.45012396574020386,0.9242187738418579,0.5802664160728455,0.9260311497047307,0.9237551083305694,0.9240322987810556
616,0.9573047161102295,0.4535444974899292,0.922656238079071,0.585188627243042,0.924614662359849,0.9220252723471314,0.9222683979009798
617,0.9575585722923279,0.4531332850456238,0.926953136920929,0.5726207494735718,0.9283771530197653,0.9267931342305848,0.9268178163530213
618,0.9588281512260437,0.449105441570282,0.9250781536102295,0.5794183015823364,0.926756077185203,0.9246486289040832,0.9248161729487492
619,0.9613867402076721,0.4444047808647156,0.9249218702316284,0.5770022869110107,0.9265905313015065,0.9244971412885735,0.9247483167009345
620,0.961132824420929,0.44214874505996704,0.928906261920929,0.5638773441314697,0.9304396999986406,0.9285097005151688,0.9286893464153639
621,0.9604101777076721,0.4473291039466858,0.9256250262260437,0.5709540843963623,0.9271450576877837,0.9250194638963449,0.9253545061479299
622,0.9564257860183716,0.4527425467967987,0.9253125190734863,0.5742087364196777,0.9264390642883703,0.9248448231351106,0.9249610277146091
623,0.9583984613418579,0.4472331702709198,0.922656238079071,0.5773188471794128,0.9242706106993621,0.9222840425472514,0.9224798078306043
624,0.9594140648841858,0.44773948192596436,0.9266406297683716,0.5791714787483215,0.9282067218689145,0.926204125248898,0.9264783786795132
625,0.9593750238418579,0.44325804710388184,0.9257031083106995,0.5719103813171387,0.927100993588907,0.9253840539803715,0.9254716790199697
626,0.9604101777076721,0.44174274802207947,0.925000011920929,0.582017719745636,0.926188075882844,0.9246768964618117,0.9247401148424161
627,0.9605468511581421,0.44057875871658325,0.9262499809265137,0.5749347805976868,0.9274894522224713,0.9259111631002569,0.9260595914811325
628,0.9610546827316284,0.44084081053733826,0.9249218702316284,0.5710771083831787,0.9263477117150172,0.9244496199164749,0.924613600299935
629,0.9591015577316284,0.4453473687171936,0.92578125,0.5776710510253906,0.9269961731150156,0.9254440845763621,0.9255349088699939
630,0.9582812786102295,0.4499826729297638,0.923046886920929,0.584260106086731,0.9246679655550474,0.922824346225356,0.9229030117414609
631,0.9584765434265137,0.4481205642223358,0.9232031106948853,0.5820343494415283,0.924472325535472,0.9228956620852967,0.9229716928219072
632,0.9581054449081421,0.45048773288726807,0.9239062666893005,0.5870732665061951,0.925614439502759,0.923496651064605,0.9236816671244646
633,0.9593359231948853,0.4477168619632721,0.9209374785423279,0.587714433670044,0.9226965998920795,0.9204228379105501,0.9206630225544674
634,0.9588281512260437,0.4472430944442749,0.9240624904632568,0.5755651593208313,0.9255432672346988,0.9236805295733526,0.9237381454278761
635,0.9601367115974426,0.4455863833427429,0.9244531393051147,0.5793168544769287,0.9256484262392033,0.9240348622425094,0.9241508628407427
636,0.9588867425918579,0.4467912018299103,0.9258593916893005,0.5810818076133728,0.9271134331952287,0.9255809522038524,0.9256841556681716
637,0.9597070217132568,0.44729605317115784,0.9239062666893005,0.5789399147033691,0.925404104472618,0.9236436676975399,0.9237296641159859
638,0.9600976705551147,0.44380101561546326,0.9243749976158142,0.5815622210502625,0.9256764276217783,0.9240836770746548,0.9241972832283776
639,0.9580859541893005,0.45117518305778503,0.9271875023841858,0.5759207010269165,0.9284920226873115,0.9268938027567678,0.9269980029431768
640,0.958300769329071,0.45185497403144836,0.923828125,0.5889446139335632,0.9255540219648857,0.9235981778944427,0.9237277692304116
641,0.9574609398841858,0.45027583837509155,0.9217968583106995,0.5899665355682373,0.9234497138550033,0.9214661845868377,0.9215554935638692
642,0.9595898389816284,0.44718942046165466,0.9283593893051147,0.5756233930587769,0.9298596023541092,0.9280055813788415,0.9281191446447773
643,0.9587109088897705,0.44665032625198364,0.9253125190734863,0.5801659226417542,0.9268375287039248,0.924629385375639,0.924898395766813
644,0.9606054425239563,0.4424562454223633,0.9252343773841858,0.577480673789978,0.9266604034354216,0.9248580341653571,0.9249833444485914
645,0.96044921875,0.44360771775245667,0.9244531393051147,0.5894395112991333,0.9261270638703147,0.924022677625248,0.9241087542612121
646,0.9592382907867432,0.4447934031486511,0.9294531345367432,0.5732637643814087,0.9310037972206018,0.9289826848158382,0.9292421002210994
647,0.9607031345367432,0.44111958146095276,0.9263281226158142,0.5738627910614014,0.9276900763402007,0.9258000536860925,0.9259628676510999
648,0.9598633050918579,0.44406360387802124,0.9232812523841858,0.5829041600227356,0.9246255132918884,0.9229734732127228,0.9230555926639051
649,0.9604101777076721,0.44233572483062744,0.9251562356948853,0.5782278180122375,0.926687990581174,0.9248503648179371,0.9249567986396658
650,0.9595312476158142,0.44437798857688904,0.9264843463897705,0.580279529094696,0.9277127543771325,0.9261619561240786,0.9262074724627178
651,0.9594140648841858,0.44779521226882935,0.9250781536102295,0.5740734338760376,0.9266334020540021,0.9245619376758907,0.9247904433430766
652,0.9591405987739563,0.4447115361690521,0.9252343773841858,0.5760379433631897,0.9265798803360606,0.9247944089589542,0.9249469371726132
653,0.9602148532867432,0.44395747780799866,0.927734375,0.568134605884552,0.9295086302480957,0.9273745325306424,0.9275236838799923
654,0.9598242044448853,0.44432663917541504,0.9300000071525574,0.5647538900375366,0.9314618711272328,0.9296640485197021,0.9297576397532221
655,0.9599609375,0.44127100706100464,0.9216406345367432,0.5931828022003174,0.9232535739306662,0.9214729063081304,0.9214344771740686
656,0.958300769329071,0.4488958418369293,0.9260156154632568,0.5790811777114868,0.9270597020008755,0.9257156261943693,0.9257750853562907
657,0.9575390815734863,0.4495256841182709,0.9257031083106995,0.5856655836105347,0.9270136213043396,0.9252658308050877,0.9254397618888388
658,0.9565820097923279,0.4503759741783142,0.9287499785423279,0.5718135833740234,0.930121776279115,0.9282352143365304,0.9283928289413346
659,0.960253894329071,0.4453660845756531,0.9259374737739563,0.5781209468841553,0.9270225100741927,0.9256489855749692,0.9256255196436227
660,0.9608203172683716,0.4409300982952118,0.9264843463897705,0.5771287083625793,0.927918346772579,0.9262083533458263,0.9263665391582274
661,0.9607812762260437,0.44149917364120483,0.9292968511581421,0.5647194981575012,0.9305777549282367,0.9289371678173391,0.9290480644975121
662,0.9610546827316284,0.44215261936187744,0.9266406297683716,0.5760219693183899,0.9282503885133235,0.9263001306265053,0.9265008040550176
663,0.9590234160423279,0.44694578647613525,0.9239062666893005,0.5799031257629395,0.9256957940025025,0.9235938894783655,0.9237281973547509
664,0.9607617259025574,0.4434158205986023,0.9258593916893005,0.5759767889976501,0.927327146823257,0.9254494485738733,0.9256087301860012
665,0.958300769329071,0.44710513949394226,0.9281250238418579,0.5724351406097412,0.9295260233615811,0.9277516201327825,0.9278404460486372
666,0.9598242044448853,0.44533705711364746,0.9235156178474426,0.5911557674407959,0.9251652149889005,0.9233625891668737,0.9234800974808346
667,0.9586328268051147,0.44851163029670715,0.9245312213897705,0.596156120300293,0.9262642471316715,0.9243516885683811,0.9244292278270125
668,0.9575976729393005,0.44918468594551086,0.9278905987739563,0.5687001347541809,0.9292714747211364,0.9274782268380711,0.9276264403239038
669,0.9580468535423279,0.4513537585735321,0.9268749952316284,0.5759135484695435,0.9284601468167463,0.926319087181678,0.9266053503929993
670,0.9585937261581421,0.4474928379058838,0.9250781536102295,0.5881764888763428,0.9265704342578359,0.9247342842165315,0.9248602326518855
671,0.9585351347923279,0.45011961460113525,0.9289844036102295,0.5704739689826965,0.9304276782350323,0.9288412201328272,0.928918751691135
672,0.9593164324760437,0.4442045986652374,0.9245312213897705,0.5807347297668457,0.9261741834834281,0.9242222730642291,0.9242782947987729
673,0.9601367115974426,0.44410717487335205,0.9263281226158142,0.5735039710998535,0.9279466209480396,0.9259896723838414,0.926166769703202
674,0.9603710770606995,0.44309675693511963,0.9245312213897705,0.5713194012641907,0.9262815827207217,0.9242699786700845,0.9243850606972095
675,0.9602344036102295,0.4418898820877075,0.9284374713897705,0.5701621770858765,0.9298731402524418,0.9280083844110973,0.9281727459346445
676,0.9615234136581421,0.4366033971309662,0.924609363079071,0.5788456201553345,0.9265071712870682,0.9241654508855841,0.9244137251065959
677,0.9625195264816284,0.4359304904937744,0.9258593916893005,0.5727739334106445,0.9273538108209325,0.9253705734138584,0.9256029179071806
678,0.9619336128234863,0.43373894691467285,0.928515613079071,0.5662965774536133,0.929980389371551,0.9282083864039277,0.9283239911043757
679,0.9599609375,0.43762367963790894,0.9267187714576721,0.5812269449234009,0.9286600619526906,0.9262203806926854,0.9264583532485391
680,0.9591015577316284,0.44283729791641235,0.9289844036102295,0.5737868547439575,0.9306590279992429,0.9287173071175647,0.9287628239958723
681,0.9611132740974426,0.4386736750602722,0.9268749952316284,0.5732249617576599,0.9283595741139086,0.9264433841108534,0.9266126451518369
682,0.9591211080551147,0.44542554020881653,0.9243749976158142,0.5856850743293762,0.9264746501700363,0.9238942912365391,0.9241457864047501
683,0.9566015601158142,0.4488937258720398,0.9282031059265137,0.5722537040710449,0.9295639511009355,0.9277534433363743,0.9279634903841807
684,0.9594336152076721,0.44271278381347656,0.9266406297683716,0.5741004347801208,0.9280228771876968,0.9263996198739942,0.9265026229994693
685,0.9582812786102295,0.4484754204750061,0.9267187714576721,0.5690151453018188,0.9283917420778693,0.9263271783960947,0.9264930301410553
686,0.9585937261581421,0.4475031793117523,0.9276562333106995,0.5718302726745605,0.92905394611449,0.9273767303391398,0.9274573357103214
687,0.9585351347923279,0.4426526725292206,0.9292187690734863,0.5696457624435425,0.9306113665521756,0.9290622661144551,0.9290623940886942
688,0.9600781202316284,0.44498154520988464,0.9264062643051147,0.5729207992553711,0.9276012108138323,0.9261528306225242,0.9261473866648108
689,0.957812488079071,0.4504466652870178,0.928906261920929,0.5639991760253906,0.9301619729872905,0.9284350644904027,0.9286328923720925
690,0.9593945145606995,0.4471646845340729,0.9273437261581421,0.5710495710372925,0.9287663718038054,0.926988800904616,0.9271878513715786
691,0.9576757550239563,0.4506385922431946,0.9287499785423279,0.5679733157157898,0.9303684477095964,0.928339256880226,0.9285079149575501
692,0.9598047137260437,0.44267070293426514,0.9292968511581421,0.5579642653465271,0.9308331823181368,0.928838634440067,0.9289885962090227
693,0.9587109088897705,0.44376224279403687,0.9271875023841858,0.5727618336677551,0.928601363711345,0.9268386890635513,0.926935360665335
694,0.9594531059265137,0.44192978739738464,0.9273437261581421,0.5699630975723267,0.9288214786936386,0.9271037606159227,0.9271887139259225
695,0.9591015577316284,0.4470375180244446,0.9276562333106995,0.5705800652503967,0.929084650364193,0.9274076982747098,0.927424205886767
696,0.9586718678474426,0.4491483271121979,0.925000011920929,0.5822227597236633,0.9266022561859992,0.9245992740888768,0.9246932118240421
697,0.9599609375,0.4445767104625702,0.9314844012260437,0.5712135434150696,0.9329757917693793,0.9310495012967909,0.9313238452982785
698,0.9598437547683716,0.4426537752151489,0.9292187690734863,0.5705993175506592,0.9307311873496141,0.9287046359979013,0.9290153871003346
699,0.96044921875,0.4426777958869934,0.9253125190734863,0.5774844288825989,0.9270107004724872,0.9249326324187952,0.9251440596475013
700,0.960742175579071,0.43870651721954346,0.9296093583106995,0.5675155520439148,0.9311821184626651,0.929248956016119,0.929463633677582
701,0.9607226848602295,0.4400414526462555,0.9290624856948853,0.5627605319023132,0.9306660340538451,0.9286360109435818,0.9288396892978523
702,0.9597851634025574,0.4440237879753113,0.9279687404632568,0.5755177140235901,0.9299079365769187,0.9275974266192285,0.9276971318883109
703,0.9605468511581421,0.4433409571647644,0.9280468821525574,0.5766923427581787,0.9298866085576447,0.9278619800779719,0.9279903650574857
704,0.9616992473602295,0.4398382604122162,0.9270312786102295,0.5714584589004517,0.9287835944731475,0.9267641158870689,0.9268853503623642
705,0.9598242044448853,0.44258350133895874,0.9288281202316284,0.56711745262146,0.9306676052689317,0.9287266185751575,0.9288274639436123
706,0.9611718654632568,0.43671879172325134,0.9263281226158142,0.5722070932388306,0.9280630318524192,0.9258536303039633,0.9261241675161286
707,0.9613867402076721,0.43529587984085083,0.928906261920929,0.571664571762085,0.9301936992815856,0.928596589738747,0.9286595807213245
708,0.9598242044448853,0.4418265223503113,0.9272656440734863,0.5668953061103821,0.9288587725379468,0.9267919507760738,0.9269997474276988
709,0.9592968821525574,0.4414045810699463,0.9291406273841858,0.5680152177810669,0.9304631119439799,0.9286584090029699,0.9288638079553514
710,0.9613476395606995,0.43715840578079224,0.9300000071525574,0.5624180436134338,0.9314658815188157,0.9296940099250169,0.9298700568432756
711,0.9628124833106995,0.4319615066051483,0.9299218654632568,0.5607994198799133,0.9312518513022601,0.9298657386815492,0.9299675812190507
712,0.9588086009025574,0.44483551383018494,0.930468738079071,0.5590090155601501,0.9318304246262589,0.930170660562416,0.9302152464275031
713,0.9600976705551147,0.4406518042087555,0.9284374713897705,0.5611897110939026,0.9300028053396252,0.928012439520975,0.9282604606417914
714,0.9600195288658142,0.438371479511261,0.9309375286102295,0.5614518523216248,0.9326316557623873,0.9305131108130228,0.9307548524483964
715,0.9597461223602295,0.4422996938228607,0.9231250286102295,0.5836393237113953,0.9245480545033682,0.9228757503934322,0.9229437790955899
716,0.9609765410423279,0.4357333481311798,0.9286718964576721,0.5703881978988647,0.9299891868332432,0.9282788453847487,0.928437122396087
717,0.9603320360183716,0.43919864296913147,0.925000011920929,0.5905060768127441,0.9265616655867586,0.9246636183667165,0.9247404686749217
718,0.9593164324760437,0.4424975514411926,0.9311718940734863,0.5619164109230042,0.9322983062659871,0.9308220778819025,0.9308740274979894
719,0.9604882597923279,0.4392225742340088,0.9293749928474426,0.5683366656303406,0.9308702741053755,0.9290734931594384,0.9291652126915241
720,0.9585742354393005,0.44539469480514526,0.9299218654632568,0.5603753924369812,0.9315490898541392,0.9295657702723303,0.9297632456075218
721,0.9598633050918579,0.4395991861820221,0.926562488079071,0.5744025707244873,0.928129580108209,0.9263577689161451,0.9263828157142873
722,0.9599999785423279,0.4439566731452942,0.9296093583106995,0.5713173151016235,0.9310813678914249,0.9293534615482955,0.9294680281805014
723,0.959179699420929,0.44342800974845886,0.9273437261581421,0.564858078956604,0.9286804723049371,0.9270035143915651,0.9271779496192698
724,0.9603710770606995,0.439810186624527,0.926953136920929,0.5736080408096313,0.9286028470578428,0.9265085569462342,0.9267874082929106
725,0.9625195264816284,0.4360710382461548,0.9284374713897705,0.5684868097305298,0.9300796194579364,0.9280100014092059,0.9282476788182227
726,0.9599413871765137,0.44303086400032043,0.928515613079071,0.5662835240364075,0.93006418755575,0.9282401930245981,0.9284485283803756
727,0.9616015553474426,0.43499183654785156,0.9290624856948853,0.5667423009872437,0.9308574452108831,0.9288041074461194,0.9290508246269584
728,0.9610546827316284,0.44112929701805115,0.9279687404632568,0.5666620135307312,0.9293065779438155,0.9274900733104872,0.9276369505090475
729,0.9599999785423279,0.4411459267139435,0.9294531345367432,0.5663690567016602,0.9306521956038224,0.9291079957544293,0.9292104890073543
730,0.9599218964576721,0.4400938153266907,0.9303125143051147,0.5696707963943481,0.93179014811218,0.9298518706230089,0.9300884477394957
731,0.9630078077316284,0.4311589300632477,0.9286718964576721,0.5677982568740845,0.9301126788690608,0.928241150444223,0.9284531306542179
732,0.9603515863418579,0.4369351267814636,0.9276562333106995,0.5688204765319824,0.929397007879563,0.927208088692871,0.9273767068781203
733,0.9608398675918579,0.43583211302757263,0.9297656416893005,0.5696155428886414,0.9311751363249134,0.9293699653620593,0.9295923581714024
734,0.9615039229393005,0.4363307058811188,0.9294531345367432,0.5647158622741699,0.9310703310816733,0.9291462924398268,0.9293338919779144
735,0.9609570503234863,0.43677258491516113,0.9279687404632568,0.5751036405563354,0.9294711011818111,0.9275666848283822,0.9277907237567417
736,0.9603710770606995,0.4388667643070221,0.9279687404632568,0.5708692669868469,0.929524965619188,0.9276343135901581,0.9278363355973865
737,0.9590429663658142,0.4432908296585083,0.9273437261581421,0.5744867920875549,0.9288653343901072,0.9268473704912392,0.927068304656681
738,0.9583203196525574,0.4433017671108246,0.924609363079071,0.5806328654289246,0.9260429984745276,0.9241644818414189,0.924405250499366
739,0.959667980670929,0.4427132308483124,0.9271093606948853,0.5768706798553467,0.9289309133576545,0.9267701465595987,0.926949794827717
740,0.9603320360183716,0.43882668018341064,0.9288281202316284,0.5716693997383118,0.9306912860551289,0.9285572039897385,0.9286755291405284
741,0.9623437523841858,0.4343678951263428,0.9275000095367432,0.5805172324180603,0.9291926210115041,0.9270837974999118,0.9273821784167515
742,0.9616992473602295,0.4349077343940735,0.9274218678474426,0.568932294845581,0.9294029923620887,0.9271742008641384,0.9272942862320828
743,0.9620116949081421,0.43434056639671326,0.9290624856948853,0.5618607997894287,0.9303317031537578,0.9288063542124483,0.9288550485992628
744,0.9602344036102295,0.43807151913642883,0.9257031083106995,0.5766181349754333,0.9270609785492608,0.9253990443698212,0.9254793903499531
745,0.958984375,0.44221416115760803,0.9292187690734863,0.5697124600410461,0.9305442439949666,0.9288232886059968,0.9290403637574935
746,0.9599218964576721,0.44172346591949463,0.9266406297683716,0.5768155455589294,0.9279914902528268,0.9262129955864975,0.9264227628501949
747,0.9602344036102295,0.4416675567626953,0.9288281202316284,0.5707079172134399,0.9301765488671756,0.9284010864242713,0.9285635134289637
748,0.959667980670929,0.4384647011756897,0.9273437261581421,0.5704183578491211,0.9291828676004228,0.9270657323686405,0.9272452181938092
749,0.9608984589576721,0.43491944670677185,0.9282812476158142,0.5637831687927246,0.9295136553614398,0.9278930139467276,0.9280454456228026
750,0.9603515863418579,0.44021254777908325,0.9314062595367432,0.5598466396331787,0.9324183049994454,0.9309543554402089,0.9311212616048068
751,0.95849609375,0.44166743755340576,0.9255468845367432,0.572980523109436,0.9269202628597702,0.9250863698042183,0.9252817429475809
752,0.9599023461341858,0.44010284543037415,0.9272656440734863,0.5700499415397644,0.9288236975394872,0.926868996125992,0.9270625841217597
753,0.9611523151397705,0.43824753165245056,0.9292968511581421,0.5695592761039734,0.9307329109096905,0.9289965275639314,0.9291485644474359
754,0.9611523151397705,0.43849560618400574,0.928515613079071,0.5684068202972412,0.9300151687581308,0.9282765607853021,0.9284081138913524
755,0.960742175579071,0.4379158020019531,0.9301562309265137,0.5603746175765991,0.931312227346703,0.9298494912462749,0.9300037564656707
756,0.9607617259025574,0.43451279401779175,0.927734375,0.5640397071838379,0.9293133291754169,0.9273399549673113,0.927542111555126
757,0.9606249928474426,0.4368792474269867,0.928515613079071,0.5645245909690857,0.9299508002017804,0.9281092977601836,0.9282766779048328
758,0.9607031345367432,0.43961089849472046,0.9271875023841858,0.5697367191314697,0.9285706458159668,0.9268257786039595,0.9270155584375124
759,0.9603515863418579,0.43767181038856506,0.9264062643051147,0.5663177371025085,0.9280847733458001,0.9261624652034357,0.9262299439388774
760,0.9605664014816284,0.43933430314064026,0.9283593893051147,0.5699746608734131,0.9296249678533268,0.9280078667119617,0.9281143431514823
761,0.9601171612739563,0.4428884983062744,0.9296093583106995,0.5716782808303833,0.9309812770636392,0.9291618120689547,0.9293224781602283
762,0.9602344036102295,0.439251184463501,0.9267968535423279,0.5719795227050781,0.9284622038074312,0.926442760976879,0.9265350945435027
763,0.9619140625,0.436447411775589,0.9276562333106995,0.5689401030540466,0.9291830129311711,0.9272994316159625,0.9274384709080219
764,0.9594336152076721,0.4408438503742218,0.928515613079071,0.5665907263755798,0.9300328592383875,0.9282803666224754,0.928416804213778
765,0.9605078101158142,0.4368303716182709,0.9305468797683716,0.5628603100776672,0.9322309800718415,0.9301715930448977,0.9303610897197016
766,0.9607031345367432,0.4364805519580841,0.9303125143051147,0.5578137040138245,0.9316921852806404,0.9297065346867244,0.9299657226228715
767,0.9602929949760437,0.4369727075099945,0.9283593893051147,0.564747154712677,0.9300555032874478,0.9279571488080408,0.9281066370259632
768,0.9597461223602295,0.44169604778289795,0.9332031011581421,0.5605623722076416,0.9347398976593598,0.9327522268750279,0.9329666140436266
769,0.9616601467132568,0.43413016200065613,0.9334375262260437,0.5563579797744751,0.9350497296094467,0.9330102964760812,0.9332661501527353
770,0.9615039229393005,0.43680503964424133,0.9301562309265137,0.5582435727119446,0.93169289258286,0.9297014091849565,0.9299265927270867
771,0.960742175579071,0.4370771050453186,0.9321093559265137,0.5582375526428223,0.9337649587660974,0.9317284826089411,0.9320102038692246
772,0.9616405963897705,0.43479713797569275,0.93359375,0.5614215135574341,0.9349906003124399,0.9330505505262368,0.9333153577653306
773,0.9614062309265137,0.4345862865447998,0.9294531345367432,0.5650869607925415,0.9311187315660944,0.9292986470679869,0.9293509124869352
774,0.9608984589576721,0.43897032737731934,0.9313281178474426,0.5649465322494507,0.9328096555267849,0.9308554302558343,0.9310520453335192
775,0.9614843726158142,0.4338822662830353,0.9301562309265137,0.5663756728172302,0.9316418573182785,0.9298308443950878,0.9300090972216353
776,0.9599999785423279,0.43837970495224,0.9278125166893005,0.574230432510376,0.9289551072234863,0.9276038587495481,0.9276351241269581
777,0.9616601467132568,0.4335225224494934,0.9294531345367432,0.559809148311615,0.9312550291833922,0.9292253861308433,0.9293966892652215
778,0.9597070217132568,0.4396730661392212,0.9270312786102295,0.5685174465179443,0.9285870926633226,0.926672181668989,0.9268344111126428
779,0.9587695598602295,0.44015681743621826,0.9276562333106995,0.5741012096405029,0.9294336671406075,0.9273632986506921,0.9275357430845647
780,0.9613867402076721,0.43509015440940857,0.928906261920929,0.5669277310371399,0.9304292932857052,0.9286403930858452,0.9287096343501151
781,0.9593750238418579,0.438703715801239,0.9244531393051147,0.5737006068229675,0.9263772632021943,0.92430187124356,0.9243918370669206
782,0.9589648246765137,0.44026240706443787,0.9264843463897705,0.5637362599372864,0.9278193282523961,0.9261300193389828,0.9263063639428176
783,0.9614062309265137,0.43488502502441406,0.9301562309265137,0.5592690110206604,0.93137024764668,0.9297629259308714,0.9299537093499306
784,0.9619922041893005,0.43133604526519775,0.9339843988418579,0.5536826252937317,0.9353987551684841,0.9337621315537803,0.9338651895083158
785,0.961132824420929,0.4332618713378906,0.9282031059265137,0.5710769891738892,0.9292977324698211,0.927898602283854,0.9279441652128181
786,0.9614843726158142,0.43024808168411255,0.9275000095367432,0.5630771517753601,0.9288647525979282,0.9270650606655297,0.9271664512598918
787,0.9620312452316284,0.43204182386398315,0.9256250262260437,0.5682507753372192,0.9271643917193559,0.9252316684070767,0.925393453153699
788,0.96044921875,0.43545177578926086,0.9301562309265137,0.5656418800354004,0.9315590870179001,0.9295723546070658,0.9297902200399245
789,0.9619336128234863,0.43195387721061707,0.928906261920929,0.5645135641098022,0.9305379319897018,0.9284740483375808,0.9288651865466475
790,0.9623047113418579,0.4299522638320923,0.9306250214576721,0.5669363141059875,0.9319275233470798,0.9303492601255995,0.9304636788299044
791,0.9603515863418579,0.435332328081131,0.9297656416893005,0.571574866771698,0.9313506249137755,0.9293033691032604,0.9295358003136194
792,0.9614062309265137,0.4313601553440094,0.930859386920929,0.5585978627204895,0.9320449901488959,0.9304402624577723,0.9306114396200977
793,0.9616015553474426,0.43102508783340454,0.9305468797683716,0.5591563582420349,0.9319043513394882,0.9300227345110188,0.9302812206989317
794,0.9618750214576721,0.4318431615829468,0.9319531321525574,0.5598320960998535,0.933413348522228,0.9316039340682867,0.9318025389847031
795,0.9595507979393005,0.4397280812263489,0.9278905987739563,0.573625922203064,0.9292017534075253,0.9275853108256835,0.9276526602564572
796,0.9579101800918579,0.4435497522354126,0.9296093583106995,0.5640975832939148,0.9311237573075325,0.9292635265351756,0.9294340713580385
797,0.9600781202316284,0.4378410577774048,0.928515613079071,0.5661787986755371,0.9298626964882111,0.9282454399183374,0.9282858281425801
798,0.9593945145606995,0.43935227394104004,0.9303125143051147,0.5614292621612549,0.9317968717916444,0.9300293982617853,0.930183047881614
799,0.9584375023841858,0.4414176046848297,0.9285937547683716,0.5642414689064026,0.9302254617872343,0.9283659516862642,0.9284622305814041
800,0.9605859518051147,0.43796879053115845,0.9262499809265137,0.5773993730545044,0.9277811103205461,0.9259068914070236,0.9260397956875304
801,0.9590429663658142,0.43853524327278137,0.930468738079071,0.5657175183296204,0.9320982184328512,0.9301571262661578,0.9303460061464482
802,0.9607031345367432,0.43290823698043823,0.9302343726158142,0.5682072639465332,0.9315382936524992,0.9297729187587249,0.9299101719221883
803,0.960253894329071,0.43728265166282654,0.9235156178474426,0.5835686922073364,0.924982330411803,0.923078456831663,0.923238999370521
804,0.9627929925918579,0.43249890208244324,0.9275781512260437,0.5725952982902527,0.9289624624398152,0.9270888160336849,0.9272888774825558
805,0.9614648222923279,0.4337061643600464,0.9306250214576721,0.567769467830658,0.9319916725630606,0.9302753026237345,0.9304138437448168
806,0.961621105670929,0.4336799681186676,0.930468738079071,0.5776894092559814,0.931914702698938,0.9301218331808156,0.9302730132034087
807,0.9601757526397705,0.4377700090408325,0.9307031035423279,0.5608876943588257,0.9319770530045957,0.930345029000487,0.9304800453116879
808,0.960156261920929,0.43773940205574036,0.9260156154632568,0.5770324468612671,0.9271388659453097,0.9255280394372176,0.9256743760753345
809,0.961621105670929,0.4328771233558655,0.9282031059265137,0.5654752850532532,0.9294347012944666,0.927709930546492,0.927845048473281
810,0.9618359208106995,0.4317747950553894,0.9285937547683716,0.5688802003860474,0.9300757077427801,0.9281064561280267,0.9283724385060963
811,0.9604296684265137,0.43517565727233887,0.9267187714576721,0.5724761486053467,0.9283537511526909,0.9262951593319779,0.9265204498513003
812,0.9600585699081421,0.43685516715049744,0.9303125143051147,0.5612490773200989,0.9318578413751035,0.9300470369916187,0.9302309229314746
813,0.9623633027076721,0.4340178370475769,0.931640625,0.5532046556472778,0.9329961959881343,0.931246366273346,0.9313150657098629
814,0.9616405963897705,0.43373340368270874,0.9290624856948853,0.5678343772888184,0.9304237049861348,0.9286697427820529,0.928799730766152
815,0.9598827958106995,0.43541932106018066,0.9291406273841858,0.5586658716201782,0.930561047110731,0.9287496175878974,0.9288542041091123
816,0.9605078101158142,0.4346541464328766,0.9315624833106995,0.5547989010810852,0.9328406201190732,0.9312179995648522,0.9313035872934049
817,0.9619726538658142,0.43123093247413635,0.9303125143051147,0.5629841089248657,0.9315070242241674,0.9298625046341361,0.9299613841331033
818,0.9604687690734863,0.4363318681716919,0.9317187666893005,0.5620377659797668,0.93316109133485,0.9312275397776404,0.9313508879031954
819,0.9616405963897705,0.42899462580680847,0.9287499785423279,0.5665588974952698,0.930614282357151,0.9284339546790026,0.9285599710803987
820,0.9624413847923279,0.4297357201576233,0.9273437261581421,0.5636763572692871,0.9286829182771548,0.9270487456068388,0.9270936748088328
821,0.9630468487739563,0.42605268955230713,0.928906261920929,0.5651862025260925,0.9301532276680436,0.9286390785077399,0.9287134089781397
822,0.9615429639816284,0.4285919964313507,0.9307031035423279,0.5536659359931946,0.9320017482853562,0.9303499531386366,0.9304162017731159
823,0.9591211080551147,0.4391806125640869,0.9291406273841858,0.5663026571273804,0.9303746377793716,0.9287587872502016,0.9288747892476436
824,0.9603124856948853,0.43461787700653076,0.9291406273841858,0.5623906850814819,0.9304981809592268,0.9287519264390048,0.9289900882138711
825,0.9626758098602295,0.42965584993362427,0.9301562309265137,0.5622891187667847,0.931754139355249,0.9297666143038186,0.9300050801961617
826,0.9627344012260437,0.4285706579685211,0.9314062595367432,0.5572936534881592,0.9329234639213254,0.9309572050021243,0.9310992318745189
827,0.9615625143051147,0.43190357089042664,0.9325781464576721,0.5523795485496521,0.9340424759921426,0.9323901620316517,0.9325281388081416
828,0.9621288776397705,0.4303632080554962,0.926953136920929,0.5625911951065063,0.9284793320960244,0.9266237354250957,0.9267664077242735
829,0.961230456829071,0.4313490390777588,0.9294531345367432,0.5618571043014526,0.9307672639690134,0.9289210233992009,0.9290430761314188
830,0.9621484279632568,0.42960765957832336,0.9298437237739563,0.5617933869361877,0.9313746125151315,0.9295366776428668,0.9297787165119675
831,0.9616601467132568,0.4324347674846649,0.9273437261581421,0.5631459355354309,0.9288841452842569,0.9269624463384769,0.9271001115143896
832,0.9606249928474426,0.4332934617996216,0.9311718940734863,0.5468394756317139,0.9326531554122826,0.9309965484865946,0.9311032586928114
833,0.9614843726158142,0.4289114475250244,0.9283593893051147,0.5647187829017639,0.9297537124579385,0.9279765784897466,0.9280626425770995
834,0.9600585699081421,0.4341997802257538,0.928515613079071,0.5682792663574219,0.9298853258726615,0.9282752204001558,0.9283392822876284
835,0.9608398675918579,0.4346188008785248,0.9266406297683716,0.5653361678123474,0.9280997115384849,0.9262915525981845,0.9264303697006969
836,0.9598437547683716,0.4379684031009674,0.9272656440734863,0.5603099465370178,0.9289451744896358,0.9269365591123677,0.9271227823706587
837,0.9595702886581421,0.43753787875175476,0.9282031059265137,0.5551736354827881,0.9293082359029041,0.9279409194074035,0.9279946473927745
838,0.9592968821525574,0.44195544719696045,0.9284374713897705,0.5546273589134216,0.9300490180479232,0.9280544007778635,0.9282828862090762
839,0.9608398675918579,0.4356842339038849,0.931640625,0.5557224154472351,0.9331519464771276,0.9311953979829068,0.9314446059178185
840,0.9596874713897705,0.4347228705883026,0.9296093583106995,0.5545799732208252,0.9312332250847793,0.929333010342547,0.9294768550950473
841,0.9615820050239563,0.43120017647743225,0.9311718940734863,0.5569443702697754,0.932168024845955,0.9309134729555864,0.930945784442071
842,0.9620507955551147,0.4343273639678955,0.9337499737739563,0.5454609990119934,0.93541097516631,0.9333517370617399,0.9335028501653317
843,0.9637695550918579,0.42820417881011963,0.9301562309265137,0.5604591965675354,0.9315187874252873,0.9296523356429809,0.9298505701584925
844,0.960742175579071,0.4340198040008545,0.9318749904632568,0.5516353845596313,0.9333919606343581,0.9314714787996365,0.9317214417439502
845,0.9593945145606995,0.4391202926635742,0.9333593845367432,0.5450006127357483,0.9346295422110784,0.9328970295735401,0.933109934586307
846,0.9609765410423279,0.43515586853027344,0.9271093606948853,0.5680417418479919,0.9283547595909845,0.9267199284787034,0.9268218822896648
847,0.9609179496765137,0.4318781793117523,0.932421863079071,0.5470992922782898,0.9339771119789042,0.9321130335371156,0.9322945399304585
848,0.9639648199081421,0.4249221384525299,0.9314844012260437,0.5534399151802063,0.9329076591131891,0.9310853464023746,0.9312728476320763
849,0.9632617235183716,0.4257689416408539,0.9305468797683716,0.5563045144081116,0.9319636306162614,0.930250136399053,0.9302969835713084
850,0.9597461223602295,0.43466120958328247,0.9289844036102295,0.5621151924133301,0.930117324294708,0.9286427389752114,0.9287247925502624
851,0.9602148532867432,0.43521109223365784,0.9272656440734863,0.5720093846321106,0.928441764221535,0.9268462838481208,0.9269987252248184
852,0.9599609375,0.43391674757003784,0.9325000047683716,0.5530593991279602,0.9336322706751574,0.9322196806656156,0.9322518402770077
853,0.9624413847923279,0.43007001280784607,0.9317968487739563,0.5590851306915283,0.9328407506796517,0.9313931909135131,0.931501663010103
854,0.9604101777076721,0.4334230422973633,0.9325781464576721,0.554654598236084,0.9339842424784343,0.9320071493192468,0.932266925110393
855,0.9597070217132568,0.43450698256492615,0.9305468797683716,0.5514416098594666,0.9316606790940549,0.930220827249488,0.9303227445380831
856,0.9602929949760437,0.43706271052360535,0.9253906011581421,0.5746386647224426,0.9268477394588673,0.925018028248228,0.9250955048263874
857,0.960253894329071,0.4365626871585846,0.9297656416893005,0.5611401796340942,0.9312721058769968,0.9296005564015328,0.9296143949770003
858,0.958789050579071,0.4372815787792206,0.9281250238418579,0.5602114796638489,0.9296374063846535,0.9279263469210441,0.9280283814869879
859,0.9612695574760437,0.42953112721443176,0.9295312762260437,0.5546792149543762,0.9308893652782928,0.9293078164450368,0.9294297637581643
860,0.9604687690734863,0.43192505836486816,0.9307812452316284,0.5546066761016846,0.9320848057837718,0.9305453761701807,0.9305745885376073
861,0.9593359231948853,0.43677616119384766,0.9321874976158142,0.5484005212783813,0.9338575097096484,0.9320896188592649,0.9321432813438959
862,0.9603906273841858,0.43429240584373474,0.9307812452316284,0.5555418729782104,0.9321781108805789,0.9305821198454304,0.9306346282065512
863,0.9621679782867432,0.42869654297828674,0.9322656393051147,0.5536530017852783,0.9337134346200425,0.9319105351534673,0.9321182783870576
864,0.9611914157867432,0.431034117937088,0.931640625,0.5535309314727783,0.9331742000968242,0.9313861331652538,0.9315961095334419
865,0.964160144329071,0.4216387867927551,0.9311718940734863,0.5505179166793823,0.9327013069000509,0.9307903152178397,0.9310045543119718
866,0.9615625143051147,0.4306985139846802,0.9286718964576721,0.5576313734054565,0.9300213068057254,0.9282905761571814,0.9284450040936055
867,0.9614062309265137,0.4306545555591583,0.9319531321525574,0.5523231625556946,0.9333709802667141,0.9317339297964853,0.9318765376149915
868,0.9620898365974426,0.4276624619960785,0.9322656393051147,0.553087592124939,0.9335973985532156,0.9319384519117869,0.9320456261085467
869,0.9608593583106995,0.4301894009113312,0.9303125143051147,0.5574018359184265,0.931810418405771,0.9299183109245288,0.9300932419268108
870,0.9615039229393005,0.43140578269958496,0.9335156083106995,0.5545482039451599,0.9349980274405336,0.9331181042358663,0.9333314338769092
871,0.9615820050239563,0.4296940267086029,0.9299218654632568,0.5566456317901611,0.9313694175563751,0.9297731055127236,0.9298167932880879
872,0.9610546827316284,0.43154212832450867,0.9310156106948853,0.5512107610702515,0.9323189436258578,0.9308061691128242,0.9308448496226103
873,0.9623827934265137,0.4261246621608734,0.9335156083106995,0.5481888651847839,0.9346875005852018,0.9334208949653726,0.9334226692455845
874,0.9590234160423279,0.43876561522483826,0.9282031059265137,0.5676277875900269,0.9297753548486258,0.9278964806145487,0.9279673439881737
875,0.9589648246765137,0.4372454583644867,0.9296875,0.5589199662208557,0.9308825462315617,0.9294923703529678,0.9294902933820629
876,0.9598242044448853,0.43516814708709717,0.9321093559265137,0.5489118099212646,0.9334331849272708,0.9318747479828813,0.9319258540209049
877,0.9620116949081421,0.43027350306510925,0.9339062571525574,0.5475648641586304,0.9352162573411169,0.933699315128241,0.9337230100600452
878,0.9621288776397705,0.4291802942752838,0.9345312714576721,0.5477942824363708,0.9359283268032432,0.934265828170253,0.9343390811778742
879,0.9608398675918579,0.433139443397522,0.9286718964576721,0.5608236789703369,0.9301698288681619,0.9283738075374866,0.9284810307052656
880,0.9628515839576721,0.42801377177238464,0.9328906536102295,0.5507103204727173,0.9342922278328702,0.9327032125699055,0.9327981514018455
881,0.9632421731948853,0.4255553185939789,0.9306250214576721,0.5590702891349792,0.9315819354390025,0.930618261807457,0.9305395907217179
882,0.9606835842132568,0.432437926530838,0.9336718916893005,0.5461980700492859,0.9349563053765589,0.9334563578027111,0.9334908366777405
883,0.9621679782867432,0.43006348609924316,0.9271093606948853,0.5643934607505798,0.9284790497222808,0.9268144886025168,0.9269127973530861
884,0.962207019329071,0.4263203740119934,0.9287499785423279,0.5551153421401978,0.9300313568791785,0.9285118182236681,0.9285444963117302
885,0.9631640911102295,0.4268057346343994,0.9292187690734863,0.5563878417015076,0.9309112650709862,0.9286882017485982,0.9290011689173806
886,0.9616015553474426,0.4305061995983124,0.9301562309265137,0.5501729846000671,0.9315816563223482,0.9299451018956997,0.930069537695441
887,0.961132824420929,0.4278493821620941,0.9284374713897705,0.5582297444343567,0.9298799190446061,0.9282192551561511,0.9282736321483027
888,0.9620116949081421,0.4285576641559601,0.9329687356948853,0.5506073236465454,0.9343880727319284,0.9326883296270858,0.9328531742809574
889,0.9600976705551147,0.43370598554611206,0.9298437237739563,0.5593774318695068,0.9314757341553744,0.9296528302443542,0.9296663379697405
890,0.9607226848602295,0.43350040912628174,0.932812511920929,0.5488570332527161,0.9340061820764444,0.932365020803166,0.9323982917292328
891,0.961230456829071,0.42825862765312195,0.9296875,0.5575944781303406,0.9312314568851842,0.9293812842461079,0.9294873165687259
892,0.960742175579071,0.43348366022109985,0.9266406297683716,0.5634816288948059,0.9284076965819633,0.9262108301720471,0.9264172763454895
893,0.9626562595367432,0.4271549880504608,0.9318749904632568,0.5558104515075684,0.9333656789391556,0.9316119162008175,0.931740224449317
894,0.9627734422683716,0.4276948571205139,0.9314844012260437,0.5533779859542847,0.933017259522891,0.9312240088405659,0.9314255575019184
895,0.9640234112739563,0.4219592213630676,0.9346093535423279,0.5493271350860596,0.9362454047417561,0.9344796117950586,0.9345762339333747
896,0.9617968797683716,0.4266369938850403,0.931640625,0.5544739961624146,0.9331706383217813,0.9313973169445654,0.9316004532938071
897,0.9616992473602295,0.4292575418949127,0.9303125143051147,0.5560675859451294,0.9316352339399014,0.9298842525010144,0.9299825941908871
898,0.9613867402076721,0.4304729104042053,0.932812511920929,0.5496926307678223,0.9344052768884132,0.9324445474987658,0.9326256925747827
899,0.9620507955551147,0.43006786704063416,0.932812511920929,0.5558205246925354,0.934357926078315,0.9324130463118528,0.9326277864066042
900,0.9622265696525574,0.42825791239738464,0.928906261920929,0.5586825013160706,0.9306329151819936,0.9287363902022818,0.9288311205403816
901,0.9602734446525574,0.4323352873325348,0.928515613079071,0.5628816485404968,0.9300892601486377,0.928194966088139,0.928387553266703
902,0.9614843726158142,0.4309602975845337,0.9334375262260437,0.5532671809196472,0.935012055971866,0.9330607432718078,0.9332468248052492
903,0.9604101777076721,0.43177613615989685,0.9322656393051147,0.5549471378326416,0.9334369314956705,0.9321656461424394,0.9321741439569107
904,0.9619140625,0.4285251200199127,0.9285937547683716,0.5594556331634521,0.9300072340062868,0.92841569687872,0.9284776467593743
905,0.9618164300918579,0.4284171164035797,0.9274218678474426,0.5683534741401672,0.9287802898980493,0.9271572518145006,0.9272332865656647
906,0.959179699420929,0.4331808388233185,0.927734375,0.5713002681732178,0.9289209986714927,0.9274373252980248,0.9275346967018467
907,0.9614062309265137,0.4294779598712921,0.9306250214576721,0.5618536472320557,0.9320919688001669,0.9302217352974274,0.930413878369013
908,0.9608203172683716,0.43105316162109375,0.9301562309265137,0.5566562414169312,0.9315098986236182,0.9299458428686558,0.9299966327196402
909,0.9609765410423279,0.43033367395401,0.932812511920929,0.5531536936759949,0.9339986218527241,0.9325715094567282,0.932619836039076
910,0.9635546803474426,0.42684096097946167,0.9319531321525574,0.5556530356407166,0.9330102406074603,0.9317314408549127,0.9316911143366944
911,0.9610546827316284,0.42872321605682373,0.9307812452316284,0.5568670034408569,0.931970596425292,0.9305687724175524,0.9306507345424516
912,0.9616405963897705,0.4284443259239197,0.9290624856948853,0.5615422129631042,0.9302646806289679,0.9286188966106455,0.9287690602895942
913,0.9607031345367432,0.4302608370780945,0.9264843463897705,0.5651096105575562,0.927866979462074,0.9262510504813202,0.926261787743124
914,0.9606054425239563,0.4315885603427887,0.9302343726158142,0.56172776222229,0.9313773046558267,0.9300030873653119,0.930052159362537
915,0.9642382860183716,0.42272132635116577,0.9342968463897705,0.5555552840232849,0.9356370015779499,0.934252472606752,0.9342381682079826
916,0.9626367092132568,0.4273985028266907,0.9337499737739563,0.543752908706665,0.935126002140127,0.9335882707126762,0.9336549740539125
917,0.9614648222923279,0.42793598771095276,0.9338281154632568,0.5549397468566895,0.93540545378027,0.933591586520488,0.9337019143467932
918,0.9604687690734863,0.4325112998485565,0.9314844012260437,0.5513483881950378,0.9329025465427695,0.9311355399275948,0.9312171922783308
919,0.9618945121765137,0.42485034465789795,0.9296875,0.5709669589996338,0.931211805437027,0.9294640755304292,0.929469116476467
920,0.9612109661102295,0.42810508608818054,0.9310156106948853,0.5526661276817322,0.9320893597737505,0.9307871201897069,0.9308225212002019
921,0.9620312452316284,0.4252772629261017,0.9311718940734863,0.5536796450614929,0.9328241362219817,0.9309905927182425,0.9309846092324927
922,0.9586523175239563,0.43568265438079834,0.9328906536102295,0.5528562664985657,0.9342591755722524,0.9323755094703015,0.932579836447806
923,0.9608398675918579,0.4304872751235962,0.9321093559265137,0.5471527576446533,0.9335474342688821,0.931899659255129,0.9318848387039417
924,0.9600976705551147,0.43339672684669495,0.932812511920929,0.5518093705177307,0.9342567121419165,0.9324728184533166,0.932621857051184
925,0.9609765410423279,0.4292779862880707,0.9303905963897705,0.5579543709754944,0.9322129990654152,0.9300657049452921,0.9302599819442248
926,0.9634179472923279,0.42365753650665283,0.9328906536102295,0.55098956823349,0.9342410282662532,0.9325814029294267,0.9327349497104833
927,0.9631640911102295,0.42626896500587463,0.9328906536102295,0.5520951151847839,0.9343125385036088,0.9324237569988147,0.9326312094500748
928,0.9626367092132568,0.4265357553958893,0.9303905963897705,0.5549253225326538,0.9318680890908928,0.9300315572907092,0.9301842179663172
929,0.9609375,0.4304949641227722,0.9313281178474426,0.5557104349136353,0.9328310936736617,0.9310787198265837,0.9311711212654121
930,0.9627734422683716,0.4246473014354706,0.9328906536102295,0.5552940964698792,0.9344027717133536,0.9324461464190381,0.9326957935921972
931,0.962695300579071,0.42571207880973816,0.9307812452316284,0.556629478931427,0.9325171175046361,0.9304930060405299,0.9307623453398854
932,0.9611523151397705,0.42815056443214417,0.9307812452316284,0.5603032112121582,0.9324800265163301,0.9304629280475705,0.9306819834483308
933,0.9622461199760437,0.4293777346611023,0.934765636920929,0.5477983355522156,0.9361179427751056,0.9344542628022133,0.9345691827989747
934,0.9615429639816284,0.4257584810256958,0.9334375262260437,0.5518033504486084,0.9347599117032399,0.9331818318044662,0.9332822493198103
935,0.9595507979393005,0.43186265230178833,0.9321874976158142,0.5533552765846252,0.9334368419686003,0.9318703836589664,0.9320056822361172
936,0.9611523151397705,0.43082955479621887,0.9306250214576721,0.5566442608833313,0.9321666314935528,0.9301876807877586,0.9302973312831793
937,0.9625390768051147,0.4263782501220703,0.9361718893051147,0.5407320261001587,0.9376838889376138,0.935842836755383,0.9360093247482534
938,0.9630663990974426,0.42316433787345886,0.9288281202316284,0.5517258644104004,0.9305202984139685,0.9285427780400437,0.9286585668601415
939,0.9624804854393005,0.4264109432697296,0.9310937523841858,0.5562894344329834,0.9330622072025968,0.9307171678351776,0.9310565290410382
940,0.9626171588897705,0.42385604977607727,0.9314844012260437,0.5500389337539673,0.9330809672430542,0.930987306557246,0.9312186443457229
941,0.9616601467132568,0.4250035583972931,0.932812511920929,0.5420715808868408,0.9343988119627513,0.9325999071396128,0.9327081644469295
942,0.9616015553474426,0.42559823393821716,0.932421863079071,0.546154260635376,0.9339452198183109,0.9322730869413802,0.9323835244563127
943,0.9616405963897705,0.4261421263217926,0.9320312738418579,0.545644998550415,0.9330460593450118,0.9318471313193821,0.9318508706952493
944,0.9621288776397705,0.4240707755088806,0.9318749904632568,0.5531103610992432,0.9331341104599096,0.9316399462086817,0.9316495404050775
945,0.9615625143051147,0.42676517367362976,0.9319531321525574,0.5454269647598267,0.9332550242282265,0.9315390171178514,0.9316503163808459
946,0.9619922041893005,0.4250706434249878,0.9303125143051147,0.5507171154022217,0.9317895866519605,0.9300774722179425,0.9302310555382072
947,0.9594922065734863,0.43043386936187744,0.9309375286102295,0.552924394607544,0.9321367623288694,0.930515411132248,0.9306088582294345
948,0.9622851610183716,0.42760327458381653,0.9353906512260437,0.5412456393241882,0.9366534219827706,0.9351327985677705,0.9351909623421094
949,0.9620312452316284,0.42487865686416626,0.9309375286102295,0.5562766790390015,0.9322836083459495,0.9305550538018238,0.930592863079466
950,0.9620116949081421,0.4265170395374298,0.9305468797683716,0.5524812936782837,0.9319372109929475,0.9301181634135705,0.9303181208609191
951,0.9611914157867432,0.42865490913391113,0.9287499785423279,0.5582549571990967,0.9302504594322892,0.9283444335149077,0.9285565801117104
952,0.9605468511581421,0.4290311336517334,0.9314062595367432,0.5519340634346008,0.9324637267752445,0.931252040649609,0.9312119277818149
953,0.9619922041893005,0.42828091979026794,0.9314844012260437,0.555077314376831,0.9326905110643646,0.9313325593978663,0.9313231624087559
954,0.96142578125,0.42664995789527893,0.9302343726158142,0.5577653646469116,0.9316989182187738,0.929845745897014,0.9300163749447811
955,0.9647265672683716,0.41968104243278503,0.9307031035423279,0.5552109479904175,0.9318648579013514,0.9303518276399482,0.9304526281985569
956,0.9637890458106995,0.42240577936172485,0.9312499761581421,0.5525861978530884,0.9322706176613961,0.9308012471769918,0.9309495621453155
957,0.9629101753234863,0.4226725697517395,0.9235156178474426,0.5674824714660645,0.9251930274525354,0.923129405330172,0.9232712900171216
958,0.9615820050239563,0.42891746759414673,0.9333593845367432,0.5483716726303101,0.9347526293332815,0.9330820804030833,0.9331266910877937
959,0.9640234112739563,0.41974014043807983,0.9318749904632568,0.55720055103302,0.9331601513739771,0.9314222260690768,0.9315250357640827
960,0.9622265696525574,0.42315396666526794,0.9292968511581421,0.5501356720924377,0.9307830660865721,0.9289962723969445,0.9290823455259758
961,0.9610156416893005,0.42736804485321045,0.9318749904632568,0.5485668778419495,0.9334411578600512,0.9315282241721181,0.9316728065122439
962,0.9596874713897705,0.4338245093822479,0.931640625,0.5496172308921814,0.9330983078163021,0.9312328758168615,0.9313851888321918
963,0.9612890481948853,0.42845702171325684,0.9328906536102295,0.545846700668335,0.9345367565395453,0.932658851742626,0.9327660308570409
964,0.9597265720367432,0.4335051476955414,0.9329687356948853,0.5509718060493469,0.9340720867909595,0.9324703243037663,0.9325925716425323
965,0.9611523151397705,0.42901813983917236,0.9296093583106995,0.5576007962226868,0.930880333279936,0.9290624078263644,0.9292285993331424
966,0.9620702862739563,0.42864134907722473,0.9314062595367432,0.5530499815940857,0.9327079290964936,0.9310098511887093,0.9311933673233399
967,0.9629882574081421,0.4240359365940094,0.9340624809265137,0.5439520478248596,0.9354999059137503,0.9337745929913498,0.9338840109620138
968,0.9623437523841858,0.42386218905448914,0.9329687356948853,0.5460348725318909,0.9343001571874112,0.9327573651044281,0.9328223826922852
969,0.962207019329071,0.4265918731689453,0.934765636920929,0.5459890961647034,0.9359304750470148,0.9344912007614645,0.9344955179456357
970,0.9617382884025574,0.4260409474372864,0.931640625,0.5551674365997314,0.9333980981636284,0.9313921134222801,0.9315282831515356
971,0.9604101777076721,0.42952874302864075,0.9297656416893005,0.5534182786941528,0.9308843739370374,0.9295949256397067,0.9295564051699683
972,0.9602148532867432,0.4293910562992096,0.9315624833106995,0.5523393750190735,0.9329015858019704,0.9310965877039891,0.931317761994618
973,0.9620312452316284,0.42394334077835083,0.9301562309265137,0.5509666800498962,0.931363098761163,0.9298768343563248,0.9299275285213664
974,0.9617382884025574,0.4283182621002197,0.9293749928474426,0.5550709366798401,0.9305872755687485,0.9289850423255295,0.9291425185787676
975,0.9627344012260437,0.42387938499450684,0.9302343726158142,0.5582832098007202,0.9318548674607458,0.9297812089016957,0.9299853934772941
976,0.9595898389816284,0.4323948919773102,0.9317187666893005,0.5557445287704468,0.9331642808838259,0.9313775069763658,0.931487957445087
977,0.9602929949760437,0.4323212802410126,0.9259374737739563,0.5753463506698608,0.9275166830799114,0.9255279081621544,0.9257323863496953
978,0.96142578125,0.4286388158798218,0.9317968487739563,0.5544708967208862,0.9334525828352775,0.9314416925735459,0.9315659788943028
979,0.9614843726158142,0.4274217486381531,0.9331250190734863,0.5510960221290588,0.9345419116222058,0.9328364615973301,0.9329033235245475
980,0.9633007645606995,0.422495573759079,0.9318749904632568,0.5469887256622314,0.9333228438584035,0.9315936666369296,0.9316726775820436
981,0.9632812738418579,0.42190659046173096,0.9303125143051147,0.5508381724357605,0.9317681454381549,0.9298767232028904,0.9300647336668253
982,0.9622461199760437,0.4255664050579071,0.9307812452316284,0.5513330101966858,0.9324278846221816,0.9303942342843387,0.9306635276461757
983,0.9616601467132568,0.42720404267311096,0.9295312762260437,0.5573742389678955,0.9306614928650746,0.9293614733200681,0.9294070494644489
984,0.964062511920929,0.42163628339767456,0.9292187690734863,0.5497540831565857,0.9306673601044496,0.9289413972193471,0.9291129715233781
985,0.9625585675239563,0.42276889085769653,0.9310156106948853,0.5545070171356201,0.9324726552858071,0.9306071770827529,0.9308073335481928
986,0.9624609351158142,0.42281028628349304,0.9307812452316284,0.5513883829116821,0.9320137349987861,0.9303839221599426,0.9305072619280665
987,0.9629882574081421,0.4183104634284973,0.9292968511581421,0.5573045611381531,0.9308133116240704,0.9290134397280715,0.9291557547744154
988,0.9623437523841858,0.4246981143951416,0.9337499737739563,0.550595760345459,0.9351583004181148,0.9334541516039617,0.9335943056447473
989,0.9616015553474426,0.4237712025642395,0.93359375,0.549279510974884,0.9348901184561704,0.9333908619778417,0.9334062646232475
990,0.960156261920929,0.42795369029045105,0.9272656440734863,0.5607759356498718,0.928590704157962,0.9272150440624332,0.9271035138896795
991,0.9608398675918579,0.42692360281944275,0.930859386920929,0.5432372093200684,0.932328370780722,0.9305716415357528,0.9307382845432411
992,0.9614062309265137,0.42846283316612244,0.9274218678474426,0.556429386138916,0.928746561683986,0.9271619153194985,0.9272071600203193
993,0.9615039229393005,0.4293310046195984,0.9262499809265137,0.5647022724151611,0.9278733692948872,0.925956753818044,0.9260071896689382
994,0.9604296684265137,0.4299272298812866,0.9292187690734863,0.5613026022911072,0.9308025363478187,0.9288869553591758,0.929036510312117
995,0.9615039229393005,0.427291601896286,0.9300781488418579,0.5524523854255676,0.9314140255612622,0.9298397175137063,0.929902647526032
996,0.9611914157867432,0.4269636869430542,0.9274218678474426,0.5561434626579285,0.9286669510170715,0.9272087640375868,0.9272445706925162
997,0.9639453291893005,0.42077797651290894,0.9292187690734863,0.5643218755722046,0.9306273306354313,0.92890014549521,0.9289294048656215
998,0.9637500047683716,0.42180144786834717,0.9300000071525574,0.5548083186149597,0.9316297417179191,0.9296111551752237,0.9298068216741902
999,0.9634570479393005,0.421340674161911,0.9271093606948853,0.55926913022995,0.9285246656642947,0.9266316358778265,0.9268305207685048
