epoch,accuracy,loss,val_accuracy,val_loss,val_precision,val_recall,val_f1
0,0.004082031082361937,11.151375770568848,0.004140624776482582,10.5941162109375,0.0030756798295862773,0.00411435478783821,0.003212911579463148
1,0.0059570311568677425,10.733072280883789,0.005703125149011612,10.340457916259766,0.005719343598248603,0.005668766004801849,0.005219808012755929
2,0.008222656324505806,10.41455364227295,0.0053906249813735485,10.125774383544922,0.005902352038832607,0.005375432213786842,0.005288808264348173
3,0.010429687798023224,10.111063957214355,0.005625000223517418,9.920441627502441,0.005818491833868918,0.005578177080148607,0.005417056283702525
4,0.013066406361758709,9.821610450744629,0.005859375,9.727248191833496,0.006567460156606921,0.005806411339933872,0.005763096377303028
5,0.01566406339406967,9.56021499633789,0.005781250074505806,9.533744812011719,0.0062144392743584175,0.0057623943909323565,0.005637660224315618
6,0.020136719569563866,9.29036808013916,0.007031249813735485,9.350987434387207,0.007557950779794757,0.007017217817341256,0.006976849336361194
7,0.023867188021540642,9.035082817077637,0.0078125,9.167837142944336,0.007955166699726303,0.0077304299107300535,0.007501439524151266
8,0.030097655951976776,8.786334991455078,0.008359375409781933,8.98246955871582,0.008084631535211629,0.008290172462865798,0.0077843967270627154
9,0.037089843302965164,8.542277336120605,0.009296875447034836,8.790698051452637,0.010184674373631283,0.009184089416145395,0.008958502134239422
10,0.04453124850988388,8.283867835998535,0.01015624962747097,8.597175598144531,0.010551632997698256,0.009941746398053324,0.009544256941162739
11,0.05253906175494194,8.044662475585938,0.011953124776482582,8.39858627319336,0.011131693539097915,0.011731177383085552,0.010894885382658589
12,0.06304687261581421,7.792038440704346,0.013046874664723873,8.202293395996094,0.012415923551910037,0.012776304753146273,0.011979959846677123
13,0.07173828035593033,7.561872959136963,0.015625,8.012554168701172,0.014740531882070902,0.015257188282095456,0.014226640222919439
14,0.0812695324420929,7.335273265838623,0.016953125596046448,7.833515167236328,0.01758567158937773,0.016554373615467848,0.01609519951553489
15,0.09373047202825546,7.123231410980225,0.02054687589406967,7.659540176391602,0.02082893443791608,0.0201467443308308,0.019329603420725375
16,0.10718750208616257,6.903067588806152,0.021953124552965164,7.491858005523682,0.021812628313523055,0.021447971822847484,0.020435625943486503
17,0.11822265386581421,6.714976787567139,0.02437499910593033,7.330437660217285,0.024698414204005592,0.023905048721092677,0.022994943617529594
18,0.13544921576976776,6.504861354827881,0.028203124180436134,7.17293643951416,0.0283229242764772,0.027693122757741055,0.02671406961950371
19,0.14892578125,6.319760799407959,0.029921874403953552,7.015851020812988,0.030342296134847367,0.02941985318266526,0.028322027007162576
20,0.16277343034744263,6.1232709884643555,0.03343750163912773,6.8666462898254395,0.033878943386261504,0.03282721783346886,0.031851484098896606
21,0.18125000596046448,5.935946464538574,0.03593749925494194,6.723175048828125,0.035750920433753094,0.03543859208309935,0.03442874179022047
22,0.19621093571186066,5.767212390899658,0.04218750074505806,6.5790557861328125,0.04226566976100082,0.04166626157789733,0.04048512254525492
23,0.2137109339237213,5.587740421295166,0.04695312678813934,6.4405035972595215,0.04690469224662235,0.04636101887680616,0.044929091339243256
24,0.23759765923023224,5.405657768249512,0.05335937440395355,6.300881862640381,0.053841899755720325,0.05279553595564659,0.0517040232754453
25,0.2558007836341858,5.238673686981201,0.056953124701976776,6.164926528930664,0.05681881261776882,0.05628506090077771,0.05461656980595711
26,0.27998048067092896,5.067156791687012,0.06789062172174454,6.027261257171631,0.06671718779163305,0.06725093325870038,0.06524934951132771
27,0.29814451932907104,4.902597904205322,0.07585937529802322,5.893057823181152,0.0732392341472102,0.07486562326405913,0.07239729640560118
28,0.31810545921325684,4.751637935638428,0.08351562172174454,5.764833927154541,0.08193632756901426,0.0823892822040571,0.08023631311526798
29,0.3399414122104645,4.587652206420898,0.09164062142372131,5.631181716918945,0.09058182358441133,0.09056528610900094,0.08875787563983142
30,0.3592187464237213,4.441608428955078,0.10359375178813934,5.5142502784729,0.10235840192926778,0.10242649907284988,0.1001527883373319
31,0.38408201932907104,4.283966541290283,0.11109375208616257,5.390209197998047,0.11019005063511696,0.11000351730475993,0.10795056367397557
32,0.4013085961341858,4.143874645233154,0.11773437261581421,5.2731852531433105,0.11693268554139702,0.1166225346730331,0.11483881218262612
33,0.4227929711341858,4.008364677429199,0.1326562464237213,5.154733657836914,0.13117368282352015,0.13143078615769643,0.129385258459695
34,0.44230470061302185,3.8756494522094727,0.1353124976158142,5.053647041320801,0.13369132711924842,0.1342031166371802,0.13213977829193202
35,0.4613281190395355,3.7527194023132324,0.14421874284744263,4.951536178588867,0.1432036453730598,0.14303078904869868,0.14125467599425054
36,0.4761718809604645,3.637535333633423,0.15703125298023224,4.847450256347656,0.15604962583634446,0.15600528089687898,0.15443060137248257
37,0.49916017055511475,3.5158262252807617,0.17054687440395355,4.760135173797607,0.1708142775617918,0.16953373460558774,0.1679631909486848
38,0.5129687786102295,3.415755271911621,0.17390625178813934,4.668734073638916,0.17287607444314126,0.1727871123755671,0.17076704637924126
39,0.5298047065734863,3.3039071559906006,0.18187500536441803,4.592019557952881,0.18031000448913476,0.1807853035518961,0.17864546963891814
40,0.5419921875,3.2107129096984863,0.1907031238079071,4.51286506652832,0.19084630645375222,0.1897265677224655,0.18795517530892472
41,0.5634179711341858,3.1040892601013184,0.20109374821186066,4.430261135101318,0.2001047304595266,0.19998938890849866,0.19806225174224687
42,0.5715234279632568,3.0286922454833984,0.20945312082767487,4.352715015411377,0.20853305125784233,0.20817055750089247,0.20600357745283338
43,0.5883007645606995,2.9402496814727783,0.21718749403953552,4.283156871795654,0.21437554719104351,0.2159369225032038,0.21309387116469664
44,0.6035937666893005,2.86275577545166,0.2244531214237213,4.214673042297363,0.22424612146416506,0.22320847495257062,0.22154624094335562
45,0.613085925579071,2.7826638221740723,0.2290624976158142,4.149748802185059,0.22859897861620435,0.22793965373615105,0.22600781380600882
46,0.6257617473602295,2.7110817432403564,0.23570312559604645,4.102492809295654,0.23546778151299647,0.23464538797694795,0.23282351884741134
47,0.6380078196525574,2.637446641921997,0.2485937476158142,4.035654067993164,0.24890468470420984,0.2474478008354461,0.24583603168877
48,0.6466991901397705,2.5757246017456055,0.24632813036441803,3.986100196838379,0.24499655487515956,0.2452203867110706,0.24309838674164563
49,0.6607421636581421,2.5040507316589355,0.25132811069488525,3.9306750297546387,0.25062825723568816,0.25013823201271645,0.24831966474345027
50,0.6688281297683716,2.4470579624176025,0.2590624988079071,3.8825974464416504,0.25902088795525924,0.25790602474994484,0.25647004658367406
51,0.6840038895606995,2.384720802307129,0.2667187452316284,3.8289794921875,0.26709824909438573,0.2656600820779788,0.26393643262038186
52,0.6893554925918579,2.330914258956909,0.27476561069488525,3.7735257148742676,0.2754114309780638,0.2741000802416348,0.2724895793600048
53,0.6973437666893005,2.2865500450134277,0.27976563572883606,3.7406508922576904,0.28008628127295915,0.27859437905931,0.2769413642621662
54,0.7039257884025574,2.2303709983825684,0.28203123807907104,3.6925582885742188,0.28257709613935067,0.28123079415216434,0.27967965407662665
55,0.7119922041893005,2.1838455200195312,0.28343749046325684,3.6549630165100098,0.2828770795206629,0.2824199510883362,0.280453381979211
56,0.7193359136581421,2.136462926864624,0.2890625,3.6075263023376465,0.2890610466237693,0.28799810239686685,0.28644263423447475
57,0.7284570336341858,2.0912914276123047,0.2960156202316284,3.5719480514526367,0.2962701206538354,0.2948303948278861,0.29324050938756996
58,0.734375,2.0527889728546143,0.29859375953674316,3.5343658924102783,0.29936021729669227,0.2976762135544159,0.29614031450402495
59,0.7407616972923279,2.0111098289489746,0.3024218678474426,3.498936176300049,0.3032602387693159,0.30147545349882454,0.3000387942618833
60,0.7465429902076721,1.9781745672225952,0.3055468797683716,3.4720680713653564,0.3060987536118334,0.3046042154274209,0.30278114491817626
61,0.7524999976158142,1.9386096000671387,0.3107031285762787,3.4354817867279053,0.3118966599138031,0.30966829410092567,0.30832516079693206
62,0.7574999928474426,1.903679370880127,0.3186718821525574,3.3910467624664307,0.3199661323419991,0.3177571793276387,0.3162106047936152
63,0.7621093988418579,1.8738887310028076,0.31882813572883606,3.3687398433685303,0.32003875849595687,0.317901058790795,0.3160751661191539
64,0.7671679854393005,1.8369665145874023,0.32570311427116394,3.3377773761749268,0.3270178936780266,0.32470521050402656,0.3235362991227665
65,0.7737890481948853,1.8069895505905151,0.3307812511920929,3.297182321548462,0.3316746950006525,0.32978329947693863,0.3284204369180077
66,0.7754687666893005,1.7842217683792114,0.33281248807907104,3.2788169384002686,0.33342695951068235,0.3317412499422507,0.33007100367042386
67,0.7801562547683716,1.7551796436309814,0.33781251311302185,3.2538764476776123,0.33964430744711926,0.3366482436174804,0.33551757986928454
68,0.7853906154632568,1.7229492664337158,0.33796873688697815,3.2218682765960693,0.3388960838961682,0.3371516101272379,0.33536035709255196
69,0.7889648675918579,1.7002158164978027,0.341796875,3.1997997760772705,0.3434972648463678,0.34099480370697344,0.33962597442112946
70,0.7954687476158142,1.6656657457351685,0.3458593785762787,3.1787991523742676,0.34641414417496985,0.3450483554340288,0.343598825598338
71,0.7964257597923279,1.646901249885559,0.35132813453674316,3.1578147411346436,0.35206762362765076,0.3500806164543949,0.34859738465710327
72,0.7989843487739563,1.6221253871917725,0.34617188572883606,3.1301534175872803,0.3473528436833351,0.3452522249477884,0.3436884374576905
73,0.8035547137260437,1.6108136177062988,0.353515625,3.10703182220459,0.35432310140982215,0.35261013766525995,0.35117409940804034
74,0.8065624833106995,1.5789756774902344,0.35890623927116394,3.083944082260132,0.3607964685778983,0.35817489843185957,0.3570907824281706
75,0.8068749904632568,1.565824031829834,0.36710938811302185,3.060899257659912,0.3690921072914949,0.36608927237724753,0.36513743186621517
76,0.8124218583106995,1.5455067157745361,0.3592187464237213,3.0378077030181885,0.36098264843331473,0.3583962433269364,0.35732426729979827
77,0.8137500286102295,1.525547981262207,0.3650781214237213,3.0194177627563477,0.3659834512559548,0.36436689669775885,0.36253941627204367
78,0.8186132907867432,1.5023276805877686,0.36937499046325684,3.000187397003174,0.37055727579914227,0.3684064938902085,0.3670036600627027
79,0.8193945288658142,1.4860965013504028,0.3687500059604645,2.9864718914031982,0.3708163669743931,0.36794132397236484,0.366603050570856
80,0.8221288919448853,1.4713833332061768,0.3705468773841858,2.9727389812469482,0.37248428486056734,0.3697682371756339,0.3683631930664435
81,0.8267773389816284,1.450931191444397,0.3787499964237213,2.955080986022949,0.38055147503557873,0.3777520555819124,0.3766660874019684
82,0.8265820145606995,1.4362713098526,0.3850781321525574,2.9317777156829834,0.3872729526128471,0.3842176799536535,0.38323578268399294
83,0.8276562690734863,1.4252815246582031,0.3757031261920929,2.92708683013916,0.377737536880708,0.3748409273505204,0.37370632196568326
84,0.8302343487739563,1.4085382223129272,0.38648438453674316,2.894202470779419,0.3897061875247364,0.3858471250214901,0.38436662917406006
85,0.8345702886581421,1.3880847692489624,0.3864062428474426,2.8778817653656006,0.38766907711119225,0.385414813296526,0.38369957764979046
86,0.831250011920929,1.3882616758346558,0.3879687488079071,2.8710217475891113,0.39031890400447367,0.3871045799939147,0.38601175019209766
87,0.8385937213897705,1.3627296686172485,0.3922656178474426,2.8617758750915527,0.3949929045584951,0.39119152366484367,0.3902097440101622
88,0.8351953029632568,1.355226993560791,0.39750000834465027,2.8416836261749268,0.3990285119316623,0.3967648839172587,0.3952557503790957
89,0.8397070169448853,1.337978482246399,0.38789063692092896,2.837949275970459,0.3895922786674483,0.38706926397465446,0.38571597679309944
90,0.8428906202316284,1.3270071744918823,0.3961718678474426,2.8075671195983887,0.3984961500483405,0.3952158039320878,0.39388119960708623
91,0.8423827886581421,1.3179724216461182,0.3961718678474426,2.8037753105163574,0.39758666220188915,0.39538518820620416,0.39386505073158323
92,0.8432031273841858,1.3036631345748901,0.3970312476158142,2.7868196964263916,0.3980388532496226,0.395930939103995,0.3942426849626177
93,0.8464257717132568,1.2943878173828125,0.3984375,2.77748441696167,0.40090637976345256,0.3975481792663518,0.39645199006346116
94,0.848437488079071,1.2838298082351685,0.40312498807907104,2.7589244842529297,0.4056886476209028,0.402464968567373,0.40157876288696076
95,0.850878894329071,1.2677216529846191,0.4046874940395355,2.7571020126342773,0.4072283712877575,0.40353493541165486,0.4024202131342173
96,0.8519140481948853,1.259504795074463,0.40867188572883606,2.7353687286376953,0.4108065789060448,0.40753907509277665,0.4062603046551636
97,0.8506445288658142,1.2518059015274048,0.40648436546325684,2.736335515975952,0.40790599013972906,0.40548238171835455,0.4041637152634182
98,0.8537890911102295,1.2420964241027832,0.4087499976158142,2.7285842895507812,0.41079686889502043,0.4077855050141806,0.40637278003650845
99,0.8529492020606995,1.2358899116516113,0.4181250035762787,2.707495927810669,0.419303849432199,0.41666709967538157,0.415030652612414
100,0.8572461009025574,1.219419240951538,0.41523438692092896,2.7084383964538574,0.4169630480525545,0.414180768511313,0.41263335358816755
101,0.8567578196525574,1.2102932929992676,0.40953123569488525,2.682523250579834,0.41112389031169394,0.4088414689331553,0.4073868776275642
102,0.8572461009025574,1.2111027240753174,0.4135156273841858,2.6769208908081055,0.41525173966082085,0.4125004464926282,0.41109513585660146
103,0.8625781536102295,1.1905782222747803,0.41328126192092896,2.665564775466919,0.41601181926744,0.4127729247732027,0.41112526184593234
104,0.8594335913658142,1.1864368915557861,0.41499999165534973,2.6670191287994385,0.4167542088252074,0.41420721063462684,0.4127491739578653
105,0.8635351657867432,1.175902247428894,0.42093750834465027,2.6309850215911865,0.42392868936012185,0.4200938287507438,0.4191365312791595
106,0.8625781536102295,1.1663696765899658,0.4217187464237213,2.650413751602173,0.42304264325631347,0.4208682688744181,0.4194317182495569
107,0.8594531416893005,1.1791428327560425,0.4190624952316284,2.634871006011963,0.4208550682038875,0.41851676034513247,0.41715599857126007
108,0.8601953387260437,1.168070673942566,0.42320311069488525,2.6213152408599854,0.42647343453600683,0.4225129312371239,0.4212414636714611
109,0.8581836223602295,1.1658533811569214,0.4285937547683716,2.6095664501190186,0.43152017225268563,0.42796976611057863,0.42687749207225945
110,0.8610156178474426,1.1579673290252686,0.4243749976158142,2.6222362518310547,0.4268850303002811,0.42353040944622516,0.42232641579966296
111,0.8641992211341858,1.1454840898513794,0.42750000953674316,2.603381872177124,0.43020868846104776,0.42680384370767943,0.42571036666860734
112,0.8644140362739563,1.1413682699203491,0.43085938692092896,2.58254337310791,0.43321649671152895,0.4301166315740145,0.42894254701806445
113,0.8658788800239563,1.1305427551269531,0.4317968785762787,2.5813686847686768,0.43460785726579715,0.43107714288657417,0.4300758214469207
114,0.8689062595367432,1.1207258701324463,0.4344531297683716,2.576674222946167,0.437746386081883,0.4335332532132682,0.4325763572665411
115,0.8671679496765137,1.1196898221969604,0.4342968761920929,2.5609893798828125,0.43523791507669163,0.43337306223300387,0.43169092692449335
116,0.8700390458106995,1.1099557876586914,0.43453124165534973,2.5545454025268555,0.4360862764422241,0.4332121299158228,0.431889866372402
117,0.8687890768051147,1.1051660776138306,0.4385937452316284,2.5404772758483887,0.44112291516094954,0.43785834409553753,0.43647687185841155
118,0.8696679472923279,1.1016844511032104,0.4407031238079071,2.5414605140686035,0.44304687869843895,0.43964070529835175,0.4386963839994794
119,0.8698046803474426,1.0975614786148071,0.4417187571525574,2.5354361534118652,0.44491632656155256,0.4407981061778384,0.43972991324793914
120,0.871777355670929,1.0876635313034058,0.4428125023841858,2.510854721069336,0.4452758099969039,0.44219504125718256,0.4407254119644858
121,0.8699023723602295,1.090346097946167,0.44539061188697815,2.5082619190216064,0.4471914166859774,0.44421087689550565,0.4428417734691443
122,0.8743554949760437,1.0767887830734253,0.44453126192092896,2.506625175476074,0.447722510912058,0.4436121399990224,0.4426859111620878
123,0.8786718845367432,1.0573415756225586,0.45054686069488525,2.481231212615967,0.45279387954360484,0.4494506691410316,0.44817592027492725
124,0.8732226490974426,1.0705152750015259,0.4479687511920929,2.4876906871795654,0.45020815687551397,0.44715577140359475,0.44600768214314657
125,0.8736327886581421,1.0616629123687744,0.45124998688697815,2.4965462684631348,0.4530930427761688,0.44984391733516244,0.4488386328778464
126,0.8780664205551147,1.0525413751602173,0.45195311307907104,2.4788529872894287,0.45377226929583014,0.4506240893440575,0.4491573156838934
127,0.8748437762260437,1.0531162023544312,0.4524218738079071,2.4643285274505615,0.45509088618041615,0.4511712381869504,0.4501754615914017
128,0.8745507597923279,1.056830644607544,0.45124998688697815,2.4754226207733154,0.45426790394416994,0.44997760991592683,0.44897181954127885
129,0.8761913776397705,1.047490119934082,0.45179688930511475,2.468470811843872,0.4541979099807527,0.4504326255690186,0.44944770490387936
130,0.8773828148841858,1.0399209260940552,0.4554687440395355,2.4555087089538574,0.45784079980887504,0.4543267999761592,0.45335505449811
131,0.8782812356948853,1.0368398427963257,0.4557812511920929,2.4452245235443115,0.4584047438423718,0.4543716866283083,0.4531141262801486
132,0.8779687285423279,1.0331039428710938,0.45609375834465027,2.4475393295288086,0.4594653953164043,0.4548564869479995,0.45420185884821673
133,0.8792577981948853,1.028695821762085,0.4584375023841858,2.438821315765381,0.46162280529715755,0.45730768364834873,0.4566662418432318
134,0.8808398246765137,1.0260299444198608,0.45835936069488525,2.4309871196746826,0.4606751483743689,0.4572154500849742,0.4557791157920818
135,0.8804687261581421,1.0214396715164185,0.46156251430511475,2.4271600246429443,0.4643177797571526,0.4600606360109856,0.4587493816187071
136,0.8808203339576721,1.012539029121399,0.4612500071525574,2.422396659851074,0.4651777583296528,0.46058570065766624,0.45989366040895296
137,0.8806054592132568,1.0133650302886963,0.4635937511920929,2.424962043762207,0.46570724807327,0.46233858746864764,0.46080912424082265
138,0.878710925579071,1.0139216184616089,0.46226561069488525,2.4169373512268066,0.4644062189463287,0.4610410051296665,0.45994442017370046
139,0.8814452886581421,1.01016104221344,0.4623437523841858,2.41550874710083,0.46414711485851434,0.4608970060551259,0.45985275347203747
140,0.8813281059265137,1.0053901672363281,0.46476563811302185,2.393209457397461,0.4675210779171602,0.46376017955245097,0.46286402757408074
141,0.8844335675239563,1.0006380081176758,0.4657031297683716,2.396426200866699,0.4685749503415899,0.4646624255592524,0.46316110759924967
142,0.884082019329071,0.9955703020095825,0.4691406190395355,2.394195318222046,0.4710418340513182,0.46822251231081274,0.46643504063430696
143,0.8851562738418579,0.9908550977706909,0.46492186188697815,2.3961684703826904,0.4669662639453554,0.46433529254798384,0.4626317809373158
144,0.886035144329071,0.9821659922599792,0.46312499046325684,2.3969340324401855,0.4656401699325737,0.462281872110123,0.46088672806995085
145,0.8842577934265137,0.989757776260376,0.46687498688697815,2.3941049575805664,0.4687591341621905,0.4658333963278697,0.4645685798816273
146,0.883593738079071,0.9870613813400269,0.4698437452316284,2.3802642822265625,0.47261880507980203,0.46889326824212985,0.4680165929403451
147,0.8856250047683716,0.9816674590110779,0.47562500834465027,2.3626396656036377,0.47777020570266565,0.47475501759559524,0.47327713768226604
148,0.8858398199081421,0.9813846349716187,0.46726563572883606,2.392979621887207,0.4699653061683887,0.4662018401730996,0.4655257355040682
149,0.8841211199760437,0.9821720123291016,0.4710937440395355,2.376934289932251,0.4742831463939627,0.47009824141908346,0.46923243996901376
150,0.8846094012260437,0.9782009720802307,0.4732031226158142,2.362403154373169,0.4757866583480792,0.47260610241851697,0.4711473531634123
151,0.8867773413658142,0.9668609499931335,0.47437500953674316,2.353254795074463,0.47580010890469526,0.47314135567188753,0.47168433031851986
152,0.8864062428474426,0.9743340015411377,0.47484374046325684,2.350611686706543,0.477414847084743,0.47388036829455066,0.4724202395516034
153,0.8875195384025574,0.9662880897521973,0.4754687547683716,2.3490982055664062,0.47802823441024145,0.47490176881913543,0.47383503730900123
154,0.8907226324081421,0.9620871543884277,0.48124998807907104,2.3513741493225098,0.4842515725777605,0.4805859204278239,0.4793278565228811
155,0.8904687762260437,0.9555497169494629,0.4888281226158142,2.3289949893951416,0.4919683387547958,0.4882012606792004,0.487029731110207
156,0.8907617330551147,0.9550439715385437,0.4856249988079071,2.326578140258789,0.48855467997415825,0.4844688269409654,0.48306885960105195
157,0.8897851705551147,0.9557119607925415,0.48148438334465027,2.322222948074341,0.4842872202600961,0.4805494901358093,0.4791622716025007
158,0.8884179592132568,0.9544010758399963,0.4797656238079071,2.338738441467285,0.4833749079591405,0.47889892415680435,0.47757549462575094
159,0.8880859613418579,0.955046534538269,0.48570311069488525,2.315865993499756,0.48933378297696173,0.4852458189168847,0.4839901559003389
160,0.8900585770606995,0.9467503428459167,0.4859375059604645,2.3041656017303467,0.4891329369563969,0.48547944750386474,0.48449500883562335
161,0.890917956829071,0.9450490474700928,0.4886718690395355,2.2973570823669434,0.49148852234499285,0.4878382987193476,0.4867659805963475
162,0.8912304639816284,0.9434126019477844,0.4913281202316284,2.299211025238037,0.49462727501931425,0.49044433929338077,0.4897748788793763
163,0.8916211128234863,0.9379891157150269,0.48515623807907104,2.2981374263763428,0.48891816592171156,0.4842353286039548,0.48364126141922725
164,0.8917187452316284,0.9387220740318298,0.48960936069488525,2.303323984146118,0.49189911159106414,0.4886993816917743,0.48758956860027736
165,0.8933398723602295,0.937717616558075,0.49460938572883606,2.2879695892333984,0.49742930798001267,0.49403434041683714,0.4934067572469366
166,0.8922070264816284,0.9384275078773499,0.48921874165534973,2.2844107151031494,0.4917698298972434,0.4883359848772517,0.4874700972113538
167,0.8899804949760437,0.9374445080757141,0.4864843785762787,2.2886784076690674,0.4894259360106022,0.4857102063075631,0.4848528589465465
168,0.8948047161102295,0.9242258667945862,0.4944531321525574,2.275742292404175,0.49736128088010767,0.4937742075412225,0.4929025069586025
169,0.8906054496765137,0.9367452263832092,0.4884375035762787,2.2919816970825195,0.4907972789448538,0.487881344180068,0.48649737252676933
170,0.8930859565734863,0.9284085035324097,0.4923437535762787,2.2750422954559326,0.4952692949801448,0.4915005776139875,0.49044965779129623
171,0.8957421779632568,0.9200599789619446,0.4923437535762787,2.2776455879211426,0.4955277382906111,0.49176173773431037,0.49065711876475887
172,0.8910156488418579,0.9302021265029907,0.49117186665534973,2.2651805877685547,0.49399000756710176,0.49041489127785604,0.48971861472130956
173,0.8945508003234863,0.9196847677230835,0.49632811546325684,2.2586264610290527,0.5003537151825652,0.49577543726927537,0.49522809668611123
174,0.8950585722923279,0.9149349331855774,0.49726563692092896,2.2592906951904297,0.49955627193387536,0.49625345288641093,0.49493282110081327
175,0.8974218964576721,0.9058966040611267,0.49171873927116394,2.2768805027008057,0.49398698955671383,0.4908193934035824,0.4894351976875053
176,0.8945702910423279,0.9197950959205627,0.4964843690395355,2.2689402103424072,0.4992497383758527,0.4957001978883372,0.4944026555246599
177,0.8952734470367432,0.9124162197113037,0.4910937547683716,2.276546001434326,0.4931992228677935,0.49017811942264305,0.48850791321923576
178,0.8946679830551147,0.9158711433410645,0.4946874976158142,2.2593398094177246,0.49673905378600647,0.4938159474948295,0.4921467474628351
179,0.8967968821525574,0.9067448377609253,0.5021093487739563,2.257736921310425,0.5049985209982677,0.5012791029442955,0.4998710308778865
180,0.8954882621765137,0.9076738953590393,0.49656251072883606,2.249377489089966,0.4996757973660215,0.4956887002356961,0.49470039988974024
181,0.8962109088897705,0.9063279032707214,0.5010156035423279,2.2440154552459717,0.5043124248741511,0.5002723208559456,0.49885630767848455
182,0.8960742354393005,0.9059510231018066,0.5010937452316284,2.2344422340393066,0.5033392745269831,0.5004387914142452,0.49904939562599826
183,0.8981054425239563,0.9003175497055054,0.5078906416893005,2.2237257957458496,0.5123607279471922,0.5073269652495271,0.506670817761888
184,0.8959570527076721,0.9072586894035339,0.5049218535423279,2.2313640117645264,0.5075304706158874,0.5039640043458682,0.5030048927806947
185,0.897265613079071,0.90257728099823,0.5034375190734863,2.232844352722168,0.506020349767504,0.5024697487021057,0.5012568154772481
186,0.8977929949760437,0.89722740650177,0.5054687261581421,2.234867811203003,0.508106755464136,0.5044920826479253,0.5032753895080698
187,0.8986132740974426,0.8943849802017212,0.5060937404632568,2.2273459434509277,0.508616501995107,0.5054047529667148,0.5038933917116448
188,0.8965039253234863,0.8989567756652832,0.5017969012260437,2.232527732849121,0.5040255222862523,0.501238957866575,0.49982245926632685
189,0.9002929925918579,0.8918832540512085,0.5040624737739563,2.226823329925537,0.5068743521795052,0.5029635614968463,0.5017904954259021
190,0.8999999761581421,0.8888521790504456,0.5056250095367432,2.228726625442505,0.5083747093772937,0.504683721027364,0.5036569926433822
191,0.898632824420929,0.8940174579620361,0.5067968964576721,2.235886573791504,0.5088871827822562,0.5059071516664256,0.5045373333753815
192,0.8980273604393005,0.8914029598236084,0.5082812309265137,2.2117083072662354,0.5117018227321027,0.5075185034456065,0.5068364778650054
193,0.8993164300918579,0.8891569375991821,0.5081250071525574,2.223322868347168,0.5106514899498114,0.5068749264752263,0.5056505134900013
194,0.8966015577316284,0.8937511444091797,0.5160937309265137,2.220146417617798,0.5192148910314864,0.5148539432269268,0.5141890184885258
195,0.8978515863418579,0.891712486743927,0.5076562762260437,2.2119953632354736,0.5108882980028393,0.5066207159922815,0.505767740876516
196,0.8951171636581421,0.8993282318115234,0.5054687261581421,2.213616132736206,0.5078547410691647,0.5041521180196633,0.5030227567319834
197,0.8952538967132568,0.9005330801010132,0.5095312595367432,2.2127437591552734,0.5124401187138932,0.5085805503940086,0.5075395322413669
198,0.9008203148841858,0.8820759057998657,0.5106250047683716,2.2099552154541016,0.5141709932854276,0.5098664399346875,0.5084314784487751
199,0.9008007645606995,0.8818050622940063,0.5139843821525574,2.201805353164673,0.5164260874109784,0.5128510931739478,0.5117590466244017
200,0.8987890481948853,0.8841331005096436,0.5147656202316284,2.201624870300293,0.5168124377414818,0.513766872823423,0.5123074043517435
201,0.9029492139816284,0.8735727667808533,0.514843761920929,2.1982200145721436,0.5164461901806059,0.5137942729089706,0.512544565711803
202,0.8999804854393005,0.8823758959770203,0.5132031440734863,2.1936452388763428,0.5156836735468049,0.5122462449875923,0.5110277345491985
203,0.9003710746765137,0.8780189752578735,0.5135937333106995,2.1863112449645996,0.5161890635804971,0.5128697600349521,0.5117514854425289
204,0.9022070169448853,0.8699575066566467,0.5069531202316284,2.213555097579956,0.5093476084873707,0.506057584975725,0.5050587890487875
205,0.9006249904632568,0.8782016634941101,0.5112500190734863,2.1867146492004395,0.5141040438550415,0.5103071771624321,0.5092807618395249
206,0.90234375,0.8684849739074707,0.5209375023841858,2.1732141971588135,0.5232731959738188,0.519797696963058,0.5188957356347318
207,0.8991992473602295,0.8815871477127075,0.5123437643051147,2.1863656044006348,0.5153255672514757,0.5113963866523659,0.510386645553337
208,0.9014843702316284,0.8746545910835266,0.5196093916893005,2.1729936599731445,0.5226848931100762,0.5189614487761445,0.5179539354502469
209,0.9031054973602295,0.8692434430122375,0.5208593606948853,2.1643857955932617,0.5235330833434367,0.5199871449276313,0.5190529887699882
210,0.9025976657867432,0.866875171661377,0.51953125,2.170656442642212,0.5220991370776222,0.5183955906566176,0.5173938149837753
211,0.901171863079071,0.8719293475151062,0.522656261920929,2.161182165145874,0.5262406169012572,0.5218593702748856,0.5212781480399948
212,0.90380859375,0.862514317035675,0.5145312547683716,2.1713600158691406,0.5176798773788702,0.5135073142955873,0.5127795318203197
213,0.9024218916893005,0.8715362548828125,0.522656261920929,2.1790833473205566,0.526593509375801,0.5215188326803364,0.5208767177660156
214,0.9024999737739563,0.8669831156730652,0.5217968821525574,2.1677749156951904,0.5240553281530668,0.5209138988560473,0.5197290073398388
215,0.9073437452316284,0.8572466373443604,0.5239843726158142,2.144529342651367,0.5268554219590963,0.522804009255847,0.5217635271768384
216,0.9053124785423279,0.8631219267845154,0.5199218988418579,2.1702256202697754,0.5227687645938478,0.5191887537608944,0.5182184220834054
217,0.9028515815734863,0.864316463470459,0.5223437547683716,2.1651365756988525,0.5258517443218311,0.5208265253924298,0.5199531068913503
218,0.9034765362739563,0.8626567125320435,0.5165625214576721,2.1785104274749756,0.5195650599377561,0.5157015987826108,0.5147331517279272
219,0.90087890625,0.8672852516174316,0.5221093893051147,2.16926646232605,0.5245786393768892,0.5208185335012253,0.5195751888241843
220,0.9050390720367432,0.8541249632835388,0.5282812714576721,2.1551342010498047,0.5309438132633858,0.5274585646087899,0.5258921457655883
221,0.905078113079071,0.855478048324585,0.5217187404632568,2.146435022354126,0.5240397801570501,0.5205613208084763,0.5193030518120166
222,0.9031054973602295,0.8569234609603882,0.5202343463897705,2.168867826461792,0.522672363287908,0.519215081471041,0.5181983165725026
223,0.9050586223602295,0.8535711169242859,0.524609386920929,2.155329942703247,0.5284195267302947,0.5238460728897296,0.5230144974229773
224,0.9046289324760437,0.857170820236206,0.5212500095367432,2.1601028442382812,0.5246233290843912,0.5200468226924413,0.5191085873585005
225,0.9039257764816284,0.8564435839653015,0.5282812714576721,2.1539924144744873,0.531143901316573,0.5277328890192643,0.5266731084599524
226,0.9047656059265137,0.8543680310249329,0.5391406416893005,2.1378324031829834,0.5414683616893063,0.5378912209327893,0.5368337054286607
227,0.9046289324760437,0.855396032333374,0.5275781154632568,2.1474077701568604,0.530440915862797,0.526648041658216,0.5256284022792994
228,0.9036718606948853,0.8589128851890564,0.5279687643051147,2.1477816104888916,0.5312843251017949,0.527025298255591,0.5262961364843581
229,0.9046484231948853,0.8570989370346069,0.5296875238418579,2.149489402770996,0.5321517330285122,0.5288503234377991,0.5277888952901473
230,0.9048047065734863,0.8566468954086304,0.5358593463897705,2.1444203853607178,0.5390745661195749,0.5350796790105334,0.5338912768162989
231,0.9063867330551147,0.8522701263427734,0.5315625071525574,2.141054153442383,0.5340440005384817,0.5305349441272078,0.5295056360171054
232,0.9049999713897705,0.852586567401886,0.5256249904632568,2.1440024375915527,0.5284710746106032,0.5249240751989952,0.5239330928914481
233,0.905957043170929,0.8498029112815857,0.5257812738418579,2.1599810123443604,0.528848408413082,0.5246078968906506,0.5236036207908333
234,0.9077929854393005,0.84657883644104,0.5309374928474426,2.1256906986236572,0.5334519433482336,0.5295087692942614,0.5281124618591148
235,0.9062695503234863,0.8479104042053223,0.5347656011581421,2.128871440887451,0.5371163811781963,0.5336211381333625,0.5325169091152244
236,0.9091210961341858,0.8402255177497864,0.5346875190734863,2.140841007232666,0.5370162263704039,0.5331766577121706,0.5318740616581433
237,0.9072070121765137,0.8388593196868896,0.5299218893051147,2.1390955448150635,0.5322900606502151,0.528655600083721,0.52734773263588
238,0.9065625071525574,0.8454241156578064,0.5340625047683716,2.131747245788574,0.5353641591363654,0.5329169303160188,0.5314170847061553
239,0.9090625047683716,0.8362720012664795,0.5317968726158142,2.1530303955078125,0.5351394000129576,0.5311649306753969,0.5302086800209608
240,0.9063671827316284,0.8448982834815979,0.5360156297683716,2.1322994232177734,0.5389275519627195,0.5352146763552816,0.5340897871900956
241,0.908203125,0.8444017171859741,0.5368750095367432,2.1290414333343506,0.5395736284788771,0.5360395469312325,0.5351237420309891
242,0.9051172137260437,0.8505411744117737,0.535937488079071,2.124760389328003,0.538100212228699,0.5348241831554351,0.5335459220823052
243,0.9048632979393005,0.8460494875907898,0.5374218821525574,2.119525194168091,0.540209391679743,0.5363485289430673,0.5354461489816078
244,0.9072461128234863,0.8413458466529846,0.5373437404632568,2.1317620277404785,0.5405734516876536,0.5365243111450708,0.535836254392979
245,0.910449206829071,0.8322742581367493,0.5465624928474426,2.10430908203125,0.5504787062031646,0.5457067035512245,0.5451172688669574
246,0.9078320264816284,0.8398339748382568,0.5336718559265137,2.1151342391967773,0.5360259066798936,0.532523689048571,0.5314070460850621
247,0.9090234637260437,0.8378617167472839,0.5342187285423279,2.1207592487335205,0.5375295639317953,0.5333939683746282,0.5328003525712661
248,0.9104297161102295,0.8313950896263123,0.5376562476158142,2.1111528873443604,0.541017672867135,0.5366610390512031,0.5359773296504269
249,0.9061523675918579,0.8438312411308289,0.5321093797683716,2.1118946075439453,0.5360478577879437,0.5311130744201552,0.5302610463247499
250,0.9096289277076721,0.8368410468101501,0.5370312333106995,2.1164357662200928,0.5401415819394768,0.5358839942757267,0.5348549297116639
251,0.9091406464576721,0.8345904350280762,0.5317187309265137,2.125694990158081,0.5348027184516589,0.5305580786790263,0.5296349244337846
252,0.9051952958106995,0.8449620604515076,0.5347656011581421,2.1302623748779297,0.5395397924271874,0.5339598537306759,0.5334020518716471
253,0.90771484375,0.8361287117004395,0.5358593463897705,2.102219581604004,0.5394221088628003,0.5350403197219719,0.5339775923894181
254,0.9116406440734863,0.8294526934623718,0.5396093726158142,2.1125807762145996,0.5418565456314298,0.5383598458693781,0.5372161377469736
255,0.9067968726158142,0.8409721255302429,0.5353124737739563,2.1123034954071045,0.5380086466672422,0.5339882104156033,0.5332522631116099
256,0.9094336032867432,0.8335036635398865,0.5337499976158142,2.1012167930603027,0.53640581803153,0.5328549972219192,0.5319117809169827
257,0.9118554592132568,0.8289432525634766,0.538281261920929,2.105132579803467,0.542657465401989,0.5374759966094615,0.5368749837248079
258,0.90673828125,0.8416451811790466,0.5433593988418579,2.0747573375701904,0.546341233366691,0.5420802435448074,0.540935559600928
259,0.9074023365974426,0.842317521572113,0.5375000238418579,2.099111318588257,0.5399645315167798,0.536380546830679,0.5352773331513739
260,0.9090039134025574,0.8362421989440918,0.5371875166893005,2.0917603969573975,0.5403940450090434,0.536005263545184,0.5350946771612533
261,0.9084570407867432,0.8345300555229187,0.5403125286102295,2.0947628021240234,0.5433007507940519,0.5392430942148732,0.5387271040817944
262,0.9099414348602295,0.8333613872528076,0.5438281297683716,2.091796636581421,0.5463365277578911,0.542678133913205,0.5415241242954065
263,0.910351574420929,0.8255946636199951,0.542187511920929,2.0832574367523193,0.5456794776938257,0.5410155670471672,0.540597373965219
264,0.9107421636581421,0.82586669921875,0.5448437333106995,2.0752038955688477,0.548179952304655,0.5439681579472113,0.5432285362881435
265,0.9099414348602295,0.8315813541412354,0.5467968583106995,2.074713706970215,0.5499729137461254,0.5459893448589682,0.5453301673358681
266,0.9136718511581421,0.8173888921737671,0.5486719012260437,2.059296131134033,0.5522991995151105,0.5476510187779446,0.5472790985480106
267,0.9129883050918579,0.8160884976387024,0.5495312213897705,2.0665764808654785,0.5532104791474253,0.5478839944639278,0.5474701526426184
268,0.9168945550918579,0.8123428821563721,0.5452343821525574,2.072796583175659,0.5480891598275958,0.5442051798468523,0.5432028317629736
269,0.9129101634025574,0.8206394910812378,0.5487499833106995,2.0833287239074707,0.5512487760589813,0.5476998595700338,0.546627165233585
270,0.9102734327316284,0.8213152885437012,0.5478906035423279,2.0794663429260254,0.5514660311059935,0.5467929893589583,0.5460630752113891
271,0.9119531512260437,0.8228271007537842,0.5467968583106995,2.0946483612060547,0.5498469831911672,0.5456840984304135,0.544972315060102
272,0.9125195145606995,0.8179369568824768,0.548046886920929,2.08908748626709,0.5501802794229769,0.5466718364212237,0.5456249285877227
273,0.909960925579071,0.8290931582450867,0.5475000143051147,2.092482566833496,0.5507805021607237,0.5461720265472979,0.5454524505315255
274,0.91162109375,0.8222450017929077,0.5458593964576721,2.082085132598877,0.5485830322547846,0.5444710246735065,0.5436492760550801
275,0.9130663871765137,0.8195211291313171,0.5490624904632568,2.0897953510284424,0.5522363243274564,0.5477771462849205,0.5470830258491232
276,0.9104883074760437,0.8265088796615601,0.5440624952316284,2.090775728225708,0.5466759377522459,0.5428950607924398,0.542186391183666
277,0.9116406440734863,0.8219144940376282,0.5494531393051147,2.0795745849609375,0.5530890017320416,0.5484421106726227,0.5475564918817184
278,0.9149023294448853,0.8156211972236633,0.5517968535423279,2.0791704654693604,0.5547335648536806,0.5502792784992685,0.549436824770209
279,0.9120898246765137,0.8202462792396545,0.5472656488418579,2.074428081512451,0.5499660488513889,0.5456806006545767,0.5448035845258721
280,0.913769543170929,0.8132247924804688,0.5482812523841858,2.078195810317993,0.5510694947678122,0.5473608593708186,0.5466372264658299
281,0.9120312333106995,0.8156740069389343,0.5551562309265137,2.0537221431732178,0.5579981171792215,0.5537216103480905,0.5528040349717225
282,0.9131640791893005,0.8151512742042542,0.5550000071525574,2.074559211730957,0.5576576134092105,0.5537818285190955,0.5525965904314983
283,0.9098827838897705,0.8239057064056396,0.5533593893051147,2.0745763778686523,0.5556852973334754,0.5519221764094198,0.5509605734828857
284,0.9118945598602295,0.8259113430976868,0.5448437333106995,2.0779173374176025,0.5478709437769442,0.5437693329440865,0.5431469652727202
285,0.9142773151397705,0.8109092116355896,0.552734375,2.082184076309204,0.5555714389604639,0.551498639805172,0.550770168310039
286,0.9136718511581421,0.8167747259140015,0.5525000095367432,2.06130051612854,0.5558843196002069,0.5509794786801663,0.5505557101063999
287,0.9136718511581421,0.8165485262870789,0.5502343773841858,2.0707285404205322,0.5532645497349243,0.5491029640188837,0.5483101544354139
288,0.9145703315734863,0.8130165338516235,0.5513281226158142,2.0540130138397217,0.5546320147676913,0.5500775011577026,0.5494864008029244
289,0.91455078125,0.816620945930481,0.5453125238418579,2.066556453704834,0.5474030767016345,0.5437682691371033,0.543001921876074
290,0.9173242449760437,0.8056341409683228,0.548828125,2.064735174179077,0.552305442824319,0.5476130114030966,0.5471247783129247
291,0.9115234613418579,0.815925121307373,0.5555468797683716,2.0551507472991943,0.559642343642507,0.5546011586810246,0.5540098115511808
292,0.9145703315734863,0.8116149306297302,0.5489843487739563,2.06207537651062,0.5519949999540749,0.5479366298004207,0.5472224118849137
293,0.9125781059265137,0.8176437616348267,0.553515613079071,2.062424421310425,0.5562342058460543,0.5525808928650704,0.5516573649579939
294,0.9148828387260437,0.812736451625824,0.5556250214576721,2.051867961883545,0.5589416232092408,0.5543828299593712,0.5537255285616762
295,0.9130663871765137,0.8148484230041504,0.5606250166893005,2.0437066555023193,0.5633685044202281,0.5592892640957094,0.558784251579515
296,0.9124414324760437,0.8132656216621399,0.5510156154632568,2.053508996963501,0.5541311508868838,0.5494941381761593,0.5484105862924518
297,0.9130273461341858,0.8166968822479248,0.5573437213897705,2.04868221282959,0.5596579898678773,0.5561714919541809,0.5553755313112074
298,0.9137890338897705,0.8111553192138672,0.5572656393051147,2.0627334117889404,0.5621096270803113,0.5559530551731533,0.5556103943793358
299,0.915332019329071,0.8059461116790771,0.5542968511581421,2.054497718811035,0.5569754416453336,0.5533700512425017,0.5524870096942559
300,0.9122461080551147,0.8152346014976501,0.5506250262260437,2.079714059829712,0.5528258802840671,0.5491957001983636,0.5485117979900004
301,0.9168164134025574,0.8050007820129395,0.5603125095367432,2.050586462020874,0.5636538833579169,0.5587504731268678,0.55819657983303
302,0.917675793170929,0.803844690322876,0.5621093511581421,2.0406932830810547,0.5651177702643697,0.5612742847599826,0.560555248023102
303,0.9175976514816284,0.7986302971839905,0.5631250143051147,2.0464584827423096,0.566284104568136,0.5618451164425387,0.5610629974380817
304,0.914843738079071,0.802532970905304,0.5608593821525574,2.043855667114258,0.564239886431361,0.5598461727364958,0.5589565741640963
305,0.9144335985183716,0.8083752989768982,0.5586718916893005,2.0513663291931152,0.5617494458113512,0.5577959202098837,0.5567868826360207
306,0.9161132574081421,0.802483081817627,0.5572656393051147,2.0603785514831543,0.5599440749360308,0.5561797658018335,0.5553105515773654
307,0.913769543170929,0.8084737658500671,0.5606250166893005,2.039548397064209,0.5639127703980671,0.5596615212289684,0.558828076200077
308,0.9156835675239563,0.8081281185150146,0.5562499761581421,2.0439136028289795,0.5596603107456491,0.5547770426909173,0.5543848981825668
309,0.9164257645606995,0.8005159497261047,0.5616406202316284,2.0262844562530518,0.5655764210579265,0.560561703454598,0.5596519001924165
310,0.9133594036102295,0.8086629509925842,0.5655468702316284,2.0455682277679443,0.5685927283857892,0.5643476806785475,0.563605446978914
311,0.9173046946525574,0.8001085519790649,0.5616406202316284,2.0389363765716553,0.5656896548068728,0.5605670609575384,0.5604010281026768
312,0.9173632860183716,0.8002672791481018,0.5619531273841858,2.05544114112854,0.5655902922008895,0.5609751192359289,0.5606092123737154
313,0.916699230670929,0.8009802103042603,0.5592968463897705,2.0463287830352783,0.5626474610691012,0.5580175978720299,0.5577533824621892
314,0.916308581829071,0.8069145679473877,0.5589062571525574,2.046748161315918,0.5638112371796626,0.5579530454345096,0.5572802497973491
315,0.9155077934265137,0.8037866353988647,0.5604687333106995,2.0381269454956055,0.5647737317757859,0.559258569088235,0.5588481028328933
316,0.9138281345367432,0.812781810760498,0.5610937476158142,2.042879581451416,0.5639887269371966,0.5600473935122552,0.5591404623025458
317,0.9167187213897705,0.8003438711166382,0.5577343702316284,2.0428531169891357,0.5615951751632514,0.5567818238708333,0.5559521090604465
318,0.913769543170929,0.8052918314933777,0.565625011920929,2.0263242721557617,0.5699978746131418,0.5649654713441357,0.5643137042484592
319,0.9156640768051147,0.8058327436447144,0.561718761920929,2.0223233699798584,0.5644744531800773,0.5607376263948187,0.5597807363864427
320,0.9170898199081421,0.8022720217704773,0.5538281202316284,2.0357141494750977,0.5577149813617432,0.5527242193244144,0.5522668814326335
321,0.9149609208106995,0.8052051663398743,0.5631250143051147,2.022946357727051,0.5677588490019161,0.5621724447388994,0.5619899979598288
322,0.9184374809265137,0.7978964447975159,0.5591406226158142,2.0347471237182617,0.5627014815929616,0.5583227631025349,0.5574172724577436
323,0.9162304401397705,0.801798403263092,0.5640624761581421,2.0445950031280518,0.5671278736215676,0.5629003729061988,0.5621636201658213
324,0.9181249737739563,0.7958976626396179,0.5693749785423279,2.0264618396759033,0.5727806858829019,0.568699481739628,0.5680580624748204
325,0.9172461032867432,0.7988967299461365,0.5623437762260437,2.0393788814544678,0.5661046903545468,0.5611686380771371,0.5609956323628613
326,0.9141601324081421,0.8075351715087891,0.5585156083106995,2.046149969100952,0.5625872827604399,0.5577892274525138,0.5571831142396132
327,0.9154492020606995,0.8065003156661987,0.5616406202316284,2.023016929626465,0.5638248500262549,0.5612390223821224,0.5600147224780847
328,0.917187511920929,0.7972394824028015,0.565234363079071,2.026491403579712,0.56850668568697,0.5645514011315674,0.5638245511470371
329,0.9154492020606995,0.8032625317573547,0.5563281178474426,2.063748359680176,0.559893067270335,0.5552180982382504,0.5544236897348856
330,0.9154687523841858,0.8048022985458374,0.5603125095367432,2.0342836380004883,0.5640828177136642,0.5593833128706965,0.5585936659538009
331,0.9177148342132568,0.7993673086166382,0.567187488079071,2.0318000316619873,0.5704106814075021,0.5660073539148728,0.5651129752177462
332,0.9177148342132568,0.7999179363250732,0.5678906440734863,2.0200397968292236,0.5709380274384114,0.5670663764558062,0.5660803673632482
333,0.9191992282867432,0.795448362827301,0.5615624785423279,2.0384321212768555,0.5634806373928881,0.5602855341087798,0.5592339602087439
334,0.9185742139816284,0.7927708625793457,0.5654687285423279,2.0424273014068604,0.5687204252849605,0.5641633507908206,0.5633482286754856
335,0.9176366925239563,0.7976694703102112,0.5602343678474426,2.0399105548858643,0.5631050608282395,0.5591916267780079,0.5585146914389086
336,0.9141406416893005,0.803363561630249,0.5626562237739563,2.044365167617798,0.5657945738419414,0.5620103326673342,0.5610750957030208
337,0.9199023246765137,0.7930428981781006,0.5599218606948853,2.0532708168029785,0.5625470445031311,0.5589112913963332,0.5580392588820149
338,0.9192578196525574,0.7920525074005127,0.5609375238418579,2.0500340461730957,0.5646555104043025,0.5600099977362217,0.5596948213334111
339,0.9199804663658142,0.7916668653488159,0.5610156059265137,2.0453991889953613,0.5640258836067915,0.5600846443324571,0.5594908673100801
340,0.9188867211341858,0.7927733063697815,0.5682031512260437,2.030163049697876,0.5714601570863054,0.5668703751726386,0.5662340126042718
341,0.9187304973602295,0.7952946424484253,0.569140613079071,2.0451362133026123,0.5715107596964035,0.5681707723252121,0.56731410667769
342,0.9194726347923279,0.7921231985092163,0.5704687237739563,2.01779842376709,0.5743347668028275,0.5691552431109116,0.5683990597814446
343,0.9180859327316284,0.7967524528503418,0.5648437738418579,2.033240795135498,0.5682826066956599,0.5641318033795204,0.5635231197083415
344,0.919628918170929,0.7944818139076233,0.5588281154632568,2.0373401641845703,0.5623795029900556,0.5579960292694056,0.5571746035560441
345,0.9178320169448853,0.7965148091316223,0.5590624809265137,2.044179677963257,0.563837336857558,0.5582029839984566,0.5578788857945779
346,0.9153906106948853,0.8053112626075745,0.5631250143051147,2.0333728790283203,0.5671663984624286,0.5624875923239189,0.5618717353342961
347,0.9174609184265137,0.7976573705673218,0.5569531321525574,2.0526018142700195,0.5599415769174022,0.5562398427221369,0.5551237532692681
348,0.9197656512260437,0.7945011258125305,0.5612499713897705,2.0367228984832764,0.5646884171449813,0.5601463494135429,0.5597151388803864
349,0.9184960722923279,0.7988535165786743,0.5621093511581421,2.0330371856689453,0.5661814405583188,0.5611595574078305,0.5607894019189612
350,0.9190820455551147,0.7916184067726135,0.5648437738418579,2.0254580974578857,0.5688073738909621,0.5639650027710059,0.5634826616345149
351,0.9178125262260437,0.7948940396308899,0.5562499761581421,2.0504157543182373,0.5595590447078951,0.5551283108597886,0.5544374142624899
352,0.9180077910423279,0.7915900945663452,0.5617969036102295,2.030766725540161,0.5652650687016125,0.5607647897085738,0.5603218730616937
353,0.920117199420929,0.7913687229156494,0.5637500286102295,2.029958963394165,0.5669031249881691,0.5625725779035763,0.5621801055082709
354,0.9209765791893005,0.7872747182846069,0.5641406178474426,2.026693105697632,0.567185772803116,0.5631240146203215,0.5622537438960786
355,0.9208202958106995,0.7882373929023743,0.5666406154632568,2.0245745182037354,0.5689959120972321,0.5654774333991839,0.564479608988431
356,0.92041015625,0.7878862023353577,0.5686718821525574,2.0282094478607178,0.5725610634078026,0.5674503113245511,0.5665988259004466
357,0.9201757907867432,0.7864893078804016,0.561718761920929,2.0346219539642334,0.5646583559445627,0.5607305564566575,0.5601932999951027
358,0.9192578196525574,0.7916126847267151,0.5657812356948853,2.0051281452178955,0.5681985978652282,0.5647942633283181,0.5639817999009553
359,0.9185156226158142,0.7924109697341919,0.5674999952316284,2.0248701572418213,0.5704898945974535,0.5661709829059641,0.5654678890174509
360,0.9202343821525574,0.7875034213066101,0.564453125,2.014174461364746,0.5675014050903413,0.5634655423159007,0.5630187764696881
361,0.922070324420929,0.7823302745819092,0.5658593773841858,2.0294623374938965,0.568503519445313,0.5648508520667693,0.5639086638728389
362,0.9207226634025574,0.7866641283035278,0.56640625,2.028019428253174,0.5685486007698598,0.5650677212138202,0.564110968398222
363,0.9203711152076721,0.7880916595458984,0.5702343583106995,2.0305118560791016,0.5726861118688602,0.5690924297755041,0.5682637903091798
364,0.9205468893051147,0.7864594459533691,0.5670312643051147,2.012357234954834,0.5700859591819993,0.5658310730637377,0.5652696644296402
365,0.9199023246765137,0.7879065871238708,0.5699999928474426,2.0113320350646973,0.5723791718002259,0.568825544141438,0.5675227601410298
366,0.919726550579071,0.7876273989677429,0.5690624713897705,2.0143396854400635,0.5721467507258093,0.567797261380108,0.5667078944764434
367,0.9211719036102295,0.7856279015541077,0.5646093487739563,2.028196334838867,0.5668713028128176,0.5631143836559762,0.5619215123705765
368,0.91796875,0.7949051856994629,0.567187488079071,2.0125317573547363,0.5689721636179671,0.5652726610151965,0.5642777095667771
369,0.9201757907867432,0.7852180600166321,0.5624218583106995,2.0332953929901123,0.5644879673339565,0.5611506086584443,0.5600733510671789
370,0.9199609160423279,0.786057710647583,0.5732031464576721,2.0226399898529053,0.5760485329092286,0.5720634536877346,0.5711152871285661
371,0.923144519329071,0.7754495143890381,0.5718749761581421,2.001279354095459,0.5744428768963472,0.570957089089523,0.5699843299684584
372,0.9192773699760437,0.7844245433807373,0.5786718726158142,1.9946385622024536,0.5817082850365973,0.5774276977236834,0.5765299103877137
373,0.9194726347923279,0.7895630598068237,0.5707812309265137,2.022028684616089,0.5727248644322245,0.5696392102696377,0.5683451391491203
374,0.9214843511581421,0.7851760983467102,0.5715625286102295,2.018937110900879,0.5744056366677897,0.570282698922141,0.5696705295810602
375,0.9195312261581421,0.7877943515777588,0.5724999904632568,2.0157320499420166,0.5748219987003924,0.571326847554086,0.5702516749694808
376,0.9231250286102295,0.7805913686752319,0.5701562762260437,2.0344126224517822,0.5735109985348199,0.569204315891567,0.5679635041015125
377,0.921191394329071,0.7872418165206909,0.565625011920929,2.0180678367614746,0.5683972323633966,0.5645040127541189,0.5632048294066878
378,0.9209179878234863,0.7828672528266907,0.5666406154632568,2.0324511528015137,0.5688920300735527,0.5653083790040772,0.5643790422940109
379,0.9220898151397705,0.7803108096122742,0.5703125,2.0206997394561768,0.573891580766827,0.5695549673022363,0.5682804318099572
380,0.9224609136581421,0.7806301116943359,0.5693749785423279,2.0228400230407715,0.5721723974489358,0.5682737860254687,0.5673822757354385
381,0.9237109422683716,0.7779179215431213,0.5706250071525574,2.0124430656433105,0.5741030928012743,0.5696472225193902,0.5688751646972545
382,0.9203320145606995,0.7830651998519897,0.5643749833106995,2.0271270275115967,0.5667252521977664,0.5630265944995235,0.5624049257154864
383,0.9191796779632568,0.7885997295379639,0.56640625,2.0318543910980225,0.5691548672878934,0.5657851551106927,0.5647967558870786
384,0.919726550579071,0.7874300479888916,0.5717187523841858,2.0157976150512695,0.5749196958167201,0.5709398641928936,0.5699919773985723
385,0.9203906059265137,0.7878417372703552,0.5747656226158142,1.9986454248428345,0.5776121516556421,0.5738146863213203,0.5729744028843925
386,0.9215234518051147,0.7844078540802002,0.5752343535423279,1.9951035976409912,0.5789706917001346,0.5742502990330183,0.5734218440603597
387,0.9212109446525574,0.7833371162414551,0.573046863079071,1.9993821382522583,0.576048647132105,0.5715908062866654,0.5712410367386693
388,0.9190429449081421,0.7899879217147827,0.5668749809265137,2.020932197570801,0.5695067835290117,0.5655387734113844,0.5646823791491052
389,0.9192773699760437,0.7877228260040283,0.5726562738418579,2.01069974899292,0.5758957903416322,0.5717521373397283,0.5713237519793628
390,0.9208788871765137,0.7840235829353333,0.5672656297683716,2.011550188064575,0.5695729076466529,0.5662491741450687,0.5652906899599628
391,0.9234570264816284,0.7766727209091187,0.5754687786102295,2.0077297687530518,0.5789110076711916,0.5744681445711469,0.5737293868296811
392,0.9253125190734863,0.7740748524665833,0.5725781321525574,2.001786470413208,0.575750501723785,0.5716344932254569,0.5709492610143244
393,0.9224023222923279,0.7818362712860107,0.573046863079071,2.0163702964782715,0.5758762020324977,0.5717574511546528,0.570798348888256
394,0.921679675579071,0.7811868190765381,0.5681250095367432,2.03039813041687,0.570455131609936,0.5671184446155662,0.5659750962178747
395,0.9208008050918579,0.781271755695343,0.5717968940734863,2.0036041736602783,0.5744895481654901,0.5706886522042204,0.569842521050042
396,0.9222070574760437,0.7802525162696838,0.5701562762260437,2.0022056102752686,0.5739484811144282,0.5692823441119881,0.568557410514112
397,0.9210156202316284,0.7851579189300537,0.5740625262260437,1.9926307201385498,0.5774365683442603,0.5731888694987414,0.5724857947564257
398,0.9236719012260437,0.7756375074386597,0.5760937333106995,2.003915786743164,0.5797844911527679,0.5753648058640086,0.5744668583945616
399,0.923632800579071,0.7815247178077698,0.5764843821525574,2.0153021812438965,0.5796212993832967,0.5758437292653655,0.5750050786981927
400,0.9227343797683716,0.7786790728569031,0.5726562738418579,2.0070908069610596,0.5759229727572114,0.5717020324704133,0.5709934425970873
401,0.9197070598602295,0.7878557443618774,0.5757031440734863,1.9969922304153442,0.5788616326052692,0.5747596527625214,0.5738958966683452
402,0.9207226634025574,0.7856579422950745,0.5772656202316284,2.0009419918060303,0.5810840932772054,0.5765468974538195,0.5754128277073176
403,0.9217578172683716,0.7853344082832336,0.5754687786102295,2.0075953006744385,0.5781660750094835,0.5745572917719013,0.5737732638375697
404,0.922558605670929,0.7793290615081787,0.5794531106948853,2.007441997528076,0.5815548376268258,0.5787165512099408,0.577765818953794
405,0.9227539300918579,0.7790733575820923,0.5718749761581421,2.013800859451294,0.5747642953742788,0.5713276005767355,0.570407627341702
406,0.9254687428474426,0.7719699740409851,0.5760937333106995,2.0052573680877686,0.579707298650324,0.5754463868534365,0.5748002905916105
407,0.9222656488418579,0.7759197354316711,0.5810156464576721,1.9880616664886475,0.5843259978512281,0.5804675127193675,0.5798071251073256
408,0.9217382669448853,0.7810225486755371,0.5767968893051147,2.0014820098876953,0.5803791721554283,0.575775917412655,0.5751553417420315
409,0.9230273365974426,0.7796459794044495,0.5721094012260437,2.0034101009368896,0.5744253654842644,0.5714651718205304,0.5705266263023758
410,0.9256445169448853,0.7731219530105591,0.5724999904632568,2.0123038291931152,0.5754831837000643,0.5715300518541312,0.5712198236696728
411,0.9238085746765137,0.7717111706733704,0.5724999904632568,2.0051891803741455,0.5755467268437533,0.5714496798625696,0.5708378497943112
412,0.9269726276397705,0.7647998929023743,0.576953113079071,1.9936751127243042,0.580724332489719,0.576186627835412,0.5754133029484081
413,0.9268945455551147,0.7661303877830505,0.5739062428474426,2.005183219909668,0.5771973820224846,0.5728980309970049,0.572180833035249
414,0.9215039014816284,0.7800402641296387,0.5754687786102295,1.9886219501495361,0.5787341268318716,0.574255861974811,0.573928223810029
415,0.9237499833106995,0.7746347784996033,0.572265625,2.0026049613952637,0.5752178943104658,0.571235657817864,0.5704199675799773
416,0.9244335889816284,0.7729173302650452,0.5721094012260437,2.0099472999572754,0.5742334358747148,0.5710451453651001,0.57001861487177
417,0.9236719012260437,0.7766183614730835,0.5717968940734863,2.003612756729126,0.5755244631281018,0.5712693666713924,0.5705842186538774
418,0.921679675579071,0.7777345776557922,0.5674218535423279,2.0238282680511475,0.5700677443558737,0.5665528058503051,0.5659602433953013
419,0.9214062690734863,0.7770092487335205,0.5709375143051147,2.0358505249023438,0.5741880178780653,0.5700541068423484,0.5693095741138428
420,0.9207422137260437,0.7892338633537292,0.5746093988418579,2.0104382038116455,0.5780259247678163,0.5738371125393379,0.5729537217734366
421,0.9214843511581421,0.7818722724914551,0.5790625214576721,1.9933226108551025,0.5815314130600782,0.5780720818662897,0.5771975528541267
422,0.9227343797683716,0.7753589153289795,0.5764843821525574,1.9908255338668823,0.5800462413916051,0.5756785559860038,0.574700923176676
423,0.9222460985183716,0.7819920182228088,0.5840625166893005,1.9902960062026978,0.5883550995711953,0.5830894755228166,0.5825868230652649
424,0.9234179854393005,0.7773170471191406,0.5803124904632568,1.988407015800476,0.5839348748178719,0.5798007423791431,0.5790563266438558
425,0.9228711128234863,0.7793614864349365,0.5786718726158142,2.004453659057617,0.5820505433180505,0.5780902262756222,0.5773337276226154
426,0.9261523485183716,0.7695080637931824,0.5732812285423279,1.996687889099121,0.577431583645414,0.5720778223204456,0.571953917759086
427,0.9244726300239563,0.7744108438491821,0.5763280987739563,2.0148613452911377,0.5799102845291884,0.5754190391537587,0.5748710046707144
428,0.9239453077316284,0.7723665833473206,0.578125,1.996341586112976,0.5804018813589227,0.5771476262230066,0.5763569990753353
429,0.9258788824081421,0.7674429416656494,0.5756250023841858,2.002072334289551,0.579370132081519,0.5744854800692187,0.574052373373072
430,0.9226757884025574,0.7759729027748108,0.5744531154632568,2.0062153339385986,0.5770747488968998,0.5736572210641098,0.5728353609706194
431,0.9230077862739563,0.7776089310646057,0.5799219012260437,1.993863821029663,0.5818985590632251,0.5788967954067111,0.5776934599158756
432,0.9240038990974426,0.7742472887039185,0.5753124952316284,1.9982092380523682,0.5782147154427217,0.5743469429744719,0.5737206131072183
433,0.9234960675239563,0.7767252326011658,0.5733593702316284,2.0101640224456787,0.5766491938626586,0.572530703823391,0.5719725453610713
434,0.9251367449760437,0.7715685367584229,0.5724218487739563,2.0113189220428467,0.5760088847358812,0.5713762040195919,0.5707881175407648
435,0.9249609112739563,0.7715570330619812,0.576171875,1.9965310096740723,0.5800009950578032,0.575093877561166,0.5747057674973344
436,0.9241601824760437,0.7752612233161926,0.5816406011581421,2.0051779747009277,0.5853313159950548,0.5807768152709294,0.5800297432573944
437,0.9241406321525574,0.7747151255607605,0.5754687786102295,2.0108766555786133,0.5788142004663654,0.5746670164614395,0.5737227525276305
438,0.9229297041893005,0.7774314284324646,0.5738281011581421,2.0240514278411865,0.5768844281926024,0.5727969660606492,0.571899271914722
439,0.9229491949081421,0.7763046026229858,0.5727343559265137,2.013291120529175,0.5754420921593095,0.5718664779284987,0.570724998206547
440,0.9233788847923279,0.7722312808036804,0.5735156536102295,2.008729934692383,0.5779829220717441,0.572554472944467,0.5719054991587149
441,0.9243359565734863,0.7724127173423767,0.5755468606948853,2.008345603942871,0.5789417226589899,0.5745425376880584,0.5739602072530207
442,0.9256445169448853,0.773294985294342,0.5764062404632568,2.005959987640381,0.580091721990182,0.5752586246738123,0.5749065705347767
443,0.9249414205551147,0.7699286937713623,0.5740625262260437,2.022155284881592,0.577151894104379,0.5730660178611118,0.57237078300412
444,0.9254101514816284,0.7724748253822327,0.5760937333106995,1.9998584985733032,0.5793814246881608,0.5751743051281067,0.5745498124296875
445,0.9273437261581421,0.765608549118042,0.5766406059265137,1.9969308376312256,0.5799924957186245,0.5757131261183313,0.5751255607732428
446,0.9247851371765137,0.7693955898284912,0.5814843773841858,1.980757236480713,0.5845085941309509,0.5804833596534125,0.5796585618621068
447,0.9278711080551147,0.7621608972549438,0.580859363079071,1.9845633506774902,0.5844335008980546,0.5798803962435446,0.5790994961296749
448,0.9240429401397705,0.7721320390701294,0.5804687738418579,1.9951459169387817,0.5841951078694589,0.5797449474120989,0.5793349043665562
449,0.9240038990974426,0.7719388008117676,0.5814843773841858,1.993526577949524,0.585635270685832,0.58071874514447,0.5804028404104193
450,0.9262890815734863,0.7696717977523804,0.5815625190734863,1.9997351169586182,0.5845803040447266,0.580397058847008,0.5798655995523739
451,0.9259960651397705,0.7656437754631042,0.5789843797683716,1.9989815950393677,0.5819508469530706,0.5775154116168983,0.5768659455825462
452,0.9262304902076721,0.767068088054657,0.5817968845367432,1.9799994230270386,0.5845000146272912,0.5808675301447424,0.5801337281358303
453,0.9266796708106995,0.7606779336929321,0.5810937285423279,1.9913655519485474,0.5844711462844167,0.5802451774353649,0.5794725547787244
454,0.9271484613418579,0.7618618607521057,0.5810937285423279,1.9986974000930786,0.5847159541397943,0.5802289099927305,0.5798641784216165
455,0.9267187714576721,0.7619822025299072,0.5806249976158142,1.990692138671875,0.5831303688724065,0.579649730866999,0.5785630415130706
456,0.9258984327316284,0.7660020589828491,0.5776562690734863,1.9983936548233032,0.580502268640233,0.5766228596876628,0.5758074168655163
457,0.92578125,0.7671811580657959,0.5803124904632568,1.9889614582061768,0.5828934076648458,0.5794728967825784,0.5787129095247934
458,0.9267382621765137,0.7655003070831299,0.5754687786102295,2.0009288787841797,0.5787746314536353,0.57466615383122,0.5740138765261902
459,0.9246484637260437,0.7691869139671326,0.5848437547683716,1.979642629623413,0.5875706086342427,0.5838373282431131,0.5833349237995236
460,0.9278515577316284,0.7652806639671326,0.5834375023841858,1.9888781309127808,0.5858150850985646,0.5826649018770973,0.5816028535626924
461,0.9224218726158142,0.7741941809654236,0.5757812261581421,2.0113964080810547,0.5792155158151288,0.5751053446007368,0.5743515557562826
462,0.92333984375,0.7776657342910767,0.5745312571525574,2.028646945953369,0.5778400740949989,0.5735642464966536,0.5732134696517254
463,0.9247460961341858,0.7701018452644348,0.5708593726158142,2.0177292823791504,0.5747042535908315,0.5701612985543887,0.56932182487947
464,0.9250586032867432,0.7710227370262146,0.578906238079071,2.005854606628418,0.5829165531142941,0.5778373909391693,0.5771766539211574
465,0.9273242354393005,0.7610641717910767,0.5829687714576721,1.9809443950653076,0.5875273840586348,0.5822999342313677,0.5818951178659066
466,0.9269140362739563,0.7636576890945435,0.5844531059265137,1.9789378643035889,0.5886899924248701,0.5832257297919838,0.5827518402022569
467,0.926464855670929,0.7661465406417847,0.5857812762260437,1.9949252605438232,0.5888682851931974,0.58481393794584,0.5841681293269411
468,0.9286523461341858,0.7635133266448975,0.5821093916893005,1.9907711744308472,0.5860449185928756,0.5811945332034256,0.5807846802524378
469,0.9256445169448853,0.7664312720298767,0.5819531083106995,1.9863585233688354,0.584431918063386,0.5810657352083652,0.5799604379953132
470,0.9253125190734863,0.767529308795929,0.58203125,2.000349521636963,0.5850814468466512,0.5808703923488479,0.5806364527342373
471,0.9259179830551147,0.7669183611869812,0.5793750286102295,1.9950157403945923,0.5829058089544479,0.5785727835297272,0.5780256732126814
472,0.9254491925239563,0.7663754224777222,0.5780468583106995,2.0064191818237305,0.5819269756841086,0.5769801738684519,0.5766258083736966
473,0.9253711104393005,0.7702885270118713,0.5778906345367432,2.005462169647217,0.5814742011737963,0.5771851405614994,0.5764106185270018
474,0.9261327981948853,0.7649130821228027,0.5737500190734863,2.007449150085449,0.5774027898874312,0.5729395119662226,0.5725033580189577
475,0.924609363079071,0.7694293260574341,0.5846093893051147,1.9939082860946655,0.5881190847540655,0.5839309040352918,0.5831521219109516
476,0.9280078411102295,0.7645134925842285,0.5814062356948853,1.9814066886901855,0.5842264459289824,0.5800863985299046,0.5790267790838514
477,0.9259960651397705,0.7670437693595886,0.5807031393051147,1.9943344593048096,0.5846995489515726,0.5795945144290476,0.5790869311317894
478,0.9287695288658142,0.7614607214927673,0.5824999809265137,1.977186918258667,0.5853011864536666,0.581291913554357,0.5804409022181721
479,0.9282812476158142,0.7595397233963013,0.5806249976158142,1.9931634664535522,0.5838478229893265,0.5798062970505077,0.5791796444641142
480,0.9293359518051147,0.7562057375907898,0.5797656178474426,2.0006613731384277,0.5842691531279136,0.5787985339101815,0.5785638634790553
481,0.9281445145606995,0.7623185515403748,0.5840625166893005,1.985765814781189,0.5877444465484891,0.5833526156568934,0.5828271098736854
482,0.9247265458106995,0.7678278088569641,0.5786718726158142,1.9890838861465454,0.5815337111908969,0.5774728065220023,0.5771019082389461
483,0.9277148246765137,0.7604331374168396,0.5848437547683716,1.9875288009643555,0.5877999820204245,0.5842519958233963,0.5833533966136603
484,0.9254101514816284,0.7636719346046448,0.5846093893051147,1.984705924987793,0.5881202187524053,0.5839116730313694,0.5832466355048967
485,0.9274218678474426,0.7614206075668335,0.5804687738418579,1.98882257938385,0.5839978203046298,0.5796942470379973,0.5792057666313748
486,0.9248828291893005,0.7685407996177673,0.5825781226158142,1.9786189794540405,0.5865710802066109,0.5818187593716492,0.5813433124083558
487,0.9251757860183716,0.7698566317558289,0.5803124904632568,1.9862178564071655,0.5840699323255083,0.5795118427819127,0.5788878285856185
488,0.9277539253234863,0.7643927931785583,0.5821093916893005,1.9733805656433105,0.5863668547566812,0.5810809692831309,0.5806527072526375
489,0.9244531393051147,0.7692500352859497,0.5839062333106995,1.9706504344940186,0.5870148398499762,0.5828360933774857,0.5821745393168308
490,0.9257226586341858,0.7684162855148315,0.5840625166893005,1.976858377456665,0.5870579411978979,0.5830933392232251,0.5821778003411854
491,0.927539050579071,0.7621402740478516,0.5827343463897705,1.994202733039856,0.5857019748256347,0.5819839858952129,0.581344984824036
492,0.9273828268051147,0.763684868812561,0.5772656202316284,2.0003156661987305,0.5805153420710806,0.5765292548902596,0.5757226596817553
493,0.9270312786102295,0.7597168684005737,0.5821093916893005,1.998779296875,0.584012188576589,0.5811125790872015,0.5802841383084091
494,0.9273828268051147,0.7630360126495361,0.5827343463897705,1.9834988117218018,0.5848803331710493,0.5816230520045144,0.5808911478940296
495,0.9274804592132568,0.7597571611404419,0.5882031321525574,1.9796669483184814,0.5913820854828757,0.5872989381708652,0.5865780755531571
496,0.9260351657867432,0.7664335370063782,0.577343761920929,1.9903035163879395,0.5807309514158072,0.5763731644871767,0.5757139397521431
497,0.93115234375,0.7497202157974243,0.5809375047683716,1.9862674474716187,0.5841884634057575,0.5801198728334254,0.5795179961039063
498,0.9283398389816284,0.7565468549728394,0.5807812213897705,1.9755287170410156,0.5842233193722448,0.5797945883904723,0.5789980242336662
499,0.9288671612739563,0.7534747123718262,0.5842968821525574,1.9684114456176758,0.5877683713173296,0.5832769876327073,0.5827517861470779
500,0.9315234422683716,0.7545493841171265,0.5843750238418579,1.9696245193481445,0.587518434318726,0.583202741072929,0.5824064793949584
501,0.9299218654632568,0.7554228901863098,0.585156261920929,1.9865347146987915,0.588463273813272,0.5837080212631955,0.5828811380903204
502,0.9262109398841858,0.7643836736679077,0.578125,1.9955500364303589,0.5803368186725869,0.5769249467306896,0.5759035279900432
503,0.9264453053474426,0.7603381276130676,0.5785156488418579,1.9950135946273804,0.5813252158683913,0.5770737677921615,0.5762681446345483
504,0.9276953339576721,0.7633098363876343,0.5822656154632568,1.9779648780822754,0.5853249857142835,0.5811538315768383,0.5802497286919079
505,0.9241406321525574,0.7671486139297485,0.5846093893051147,1.9890332221984863,0.5883156853803231,0.5836094015742821,0.5828938481766504
506,0.9256836175918579,0.767391562461853,0.5802343487739563,1.9947110414505005,0.5834326087936967,0.5791394862920733,0.578145761987258
507,0.9275976419448853,0.7628482580184937,0.5802343487739563,1.9910145998001099,0.5842497687819181,0.5789485151928169,0.5787296506029542
508,0.926074206829071,0.766681432723999,0.5805468559265137,1.9854803085327148,0.5835432512562109,0.5797021070175705,0.5790304063848115
509,0.9277929663658142,0.7630124688148499,0.5775781273841858,2.007197856903076,0.5813667406862947,0.5766169920367101,0.5755711276348411
510,0.9266015887260437,0.764186680316925,0.5825781226158142,1.9970260858535767,0.5863609031340837,0.5819193080307139,0.5808530087709797
511,0.9267968535423279,0.7669816613197327,0.5809375047683716,1.9913662672042847,0.5845181416607549,0.5802132585640072,0.5793031977646415
512,0.9268749952316284,0.761318027973175,0.5818750262260437,1.99079167842865,0.58457231440735,0.5808375042910858,0.5797606921416112
513,0.9308788776397705,0.754455029964447,0.5806249976158142,1.9926947355270386,0.5835482109730945,0.5794198820076241,0.5790291362663434
514,0.9295312762260437,0.7563669085502625,0.5803124904632568,1.9929072856903076,0.5829625790899774,0.5792575974845815,0.5786269803565667
515,0.9270898699760437,0.7613571882247925,0.5806249976158142,1.9713199138641357,0.5839122879332731,0.579809889618693,0.5791328862443326
516,0.9282422065734863,0.761486828327179,0.5849999785423279,1.9845352172851562,0.5881743596086153,0.5846170156670198,0.5839031374419967
517,0.9278125166893005,0.7638065218925476,0.5821874737739563,1.987541675567627,0.5859010023784736,0.5810064063080924,0.5804069836750267
518,0.9271289110183716,0.7584811449050903,0.5821874737739563,1.9997470378875732,0.5856847230823896,0.5814815455687135,0.5807603155407173
519,0.9268359541893005,0.7602894306182861,0.5830468535423279,1.9940917491912842,0.5867960470927941,0.5823343361540394,0.5815493738445465
520,0.9281250238418579,0.7624791860580444,0.5805468559265137,2.007326126098633,0.5830727772721946,0.5795872674277918,0.5786732939753216
521,0.9284765720367432,0.7572133541107178,0.5822656154632568,2.009150505065918,0.5852157057094777,0.5811497485154464,0.5801660676137763
522,0.9315429925918579,0.753822922706604,0.588671863079071,1.9948474168777466,0.5917584134369784,0.5878868795169848,0.5869528889217734
523,0.9300585985183716,0.7535947561264038,0.5798437595367432,1.994603157043457,0.5838364611979463,0.5788732812351207,0.5779833680925714
524,0.9283984303474426,0.7602941393852234,0.5845312476158142,1.9978184700012207,0.5875651737770458,0.583266410676134,0.5824587654855511
525,0.9265234470367432,0.7635951042175293,0.5860937237739563,2.006143808364868,0.5895940559227043,0.5849678887654274,0.584243920184504
526,0.9291406273841858,0.7604451775550842,0.5834375023841858,1.9924201965332031,0.5870263989702902,0.5828514437486472,0.5823661110934238
527,0.9278905987739563,0.7597294449806213,0.5845312476158142,1.9764503240585327,0.5884292711862021,0.5833461217613094,0.5827607380859279
528,0.9312304854393005,0.7505139112472534,0.5854687690734863,1.992505669593811,0.5895863960329313,0.584569244140156,0.5842245537674529
529,0.9309961199760437,0.751649022102356,0.5855468511581421,1.9888968467712402,0.5891547097017868,0.5848834824609592,0.5839089387666951
530,0.9302734136581421,0.7504018545150757,0.5867968797683716,1.982100248336792,0.5900520073929036,0.5864346812591941,0.585769130058407
531,0.9304882884025574,0.7545803189277649,0.5835156440734863,1.9917969703674316,0.5870666082837865,0.5828528835304438,0.5821884395761683
532,0.9295117259025574,0.7519631385803223,0.5856249928474426,1.9959237575531006,0.5886793153703441,0.5848266461359719,0.5842976028835896
533,0.9292773604393005,0.7543758153915405,0.5828906297683716,1.9955313205718994,0.5865327427620596,0.5821003023326199,0.5813890702031692
534,0.9283788800239563,0.7562572956085205,0.5810937285423279,2.0149056911468506,0.5847707212511853,0.580200001406239,0.5793003103266214
535,0.9282422065734863,0.75978684425354,0.5788280963897705,2.0055389404296875,0.5825653252844514,0.5781999031469696,0.5772841568620918
536,0.9311718940734863,0.7520062923431396,0.5745312571525574,2.018636465072632,0.5782867042445191,0.5736728721853722,0.5726813137971449
537,0.9300781488418579,0.7521114945411682,0.5837500095367432,2.0066630840301514,0.5873434680626156,0.5834090587721157,0.5827049194372669
538,0.9294531345367432,0.7547212243080139,0.5803124904632568,2.0163347721099854,0.584114839430838,0.5796678065602157,0.5789354659525264
539,0.9287890791893005,0.759026288986206,0.5818750262260437,2.018928289413452,0.5847685961474288,0.5810526361350079,0.5801933159881087
540,0.9316015839576721,0.7543662190437317,0.5774219036102295,2.018752336502075,0.5801840898875388,0.5766635638764837,0.5757645023868869
541,0.9306640625,0.7510659098625183,0.583984375,1.9976377487182617,0.5873465419872791,0.5830794224217968,0.5824590157688706
542,0.9284570217132568,0.7528561353683472,0.5794531106948853,2.0034632682800293,0.5821559533720624,0.5785661677011288,0.5779576167634597
543,0.931445300579071,0.7470013499259949,0.5864843726158142,1.9927914142608643,0.5895083345067765,0.5857088790207681,0.5845721275326978
544,0.9305273294448853,0.7532803416252136,0.5821874737739563,2.0136709213256836,0.5858672330474072,0.5815295772193614,0.5809988817770527
545,0.9260937571525574,0.7628687024116516,0.586718738079071,1.9865907430648804,0.5904091944538045,0.5858346116063403,0.5853450821791832
546,0.927929699420929,0.7574426531791687,0.5825781226158142,1.9934922456741333,0.5851148536256426,0.5817746967649592,0.5810276880467797
547,0.9301953315734863,0.7546457648277283,0.5850781202316284,1.9953570365905762,0.5882518021357893,0.5841693529244403,0.5836975747650002
548,0.9297070503234863,0.754076361656189,0.5855468511581421,1.9867225885391235,0.5887319434227767,0.5846795818195523,0.5837469592363876
549,0.9317773580551147,0.7517187595367432,0.5862500071525574,1.984425663948059,0.5891603892697062,0.5854933981668613,0.5845300436516976
550,0.9295507669448853,0.7535421848297119,0.5783593654632568,2.0159032344818115,0.5812387332156819,0.577524389678959,0.5766037807557489
551,0.9294726848602295,0.7559380531311035,0.5793750286102295,2.017324924468994,0.5822956010457289,0.5785372175718564,0.5777192669244192
552,0.9308788776397705,0.7487655878067017,0.5828906297683716,1.9869003295898438,0.5863750731054339,0.5820799371347638,0.5813557000558456
553,0.9314844012260437,0.7483123540878296,0.580859363079071,1.996824026107788,0.5847033830347393,0.5798019096965619,0.5795213975678605
554,0.9313671588897705,0.7493013739585876,0.5829687714576721,1.9892582893371582,0.5875720205438313,0.5821697714084926,0.5815540132576404
555,0.9314062595367432,0.7528586387634277,0.5846874713897705,2.000450372695923,0.5870368087075835,0.583694378617605,0.582655616174458
556,0.9285547137260437,0.7577424645423889,0.581250011920929,2.0076820850372314,0.5840250747324014,0.5802874475995612,0.5796696109819593
557,0.9287695288658142,0.7584807872772217,0.5777343511581421,2.015651226043701,0.5812227055127033,0.5770144206303742,0.5762406417552255
558,0.9307031035423279,0.7543233633041382,0.5779687762260437,2.0187571048736572,0.5819729848109024,0.5772021215691698,0.5765266565245053
559,0.9295312762260437,0.7571046352386475,0.5836718678474426,2.0081028938293457,0.5863951908434257,0.5827424580830358,0.5815916115233188
560,0.93115234375,0.747738242149353,0.5802343487739563,1.99167799949646,0.5831023998914453,0.5793664551337376,0.5781408273175959
561,0.9305078387260437,0.752866804599762,0.5850781202316284,2.0115151405334473,0.5892190688521002,0.5843626635195533,0.5835011695099905
562,0.93359375,0.7441179752349854,0.582812488079071,2.005265235900879,0.5855101972024387,0.5818893587283187,0.5807208564999156
563,0.9298242330551147,0.7538301944732666,0.5807812213897705,2.0241661071777344,0.5845033427336075,0.5801422289259252,0.5790796469530441
564,0.9319726824760437,0.7511781454086304,0.5809375047683716,2.0228466987609863,0.5836459333066154,0.5802494515465514,0.5790939688251292
565,0.928906261920929,0.7558422088623047,0.5828906297683716,2.0047202110290527,0.5850074848583142,0.5820116259670011,0.580698774543001
566,0.9273632764816284,0.7592893838882446,0.5807812213897705,2.010098934173584,0.5847272027950232,0.5798368029254517,0.5790429494063003
567,0.9274218678474426,0.7628419995307922,0.577343761920929,2.038201332092285,0.5804047774810048,0.5765742311466092,0.5756819453025493
568,0.9280664324760437,0.7579132318496704,0.583203136920929,1.9988822937011719,0.5860152212733462,0.5823370184976346,0.5813273695448133
569,0.9303905963897705,0.7534782886505127,0.5830468535423279,2.0182158946990967,0.5856327236553411,0.5823039644067329,0.5815558645159906
570,0.9300976395606995,0.754783034324646,0.5807031393051147,2.004772901535034,0.5842151756147822,0.5799245082533617,0.5793052812101334
571,0.9297656416893005,0.7589659094810486,0.5862500071525574,1.9937233924865723,0.5877705615268376,0.585244047308171,0.5838169291583654
572,0.9313085675239563,0.748779296875,0.5810156464576721,2.012523889541626,0.5841440577711315,0.5801295036928196,0.5791688822918328
573,0.9311327934265137,0.7501103281974792,0.5852344036102295,1.9936310052871704,0.5884195777578536,0.5842586444956315,0.5835557639413425
574,0.9314648509025574,0.7487600445747375,0.5858593583106995,1.9749830961227417,0.5884497928439194,0.5848878000680182,0.5839239482760954
575,0.9306836128234863,0.7511706352233887,0.587109386920929,1.9866011142730713,0.5887747499089668,0.5860013879425441,0.5848708555047526
576,0.9331445097923279,0.7483875155448914,0.5857812762260437,1.9779014587402344,0.5888333430035706,0.5848707817410609,0.5841924803188285
577,0.9335156083106995,0.7468737959861755,0.5914843678474426,1.9730949401855469,0.595010191944028,0.5904238699699851,0.589861953901774
578,0.929980456829071,0.7531414031982422,0.5880468487739563,1.9818121194839478,0.5914197187188797,0.5872846886253924,0.5866175580517237
579,0.9321093559265137,0.7476040124893188,0.5935156345367432,1.9742807149887085,0.5959337805631968,0.5927592567105033,0.5920703647464779
580,0.9311718940734863,0.7473710775375366,0.589062511920929,1.9767849445343018,0.5926780603646717,0.5883517816419243,0.5874124306076859
581,0.9325390458106995,0.7437954545021057,0.5885156393051147,1.9805701971054077,0.5918042877728372,0.5877425794373828,0.5869517145545455
582,0.9300390481948853,0.7513441443443298,0.5860156416893005,2.001770257949829,0.588510844033675,0.585221991244889,0.584118005073465
583,0.9305664300918579,0.7492250800132751,0.588671863079071,1.9971373081207275,0.591673770888177,0.5877594565999607,0.5873123160918677
584,0.9291796684265137,0.754677951335907,0.5875781178474426,2.000894784927368,0.5910305121341766,0.5862313175652671,0.5856969088413198
585,0.928515613079071,0.7557768225669861,0.5863281488418579,2.002865791320801,0.589628511498387,0.5852878361140263,0.5848962146889192
586,0.9322070479393005,0.7485365271568298,0.5837500095367432,2.0145299434661865,0.5869340234454827,0.5827205371606778,0.5820679753963847
587,0.9326562285423279,0.74637770652771,0.5885937213897705,2.0030057430267334,0.5925091027512795,0.5878258562442944,0.587386849995923
588,0.9320507645606995,0.7468799352645874,0.5867968797683716,1.9957592487335205,0.5896759671899903,0.5859989483410537,0.5852948127977733
589,0.9321874976158142,0.7468401193618774,0.5846093893051147,2.005723714828491,0.5883570298154753,0.5839466636938859,0.5833067069294213
590,0.9329687356948853,0.7444896101951599,0.5859375,1.9871265888214111,0.5886832722801343,0.5850073173400727,0.5842417889608521
591,0.9318749904632568,0.747326135635376,0.5872656106948853,1.9949798583984375,0.5907215223891863,0.5863306602594498,0.5854633214978514
592,0.9302929639816284,0.7487620711326599,0.5872656106948853,1.9872941970825195,0.5903758854685863,0.5865836153102005,0.5857256125167938
593,0.9315038919448853,0.7472540140151978,0.583984375,2.0062596797943115,0.5880652311506914,0.5830706225542679,0.5825272937608359
594,0.9301562309265137,0.7512854933738708,0.5815625190734863,2.004288911819458,0.5845982613560406,0.580692745829613,0.5799404632972769
595,0.9314648509025574,0.7487295269966125,0.5883593559265137,2.000239372253418,0.5917125415512863,0.5875797687501857,0.5867206529464836
596,0.9280859231948853,0.7582880258560181,0.5892187356948853,1.9923762083053589,0.5915568296634379,0.588059123594818,0.5873989609399896
597,0.9294140338897705,0.7517964839935303,0.5910937786102295,1.9917100667953491,0.5945652723496664,0.590350809760666,0.5896359032322844
598,0.9325976371765137,0.7489620447158813,0.5885156393051147,1.9863094091415405,0.5909107014784294,0.5876374825329915,0.5869028340766842
599,0.9301171898841858,0.7483747601509094,0.5894531011581421,2.0077009201049805,0.5919230190001762,0.5885467900375017,0.5876929170970622
600,0.9329296946525574,0.7462799549102783,0.5916406512260437,1.9984310865402222,0.5949879894949576,0.5909854750128747,0.5903658005054784
601,0.9306250214576721,0.7508935332298279,0.5871875286102295,2.001382827758789,0.589812868203317,0.5863079310132485,0.5853594533028101
602,0.9293749928474426,0.7539758086204529,0.5832812786102295,2.0054242610931396,0.5862495702921079,0.5820725651782857,0.5811899958643802
603,0.9315820336341858,0.7476240396499634,0.5860156416893005,1.9959067106246948,0.5894583247023222,0.5849719173283665,0.5845515339138683
604,0.9300585985183716,0.7496654391288757,0.5901562571525574,1.9876540899276733,0.5937298409058398,0.5892338211131428,0.5886612700468321
605,0.9336913824081421,0.7439239025115967,0.590624988079071,1.985297679901123,0.5938043633762162,0.5898049770566407,0.5890368933016688
606,0.9332226514816284,0.7433473467826843,0.5849218964576721,2.0013954639434814,0.5883545623475013,0.5838726805023952,0.5833592254099382
607,0.9328906536102295,0.7475606799125671,0.585156261920929,1.997590184211731,0.588361754776492,0.5844244621160533,0.5834080237053909
608,0.9339648485183716,0.740891695022583,0.5873437523841858,1.9756808280944824,0.590803508934862,0.5862969240594367,0.5852951624389658
609,0.9360937476158142,0.7346526384353638,0.5885937213897705,1.969581961631775,0.5913942997432549,0.5872449727763727,0.586508784738485
610,0.9320117235183716,0.7458561062812805,0.5881249904632568,1.9699714183807373,0.5913078998180847,0.5871620523432044,0.5863452693434497
611,0.9317968487739563,0.7471910715103149,0.5889062285423279,1.9929015636444092,0.591901754372149,0.587841627930609,0.5870120735211176
612,0.9330859184265137,0.7414746880531311,0.5881249904632568,1.9882053136825562,0.5915942385474373,0.5869056060579146,0.5859790630918517
613,0.9302734136581421,0.753578782081604,0.5871875286102295,1.9940615892410278,0.5900355810574187,0.5861583957162712,0.585003674014682
614,0.9332616925239563,0.7482923865318298,0.5804687738418579,2.0127837657928467,0.5833685536083011,0.57967822239394,0.5785664489517579
615,0.930859386920929,0.7516912817955017,0.5803124904632568,2.0018749237060547,0.5836019533749757,0.5793929132154104,0.5785501960199981
616,0.9319726824760437,0.7466030716896057,0.5845312476158142,1.9863157272338867,0.5875593828681656,0.5835688106178962,0.582358631383068
617,0.930468738079071,0.751484215259552,0.5825781226158142,2.0162417888641357,0.5859184967045936,0.5812467226510061,0.5804100748922861
618,0.9305273294448853,0.7548899054527283,0.5821093916893005,2.0066614151000977,0.5851452413289149,0.5809085775173571,0.5800238399174649
619,0.930859386920929,0.7520477771759033,0.5821093916893005,2.01619553565979,0.5848359507248397,0.5809413786555879,0.5800386412182936
620,0.9316210746765137,0.7477924823760986,0.5833593606948853,2.0072364807128906,0.5871989737828511,0.5821410299187009,0.5810394698829519
621,0.9332616925239563,0.7463104724884033,0.5858593583106995,2.0007805824279785,0.589762330490941,0.5850375084414429,0.5844365316101796
622,0.9308007955551147,0.751781165599823,0.5883593559265137,1.9946181774139404,0.5919628341696315,0.5873480493857347,0.5867114941080451
623,0.9289257526397705,0.7576250433921814,0.5831249952316284,2.00924015045166,0.5871644443364725,0.5824054596096263,0.5815055335939285
624,0.9301562309265137,0.7558781504631042,0.5846093893051147,1.9994604587554932,0.5888032866004826,0.5838816687724937,0.5832421715389438
625,0.9335351586341858,0.7493928670883179,0.5878124833106995,1.9962258338928223,0.591211063740726,0.5871092746613062,0.5861363503317727
626,0.9359375238418579,0.7391988635063171,0.5876562595367432,1.9845706224441528,0.5908399373412803,0.5871269902199653,0.5863136550582428
627,0.9342187643051147,0.7414949536323547,0.5871875286102295,1.988429069519043,0.590837276810128,0.5865000980566362,0.585886254254141
628,0.9347851276397705,0.7410255670547485,0.5838281512260437,1.9894599914550781,0.5875782175865849,0.5831683815441552,0.5828689446925057
629,0.9343359470367432,0.7424799203872681,0.5779687762260437,2.0019688606262207,0.5816394738373474,0.5773278321825122,0.5767985573235392
630,0.9304101467132568,0.7513372302055359,0.5904687643051147,1.9649795293807983,0.5938321418269819,0.5898209496241247,0.589260465675468
631,0.9321484565734863,0.7484771609306335,0.5833593606948853,1.9937810897827148,0.5858814764874524,0.5826562507301736,0.5817135084697582
632,0.9324804544448853,0.7427169680595398,0.5834375023841858,1.9972811937332153,0.5865283142197617,0.5826536843052796,0.5818509655067352
633,0.9308788776397705,0.7523228526115417,0.5907031297683716,1.9672931432724,0.5937164123116898,0.5898567351629505,0.5891132302965476
634,0.9332031011581421,0.7464056611061096,0.5852344036102295,2.0002830028533936,0.5888962252946446,0.5845152914004561,0.5839497638223212
635,0.9336133003234863,0.7426995038986206,0.5858593583106995,1.9736860990524292,0.5896102898343901,0.5853784303910692,0.5847402155916184
636,0.9331836104393005,0.7485540509223938,0.5881249904632568,1.9725345373153687,0.5911365408201358,0.5872369208101615,0.5865099741069225
637,0.9333593845367432,0.7433912754058838,0.5884374976158142,1.97877836227417,0.5913674824054318,0.5874772700850072,0.5865433838508481
638,0.9323828220367432,0.7472092509269714,0.5881249904632568,1.9914437532424927,0.5913797199590101,0.5872488995879153,0.5862637901529542
639,0.9327929615974426,0.7459962964057922,0.5910937786102295,1.9908719062805176,0.5940578785710035,0.5902607840421248,0.5894666397797061
640,0.9319921731948853,0.7483834624290466,0.5845312476158142,1.9917644262313843,0.587586892868534,0.5839046528258911,0.5829805729603214
641,0.9316992163658142,0.7512684464454651,0.5868750214576721,2.0013206005096436,0.5900382859147233,0.586331205483304,0.5855472818782345
642,0.9315820336341858,0.7530612945556641,0.5821093916893005,1.9969898462295532,0.5851309799671394,0.581514933247169,0.5807347070957126
643,0.9338476657867432,0.7435349225997925,0.5896093845367432,1.9825727939605713,0.5923310921533813,0.5885841033054893,0.5875567996777069
644,0.934277355670929,0.7417604923248291,0.5892968773841858,1.9737658500671387,0.5925184525487981,0.5882661664980307,0.5871468756424882
645,0.9349023699760437,0.7376056909561157,0.5864062309265137,1.992472529411316,0.5886565415231014,0.5856825544247155,0.5844084905864244
646,0.9354492425918579,0.7416243553161621,0.5884374976158142,1.9933366775512695,0.5917409460507979,0.5875160515111766,0.5867221009147383
647,0.9350781440734863,0.7365725040435791,0.5871875286102295,1.9710241556167603,0.5906149111457579,0.5862896359661702,0.5856291986665956
648,0.933886706829071,0.7420749664306641,0.5864843726158142,2.0055179595947266,0.5887998280167934,0.5855795102069519,0.5843886942407062
649,0.9318945407867432,0.7465032935142517,0.5864843726158142,2.000814914703369,0.588660085937615,0.5856783293815926,0.5848457402884312
650,0.9350781440734863,0.741422176361084,0.5899999737739563,1.9903570413589478,0.5928679134880488,0.5891678972593724,0.5886901556014321
651,0.9316992163658142,0.7508514523506165,0.5863281488418579,1.994199514389038,0.5895817999234148,0.585725808189189,0.5851682348261609
652,0.9325390458106995,0.7448910474777222,0.5869531035423279,1.9917840957641602,0.5907154797051567,0.586405210002287,0.5857008928476364
653,0.9351562261581421,0.7380338907241821,0.5919530987739563,1.9707400798797607,0.5954363226864575,0.5916154574403433,0.5910822444123072
654,0.9355078339576721,0.7378458380699158,0.5796093940734863,2.0066142082214355,0.5825272513614348,0.5790507602101018,0.5782284048867992
655,0.9342187643051147,0.7412375807762146,0.5877344012260437,1.9807405471801758,0.5907602333251585,0.5873603980153811,0.5866243585398045
656,0.9344140887260437,0.740064263343811,0.5882812738418579,2.0008857250213623,0.5913246696249888,0.5877873308200476,0.5871275572971679
657,0.9335741996765137,0.7430537939071655,0.5878124833106995,1.981958031654358,0.590867382766686,0.5873686180311629,0.5865499294048925
658,0.9334961175918579,0.7422608733177185,0.5896093845367432,1.9732762575149536,0.5928438123708739,0.5891033568018618,0.5884096950824356
659,0.9330273270606995,0.7431313991546631,0.5882031321525574,1.9888626337051392,0.5901383161879694,0.587828031056715,0.5867270175371884
660,0.9305468797683716,0.7505003213882446,0.5837500095367432,2.0099170207977295,0.5866000309197051,0.5833720048962381,0.5821359309352645
661,0.9300976395606995,0.7553200721740723,0.5832812786102295,2.0061521530151367,0.5858231986679645,0.5827193149797845,0.5819508364823704
662,0.9311718940734863,0.751709520816803,0.5824218988418579,1.9947822093963623,0.5852577036909543,0.5819415480574346,0.5810157084380814
663,0.9329687356948853,0.7445160150527954,0.5859375,1.9806926250457764,0.5885012616522849,0.5851452814607088,0.5843967802697495
664,0.9338476657867432,0.7444078326225281,0.5874218940734863,1.9761141538619995,0.5908313973468533,0.5867814461386298,0.5860944048653509
665,0.9337109327316284,0.7422112822532654,0.5879687666893005,1.9745736122131348,0.5918244889571777,0.5873491222627557,0.5867377994597966
666,0.9349218606948853,0.7396752238273621,0.5878124833106995,1.991283893585205,0.5914983651820613,0.5872974580832366,0.5865672102336531
667,0.9349023699760437,0.7389093637466431,0.5840625166893005,1.9831773042678833,0.5877460664509266,0.5836407077394423,0.5825883968378187
668,0.9366601705551147,0.733140230178833,0.589062511920929,1.97086763381958,0.5925064383533885,0.5883260640679134,0.5879160657674078
669,0.9346484541893005,0.741384744644165,0.5874999761581421,1.9770535230636597,0.5912895179535538,0.5869295049794871,0.5864370060974097
670,0.9334570169448853,0.7427817583084106,0.5917187333106995,1.9717152118682861,0.5954422988685506,0.5911384358994595,0.5905734773721532
671,0.9334179759025574,0.7420475482940674,0.5924999713897705,1.9909459352493286,0.596206422767466,0.5918386613883112,0.5911348897727424
672,0.9339648485183716,0.7379814982414246,0.5917187333106995,1.9915074110031128,0.5952527679752824,0.5911187891212173,0.5904520217841633
673,0.9332422018051147,0.7444153428077698,0.5884374976158142,1.9954725503921509,0.5919569282304697,0.5877368169944787,0.5873610733990228
674,0.9354101419448853,0.7359133958816528,0.5944530963897705,1.9822165966033936,0.5974074873162738,0.5934584286184867,0.5927767366848682
675,0.9349609613418579,0.7373077273368835,0.5864062309265137,1.9874264001846313,0.5890386727326957,0.5852669081272371,0.5845440942306748
676,0.9353320598602295,0.7354946136474609,0.5843750238418579,2.011244058609009,0.5868977206984067,0.5835103572219097,0.5828057315514741
677,0.9347851276397705,0.7393918633460999,0.5882812738418579,1.9905357360839844,0.5900466753034656,0.5873061600625603,0.5864554472429313
678,0.934765636920929,0.7381713390350342,0.5857812762260437,1.9956153631210327,0.5881802463122874,0.5850617734804311,0.5843370479423693
679,0.9339648485183716,0.7390518188476562,0.5878124833106995,1.9853811264038086,0.5918795355639636,0.587060489383496,0.5868523384160045
680,0.9351953268051147,0.7371847629547119,0.5870312452316284,1.9832919836044312,0.5904105376515991,0.5861220725783953,0.5855385111904264
681,0.9335351586341858,0.7414804697036743,0.5876562595367432,2.0061774253845215,0.5912000798921923,0.5866862078521691,0.5863770918461602
682,0.9332422018051147,0.7409982085227966,0.5920312404632568,2.001269817352295,0.5949346339734195,0.5910087808341838,0.5901406654372002
683,0.9359961152076721,0.7363400459289551,0.5868750214576721,1.9962579011917114,0.5902573272168457,0.5859682706618536,0.5850653772566492
684,0.9363476634025574,0.7352152466773987,0.5893750190734863,1.982943058013916,0.5926556733361836,0.5886554586320357,0.5881249143451424
685,0.9356445074081421,0.7315396070480347,0.5893750190734863,1.9887690544128418,0.5918763559775397,0.5884834321605767,0.5879863573922497
686,0.9326953291893005,0.7451804876327515,0.5885156393051147,1.998711347579956,0.5909849819178605,0.5878351666906488,0.587075015751259
687,0.9346289038658142,0.7369449734687805,0.5897656083106995,1.9992207288742065,0.5925391740141888,0.5888597766607323,0.5881225601923261
688,0.9350781440734863,0.734541654586792,0.5884374976158142,1.9790774583816528,0.592103565628588,0.5876957307223785,0.5873119377194592
689,0.9352343678474426,0.7370558977127075,0.5841405987739563,2.0128681659698486,0.5870162347743343,0.5831699845214712,0.582677021501479
690,0.9335741996765137,0.7433569431304932,0.5894531011581421,1.995998501777649,0.5917935015490221,0.5884931559423884,0.5878075668935125
691,0.9327734112739563,0.7468081116676331,0.5821874737739563,1.9970183372497559,0.5858018383340229,0.5816121638361234,0.5809068457691319
692,0.9326562285423279,0.7467185258865356,0.5861718654632568,2.0040016174316406,0.5888430172556505,0.585213549828839,0.5844248696710446
693,0.9320898652076721,0.7454482316970825,0.5948437452316284,1.9684889316558838,0.5979456949597238,0.5938025456883231,0.5932791889098152
694,0.9359765648841858,0.7342377305030823,0.5909374952316284,1.983404278755188,0.5933290047882862,0.5896784110683724,0.5892364846413047
695,0.9339452981948853,0.7390877604484558,0.5910937786102295,1.9839553833007812,0.5940808947009629,0.5902239072745237,0.5894011562714626
696,0.9340038895606995,0.7390804290771484,0.589062511920929,2.0051772594451904,0.5927592674143278,0.5882716796422753,0.5875506636198677
697,0.935742199420929,0.7364348769187927,0.5836718678474426,1.9965041875839233,0.5866655704248824,0.582683437092932,0.5819777628914631
698,0.9340038895606995,0.7403470873832703,0.5818750262260437,2.016293525695801,0.584508855620337,0.5812096082572074,0.5800946314221278
699,0.9335547089576721,0.7366966009140015,0.596875011920929,1.9869980812072754,0.5999525989348876,0.5958919847959657,0.5952406300155756
700,0.9356445074081421,0.7341815829277039,0.5950000286102295,1.9832321405410767,0.5985421602359946,0.5942046840796393,0.5937947547823204
701,0.9341601729393005,0.740070104598999,0.592968761920929,1.9661327600479126,0.5954482643902831,0.591979173977008,0.5915646645883724
702,0.9343163967132568,0.736838698387146,0.5901562571525574,1.9726468324661255,0.5936594058285396,0.5894062242677344,0.5888203393725324
703,0.9359961152076721,0.735481321811676,0.5872656106948853,1.9920212030410767,0.5903597272599443,0.5863901624013721,0.5859540386994004
704,0.9351953268051147,0.7357368469238281,0.5885156393051147,2.0001473426818848,0.5917317199831614,0.5877353287779148,0.5868038489408471
705,0.9346874952316284,0.7348613739013672,0.5893750190734863,1.9870356321334839,0.5923656712697372,0.5885674702565089,0.5879447816795429
706,0.9330664277076721,0.7430870532989502,0.5852344036102295,2.006840467453003,0.5882918603113476,0.584493988333167,0.5836112565739668
707,0.9351171851158142,0.7362086772918701,0.5927343964576721,1.9768152236938477,0.5965591489826488,0.5919484095987947,0.5915400482879813
708,0.9335741996765137,0.7359268069267273,0.5843750238418579,2.009552240371704,0.5888117019217486,0.5834663605303706,0.5826892310156858
709,0.9354687333106995,0.7386443614959717,0.5863281488418579,2.006215810775757,0.5896090988429872,0.5854818872929153,0.5848438308215698
710,0.9332226514816284,0.7418811321258545,0.58984375,1.9857628345489502,0.5938697501449085,0.5889458379478136,0.5884714383768219
711,0.9360937476158142,0.7390998005867004,0.5909374952316284,1.9734551906585693,0.5946060494417785,0.5899726437891567,0.5893974742594319
712,0.9360937476158142,0.7351139783859253,0.5903124809265137,1.9911777973175049,0.5940856530562872,0.5893088774629226,0.5887899464722482
713,0.9325390458106995,0.7436554431915283,0.5888281464576721,1.9943217039108276,0.5927301534299421,0.5881406267548568,0.5873967492853117
714,0.9359375238418579,0.7328395843505859,0.5905468463897705,1.989393949508667,0.5935601289392064,0.5896288775223358,0.5890406128502006
715,0.9342968463897705,0.7389217615127563,0.5869531035423279,2.004610538482666,0.5897116829239615,0.5859159347363079,0.5849417136318995
716,0.9343163967132568,0.7427607178688049,0.5892968773841858,1.9870797395706177,0.5928873082572237,0.5884543685013995,0.5876316710538176
717,0.9350195527076721,0.736680269241333,0.5814062356948853,2.0043628215789795,0.5855918139782148,0.5805288662722485,0.579863941561382
718,0.9336913824081421,0.7408148050308228,0.585156261920929,1.9921842813491821,0.5887652959845484,0.5846882758937326,0.5844672688078438
719,0.9310742020606995,0.7480199337005615,0.5871875286102295,1.9887336492538452,0.589521624685663,0.586546186903008,0.5856137866980107
720,0.9340624809265137,0.7400652170181274,0.5873437523841858,2.0129315853118896,0.5904924686165154,0.5865907474227705,0.5861072446697491
721,0.9351953268051147,0.7381946444511414,0.5846093893051147,2.0044736862182617,0.5882195674781756,0.5841439503856847,0.5836764284672272
722,0.9354687333106995,0.7369096279144287,0.5932812690734863,2.0038094520568848,0.5963780442107934,0.5925668481064253,0.591965298890154
723,0.9356836080551147,0.7347245812416077,0.589062511920929,1.977843165397644,0.5925062477820059,0.5882596946502703,0.5879295037406974
724,0.9373437762260437,0.7325485944747925,0.5903124809265137,1.9864742755889893,0.5932396674840934,0.5896514334480454,0.5888730430482774
725,0.9338672161102295,0.7398362159729004,0.590624988079071,1.9936764240264893,0.5939435293731938,0.5895718462935832,0.5890423861207178
726,0.9379492402076721,0.7297804355621338,0.5891406536102295,2.0019190311431885,0.5929491105315131,0.5888835031404446,0.5879232606481695
727,0.9356250166893005,0.7367799878120422,0.5927343964576721,2.003969192504883,0.5953621449387517,0.5921018264389133,0.5912946722348691
728,0.9349804520606995,0.7334975600242615,0.5907812714576721,1.9851601123809814,0.5938051586208417,0.5901277970456116,0.5893956392957744
729,0.9371093511581421,0.7327611446380615,0.5893750190734863,1.9883034229278564,0.5926141482977871,0.5889052330942106,0.5881163490342233
730,0.9374023675918579,0.731479823589325,0.5900781154632568,1.9974102973937988,0.5930542877664318,0.5891645952686502,0.5885433027819433
731,0.9368945360183716,0.7342818975448608,0.5918750166893005,1.9950594902038574,0.5945731918201447,0.5911751562181957,0.5901891635051288
732,0.935253918170929,0.7356781959533691,0.5961718559265137,1.9893767833709717,0.5989644318989658,0.5952628396545598,0.5942982117262037
733,0.9362499713897705,0.733745813369751,0.5841405987739563,2.0091512203216553,0.5873778417947335,0.5830983646675807,0.5822893213846243
734,0.9362695217132568,0.7293580770492554,0.5863281488418579,2.0048437118530273,0.5889480701053595,0.5854474726114848,0.5845152278271243
735,0.9385351538658142,0.7321679592132568,0.5914843678474426,1.9995718002319336,0.5939022148900107,0.590347621818931,0.5895418932764624
736,0.9364452958106995,0.7322363257408142,0.5912500023841858,1.992976188659668,0.5942809410757939,0.5903735063918798,0.5896567094274734
737,0.9332616925239563,0.7345395088195801,0.5953124761581421,1.9815621376037598,0.5978475043076804,0.5947235844931962,0.5937386166281837
738,0.9350195527076721,0.7394323945045471,0.5878124833106995,1.9968560934066772,0.5913084822287052,0.5868848264172,0.5864519951126772
739,0.9361913800239563,0.7373543381690979,0.5842968821525574,2.0058398246765137,0.5871831560991422,0.5834776566981984,0.5824970494359163
740,0.9366406202316284,0.7321576476097107,0.5892968773841858,2.008424758911133,0.591460811625733,0.5884594838561339,0.5876415194808384
741,0.9352343678474426,0.7334038615226746,0.5894531011581421,2.0201690196990967,0.592366991092683,0.5882304214967065,0.5875446981389749
742,0.9333202838897705,0.7403431534767151,0.5835937261581421,2.0107407569885254,0.5859297865455471,0.5826491602295041,0.5817461243493884
743,0.9361327886581421,0.7320880889892578,0.5855468511581421,2.0042195320129395,0.5883999391351868,0.5847837804735154,0.583924954044765
744,0.9369335770606995,0.7309677600860596,0.5899218916893005,2.0000007152557373,0.5929621611873545,0.5892501240709922,0.5883698166634954
745,0.9351562261581421,0.7356306314468384,0.5864062309265137,2.003624200820923,0.5896125190939168,0.585581550574881,0.5847962023718326
746,0.9338281154632568,0.7408336400985718,0.5862500071525574,2.0050432682037354,0.5887002840722402,0.5855998762637094,0.584490472473306
747,0.9353711009025574,0.7356379628181458,0.5914843678474426,2.007913112640381,0.5936034572628125,0.5906147959697567,0.5897267708104745
748,0.9367969036102295,0.7330008745193481,0.5857812762260437,2.016453504562378,0.5882747759292879,0.5851254859567446,0.584300335791029
749,0.9365234375,0.7317807078361511,0.5874999761581421,2.0038607120513916,0.5900375498176875,0.586569796499042,0.5856802813198326
750,0.9351757764816284,0.7383772134780884,0.5829687714576721,2.019347906112671,0.5863158117480058,0.5822882133528711,0.5817722420987708
751,0.9367773532867432,0.7346145510673523,0.5895312428474426,1.9950228929519653,0.5925982703113347,0.5884929937416863,0.5875597842889634
752,0.9384179711341858,0.7278477549552917,0.5883593559265137,1.9898256063461304,0.5915191188353123,0.5876583605985529,0.5871683726808883
753,0.9343359470367432,0.7353886365890503,0.5897656083106995,1.9898463487625122,0.5928348957899083,0.589111251238202,0.5883013528380598
754,0.9374804496765137,0.728726863861084,0.5883593559265137,1.9979511499404907,0.5917810899602337,0.5873538281547227,0.5867282978686604
755,0.9375585913658142,0.726087212562561,0.5926562547683716,1.9975188970565796,0.5954613217320441,0.5917070592573019,0.5908347112204919
756,0.9366406202316284,0.7321361303329468,0.5907031297683716,2.000960111618042,0.593961919136669,0.589447596467565,0.5892217486967075
757,0.9373632669448853,0.7220034599304199,0.5888281464576721,1.9958003759384155,0.5919193227468436,0.5879140964001429,0.5874892558502798
758,0.9356445074081421,0.7327449917793274,0.5894531011581421,2.0132029056549072,0.592111020044062,0.5887869757106954,0.5880592141949945
759,0.9370507597923279,0.7327226996421814,0.5864062309265137,2.0048091411590576,0.5889531918579174,0.5853149124323782,0.5847848457599564
760,0.9361913800239563,0.7324318885803223,0.5869531035423279,2.0091712474823,0.5898110609148554,0.5861634356512035,0.5854169816572798
761,0.9353320598602295,0.734421968460083,0.5904687643051147,2.0084307193756104,0.5934540631948126,0.5898907092452704,0.5891076171346137
762,0.9352734088897705,0.7331329584121704,0.58203125,2.020744562149048,0.5845325317001462,0.5816289946020645,0.5806345848374425
763,0.93408203125,0.7355381846427917,0.5844531059265137,2.0141327381134033,0.5870923120792441,0.5836827540901177,0.5827194795454966
764,0.9362890720367432,0.7342014312744141,0.5846874713897705,2.0383901596069336,0.5878349842930632,0.583801813120774,0.5832479087478648
765,0.9347265362739563,0.7347056865692139,0.583984375,2.0094149112701416,0.5863465572829001,0.5832097232291937,0.5823555825789134
766,0.9357030987739563,0.7364042401313782,0.5866405963897705,2.0182807445526123,0.5890376333638238,0.5858752265693452,0.5849111273462724
767,0.9350195527076721,0.7353464365005493,0.5819531083106995,2.0109331607818604,0.5837270340663361,0.5810018052457239,0.5800263091167106
768,0.9348437786102295,0.7390772104263306,0.5867968797683716,2.007209539413452,0.589095678872023,0.586164513504128,0.5850630931152891
769,0.9359570145606995,0.7342602610588074,0.5927343964576721,2.001218795776367,0.5960169133966433,0.5918800713208766,0.5913742012144619
770,0.9365429878234863,0.7323708534240723,0.5859375,2.0110151767730713,0.5886972111320393,0.5850580257985482,0.5841605733578792
771,0.9378515481948853,0.7282817363739014,0.5871875286102295,2.0056076049804688,0.589891341007684,0.5863307712093141,0.5855559698229819
772,0.9403906464576721,0.7195314168930054,0.586718738079071,2.0051584243774414,0.5896867150549534,0.5857578287068069,0.5850548860566969
773,0.9371289014816284,0.727764368057251,0.5874218940734863,1.9991129636764526,0.5904584290631865,0.5866718407936562,0.5859807705897302
774,0.9367578029632568,0.7299153208732605,0.5843750238418579,2.013204574584961,0.5876435732930472,0.5837582280107583,0.5829959760430682
775,0.9359961152076721,0.7340598106384277,0.5867968797683716,2.002148151397705,0.58971926962931,0.5861342824999843,0.585422695096883
776,0.9344531297683716,0.73589688539505,0.5867968797683716,2.011016845703125,0.5893718652385322,0.5863190088598533,0.5851672259794367
777,0.9376367330551147,0.7303208112716675,0.5908593535423279,1.9983420372009277,0.5939815022889934,0.5899687214927997,0.5894784579092198
778,0.9370507597923279,0.7322607636451721,0.5862500071525574,1.998456597328186,0.588813423628028,0.5854830492541298,0.5844118743962468
779,0.93505859375,0.7321459054946899,0.5924999713897705,1.98592209815979,0.5954634773900923,0.5918806164880102,0.5910199501628217
780,0.9364843964576721,0.7287499904632568,0.592968761920929,2.0022225379943848,0.595625056082302,0.5924000772300668,0.5913832135070741
781,0.9372851848602295,0.728484034538269,0.5899999737739563,2.025104284286499,0.5927036829522351,0.5897630208829612,0.5886092431182336
782,0.9367382526397705,0.7354448437690735,0.5944530963897705,2.003129720687866,0.5969939730266247,0.5939679617059962,0.5932944879210587
783,0.9350976347923279,0.736666738986969,0.5952343940734863,2.0284364223480225,0.5977145173631303,0.594791588104356,0.5939592529699156
784,0.9380468726158142,0.7287234663963318,0.5921875238418579,2.009575128555298,0.5948504096041185,0.591068934809468,0.5903964281023065
785,0.9374609589576721,0.7281992435455322,0.5958593487739563,1.986318826675415,0.5991241333275688,0.5948460524761123,0.5939116658165459
786,0.9384179711341858,0.72528076171875,0.5928124785423279,2.003173351287842,0.5951635484641986,0.5916715205517965,0.5908371677043323
787,0.9351757764816284,0.7346272468566895,0.5943750143051147,2.0118160247802734,0.5964947554109881,0.5936517146262961,0.592515063698269
788,0.9355078339576721,0.7350351810455322,0.5924999713897705,2.006654739379883,0.5956450462732157,0.5917810020270735,0.5911916749430879
789,0.935742199420929,0.7362561225891113,0.5884374976158142,1.9904775619506836,0.5923523294259836,0.5879413436446854,0.5874575027403088
790,0.9364258050918579,0.7305284142494202,0.5921093821525574,1.9881421327590942,0.5949262421186117,0.5915423403037167,0.5906954568163434
791,0.9373828172683716,0.7308502197265625,0.5873437523841858,2.0125551223754883,0.5898340334689585,0.5862900857384686,0.5854752520004552
792,0.9380078315734863,0.7274935841560364,0.5881249904632568,2.020766496658325,0.5905679410933063,0.5872309676807931,0.5863286108631419
793,0.9355664253234863,0.7381496429443359,0.5924999713897705,2.014756679534912,0.5947566453217484,0.5915484624779609,0.5908338092557093
794,0.936718761920929,0.7311891913414001,0.5876562595367432,2.024998664855957,0.5909535716841094,0.586771449457357,0.5860794482092435
795,0.9372460842132568,0.7325573563575745,0.5885156393051147,2.015841245651245,0.5919322623826981,0.5877667607697756,0.5874558075995543
796,0.9383398294448853,0.729041337966919,0.5917187333106995,2.0035674571990967,0.5953986702605708,0.5909880944468399,0.590261038184846
797,0.9366601705551147,0.7294877767562866,0.5908593535423279,2.019882917404175,0.5941449379673522,0.5904240119630555,0.5897397705963463
798,0.9353320598602295,0.7339569926261902,0.586718738079071,2.023660659790039,0.5898966092288418,0.5861336535925362,0.5853811970657549
799,0.9383984208106995,0.7273103594779968,0.5950781106948853,2.005845308303833,0.5981562537747545,0.5941426304036065,0.5935870605512075
800,0.9376367330551147,0.7279329895973206,0.5899218916893005,2.0110840797424316,0.5930076929335976,0.5893788881897561,0.5887638748316767
801,0.9363476634025574,0.7297781109809875,0.5907031297683716,2.005035877227783,0.5946468161212828,0.5899579606804137,0.5894270603622382
802,0.9370898604393005,0.7298833727836609,0.5835937261581421,2.0153489112854004,0.5864293465210135,0.5830147588022475,0.5822933420492675
803,0.9354101419448853,0.733773410320282,0.5837500095367432,2.0109658241271973,0.5870059190478761,0.5828687122635259,0.5822700221962549
804,0.9374804496765137,0.7276842594146729,0.5855468511581421,2.0199217796325684,0.5894350942553148,0.5848079020133937,0.5842083809282612
805,0.9387890696525574,0.7284218072891235,0.5879687666893005,2.010356903076172,0.5914431238011093,0.5872861533835876,0.5863735025674532
806,0.9365624785423279,0.7318446636199951,0.5881249904632568,2.0217466354370117,0.590451534781298,0.5874154944947284,0.5863046315548897
807,0.9375781416893005,0.7284027934074402,0.5941406488418579,1.995200753211975,0.5978759713513695,0.5935676383326722,0.592989179558499
808,0.9376367330551147,0.7295638918876648,0.5904687643051147,1.9949615001678467,0.5937363605541243,0.5900064794879278,0.5894378006067637
809,0.936328113079071,0.7321049571037292,0.5902343988418579,2.0143306255340576,0.5941970937948999,0.5896235033207,0.5892087941001647
810,0.9376757740974426,0.7294493913650513,0.5926562547683716,2.0133919715881348,0.5953042200594382,0.5919857879095621,0.591206182595299
811,0.9366015791893005,0.7296278476715088,0.5896875262260437,2.025228500366211,0.5916997529579835,0.5887636388520947,0.5877170923246017
812,0.9367969036102295,0.7282248735427856,0.5867968797683716,2.0084972381591797,0.5896930997562124,0.586124876734454,0.5854292370322188
813,0.9356054663658142,0.7344452142715454,0.5922656059265137,2.0078368186950684,0.5954272690601273,0.5915794287988024,0.5904746525697295
814,0.93701171875,0.7307999134063721,0.5919530987739563,2.0103631019592285,0.594175142739633,0.5912836760710394,0.590409642299372
815,0.9359961152076721,0.7339866757392883,0.5839062333106995,2.030723810195923,0.586961943171993,0.5830744174473581,0.5823511602728887
816,0.936816394329071,0.7328052520751953,0.5953124761581421,1.997468113899231,0.5981751313123285,0.5944812327045655,0.5940092146176765
817,0.9368554949760437,0.7296798229217529,0.5888281464576721,2.0220248699188232,0.5920012332298272,0.5882194130519479,0.5876495995988897
818,0.9369531273841858,0.730450451374054,0.5922656059265137,1.9999783039093018,0.5957195011919796,0.5912021422375519,0.5907036208291783
819,0.9376757740974426,0.7272605895996094,0.5882812738418579,1.9959232807159424,0.5912789831434697,0.5874381083122943,0.5867852103713502
820,0.9364648461341858,0.7313501238822937,0.5874999761581421,2.018109083175659,0.5900157276521596,0.5868296529932393,0.5862747577702717
821,0.9386523365974426,0.7257475256919861,0.5914843678474426,2.000643730163574,0.5942694409920909,0.5904106623363119,0.589746548409217
822,0.9363867044448853,0.7334085702896118,0.586718738079071,2.021165609359741,0.5887673980466153,0.5859974579236273,0.585522956176231
823,0.9362109303474426,0.732269287109375,0.5866405963897705,2.0063047409057617,0.5889756236968167,0.5858081082820552,0.5848565914314078
824,0.9379492402076721,0.728722333908081,0.5917187333106995,2.0021004676818848,0.5950672721642826,0.5907293341605543,0.5898222766254881
825,0.9376171827316284,0.7292407155036926,0.5903124809265137,2.000309944152832,0.5930575061517769,0.5896190438794634,0.5883347485134006
826,0.9357616901397705,0.7345237135887146,0.5892187356948853,1.990348219871521,0.5916858960732306,0.5884219911686206,0.5874935703515627
827,0.9379296898841858,0.7241189479827881,0.5920312404632568,2.0076539516448975,0.5942472296349188,0.5911367359567299,0.5902987558952817
828,0.9377343654632568,0.7299368977546692,0.5860156416893005,2.019256830215454,0.5888773828866665,0.5848248287705033,0.5844062725675234
829,0.9392969012260437,0.7256591320037842,0.58984375,2.0066497325897217,0.5930090172227767,0.5887809748943954,0.5882281770750644
830,0.9374414086341858,0.7262131571769714,0.5913281440734863,1.9954081773757935,0.5946192207399539,0.5903480204146379,0.5897261947266361
831,0.9380273222923279,0.7290840744972229,0.5907031297683716,1.9971647262573242,0.5939677887949659,0.5899288922754944,0.5892669646445907
832,0.9376367330551147,0.7313510775566101,0.5844531059265137,2.0054099559783936,0.5871526876474993,0.5834856583747874,0.5828064004293969
833,0.9374804496765137,0.7260020971298218,0.5863281488418579,2.0177369117736816,0.5890600171255277,0.5853045421096494,0.584439117801669
834,0.9357812404632568,0.73539137840271,0.5822656154632568,2.026315689086914,0.5863347368560488,0.5813075853143546,0.5807150162524731
835,0.9367969036102295,0.7298017740249634,0.591796875,2.0076205730438232,0.5950515758505419,0.591047325286953,0.590319617736293
836,0.9374804496765137,0.7282642126083374,0.5868750214576721,2.0089478492736816,0.5900748656049175,0.5862048776815458,0.5855417854722095
837,0.9397656321525574,0.7234615087509155,0.5864843726158142,2.021862745285034,0.5898971753866835,0.5853885971946553,0.5846818071433402
838,0.9387109279632568,0.7220372557640076,0.5862500071525574,1.998526930809021,0.5886956075787224,0.5855256465246984,0.5850101290001765
839,0.9372460842132568,0.7295491695404053,0.5855468511581421,2.0029778480529785,0.5882446393633559,0.5845723410112927,0.5838821571625242
840,0.9377148151397705,0.7274401783943176,0.5901562571525574,2.008153200149536,0.593855766067239,0.5892490483343908,0.5889686619978176
841,0.9400781393051147,0.7209627628326416,0.586718738079071,2.0066473484039307,0.5891282581433797,0.5857837514885915,0.5849345687308924
842,0.9416406154632568,0.7191412448883057,0.5883593559265137,2.012129306793213,0.5917942366041442,0.5876373732805336,0.5869740848260618
843,0.9378125071525574,0.7256088256835938,0.580078125,2.037372350692749,0.5833813759662756,0.5792335247737956,0.5788713309014013
844,0.9366796612739563,0.7327443957328796,0.5860937237739563,2.019343614578247,0.5897540570238736,0.5852390848356348,0.5847654720317297
845,0.9362109303474426,0.7320238351821899,0.5885156393051147,2.0018367767333984,0.5914041633833493,0.5879226585039743,0.5873772721629187
846,0.9378515481948853,0.725298285484314,0.5843750238418579,2.0135908126831055,0.5873862217769472,0.583265353005751,0.5829462499799846
847,0.9380664229393005,0.7280614376068115,0.5927343964576721,2.0007455348968506,0.5957698736215102,0.5920901215071736,0.5915801757886539
848,0.9375585913658142,0.7269665598869324,0.591796875,2.018749952316284,0.5942398981262045,0.5911104907554571,0.590114022319108
849,0.9372656345367432,0.7265369296073914,0.586718738079071,2.0111701488494873,0.5900293404029271,0.5859473051230374,0.5854694046705422
850,0.9379101395606995,0.7234552502632141,0.5902343988418579,1.9965418577194214,0.5932886215317457,0.5893327485285398,0.5884330285850281
851,0.9375976324081421,0.7278075218200684,0.5920312404632568,1.999298095703125,0.5957286797050596,0.59120569596147,0.5905210971213553
852,0.9396874904632568,0.7218178510665894,0.5902343988418579,1.9915663003921509,0.5934914179009649,0.5894353099548735,0.588774759483375
853,0.9374414086341858,0.7266546487808228,0.587109386920929,2.0070667266845703,0.5893129979328038,0.5865370193317267,0.585414473102405
854,0.9377343654632568,0.7273167967796326,0.5861718654632568,2.0097527503967285,0.5886502115096899,0.5853549832366672,0.5845922329407115
855,0.9373242259025574,0.7294642925262451,0.5879687666893005,2.0083277225494385,0.5902248317030616,0.5868698378220563,0.5861126850938135
856,0.9341601729393005,0.7349327802658081,0.5852344036102295,2.0092613697052,0.5874961505664777,0.5844235853805716,0.5832504167312529
857,0.9377734661102295,0.7300242781639099,0.5927343964576721,1.9882893562316895,0.5954109372065215,0.5920968883369402,0.5914091554761669
858,0.9344921708106995,0.7349677085876465,0.5871875286102295,2.0138471126556396,0.5904222926330702,0.5866750644439551,0.5859445634531739
859,0.9387500286102295,0.7268218994140625,0.5879687666893005,2.0039408206939697,0.5896852897908265,0.5873501291920507,0.5860934553717823
860,0.9370312690734863,0.7294111847877502,0.588671863079071,2.015693426132202,0.590386419883431,0.5877887125828906,0.5867987088716633
861,0.9392383098602295,0.7234154343605042,0.5817187428474426,2.0273709297180176,0.5848160313299169,0.5810551240373247,0.5803105158528643
862,0.9403125047683716,0.7229827642440796,0.5864843726158142,2.0044753551483154,0.589582233848441,0.5855214815823395,0.584701911128798
863,0.9397265911102295,0.7220059037208557,0.5842187404632568,2.012742042541504,0.586934656602757,0.5830631018698305,0.5824684948937301
864,0.9361913800239563,0.7331494688987732,0.5857031345367432,2.024287462234497,0.5883282362339837,0.5849637339302587,0.5842496158159415
865,0.9376562237739563,0.7295506000518799,0.5841405987739563,2.0203185081481934,0.5871286537242351,0.583162921337611,0.5826901565949731
866,0.9381250143051147,0.7295652031898499,0.5775781273841858,2.0418670177459717,0.5802069392891334,0.576615152439391,0.5758059892506733
867,0.9380859136581421,0.7272867560386658,0.5891406536102295,2.01676082611084,0.5915713301785014,0.5888289830085833,0.588048636469042
868,0.9369726777076721,0.7309466600418091,0.5888281464576721,2.010436534881592,0.5926224104728024,0.5883828148406924,0.5875585533010066
869,0.9358203411102295,0.729989230632782,0.5856249928474426,2.0159080028533936,0.588344758296681,0.5844994783009072,0.5840642728892596
870,0.9396093487739563,0.7224805355072021,0.5896093845367432,1.998340129852295,0.5925638406448703,0.5888267843753041,0.5880961453069241
871,0.93701171875,0.7286316156387329,0.5838281512260437,2.021822214126587,0.5867262322406931,0.5830334786223068,0.5826090004855528
872,0.9383203387260437,0.7283150553703308,0.5870312452316284,2.0308821201324463,0.5904705903033689,0.5859818289569969,0.585535221547353
873,0.9392969012260437,0.7263020277023315,0.5861718654632568,2.029179811477661,0.5894796706422702,0.5856642202718316,0.5850237839852265
874,0.9366796612739563,0.7322611212730408,0.5833593606948853,2.0209097862243652,0.585871346584866,0.5828314683614583,0.5818505940468628
875,0.938183605670929,0.7292735576629639,0.5838281512260437,2.020282745361328,0.5862996321000599,0.5828434211164778,0.5822165697291986
876,0.9368945360183716,0.728657603263855,0.5849999785423279,2.0132949352264404,0.5873440048732761,0.5840118660914642,0.5833355278449406
877,0.9383203387260437,0.7256630659103394,0.5893750190734863,2.0195772647857666,0.5927193657352225,0.5885283393026528,0.5880833965020134
878,0.938769519329071,0.7263327836990356,0.5864843726158142,2.017554521560669,0.5899961079414763,0.5858731869939122,0.585454405934603
879,0.9380468726158142,0.7244884967803955,0.5887500047683716,2.017718553543091,0.592084421654715,0.5880980881394926,0.5876619530379391
880,0.939257800579071,0.7274831533432007,0.5910937786102295,1.9902300834655762,0.5938718727893921,0.5901438044859453,0.5895648665924411
881,0.93994140625,0.7218565940856934,0.5899999737739563,2.0071353912353516,0.593008346856563,0.5894062606620475,0.5888134933039391
882,0.9390820264816284,0.7237462401390076,0.5871875286102295,2.012571096420288,0.5909962299698965,0.5861812014366908,0.5856524446734238
883,0.9389062523841858,0.7205909490585327,0.5905468463897705,2.0111441612243652,0.5930258506206301,0.5896855658413724,0.5891617151579174
884,0.9396288990974426,0.7244569659233093,0.5888281464576721,2.021923780441284,0.5918945148952746,0.5879833411635569,0.5872727323578488
885,0.940136730670929,0.7232226729393005,0.58984375,2.0210750102996826,0.5930048473091339,0.5891307897518867,0.588566585451916
886,0.94140625,0.7140767574310303,0.5866405963897705,2.013974189758301,0.5891057064860985,0.5862075806878385,0.5854924198006155
887,0.9397265911102295,0.7191205620765686,0.5853124856948853,2.021502733230591,0.5886033793335143,0.5845201247537835,0.583827550357615
888,0.9374023675918579,0.7254797220230103,0.5863281488418579,2.028200626373291,0.5892681995393304,0.5854990661633825,0.5847793072456804
889,0.9372265338897705,0.7313088774681091,0.5832812786102295,2.033806562423706,0.5861990708529325,0.5826784127036324,0.5818550269040853
890,0.9375195503234863,0.7278726696968079,0.5849218964576721,2.0248513221740723,0.5879728095994209,0.5843414289515827,0.5835689107576236
891,0.9368945360183716,0.7304733395576477,0.5881249904632568,2.022745132446289,0.5902946281108712,0.5876665773771341,0.586719095090929
892,0.9376171827316284,0.7285804152488708,0.5885937213897705,2.015834331512451,0.5914715622548063,0.5875083720268015,0.586924197654794
893,0.937304675579071,0.7281287312507629,0.5849999785423279,2.01709246635437,0.5880516876000632,0.5842479802305425,0.5836766160109264
894,0.9386132955551147,0.7228848338127136,0.5942968726158142,1.9984478950500488,0.5973051141001315,0.5934554916087043,0.5929568715022908
895,0.936328113079071,0.7330071926116943,0.5924218893051147,2.0139379501342773,0.5953319378492059,0.5919962986770808,0.5911149672136083
896,0.9383593797683716,0.7262745499610901,0.5907031297683716,2.016627311706543,0.5950317946231398,0.590085459076642,0.5896857236032425
897,0.9389062523841858,0.7232547998428345,0.5941406488418579,1.997097134590149,0.5978716809598525,0.5937434908161738,0.5933225854953419
898,0.9396679401397705,0.7209388017654419,0.5927343964576721,2.0076470375061035,0.5964900079930088,0.5915929138523369,0.5911583873436981
899,0.9395898580551147,0.7205036878585815,0.5896875262260437,2.0244431495666504,0.5936864332493801,0.5890881081250168,0.5886216628113305
900,0.9394726753234863,0.7214052081108093,0.5924218893051147,2.01737117767334,0.595496532032739,0.5920974352249598,0.5912975017543172
901,0.9386913776397705,0.7277358770370483,0.594531238079071,2.022484064102173,0.5981881604050405,0.5940066202458104,0.5933439129032232
902,0.9392187595367432,0.7267095446586609,0.5935156345367432,2.001483201980591,0.5974181184480711,0.5930230591154563,0.5923581908086208
903,0.9371484518051147,0.7277352809906006,0.5956249833106995,2.0109174251556396,0.59905007833762,0.5951194340752659,0.5942849486905981
904,0.9387890696525574,0.7212316989898682,0.5838281512260437,2.0289876461029053,0.5871108326854797,0.5831744824686811,0.582410790795727
905,0.9380859136581421,0.726395845413208,0.5911718606948853,2.0261521339416504,0.5952539228344979,0.5903570723205,0.5901072039833568
906,0.9391992092132568,0.7258375287055969,0.5919530987739563,2.0265252590179443,0.596774083704221,0.5909513465249476,0.5910001435345464
907,0.9386132955551147,0.7275124192237854,0.5878124833106995,2.025235414505005,0.5923262889817299,0.5872525767867589,0.5867386744260716
908,0.9361913800239563,0.729454755783081,0.589062511920929,2.0097577571868896,0.5923814399629214,0.5880197436185479,0.5873607153727243
909,0.9366796612739563,0.7306742072105408,0.5921875238418579,2.0318002700805664,0.5960380745304409,0.5914774602802823,0.5905838913955579
910,0.9384961128234863,0.723639726638794,0.5931249856948853,1.9982385635375977,0.5961389682251914,0.5921218211946444,0.5912508929606418
911,0.9395898580551147,0.7205720543861389,0.589062511920929,2.0078492164611816,0.59209275535321,0.5880602565745385,0.5872017418923187
912,0.9397851824760437,0.7233337163925171,0.5892187356948853,2.0178091526031494,0.5919733925616875,0.5882551449479502,0.5875620163063573
913,0.9400976300239563,0.7208393216133118,0.5889843702316284,2.002260684967041,0.5915802123450327,0.5881208705331833,0.5872250364835274
914,0.9374414086341858,0.7313045263290405,0.5860937237739563,2.0268170833587646,0.5891177913665288,0.5854057710390927,0.5847083164470191
915,0.9362695217132568,0.7287720441818237,0.5866405963897705,2.023129940032959,0.5898337056154832,0.5857141487085433,0.5848568981303308
916,0.9382421970367432,0.7247943878173828,0.5878124833106995,2.012584924697876,0.5910475330464461,0.5869745002946272,0.5863845523382653
917,0.9398632645606995,0.7249212861061096,0.5849999785423279,2.025866746902466,0.5886626514790184,0.584033267602801,0.5835123562376998
918,0.939648449420929,0.7217731475830078,0.5877344012260437,2.0197272300720215,0.5905031332341487,0.586870552029152,0.5864693395517525
919,0.9378906488418579,0.7301921844482422,0.5831249952316284,2.0313265323638916,0.5859781919473876,0.5821483087526625,0.5815846039037293
920,0.9390820264816284,0.7228435277938843,0.5892187356948853,2.0206403732299805,0.5922859695720757,0.5879627364854325,0.58742680813605
921,0.9385351538658142,0.7257960438728333,0.5864843726158142,2.0257041454315186,0.5895390035991035,0.5857940667552654,0.5851274607025247
922,0.9374804496765137,0.7286966443061829,0.5860156416893005,2.02900767326355,0.5884729784494012,0.5854573933127414,0.5844977538914837
923,0.9395117163658142,0.7247416973114014,0.5915625095367432,2.0163919925689697,0.5948998115700657,0.5908766451915758,0.59014011007457
924,0.9411718845367432,0.7195675373077393,0.5895312428474426,2.025499105453491,0.5926455303116902,0.5889050412591702,0.5878875872654267
925,0.9398242235183716,0.7217660546302795,0.5873437523841858,2.0223891735076904,0.5911734154625274,0.5864434953877589,0.5863369913033694
926,0.9413672089576721,0.7151275873184204,0.5899218916893005,2.0057289600372314,0.5931885125356035,0.5890632113085588,0.5885873283278573
927,0.9413476586341858,0.7170606851577759,0.580859363079071,2.028827428817749,0.5836728076402985,0.5804871745332425,0.5797096964406461
928,0.9408007860183716,0.7145208716392517,0.5848437547683716,2.01137375831604,0.5879872933864598,0.5838973972109314,0.5833038234554667
929,0.9402929544448853,0.7214638590812683,0.591015636920929,2.02036190032959,0.5942390595562888,0.5907085769266798,0.5902764705499545
930,0.9393554925918579,0.7216960787773132,0.5842187404632568,2.029147148132324,0.5879416477575934,0.5835425402819263,0.5831208994808349
931,0.9393749833106995,0.7205031514167786,0.5892187356948853,2.031113386154175,0.5921129665127458,0.5884113860951019,0.5875910478859787
932,0.9374218583106995,0.7268521189689636,0.5860156416893005,2.0311901569366455,0.5902730233791873,0.5853892541418387,0.5850360682907318
933,0.9359375238418579,0.7296135425567627,0.5923437476158142,2.037205457687378,0.5961792564767995,0.5917668561971877,0.5913843909008304
934,0.9366406202316284,0.7286820411682129,0.5902343988418579,2.0089499950408936,0.5937593815723243,0.5894349780015563,0.588966891806147
935,0.9404296875,0.7205694317817688,0.5920312404632568,2.0022242069244385,0.5959865509178799,0.5913266972743376,0.5908745335800853
936,0.9383984208106995,0.7225745916366577,0.5874218940734863,2.0216240882873535,0.5897118815411208,0.5866714410384299,0.5859063011152451
937,0.9384570121765137,0.7259975671768188,0.584765613079071,2.025221347808838,0.5879709534436248,0.5840836165845076,0.5836264399651242
938,0.9414258003234863,0.7197974324226379,0.588671863079071,2.01755428314209,0.5917433587666883,0.587939098012448,0.5871309227238513
939,0.9404882788658142,0.716107189655304,0.5927343964576721,2.0206518173217773,0.5956788995163915,0.5921517370771289,0.5913493831672478
940,0.9383593797683716,0.7249380350112915,0.5932812690734863,2.025485038757324,0.596380338088841,0.5926197853155142,0.5920384188604219
941,0.939453125,0.7241423726081848,0.5889062285423279,2.039027214050293,0.5928201878439794,0.5880994017642658,0.5876711193890274
942,0.9402539134025574,0.7214412689208984,0.5853124856948853,2.0341315269470215,0.5893810201333187,0.5849835950666222,0.5843881527624035
943,0.9387109279632568,0.7216576933860779,0.5850781202316284,2.027170181274414,0.5889686369905816,0.5843209172124988,0.5837927892432899
944,0.9393359422683716,0.7244317531585693,0.5866405963897705,2.032865524291992,0.5895364478316518,0.5860064468915616,0.584786880987128
945,0.9382226467132568,0.7279213070869446,0.5870312452316284,2.021789789199829,0.5901866582759552,0.5864640857301255,0.5861948416115011
946,0.9378906488418579,0.7232530117034912,0.5849999785423279,2.035506248474121,0.588494875602835,0.5844186672954191,0.583527531122347
947,0.9410937428474426,0.7191562652587891,0.5960156321525574,2.0084760189056396,0.5993725076564814,0.5953909882361423,0.5944582149960616
948,0.9386913776397705,0.7249134182929993,0.5918750166893005,2.0174684524536133,0.5947402535776807,0.5913318903509279,0.5903283651240299
949,0.9402539134025574,0.7199094891548157,0.5876562595367432,2.020904302597046,0.5908281030298077,0.5871367305283182,0.5863105989521165
950,0.9393554925918579,0.7202281951904297,0.5895312428474426,2.0135245323181152,0.5938696656416558,0.5889823787486833,0.5885935648935153
951,0.9411718845367432,0.717481791973114,0.5884374976158142,2.0240187644958496,0.5923326030484299,0.5881300529098583,0.5875544361823407
952,0.942089855670929,0.7143292427062988,0.5861718654632568,2.0217812061309814,0.5897430612963813,0.5856397162574484,0.5849388351817129
953,0.9411523342132568,0.7159637212753296,0.5896875262260437,2.011730909347534,0.5932534840826038,0.5889744283744627,0.5883095015331085
954,0.9411327838897705,0.7150401473045349,0.588671863079071,2.010770082473755,0.5928986550569304,0.5882451654636138,0.5878883154423193
955,0.941210925579071,0.7136168479919434,0.588671863079071,2.0269768238067627,0.5923185037671136,0.5880211033339799,0.5873855388071807
956,0.9408593773841858,0.7152647972106934,0.5838281512260437,2.0349948406219482,0.5865934092497311,0.5830119144154009,0.582483370101869
957,0.9377343654632568,0.7230491638183594,0.5882031321525574,2.0186409950256348,0.5910246616361171,0.5874218382934058,0.5869622441031322
958,0.9395507574081421,0.7215445041656494,0.5846093893051147,2.0275537967681885,0.5885842837563167,0.5837739676745435,0.583502858543635
959,0.9380468726158142,0.7237827181816101,0.5855468511581421,2.031724691390991,0.589200247493707,0.5847822013696988,0.5843503968143671
960,0.9397070407867432,0.722365140914917,0.5876562595367432,2.0273165702819824,0.5915441617276798,0.5870154214916343,0.586336162898198
961,0.9374804496765137,0.726551353931427,0.5878124833106995,2.0180511474609375,0.5908039364978128,0.5867118641990512,0.5862850566795239
962,0.93798828125,0.7226048111915588,0.5868750214576721,2.0336763858795166,0.5905342907492894,0.5858614896287372,0.5854980269389101
963,0.9366406202316284,0.7295668721199036,0.5792187452316284,2.046466112136841,0.5831048927529465,0.57828486175003,0.5775965980925527
964,0.9387890696525574,0.7250908017158508,0.5836718678474426,2.0495424270629883,0.5868029104969084,0.5827992429229301,0.5822902969780104
965,0.9402148723602295,0.7224099636077881,0.5867968797683716,2.023592472076416,0.590527674680039,0.5858824082828586,0.5852184934763485
966,0.9377343654632568,0.7295625805854797,0.5835937261581421,2.0282254219055176,0.5868771979285927,0.5829146558827456,0.5824416805380853
967,0.9383984208106995,0.7255925536155701,0.5855468511581421,2.032672882080078,0.5894654505461958,0.584739426075547,0.5841574071597196
968,0.9392187595367432,0.7238710522651672,0.5842187404632568,2.036487340927124,0.5879077154094863,0.5836921483387532,0.5831987455424397
969,0.9412695169448853,0.7118247747421265,0.5892187356948853,2.0324692726135254,0.5923538994613723,0.5886215799776817,0.5881214542413118
970,0.9416797161102295,0.7163371443748474,0.5855468511581421,2.041318655014038,0.5892610116523667,0.5845644736172212,0.5842296143065803
971,0.9417383074760437,0.7132467031478882,0.5928124785423279,2.0270607471466064,0.5966363072840124,0.5920712534433135,0.5917312592252313
972,0.9424414038658142,0.7153352499008179,0.5909374952316284,2.031064510345459,0.5944670443881812,0.5898950348448389,0.5896420813833865
973,0.9396874904632568,0.7215083241462708,0.5864843726158142,2.045539617538452,0.5890574565467246,0.5856470535757139,0.5847293015122872
974,0.9388672113418579,0.7207544445991516,0.5909374952316284,2.02911114692688,0.5936630986275219,0.5901606425995858,0.5893291765496194
975,0.9387500286102295,0.7194293141365051,0.5864062309265137,2.032944679260254,0.5901838856845145,0.5853890446845015,0.585199179444805
976,0.9405664205551147,0.715290367603302,0.5902343988418579,2.0288519859313965,0.5934743741855382,0.5893872801736322,0.5889683105753141
977,0.9406836032867432,0.7196058034896851,0.5838281512260437,2.0063278675079346,0.5869919108121191,0.5833009731157697,0.5825668738719734
978,0.9402929544448853,0.7180883288383484,0.5881249904632568,2.007580041885376,0.5918593651461619,0.5871102424834964,0.5868519672131586
979,0.9368554949760437,0.7261753678321838,0.5842968821525574,2.0249314308166504,0.5866818129896789,0.5834418976724651,0.5828574700648366
980,0.9388672113418579,0.7236396670341492,0.5887500047683716,2.0188827514648438,0.591925735197369,0.587998152335157,0.587450925918289
981,0.9396288990974426,0.7232162952423096,0.5912500023841858,2.03242564201355,0.5959687692167202,0.5904722479774044,0.5902349233884402
982,0.9399023652076721,0.7211191058158875,0.5849218964576721,2.036020040512085,0.588088637684261,0.5840944078467797,0.5835197014290832
983,0.9381445050239563,0.7270524501800537,0.5910937786102295,2.029604196548462,0.5942288266815065,0.5904048314296282,0.5898835090377266
984,0.9402734637260437,0.7205237746238708,0.5839062333106995,2.040470838546753,0.5875179482463204,0.5830701389721751,0.5824649333809971
985,0.9404492378234863,0.7233553528785706,0.5858593583106995,2.0207457542419434,0.5890653036865313,0.5849840534009686,0.5845124733103015
986,0.9413672089576721,0.7163018584251404,0.5830468535423279,2.035259246826172,0.5856537645031437,0.582024396844957,0.5813488286595112
987,0.9391210675239563,0.723564624786377,0.5797656178474426,2.056727647781372,0.5830049678596223,0.5787968921727107,0.5782106108859251
988,0.9402539134025574,0.7206090688705444,0.5807031393051147,2.0660457611083984,0.5838009910773669,0.5798093948336703,0.5791686991349716
989,0.9398242235183716,0.7185527086257935,0.5817187428474426,2.0588700771331787,0.5840945449389208,0.5806321013844012,0.5799454464132934
990,0.940234363079071,0.7217286825180054,0.5835937261581421,2.0454349517822266,0.5862258268273387,0.5827625037944107,0.5818617545819581
991,0.941601574420929,0.7159988880157471,0.5841405987739563,2.038517713546753,0.5869230907678699,0.582948104579981,0.5824914183728258
992,0.9395507574081421,0.7236778736114502,0.5826562643051147,2.030142307281494,0.5862376069095983,0.5817177987686025,0.5813963522724934
993,0.9389062523841858,0.7216131091117859,0.5868750214576721,2.0328757762908936,0.5903611496515203,0.5861222949602182,0.5855469663224777
994,0.94091796875,0.7180680632591248,0.584765613079071,2.0315096378326416,0.5884031666098357,0.5838182748090587,0.5833138823422029
995,0.9402929544448853,0.7184358835220337,0.583203136920929,2.029951572418213,0.5856970863213159,0.581854580331939,0.581393776659472
996,0.9405664205551147,0.7231171131134033,0.5850781202316284,2.0320334434509277,0.5878048336316137,0.5841970890713253,0.58349214548068
997,0.9384570121765137,0.7213110327720642,0.5848437547683716,2.042041778564453,0.5879223679044252,0.583633691779227,0.5831564169917463
998,0.9408984184265137,0.7207667827606201,0.5866405963897705,2.0267133712768555,0.5887178986528901,0.5857303414401042,0.5847846518032527
999,0.9426953196525574,0.7128674387931824,0.5846093893051147,2.0297155380249023,0.5866631805871698,0.5838097527966594,0.5832232005798238
