epoch,accuracy,loss,val_accuracy,val_loss,val_precision,val_recall,val_f1
0,0.003789062611758709,11.143824577331543,0.003046874888241291,10.596811294555664,0.0028642458718193386,0.0030266608392436212,0.0024609294572254395
1,0.0058007813058793545,10.730225563049316,0.0031250000465661287,10.350968360900879,0.0030826317854995983,0.003027235787395637,0.0028894907503779765
2,0.008105468936264515,10.423422813415527,0.004062499850988388,10.143811225891113,0.003749442896582374,0.004021005171339239,0.0037117774920192212
3,0.009257812052965164,10.127346992492676,0.004218750167638063,9.947734832763672,0.0038107593462060546,0.004112642823266321,0.003792769409815694
4,0.012851562350988388,9.838836669921875,0.0052343751303851604,9.758406639099121,0.004863549841209812,0.005104489957524829,0.004760764336067887
5,0.014179687947034836,9.581025123596191,0.004609374795109034,9.57867431640625,0.0046397325862899096,0.004518696277236375,0.004352081476387273
6,0.017734374850988388,9.326922416687012,0.005078124813735485,9.408166885375977,0.004698715515224302,0.00499227399525201,0.004660488855265426
7,0.02128906175494194,9.09904956817627,0.005156250204890966,9.246999740600586,0.00465321030393517,0.005043471747282682,0.004636542186318823
8,0.02519531175494194,8.866467475891113,0.005625000223517418,9.090394020080566,0.004771422962504995,0.005432435378448039,0.004966581050834411
9,0.029863281175494194,8.653923034667969,0.0064843748696148396,8.94034194946289,0.005892903206610256,0.006337636480790578,0.005914476187541517
10,0.03345702961087227,8.452542304992676,0.006640625186264515,8.79979419708252,0.006548552968192515,0.006473252329127151,0.006286967517492426
11,0.038398437201976776,8.250624656677246,0.006796875037252903,8.663148880004883,0.0060710553653553585,0.0065292081126373394,0.0060782914926078594
12,0.0439453125,8.069522857666016,0.005781250074505806,8.53339672088623,0.005447258960973891,0.005679989140207358,0.0053295951698815415
13,0.049531251192092896,7.880582809448242,0.0072656250558793545,8.408316612243652,0.006280360234514497,0.007145215569434256,0.006536274482264572
14,0.05705077946186066,7.705216884613037,0.007031249813735485,8.287267684936523,0.006395824428682677,0.00691783113499937,0.006440447326027074
15,0.06410156190395355,7.53159236907959,0.007109375204890966,8.16683578491211,0.00670266352603956,0.00704841564555746,0.0066909955696771405
16,0.07000000029802322,7.37614631652832,0.007890624925494194,8.051852226257324,0.0074359624794856196,0.007764721407841745,0.007317212786388397
17,0.07671874761581421,7.213949203491211,0.009062499739229679,7.936796188354492,0.008295988781885439,0.008873376045244356,0.00829644829162748
18,0.08753906190395355,7.055976390838623,0.009765625,7.825300216674805,0.009339516126128308,0.0095804536209712,0.009159760385217097
19,0.09447265416383743,6.896022319793701,0.01015624962747097,7.712730884552002,0.009268918506385625,0.00996256876153844,0.00933046938591292
20,0.10492187738418579,6.7431769371032715,0.010625000111758709,7.609742641448975,0.009836601546901812,0.010451942685774814,0.009847877465785058
21,0.11369140446186066,6.5957207679748535,0.012656250037252903,7.507872104644775,0.011440576904763904,0.012397068229107463,0.011533504058885296
22,0.12306640297174454,6.449531078338623,0.012812499888241291,7.411621570587158,0.011971092723167669,0.012564924295593912,0.011933656012839758
23,0.13277344405651093,6.313510894775391,0.014375000260770321,7.310605049133301,0.012873490027742454,0.01401629173295597,0.01307844068666832
24,0.1428515613079071,6.182194709777832,0.01523437537252903,7.218080520629883,0.014267352052932388,0.014924671123438012,0.0141956275943557
25,0.15671874582767487,6.042777061462402,0.015703124925494194,7.132745742797852,0.015120420867424815,0.015476795182510814,0.014807888674627248
26,0.16750000417232513,5.9088134765625,0.017500000074505806,7.051438808441162,0.01679753442208139,0.017206855877961034,0.016516193836372234
27,0.17650391161441803,5.791200637817383,0.017421875149011612,6.9699201583862305,0.016615759383912066,0.017237183736126847,0.016439599032874057
28,0.18531249463558197,5.671319007873535,0.018671875819563866,6.891917705535889,0.01807409811917813,0.018350071069594798,0.01777088718711211
29,0.19666016101837158,5.552093982696533,0.018828125670552254,6.815908908843994,0.017842604552626373,0.01861696424553473,0.017755331488893168
30,0.20796875655651093,5.434691905975342,0.022578125819563866,6.742013454437256,0.0215457569317489,0.022293908557639033,0.021387068253549902
31,0.2191796898841858,5.322402477264404,0.024062499403953552,6.6749653816223145,0.023245081988657747,0.023696300127021414,0.022845172949559338
32,0.23066405951976776,5.204464912414551,0.023203125223517418,6.6133646965026855,0.02231687731083542,0.022907866340705303,0.02206147475484785
33,0.24425780773162842,5.099421501159668,0.025703124701976776,6.547663688659668,0.023979427281212464,0.02532971834200686,0.024149115439358878
34,0.25398436188697815,4.992187976837158,0.025937499478459358,6.487818717956543,0.025301076441897274,0.025605436666044333,0.02482277702117862
35,0.2662890553474426,4.892645359039307,0.02773437462747097,6.435699939727783,0.02695650107290043,0.027481443460628342,0.026629008777803727
36,0.2749609351158142,4.793866157531738,0.027812499552965164,6.376701831817627,0.027058561596908066,0.027590512973491875,0.026728289854589825
37,0.2893750071525574,4.688937664031982,0.02812499925494194,6.3277974128723145,0.026915338639188977,0.027889613503989642,0.02690954825517671
38,0.2998632788658142,4.599145889282227,0.03007812425494194,6.281675338745117,0.02928082133342251,0.029694534388322993,0.02891807935263912
39,0.30943357944488525,4.504542350769043,0.03257812559604645,6.2331953048706055,0.03089445839572451,0.0322403704576312,0.03110525959257497
40,0.3210156261920929,4.424159526824951,0.03343750163912773,6.189414024353027,0.03281421549581843,0.03316083135911539,0.03243378590382238
41,0.33130860328674316,4.333809852600098,0.03375000134110451,6.13938045501709,0.03288560985527045,0.033410387271553474,0.032575568909652894
42,0.3421874940395355,4.2470903396606445,0.03593749925494194,6.104745864868164,0.034601473633817666,0.0355519922054919,0.034586155579404795
43,0.35566407442092896,4.156494617462158,0.03656249865889549,6.063839912414551,0.03509542040801259,0.03614816879610544,0.03503581980127645
44,0.3667578101158142,4.079279899597168,0.03804687410593033,6.032671928405762,0.036640046345745705,0.03767211503123245,0.03661014647206766
45,0.3752148449420929,3.999453067779541,0.04085937514901161,5.995901584625244,0.04017019240032784,0.04052972294211374,0.03984788894747696
46,0.3893750011920929,3.9229564666748047,0.03960937634110451,5.968052864074707,0.039076317873800774,0.03932695605361402,0.03865568833765175
47,0.3993554711341858,3.8393263816833496,0.04109375178813934,5.929715156555176,0.03988819180264827,0.0406287726486323,0.03971972220203527
48,0.40525391697883606,3.7838141918182373,0.04312499985098839,5.8960700035095215,0.04233051770017221,0.04273738888837729,0.04198986332633254
49,0.41832029819488525,3.7032227516174316,0.04335937649011612,5.873439788818359,0.04315400317588028,0.04308248045840475,0.04256054322046727
50,0.4283984303474426,3.641603946685791,0.043671876192092896,5.839487075805664,0.04315903063900378,0.04339676079269171,0.04272839206403163
51,0.43525391817092896,3.5723845958709717,0.04453124850988388,5.814099311828613,0.04420581513242723,0.04424173980183181,0.0436449509306151
52,0.4439648389816284,3.507967233657837,0.04507812485098839,5.792367935180664,0.04413643790487122,0.044769029431614565,0.043887894299686384
53,0.4518359303474426,3.460909843444824,0.046875,5.772679328918457,0.04638509451664063,0.046657510730602134,0.04593124122370419
54,0.46460938453674316,3.3914453983306885,0.048359375447034836,5.742213726043701,0.047485368797826305,0.04795710526590201,0.04721389772502757
55,0.47431641817092896,3.3317391872406006,0.04867187514901161,5.720144748687744,0.04849905035542773,0.048386553281437275,0.04785317709539276
56,0.48441407084465027,3.2654571533203125,0.04921875149011612,5.709433555603027,0.0489861721138976,0.04897889221275746,0.048436584197772234
57,0.49324217438697815,3.2135350704193115,0.051874998956918716,5.68232536315918,0.051539363437826016,0.05158064755439165,0.05096794137895755
58,0.5049218535423279,3.1493523120880127,0.052734375,5.6558451652526855,0.05218085904439474,0.05249517351132736,0.051752330856497906
59,0.5095508098602295,3.104140043258667,0.05335937440395355,5.638641357421875,0.052725276771913986,0.053092663144489585,0.052399821567310476
60,0.5187304615974426,3.0573151111602783,0.05406250059604645,5.623164176940918,0.05422917124725482,0.05395930859450179,0.05351838800096091
61,0.5286328196525574,3.0051443576812744,0.05484374985098839,5.607748985290527,0.05451283755680648,0.054655619867359194,0.05398584541808281
62,0.5360546708106995,2.949892282485962,0.05742187425494194,5.5893049240112305,0.05679228880623396,0.057203106467896156,0.056364852079905874
63,0.5466015338897705,2.8920319080352783,0.056953124701976776,5.571699142456055,0.056456531806897796,0.05658922898690993,0.05587974108312678
64,0.5549609661102295,2.8588180541992188,0.05937499925494194,5.561858654022217,0.05915412096664483,0.05902907960373249,0.05827942334956615
65,0.5606445074081421,2.822185754776001,0.05898437649011612,5.54507303237915,0.0589920679842263,0.05875297284590638,0.05823874828325405
66,0.5665038824081421,2.7683990001678467,0.057500001043081284,5.522868633270264,0.057152965098395736,0.05718610363381983,0.056561712771002234
67,0.5764453411102295,2.7271087169647217,0.060859374701976776,5.5045905113220215,0.060757534006882954,0.06047206363754865,0.060071772032455825
68,0.5817968845367432,2.6778790950775146,0.061796873807907104,5.494450569152832,0.061427281414044216,0.061464420978042285,0.060833368830944756
69,0.5861914157867432,2.6464383602142334,0.06296875327825546,5.479384899139404,0.06237030719048811,0.06255094380781118,0.061756608454909115
70,0.5900195240974426,2.622042179107666,0.06304687261581421,5.456189155578613,0.06244824047674701,0.0627367307760569,0.0619483126986342
71,0.5971875190734863,2.590378761291504,0.06499999761581421,5.447595596313477,0.0645843275923609,0.06474961080461845,0.06398165123239938
72,0.6077539324760437,2.5418038368225098,0.06523437798023224,5.438170909881592,0.06418148145984642,0.06472093126730208,0.06383376297023846
73,0.6131445169448853,2.501925468444824,0.06804687529802322,5.427013397216797,0.06763019585629844,0.06773872359671519,0.06695860499384462
74,0.6168554425239563,2.4830501079559326,0.06406249850988388,5.408838272094727,0.06275205036118514,0.06368232161662588,0.0625000565376135
75,0.6264062523841858,2.437204122543335,0.06476562470197678,5.396440029144287,0.06369840734057303,0.06445429817350545,0.06351305384136938
76,0.6326757669448853,2.4007949829101562,0.0671093761920929,5.3815107345581055,0.06625144464841992,0.06665737556128859,0.06579382845817962
77,0.6406835913658142,2.3623664379119873,0.06890624761581421,5.378742694854736,0.06829829650873645,0.06851516335813057,0.06763947176521626
78,0.6429882645606995,2.338698387145996,0.07140625268220901,5.3618693351745605,0.07044234499694493,0.07109856986274249,0.07003253177288776
79,0.6486132740974426,2.3110175132751465,0.07124999910593033,5.354661464691162,0.07087241063653162,0.07102850134006009,0.0703612882574821
80,0.6559765338897705,2.2854113578796387,0.0735156238079071,5.3407697677612305,0.07314464619287818,0.07327690818085808,0.07246631916077642
81,0.65625,2.2664427757263184,0.07374999672174454,5.338064193725586,0.07339736809108843,0.07351692524003883,0.07281482281810228
82,0.6638085842132568,2.2282538414001465,0.07414062321186066,5.319500923156738,0.07348794341947995,0.07388958275889272,0.07301610904339442
83,0.6660742163658142,2.209488868713379,0.07664062827825546,5.304508209228516,0.07622490658645534,0.07661718972464442,0.07567907089028815
84,0.6712304949760437,2.179192304611206,0.07390625029802322,5.293867111206055,0.07300361910471327,0.07379742671691966,0.07275498636227824
85,0.6749804615974426,2.162806510925293,0.07695312798023224,5.286738395690918,0.07624476737367787,0.07675298132867231,0.07585655864991042
86,0.6817773580551147,2.133378028869629,0.07804687321186066,5.273532867431641,0.07753665175704438,0.07791239976439242,0.07695726401216105
87,0.6871874928474426,2.1140005588531494,0.07820312678813934,5.262289047241211,0.07768383224271708,0.07789925038824776,0.07698937436322026
88,0.6901953220367432,2.086369514465332,0.07851562649011612,5.256100654602051,0.07797359026326013,0.07839479119830983,0.0774597084233618
89,0.6943359375,2.0654730796813965,0.08031249791383743,5.253744602203369,0.08037542188169891,0.08002326761692385,0.07942497823128025
90,0.7000585794448853,2.037351131439209,0.08406250178813934,5.231077194213867,0.08405547049443902,0.08373624875033266,0.08305836347026352
91,0.7055273652076721,2.013615608215332,0.0813281238079071,5.239418983459473,0.08071293217386871,0.0810692226213429,0.08010708656366639
92,0.7070508003234863,2.0056991577148438,0.08320312201976776,5.2348408699035645,0.08278363611924591,0.08284228112555597,0.08201505742177238
93,0.7079882621765137,1.9911706447601318,0.0827343761920929,5.220624923706055,0.08268236687466426,0.08240154343018011,0.08178351115214376
94,0.7161523699760437,1.96051025390625,0.0832812488079071,5.225080490112305,0.08303314655974947,0.08306898936349037,0.08216069981724886
95,0.7172265648841858,1.9526728391647339,0.0852343738079071,5.201909065246582,0.08513097120983891,0.08483857183293741,0.08396384635613423
96,0.7191210985183716,1.9328696727752686,0.08335937559604645,5.206442356109619,0.08282471600937913,0.08294965310008698,0.08200257413163511
97,0.7196875214576721,1.9178192615509033,0.08539062738418579,5.1996684074401855,0.08575974826925076,0.08515348951348314,0.08464329405639003
98,0.7223241925239563,1.9107890129089355,0.08500000089406967,5.203334331512451,0.08546546900877286,0.0847529966100335,0.08432318227454531
99,0.7320507764816284,1.8724170923233032,0.0891406238079071,5.175603866577148,0.08870998283773743,0.0888746767023807,0.08777434145109647
100,0.7334570288658142,1.8612072467803955,0.08820312470197678,5.172872543334961,0.08835729921697118,0.08801481427059213,0.08736210144817724
101,0.7372460961341858,1.8468823432922363,0.0905468761920929,5.151275157928467,0.09005190265537258,0.09020559599759664,0.08919784813513125
102,0.7394726276397705,1.8329193592071533,0.08874999731779099,5.158841133117676,0.08833614342627472,0.08843123021549837,0.08754394977080565
103,0.74072265625,1.8252023458480835,0.09117187559604645,5.151883125305176,0.09129459029495648,0.09083388373499413,0.0903057673243281
104,0.744824230670929,1.8024389743804932,0.09125000238418579,5.132514476776123,0.09152716148575712,0.0911052565035388,0.09045266910739196
105,0.7458202838897705,1.7918881177902222,0.09320312738418579,5.122830390930176,0.09340076673754547,0.09303402087057269,0.09221765156896732
106,0.7506054639816284,1.7799172401428223,0.09117187559604645,5.1341471672058105,0.09069259317035958,0.09099128989336197,0.08997465557174723
107,0.7529492378234863,1.7611236572265625,0.09453125298023224,5.120049476623535,0.09464278447172739,0.0944583107789431,0.0936386867309031
108,0.7541210651397705,1.7516124248504639,0.09117187559604645,5.119039535522461,0.09050651907640603,0.0909063316011757,0.08981528271971467
109,0.7555078268051147,1.7385740280151367,0.09234374761581421,5.106164932250977,0.0913259202830322,0.09207676141960747,0.09071071257640828
110,0.7589257955551147,1.7249934673309326,0.09265624731779099,5.102331161499023,0.09185000383946715,0.09221628643383088,0.09125603765490689
111,0.7616015672683716,1.7143406867980957,0.09749999642372131,5.0737504959106445,0.09774384701802846,0.09723401366936874,0.09649592988110606
112,0.7633984088897705,1.701928973197937,0.09648437798023224,5.088685512542725,0.09603121721982469,0.09622251431178583,0.09527395581160947
113,0.7641015648841858,1.6959034204483032,0.09609375149011612,5.083742618560791,0.09517933612583704,0.09591418616093267,0.09455637307410866
114,0.767871081829071,1.677463412284851,0.10046874731779099,5.071742534637451,0.10016844796606911,0.10048514059978306,0.09940819307370041
115,0.7724023461341858,1.6606696844100952,0.10078124701976776,5.069292068481445,0.10030426254944011,0.10050088842679034,0.09944826468642981
116,0.7725976705551147,1.6572550535202026,0.10195312649011612,5.057211399078369,0.10223895665980046,0.10163508616391036,0.10083530045204937
117,0.7731640338897705,1.6460506916046143,0.10374999791383743,5.044923782348633,0.10398287963913797,0.10360784700633681,0.1028695715034606
118,0.775683581829071,1.6404269933700562,0.10367187857627869,5.0520920753479,0.10421947693639932,0.10339994973266395,0.10259059183605819
119,0.7787890434265137,1.6264170408248901,0.1047656238079071,5.0378618240356445,0.10497050199492534,0.10441490532520253,0.10369041370004584
120,0.7772851586341858,1.6246894598007202,0.10164062678813934,5.040667533874512,0.10177997246938814,0.10135672223415723,0.10050593989765143
121,0.7835351824760437,1.6053215265274048,0.10335937142372131,5.03958797454834,0.10387350276723384,0.1031532365739352,0.10253003695127555
122,0.7812109589576721,1.5988842248916626,0.10320312529802322,5.0261549949646,0.10282051294728771,0.10270250094584807,0.10174679688261497
123,0.7837109565734863,1.5958253145217896,0.10046874731779099,5.023001670837402,0.10017931015114769,0.10026693334457093,0.09917195332588932
124,0.78955078125,1.5715311765670776,0.10757812857627869,5.003756523132324,0.1078872998099984,0.10719017142588051,0.10652574510913686
125,0.7892968654632568,1.5757689476013184,0.10445312410593033,5.001123428344727,0.10460682542701613,0.10409551519551892,0.1033031685491006
126,0.7893945574760437,1.5658624172210693,0.10609374940395355,4.995103359222412,0.10676285192618062,0.1058344754142517,0.1051293637657852
127,0.7893359661102295,1.5618705749511719,0.10585937649011612,4.994754791259766,0.10601150136627838,0.105656634283968,0.10470017042897671
128,0.7931054830551147,1.545730471611023,0.1022656261920929,5.011504173278809,0.10225908367364737,0.10193927979976428,0.10101641710913951
129,0.7918750047683716,1.548988699913025,0.10773437470197678,4.991684436798096,0.1085283814519476,0.10763842168943062,0.10704347136941911
130,0.7929297089576721,1.536798357963562,0.10539062321186066,4.977146148681641,0.10637985390165396,0.10512228858918782,0.10465447704205019
131,0.7972851395606995,1.5195103883743286,0.11085937172174454,4.975435256958008,0.11106846040855037,0.11044667277390868,0.10966897835982922
132,0.7965624928474426,1.5215506553649902,0.10773437470197678,4.955601692199707,0.10809246839010211,0.10762117236647648,0.10682271066816132
133,0.7986133098602295,1.5095628499984741,0.11460937559604645,4.959292411804199,0.11482795912452148,0.11450475046754162,0.11364946016118581
134,0.7988085746765137,1.5062057971954346,0.11140625178813934,4.959239959716797,0.11113617172754695,0.11108834277830962,0.1101113667852683
135,0.801464855670929,1.5018115043640137,0.11312499642372131,4.961244583129883,0.11330769853109676,0.11304549704616873,0.11198061345384691
136,0.804882824420929,1.4877548217773438,0.11093749850988388,4.942180633544922,0.11179439036488323,0.11081006047311785,0.11013527378967387
137,0.8065234422683716,1.4795258045196533,0.11468750238418579,4.9386372566223145,0.11530621847609887,0.11429899412590083,0.11374323216066826
138,0.8067187666893005,1.471751093864441,0.11445312201976776,4.932381629943848,0.1154587159944199,0.11409247254365074,0.11343025594701191
139,0.8066015839576721,1.4723773002624512,0.11640624701976776,4.925790309906006,0.11676640684725771,0.11619919549225899,0.11533294281973443
140,0.8070703148841858,1.4680540561676025,0.11687500029802322,4.9394097328186035,0.11654035077772959,0.11647749298995357,0.11548605465739094
141,0.8090038895606995,1.4601538181304932,0.11734375357627869,4.931207180023193,0.1171256356333652,0.11713421866556499,0.11597568271089516
142,0.8108984231948853,1.450429081916809,0.11367187649011612,4.949270248413086,0.11239198518567847,0.11322511897617671,0.11185533621102339
143,0.8081640601158142,1.4556368589401245,0.11421874910593033,4.929634094238281,0.11433010505580415,0.1140852211041613,0.11324635405628602
144,0.8078515529632568,1.4507155418395996,0.11468750238418579,4.925960540771484,0.11455279366883622,0.11437485383880724,0.11339023004439222
145,0.8116992115974426,1.4388220310211182,0.12062499672174454,4.8973588943481445,0.12081181193435567,0.12027933847323552,0.11936810321230897
146,0.8167577981948853,1.423020601272583,0.11992187798023224,4.907073497772217,0.12017026068136212,0.11955814407828588,0.11868679569815224
147,0.8179492354393005,1.4147143363952637,0.11999999731779099,4.8966145515441895,0.11976555323379517,0.11962677240359303,0.11848954763066638
148,0.8173632621765137,1.4167296886444092,0.11664062738418579,4.889142990112305,0.11687988128896928,0.11624195794949702,0.11537024529385563
149,0.8168163895606995,1.4127960205078125,0.11929687857627869,4.88302755355835,0.11938518807864423,0.11905220435713958,0.11781626927745179
150,0.8188281059265137,1.3999005556106567,0.11781249940395355,4.889132976531982,0.11790462046970558,0.11763701483379506,0.11652694211367638
151,0.8198632597923279,1.402005672454834,0.12007812410593033,4.8943281173706055,0.12083501516037526,0.1197995531192527,0.1189731924939963
152,0.8240039348602295,1.3895896673202515,0.12648437917232513,4.871850490570068,0.12728196305050926,0.12604647048961976,0.12520191529534475
153,0.8211523294448853,1.3942310810089111,0.12664061784744263,4.868832588195801,0.1272170278613376,0.12647489347484,0.1254055462183857
154,0.8206445574760437,1.393600583076477,0.123046875,4.87363862991333,0.12329484512062204,0.1227205695790973,0.12170162805421955
155,0.8193359375,1.398382306098938,0.12976562976837158,4.857839584350586,0.13004483544723383,0.12934420239507372,0.12820857522369658
156,0.8238866925239563,1.3749456405639648,0.12414062768220901,4.855930805206299,0.1238883723430396,0.12377091472940965,0.12237029078444688
157,0.8192187547683716,1.3895519971847534,0.12296874821186066,4.861339569091797,0.12323285287472228,0.12284002314755804,0.12180258204856032
158,0.8205468654632568,1.386875033378601,0.12999999523162842,4.836540699005127,0.12973032802672219,0.1296712550884434,0.12838680177647405
159,0.8262890577316284,1.365709662437439,0.12882812321186066,4.847607612609863,0.1275518010732669,0.12855743265998834,0.12676426290839987
160,0.8304101824760437,1.3537386655807495,0.12507812678813934,4.822894096374512,0.12466057482367561,0.12479369739030273,0.12346570367645257
161,0.8275781273841858,1.3591063022613525,0.12687499821186066,4.853589057922363,0.12715589166868896,0.12652696374741107,0.12565357177007935
162,0.8309375047683716,1.3486970663070679,0.12773437798023224,4.834310531616211,0.12857468215527462,0.12722418288617074,0.12645276464193367
163,0.8313867449760437,1.3450294733047485,0.1262499988079071,4.844448566436768,0.12614344016462994,0.1256045986130024,0.12471749720651797
164,0.8334375023841858,1.336706519126892,0.12867186963558197,4.825170516967773,0.1283744836915294,0.12807636863509944,0.12708523133104574
165,0.8329687714576721,1.3368515968322754,0.13054686784744263,4.843440055847168,0.1312987093346745,0.13018066263796546,0.12931829829984437
166,0.8317577838897705,1.3360148668289185,0.12984375655651093,4.830476760864258,0.13018850469720472,0.1293476885760083,0.12860264302668895
167,0.8317773342132568,1.3344060182571411,0.12992186844348907,4.835043430328369,0.12971540030017673,0.12945917949264132,0.1285904596764689
168,0.8317187428474426,1.3295276165008545,0.12929686903953552,4.824163913726807,0.12970173775363825,0.1289773775582886,0.12798987643717286
169,0.830371081829071,1.3283989429473877,0.12890625,4.806466579437256,0.1304316948721368,0.12854371833674727,0.12792861595893146
170,0.8332421779632568,1.3215724229812622,0.13249999284744263,4.808126926422119,0.1330036905073959,0.13212254878608187,0.1313118825150113
171,0.8334570527076721,1.320184588432312,0.13625000417232513,4.791867256164551,0.1362565405504152,0.1357774997319492,0.1346171472294922
172,0.8320508003234863,1.3234018087387085,0.1303125023841858,4.808291912078857,0.131183844427302,0.13006591869652057,0.12947203493609527
173,0.8356054425239563,1.3094115257263184,0.1346093714237213,4.7997660636901855,0.1348046228877604,0.13438706872751344,0.13331861526670247
174,0.8349804878234863,1.3100810050964355,0.13468749821186066,4.799811363220215,0.13536864082275116,0.1345405402519946,0.13356341799454974
175,0.8361914157867432,1.3039941787719727,0.1315625011920929,4.790740489959717,0.13098414181550877,0.13139028124015806,0.1300910464040727
176,0.8383398652076721,1.3049113750457764,0.13179688155651093,4.784247875213623,0.13142024296710147,0.1313402084563165,0.13020852709809358
177,0.8383984565734863,1.3000787496566772,0.13312500715255737,4.79498815536499,0.13313972951170122,0.13272199351937858,0.13173961902176862
178,0.8417382836341858,1.2882717847824097,0.13523437082767487,4.783255100250244,0.13603698661043195,0.13498407615676636,0.1340671975590633
179,0.8410742282867432,1.2881932258605957,0.13304688036441803,4.786340236663818,0.13383942694975398,0.1328130248480331,0.13225345271948566
180,0.8409960865974426,1.2866871356964111,0.13648436963558197,4.758556365966797,0.13693085516206874,0.13605254461760846,0.13514198734963168
181,0.8466992378234863,1.274003028869629,0.13984374701976776,4.751684188842773,0.14004770440545994,0.1394783002300759,0.13847404006909958
182,0.8405663967132568,1.2852439880371094,0.13703125715255737,4.77606725692749,0.13805241464012735,0.1368170097832383,0.1360535117242876
183,0.8441796898841858,1.2743300199508667,0.1349218785762787,4.777426719665527,0.13564757720408804,0.13439253912117613,0.13362818077966943
184,0.8425390720367432,1.276037335395813,0.14218750596046448,4.7604660987854,0.1423036313931234,0.1415945941955204,0.14069645723218174
185,0.8437695503234863,1.2700979709625244,0.14031249284744263,4.752940654754639,0.1397345223669887,0.13963547808157883,0.13834846489528896
186,0.8455273509025574,1.2678611278533936,0.1418749988079071,4.7468461990356445,0.1420853866709928,0.141215597421651,0.1400467071223861
187,0.8474804759025574,1.2623417377471924,0.13929687440395355,4.737926959991455,0.1397804241964678,0.1389936922903211,0.13808378327995038
188,0.8419726490974426,1.2701033353805542,0.1392187476158142,4.747988700866699,0.13917064465709844,0.1389930114541355,0.13786088825887316
189,0.8429101705551147,1.2702536582946777,0.13914062082767487,4.749723434448242,0.14015778395671624,0.13863107468973518,0.13784390835032617
190,0.8478906154632568,1.2530473470687866,0.13671875,4.734882354736328,0.13770798744769416,0.13611571159857255,0.13541536405553597
191,0.8460937738418579,1.260054349899292,0.1360156238079071,4.737787246704102,0.13713090216805512,0.1358164901994952,0.13511094948229307
192,0.8484570384025574,1.2498433589935303,0.13976562023162842,4.746560573577881,0.1406153576397151,0.13919260576413667,0.13846098086058406
193,0.847363293170929,1.2498968839645386,0.13976562023162842,4.729608535766602,0.1398799138435551,0.13924152819679425,0.13807172595747524
194,0.8503711223602295,1.2443126440048218,0.14023438096046448,4.740457057952881,0.13993693500037999,0.13959657298923028,0.13822084194302706
195,0.8523046970367432,1.238349199295044,0.1438281238079071,4.7264084815979,0.1434263358995551,0.14295769634981542,0.14172332217360695
196,0.8513476848602295,1.243575096130371,0.14453125,4.712226867675781,0.1454140262110608,0.14399458737238954,0.14319379631899581
197,0.8500000238418579,1.2405513525009155,0.1413281261920929,4.737316608428955,0.1412037673094772,0.14088841161206683,0.13975453441934543
198,0.8500586152076721,1.2329413890838623,0.14234374463558197,4.739328384399414,0.143383074606878,0.14197633042603752,0.14121799846632835
199,0.8524609208106995,1.2318018674850464,0.14281250536441803,4.744390487670898,0.14311304856096005,0.14253744813736813,0.14145482518604996
200,0.8535937666893005,1.2303115129470825,0.14343750476837158,4.717141151428223,0.14442238265957047,0.14322524243247106,0.1425468477778154
201,0.8529297113418579,1.2248958349227905,0.14281250536441803,4.718691825866699,0.14356976588852052,0.1425658710926947,0.1415391171863391
202,0.8508398532867432,1.2293487787246704,0.14031249284744263,4.71596097946167,0.13999321598424036,0.140065192684277,0.13863079745746337
203,0.8531445264816284,1.2228320837020874,0.14374999701976776,4.733763217926025,0.14361168086837017,0.14357723573457515,0.14228860728699588
204,0.8552148342132568,1.2142645120620728,0.14039061963558197,4.729953289031982,0.13962646326085915,0.14009897351318112,0.1385408747297293
205,0.8557226657867432,1.2184293270111084,0.14445312321186066,4.708677291870117,0.14389885175775186,0.14401346837113488,0.14271203721237802
206,0.8552343845367432,1.2152111530303955,0.14195312559604645,4.710292816162109,0.14196708477105816,0.1415115633202189,0.1403596638350031
207,0.8545507788658142,1.2127405405044556,0.14851562678813934,4.711435317993164,0.1490252245351294,0.14800470349879014,0.14715307896891344
208,0.8533788919448853,1.217317819595337,0.1463281214237213,4.716573238372803,0.14631325346837742,0.14594543184346143,0.14479196837381286
209,0.8533594012260437,1.2156269550323486,0.14804688096046448,4.692236423492432,0.14827342670173246,0.14761062483613743,0.14646932979186297
210,0.8552148342132568,1.2101575136184692,0.14742188155651093,4.689908027648926,0.14649113793120017,0.14709114222020336,0.14549221454572883
211,0.8557422161102295,1.2061975002288818,0.14562499523162842,4.682333469390869,0.14494737404465902,0.14523170966685567,0.14392810837636405
212,0.8551562428474426,1.210024118423462,0.14812499284744263,4.6915788650512695,0.14740321557546782,0.1473861810900629,0.1461093562587989
213,0.8546679615974426,1.2127299308776855,0.14617186784744263,4.696670055389404,0.14569054874088305,0.14568887620312138,0.14453238037184968
214,0.8542187213897705,1.2107012271881104,0.15343749523162842,4.673427581787109,0.15353101684516848,0.15306898398847454,0.151736386006524
215,0.8573242425918579,1.2050925493240356,0.14749999344348907,4.699516773223877,0.14766842456470997,0.1468621035801711,0.14564381449167302
216,0.8581445217132568,1.1987550258636475,0.14796875417232513,4.700061321258545,0.14778735573258056,0.14741867384079396,0.14598360542209604
217,0.8594335913658142,1.192974328994751,0.1510937511920929,4.665274143218994,0.15185473643007252,0.1507325186802868,0.14979852478890257
218,0.8583202958106995,1.1950562000274658,0.1496874988079071,4.670612335205078,0.1488347824451446,0.14934040713613042,0.14753217270108304
219,0.8570117354393005,1.1939092874526978,0.14710937440395355,4.669246673583984,0.1468517785142423,0.14669516348036482,0.1451856248617528
220,0.8574804663658142,1.1942040920257568,0.15718750655651093,4.6641340255737305,0.15749699820147334,0.15673279550474856,0.1553319070197028
221,0.8607031106948853,1.185566782951355,0.1541406214237213,4.6679582595825195,0.15371915867696834,0.1537704479686202,0.15249021743243213
222,0.8587304949760437,1.1900867223739624,0.15296874940395355,4.665976524353027,0.15231717688702406,0.1524093174382716,0.15103197451664946
223,0.8610937595367432,1.1791146993637085,0.15101562440395355,4.668355941772461,0.1513677446624884,0.1507841165061408,0.1497489061548468
224,0.8629297018051147,1.1799429655075073,0.1516406238079071,4.671241283416748,0.1526624144155435,0.1513431298200238,0.15059867741036226
225,0.8613867163658142,1.180962324142456,0.15125000476837158,4.64027214050293,0.15086771936662513,0.15071664958119557,0.1495687765047693
226,0.8670117259025574,1.1637996435165405,0.15492187440395355,4.644598007202148,0.15553601657400884,0.15465008375282302,0.1535313586975044
227,0.8661133050918579,1.1644593477249146,0.150390625,4.6606340408325195,0.15010048665141668,0.1497042435204813,0.14847542073746167
228,0.8641015887260437,1.1740487813949585,0.15265625715255737,4.650809288024902,0.15313279150435294,0.15219495957012874,0.151141973125858
229,0.8663671612739563,1.162996530532837,0.15195313096046448,4.652641773223877,0.15278260349360318,0.15157761416029766,0.15100997585224712
230,0.861328125,1.1779624223709106,0.1544531285762787,4.655471324920654,0.15579100574790228,0.15406886105781392,0.15332078871580812
231,0.8643945455551147,1.1681843996047974,0.15171875059604645,4.657356262207031,0.15096576938446382,0.15120291970638425,0.14948658118407032
232,0.8677148222923279,1.159579873085022,0.15562500059604645,4.647433280944824,0.15577618378720748,0.15484106069484282,0.15370372179968203
233,0.8653320074081421,1.1606396436691284,0.15382812917232513,4.6465535163879395,0.15385788916305077,0.15322261089796216,0.15221103656797955
234,0.8633984327316284,1.1682685613632202,0.15398436784744263,4.6454758644104,0.15397156164186504,0.15356883866336205,0.15245294533315457
235,0.8669531345367432,1.1553590297698975,0.16007812321186066,4.609603404998779,0.16122861913825948,0.15943706512209777,0.15873705819377862
236,0.8627343773841858,1.1672474145889282,0.15914063155651093,4.651160717010498,0.15921840541449056,0.15848162502110527,0.15733708814269554
237,0.8647265434265137,1.1561193466186523,0.1583593785762787,4.64170503616333,0.1582896549339756,0.15784684466676802,0.1566607236171115
238,0.8644921779632568,1.1655651330947876,0.15523438155651093,4.6555609703063965,0.15521788189638358,0.1546695897746923,0.15346173127325027
239,0.8689062595367432,1.150345802307129,0.16234375536441803,4.621431827545166,0.16229898064365655,0.16204286054395345,0.16065831568983407
240,0.8680859208106995,1.150822639465332,0.15953125059604645,4.641452789306641,0.1591684075708024,0.15896132498098303,0.15746478566391028
241,0.8642773628234863,1.16189706325531,0.1528906226158142,4.675134658813477,0.15264604436235796,0.15231951169414384,0.15096784056175083
242,0.8674414157867432,1.1526432037353516,0.16101562976837158,4.650318145751953,0.1608545065031564,0.16044663627544797,0.15920674485276193
243,0.8667187690734863,1.1526856422424316,0.1603125035762787,4.640283584594727,0.1609042174089375,0.15996295912775152,0.15922810696678852
244,0.8670312762260437,1.1484975814819336,0.15867187082767487,4.642263412475586,0.15847081144452924,0.1582046281072054,0.1569789192446338
245,0.8680078387260437,1.1495044231414795,0.15828125178813934,4.643925666809082,0.15703261075768626,0.15783141441865134,0.15605288834600256
246,0.8661133050918579,1.1453030109405518,0.16015625,4.63144063949585,0.16031933384267028,0.1594616051938917,0.15846201341253302
247,0.8677539229393005,1.1431809663772583,0.16093750298023224,4.619968414306641,0.161158047049955,0.16046755965509507,0.159307357092213
248,0.8673437237739563,1.1503326892852783,0.15929687023162842,4.634011268615723,0.1600686521942405,0.15878715728295872,0.15791137892616364
249,0.8721484541893005,1.1351319551467896,0.15937499701976776,4.641101360321045,0.158827569354255,0.1587665496988965,0.15727240787945354
250,0.8709570169448853,1.137038230895996,0.16398437321186066,4.619035720825195,0.165136952722456,0.1636825721142623,0.16279821438852296
251,0.8670117259025574,1.1488332748413086,0.16249999403953552,4.634394645690918,0.16331834075998486,0.16204653006458752,0.16108368046866856
252,0.8722265362739563,1.1319888830184937,0.1674218773841858,4.613358974456787,0.16779986617753517,0.16693913204158461,0.16593262230555125
253,0.8738672137260437,1.1297439336776733,0.16367188096046448,4.619476318359375,0.16407608244252742,0.16285702127149337,0.16174880263943262
254,0.8744531273841858,1.1251716613769531,0.16796875,4.605513095855713,0.16845157191279275,0.16738943082371457,0.16645774154654824
255,0.8712304830551147,1.1273040771484375,0.16320312023162842,4.611593723297119,0.16488666763650145,0.16271795602597428,0.16211920374817385
256,0.8708789348602295,1.1296796798706055,0.16507811844348907,4.621481418609619,0.16526396914137775,0.16463424710688432,0.1634515039438456
257,0.8744921684265137,1.1218199729919434,0.166015625,4.601217269897461,0.16645003460025315,0.1653357441787864,0.16425869346424937
258,0.873242199420929,1.1246510744094849,0.1640625,4.605090141296387,0.16439048644905657,0.16329129953515817,0.1623255565668994
259,0.8735547065734863,1.1275962591171265,0.16507811844348907,4.6067118644714355,0.1663884346818727,0.1646548788563925,0.16396672635506762
260,0.8717187643051147,1.1332396268844604,0.16148437559604645,4.622201442718506,0.16263499386859664,0.1609383768701459,0.16027727386449842
261,0.8711523413658142,1.1306066513061523,0.16234375536441803,4.606875419616699,0.16402817708093487,0.16171500643675307,0.16113674428623898
262,0.869921863079071,1.1331545114517212,0.1615625023841858,4.615622043609619,0.16147212925679377,0.16096494962536623,0.15956365419234975
263,0.8729101419448853,1.129875659942627,0.16625000536441803,4.600523471832275,0.16587334268166187,0.16530918747601392,0.16409939278427288
264,0.8708202838897705,1.1287139654159546,0.16304688155651093,4.597259521484375,0.1629501765751483,0.16233068432301162,0.1612556692689896
265,0.8736913800239563,1.1217061281204224,0.16484375298023224,4.584617614746094,0.16552671071556707,0.1642675742348164,0.163438979624835
266,0.8747265338897705,1.1147189140319824,0.16445311903953552,4.622923374176025,0.16632116032758923,0.1641508809502279,0.16359365455056635
267,0.8761327862739563,1.1150877475738525,0.1639062464237213,4.5938944816589355,0.16405837473584778,0.16322398993336174,0.16212045018393867
268,0.8743554949760437,1.1186916828155518,0.16523437201976776,4.603381156921387,0.16541586834603722,0.16492859277426003,0.1635994821755507
269,0.8718945384025574,1.125247836112976,0.16687500476837158,4.603931903839111,0.1675998107388395,0.1663071250415169,0.165414848477055
270,0.8737109303474426,1.120232343673706,0.16445311903953552,4.594498157501221,0.1661315383944749,0.16414497851608525,0.16356004684328945
271,0.8736327886581421,1.1179448366165161,0.16695313155651093,4.598996639251709,0.16772782053963423,0.16656411270173277,0.16559557196042377
272,0.8754492402076721,1.1134703159332275,0.16492187976837158,4.577059745788574,0.16484967476606224,0.16444195257572364,0.16314021166557596
273,0.8741601705551147,1.1171733140945435,0.16273437440395355,4.609775543212891,0.16298987724019512,0.1622707391410316,0.16121734351143396
274,0.8755273222923279,1.113906979560852,0.1686718761920929,4.582986831665039,0.17000017022122688,0.1684796780385128,0.16782266296543025
275,0.8753906488418579,1.1145962476730347,0.16757813096046448,4.593520164489746,0.16848499055042984,0.16715408953744312,0.1663134800434951
276,0.8780859112739563,1.1101551055908203,0.16765624284744263,4.578256607055664,0.16891270127543057,0.16717724542509582,0.16647617058017508
277,0.8762890696525574,1.1096035242080688,0.16929687559604645,4.563993453979492,0.1703957094007838,0.16900190168689466,0.1681095828964099
278,0.8758007884025574,1.1046456098556519,0.16718749701976776,4.584270477294922,0.16867655704717338,0.16691902152374954,0.1661959447510034
279,0.8747656345367432,1.1148865222930908,0.17109374701976776,4.586564540863037,0.17161709512780532,0.17090245452267283,0.1697013123788571
280,0.8783789277076721,1.1025340557098389,0.1725781261920929,4.5977582931518555,0.1722290551714526,0.17209509271790013,0.17067846972412148
281,0.8780078291893005,1.1056700944900513,0.1667187511920929,4.613325595855713,0.16635447182972207,0.16603509006637196,0.1648207947215496
282,0.8766796588897705,1.1045920848846436,0.16625000536441803,4.622514247894287,0.166474364082609,0.16539397020711255,0.16460257234708506
283,0.8777539134025574,1.102419376373291,0.16562500596046448,4.592827320098877,0.16662861289146375,0.16502136672339968,0.1643129060829483
284,0.8788281083106995,1.1006965637207031,0.1665624976158142,4.6181159019470215,0.16735135183392685,0.1661070748981603,0.165157398847423
285,0.8811132907867432,1.094261646270752,0.1706250011920929,4.583750247955322,0.17062875444019465,0.16971878963158965,0.16848415060687263
286,0.8768749833106995,1.105156660079956,0.17039062082767487,4.589716911315918,0.17094395059012546,0.16983554656480132,0.16871312288058665
287,0.8755078315734863,1.1082035303115845,0.17546874284744263,4.571664333343506,0.17572568917508857,0.17503810564020333,0.1737042666546954
288,0.8794335722923279,1.0990175008773804,0.17039062082767487,4.574443817138672,0.17089069763557163,0.1701497205900136,0.16893810268212078
289,0.8797851800918579,1.0958102941513062,0.16765624284744263,4.592487812042236,0.1676842262077819,0.1671562326142599,0.16599782429268511
290,0.8789452910423279,1.0944323539733887,0.17265625298023224,4.598388671875,0.17362851152758446,0.17165242677479214,0.17087047999013485
291,0.8797656297683716,1.091881513595581,0.1706250011920929,4.602053642272949,0.1715475085207055,0.16981036208966876,0.16915061944872445
292,0.8797070384025574,1.0917545557022095,0.1724218726158142,4.58232307434082,0.17302308353435233,0.1717581413560732,0.17093051080631821
293,0.8809179663658142,1.0913549661636353,0.1752343773841858,4.563179016113281,0.17636612656060915,0.1745543015695572,0.17377924406454678
294,0.8812109231948853,1.0891125202178955,0.17304687201976776,4.567114353179932,0.1735878211692566,0.1722849686655251,0.1712516252089873
295,0.8825976848602295,1.0879780054092407,0.16984374821186066,4.593229293823242,0.16995452659878854,0.16943844512319808,0.16803404158420598
296,0.8816211223602295,1.089829444885254,0.17539063096046448,4.580145835876465,0.17679963104884713,0.17489161121167568,0.17398000175076053
297,0.8803320527076721,1.0867705345153809,0.17601563036441803,4.554247856140137,0.17642377321212482,0.17538355113209497,0.17406935297356912
298,0.8800195455551147,1.0887662172317505,0.1736718714237213,4.558223724365234,0.17315445776038524,0.1729363177759118,0.17124733114068832
299,0.8801171779632568,1.0901775360107422,0.17499999701976776,4.5624895095825195,0.17488162394198503,0.1743222832586317,0.17302302987738458
300,0.8814452886581421,1.0872095823287964,0.17499999701976776,4.557824611663818,0.17535920393849408,0.17434199046422116,0.17308087015574297
301,0.8802343606948853,1.0891605615615845,0.17937499284744263,4.577987194061279,0.1804522110344715,0.17883703520841548,0.17786063447554123
302,0.8817187547683716,1.0803897380828857,0.17414063215255737,4.5703911781311035,0.1748304157736556,0.17357228302322153,0.17280972944750933
303,0.8820898532867432,1.0857852697372437,0.17546874284744263,4.556776523590088,0.17641054848438947,0.17509699592654362,0.174348058747541
304,0.8805078268051147,1.0828548669815063,0.17101562023162842,4.5687665939331055,0.1715635357520116,0.17037671050021602,0.1694085591752975
305,0.8856835961341858,1.0722308158874512,0.1770312488079071,4.560312271118164,0.17766770124899744,0.1768003059486037,0.1756291444829368
306,0.8826953172683716,1.0842355489730835,0.1739843785762787,4.565464973449707,0.1746360960355094,0.17338797085910923,0.1724852040453768
307,0.8830468654632568,1.0791120529174805,0.17609375715255737,4.564777851104736,0.17621372336644853,0.17545007591994366,0.17437625556611538
308,0.8823437690734863,1.0785949230194092,0.1756249964237213,4.5444440841674805,0.17559099961851876,0.17519281805675957,0.17365744893859325
309,0.8840429782867432,1.077674150466919,0.17390625178813934,4.551721572875977,0.17382118212384334,0.1733585599787736,0.17218478718756924
310,0.8833593726158142,1.0778660774230957,0.1732812523841858,4.571676254272461,0.17294771517040183,0.1728673878395608,0.17146051863404713
311,0.8796679973602295,1.0857161283493042,0.17554686963558197,4.561071872711182,0.17604571308183647,0.17492613490972547,0.17406197544275112
312,0.8852148652076721,1.0699766874313354,0.1743749976158142,4.567991256713867,0.17463523743747145,0.17373534839010166,0.17276540003625757
313,0.8823632597923279,1.0802407264709473,0.17164061963558197,4.580610275268555,0.17222515066748686,0.17105828385599714,0.16991371403195066
314,0.8829882740974426,1.080031394958496,0.17093749344348907,4.5824174880981445,0.17094623656135755,0.17019130225641088,0.16906286951988214
315,0.8790234327316284,1.086367130279541,0.17468750476837158,4.565021514892578,0.17554064872847805,0.17415822671823872,0.17348789026432102
316,0.8842383027076721,1.0736491680145264,0.17515625059604645,4.547205924987793,0.17596637167377935,0.17452109702833757,0.17376332020536514
317,0.8855273723602295,1.0651363134384155,0.1736718714237213,4.54580545425415,0.17374215885206507,0.17316759862437203,0.17207050571227223
318,0.8839452862739563,1.0729681253433228,0.1739843785762787,4.552204608917236,0.17409952880747814,0.1732675788757062,0.172126096604453
319,0.8867773413658142,1.0678143501281738,0.17421874403953552,4.5533647537231445,0.17397210151296608,0.1735803602008636,0.17226598829468392
320,0.8847265839576721,1.067077875137329,0.1798437535762787,4.547642707824707,0.18055019577809375,0.17919068545502337,0.1780701109516703
321,0.8827539086341858,1.0707900524139404,0.18195313215255737,4.547167778015137,0.1822759549155247,0.1813445451255063,0.18028733224657895
322,0.8819726705551147,1.0752475261688232,0.18507812917232513,4.531804084777832,0.18508597644343283,0.1844466085982696,0.18296051857745346
323,0.8871679902076721,1.062150239944458,0.1875,4.527316570281982,0.18737802468792114,0.18697178900089928,0.18535754258054607
324,0.8860156536102295,1.0650455951690674,0.1830468773841858,4.517387866973877,0.18399293283642326,0.18241827625136398,0.1813008995376134
325,0.8849999904632568,1.0665409564971924,0.1817968785762787,4.540665626525879,0.18252059948240446,0.1813342998435128,0.18026810272745003
326,0.8861914277076721,1.065084457397461,0.1823437511920929,4.526595592498779,0.18398188526441478,0.18164394912831244,0.18093276133309974
327,0.8876367211341858,1.0570132732391357,0.18953125178813934,4.527204513549805,0.19147299888357389,0.18898868452158527,0.18857349609794838
328,0.8826953172683716,1.0705056190490723,0.18132811784744263,4.550567150115967,0.1823207465907068,0.18077122466745665,0.17984273133938664
329,0.8845312595367432,1.0731691122055054,0.17929688096046448,4.547084808349609,0.1803571729157641,0.17866614102913558,0.17795162887688298
330,0.8858398199081421,1.064265251159668,0.18210937082767487,4.541506290435791,0.1830579633260584,0.1815269788915467,0.18074367639067848
331,0.8858789205551147,1.0635780096054077,0.18320313096046448,4.542560577392578,0.18481504081443534,0.18268403369983746,0.1818659532287272
332,0.8884179592132568,1.0585798025131226,0.1802343726158142,4.533322811126709,0.18131081018781148,0.1798289572413561,0.17889541849914897
333,0.8876953125,1.0570297241210938,0.17921875417232513,4.536754131317139,0.17881620589232938,0.178736107216865,0.17703476954760633
334,0.888476550579071,1.055816650390625,0.17812499403953552,4.544222831726074,0.17894653384842651,0.17779122537146086,0.17679226498800427
335,0.8848242163658142,1.0659592151641846,0.185546875,4.550528526306152,0.18616664211138562,0.1854638969103868,0.18426320861366008
336,0.8853124976158142,1.0588009357452393,0.1842968761920929,4.532642364501953,0.18482250870865563,0.18395916401177964,0.1827402625563365
337,0.8855664134025574,1.0591533184051514,0.17929688096046448,4.536588191986084,0.1796564017790611,0.17865323377700454,0.177809527148579
338,0.8841601610183716,1.0685609579086304,0.17937499284744263,4.526809215545654,0.17957475700643827,0.17890982057808694,0.17764200387677193
339,0.8845898509025574,1.0603257417678833,0.18710938096046448,4.536190032958984,0.18782644927206493,0.18645674506818694,0.18558876553758863
340,0.8883984088897705,1.0597268342971802,0.17992188036441803,4.562656879425049,0.18123370651956044,0.1794055379054172,0.17879515700864151
341,0.8877734541893005,1.0553536415100098,0.18460936844348907,4.535036087036133,0.18644688946123972,0.18432736350969087,0.18385959656459433
342,0.8882421851158142,1.0509393215179443,0.18242187798023224,4.538729667663574,0.18261811704816852,0.18193685396786802,0.18059535303525232
343,0.888378918170929,1.0558416843414307,0.17921875417232513,4.565622806549072,0.18008401693574236,0.1784160289086545,0.17760466613521497
344,0.8870508074760437,1.0596517324447632,0.17874999344348907,4.549639701843262,0.1804995828956778,0.17789015293996996,0.17774363332864535
345,0.8858984112739563,1.0609500408172607,0.18187500536441803,4.542059421539307,0.18259438237275305,0.18135443649945457,0.1801766231807644
346,0.8896093964576721,1.0490021705627441,0.18562500178813934,4.538578033447266,0.18633659593725055,0.18522783182732444,0.18419062025251298
347,0.8896484375,1.0489461421966553,0.1823437511920929,4.547806262969971,0.18309810840484544,0.1818095806969921,0.18069203884493706
348,0.8910156488418579,1.0447334051132202,0.18515625596046448,4.538863658905029,0.1850574994990407,0.18434272782261335,0.18307095372246324
349,0.8890820145606995,1.0475292205810547,0.1817968785762787,4.550967216491699,0.18276718621948607,0.18132280893233244,0.1802808426338513
350,0.890820324420929,1.045650601387024,0.18210937082767487,4.543359279632568,0.18289886708967884,0.181806045565122,0.180586754521381
351,0.8900976777076721,1.0455067157745361,0.18367187678813934,4.540341854095459,0.18438930798354958,0.1835468300569985,0.18258331181257167
352,0.8904687762260437,1.04573655128479,0.18101562559604645,4.528537750244141,0.18120499899151993,0.18041185572085994,0.17954186177532822
353,0.8923242092132568,1.0429147481918335,0.17992188036441803,4.522667407989502,0.18084221649915078,0.17938732847561992,0.17854871663387253
354,0.8912500143051147,1.0436506271362305,0.18437500298023224,4.533779144287109,0.18445848930701525,0.18392497552164416,0.18264722394577595
355,0.8885742425918579,1.0507745742797852,0.18757812678813934,4.535236358642578,0.18871527043709413,0.1868924852186158,0.1863118314874639
356,0.8899219036102295,1.0468536615371704,0.18062500655651093,4.5381293296813965,0.18107806384562955,0.1804114670774723,0.17935743937944088
357,0.8887500166893005,1.048282504081726,0.18171875178813934,4.5443220138549805,0.18284087716396558,0.1812660845750948,0.18029347417531266
358,0.8902343511581421,1.0457245111465454,0.18265624344348907,4.520452976226807,0.18308852447423268,0.1824037902507921,0.1812209922638453
359,0.8921484351158142,1.0420680046081543,0.18445312976837158,4.523581504821777,0.18537668354751008,0.18404470863341477,0.18333041860076243
360,0.889843761920929,1.0500484704971313,0.1850000023841858,4.523371696472168,0.18628027549003393,0.1846477994353216,0.18393586101987092
361,0.891796886920929,1.0415198802947998,0.18328124284744263,4.5388336181640625,0.18500315965862751,0.18289494704303363,0.182081691822913
362,0.8916211128234863,1.0406270027160645,0.18546874821186066,4.525231838226318,0.18571349806674475,0.18507538334901952,0.18384702449476747
363,0.8908007740974426,1.0432121753692627,0.18367187678813934,4.533364772796631,0.18549266399894673,0.1832656958564183,0.18273187614337744
364,0.8896679878234863,1.0445154905319214,0.1869531273841858,4.530274868011475,0.1880464218284999,0.18631436633057802,0.18531281466786853
365,0.8893359303474426,1.046552062034607,0.18226562440395355,4.551397800445557,0.18383621495662983,0.18189483105926996,0.18122296644280292
366,0.8919336199760437,1.0431329011917114,0.18242187798023224,4.5356526374816895,0.18339690395252695,0.18199285392469813,0.18109618414332948
367,0.8921093940734863,1.0359487533569336,0.18648438155651093,4.537894248962402,0.18789661599955024,0.18589339415825254,0.18536749857873655
368,0.8882421851158142,1.044897198677063,0.18335936963558197,4.525063991546631,0.18427096329160075,0.18267444547095774,0.18192238961624163
369,0.8934375047683716,1.0306504964828491,0.18703125417232513,4.516600131988525,0.1872337441507293,0.18656472502749627,0.18536920633320664
370,0.8914843797683716,1.0389827489852905,0.18523436784744263,4.521273136138916,0.18608833706799427,0.18476180577150547,0.1838991663373748
371,0.8901562690734863,1.0375863313674927,0.1853906214237213,4.531490802764893,0.18728214956951567,0.18480172445492973,0.18437629429171443
372,0.8926757574081421,1.0326462984085083,0.18265624344348907,4.530182361602783,0.18324990263112745,0.18215710963106135,0.1813571855741204
373,0.8914257884025574,1.0360755920410156,0.18812499940395355,4.524908065795898,0.18891715149747423,0.18794277413706006,0.1868912149860898
374,0.8916211128234863,1.0343353748321533,0.1842968761920929,4.520481109619141,0.18475911831839253,0.18384513601861588,0.1826840392804427
375,0.8957421779632568,1.0244323015213013,0.18351562321186066,4.5497236251831055,0.18464436635085013,0.18303902425896978,0.182091139585881
376,0.8912500143051147,1.0442289113998413,0.18843750655651093,4.525111198425293,0.18938495344001313,0.1878376363589897,0.18650141348795019
377,0.892578125,1.0356557369232178,0.18703125417232513,4.527020454406738,0.18709222077997764,0.18656318217779722,0.18528339263232046
378,0.8959375023841858,1.0257407426834106,0.18687500059604645,4.5267133712768555,0.18763328528124665,0.1861460819475202,0.18544291968243948
379,0.8934179544448853,1.0309677124023438,0.18640625476837158,4.519149303436279,0.18738412626196144,0.1859249774184738,0.18508843976107836
380,0.8921874761581421,1.033003568649292,0.18953125178813934,4.52801513671875,0.19040671678937698,0.1888810011726751,0.1881714949352396
381,0.8934375047683716,1.0326595306396484,0.18968750536441803,4.513082027435303,0.18993861339891427,0.1891094919358818,0.18805986385674836
382,0.8928320407867432,1.0294005870819092,0.1880468726158142,4.5206522941589355,0.1880250118227495,0.1875594826743046,0.186236736265013
383,0.8924023509025574,1.0355143547058105,0.18851561844348907,4.517556667327881,0.1879703107735383,0.18793317142268245,0.18615290492753037
384,0.8918163776397705,1.0314154624938965,0.1912499964237213,4.5179033279418945,0.19124438577814507,0.19061557817527625,0.18918133992007627
385,0.8928124904632568,1.0295389890670776,0.19078125059604645,4.522992134094238,0.19206652758053774,0.1903464000663082,0.1891345869698692
386,0.8935546875,1.0279520750045776,0.18671874701976776,4.542232990264893,0.18708036674154926,0.18629501401356652,0.1849839145264554
387,0.8930078148841858,1.0297126770019531,0.19078125059604645,4.515931129455566,0.1913972640994554,0.19030631210739876,0.18952890481476664
388,0.8911328315734863,1.0352073907852173,0.189453125,4.518389701843262,0.18969582769477825,0.18873167645360311,0.1876746702514074
389,0.8908789157867432,1.0388623476028442,0.18812499940395355,4.536867618560791,0.18897454701702773,0.187768558619774,0.18663679136112954
390,0.8943554759025574,1.030617117881775,0.19507811963558197,4.518255233764648,0.19587226754866113,0.19436678725332832,0.1933569748369538
391,0.8949609398841858,1.0240174531936646,0.19226562976837158,4.529809474945068,0.1931890378525,0.1915895598497342,0.19063031120200138
392,0.8929296731948853,1.0305463075637817,0.19054687023162842,4.5237650871276855,0.19239902527281266,0.19009538438286097,0.18951468903271004
393,0.8988867402076721,1.0185662508010864,0.1876562535762787,4.544524192810059,0.18817204592994224,0.18702760096833454,0.18575615591487032
394,0.895703136920929,1.0230919122695923,0.1873437464237213,4.533379077911377,0.18887207057370026,0.18680102171810695,0.1862187641203481
395,0.8966991901397705,1.018581509590149,0.1926562488079071,4.5204596519470215,0.19360660836157584,0.19203295866538478,0.19087925113848553
396,0.8949023485183716,1.0251885652542114,0.19289062917232513,4.542529582977295,0.19321476131660575,0.1919807685839397,0.19085549766797294
397,0.8952929973602295,1.0259621143341064,0.1932031214237213,4.513423919677734,0.19393511628552107,0.19273413654621704,0.1915376002105616
398,0.8964453339576721,1.0200912952423096,0.1907031238079071,4.498863220214844,0.19092213213574186,0.19024218950829258,0.18869536417253563
399,0.8972461223602295,1.0140790939331055,0.18992187082767487,4.5158233642578125,0.19024334962406264,0.1892091499156356,0.18784385271750162
400,0.8956835865974426,1.0243480205535889,0.1935156285762787,4.5078935623168945,0.19487244899292544,0.19299592966954113,0.19205046744311202
401,0.8983398675918579,1.0125861167907715,0.19062499701976776,4.514810085296631,0.19065299560089005,0.1900400996906296,0.18866434997179096
402,0.8968554735183716,1.0187355279922485,0.19203124940395355,4.524420738220215,0.19237801104319302,0.19148952288238263,0.19024824418972916
403,0.8957812786102295,1.0215356349945068,0.19523437321186066,4.524911880493164,0.19445080730934658,0.19438182274154295,0.19292229652108156
404,0.8974804878234863,1.0156464576721191,0.19359375536441803,4.509894371032715,0.1945553085622836,0.1932717991419226,0.19198799857281237
405,0.8943554759025574,1.0235662460327148,0.20148438215255737,4.504644393920898,0.2032134981897967,0.2008586689048319,0.20020089455777357
406,0.8935742378234863,1.0236738920211792,0.19367188215255737,4.5102033615112305,0.1961332091747732,0.1933365871192594,0.19318863685973187
407,0.8949413895606995,1.030632734298706,0.19554688036441803,4.514637470245361,0.19568089325051355,0.19463112031528257,0.1934188968362069
408,0.8959375023841858,1.0170613527297974,0.18953125178813934,4.521927833557129,0.18912340297336203,0.18902554235185753,0.18769122153868079
409,0.8971093893051147,1.0153439044952393,0.19273437559604645,4.526078224182129,0.1925489954076071,0.19204171690869587,0.19045470505764892
410,0.8924219012260437,1.0274131298065186,0.19109374284744263,4.5584025382995605,0.1907687095692177,0.19054181504880682,0.18919735924704678
411,0.8960546851158142,1.0169246196746826,0.18921874463558197,4.529417037963867,0.18951920656606244,0.18848611025734568,0.18722514910710703
412,0.8991796970367432,1.0118509531021118,0.1889062523841858,4.547290325164795,0.18903462945941946,0.18836606465014094,0.18688947782695847
413,0.8961328268051147,1.014935851097107,0.19218750298023224,4.565744876861572,0.19232196063051177,0.19176084651677947,0.19028308768320149
414,0.8974609375,1.0130795240402222,0.19187499582767487,4.542230606079102,0.19097329380492503,0.19107604201869224,0.18934736439504385
415,0.8961523175239563,1.0171715021133423,0.18757812678813934,4.532566547393799,0.1876067197031926,0.18696506028139998,0.18562922075006782
416,0.8970702886581421,1.0137126445770264,0.1880468726158142,4.548548698425293,0.18865350684068466,0.18750505545162757,0.18648181290349922
417,0.8984179496765137,1.0099480152130127,0.1860937476158142,4.543047904968262,0.18689703026726767,0.18536776885574857,0.18473389046099908
418,0.8934960961341858,1.0265721082687378,0.19031250476837158,4.543605327606201,0.19065579027703453,0.1900067361542123,0.18873565226068484
419,0.8963281512260437,1.0192763805389404,0.19257812201976776,4.542731285095215,0.19209514980708298,0.19203144759049956,0.19059529693174443
420,0.8942187428474426,1.0216457843780518,0.1901562511920929,4.562401294708252,0.19187181192122524,0.18978254049257848,0.18931714747748943
421,0.8951171636581421,1.0209319591522217,0.1921093761920929,4.548966884613037,0.1922469140762016,0.19162973854105073,0.19035369355898785
422,0.8963671922683716,1.0183305740356445,0.193359375,4.5405592918396,0.19447317634110728,0.1930263466207131,0.19211048691524307
423,0.8966015577316284,1.016045331954956,0.19023437798023224,4.5680108070373535,0.19037327521402497,0.18972128887385553,0.1882944702305817
424,0.896289050579071,1.011946439743042,0.19179686903953552,4.522132396697998,0.19299278049161872,0.19132915860994595,0.1905072036079013
425,0.8955273628234863,1.0200443267822266,0.1926562488079071,4.545592784881592,0.19364120693557094,0.19220226756387976,0.19130369795624064
426,0.8971484303474426,1.0163578987121582,0.19218750298023224,4.528947830200195,0.19262151674929764,0.19158916291174471,0.19051585578619903
427,0.9002148509025574,1.0072479248046875,0.18992187082767487,4.5498528480529785,0.1894020163969392,0.18915854900083862,0.1876532505089186
428,0.9022461175918579,0.9958407878875732,0.18914061784744263,4.549077987670898,0.1906572157829048,0.18867467931070142,0.18784919768828673
429,0.8996875286102295,1.008533239364624,0.19101563096046448,4.542455673217773,0.19129847450580229,0.19022268951616408,0.1887618415754188
430,0.8992773294448853,1.0099085569381714,0.19093750417232513,4.535665035247803,0.19199762824858052,0.1902373229701298,0.18920540051188764
431,0.8971874713897705,1.013745903968811,0.1928125023841858,4.553432941436768,0.19290040120343374,0.19212135075702388,0.1909282820954353
432,0.8982617259025574,1.012691617012024,0.189453125,4.539310455322266,0.190142592314989,0.1890019244867499,0.1880517546249445
433,0.8985937237739563,1.0140635967254639,0.18812499940395355,4.5247602462768555,0.18973670119177646,0.18773372943095695,0.1868165003112165
434,0.8983398675918579,1.0118803977966309,0.19093750417232513,4.523401260375977,0.1919234778250445,0.19043230198264005,0.18954993121027539
435,0.8971874713897705,1.0130398273468018,0.18898437917232513,4.536960601806641,0.18925737195043726,0.18853159999738,0.18716654549036346
436,0.8976367115974426,1.0135433673858643,0.19898436963558197,4.520229339599609,0.1992847391428173,0.19834626956546164,0.1971482016099045
437,0.8982031345367432,1.010489821434021,0.19312499463558197,4.525768280029297,0.1944666140903643,0.19256158175900331,0.19185716039811823
438,0.9003320336341858,1.0029345750808716,0.1919531226158142,4.507473945617676,0.19290321070457367,0.19144700231633194,0.19055818793901755
439,0.9007031321525574,1.0022616386413574,0.1947656273841858,4.504895210266113,0.19568868890536514,0.19428180688728797,0.1933254280190726
440,0.8970702886581421,1.013431191444397,0.1953125,4.515501022338867,0.19567820913189055,0.19442072593159515,0.19338868492042927
441,0.9005663990974426,1.0057579278945923,0.18867187201976776,4.517353534698486,0.188698015897306,0.1879496078928758,0.18669327123820378
442,0.8990039229393005,1.003085732460022,0.18789061903953552,4.530637741088867,0.1880034413660308,0.18760365199411289,0.1862445247786807
443,0.8997656106948853,1.0062328577041626,0.19429688155651093,4.520871639251709,0.19526676991799224,0.1936479170689766,0.19274557244880594
444,0.8989648222923279,1.0092254877090454,0.19687500596046448,4.50345516204834,0.1971013573031494,0.1960496764422792,0.1948138812930445
445,0.8970312476158142,1.0109596252441406,0.1940625011920929,4.533060073852539,0.1937253318015019,0.19347461328163618,0.19172445442460923
446,0.8971288800239563,1.0159540176391602,0.1926562488079071,4.501307010650635,0.19253703681474443,0.19226337136144506,0.1909060838068975
447,0.9004492163658142,1.005488634109497,0.19695311784744263,4.509300708770752,0.19721004374454987,0.19651289303403457,0.19498496222420905
448,0.8978906273841858,1.0066766738891602,0.19882813096046448,4.513430595397949,0.19991965167659864,0.19834295322744505,0.19734331704352517
449,0.8999999761581421,1.0035724639892578,0.19640624523162842,4.519505023956299,0.19653473729243592,0.19566700704163342,0.19453047335653934
450,0.8997265696525574,1.0103559494018555,0.19648437201976776,4.513712406158447,0.19779892510567926,0.19592522466702228,0.1951074178966909
451,0.901660144329071,0.9964820146560669,0.1985156238079071,4.523927688598633,0.19864706854460407,0.1977426013561027,0.19649950432128854
452,0.9016992449760437,0.9988662004470825,0.1978124976158142,4.488000869750977,0.19798701717653885,0.19732838474188574,0.1958866428615949
453,0.8990820050239563,1.0016981363296509,0.19718749821186066,4.5032758712768555,0.19757379353271368,0.19634507773470675,0.19545012023178002
454,0.8999804854393005,1.0026532411575317,0.1954687535762787,4.503601551055908,0.19573893361134997,0.19476387014631014,0.19374956350958483
455,0.8996288776397705,1.0021390914916992,0.19898436963558197,4.496692180633545,0.1997090061115635,0.19841686161534694,0.19749328269019226
456,0.9004882574081421,1.004778265953064,0.19679687917232513,4.483194828033447,0.19732194465604483,0.19630508646148526,0.19530942706087498
457,0.8988867402076721,1.008996844291687,0.19968749582767487,4.487356662750244,0.2000239932820851,0.19877382914546077,0.19772355288633756
458,0.9017968773841858,0.9976394176483154,0.1990624964237213,4.484353542327881,0.20007580889704293,0.1984869657641306,0.1976673760629093
459,0.9029687643051147,0.9917094707489014,0.19804687798023224,4.487058162689209,0.19895384512408432,0.19756908613801127,0.1965976802910535
460,0.9025195240974426,0.9964778423309326,0.2006250023841858,4.4804887771606445,0.20173144975108404,0.2000935103035809,0.199154552002915
461,0.9047461152076721,0.9904881119728088,0.1990624964237213,4.48759651184082,0.20006478479803197,0.19857916552823116,0.19744231662813833
462,0.8987890481948853,1.005835771560669,0.20203125476837158,4.500601768493652,0.20203984728362895,0.2016102476332861,0.20007839295324184
463,0.9021875262260437,0.9953455924987793,0.19828124344348907,4.520977973937988,0.19932394573157067,0.19803261198603617,0.19712251449693058
464,0.9025585651397705,0.9966373443603516,0.19421875476837158,4.507104396820068,0.19510597662611057,0.19383197809564343,0.19298974810909747
465,0.9021289348602295,0.9956372976303101,0.19249999523162842,4.521364212036133,0.1923066145954987,0.1921868246638634,0.19079154472982857
466,0.9019726514816284,0.9933360815048218,0.19953125715255737,4.514609336853027,0.20048553811225023,0.19879956273026894,0.19788783415469527
467,0.9030859470367432,0.9963844418525696,0.20039062201976776,4.521839141845703,0.20068588972845017,0.1997792013001433,0.19853439081910662
468,0.9029492139816284,0.9949826002120972,0.193359375,4.526812553405762,0.19461692956990617,0.19283930750821282,0.1919294585609739
469,0.9013476371765137,1.0004216432571411,0.1997656226158142,4.5165815353393555,0.2003847405552231,0.19921584246775498,0.1979279476059913
470,0.8999218940734863,1.0042016506195068,0.19968749582767487,4.517354488372803,0.20061099147153397,0.19928029587919174,0.19834129479863027
471,0.9020116925239563,0.9924346208572388,0.20265625417232513,4.501835346221924,0.2033435878782635,0.2021522950753945,0.20109607040785915
472,0.9015429615974426,0.9933841228485107,0.19875000417232513,4.5110979080200195,0.20018033346694392,0.19851013068764,0.19754807035739333
473,0.9004882574081421,0.9979445934295654,0.19882813096046448,4.499377250671387,0.20051898931940546,0.19854528965290574,0.1977599172516859
474,0.9014062285423279,0.9944313168525696,0.19968749582767487,4.496789932250977,0.20031914882861904,0.1992071442210321,0.19827509145244243
475,0.8985937237739563,1.0032472610473633,0.19984374940395355,4.508852005004883,0.2006053774074091,0.19918673478146198,0.19830353142889057
476,0.9017187356948853,0.9944496750831604,0.19648437201976776,4.515781402587891,0.1973521771122078,0.1960067096828058,0.1949823205555587
477,0.9023047089576721,0.9957101345062256,0.20015625655651093,4.4992146492004395,0.20187600139357903,0.19976278752695714,0.19883391274998657
478,0.9022070169448853,0.9954980611801147,0.1958593726158142,4.514505863189697,0.19703620594680143,0.19524737485587398,0.19427198315537528
479,0.9014062285423279,0.9955464005470276,0.1978124976158142,4.520286560058594,0.19821292292594306,0.19726277602045655,0.1959533733864685
480,0.9009765386581421,0.9966691732406616,0.19679687917232513,4.499767780303955,0.19804456054129704,0.19620364831260795,0.19529903080852684
481,0.9024804830551147,0.9915767908096313,0.1985156238079071,4.496119022369385,0.19876129410727011,0.19803524521448504,0.1965614234786458
482,0.9016211032867432,0.9979345202445984,0.20015625655651093,4.504847049713135,0.20008427696567832,0.19953302619048138,0.1981506700068935
483,0.8995116949081421,1.0031183958053589,0.19929687678813934,4.513204097747803,0.20012587644919158,0.19869652136596122,0.19785983606256713
484,0.9032226800918579,0.9912422895431519,0.1999218761920929,4.495400905609131,0.20098632396958932,0.1994238779541299,0.19841452786294705
485,0.903027355670929,0.9950073957443237,0.1993750035762787,4.519181251525879,0.20118490986781773,0.1990076493649347,0.19827196938536362
486,0.900585949420929,0.999754011631012,0.20000000298023224,4.516902923583984,0.2007097605832476,0.19940748113070356,0.19837257123702368
487,0.9014843702316284,0.9955571889877319,0.1997656226158142,4.501540184020996,0.200240072322636,0.19910330275983779,0.19801658856682364
488,0.9028124809265137,0.9940721988677979,0.20460937917232513,4.470190048217773,0.20467604525949631,0.20380312537663642,0.2024936606571125
489,0.9029101729393005,0.9850269556045532,0.20476561784744263,4.4812140464782715,0.205638773669083,0.20405483184506334,0.20298804055700778
490,0.90478515625,0.9860756397247314,0.2017187476158142,4.504148960113525,0.20328123581148405,0.20140052291449806,0.20059160513625335
491,0.9034765362739563,0.9878394603729248,0.2077343761920929,4.502419948577881,0.20834801996980618,0.20753930875624652,0.20634367622755556
492,0.9005468487739563,0.995822548866272,0.20796875655651093,4.470479965209961,0.20874364825624325,0.2074584710682849,0.20603470559297632
493,0.9038671851158142,0.9883330464363098,0.20195312798023224,4.488473415374756,0.20250527652216974,0.20146203366798787,0.20009288565880845
494,0.9037109613418579,0.989475429058075,0.2084375023841858,4.475564956665039,0.20948380762621846,0.2081096825294056,0.20683086392882438
495,0.9028124809265137,0.9911414980888367,0.20398437976837158,4.494690895080566,0.20471822116839059,0.20327929368993755,0.2023082621519741
496,0.9040429592132568,0.9846493601799011,0.20414061844348907,4.496162414550781,0.20419778159361276,0.2036060774128079,0.20215328109145936
497,0.9062695503234863,0.9812188148498535,0.2043749988079071,4.510458469390869,0.2049050837360344,0.2039657969178644,0.20289623340603932
498,0.9049999713897705,0.9815358519554138,0.20250000059604645,4.52247428894043,0.2029450730364416,0.2019580964758633,0.2005425814143146
499,0.9046093821525574,0.9851394891738892,0.20289061963558197,4.510283470153809,0.2038096217489745,0.202254974156541,0.20148712190798562
500,0.9025195240974426,0.9883670806884766,0.2052343785762787,4.51478910446167,0.20608811914332242,0.20477398957166873,0.20387987458662893
501,0.9033203125,0.987510621547699,0.20210938155651093,4.51933479309082,0.2031979825091173,0.20155200086516667,0.20061807712710664
502,0.9052734375,0.9868545532226562,0.20148438215255737,4.51314115524292,0.2004347703962434,0.2008709740014905,0.19870482720073865
503,0.9044140577316284,0.9891576170921326,0.2038281261920929,4.494019031524658,0.20340625934446965,0.20334613290131331,0.20183102028693461
504,0.9048437476158142,0.9829423427581787,0.20195312798023224,4.514974117279053,0.2016566674955738,0.20113051470855645,0.19982564105179423
505,0.9034765362739563,0.9902596473693848,0.2017187476158142,4.520370006561279,0.20244671981470408,0.20108586492396063,0.1998064707176163
506,0.9034960865974426,0.9911190867424011,0.2024218738079071,4.5171589851379395,0.20365180927351417,0.20206833118671613,0.20138073896345626
507,0.9024218916893005,0.9853487610816956,0.20015625655651093,4.518415451049805,0.20084623347465977,0.19977802785723792,0.19876074429569393
508,0.9035937786102295,0.9862774610519409,0.20015625655651093,4.503678798675537,0.20210500158449524,0.20004848927898003,0.19919364487208693
509,0.9044530987739563,0.9843998551368713,0.20070312917232513,4.498001575469971,0.20159628418774458,0.2003506675786951,0.19954500666544164
510,0.9044140577316284,0.9845379590988159,0.201171875,4.5033769607543945,0.2021192752459346,0.20093315505998138,0.1994904960975015
511,0.904296875,0.9834313988685608,0.20484374463558197,4.486865043640137,0.2051870700942679,0.20439820783366247,0.20315165185328707
512,0.9058789014816284,0.9804633855819702,0.19984374940395355,4.50112247467041,0.20030705719115702,0.19938688331489524,0.1979955839879703
513,0.9045116901397705,0.9838223457336426,0.19859375059604645,4.513241291046143,0.20024641583724148,0.19826636182506635,0.19767505350844009
514,0.9035742282867432,0.9905104041099548,0.20109374821186066,4.523350715637207,0.2015289190075692,0.20064271773589282,0.19949402336424463
515,0.9031835794448853,0.9852800965309143,0.2025781273841858,4.526026725769043,0.20301784330467587,0.20247890298208904,0.20108444284021093
516,0.9052929878234863,0.9833998084068298,0.20265625417232513,4.502910614013672,0.20403592410545957,0.20230013123570306,0.20151440600963136
517,0.9076758027076721,0.9753782153129578,0.20179687440395355,4.514551639556885,0.20328879430013874,0.20125956413361024,0.20042357718977102
518,0.9042773246765137,0.9861221313476562,0.20250000059604645,4.497323513031006,0.2034899158989128,0.20187380686290451,0.20070960929308215
519,0.9061718583106995,0.9797505736351013,0.1965624988079071,4.506499767303467,0.19707215778559628,0.19587359109306154,0.19461205331042553
520,0.9080859422683716,0.9749257564544678,0.20148438215255737,4.46763801574707,0.20241178441242125,0.20092985245220044,0.1999499671475825
521,0.9083593487739563,0.973533570766449,0.20203125476837158,4.46888542175293,0.20288057298382411,0.20147371717120363,0.20061183110841757
522,0.9069726467132568,0.9767407178878784,0.20281249284744263,4.470758438110352,0.20462636908486012,0.20221181163877286,0.20146503063963067
523,0.9062304496765137,0.9796842336654663,0.20140625536441803,4.493783950805664,0.2031758651894472,0.20112567144107532,0.20020632757264845
524,0.9078320264816284,0.9730461239814758,0.20335938036441803,4.494982719421387,0.2055637867578177,0.20306077416284712,0.20269358188789766
525,0.9049023389816284,0.9801521301269531,0.2024218738079071,4.498180389404297,0.20398871115486802,0.20220862602289857,0.20137981044844014
526,0.9057421684265137,0.9791869521141052,0.20210938155651093,4.495741367340088,0.20369929928646677,0.2017191918318722,0.20077403367985222
527,0.9052343964576721,0.9780001044273376,0.2006250023841858,4.5042405128479,0.20311394104284725,0.2003231808173571,0.19979363222211532
528,0.9068945050239563,0.976847231388092,0.20601563155651093,4.496692180633545,0.20618969817410754,0.20543347999802777,0.20398624489885492
529,0.9057031273841858,0.9799336791038513,0.20000000298023224,4.511505126953125,0.20068530608744659,0.1992956039059855,0.19824712649021056
530,0.9053710699081421,0.9779202938079834,0.20039062201976776,4.509600639343262,0.2009774176087762,0.19982900195507738,0.1985153305749366
531,0.9061523675918579,0.9804213643074036,0.19804687798023224,4.506731986999512,0.199704910253714,0.1977905365272948,0.19671859288075802
532,0.9080273509025574,0.9720640778541565,0.2018750011920929,4.514391899108887,0.20290933730897748,0.20149563551199098,0.20037797025607942
533,0.9072656035423279,0.9761949777603149,0.1986718773841858,4.530328750610352,0.19966560419798843,0.19811142477971472,0.19721873546424928
534,0.9038476347923279,0.9817562699317932,0.19835937023162842,4.527427673339844,0.19979479709296483,0.1977133279373301,0.19688228032763286
535,0.9060351848602295,0.9767056107521057,0.20250000059604645,4.515044689178467,0.2032169607353579,0.202142252608615,0.20109181429416967
536,0.9100390672683716,0.9671356678009033,0.20484374463558197,4.476617813110352,0.20573776796136067,0.2041936737456902,0.20346791935760516
537,0.9066406488418579,0.975020170211792,0.20195312798023224,4.5056281089782715,0.20261761915179954,0.20151786702474225,0.20025105821718714
538,0.9083593487739563,0.9654909372329712,0.2063281238079071,4.4947638511657715,0.20777061123586515,0.20573470326741922,0.20493059794278862
539,0.906054675579071,0.9741706252098083,0.20749999582767487,4.487489700317383,0.208142972479182,0.2071541329361124,0.2059158595485817
540,0.9066992402076721,0.9745157361030579,0.20601563155651093,4.502017974853516,0.20737851594078507,0.2055768862324579,0.20435717497773204
541,0.9078906178474426,0.9691552519798279,0.2045312523841858,4.5002312660217285,0.20529595257398925,0.20387294473313747,0.2028711561840925
542,0.9068164229393005,0.9733999371528625,0.20554687082767487,4.49199914932251,0.20688566547973786,0.20490418461311855,0.20398735863478873
543,0.9094140529632568,0.9663627743721008,0.20554687082767487,4.486161231994629,0.20617308897199033,0.20503219980285714,0.20378658275176303
544,0.9067773222923279,0.9703665375709534,0.21132811903953552,4.483064651489258,0.21351826186934625,0.21055933631660612,0.21009347823832025
545,0.904101550579071,0.9790144562721252,0.20585937798023224,4.493616580963135,0.2073273529895296,0.20557575695294103,0.20478064748371808
546,0.9029687643051147,0.9853156805038452,0.2032812535762787,4.5074286460876465,0.20493520337975069,0.20313094842542,0.2024759997869837
547,0.9057031273841858,0.976948618888855,0.20812499523162842,4.493144989013672,0.20959534927235418,0.2076882260216581,0.20664995098241512
548,0.9052148461341858,0.9816796779632568,0.20476561784744263,4.516609191894531,0.20552919236517617,0.20437145554627767,0.20320167550735901
549,0.9081640839576721,0.9693179130554199,0.20710937678813934,4.516765117645264,0.2084084224679968,0.20673682069643945,0.20588608234071526
550,0.9078906178474426,0.9718976616859436,0.20609374344348907,4.504096508026123,0.20689303995682423,0.20540467275260738,0.20439454622610775
551,0.9073047041893005,0.9689794182777405,0.19968749582767487,4.520691394805908,0.2008223608561046,0.19930533327311725,0.19819913267145287
552,0.9060742259025574,0.9738779664039612,0.20250000059604645,4.535370349884033,0.20272455883470425,0.20197528108221813,0.20061194347183092
553,0.9067773222923279,0.9751679301261902,0.2010156214237213,4.507122039794922,0.20253303139309323,0.20049403792033993,0.1996474149234103
554,0.9046679735183716,0.979350209236145,0.20148438215255737,4.524036884307861,0.20218052516724144,0.20115790890372942,0.19995647801720617
555,0.908007800579071,0.9697282910346985,0.20250000059604645,4.505429267883301,0.20327570541098544,0.20197748263958626,0.2007995784696362
556,0.9060351848602295,0.9762576222419739,0.20078125596046448,4.507839679718018,0.2017304229541686,0.20014457191573437,0.19928989222797408
557,0.9068554639816284,0.9713796973228455,0.20250000059604645,4.515210151672363,0.20387952227546424,0.20222417159772405,0.20138722908809803
558,0.9084179401397705,0.9673205018043518,0.20070312917232513,4.514980316162109,0.20186491299363377,0.20027455350258827,0.19951071949119248
559,0.9071679711341858,0.9741764664649963,0.20218749344348907,4.515216827392578,0.20428162212111306,0.2017912904124338,0.20109944213058079
560,0.9073437452316284,0.9689881801605225,0.20398437976837158,4.512550354003906,0.20522252328005572,0.20353409459008487,0.20270981216707618
561,0.9076952934265137,0.9713103771209717,0.1985156238079071,4.5208048820495605,0.19862817232346303,0.19806441172199518,0.1967940526410683
562,0.9071093797683716,0.9731131196022034,0.20476561784744263,4.516951560974121,0.2058174483940563,0.20458316868909857,0.2034160201213977
563,0.9073047041893005,0.9688219428062439,0.20515625178813934,4.4955854415893555,0.20425857405542414,0.2044508953570871,0.20290272760894165
564,0.9068750143051147,0.9695311784744263,0.20539063215255737,4.502004623413086,0.20687679962717012,0.20496304410259164,0.20411400043465103
565,0.908886730670929,0.9683214426040649,0.20374999940395355,4.516948223114014,0.20491923238096063,0.2031804802647038,0.2022891894150261
566,0.9068554639816284,0.970298171043396,0.20226562023162842,4.516204357147217,0.20266081880900733,0.20182373319484087,0.20063265729975618
567,0.9068554639816284,0.9689483642578125,0.2017187476158142,4.533018589019775,0.20307556775877622,0.20115517644628575,0.20006222871466842
568,0.9099023342132568,0.9622629284858704,0.20664063096046448,4.517165660858154,0.20670060778308502,0.20617795726639826,0.2047829960032819
569,0.9095898270606995,0.9659901261329651,0.20000000298023224,4.512230396270752,0.20007595362178232,0.1997341086690867,0.19810654392254362
570,0.9099023342132568,0.9656091332435608,0.20640625059604645,4.519001007080078,0.2067840788534273,0.2059831404470227,0.2044376215893089
571,0.9110546708106995,0.9567508697509766,0.1999218761920929,4.5270094871521,0.20013747924609815,0.19939022666800577,0.19818961811642172
572,0.9092968702316284,0.9660351276397705,0.20195312798023224,4.51188325881958,0.20216741125294693,0.20133771167342568,0.19989207014768084
573,0.9083593487739563,0.9709824323654175,0.20078125596046448,4.528763294219971,0.20239726026167407,0.20019272188722995,0.19935231476613027
574,0.9076367020606995,0.9694421887397766,0.19968749582767487,4.527405261993408,0.20056392994942943,0.19916714712864064,0.19798451744733597
575,0.9088281393051147,0.9695677757263184,0.2036718726158142,4.519254684448242,0.20456227591060766,0.20324739616378715,0.20219156443431374
576,0.9073827862739563,0.9712816476821899,0.20273438096046448,4.5301899909973145,0.20436173111542785,0.20212057610385892,0.20166666677591538
577,0.9063085913658142,0.9712692499160767,0.20304687321186066,4.512063026428223,0.20500828385279463,0.20247716794074963,0.20193498249710612
578,0.9096289277076721,0.9593155384063721,0.20343750715255737,4.499032497406006,0.20483564607535396,0.2031154600464326,0.20215607939087624
579,0.90966796875,0.9680021405220032,0.20000000298023224,4.528802871704102,0.20175411787633588,0.1998096459560208,0.19878030053681625
580,0.9084179401397705,0.9710235595703125,0.2038281261920929,4.500486373901367,0.20590486674419423,0.20363389861058162,0.2031219062627903
581,0.9122265577316284,0.9522702097892761,0.20460937917232513,4.50688362121582,0.20575869382123238,0.20423740491864345,0.20319699072653513
582,0.9096289277076721,0.9610408544540405,0.20601563155651093,4.47985315322876,0.20649932048140188,0.20567059689151915,0.2044917672517761
583,0.9082617163658142,0.964664101600647,0.20203125476837158,4.523303985595703,0.20345405135102862,0.20182503745006403,0.20110584908856205
584,0.9058203101158142,0.9756317734718323,0.20085936784744263,4.531984329223633,0.20308499749762282,0.20045006267212917,0.19990392330616175
585,0.9103320240974426,0.9620140194892883,0.20695312321186066,4.493312835693359,0.2079076423441875,0.2065789555334721,0.20556756354494676
586,0.9094336032867432,0.9619317054748535,0.19945313036441803,4.526381492614746,0.19980653485205602,0.19910093747093094,0.19793912184667595
587,0.9091601371765137,0.9623610973358154,0.20421874523162842,4.502291679382324,0.20647278128184504,0.20398535752477062,0.20341151605953667
588,0.9091796875,0.9653333425521851,0.20109374821186066,4.516009330749512,0.20164184359563603,0.2007213599138642,0.19958924896715868
589,0.9090039134025574,0.9608145356178284,0.20093749463558197,4.512139797210693,0.20263975368089598,0.20096593785530004,0.1999878993545861
590,0.9122851490974426,0.956983745098114,0.20281249284744263,4.48399543762207,0.20424610886361816,0.2024678595262894,0.20156251737922246
591,0.9092187285423279,0.9675582647323608,0.20335938036441803,4.52603006362915,0.20445869770704442,0.20322666803737477,0.20210276279221476
592,0.9091796875,0.9648203253746033,0.20234374701976776,4.514880180358887,0.2026231594614314,0.2015971128072383,0.20049015992427746
593,0.9082421660423279,0.9633281826972961,0.20679686963558197,4.49686336517334,0.20810675520694025,0.20620896055731722,0.2055797397580476
594,0.9114062786102295,0.9582983255386353,0.20749999582767487,4.493023872375488,0.2076260723651682,0.20686317277618016,0.20563628034900777
595,0.9122070074081421,0.957406759262085,0.2075781226158142,4.5142035484313965,0.208893344157895,0.20727896400567203,0.20650780696281312
596,0.9107031226158142,0.9588853716850281,0.20570312440395355,4.52513313293457,0.20730774982779127,0.2053238974621585,0.20437118219842781
597,0.9084374904632568,0.9594348669052124,0.20304687321186066,4.517687797546387,0.2029872214439214,0.2024005115737924,0.20099573648059205
598,0.9097265601158142,0.9607734084129333,0.2029687464237213,4.499439716339111,0.20470083770182584,0.2026774490209428,0.2018427572113902
599,0.9100976586341858,0.9585366249084473,0.2052343785762787,4.5056610107421875,0.206425623468084,0.2047829916113068,0.20378114129386699
600,0.9112109541893005,0.9567808508872986,0.2063281238079071,4.530437469482422,0.20651667842900248,0.20571653547515703,0.20442862186954325
601,0.9082226753234863,0.9676644802093506,0.20234374701976776,4.509636402130127,0.20174532514925553,0.2015577143622906,0.19993592572180227
602,0.9098437428474426,0.9619225263595581,0.20867186784744263,4.512847423553467,0.2083445929399849,0.2079620694316881,0.20646949324897185
603,0.9099414348602295,0.9583995342254639,0.20796875655651093,4.50269079208374,0.20893062845032323,0.2073646854042615,0.20660696022116287
604,0.9079883098602295,0.9652946591377258,0.20867186784744263,4.515106678009033,0.2088350573406605,0.20774068634575474,0.20658560380137725
605,0.908886730670929,0.9610309600830078,0.2032812535762787,4.512763023376465,0.20301586434978675,0.2026018271341321,0.2012242903213625
606,0.9124609231948853,0.9577446579933167,0.2049218714237213,4.504431247711182,0.20540261095457302,0.20443863196210654,0.20332447313410967
607,0.9111914038658142,0.957912802696228,0.2068749964237213,4.496518611907959,0.20706714703751505,0.20632451228640977,0.20487021365573416
608,0.9088281393051147,0.9644331336021423,0.20640625059604645,4.500617504119873,0.20768211779416368,0.20620858132927683,0.2052162781281892
609,0.9090625047683716,0.9635162949562073,0.20742186903953552,4.489431381225586,0.20789038275037375,0.20674259962918617,0.20552133681663234
610,0.9106054902076721,0.9590029716491699,0.20765624940395355,4.525096893310547,0.2084108678159563,0.20701107991491852,0.20552429895417412
611,0.9106835722923279,0.9566738605499268,0.20539063215255737,4.491361141204834,0.20576896405556272,0.20459542927028604,0.20314053824373848
612,0.9114453196525574,0.9531656503677368,0.2075781226158142,4.503210544586182,0.2075684856430322,0.20674848901063447,0.205298238295553
613,0.9110742211341858,0.9573106169700623,0.20984375476837158,4.473695278167725,0.21037089429849237,0.20931212158503565,0.20812500836300576
614,0.9112890362739563,0.958869993686676,0.20749999582767487,4.477193832397461,0.20785594137154878,0.20713374345819557,0.20569016193348325
615,0.9095703363418579,0.9630187749862671,0.2075781226158142,4.477085113525391,0.20803737124186972,0.2072713171965601,0.20598995573456985
616,0.9115429520606995,0.9532417058944702,0.20867186784744263,4.485343933105469,0.21011147159790233,0.2081394374865462,0.2075759034070874
617,0.9121875166893005,0.9532990455627441,0.21054688096046448,4.479325771331787,0.2109032932420239,0.20984192923916756,0.2089270690195728
618,0.9105663895606995,0.9574023485183716,0.21070311963558197,4.517776012420654,0.2114134842975742,0.21022024224675342,0.209229401347626
619,0.9120117425918579,0.94989413022995,0.21250000596046448,4.488381862640381,0.21330750820126787,0.2119311111562034,0.21090053095686384
620,0.908203125,0.9630785584449768,0.21132811903953552,4.497572898864746,0.2118611428892465,0.21086226945650535,0.2097825187865166
621,0.9083788990974426,0.9633616805076599,0.21570312976837158,4.511566638946533,0.21621742876277902,0.21533015750379805,0.21409158494923794
622,0.9085351824760437,0.9648146033287048,0.21515625715255737,4.519995212554932,0.21651854942264526,0.21463300348879066,0.21363688865820885
623,0.9099023342132568,0.9629231095314026,0.21054688096046448,4.500084400177002,0.21134839033009803,0.2102675544516975,0.20899807627909417
624,0.9097070097923279,0.9576107859611511,0.21570312976837158,4.499492168426514,0.2170718317197634,0.21531930713555886,0.21431432788417817
625,0.9078710675239563,0.9649145007133484,0.208984375,4.4889421463012695,0.20973562849968957,0.20826837202234708,0.2074521521270094
626,0.9095117449760437,0.955820620059967,0.21203124523162842,4.483549118041992,0.21165907055481814,0.21155238833514356,0.20991337115121467
627,0.9111914038658142,0.9581925272941589,0.2103906273841858,4.503353118896484,0.21192709384145203,0.20979197274680617,0.20894369102253024
628,0.9101366996765137,0.9659571051597595,0.21242187917232513,4.4869585037231445,0.2132962711991404,0.21192397923781137,0.21091037398598875
629,0.9086132645606995,0.9631713032722473,0.2077343761920929,4.50315523147583,0.20859717022151492,0.20732935819950396,0.20634248356763218
630,0.9079296588897705,0.9694148898124695,0.20390625298023224,4.513266086578369,0.2051599889481615,0.2033820855741768,0.20250397460070174
631,0.9108984470367432,0.9549500942230225,0.20812499523162842,4.5172529220581055,0.20910996652592048,0.20747508768281128,0.20636422142541375
632,0.9125195145606995,0.9526388049125671,0.21351562440395355,4.478338241577148,0.2155763709361972,0.21289033200284746,0.21212883190052645
633,0.9127148389816284,0.9477726221084595,0.21789062023162842,4.483086585998535,0.21882230184086077,0.21741983264587966,0.21640310775134164
634,0.9101172089576721,0.9615508317947388,0.21351562440395355,4.47274923324585,0.21423886040014273,0.212638305531186,0.21144682586121438
635,0.9127343893051147,0.9550530314445496,0.2077343761920929,4.4883713722229,0.20905420693105342,0.20726354130451138,0.2063596990301691
636,0.91259765625,0.9488734602928162,0.21140624582767487,4.485167026519775,0.21213488265815034,0.2109496758065863,0.20990051876693683
637,0.9115234613418579,0.9527044892311096,0.21007812023162842,4.487478733062744,0.21079204875795315,0.20949654377371452,0.20867123655776254
638,0.9112304449081421,0.9549066424369812,0.20789062976837158,4.498394966125488,0.20939132754664794,0.20762556518204975,0.2067652610404413
639,0.9140234589576721,0.9526479840278625,0.21257811784744263,4.503235340118408,0.21289540483722913,0.21198493743559527,0.2109239151982482
640,0.9136914014816284,0.9449531435966492,0.21156249940395355,4.507272720336914,0.21156275867392535,0.21114260720723244,0.20969404322912671
641,0.9099414348602295,0.9559339880943298,0.2114843726158142,4.497265815734863,0.2122699142762265,0.21121582891464666,0.21027065042841628
642,0.9102343916893005,0.960030734539032,0.20804686844348907,4.514625549316406,0.20868438422228403,0.20749308017091572,0.20652255594831856
643,0.9121289253234863,0.9538331031799316,0.20781250298023224,4.518150806427002,0.20812719978604477,0.20713468930832063,0.20583866312332383
644,0.9097851514816284,0.9600290656089783,0.21007812023162842,4.511742115020752,0.21014614634082107,0.20962234219679887,0.20819054284692262
645,0.9096289277076721,0.9586054086685181,0.2127343714237213,4.4927897453308105,0.21308063311909065,0.21236400508706393,0.2108376552294617
646,0.9125390648841858,0.9501266479492188,0.2103906273841858,4.4983320236206055,0.21043980301882637,0.20989969487140153,0.20857695653385633
647,0.9104687571525574,0.9586204290390015,0.20867186784744263,4.485866546630859,0.20860238048208432,0.2078800801767358,0.20632653152359848
648,0.91357421875,0.9512072205543518,0.20640625059604645,4.495408535003662,0.20661834281416827,0.20580609253094745,0.20455366624752008
649,0.9129297137260437,0.9482013583183289,0.2071875035762787,4.497297763824463,0.20688102426628113,0.20643596083207308,0.2047646088203771
650,0.9136718511581421,0.9466756582260132,0.21406249701976776,4.4875807762146,0.213956315654765,0.21344772900620773,0.21194689695613378
651,0.9129101634025574,0.9497236013412476,0.21617187559604645,4.4739813804626465,0.2162481180003617,0.2159598643992643,0.2144345373743896
652,0.9144140481948853,0.9481260180473328,0.20906250178813934,4.484357833862305,0.21046383483604958,0.20845506532909197,0.20768957928536294
653,0.9131445288658142,0.9482384324073792,0.21132811903953552,4.504403591156006,0.2120317952756364,0.21082655924949617,0.20993002146884332
654,0.909960925579071,0.9572048783302307,0.20960937440395355,4.538015365600586,0.20962933393422106,0.20914926310680668,0.20792855282689024
655,0.9125000238418579,0.9524999260902405,0.21117188036441803,4.495019912719727,0.21195892125924048,0.21077355909995357,0.20976156667126417
656,0.9116601347923279,0.9501332640647888,0.21132811903953552,4.497138500213623,0.2124016379645774,0.21093130508966237,0.21008740248763125
657,0.9129687547683716,0.9447160959243774,0.20460937917232513,4.513431549072266,0.20515977864386137,0.20424409869696653,0.20295857355316343
658,0.9101366996765137,0.954551100730896,0.21757812798023224,4.514652729034424,0.21788288787355992,0.21687297803213368,0.21561606270913614
659,0.9129101634025574,0.9531408548355103,0.20812499523162842,4.507745742797852,0.20866124785136173,0.20738615973792218,0.2063678430279094
660,0.9135351777076721,0.9439070224761963,0.21226562559604645,4.488382339477539,0.21341958293738209,0.2115727224777837,0.21080543496218374
661,0.9130468964576721,0.9499607086181641,0.21507813036441803,4.503457546234131,0.21532202299825154,0.2142848124210179,0.2129684125206912
662,0.9091796875,0.9590798020362854,0.20960937440395355,4.510590553283691,0.21020651581518046,0.2091279190984277,0.20817042907327782
663,0.9117968678474426,0.9550459384918213,0.21351562440395355,4.497664928436279,0.21463551994125651,0.21292361944867638,0.21198460557991577
664,0.9103710651397705,0.9567045569419861,0.21328124403953552,4.513482093811035,0.21396036837198337,0.21263243336670573,0.21183522397243937
665,0.9131054878234863,0.9494907259941101,0.2166406214237213,4.4944586753845215,0.21706218010715955,0.21607973561947647,0.21478169673734626
666,0.9142773151397705,0.9448146224021912,0.21476562321186066,4.484452724456787,0.21563765243504868,0.21403651041188101,0.21316979020007265
667,0.9170703291893005,0.9410608410835266,0.21671874821186066,4.466298580169678,0.2163851299009225,0.21589632520553498,0.2144023678579501
668,0.9143750071525574,0.9443771839141846,0.21773438155651093,4.477340221405029,0.21876245110274287,0.21718482478918366,0.21634095118548854
669,0.9134570360183716,0.9450490474700928,0.21781249344348907,4.4814019203186035,0.21731392704197383,0.21721701322155257,0.21562752366866708
670,0.9164062738418579,0.9354379773139954,0.2153906226158142,4.504133701324463,0.21700248330372068,0.2149499634093121,0.21438841299022254
671,0.9151172041893005,0.9424194097518921,0.2166406214237213,4.479653835296631,0.21668036588077072,0.21621198464446872,0.21496152153504097
672,0.9168554544448853,0.9345386028289795,0.21968750655651093,4.475928783416748,0.22043495322034895,0.2191092430264142,0.21790411266277598
673,0.9142773151397705,0.9407301545143127,0.21687500178813934,4.472447872161865,0.21830920083537217,0.2162704872023978,0.21534126884868615
674,0.9092968702316284,0.9589563608169556,0.2123437523841858,4.490176200866699,0.2122469821461196,0.21147710650387222,0.21010696762455228
675,0.9111132621765137,0.9545890688896179,0.20859375596046448,4.503068923950195,0.2094701629576094,0.20833245186763033,0.20732023308376113
676,0.9099023342132568,0.9555362462997437,0.2150000035762787,4.493467330932617,0.21530903891085473,0.21414825205416366,0.21311621670366215
677,0.9122851490974426,0.9520696401596069,0.2153906226158142,4.484454154968262,0.21583663496609704,0.21463076555616345,0.21360288818501172
678,0.9112695455551147,0.9544423818588257,0.21531249582767487,4.504001617431641,0.21593441749672143,0.21443043344828305,0.21332261770225086
679,0.9143359661102295,0.9441899061203003,0.21617187559604645,4.510012149810791,0.21766642959114801,0.21579189051838288,0.21498803829909155
680,0.9107031226158142,0.9533151984214783,0.21984374523162842,4.480213642120361,0.21966170093218998,0.21904997972059248,0.21752119863547037
681,0.9119726419448853,0.9483399391174316,0.2189062535762787,4.482577800750732,0.21829275571155438,0.218001688573924,0.21649894334666603
682,0.9152538776397705,0.9400511384010315,0.21101562678813934,4.492154598236084,0.21199847810982908,0.2107616249210011,0.20968872694266938
683,0.9130273461341858,0.9408140778541565,0.21195311844348907,4.479464530944824,0.21249555229963252,0.2114738496354919,0.21035106369270812
684,0.9116406440734863,0.9507190585136414,0.21257811784744263,4.517919540405273,0.2129256101571864,0.21175999300564394,0.21063780623881387
685,0.9152929782867432,0.9462732672691345,0.21195311844348907,4.489465713500977,0.21264281330758128,0.21140087793664908,0.21028069096786378
686,0.9121875166893005,0.9505130648612976,0.21171875298023224,4.498027801513672,0.21220728701667954,0.21117991983712792,0.21001945489959425
687,0.9140039086341858,0.94597989320755,0.21507813036441803,4.520339012145996,0.21589014164516157,0.21434310116671199,0.21331804380927344
688,0.9128124713897705,0.9512726664543152,0.2141406238079071,4.504067420959473,0.21441328609400703,0.21350794947517696,0.2120975230928167
689,0.9167187213897705,0.9357566237449646,0.2123437523841858,4.476796627044678,0.21298617955493204,0.21203563618354931,0.21114576826648424
690,0.9137304425239563,0.941260576248169,0.2123437523841858,4.485368251800537,0.21317057450461044,0.21208777158522618,0.21136546934560604
691,0.9155468940734863,0.9418297410011292,0.21351562440395355,4.477603435516357,0.21393811042826766,0.21294456545669582,0.21165486878498688
692,0.912304699420929,0.9466766119003296,0.21320313215255737,4.4913554191589355,0.21461016368031072,0.2124710654440744,0.21197289609307984
693,0.9099023342132568,0.9594191908836365,0.21515625715255737,4.500627517700195,0.21603476929784898,0.21473439419693024,0.21370010886240287
694,0.9120507836341858,0.9493494629859924,0.21531249582767487,4.487432479858398,0.21657039411305867,0.21454826567250884,0.21366654485269693
695,0.9137499928474426,0.9461225271224976,0.21242187917232513,4.502347946166992,0.21323076131800975,0.21164707996942209,0.2106844116856575
696,0.9147070050239563,0.9449616074562073,0.2155468761920929,4.483427047729492,0.2157162874048862,0.2150110524970459,0.2138375253747742
697,0.9133398532867432,0.9469885230064392,0.21375000476837158,4.509134292602539,0.2151483676933999,0.21314918414673545,0.21219094977367814
698,0.9140234589576721,0.9397082328796387,0.21375000476837158,4.4787678718566895,0.21476508259684765,0.2131823116579685,0.21192742946424764
699,0.9147851467132568,0.9407793283462524,0.21101562678813934,4.513104438781738,0.21069786849856076,0.21032671346048343,0.20887863726378467
700,0.9147851467132568,0.9418212175369263,0.21054688096046448,4.508314609527588,0.2112329725896031,0.20994034191655478,0.2087351781242613
701,0.9121484160423279,0.9508482217788696,0.2103906273841858,4.510691165924072,0.21208919406799603,0.20964766566243467,0.2089802824007362
702,0.9134179949760437,0.9419972896575928,0.21312500536441803,4.5259785652160645,0.21461529538832655,0.21236785866565241,0.2117542264860503
703,0.9128515720367432,0.9489392638206482,0.212890625,4.499762058258057,0.2137749311960436,0.21227065100572656,0.21139140367132486
704,0.9133203029632568,0.9405114054679871,0.21757812798023224,4.497553825378418,0.21769036809812425,0.21669467868833736,0.2155989860414772
705,0.9156640768051147,0.9355404376983643,0.21257811784744263,4.480896472930908,0.21335809037086284,0.21208033276941352,0.2110203883855687
706,0.916015625,0.9405965209007263,0.21585936844348907,4.471458435058594,0.21658464662443838,0.21516603918334207,0.21391252504862843
707,0.9143945574760437,0.945026695728302,0.21773438155651093,4.470847129821777,0.21836210638533504,0.21693967773839815,0.2158370737803857
708,0.9155468940734863,0.9398682117462158,0.220703125,4.493260383605957,0.22149977455768766,0.21998008642990152,0.21863589174520315
709,0.9141601324081421,0.9435359239578247,0.21671874821186066,4.477376937866211,0.21681356457882095,0.21578012547618705,0.21470317318478482
710,0.9134960770606995,0.9475502967834473,0.2162500023841858,4.4839324951171875,0.2168623633521029,0.2153268102418494,0.21398473157975928
711,0.9156249761581421,0.9396528005599976,0.21640625596046448,4.47288703918457,0.2171405968692035,0.21561327109356054,0.21461366175391378
712,0.9172070026397705,0.9320548176765442,0.21195311844348907,4.490517616271973,0.21284767109370653,0.21112293325129708,0.2101493815239271
713,0.9175000190734863,0.9301134347915649,0.2127343714237213,4.510961532592773,0.21336365419956754,0.21219228578283722,0.21116651493087527
714,0.9146093726158142,0.9424296021461487,0.212890625,4.491687297821045,0.21385956966277359,0.212280410469782,0.21118492614101655
715,0.9146679639816284,0.9398115277290344,0.2162500023841858,4.471153736114502,0.2172801486285319,0.21526316772101523,0.21430183365392041
716,0.9140234589576721,0.9415059685707092,0.21632812917232513,4.473858833312988,0.2172447811119576,0.21549778749098036,0.21455020970019195
717,0.9144335985183716,0.9406061768531799,0.21718749403953552,4.474961757659912,0.21708074496881846,0.21633541856386168,0.21474548219167455
718,0.9140234589576721,0.9475062489509583,0.21835938096046448,4.488409996032715,0.21803490016861732,0.2176175196384183,0.21606326351516011
719,0.9124609231948853,0.9434043169021606,0.21281249821186066,4.488802909851074,0.21271749815748034,0.21233437068641609,0.2107185512880901
720,0.9135937690734863,0.9441797137260437,0.21460936963558197,4.48520565032959,0.2157469989651179,0.21385629593518599,0.21296049234394843
721,0.9147265553474426,0.9441912770271301,0.2155468761920929,4.494062423706055,0.216759011525585,0.2148724180806243,0.21399496830389222
722,0.9120507836341858,0.9487133026123047,0.21242187917232513,4.5000901222229,0.21382888518189008,0.21180940660605324,0.21113432301075347
723,0.9118554592132568,0.9522860646247864,0.2130468785762787,4.502790451049805,0.213671565709745,0.21233780538854136,0.21116189125108004
724,0.9135546684265137,0.9453800916671753,0.21671874821186066,4.494266510009766,0.21747983382206537,0.21594560432519994,0.21457215662012974
725,0.91455078125,0.9403790235519409,0.22078125178813934,4.465628623962402,0.22314787275704728,0.22071641405493436,0.22003497677205663
726,0.9128515720367432,0.9490355849266052,0.21617187559604645,4.4679179191589355,0.21761124804917603,0.21566193038595094,0.2147985120459052
727,0.9168945550918579,0.936455488204956,0.2142968773841858,4.469465732574463,0.21546590093757395,0.21369221436767766,0.21284196120617765
728,0.9154883027076721,0.9395294785499573,0.21476562321186066,4.4866204261779785,0.21670784566665363,0.21418915772175962,0.21367547824768568
729,0.9155468940734863,0.9372665882110596,0.2162500023841858,4.475671768188477,0.21817692900809832,0.2157784371543287,0.21540985164426688
730,0.9178906083106995,0.9302719831466675,0.2123437523841858,4.463164806365967,0.213414899761794,0.2118074963347059,0.2109689140544065
731,0.916699230670929,0.9337468147277832,0.2146874964237213,4.469200134277344,0.2155427684030055,0.21442490430051553,0.2133417263209364
732,0.91796875,0.929831326007843,0.21382813155651093,4.484175205230713,0.2151286173708152,0.21329819607683434,0.21217755025846544
733,0.9165234565734863,0.9335653781890869,0.21242187917232513,4.471766948699951,0.21355407621739714,0.21174013912875367,0.21066425945001588
734,0.91552734375,0.9350321888923645,0.21914061903953552,4.464580059051514,0.21998022514736032,0.2184848370669224,0.21741650216873323
735,0.9143164157867432,0.9418113231658936,0.2180468738079071,4.474115371704102,0.21817861941835084,0.21740946021311047,0.21615403681728892
736,0.9142968654632568,0.9381368160247803,0.21710938215255737,4.465334892272949,0.21742802631054758,0.21657188517383807,0.21550024830846348
737,0.9147070050239563,0.9411173462867737,0.21578125655651093,4.482501029968262,0.21635633605236226,0.21522241252822716,0.21410124756162202
738,0.9108007550239563,0.9540151357650757,0.21585936844348907,4.50730037689209,0.21608040119759703,0.21556524376751013,0.214023405665406
739,0.9126757979393005,0.9470215439796448,0.21640625596046448,4.479177951812744,0.21535105370694554,0.21581379235736556,0.21376043658255506
740,0.9160937666893005,0.9336378574371338,0.21726562082767487,4.493817329406738,0.21816116281257142,0.21647636155626018,0.2156492988086405
741,0.9125390648841858,0.9459869265556335,0.21484375,4.4492926597595215,0.21522881185290482,0.21425607662481666,0.213140006049448
742,0.9162499904632568,0.9365031719207764,0.21992187201976776,4.469645023345947,0.22113511134328523,0.21931880229516856,0.21830199829282051
743,0.9136523604393005,0.9413855075836182,0.2201562523841858,4.450078010559082,0.22014325099731258,0.21947160257050902,0.21811098833818846
744,0.9142382740974426,0.9452911615371704,0.21601562201976776,4.4600324630737305,0.21723204744928537,0.21559513535942787,0.21464579340580253
745,0.9162304401397705,0.9350654482841492,0.2185937464237213,4.450390338897705,0.21948550664857347,0.2179663764287125,0.21694485052469864
746,0.9159374833106995,0.935533344745636,0.21523436903953552,4.4541916847229,0.21616138412622002,0.21485077685616116,0.21387836476113642
747,0.9161523580551147,0.9373894333839417,0.21476562321186066,4.485939025878906,0.21522464352125417,0.2139092475096636,0.21262726695542797
748,0.9153906106948853,0.9351832866668701,0.21320313215255737,4.477826118469238,0.21565012326330832,0.21278229720421257,0.2125579817997672
749,0.9141601324081421,0.9453670382499695,0.2135937511920929,4.489718437194824,0.21483887900011864,0.21295101705674538,0.212105318513304
750,0.9154883027076721,0.9330992698669434,0.21773438155651093,4.445115566253662,0.21880754423262364,0.21735153106994348,0.21617815007133165
751,0.9158594012260437,0.9364119172096252,0.2142968773841858,4.473952293395996,0.21504125531127422,0.21364616236802197,0.2126831587692402
752,0.9180859327316284,0.9319485425949097,0.21648436784744263,4.458567142486572,0.21785468809368394,0.21631133619763832,0.21548395172461865
753,0.9169531464576721,0.9324062466621399,0.21179687976837158,4.466121673583984,0.2131863899644571,0.21161189402825634,0.2108677235459574
754,0.9173242449760437,0.9339746832847595,0.21484375,4.473917484283447,0.21462599258209855,0.21410765069700888,0.21255148147618602
755,0.9156640768051147,0.9370142221450806,0.21843749284744263,4.483900547027588,0.2188256984208918,0.2181738654799978,0.21697606981336884
756,0.9150781035423279,0.9360970258712769,0.22007812559604645,4.445718288421631,0.22167523287765278,0.2196651808145754,0.21896545709419246
757,0.9161718487739563,0.9324082732200623,0.220703125,4.444150447845459,0.22285759341530076,0.22034012213959137,0.2198690111526715
758,0.9147070050239563,0.9384236335754395,0.22171874344348907,4.441534996032715,0.22301862703110154,0.22084295524057473,0.21985727288194562
759,0.91650390625,0.9306995272636414,0.22242186963558197,4.443917751312256,0.22549493414667127,0.22179448273098085,0.2216324514829773
760,0.9184374809265137,0.9310674071311951,0.21585936844348907,4.484331130981445,0.21688982768990706,0.21525026322909452,0.21423318510457007
761,0.9161913990974426,0.9318559765815735,0.21765625476837158,4.469020843505859,0.21890555016659016,0.2169300338455058,0.216254937422397
762,0.9155663847923279,0.9380089044570923,0.21781249344348907,4.458116054534912,0.2190768525099182,0.21725393546721264,0.2164803381249001
763,0.9150781035423279,0.9359893798828125,0.2214062511920929,4.4730682373046875,0.2222526271919002,0.22084547127919998,0.22011481634763522
764,0.915722668170929,0.9347032308578491,0.2150000035762787,4.489348411560059,0.2166280691535485,0.21469077220642402,0.2140254647076108
765,0.9160742163658142,0.9355177283287048,0.2153906226158142,4.477356433868408,0.2168673099973899,0.2148875840231872,0.21434990709405138
766,0.9152538776397705,0.9340128302574158,0.21648436784744263,4.467097282409668,0.21727816859876584,0.2160178909486398,0.21523843871387657
767,0.9174414277076721,0.930161714553833,0.21492187678813934,4.485187530517578,0.21674244432385797,0.21440377336461997,0.21363355755316152
768,0.9147851467132568,0.9363790154457092,0.22117187082767487,4.461042881011963,0.2232129835303415,0.2205986200310002,0.21970621701712068
769,0.9161523580551147,0.9339578151702881,0.21812500059604645,4.495367527008057,0.2198163170698545,0.2175717887464601,0.21678080750485879
770,0.9146484136581421,0.9424214363098145,0.2180468738079071,4.491259574890137,0.2195044286019399,0.21774863267428174,0.21697371833691004
771,0.9169921875,0.9333642721176147,0.21656249463558197,4.500286102294922,0.21812184916754818,0.21610852226289745,0.21531182880831073
772,0.9143750071525574,0.9378103017807007,0.21726562082767487,4.479610443115234,0.21819934589355267,0.21668894802995192,0.21553201971478703
773,0.915722668170929,0.9390721321105957,0.21875,4.44743537902832,0.2200988522615209,0.21825724000471716,0.21734175052296859
774,0.9172656536102295,0.9335716366767883,0.2192968726158142,4.453354358673096,0.22142959817365285,0.21869973385596247,0.2181302029458966
775,0.9166210889816284,0.9310055375099182,0.21796874701976776,4.4644083976745605,0.21824609924466054,0.21720421669728168,0.2161206497494717
776,0.9147655963897705,0.9374264478683472,0.2173437476158142,4.4536638259887695,0.21932032696717324,0.21692673184758754,0.21627943697223168
777,0.9160351753234863,0.9333120584487915,0.21882812678813934,4.441256046295166,0.21975396653751697,0.21849653688538578,0.21744957639336218
778,0.9151366949081421,0.936455488204956,0.21640625596046448,4.469245433807373,0.2168812984025507,0.215918545065655,0.21439528024102328
779,0.9146679639816284,0.9361940026283264,0.21828125417232513,4.442914962768555,0.21918914560856495,0.21771892875770982,0.21680762237900297
780,0.9162890911102295,0.9378563761711121,0.22203125059604645,4.445900917053223,0.22294518422254098,0.22149235074230456,0.2205598738774031
781,0.9178125262260437,0.9277547597885132,0.22078125178813934,4.420633316040039,0.22198392393227878,0.22008763970042475,0.21920299342836913
782,0.9188085794448853,0.9233681559562683,0.22437499463558197,4.431850433349609,0.22546045931612685,0.2236932926568124,0.22272192060821622
783,0.9192187786102295,0.9257106184959412,0.21765625476837158,4.458419322967529,0.21843505610406846,0.21716109625183164,0.2159783888757449
784,0.9173242449760437,0.9267231225967407,0.22265625,4.455854892730713,0.22450214515257,0.22195759421018485,0.22156509598935534
785,0.9158398509025574,0.9376938343048096,0.22156250476837158,4.458864212036133,0.22269193488382535,0.2207071245999772,0.21974969401446837
786,0.9163671731948853,0.9331518411636353,0.21992187201976776,4.448916435241699,0.22081274930315026,0.21919346238654233,0.21817699950624586
787,0.9179101586341858,0.9266460537910461,0.2194531261920929,4.44559383392334,0.21978702845116005,0.21844845021371262,0.21715869893017392
788,0.9172070026397705,0.9311450123786926,0.21921874582767487,4.465731620788574,0.22047424035785484,0.21855087282614652,0.21780026822911097
789,0.9203320145606995,0.9232940077781677,0.22132812440395355,4.454553604125977,0.2232359557534469,0.2207057045332409,0.2203121252152927
790,0.91552734375,0.9322609901428223,0.21898438036441803,4.477406978607178,0.2214183187541246,0.21821983105922044,0.21781951119255666
791,0.9161718487739563,0.9361522197723389,0.21703125536441803,4.486265182495117,0.21752174136863223,0.21632288945863307,0.21556396578290735
792,0.9148632884025574,0.9361900091171265,0.22171874344348907,4.460098743438721,0.22197309022024908,0.22111130747738952,0.21981872457640306
793,0.9161718487739563,0.9351746439933777,0.22101563215255737,4.469131946563721,0.2226860025850237,0.22025010241707377,0.21959747492864778
794,0.9168554544448853,0.9284572601318359,0.21570312976837158,4.481235504150391,0.21602534425722625,0.21534269641601095,0.21391391903187174
795,0.9190039038658142,0.9229486584663391,0.21406249701976776,4.4867024421691895,0.21487570841051787,0.2135434188782264,0.21243002084413692
796,0.9172461032867432,0.9252224564552307,0.2201562523841858,4.453505992889404,0.22117607216584656,0.21970632769403015,0.21862923403035792
797,0.9161328077316284,0.9367502331733704,0.2212499976158142,4.472903251647949,0.22299466828471928,0.22068767047034962,0.21983035642055077
798,0.9160351753234863,0.9339571595191956,0.21914061903953552,4.47450065612793,0.22055959622791776,0.21848384770150714,0.21739390486999557
799,0.918749988079071,0.9269670248031616,0.2194531261920929,4.480712413787842,0.22040334832418573,0.21866331990550844,0.21771270580141144
800,0.9159179925918579,0.9333611130714417,0.21976561844348907,4.492779731750488,0.22074999166321302,0.21922324509682287,0.21797480946500458
801,0.9152538776397705,0.933493435382843,0.21593749523162842,4.491807460784912,0.21621564493272166,0.2152163000092875,0.21372475737700758
802,0.9185937643051147,0.923474133014679,0.2166406214237213,4.458987236022949,0.218728252643501,0.21629991170432594,0.21531454504904785
803,0.9200195074081421,0.9191892147064209,0.2166406214237213,4.460738658905029,0.21790541711251427,0.21599214168307468,0.21513287806639902
804,0.9182422161102295,0.9226159453392029,0.22132812440395355,4.454026222229004,0.22440021366278878,0.22055672273974153,0.2200838200806145
805,0.9183202981948853,0.924782931804657,0.2205468714237213,4.483155727386475,0.22225903816568338,0.22000526977377266,0.21915586571323653
806,0.9160742163658142,0.9310022592544556,0.21445313096046448,4.4878764152526855,0.21498491396294053,0.21357985897858095,0.21224639245243096
807,0.9156640768051147,0.9339476823806763,0.22156250476837158,4.45073127746582,0.22296763590194954,0.2208405905108377,0.2200499090391575
808,0.9150781035423279,0.9333234429359436,0.22007812559604645,4.4699625968933105,0.22125212714034098,0.21951364073530905,0.21828243166767522
809,0.9153125286102295,0.9369490742683411,0.2182031273841858,4.482914924621582,0.21868441022836788,0.21759969340794727,0.2159342253891734
810,0.9163281321525574,0.9331095814704895,0.2160937488079071,4.500875473022461,0.21673359986477392,0.21546502326651573,0.21426958465275733
811,0.9175781011581421,0.9280542731285095,0.21601562201976776,4.481965065002441,0.21631831428573112,0.21537541113199465,0.21429889967552057
812,0.9171679615974426,0.9258864521980286,0.22132812440395355,4.441493988037109,0.22127153536619842,0.22055777757797695,0.21898208015932735
813,0.9161132574081421,0.9311875700950623,0.2173437476158142,4.458213806152344,0.21809260467894376,0.2168129318499931,0.2158452611916137
814,0.9195898175239563,0.9218990802764893,0.21640625596046448,4.453313827514648,0.21820646906778113,0.21567996682065393,0.21483135677497373
815,0.9139062762260437,0.9350040555000305,0.22039061784744263,4.452579021453857,0.22059981597935624,0.21954591017526912,0.21828090448674664
816,0.9122655987739563,0.9423989653587341,0.21960937976837158,4.458557605743408,0.22013236810962428,0.2188689115345196,0.2175175086907177
817,0.917187511920929,0.928860068321228,0.2182031273841858,4.466108798980713,0.21984633889888394,0.21759958747418962,0.21682344152563998
818,0.9189648628234863,0.9252986907958984,0.21828125417232513,4.470859527587891,0.2197701550118275,0.2175421903740833,0.21683900003674772
819,0.9188281297683716,0.925076425075531,0.2192968726158142,4.471132278442383,0.21972829854139705,0.21842819967857546,0.21740551620579462
820,0.9181054830551147,0.9268043041229248,0.21507813036441803,4.458343982696533,0.2154797639669625,0.21427951490872757,0.2129348734286577
821,0.9173828363418579,0.9236218929290771,0.2180468738079071,4.465213298797607,0.21851179747172367,0.21722526705550538,0.21602748571702096
822,0.9200000166893005,0.9163216948509216,0.21492187678813934,4.470697402954102,0.2145209448741123,0.21388750116629726,0.21252493775602047
823,0.9184765815734863,0.9215376973152161,0.22062499821186066,4.43547248840332,0.2204018277489005,0.21993370462685033,0.2183494280258163
824,0.91845703125,0.922140896320343,0.21757812798023224,4.458665370941162,0.2197227941928998,0.2170530525260643,0.2167010629962372
825,0.918652355670929,0.9223281145095825,0.21781249344348907,4.471074104309082,0.21908856655374181,0.21713869244022801,0.2161242429862365
826,0.9165820479393005,0.9336326122283936,0.21421875059604645,4.491433620452881,0.21444372314375854,0.21369322701364576,0.21251604737429647
827,0.9185351729393005,0.9230561852455139,0.21171875298023224,4.469038963317871,0.2115038688290443,0.2110797173047984,0.2097979941746235
828,0.9174218773841858,0.9262902736663818,0.21703125536441803,4.48325252532959,0.21837349295779684,0.21627157005353032,0.21554636814896094
829,0.9169140458106995,0.9328285455703735,0.2134374976158142,4.4701642990112305,0.21464696157653018,0.21264950975035551,0.21182413006118417
830,0.9174609184265137,0.9266326427459717,0.21507813036441803,4.451446056365967,0.21564902535853853,0.21445163013254648,0.21350358982851575
831,0.9183984398841858,0.9272311329841614,0.22078125178813934,4.448941230773926,0.22173559430101508,0.22024271424818298,0.2192376478139609
832,0.9164453148841858,0.9343158602714539,0.22171874344348907,4.467208385467529,0.2228113990232553,0.22109718776403825,0.2197825448529629
833,0.9158594012260437,0.9302269816398621,0.22312499582767487,4.424687385559082,0.22327192061524298,0.22247505128393852,0.22119726859260092
834,0.914746105670929,0.9360174536705017,0.22304686903953552,4.433464527130127,0.22295186909471137,0.22222863687906125,0.22058289252696844
835,0.9168945550918579,0.9296817183494568,0.22593750059604645,4.439047813415527,0.22622744927742466,0.22509274997436665,0.22379893283162722
836,0.9192578196525574,0.9245189428329468,0.21796874701976776,4.44673490524292,0.2190033344335393,0.21724194262064966,0.21632069858858727
837,0.9166210889816284,0.9335182905197144,0.22234374284744263,4.451021671295166,0.22374665077444233,0.22141077906696308,0.22043776896545386
838,0.9191210865974426,0.9208710193634033,0.2214062511920929,4.464502811431885,0.22176263000770766,0.22069757610979285,0.21940853441252528
839,0.9189257621765137,0.9202757477760315,0.22171874344348907,4.443847179412842,0.22223667368859115,0.2208299935832861,0.21976498801017125
840,0.9180468916893005,0.922824501991272,0.22179687023162842,4.446374893188477,0.22231009614776548,0.2212139485109923,0.2197872276676579
841,0.916699230670929,0.9290511608123779,0.21648436784744263,4.474442481994629,0.21691684424737673,0.21583078152344665,0.21469650393593998
842,0.9179101586341858,0.9242363572120667,0.2212499976158142,4.441550254821777,0.22133270338494887,0.2205602508768263,0.2192424465821622
843,0.9187304973602295,0.9262193441390991,0.22679688036441803,4.443277359008789,0.2273831062257758,0.22598576500438922,0.22467945907969133
844,0.9187890887260437,0.922593891620636,0.22578124701976776,4.4451117515563965,0.22673324466573413,0.22520271055327157,0.22413117474643707
845,0.9191992282867432,0.9218292832374573,0.22171874344348907,4.461640357971191,0.2220079898871204,0.22080316243841422,0.21940147057063702
846,0.917187511920929,0.9246297478675842,0.22109374403953552,4.445485591888428,0.22162995626475232,0.22024270912713775,0.2190522663606183
847,0.9200000166893005,0.9189692735671997,0.21921874582767487,4.462665557861328,0.21924210969524116,0.21853004815229624,0.21724045244301843
848,0.9205663800239563,0.9163810610771179,0.2182031273841858,4.451620578765869,0.21859322668976794,0.21754149726511124,0.21637786487434077
849,0.919628918170929,0.9176389575004578,0.22562499344348907,4.420434474945068,0.22508450655049675,0.22493145081714586,0.22337684029054916
850,0.9214062690734863,0.9155764579772949,0.22109374403953552,4.474176406860352,0.2210732782528995,0.22042343132386522,0.21907110706291064
851,0.9186328053474426,0.923534095287323,0.21710938215255737,4.468087196350098,0.2176133942550469,0.21622018481608868,0.2150163937292115
852,0.9193164110183716,0.9187419414520264,0.21898438036441803,4.462936878204346,0.2192507977906864,0.21821026636833724,0.21694247146981407
853,0.9185546636581421,0.9191524386405945,0.21937499940395355,4.48286247253418,0.22022703898896948,0.2186411916130132,0.21747601604329744
854,0.9207617044448853,0.9189731478691101,0.2199999988079071,4.466438293457031,0.2199485730194759,0.2193005853571816,0.217896770698838
855,0.9191601276397705,0.9189037084579468,0.22265625,4.462393283843994,0.22306505988497435,0.22183793758924095,0.2204137990068008
856,0.9168945550918579,0.9231793284416199,0.2201562523841858,4.438204288482666,0.21995609322125265,0.21932290821570077,0.21764130280059013
857,0.9185546636581421,0.9192594289779663,0.21796874701976776,4.458896160125732,0.21852389524103685,0.2171743915715873,0.21593247450456604
858,0.9161523580551147,0.9288845062255859,0.21937499940395355,4.458054542541504,0.22021005248748043,0.21857042975983065,0.21793072977627997
859,0.91748046875,0.9249634742736816,0.224609375,4.430460453033447,0.2248537996512005,0.22374771819952538,0.22268587686070831
860,0.9188867211341858,0.9211335778236389,0.2208593785762787,4.443960189819336,0.22107402490830813,0.22008412898637564,0.21870735103442834
861,0.9157421588897705,0.9355128407478333,0.22328124940395355,4.441544532775879,0.2245622158177043,0.22248517028072987,0.22155856729727239
862,0.9167382717132568,0.928794801235199,0.2205468714237213,4.439449787139893,0.22172171089315618,0.21999733025978052,0.21874358291169765
863,0.9188085794448853,0.9263991713523865,0.22093750536441803,4.444562911987305,0.2213329676925986,0.22032075384251748,0.21903225942057866
864,0.9173242449760437,0.9233098030090332,0.22218750417232513,4.451202392578125,0.22262884330011645,0.2214086994726712,0.22025628079214157
865,0.9194140434265137,0.9227807521820068,0.22234374284744263,4.478693962097168,0.221753543284903,0.2213065407346481,0.21989939445126042
866,0.918164074420929,0.9208580851554871,0.22187499701976776,4.457289218902588,0.22203380377851722,0.2210534635407087,0.2199059392912815
867,0.9174023270606995,0.9236434698104858,0.22242186963558197,4.451309680938721,0.2229607172345453,0.221537130681845,0.22067438027254271
868,0.9172265529632568,0.9276506304740906,0.22328124940395355,4.465028285980225,0.22431981275539606,0.22232677040193102,0.2212858151900974
869,0.9215429425239563,0.911313533782959,0.22117187082767487,4.4490203857421875,0.22178336605850632,0.22015556425167568,0.21907461439812242
870,0.9197070598602295,0.9172200560569763,0.22078125178813934,4.463527679443359,0.22068559864156734,0.21970674491305536,0.21855559414566547
871,0.9197461009025574,0.9211755990982056,0.22414062917232513,4.453083038330078,0.2247997843250028,0.22322242138594903,0.22219902388143092
872,0.9192187786102295,0.9194498658180237,0.22078125178813934,4.444366931915283,0.22003438338504683,0.21972384738830492,0.2178658061994112
873,0.9217773675918579,0.915763795375824,0.22093750536441803,4.4643778800964355,0.22077002886536956,0.22022779312002536,0.21886038125965443
874,0.9180663824081421,0.9235983490943909,0.2260156273841858,4.468364715576172,0.2260852832792462,0.2253301981278839,0.22383491772331054
875,0.918749988079071,0.9251657128334045,0.22343750298023224,4.462478160858154,0.22433396399214314,0.22254998544682267,0.22182086150706826
876,0.9159374833106995,0.9306327104568481,0.22984375059604645,4.4708333015441895,0.23042641645711343,0.22923616175784606,0.2282725876642292
877,0.9186328053474426,0.9215332865715027,0.22765624523162842,4.448466777801514,0.2276813120355466,0.22685328861410262,0.22560377340012033
878,0.9159570336341858,0.9322457313537598,0.22968749701976776,4.448427677154541,0.23091673403012575,0.22894331480406052,0.22834867965239417
879,0.9187109470367432,0.9198126792907715,0.2221093773841858,4.438955783843994,0.2225751654421269,0.22163844573210645,0.2204802799083122
880,0.9183202981948853,0.9237573742866516,0.2278124988079071,4.4414167404174805,0.2274885373295563,0.22729857281334404,0.22573149359090883
881,0.9195898175239563,0.9208711981773376,0.2247656285762787,4.462958812713623,0.22547163140382653,0.22399150662402936,0.22287199964357765
882,0.9150976538658142,0.9321840405464172,0.22312499582767487,4.452374458312988,0.22416359431643554,0.22249530943334245,0.22139141393932796
883,0.9173242449760437,0.925060510635376,0.2251562476158142,4.445248603820801,0.2259748290903828,0.22440971409265828,0.2234511409228505
884,0.9168945550918579,0.9279678463935852,0.22257812321186066,4.45298957824707,0.2222550002944383,0.22160771490895276,0.22018600575872588
885,0.9174023270606995,0.9257238507270813,0.22429686784744263,4.45790958404541,0.22471794032874196,0.22370901447939034,0.22249626001007677
886,0.9187109470367432,0.9237591028213501,0.22312499582767487,4.476830959320068,0.22462264440628443,0.22231342189727948,0.22163466997337464
887,0.9168750047683716,0.9308987259864807,0.22453124821186066,4.4748640060424805,0.22497670582559748,0.22377649581919667,0.22255343283175277
888,0.91796875,0.9246664643287659,0.22257812321186066,4.45610237121582,0.2230480688081618,0.22167386087940388,0.22029401968028867
889,0.9204297065734863,0.918122410774231,0.22578124701976776,4.441635608673096,0.22622241111128735,0.22517049212271778,0.22382822256212678
890,0.9194726347923279,0.9203831553459167,0.22101563215255737,4.442809104919434,0.22219504113760077,0.22029163603339824,0.21939262378856864
891,0.919726550579071,0.9190980792045593,0.21968750655651093,4.448474884033203,0.22110887193274315,0.21895777304441671,0.21830130530573924
892,0.9208593964576721,0.9192665219306946,0.2221093773841858,4.459905624389648,0.22208555327776638,0.2214514666910869,0.21992832632228373
893,0.9209570288658142,0.9181770086288452,0.22382812201976776,4.445395469665527,0.22461994423739098,0.2230981931588709,0.22190511342857822
894,0.9192773699760437,0.919394850730896,0.2224999964237213,4.440433502197266,0.2226284044143368,0.22174424415954685,0.22019383293339315
895,0.9181835651397705,0.921638011932373,0.2219531238079071,4.4632439613342285,0.22202125576869264,0.22135997533095625,0.22001202791908883
896,0.9212109446525574,0.9150208234786987,0.22367186844348907,4.442777633666992,0.22380625990386294,0.22270018667075814,0.22153776467316064
897,0.9194921851158142,0.9191020131111145,0.2253125011920929,4.434173107147217,0.22568416527056157,0.22461011897834363,0.2234547451438011
898,0.9211719036102295,0.9154344797134399,0.22484375536441803,4.433290004730225,0.225421776813809,0.22406276946825274,0.22306769638075347
899,0.9221093654632568,0.9142503142356873,0.22039061784744263,4.455264091491699,0.2216593369461023,0.22001359663717346,0.21894758182225416
900,0.9191796779632568,0.9192264080047607,0.22453124821186066,4.417881965637207,0.2250560316407992,0.22386577021377368,0.22243923312523917
901,0.9217968583106995,0.9123737215995789,0.2228125035762787,4.445690155029297,0.22419203899661455,0.2222756799231375,0.2211515990035147
902,0.9225780963897705,0.9087611436843872,0.22382812201976776,4.451117038726807,0.2252013736486423,0.22313929758195045,0.22222975382514182
903,0.9196093678474426,0.9174778461456299,0.22359375655651093,4.4724040031433105,0.2243265132892374,0.22323272264866023,0.22187715588854873
904,0.9188085794448853,0.9213336706161499,0.2212499976158142,4.465566158294678,0.22164069043431173,0.22049917777203148,0.21928991458059272
905,0.9160351753234863,0.9280799031257629,0.2272656261920929,4.450353622436523,0.22839410673842647,0.2266933818509212,0.22548523908670076
906,0.9188085794448853,0.9207643866539001,0.22226563096046448,4.434589385986328,0.22286150254834675,0.22158427018159038,0.22064706110811
907,0.9206836223602295,0.9163185358047485,0.22632811963558197,4.436154842376709,0.22633762759515227,0.22553249375429127,0.22404360442435484
908,0.9184960722923279,0.9246863722801208,0.22554688155651093,4.475693225860596,0.22614582718468695,0.22470431386440123,0.22366589280189353
909,0.9209374785423279,0.9189491271972656,0.22328124940395355,4.473722457885742,0.22384418196083117,0.22267769014300962,0.22151507176722807
910,0.9183788895606995,0.9211713671684265,0.2221093773841858,4.464214324951172,0.22315760204310453,0.22150692323944038,0.22062475472381426
911,0.9202929735183716,0.9190050363540649,0.22132812440395355,4.4509992599487305,0.2215723102346081,0.22043673015869558,0.21934134646248046
912,0.9207226634025574,0.9129574298858643,0.22695311903953552,4.436293125152588,0.22598839303287105,0.22604857120063604,0.22436660647058815
913,0.9202929735183716,0.9165180325508118,0.22171874344348907,4.45042610168457,0.22237280542815194,0.22101364810615542,0.21977080474703248
914,0.9213671684265137,0.9137317538261414,0.22109374403953552,4.456301689147949,0.22102499073260212,0.22048869871123997,0.2189189368102792
915,0.9196093678474426,0.9195889830589294,0.22523437440395355,4.429910182952881,0.22608417763508012,0.2247599207596003,0.22355085448027368
916,0.9195898175239563,0.9159443378448486,0.22289063036441803,4.447231292724609,0.22312981153161388,0.22231587311363377,0.22114787088311558
917,0.919921875,0.9168527722358704,0.22304686903953552,4.456068515777588,0.2235914623746502,0.222302495629018,0.22121548257998386
918,0.9183788895606995,0.9229199886322021,0.2251562476158142,4.443441390991211,0.2254357442471024,0.2243667153153601,0.22318936895145558
919,0.9213476777076721,0.9171093106269836,0.22499999403953552,4.426616191864014,0.22490911205828087,0.22421735478663601,0.22312865924678332
920,0.9212890863418579,0.9141408801078796,0.22257812321186066,4.458819389343262,0.22291585615491158,0.22166250372890595,0.22051825536132086
921,0.9199609160423279,0.9168790578842163,0.22421875596046448,4.470402240753174,0.22373512355147476,0.22322598178956077,0.22173029294543126
922,0.9180468916893005,0.9263969659805298,0.22429686784744263,4.447465896606445,0.22522044414521297,0.22362416757574743,0.22260012123058864
923,0.9214453101158142,0.9164493680000305,0.22523437440395355,4.450865268707275,0.22670625502960418,0.22452153203583705,0.22387432528763396
924,0.9198828339576721,0.918815553188324,0.22734375298023224,4.411221504211426,0.22903393524921634,0.22663836581660202,0.22589344457104815
925,0.9208984375,0.9173681139945984,0.2244531214237213,4.4509687423706055,0.22469023565391597,0.2237443725590888,0.22227319489909597
926,0.9191210865974426,0.9213648438453674,0.22570312023162842,4.455006122589111,0.2268840037308552,0.2249578451243886,0.2239152336721258
927,0.9185937643051147,0.9231835007667542,0.22367186844348907,4.4671454429626465,0.2244062431785066,0.22295147375204272,0.22195768445949837
928,0.9191210865974426,0.9185993671417236,0.22101563215255737,4.447973728179932,0.22170600420421088,0.22008847061249093,0.21912013467798455
929,0.9195312261581421,0.9188997745513916,0.21968750655651093,4.453779697418213,0.22048579371239654,0.21887550531333305,0.21793801319997586
930,0.9206249713897705,0.9141145944595337,0.21960937976837158,4.444075107574463,0.21938751035833098,0.2188051908448187,0.21724153572663796
931,0.9223242402076721,0.9093494415283203,0.22093750536441803,4.443703651428223,0.2201415346944452,0.22001201695609104,0.2181933571274145
932,0.9199609160423279,0.9174739718437195,0.2260156273841858,4.446916580200195,0.22655476389999643,0.2254812684512773,0.22433651379640168
933,0.9207617044448853,0.9163715839385986,0.22265625,4.44664192199707,0.2232177073370278,0.22210815268151568,0.22124768887108232
934,0.9166210889816284,0.9270071983337402,0.22289063036441803,4.463682651519775,0.22319631842635335,0.22219741782813562,0.2208900270547555
935,0.9183398485183716,0.9237170219421387,0.22398437559604645,4.455365180969238,0.2245537828695675,0.22345454894007777,0.22206895385422343
936,0.9164257645606995,0.9303209185600281,0.22609375417232513,4.44005012512207,0.22764975073150673,0.2254414995400678,0.22444706406351456
937,0.9179101586341858,0.9230603575706482,0.2264062464237213,4.434849739074707,0.22830248638718553,0.22592433000665446,0.2251852644832732
938,0.919140636920929,0.9179306626319885,0.22828124463558197,4.4211106300354,0.22978663801833327,0.22773989339371206,0.2270315493324533
939,0.9199023246765137,0.918800950050354,0.22953124344348907,4.421891689300537,0.22993878729397513,0.22898080280762328,0.22770406902302417
940,0.9196093678474426,0.9169122576713562,0.22421875596046448,4.451155185699463,0.22585807144751058,0.22372030126734968,0.2230240830842064
941,0.9225000143051147,0.910637617111206,0.224609375,4.446348190307617,0.22519382379284922,0.22416159831262397,0.22259781391486846
942,0.9219140410423279,0.9134916067123413,0.22453124821186066,4.419394493103027,0.2252543383662356,0.2239538823199413,0.22263493957861982
943,0.919726550579071,0.914090633392334,0.22374999523162842,4.428191661834717,0.22418548720083092,0.22317465962730476,0.221975085879346
944,0.9192773699760437,0.9203138947486877,0.22687500715255737,4.465185165405273,0.22808070126514324,0.22662765684262365,0.22561479792736433
945,0.9216210842132568,0.9093802571296692,0.2267187535762787,4.4270548820495605,0.22837018022939837,0.2264594143360561,0.2258573162476038
946,0.9223437309265137,0.9115628600120544,0.22882813215255737,4.411497592926025,0.22900502785925123,0.22827894471908178,0.2268591586125837
947,0.9197461009025574,0.9138880372047424,0.22546875476837158,4.426967144012451,0.22613907784955223,0.22503563767466186,0.2235881102352663
948,0.922167956829071,0.907961905002594,0.2260156273841858,4.440761089324951,0.22641011858482138,0.2256005369068591,0.22406274815295252
949,0.920117199420929,0.9158530235290527,0.22570312023162842,4.444368362426758,0.22736403719192633,0.22535898177527658,0.2247367785174427
950,0.9185351729393005,0.9216663837432861,0.22484375536441803,4.442870616912842,0.22557879598134067,0.22460966769294685,0.22338231674764464
951,0.9177929759025574,0.9170240163803101,0.22523437440395355,4.449148654937744,0.22591698160932286,0.2249820957788515,0.22366701682587314
952,0.9178906083106995,0.9206830859184265,0.2251562476158142,4.448912620544434,0.22615794661347072,0.22453843979250737,0.22370574356660397
953,0.9216992259025574,0.9110060930252075,0.22812500596046448,4.45130729675293,0.22837970210994155,0.22748633102029386,0.22631972497441605
954,0.9212109446525574,0.9125385284423828,0.23140625655651093,4.423424243927002,0.23152363169361173,0.2308849030090287,0.22932282725520495
955,0.9208008050918579,0.9137753248214722,0.2271093726158142,4.422756195068359,0.227647950198449,0.2264617012746778,0.2251016645504634
956,0.9203515648841858,0.9131125807762146,0.22773437201976776,4.441792011260986,0.2280385992617514,0.2270752289510386,0.2258419200713432
957,0.9218554496765137,0.9096924662590027,0.22695311903953552,4.449188232421875,0.22705418459624344,0.22644270573033026,0.22492289474401245
958,0.9183398485183716,0.9170099496841431,0.22499999403953552,4.440466403961182,0.22600556375252634,0.22449253679403466,0.2232098095997701
959,0.9190624952316284,0.9194144606590271,0.2244531214237213,4.438480377197266,0.22467492902152222,0.22391397585066203,0.22221023700310016
960,0.9195703268051147,0.920056164264679,0.22773437201976776,4.4318318367004395,0.22972782891166937,0.22734479708501915,0.22657291455417045
961,0.9196484088897705,0.9164188504219055,0.22765624523162842,4.424591541290283,0.22860147291063265,0.22704459006040045,0.22595189130726592
962,0.9188867211341858,0.9173167943954468,0.22804687917232513,4.436755657196045,0.22914308181348889,0.22730115180063865,0.22633094894733152
963,0.9219335913658142,0.9113608598709106,0.2264062464237213,4.441160678863525,0.22764302585162033,0.22556493769652605,0.22445604461832314
964,0.9204491972923279,0.9128554463386536,0.2299218773841858,4.447391510009766,0.23013685472742618,0.2292864509452055,0.22775896865943437
965,0.9229491949081421,0.9069154858589172,0.23039062321186066,4.4283294677734375,0.2314541678799101,0.22963234572830243,0.22852080066379832
966,0.9214648604393005,0.908287763595581,0.22804687917232513,4.423163890838623,0.22847033745362216,0.22753105260677473,0.22606121893385814
967,0.9187890887260437,0.9149918556213379,0.22953124344348907,4.412592887878418,0.22993206243578873,0.2288670336259547,0.22733696226567685
968,0.9218945503234863,0.9065471887588501,0.2325781285762787,4.415369987487793,0.2332461940597447,0.23194238217108357,0.23067527911480185
969,0.920214831829071,0.9164597988128662,0.2290624976158142,4.425821304321289,0.22973157222731055,0.22814226486745975,0.22686534809039743
970,0.9198632836341858,0.9184688329696655,0.2331250011920929,4.41744327545166,0.2337965841014074,0.23215802222580367,0.2307827287555617
971,0.9209179878234863,0.9105827212333679,0.23234374821186066,4.416688442230225,0.23320348733058377,0.23169386608498954,0.23037648539325806
972,0.9211328029632568,0.9098103046417236,0.22953124344348907,4.433859348297119,0.2311007681457961,0.22926910548063023,0.22779871217424347
973,0.9199414253234863,0.91400545835495,0.2297656238079071,4.443573474884033,0.23106134325993768,0.22930339446321582,0.2284397686991336
974,0.9183008074760437,0.9174281358718872,0.23046875,4.414107322692871,0.23159087097014908,0.23001099104782194,0.2287011543807082
975,0.9210351705551147,0.910627007484436,0.2297656238079071,4.4285807609558105,0.2305714486998593,0.22906992982224672,0.22775677052051502
976,0.9199804663658142,0.9126026630401611,0.22914062440395355,4.431390285491943,0.23045991818186887,0.2288532388227445,0.22771710188324132
977,0.92041015625,0.9127346277236938,0.2292187511920929,4.422269344329834,0.2306107454589864,0.22845041733133448,0.22758980377783844
978,0.9216601848602295,0.9084678888320923,0.2303124964237213,4.429715156555176,0.2316948257062794,0.22965880930663782,0.22907163863216443
979,0.9194531440734863,0.9120150208473206,0.2265625,4.441925048828125,0.22809770985517192,0.22605371808482017,0.22526187890020644
980,0.9226757884025574,0.9112430810928345,0.23000000417232513,4.4246826171875,0.23141200784390087,0.22953211328752782,0.22864275588633626
981,0.9192578196525574,0.9179035425186157,0.22546875476837158,4.457320213317871,0.22689238145686402,0.2251028974369862,0.2240608255987644
982,0.9215624928474426,0.9139666557312012,0.23195312917232513,4.417592525482178,0.2333916947807163,0.23140624057918582,0.23053999377326384
983,0.9183984398841858,0.9198026061058044,0.2299218773841858,4.431476593017578,0.23241818521873459,0.22965217414211375,0.22900002002757064
984,0.9219726324081421,0.9114955067634583,0.2272656261920929,4.433967113494873,0.22934378812197947,0.22703005133910764,0.22629845718776717
985,0.9205663800239563,0.910553514957428,0.22828124463558197,4.442089080810547,0.22923434978924367,0.22782398871281198,0.22663090453418996
986,0.921875,0.9059529900550842,0.22617188096046448,4.453751087188721,0.22718929848143615,0.2258553521445902,0.22441614155831335
987,0.92138671875,0.9109244346618652,0.22750000655651093,4.414694309234619,0.22851493126916483,0.22726574942481306,0.22600956318897997
988,0.9222851395606995,0.9025648236274719,0.22374999523162842,4.418431282043457,0.22472394690818287,0.2232602386012663,0.22201685210819166
989,0.9237890839576721,0.9039270877838135,0.22929687798023224,4.422083854675293,0.23000972189857072,0.22885809271036234,0.22754779472809883
990,0.9216601848602295,0.9112641215324402,0.2290624976158142,4.401442050933838,0.22996062351206403,0.22855875229541606,0.22734163195094456
991,0.9201953411102295,0.9130238890647888,0.2265625,4.421860218048096,0.22819868918879238,0.22602203591891634,0.22503492353830637
992,0.9202734231948853,0.9163469672203064,0.22812500596046448,4.436227321624756,0.2293567823116449,0.22780919663880653,0.22676268154344262
993,0.9183593988418579,0.9165785908699036,0.22773437201976776,4.436306953430176,0.2286109912953559,0.22723151736109998,0.22599859023153523
994,0.9202343821525574,0.9139652848243713,0.22593750059604645,4.441318035125732,0.2273189776151467,0.22542777408723727,0.22432357704669237
995,0.9211719036102295,0.9146328568458557,0.23140625655651093,4.416030406951904,0.23249761604732488,0.23101437365319452,0.2298655236107088
996,0.9194531440734863,0.9167908430099487,0.2253125011920929,4.430498123168945,0.22734224746627751,0.22474919399494117,0.22402356835428777
997,0.9217382669448853,0.9085482954978943,0.22757811844348907,4.430198669433594,0.22806433823264424,0.22701124080655438,0.2256503160807124
998,0.9212695360183716,0.9120886921882629,0.22609375417232513,4.445722579956055,0.22661851424668228,0.22577336025700764,0.2244424357592796
999,0.9198828339576721,0.9162584543228149,0.22539062798023224,4.454080104827881,0.2268393167179155,0.2250253993855998,0.22402921443349774
