epoch,accuracy,loss,val_accuracy,val_loss,val_precision,val_recall,val_f1
0,0.0040429686196148396,11.142255783081055,0.0031250000465661287,10.600635528564453,0.0036165178260989315,0.0030290518000173254,0.0027095848144816463
1,0.0059960936196148396,10.734893798828125,0.0036718749906867743,10.343944549560547,0.003961232771634859,0.0036440690441218717,0.0035359097735852187
2,0.007148437667638063,10.410178184509277,0.0053125000558793545,10.12804889678955,0.005450003640335202,0.005223072013825667,0.005008514367291338
3,0.010371093638241291,10.100966453552246,0.004921874962747097,9.923239707946777,0.0046065823098394906,0.004858042273987709,0.004511502862571489
4,0.012500000186264515,9.817688941955566,0.004921874962747097,9.723811149597168,0.004733271702454216,0.004831593647825755,0.004478721136354391
5,0.016386719420552254,9.545358657836914,0.005859375,9.533772468566895,0.005524534860708917,0.005770032484424395,0.005499710703838716
6,0.019707031548023224,9.280028343200684,0.005703125149011612,9.344711303710938,0.005429490255749265,0.005596819281486379,0.00535039380785791
7,0.024726562201976776,9.02000904083252,0.0063281250186264515,9.157806396484375,0.0061915405198649884,0.006236349275412779,0.006033011110851039
8,0.03130859509110451,8.767997741699219,0.007656250149011612,8.968700408935547,0.007687507838340855,0.007442200683825765,0.0071273960340742515
9,0.037226561456918716,8.515885353088379,0.009218749590218067,8.771822929382324,0.009035510918819326,0.00907146658408007,0.008541110134877582
10,0.04566406086087227,8.262137413024902,0.009531250223517418,8.571371078491211,0.00923266470051802,0.009364737282440118,0.008873513532063027
11,0.054218750447034836,8.016766548156738,0.01171875,8.370984077453613,0.01186033097447197,0.01153968194288602,0.01094400450325086
12,0.06296875327825546,7.767821788787842,0.012968749739229679,8.174753189086914,0.01222239945642277,0.012703522753123916,0.011880721571169987
13,0.07146484404802322,7.5458598136901855,0.016093749552965164,7.991002082824707,0.01552681931467666,0.015889620996799067,0.014994682475264035
14,0.08343750238418579,7.314694404602051,0.018437499180436134,7.816669464111328,0.017306251069738397,0.018066442533159394,0.01700903540853871
15,0.09517578035593033,7.100038528442383,0.020390624180436134,7.645791530609131,0.020489037477272345,0.019995122206231734,0.019204848589047214
16,0.10697265714406967,6.8998847007751465,0.022968750447034836,7.485586643218994,0.022568269826745698,0.022527462098872277,0.02142314671930004
17,0.12091796845197678,6.696234703063965,0.025624999776482582,7.3260016441345215,0.024603093851885263,0.025169686904787443,0.023862269654808976
18,0.13439452648162842,6.49594259262085,0.028750000521540642,7.165764331817627,0.0280725630946817,0.028219759083062592,0.026980535490315982
19,0.15175780653953552,6.29865837097168,0.032890625298023224,7.006460666656494,0.031083743513596176,0.03227590314933621,0.03030444775110073
20,0.1669921875,6.108014106750488,0.03703124821186066,6.855262279510498,0.034606418554445594,0.03622104497558652,0.03408564351806294
21,0.18501953780651093,5.919389247894287,0.04234375059604645,6.70600700378418,0.040330762099705555,0.04150006609748468,0.03934712620151003
22,0.20255859196186066,5.738267421722412,0.048359375447034836,6.556859016418457,0.045937782630815535,0.047440055834529045,0.045145167978800346
23,0.2229296863079071,5.56153678894043,0.05265624821186066,6.41249942779541,0.05096924455167755,0.05185351961298527,0.0497579963417353
24,0.23992186784744263,5.381922721862793,0.05867187678813934,6.2680158615112305,0.056452115158384,0.05785238039283307,0.05515446120658962
25,0.26148438453674316,5.207165718078613,0.06726562231779099,6.122549533843994,0.06523142368954775,0.06627617092056566,0.06353716045733224
26,0.28273436427116394,5.0323309898376465,0.07187499850988388,5.9888482093811035,0.06926627895442244,0.07086721001042798,0.06788715775713972
27,0.30113279819488525,4.870552062988281,0.08054687827825546,5.848813533782959,0.07923344922587731,0.07955932094305118,0.07723534211140859
28,0.3228710889816284,4.708235740661621,0.08976562321186066,5.715604782104492,0.08772337012389855,0.08859352847244156,0.08591218288656441
29,0.34496092796325684,4.556253433227539,0.09898437559604645,5.590916633605957,0.09543625728393011,0.09770123475286815,0.09450444876708232
30,0.36613282561302185,4.399217128753662,0.10710937529802322,5.465047836303711,0.10388915936567333,0.10572514126459456,0.10278128042805938
31,0.38619139790534973,4.261688709259033,0.11546874791383743,5.3464860916137695,0.11292167285345162,0.11397016912601549,0.11136609177966726
32,0.4071093797683716,4.11031436920166,0.12523438036441803,5.232592582702637,0.12261510960944766,0.12375783071764518,0.12094739641306339
33,0.42585936188697815,3.9858875274658203,0.13320311903953552,5.123934268951416,0.13133868665720466,0.13164817032800888,0.12940211731824391
34,0.4484179615974426,3.845731735229492,0.14687499403953552,5.015700817108154,0.1455399158841632,0.14535491615958304,0.1431408232124003
35,0.46248045563697815,3.7303261756896973,0.15226562321186066,4.920437812805176,0.1514686143363328,0.15085333736617143,0.14847138274752197
36,0.48287108540534973,3.6154139041900635,0.1665624976158142,4.820903778076172,0.16497372286462317,0.1650654206936582,0.1625935494535274
37,0.4972460865974426,3.507772207260132,0.1717187464237213,4.726754665374756,0.17004396043682488,0.1703810889763892,0.16781357415502143
38,0.512988269329071,3.3935651779174805,0.1778906285762787,4.641898155212402,0.17711522028309037,0.17636525740387393,0.17420210564517633
39,0.5321875214576721,3.2874927520751953,0.18726561963558197,4.562237739562988,0.18708451353482752,0.18586938522181995,0.1839723094045828
40,0.544628918170929,3.194472312927246,0.19804687798023224,4.480994701385498,0.19743293995310685,0.1965720815427055,0.19460640118730876
41,0.5623632669448853,3.105137586593628,0.20289061963558197,4.40371561050415,0.2010994391938277,0.201448600600673,0.19905390301779768
42,0.5733984112739563,3.022408962249756,0.21070311963558197,4.335755825042725,0.2108713282837714,0.20930111235464918,0.20779971804622516
43,0.5930859446525574,2.9287595748901367,0.22046874463558197,4.25881814956665,0.22115597539545429,0.2190733847184583,0.2175864207658128
44,0.6018164157867432,2.849684476852417,0.22484375536441803,4.193698883056641,0.22413997082974474,0.22342257893365614,0.22119318112619113
45,0.6153320074081421,2.7759592533111572,0.23398438096046448,4.132983207702637,0.23379314540488533,0.23262896923603943,0.23057543829633348
46,0.6260937452316284,2.7026352882385254,0.24187499284744263,4.0687713623046875,0.24228288403346698,0.2404111400854687,0.23873514196185033
47,0.6365429759025574,2.6382248401641846,0.24375000596046448,4.01408576965332,0.2439791372378973,0.24250756446456978,0.24067856385388725
48,0.6512304544448853,2.5678746700286865,0.2521093785762787,3.9577982425689697,0.2518176762033613,0.2509015378071723,0.2487623686921802
49,0.6592187285423279,2.497596263885498,0.2586718797683716,3.8927717208862305,0.25940275010537767,0.2572793639034463,0.25583849187233665
50,0.6717578172683716,2.436347007751465,0.2649218738079071,3.84773325920105,0.2656628704225037,0.2638050620942526,0.26218028681847694
51,0.682324230670929,2.379563093185425,0.2688281238079071,3.79811954498291,0.2690286824282105,0.26741974025053294,0.2655499317085968
52,0.6892187595367432,2.331774950027466,0.2732812464237213,3.7584357261657715,0.2736916334412708,0.271932265690927,0.2704168644039089
53,0.6950585842132568,2.278933525085449,0.27562499046325684,3.7191693782806396,0.2756609314501043,0.27410767439363826,0.2726297351324357
54,0.7047656178474426,2.2247114181518555,0.28617188334465027,3.6661715507507324,0.28684452588681575,0.2848941457686764,0.2834467720776105
55,0.7117382884025574,2.181114673614502,0.2906250059604645,3.6312923431396484,0.2905329556520386,0.28894925799006455,0.28690929411357113
56,0.7217187285423279,2.1368792057037354,0.2943750023841858,3.58915638923645,0.29448377717800467,0.29305817822847435,0.290974330564101
57,0.7285351753234863,2.087244987487793,0.3011718690395355,3.5492310523986816,0.30076355872900096,0.30003806442583797,0.297844799432448
58,0.7303906083106995,2.0540239810943604,0.30671873688697815,3.500699043273926,0.3081942501479469,0.3054730844706407,0.30382846983617917
59,0.7422265410423279,2.007739782333374,0.3063281178474426,3.468428611755371,0.3060952299568424,0.30517853691562535,0.303372353456438
60,0.7519921660423279,1.964451789855957,0.31226563453674316,3.4281411170959473,0.3133812834076929,0.3108835842992443,0.30936123102799207
61,0.7575390338897705,1.9232133626937866,0.31968748569488525,3.3881020545959473,0.31971773638516715,0.3182968964372198,0.316570063665553
62,0.7577148675918579,1.9014198780059814,0.32273438572883606,3.3657066822052,0.32360518839241287,0.3212913900434815,0.32001876823137376
63,0.7658398151397705,1.8593506813049316,0.3272656202316284,3.3381292819976807,0.32773924160602086,0.32543416330673114,0.3235327986988249
64,0.7659375071525574,1.8394562005996704,0.3288281261920929,3.3157296180725098,0.32866538455195926,0.327449630520024,0.3254528165536754
65,0.7706640362739563,1.8057336807250977,0.3295312523841858,3.2901697158813477,0.32842687918592206,0.3277998801788842,0.3255443432868859
66,0.7769336104393005,1.7757033109664917,0.3363281190395355,3.255991220474243,0.33789338313034045,0.33490261918537934,0.3341003500325975
67,0.7779492139816284,1.755163550376892,0.3382031321525574,3.227309465408325,0.3388592968372858,0.33684215155811636,0.33519153114297284
68,0.7880859375,1.716459035873413,0.34421876072883606,3.194286823272705,0.34565709069232736,0.34324040693999336,0.3417514086498069
69,0.7919140458106995,1.6871129274368286,0.35249999165534973,3.169504165649414,0.35353956362032446,0.3511882927145704,0.34947768343340124
70,0.7908398509025574,1.6735833883285522,0.35273438692092896,3.155898094177246,0.35501426991548773,0.3514593495333258,0.35051827169881683
71,0.7949414253234863,1.6501681804656982,0.3542187511920929,3.1236486434936523,0.3556021902078685,0.35294118170389793,0.35136329900865465
72,0.8027148246765137,1.61262845993042,0.3553124964237213,3.1040496826171875,0.35597910852115616,0.35392556981466716,0.35207400651542964
73,0.8025000095367432,1.603750467300415,0.3631249964237213,3.0783984661102295,0.36369117590908423,0.3621250744640982,0.3604119700408025
74,0.8069921731948853,1.5778166055679321,0.3663281202316284,3.0399703979492188,0.36860627482787894,0.36544226025767323,0.3640578724856048
75,0.8068945407867432,1.5642919540405273,0.36742186546325684,3.037482976913452,0.36798471325176346,0.3659624289391795,0.3640907235034316
76,0.8145117163658142,1.5306330919265747,0.3705468773841858,3.00931453704834,0.3722013213568427,0.3694212524186861,0.3679153170174959
77,0.8165429830551147,1.5199893712997437,0.3723437488079071,2.9928789138793945,0.37276001895981553,0.3709476960883161,0.36915703693353175
78,0.8171484470367432,1.5015438795089722,0.3785156309604645,2.9804699420928955,0.37940883912480283,0.3772876157455909,0.375304946874485
79,0.8215625286102295,1.4821869134902954,0.3804687559604645,2.952775478363037,0.3813092887741427,0.379361078585014,0.3774853004299844
80,0.8253320455551147,1.4601466655731201,0.37757813930511475,2.934361219406128,0.37964396279576657,0.37663546287675664,0.3748292014696452
81,0.8253515362739563,1.44867742061615,0.3785937428474426,2.927281141281128,0.3796209434770379,0.3776065687980789,0.375711782065018
82,0.8261914253234863,1.4333499670028687,0.38109374046325684,2.9034740924835205,0.38215378692346097,0.3798537163079361,0.37821982826854994
83,0.8310742378234863,1.417375087738037,0.38984376192092896,2.8895130157470703,0.3916367616958889,0.38863904813918415,0.38727122219719545
84,0.832714855670929,1.4001471996307373,0.3943749964237213,2.856856107711792,0.3968002751168894,0.3933737015770272,0.39189275470026386
85,0.8334179520606995,1.3858058452606201,0.3970312476158142,2.842926263809204,0.3982195264238637,0.3959962462060095,0.3942096551153991
86,0.8316797018051147,1.3813453912734985,0.3893750011920929,2.8380205631256104,0.3898690634756944,0.3879706409463289,0.38615285307883007
87,0.8346288800239563,1.3640398979187012,0.38929688930511475,2.829427480697632,0.39046816971279585,0.38813805870054785,0.38616897852027754
88,0.8394922018051147,1.3452425003051758,0.3982812464237213,2.811790704727173,0.40029911117831396,0.3972537836882181,0.3957448088874776
89,0.8415429592132568,1.332467794418335,0.39695313572883606,2.8023810386657715,0.3985481907135091,0.39576122736423885,0.39434760254476486
90,0.8405078053474426,1.331692099571228,0.3989843726158142,2.7914323806762695,0.4002422783351641,0.39814951831922485,0.39651038099203195
91,0.8435742259025574,1.3133047819137573,0.4098437428474426,2.765176296234131,0.4120324540646967,0.40906712643828064,0.40748909661375476
92,0.8449413776397705,1.3027052879333496,0.40312498807907104,2.7475016117095947,0.40513659895013565,0.4020367203405972,0.40078913947460754
93,0.8477929830551147,1.2821155786514282,0.4021874964237213,2.7496631145477295,0.4046965761079624,0.4006340625931772,0.3996181883871377
94,0.8485546708106995,1.2810572385787964,0.41023436188697815,2.7367238998413086,0.4118819368992752,0.4091160558240049,0.4076862237184151
95,0.8493359088897705,1.2715436220169067,0.4139062464237213,2.710174560546875,0.4150989783402265,0.41275553655288283,0.4113653385819877
96,0.8512304425239563,1.2543138265609741,0.4119531214237213,2.7058651447296143,0.41286263564467635,0.41104559786312306,0.40895095585414404
97,0.8559179902076721,1.2405822277069092,0.4196093678474426,2.6799094676971436,0.4213668101226983,0.4186313776715025,0.4173603345607045
98,0.8491992354393005,1.2428818941116333,0.41703125834465027,2.681072473526001,0.4183482425116128,0.4159071693014725,0.41424836713972196
99,0.8535546660423279,1.2311596870422363,0.41945311427116394,2.654754638671875,0.4210855927948374,0.4182091810522196,0.4165748618551549
100,0.8538671731948853,1.2236424684524536,0.42359375953674316,2.656121253967285,0.42586043113435607,0.4224816472797906,0.4212019956211937
101,0.8569921851158142,1.2109265327453613,0.42679688334465027,2.6372451782226562,0.4287323890445496,0.4252339293325055,0.4243796862135456
102,0.859667956829071,1.196609616279602,0.42585936188697815,2.628952980041504,0.42831406452596654,0.4248759791452832,0.42353869569048136
103,0.8598828315734863,1.1904473304748535,0.4284375011920929,2.61635160446167,0.4305737171812443,0.4274093400207743,0.426203498412668
104,0.8596289157867432,1.1852059364318848,0.4300000071525574,2.6129379272460938,0.431584654689125,0.42874454877011703,0.42738324606081013
105,0.861523449420929,1.1751835346221924,0.42890626192092896,2.614492893218994,0.43160803353748367,0.42793309515696437,0.4270437928779556
106,0.8624023199081421,1.1728789806365967,0.42867186665534973,2.594836473464966,0.42974529141616236,0.42756478528305736,0.4261807810969324
107,0.8630273342132568,1.163891077041626,0.43117186427116394,2.5876305103302,0.43205369543755523,0.42987571216042314,0.42777560391771696
108,0.8613867163658142,1.1634469032287598,0.43382811546325684,2.5866000652313232,0.43551317572404163,0.4325086832914773,0.4313082507398731
109,0.864062488079071,1.1500011682510376,0.4369531273841858,2.5702829360961914,0.43778454487955265,0.4356642617777442,0.4339187624201818
110,0.86572265625,1.1410330533981323,0.4399999976158142,2.5672287940979004,0.44292184468281337,0.4386282631007162,0.43748202045581536
111,0.8661327958106995,1.1307525634765625,0.43265625834465027,2.5529134273529053,0.43469434036712906,0.43124007709229584,0.430198359308806
112,0.8650000095367432,1.1380079984664917,0.4353906214237213,2.5673940181732178,0.43772870892796173,0.4340117534124175,0.43299582587857466
113,0.8621679544448853,1.1337488889694214,0.4407031238079071,2.5455801486968994,0.44174557660963903,0.4390774540332395,0.43741338105037597
114,0.8668164014816284,1.1189669370651245,0.4453125,2.520796775817871,0.4470477292617779,0.444140790621957,0.44268516031592686
115,0.869921863079071,1.1116892099380493,0.44382813572883606,2.5192711353302,0.44479061278746035,0.4424545819903638,0.44071932193515373
116,0.8703320026397705,1.1037054061889648,0.4391406178474426,2.526789665222168,0.4399060672682522,0.43765685516828196,0.4360252703742311
117,0.869140625,1.1022427082061768,0.45164063572883606,2.4954864978790283,0.4537013585653855,0.45015150827702866,0.4488535839039016
118,0.868359386920929,1.094516396522522,0.4529687464237213,2.4889895915985107,0.45435281746081135,0.45182073529484124,0.4505470947561874
119,0.8711327910423279,1.0901055335998535,0.45335936546325684,2.4804928302764893,0.45419501169008825,0.45217811711301503,0.45069278006164093
120,0.8705078363418579,1.0901463031768799,0.44773438572883606,2.4792520999908447,0.4504430057942227,0.44675268547929636,0.44545087688239066
121,0.8720898628234863,1.0783019065856934,0.4471093714237213,2.475783109664917,0.44910018066261015,0.44582226746631304,0.44452943953424023
122,0.872851550579071,1.0743227005004883,0.4481250047683716,2.4752495288848877,0.4505294044911483,0.44659542555065546,0.44523190797110224
123,0.8758203387260437,1.0666718482971191,0.4603906273841858,2.4491677284240723,0.46267952187189487,0.45920215928508945,0.4577265327119143
124,0.8724414110183716,1.068395733833313,0.45765626430511475,2.4436354637145996,0.45859080142207265,0.45640629977595515,0.45452168597169135
125,0.8743554949760437,1.0627110004425049,0.44968751072883606,2.4571502208709717,0.4520824062446726,0.4486889740646344,0.4472496206400518
126,0.875,1.056312084197998,0.45601561665534973,2.443279981613159,0.45838703286603727,0.45473275164386967,0.4538038536945981
127,0.8783984184265137,1.0487771034240723,0.4620312452316284,2.4333441257476807,0.46362920392788,0.46068649936813494,0.4597022309059406
128,0.8758007884025574,1.0450613498687744,0.4567187428474426,2.4391772747039795,0.4580509722493714,0.45530429542362916,0.45365563549455135
129,0.8777929544448853,1.0407127141952515,0.4623437523841858,2.4174985885620117,0.46570262366977777,0.4613440079918822,0.4604443392803856
130,0.8791797161102295,1.035613775253296,0.45703125,2.426273822784424,0.4594558557044182,0.45533230860085727,0.45441656573043404
131,0.8796484470367432,1.0272334814071655,0.46046873927116394,2.4236810207366943,0.46203862589767175,0.4591305855503569,0.4576331022831789
132,0.878710925579071,1.0318779945373535,0.4605468809604645,2.4210617542266846,0.4631860883706261,0.4590485362408143,0.4577696407571764
133,0.8780273199081421,1.025474190711975,0.46265625953674316,2.414052724838257,0.4648712331164292,0.4614381367631325,0.46053619018112335
134,0.8783203363418579,1.0268040895462036,0.46226561069488525,2.4026007652282715,0.4638405904300358,0.4609299323429553,0.45965193620558786
135,0.8801953196525574,1.0148203372955322,0.47007811069488525,2.382967233657837,0.47198859098831714,0.46883050785085334,0.46767240375524544
136,0.8814843893051147,1.0128673315048218,0.4664062559604645,2.401395082473755,0.4678430674075881,0.4654431359508495,0.46389322057670784
137,0.8801953196525574,1.0091063976287842,0.47593748569488525,2.3650035858154297,0.4765515419133947,0.474608219135309,0.47259848373734054
138,0.8810155987739563,1.0086249113082886,0.4673437476158142,2.3820862770080566,0.4692034848554495,0.46642131280987875,0.4650867058885577
139,0.8816211223602295,1.003452181816101,0.4737499952316284,2.3713114261627197,0.47496164872677304,0.4723997410462317,0.4709201070918947
140,0.8833789229393005,0.9986135959625244,0.46742188930511475,2.3831589221954346,0.46894283518836666,0.4662942034102151,0.46493371516829185
141,0.8825781345367432,0.9997715950012207,0.47437500953674316,2.3661534786224365,0.47715215976790426,0.47323445122984664,0.4716910431158837
142,0.8845508098602295,0.9922831654548645,0.47484374046325684,2.3742706775665283,0.4777858497023022,0.4737882427761088,0.4728332370418678
143,0.8839648365974426,0.9887806177139282,0.4730468690395355,2.3562686443328857,0.47613613528375986,0.4716922704724904,0.4706485393578225
144,0.8862695097923279,0.9818035960197449,0.4832812547683716,2.3349573612213135,0.4860079459494872,0.4824082649134456,0.4811341483222623
145,0.8849023580551147,0.9827820062637329,0.4733593761920929,2.3655753135681152,0.47567475076627397,0.472428105710804,0.47114257719635333
146,0.8847265839576721,0.9807328581809998,0.4790624976158142,2.338249921798706,0.48090723008167235,0.4782042760451856,0.4770061274212254
147,0.8874609470367432,0.9750884771347046,0.4793750047683716,2.3265879154205322,0.48239403327303126,0.47836689207787503,0.4773062850019612
148,0.8846874833106995,0.9745199680328369,0.47757813334465027,2.34097957611084,0.4798613524305334,0.47658949904886816,0.47534865445352037
149,0.8852734565734863,0.9734911918640137,0.4758593738079071,2.3302133083343506,0.47784473145215534,0.47441212017855805,0.4731238787570592
150,0.8865429759025574,0.9723048210144043,0.47968751192092896,2.3332173824310303,0.48317660610682717,0.4786981556494176,0.47810806926200644
151,0.8848828077316284,0.9705612063407898,0.4758593738079071,2.3399081230163574,0.47640885044967285,0.4743575246641959,0.47289442076497035
152,0.8888866901397705,0.9586477875709534,0.47968751192092896,2.3361895084381104,0.4811463205743249,0.4782255798197671,0.4770112273614018
153,0.8887890577316284,0.9624652862548828,0.48875001072883606,2.3171775341033936,0.4913738832667357,0.487650354466832,0.4860691280216215
154,0.8908984661102295,0.9529841542243958,0.48929688334465027,2.307218551635742,0.49265545173002245,0.48800668547081416,0.4874254108015276
155,0.8886914253234863,0.9535818696022034,0.49015626311302185,2.297459602355957,0.49364902990016,0.4890205957959148,0.4880251390735271
156,0.8896093964576721,0.9496690630912781,0.49242186546325684,2.2815232276916504,0.495517152932113,0.49087189741501724,0.4900972117014925
157,0.8890234231948853,0.9515051245689392,0.4937500059604645,2.2836906909942627,0.4970131120960713,0.4925860748679932,0.4914001068059846
158,0.8891406059265137,0.9493403434753418,0.4967968761920929,2.2749295234680176,0.49975935025926327,0.4955893778736481,0.4945859978822693
159,0.8880859613418579,0.9525805711746216,0.49601563811302185,2.2710423469543457,0.497702548963649,0.4945201968166254,0.4929922997621786
160,0.8894726634025574,0.9474661350250244,0.4909375011920929,2.2813005447387695,0.49337077614721186,0.4897469675896817,0.4882089859081741
161,0.8928515911102295,0.9352520108222961,0.49601563811302185,2.2728452682495117,0.4984097342535045,0.49489870929582636,0.49357240088766924
162,0.8920312523841858,0.9363633990287781,0.4886718690395355,2.268014430999756,0.4906543993139628,0.48714639891986056,0.48570017399044985
163,0.891894519329071,0.9339126348495483,0.4964062571525574,2.2672698497772217,0.499272111124854,0.4950663998618057,0.49387088415523955
164,0.8909765481948853,0.9356693029403687,0.5,2.2573821544647217,0.5021147142409699,0.49899851215766566,0.49757894714905143
165,0.8900976777076721,0.9375572800636292,0.4942968785762787,2.257938861846924,0.49651559515779364,0.49317184206026726,0.4921825751183315
166,0.8926562666893005,0.9276571869850159,0.494140625,2.2644872665405273,0.49543008367585595,0.4928102385271137,0.4910774079955116
167,0.8911523222923279,0.9333515763282776,0.49210938811302185,2.2621262073516846,0.49460051630321955,0.49152158979162097,0.4901344130231049
168,0.8906835913658142,0.9314807653427124,0.49671876430511475,2.2534101009368896,0.5005666839227632,0.4953094381922974,0.49430778552819626
169,0.8920312523841858,0.9248610734939575,0.4966406226158142,2.2599430084228516,0.49922668277240073,0.49555502848031374,0.4948201478612342
170,0.8922460675239563,0.9278929829597473,0.4938281178474426,2.2611865997314453,0.49650958428459546,0.4927754208343166,0.4917303472215107
171,0.89208984375,0.9258611798286438,0.5003906488418579,2.246990442276001,0.5020431313392122,0.49895404628761875,0.4977938639095506
172,0.8919531106948853,0.9267116785049438,0.4978906214237213,2.249318838119507,0.5000032767782958,0.49682242035452234,0.49565662538689365
173,0.8932031393051147,0.9218409061431885,0.5008593797683716,2.2395777702331543,0.5022998820626863,0.4992837327669577,0.498063894496664
174,0.89599609375,0.9135257005691528,0.5022656321525574,2.2317819595336914,0.5040932400235253,0.5012861564658803,0.49996786366664797
175,0.8949999809265137,0.9142599701881409,0.5025781393051147,2.2412195205688477,0.5060541760161381,0.5014569042509731,0.5006461232528447
176,0.896484375,0.9065864682197571,0.5069531202316284,2.2288432121276855,0.5097291259198786,0.5058820864149203,0.504766532502477
177,0.89404296875,0.9102596044540405,0.5065624713897705,2.232788562774658,0.5090285094068729,0.5053988177618697,0.5038225499153743
178,0.8965234160423279,0.9086481332778931,0.5054687261581421,2.2160909175872803,0.5081475954030875,0.5044382745069318,0.5033047452900814
179,0.8939257860183716,0.910464882850647,0.5029687285423279,2.2325713634490967,0.5054842544390928,0.5016571800393179,0.5008061669242407
180,0.8951953053474426,0.9088914394378662,0.5071874856948853,2.218451976776123,0.5107778471800686,0.5056355620533306,0.504965068587113
181,0.8959765434265137,0.9043571949005127,0.5080468654632568,2.2223758697509766,0.5109435321498506,0.5070557597358077,0.505667460579303
182,0.8974413871765137,0.8969067335128784,0.508593738079071,2.213346481323242,0.511139143001972,0.5075773663999734,0.5058868040640615
183,0.8981054425239563,0.8956995606422424,0.5062500238418579,2.2153306007385254,0.5084993893208185,0.5052614175469579,0.5037973147174957
184,0.8975585699081421,0.899434506893158,0.5060937404632568,2.228222608566284,0.5080107195736681,0.5050215568410579,0.5035151681333859
185,0.8976367115974426,0.9014899730682373,0.5127343535423279,2.192091464996338,0.5152260197434995,0.5113030118560462,0.5103870320501233
186,0.8980859518051147,0.8938620090484619,0.5077343583106995,2.212212324142456,0.5097455679991646,0.5062938494734603,0.5051111379234092
187,0.8988867402076721,0.889090359210968,0.5123437643051147,2.1957361698150635,0.5155450549242966,0.511159358433833,0.5100546883132967
188,0.8957617282867432,0.8961908221244812,0.5067187547683716,2.2062501907348633,0.509208396996986,0.5057120647851332,0.5042499808948766
189,0.8990039229393005,0.8904013633728027,0.5071874856948853,2.1997900009155273,0.5100068487180174,0.5058269032222082,0.5044573432306315
190,0.8980273604393005,0.8910347819328308,0.5099999904632568,2.2002508640289307,0.5126898352501599,0.508923292112323,0.5075307932579008
191,0.8995116949081421,0.8893320560455322,0.5062500238418579,2.207784652709961,0.5084026953491618,0.5052799601013762,0.503767822855934
192,0.9007812738418579,0.8857430219650269,0.5127343535423279,2.1896774768829346,0.5152205379134609,0.5115397478649168,0.5102224609242199
193,0.9007812738418579,0.8810651898384094,0.515625,2.1767358779907227,0.5190690459043167,0.5149137490793125,0.5138087683106922
194,0.8961718678474426,0.8912868499755859,0.5180468559265137,2.1865625381469727,0.5204918601646108,0.5170063278943322,0.5158415300526743
195,0.8983593583106995,0.8829612731933594,0.5135937333106995,2.1877620220184326,0.5158570021608492,0.5123597966838351,0.5111557541722735
196,0.8976953029632568,0.8841421604156494,0.5138280987739563,2.1849985122680664,0.5178217147697969,0.5130043019348006,0.5121881431643885
197,0.8995507955551147,0.8843736052513123,0.5201562643051147,2.1675331592559814,0.523280832263918,0.5191137053326811,0.518002062097428
198,0.8998047113418579,0.8816784024238586,0.5131250023841858,2.1823434829711914,0.5163906422411096,0.5121814233129255,0.5110823959236754
199,0.9006640911102295,0.8802653551101685,0.5124218463897705,2.1742353439331055,0.5148754223450558,0.5111248638701156,0.5102165745413851
200,0.8989062309265137,0.8796218037605286,0.518359363079071,2.1701669692993164,0.521582943735783,0.5173476543648072,0.516319474541205
201,0.9006249904632568,0.877204179763794,0.5171093940734863,2.1677181720733643,0.5197270811362151,0.5160847098024997,0.5150321449756023
202,0.9033203125,0.8696041703224182,0.5198437571525574,2.1670279502868652,0.5222907795497486,0.5187178644528875,0.5178350123442735
203,0.8991992473602295,0.8761623501777649,0.5207812786102295,2.1633450984954834,0.5236474331499332,0.5199166618111508,0.5186933591017866
204,0.9004296660423279,0.874015212059021,0.5201562643051147,2.1551332473754883,0.5231357707171447,0.5191349254528673,0.518214463827323
205,0.9007617235183716,0.8723493814468384,0.520312488079071,2.152092218399048,0.5225250297669732,0.5191546650360332,0.5182496967186427
206,0.90380859375,0.865773618221283,0.524218738079071,2.156392812728882,0.5265680399826679,0.5229403939492347,0.5220536664711242
207,0.9009570479393005,0.8709043264389038,0.5221093893051147,2.1481873989105225,0.5246936674507235,0.5211175120211653,0.519894394468756
208,0.8994726538658142,0.8731692433357239,0.5303124785423279,2.133188247680664,0.5333671687344973,0.5293369523220168,0.5283289050948865
209,0.9008593559265137,0.8705322742462158,0.5256249904632568,2.1563777923583984,0.528614728717447,0.5246002620556547,0.5237051719559929
210,0.9031445384025574,0.8658401370048523,0.5205468535423279,2.1579079627990723,0.5237606395582073,0.5194008027293437,0.5184948863806889
211,0.9025781154632568,0.8661239743232727,0.5263281464576721,2.130338191986084,0.5285647989377849,0.5248731668730788,0.5236658931350022
212,0.9033398628234863,0.8627036809921265,0.5270312428474426,2.1381561756134033,0.5285299294891265,0.5256212317612775,0.5241653993214587
213,0.9035742282867432,0.8625678420066833,0.5267187356948853,2.139610528945923,0.5298272490136468,0.5253881438421381,0.524502550729065
214,0.9011523723602295,0.8640011548995972,0.528124988079071,2.152756452560425,0.5308859737090701,0.5267895882545939,0.5257276720526721
215,0.9039062261581421,0.8618926405906677,0.5239843726158142,2.1556715965270996,0.5274902161297719,0.5231332735735144,0.5220021059195689
216,0.9015234112739563,0.864417314529419,0.5285937786102295,2.1446352005004883,0.5309297335048906,0.5278239879022523,0.5268392325381855
217,0.903515636920929,0.8615787625312805,0.5252344012260437,2.1355245113372803,0.5276240932621996,0.5236239956713726,0.5229863417265478
218,0.9050586223602295,0.8535985350608826,0.524218738079071,2.1382288932800293,0.5270270052711987,0.5230820704669328,0.5223239135251823
219,0.903124988079071,0.8572112321853638,0.5325781106948853,2.141336441040039,0.535480671865113,0.5313844153047678,0.5308068895311409
220,0.9050195217132568,0.8575303554534912,0.5313281416893005,2.121830701828003,0.5343879380597683,0.5299746581853497,0.5289809201786351
221,0.9040234088897705,0.8568769097328186,0.5326562523841858,2.1305654048919678,0.5354111207694667,0.5312853906654551,0.5306544388534885
222,0.9013085961341858,0.8682237267494202,0.5317187309265137,2.1285407543182373,0.5337858780478137,0.53051547648836,0.5294759551420412
223,0.9009374976158142,0.8639586567878723,0.5269531011581421,2.1348657608032227,0.529715090774084,0.5258790883301274,0.5250178984703747
224,0.906542956829071,0.8499058485031128,0.5275781154632568,2.11844539642334,0.5307910443580512,0.5265906496782787,0.5257544043586787
225,0.9057031273841858,0.8510205745697021,0.5285937786102295,2.126595973968506,0.5312226112022875,0.5274026642639587,0.5266629529159713
226,0.9058007597923279,0.8474434614181519,0.5245312452316284,2.133728265762329,0.5273328082628963,0.5228968873127133,0.5218399695808181
227,0.9037890434265137,0.8529621958732605,0.5346093773841858,2.122468948364258,0.5377798583438633,0.5331281517312733,0.5326699046127806
228,0.9063476324081421,0.8500232696533203,0.5278906226158142,2.1294333934783936,0.5306227142675826,0.5268144025474017,0.5261461447010118
229,0.9056835770606995,0.8464619517326355,0.5360156297683716,2.0987913608551025,0.539119159614093,0.5348353987771536,0.5341897231733257
230,0.9069726467132568,0.845466673374176,0.5311718583106995,2.1208086013793945,0.5340504672631048,0.5298098659413449,0.529185073006085
231,0.9066015481948853,0.8490126132965088,0.54296875,2.0819787979125977,0.5462487445669829,0.5416397708437204,0.5408848319120596
232,0.9079296588897705,0.8463338613510132,0.5364843606948853,2.1010820865631104,0.5389941119466903,0.5357156670330584,0.5345961334870998
233,0.9079687595367432,0.8417942523956299,0.5404687523841858,2.0886106491088867,0.5432819886593137,0.5396186680877281,0.538158304434056
234,0.9098437428474426,0.8363381028175354,0.5377343893051147,2.1060738563537598,0.5414023292909131,0.5370019574076456,0.5362736604775811
235,0.9075586199760437,0.8419163227081299,0.5354687571525574,2.1080496311187744,0.5378946007932313,0.5344379585931976,0.533579654745833
236,0.908984363079071,0.8374481201171875,0.5373437404632568,2.097325325012207,0.5399654114135064,0.5361034023146427,0.534991575200578
237,0.9070898294448853,0.8429333567619324,0.5313281416893005,2.1093547344207764,0.5344047708427311,0.5303525522719449,0.5293605855888099
238,0.9070507884025574,0.8452763557434082,0.5357031226158142,2.119396924972534,0.5387931907452861,0.5346453162113494,0.5338044432159408
239,0.9067773222923279,0.8424282073974609,0.5325781106948853,2.1171631813049316,0.53533736604805,0.5319135213099135,0.5309007695968283
240,0.9081249833106995,0.8357517719268799,0.5375000238418579,2.11191987991333,0.5400820265534299,0.536541250705449,0.5351979183500503
241,0.9062890410423279,0.8418277502059937,0.5418750047683716,2.10477876663208,0.5450761308543317,0.5410150032083272,0.5398634025766983
242,0.9081054925918579,0.8374270796775818,0.5381249785423279,2.1092617511749268,0.5408715994897235,0.5367431137747078,0.5360368517419651
243,0.9066601395606995,0.8392946720123291,0.537109375,2.117539167404175,0.5404848905438404,0.5363943289463472,0.5355256645954887
244,0.9086523652076721,0.8334823846817017,0.5375781059265137,2.0958402156829834,0.5412198543504924,0.5367285627115184,0.5363550859665818
245,0.9073241949081421,0.8372487425804138,0.5421093702316284,2.093148946762085,0.5458753503236418,0.5410486105189368,0.5406947797341412
246,0.9091601371765137,0.83174729347229,0.5375000238418579,2.1002144813537598,0.5399748873090816,0.5362252271870894,0.5355460875939622
247,0.9063085913658142,0.8404992818832397,0.5399218797683716,2.0978686809539795,0.5424302378624795,0.5389564150961863,0.5380704605311717
248,0.906933605670929,0.8358129858970642,0.543749988079071,2.0901200771331787,0.5467192773675773,0.5424987068112515,0.5415480536508653
249,0.9094336032867432,0.8274589776992798,0.5451562404632568,2.0924978256225586,0.5492259888977687,0.5436533567220461,0.5429199277898588
250,0.90673828125,0.8383270502090454,0.540234386920929,2.0960559844970703,0.543570282783029,0.5390057597479205,0.5382603942933881
251,0.9107226729393005,0.8276386260986328,0.5397655963897705,2.0951242446899414,0.5418419124422178,0.5385052180152766,0.5377542643064119
252,0.9084374904632568,0.8314927816390991,0.5403906106948853,2.0944364070892334,0.5439571603340624,0.5390980486522106,0.5382939968456341
253,0.9064257740974426,0.837694525718689,0.538281261920929,2.1021997928619385,0.5410198142482303,0.5371709144975558,0.5361745996096591
254,0.9116796851158142,0.8237538933753967,0.5415624976158142,2.084449529647827,0.5445236916931032,0.540257591713555,0.5397766810797031
255,0.9074023365974426,0.8302600383758545,0.5407031178474426,2.0961878299713135,0.5428318759681159,0.5394236998336599,0.5383908405219763
256,0.9067578315734863,0.8344010710716248,0.5453125238418579,2.077075242996216,0.5488141652343471,0.5440114320761176,0.543076748297763
257,0.9077538847923279,0.8324009776115417,0.5411718487739563,2.0865542888641357,0.543523632678891,0.540040376453271,0.5390818126554356
258,0.9100000262260437,0.825920820236206,0.548828125,2.0705246925354004,0.5516138803947217,0.5476784357346868,0.5468258902865812
259,0.9122655987739563,0.8208169341087341,0.5423437356948853,2.0719058513641357,0.5450284698808125,0.5414006521650362,0.5403111170313772
260,0.9093554615974426,0.8225253820419312,0.5456249713897705,2.061447858810425,0.5479908614401465,0.5443371539625947,0.5432572350517382
261,0.9110546708106995,0.8253161907196045,0.5439843535423279,2.0659101009368896,0.5470661861605516,0.5428919755112784,0.5421178062950636
262,0.9111914038658142,0.8234102725982666,0.5491406321525574,2.058194160461426,0.5514689313747853,0.5478384952491697,0.5469269832345574
263,0.9116406440734863,0.8234797120094299,0.5516406297683716,2.0636708736419678,0.554143669500534,0.5504543609247916,0.5495012167714498
264,0.9105859398841858,0.8239348530769348,0.5439062714576721,2.07169246673584,0.5464151607562115,0.5429377614657831,0.5418253603117971
265,0.9100000262260437,0.8242711424827576,0.5478125214576721,2.062548875808716,0.5512541278795746,0.5465827070937339,0.5457450109276647
266,0.9105663895606995,0.8249431848526001,0.5477343797683716,2.0816988945007324,0.5503346334528787,0.5469815908811686,0.5457921925929242
267,0.9086718559265137,0.828482449054718,0.5461719036102295,2.0768799781799316,0.5479589727394857,0.5451783298205461,0.5440455307545824
268,0.9114453196525574,0.8208898305892944,0.5477343797683716,2.0547232627868652,0.5505713188288608,0.5468952296096476,0.5461642478701529
269,0.9087109565734863,0.8267890810966492,0.5463281273841858,2.0805702209472656,0.5494543085396184,0.5452665807489419,0.5444433460302651
270,0.9091406464576721,0.8240047693252563,0.5446875095367432,2.0893619060516357,0.548397030535091,0.5439781893202158,0.5431911217342433
271,0.9084765911102295,0.8312903642654419,0.5562499761581421,2.0622124671936035,0.5591603362704674,0.5549781179002142,0.5541759423017101
272,0.9082812666893005,0.8253329396247864,0.5526562333106995,2.0704405307769775,0.5555156657839546,0.5516426385811354,0.550609666954646
273,0.9076172113418579,0.833275318145752,0.5442187786102295,2.0751471519470215,0.5472030398305541,0.5432434967589503,0.5424405333429764
274,0.9066796898841858,0.8313002586364746,0.5464062690734863,2.079014778137207,0.549407621436597,0.5457324494519138,0.5450634105512703
275,0.908203125,0.8286733031272888,0.5489843487739563,2.071868658065796,0.5530392408811098,0.5478316590432092,0.5471304025723385
276,0.9121484160423279,0.8218535780906677,0.5557812452316284,2.047147512435913,0.5579827113692959,0.5545067568239556,0.5536084208094225
277,0.9131054878234863,0.8162533044815063,0.555859386920929,2.0423548221588135,0.5596457086699682,0.5550332856148463,0.5545581911378719
278,0.9117187261581421,0.8210206031799316,0.553906261920929,2.0434021949768066,0.5571684071685278,0.5529817765154292,0.5523250915085096
279,0.9117382764816284,0.8170402646064758,0.5507031083106995,2.0522637367248535,0.553454291836216,0.549538709075082,0.5488575987064428
280,0.9149218797683716,0.8127487897872925,0.5557031035423279,2.037384271621704,0.5583891275234704,0.5551352836013701,0.5541644915414505
281,0.915234386920929,0.808148205280304,0.5514062643051147,2.045839786529541,0.5542469358867138,0.5503720020430503,0.5496690776933922
282,0.9127343893051147,0.8129005432128906,0.5517968535423279,2.06108021736145,0.5553131232520832,0.5508931786505664,0.5501904595474758
283,0.9142187237739563,0.8083571791648865,0.557421863079071,2.046928644180298,0.5613208952406716,0.556404459768734,0.5558647971383531
284,0.9116406440734863,0.8167383074760437,0.5567187666893005,2.046506881713867,0.558753723881672,0.5557456561097097,0.5547706612881103
285,0.9143750071525574,0.8072112798690796,0.5567187666893005,2.0470523834228516,0.558535250587304,0.555405217396828,0.5544849963062544
286,0.9144726395606995,0.8090964555740356,0.5615624785423279,2.037970781326294,0.5651132865213986,0.5604130104930383,0.5597798803990279
287,0.9133007526397705,0.8126279711723328,0.5556250214576721,2.0658326148986816,0.5587900606402891,0.5549828642001923,0.5541433249609009
288,0.9145898222923279,0.8105649352073669,0.5528125166893005,2.0457723140716553,0.5558589281232856,0.5515908850222191,0.5509948248916232
289,0.9145312309265137,0.8101741671562195,0.5606250166893005,2.0455009937286377,0.5637327723246044,0.5594335011691878,0.5588402976134799
290,0.9153711199760437,0.8080969452857971,0.555468738079071,2.0534050464630127,0.5589785161380655,0.5539170311625131,0.553061175725424
291,0.9149609208106995,0.8073947429656982,0.5592968463897705,2.042754650115967,0.562441444880567,0.5581246531217605,0.5577471379513754
292,0.914257824420929,0.8070389628410339,0.5561718940734863,2.047098159790039,0.5595815659547639,0.554938049659338,0.5543780745539064
293,0.9138281345367432,0.810041069984436,0.5600781440734863,2.0471339225769043,0.5633926783292589,0.5590417594611681,0.5582528141211992
294,0.9123828411102295,0.8125074505805969,0.55859375,2.0436954498291016,0.5618456067778269,0.5574862562487435,0.556828930590531
295,0.9121289253234863,0.8130444288253784,0.5621093511581421,2.0521254539489746,0.5658836060745902,0.5611252275705005,0.5606166692404846
296,0.9121289253234863,0.8150740265846252,0.5557812452316284,2.0601351261138916,0.5586151841598651,0.5548835008349158,0.5538303436171834
297,0.9123632907867432,0.8152907490730286,0.5603906512260437,2.055049419403076,0.5622707124614115,0.5589840215914605,0.557633207598365
298,0.9121679663658142,0.8174270391464233,0.5628906488418579,2.056105852127075,0.5663408777352985,0.5617625281978592,0.5611829527704062
299,0.9145117402076721,0.8063790798187256,0.5608593821525574,2.0516092777252197,0.563343389711344,0.5597977428043427,0.5586952037124279
300,0.9138085842132568,0.8053014874458313,0.5607812404632568,2.046434164047241,0.5644985902051834,0.5598707922415532,0.5592416191508558
301,0.9128515720367432,0.8126294612884521,0.5543749928474426,2.0392510890960693,0.5574975459201787,0.5532635112029969,0.5526777264146623
302,0.9160351753234863,0.8067074418067932,0.5596093535423279,2.049922227859497,0.5621122545262719,0.5585866255550935,0.5578539650735829
303,0.9140820503234863,0.8068804740905762,0.5611718893051147,2.025620937347412,0.5639136476757335,0.559980078586739,0.5591450162541824
304,0.9146484136581421,0.8070836663246155,0.5676562786102295,2.0174074172973633,0.5702540987241224,0.5665110730438383,0.565617394900634
305,0.9159570336341858,0.8018730282783508,0.5600781440734863,2.0533599853515625,0.5635236254937004,0.5589761270269544,0.5581262736770636
306,0.9154297113418579,0.8069040179252625,0.5631250143051147,2.0243866443634033,0.5657456305958598,0.5620160015821791,0.5609529978456599
307,0.9168554544448853,0.800549328327179,0.5647656321525574,2.0332906246185303,0.5674347408962468,0.5636784334410911,0.5628855662681105
308,0.9160546660423279,0.8039302229881287,0.5590624809265137,2.0309810638427734,0.5621908332736058,0.558257107030335,0.5574452968371298
309,0.9147265553474426,0.8019825220108032,0.5614062547683716,2.0195722579956055,0.5645824293860793,0.5603624263476931,0.5595311575559487
310,0.9139648675918579,0.8067919015884399,0.563671886920929,2.027988910675049,0.5656803477047898,0.5624792230004907,0.561954798695311
311,0.9132226705551147,0.8085067868232727,0.5624218583106995,2.036750555038452,0.5648215484710968,0.5611797859436398,0.560362220457584
312,0.9157617092132568,0.8097907304763794,0.5617969036102295,2.0318825244903564,0.5644831602364445,0.5606528461846929,0.5599432195138897
313,0.915332019329071,0.8036198616027832,0.5628906488418579,2.0353341102600098,0.5657724568593197,0.5619709182430812,0.5613674807358888
314,0.9164453148841858,0.8033469319343567,0.5685937404632568,2.0106329917907715,0.5714917056504651,0.5672733080535982,0.5668000857360533
315,0.9135546684265137,0.8041338920593262,0.5631250143051147,2.0181055068969727,0.5661817761420227,0.5625535678732774,0.5617966560248695
316,0.9158594012260437,0.8031619191169739,0.5621093511581421,2.038435935974121,0.5642065056189891,0.5609486519295721,0.5598236939673882
317,0.9150195121765137,0.8059212565422058,0.565625011920929,2.0327112674713135,0.5686937134589279,0.5641408307161633,0.563503469701513
318,0.9158984422683716,0.8043459057807922,0.5637500286102295,2.019200563430786,0.5665723957968962,0.5623753295775821,0.5614702413389591
319,0.9167773723602295,0.8001365661621094,0.5661718845367432,2.018548011779785,0.5698191440917509,0.5652933420939174,0.5648286897847223
320,0.9177343845367432,0.7965376973152161,0.5640624761581421,2.0070743560791016,0.5660527500556102,0.5627575595567744,0.5618931421924571
321,0.9149023294448853,0.8037081360816956,0.5667968988418579,2.0034637451171875,0.5697064975431507,0.565267280105143,0.5644303016553748
322,0.9158008098602295,0.8003623485565186,0.5686718821525574,2.0118606090545654,0.5720667278956463,0.5674223900317383,0.566855651252935
323,0.9194726347923279,0.7932130694389343,0.565625011920929,2.025254726409912,0.5696345431858789,0.5645104222047358,0.5637773211888605
324,0.9168554544448853,0.793489933013916,0.5677343606948853,2.0097756385803223,0.5696164928859919,0.5668869854543965,0.56593793131622
325,0.9166406393051147,0.7965273857116699,0.5666406154632568,2.0021584033966064,0.568880839616002,0.5651587640281153,0.5644596200343637
326,0.9200000166893005,0.7900102138519287,0.565625011920929,2.0237770080566406,0.5682800637757532,0.5643026726761364,0.5633534569610641
327,0.919726550579071,0.789431095123291,0.5642187595367432,2.028578281402588,0.567565756857773,0.5634328452727383,0.562441348832923
328,0.9168945550918579,0.7954437136650085,0.5609375238418579,2.0313401222229004,0.56407807328791,0.5600858759736508,0.5590933735019429
329,0.9178711175918579,0.7921540141105652,0.5633593797683716,2.042640209197998,0.5662613981845388,0.5625117856594098,0.5615462574114831
330,0.918652355670929,0.7950718402862549,0.5621874928474426,2.0285909175872803,0.5638504252996539,0.5611057669949837,0.5599936689611799
331,0.9167578220367432,0.796405553817749,0.5614843964576721,2.050607681274414,0.5645177809472975,0.5598889553223376,0.5592956255764108
332,0.9178515672683716,0.7955765724182129,0.5631250143051147,2.026395320892334,0.5658980905379283,0.5614876538109265,0.5608528253601364
333,0.9175000190734863,0.7963030934333801,0.5642969012260437,2.021655321121216,0.5672626368317113,0.5631519549648649,0.56254097161096
334,0.9183593988418579,0.7943068742752075,0.560546875,2.0462822914123535,0.5624744093064173,0.5594830189211576,0.5583540192856948
335,0.9182031154632568,0.7952780723571777,0.5678125023841858,2.003673791885376,0.571204340846337,0.5667548349000517,0.5662540120811561
336,0.9207617044448853,0.7845684885978699,0.5635937452316284,2.022829294204712,0.5662709784219881,0.56222760899686,0.5616434839656004
337,0.9199414253234863,0.7904561758041382,0.5625781416893005,2.0192391872406006,0.5649487878430581,0.5613504704205873,0.5605117927763836
338,0.918652355670929,0.7943934798240662,0.5645312666893005,2.0251104831695557,0.5665328646361647,0.5635242853390592,0.5624759380448086
339,0.9167578220367432,0.7977030873298645,0.5669531226158142,2.011389970779419,0.5696191346917645,0.5659508501936539,0.5650578635132204
340,0.9171679615974426,0.7929537296295166,0.5703906416893005,2.014993667602539,0.5732561554402655,0.5694304489839461,0.5685485345643819
341,0.917285144329071,0.7966761589050293,0.5628125071525574,2.0275580883026123,0.5659226780552506,0.5617796628170861,0.5610720152681199
342,0.9180859327316284,0.7975926399230957,0.5672656297683716,2.029766082763672,0.570976009718515,0.5662382563798529,0.5654169408371224
343,0.9181249737739563,0.7940862774848938,0.5680468678474426,2.0217487812042236,0.5709942431763837,0.5668199223817036,0.5661365864655645
344,0.9171289205551147,0.7948230504989624,0.5674999952316284,2.036750078201294,0.5702956109611814,0.566383681130319,0.5654675499671153
345,0.9203125238418579,0.7891709208488464,0.5671093463897705,2.0361204147338867,0.5706327069627655,0.5658974557652028,0.5652044589420919
346,0.9151172041893005,0.8002927899360657,0.5623437762260437,2.0281989574432373,0.5649512480780751,0.5610767244630599,0.5601934487947953
347,0.9197851419448853,0.7889778017997742,0.5665624737739563,1.9976720809936523,0.5694377732494988,0.5654497377086836,0.5644744575477413
348,0.9178125262260437,0.7879815101623535,0.5673437714576721,2.0200302600860596,0.5699531130293582,0.5661225067473726,0.5652505788791293
349,0.9189257621765137,0.7908821702003479,0.5649999976158142,2.0285396575927734,0.5680263959732825,0.5639881105299887,0.5632136646126242
350,0.9159765839576721,0.8009101748466492,0.5658593773841858,2.0174856185913086,0.5683350260600089,0.5643667103636536,0.5636762524212011
351,0.9176172018051147,0.7942216992378235,0.5673437714576721,2.0242128372192383,0.5700738392048728,0.5660422283866483,0.564916067148812
352,0.9200195074081421,0.7918232083320618,0.5602343678474426,2.0320792198181152,0.5627509880880355,0.5590080887928769,0.5581357961979208
353,0.9179883003234863,0.7921673059463501,0.56640625,2.011634588241577,0.5696575689842777,0.5651206097317985,0.5645175332342425
354,0.9197070598602295,0.7877205014228821,0.5703906416893005,2.0075297355651855,0.5733455354302186,0.5690291082049523,0.5683161207371381
355,0.9210351705551147,0.7877176403999329,0.5641406178474426,2.0284714698791504,0.5671354912299367,0.5630359919134778,0.5623626769703196
356,0.9187109470367432,0.7891423106193542,0.5682031512260437,2.029973030090332,0.5708325051278196,0.5669175188249501,0.5661662607228022
357,0.9195703268051147,0.7890667915344238,0.5672656297683716,2.0188002586364746,0.5699432808614042,0.5659593023038147,0.5653335047730168
358,0.9208593964576721,0.7854167819023132,0.5705468654632568,2.006535053253174,0.5743040211118211,0.5691227271718459,0.568560260364612
359,0.9203515648841858,0.7826635837554932,0.5662500262260437,2.014817476272583,0.5682947722975231,0.5649209966521008,0.564284999041829
360,0.9225390553474426,0.7787908911705017,0.5724999904632568,2.0138964653015137,0.5753115307832315,0.5714764619265282,0.5708058786520925
361,0.9204297065734863,0.784757673740387,0.5696874856948853,2.0152857303619385,0.5731211631268269,0.5682892934669345,0.5679751052275742
362,0.9196875095367432,0.7864953875541687,0.5678906440734863,2.0123865604400635,0.5711716471793828,0.5665832504014958,0.5661231993510214
363,0.921875,0.7818204760551453,0.5648437738418579,2.0254154205322266,0.5673141310399044,0.5634438435544069,0.5625638089755265
364,0.9208984375,0.7827178239822388,0.5690624713897705,2.016031265258789,0.5715106509270768,0.5676088110521433,0.5670352824433966
365,0.9193164110183716,0.7849064469337463,0.5754687786102295,1.9961656332015991,0.5777051854505064,0.5740653440240495,0.5730278948024865
366,0.921679675579071,0.783832848072052,0.571484386920929,1.9934022426605225,0.5744600514003406,0.5700746925696853,0.5692874265520971
367,0.9204491972923279,0.7868022322654724,0.5685937404632568,2.028562545776367,0.5710264654527744,0.5674965828860075,0.5664216642903099
368,0.9177148342132568,0.7917978763580322,0.5611718893051147,2.0342438220977783,0.5629236687291157,0.5599810723874012,0.5589155394795549
369,0.9214648604393005,0.7868022322654724,0.567578136920929,2.0198121070861816,0.5697602666238837,0.566628163936842,0.5656850714657795
370,0.9181445240974426,0.7903991937637329,0.5724218487739563,2.012099504470825,0.5750541006820523,0.5709676438074629,0.5702169741428574
371,0.9188671708106995,0.7921660542488098,0.5660156011581421,2.0206410884857178,0.5687297933087911,0.5646470677132224,0.5636664380248255
372,0.916796863079071,0.7932569980621338,0.5657031536102295,2.0266942977905273,0.5680342111337906,0.5645574607994026,0.5634014003603004
373,0.9196484088897705,0.7876766920089722,0.5731250047683716,2.0070977210998535,0.575099746580671,0.571735323949511,0.570467506006981
374,0.9205273389816284,0.7814929485321045,0.5662500262260437,2.0323052406311035,0.5695383693950469,0.5650015979015409,0.5642987247819543
375,0.922167956829071,0.7795819640159607,0.5717968940734863,2.020141839981079,0.5745603424034006,0.5706050031820917,0.5698539067310937
376,0.9226171970367432,0.7784796357154846,0.5680468678474426,2.0262441635131836,0.5715255223087263,0.5669398428336279,0.5660934403048394
377,0.9216601848602295,0.781044065952301,0.5625781416893005,2.024247407913208,0.5655725699827433,0.5616743127057384,0.560793376616312
378,0.9225780963897705,0.7781568765640259,0.5711718797683716,2.0174105167388916,0.5740614262120383,0.5697726849981066,0.5692087240683836
379,0.9188281297683716,0.7840186953544617,0.5753124952316284,2.015901803970337,0.5787538192157647,0.5737836598291414,0.5732155657777792
380,0.9185937643051147,0.7881630063056946,0.5772656202316284,1.999464511871338,0.5796111327863441,0.5762032373217189,0.5752565820919944
381,0.9209765791893005,0.7857744097709656,0.57421875,2.0143725872039795,0.5771648686492025,0.5734578086144908,0.5727921691812656
382,0.9214843511581421,0.7839305996894836,0.5751562714576721,2.0056509971618652,0.5779431665819326,0.573984300716992,0.5733441754683519
383,0.9209179878234863,0.7820039391517639,0.5719531178474426,2.0049026012420654,0.5740654930926885,0.5709394423661793,0.5700320090315101
384,0.923046886920929,0.7787503004074097,0.5682031512260437,2.018634080886841,0.5704066899398905,0.5672472336627408,0.566190767345251
385,0.9217968583106995,0.7798831462860107,0.5728906393051147,1.9997766017913818,0.5745065436326229,0.5716310471924719,0.570578852550444
386,0.9214453101158142,0.7786198258399963,0.5757031440734863,1.9831712245941162,0.5780619284984456,0.5744726177836608,0.5735078813830983
387,0.9203515648841858,0.7819497585296631,0.5702343583106995,2.010308027267456,0.5725710833145388,0.5691098850946659,0.5681382483672683
388,0.9220507740974426,0.7806751132011414,0.5760937333106995,1.9978584051132202,0.578506591142733,0.5746706220531503,0.5740846685017269
389,0.9209960699081421,0.781512975692749,0.572265625,2.0002565383911133,0.5753045473806815,0.5712906428932457,0.5705125317488595
390,0.922070324420929,0.779425859451294,0.5701562762260437,2.0169923305511475,0.573202579233761,0.5690779520581454,0.5685785917384296
391,0.9191601276397705,0.7831494212150574,0.5732031464576721,2.008641242980957,0.5756831526030531,0.5722591370060311,0.571241634813769
392,0.9248046875,0.7704148888587952,0.5774219036102295,2.0030927658081055,0.5811184671893793,0.5762206548119303,0.5754232254287558
393,0.9220312237739563,0.7779788970947266,0.582812488079071,2.00097918510437,0.5857627621027094,0.5817654269545713,0.5809335785776903
394,0.9226367473602295,0.7770726084709167,0.5762500166893005,1.990416407585144,0.5808990354093782,0.5754917289069907,0.5750322762613259
395,0.9243359565734863,0.7721689343452454,0.5802343487739563,2.0047266483306885,0.5829507152838812,0.5791584991242363,0.5781607930094391
396,0.9233984351158142,0.7750584483146667,0.5771874785423279,2.0040972232818604,0.5806762266680312,0.5758982748329371,0.5751252165969716
397,0.9236719012260437,0.7752459049224854,0.5805468559265137,2.007282018661499,0.582611197594078,0.579188609428194,0.5783955141571875
398,0.9208593964576721,0.7793811559677124,0.5830468535423279,1.9879326820373535,0.5869458951460782,0.5820273983069848,0.5812834589578364
399,0.9218945503234863,0.7804213762283325,0.5746093988418579,2.021141290664673,0.5788217510546285,0.5737732281041168,0.5730429060478135
400,0.9229101538658142,0.7743890285491943,0.5774219036102295,2.001128911972046,0.5808298968477483,0.5762111031893112,0.5754505444121907
401,0.9217773675918579,0.7799792289733887,0.5680468678474426,2.0350677967071533,0.5714282274341115,0.5666044314929981,0.5658517688071533
402,0.9198046922683716,0.7874436974525452,0.5776562690734863,2.0102176666259766,0.5804873514835832,0.5763064435936085,0.5753517365002941
403,0.9193750023841858,0.782398521900177,0.5673437714576721,2.026960849761963,0.5698558720033569,0.5662924369383247,0.5651085049588493
404,0.9251953363418579,0.7682481408119202,0.5766406059265137,2.002957820892334,0.5796082334261614,0.5758179186464976,0.5744114136671314
405,0.923828125,0.7779012322425842,0.5699218511581421,2.006174325942993,0.5729553891371317,0.5685153859230169,0.5675161246458107
406,0.9249023199081421,0.7715874314308167,0.5733593702316284,2.0157744884490967,0.5761164908601726,0.5721640845513403,0.5713377829024981
407,0.9241601824760437,0.7701350450515747,0.5764843821525574,1.9990824460983276,0.5804892511265052,0.5756501252664559,0.5747519497891592
408,0.923632800579071,0.7730151414871216,0.5744531154632568,2.0068678855895996,0.5771468488157133,0.573145884905431,0.5722544293929406
409,0.9193554520606995,0.7840624451637268,0.5703125,2.0065994262695312,0.5730422339037742,0.5692933869278827,0.5683877563215382
410,0.92236328125,0.7790403962135315,0.5746093988418579,2.0014731884002686,0.5772987787046475,0.5733422374973454,0.5724302754566388
411,0.9233593940734863,0.7775375843048096,0.5710155963897705,2.0051991939544678,0.5748429437557581,0.5699745778908658,0.5696731339472161
412,0.9226757884025574,0.7746456265449524,0.57421875,1.99267578125,0.5772845442696073,0.573113133561173,0.5723623641812421
413,0.9235742092132568,0.7727260589599609,0.5739062428474426,2.0107240676879883,0.5767688641448809,0.5725810137838445,0.5720644104346768
414,0.9239062666893005,0.7757241129875183,0.576171875,2.0119519233703613,0.5796275034131635,0.5750665885887729,0.5746071192783608
415,0.9207617044448853,0.7787613868713379,0.5726562738418579,2.0165653228759766,0.5752998672748114,0.5716387175475948,0.5710046080192903
416,0.9227734208106995,0.7769045233726501,0.5750781297683716,2.0053954124450684,0.5788468254456098,0.5740808461596757,0.573677229710993
417,0.9240038990974426,0.7721393704414368,0.5737500190734863,2.0151498317718506,0.577461158417991,0.5727655291171526,0.5722689505939145
418,0.9226171970367432,0.7737404108047485,0.5751562714576721,2.016794204711914,0.5786317950681947,0.5741332340349395,0.5734936663679342
419,0.9238671660423279,0.7717266082763672,0.5724999904632568,2.012000322341919,0.5758676730525212,0.5714194319522559,0.5709160748069807
420,0.9244335889816284,0.770111620426178,0.5814843773841858,1.9901429414749146,0.584844673482609,0.5802222324715193,0.5799220654259596
421,0.9246289134025574,0.7735756635665894,0.5778124928474426,2.0016160011291504,0.5808186275472739,0.5767274323153638,0.576395179767302
422,0.9241015911102295,0.7743479013442993,0.57421875,2.0030486583709717,0.5774357404173861,0.5730640444299012,0.5726565529315804
423,0.9231836199760437,0.7786698341369629,0.5699999928474426,2.013223171234131,0.5730800518944417,0.5686876845828964,0.5685061614579909
424,0.9232031106948853,0.7761157155036926,0.5736718773841858,2.019319772720337,0.5767459119323305,0.5725463431168327,0.5719681543777622
425,0.9263085722923279,0.7709742188453674,0.5762500166893005,2.004359722137451,0.5799847952569966,0.5750567709216494,0.5745984799921298
426,0.9231640696525574,0.7734065055847168,0.5826562643051147,1.9867117404937744,0.5858187429159118,0.5817290442873099,0.5811787155485925
427,0.9227539300918579,0.778126060962677,0.572265625,2.005906581878662,0.5749488691463839,0.571142568349581,0.5704555938630136
428,0.9232617020606995,0.7750462293624878,0.5844531059265137,1.9691500663757324,0.5870691112467896,0.5832158831895352,0.5821336958740853
429,0.9238671660423279,0.7738780975341797,0.5777343511581421,2.0127646923065186,0.5815810857771627,0.5768424914668562,0.5764502889810565
430,0.926074206829071,0.7676492929458618,0.5774999856948853,2.0039284229278564,0.580398677369614,0.5764256381825372,0.5756401924165612
431,0.9231836199760437,0.7758364677429199,0.5802343487739563,2.0044217109680176,0.5838380210286689,0.5795532230252621,0.5787774833376393
432,0.9234960675239563,0.7749887704849243,0.5788280963897705,1.9959384202957153,0.582497596964598,0.577891249455649,0.577358463143754
433,0.9261327981948853,0.7677435874938965,0.5782031416893005,1.993888258934021,0.5810763906530263,0.5771997527098844,0.5765410239876189
434,0.9237499833106995,0.7726383209228516,0.5768749713897705,1.9997150897979736,0.5807519224686177,0.5760985735020676,0.5754897430409591
435,0.9251171946525574,0.7691230773925781,0.5796093940734863,2.0032973289489746,0.5830761618320203,0.5785292727357718,0.5782080614390392
436,0.9249804615974426,0.7718477845191956,0.5767187476158142,2.011481285095215,0.5798882476873314,0.5757389849077776,0.5752991150816016
437,0.9245507717132568,0.7743849158287048,0.576953113079071,2.0152981281280518,0.580516848864439,0.5760447270133818,0.5753943065533433
438,0.9228125214576721,0.7787694334983826,0.5774999856948853,2.010592460632324,0.5815987987640521,0.5766440736837686,0.5760584991471143
439,0.9225195050239563,0.7789301872253418,0.5746093988418579,2.0105254650115967,0.5771065738179484,0.5736322020463352,0.5727338472638603
440,0.9233008027076721,0.7712162733078003,0.576953113079071,2.0033516883850098,0.581124771522239,0.5759621181747445,0.575726420656155
441,0.9281054735183716,0.7632178664207458,0.5797656178474426,1.9898734092712402,0.5825743550198874,0.5790091577744076,0.5779063122032113
442,0.9266992211341858,0.7645394206047058,0.5796093940734863,2.001389265060425,0.5840143507915564,0.5786466245867947,0.5780499945008064
443,0.9264257550239563,0.7622087001800537,0.576171875,2.0082428455352783,0.5801229967494672,0.5753995156021376,0.5748838403027097
444,0.9241796731948853,0.7686055898666382,0.5833593606948853,1.984489917755127,0.5871765279974575,0.5822430221376242,0.5820245548398643
445,0.9283007979393005,0.7645841240882874,0.5843750238418579,1.9853242635726929,0.588573125744658,0.5833708797359141,0.5830865779482567
446,0.9259960651397705,0.7633582949638367,0.5804687738418579,1.9896632432937622,0.5844344423983321,0.5796056513571718,0.5789742670567135
447,0.9251367449760437,0.7675859928131104,0.5782031416893005,2.0030946731567383,0.5820315774967193,0.5772693687330159,0.5767267088130261
448,0.9265038967132568,0.7658364772796631,0.5819531083106995,1.9888050556182861,0.585758023775161,0.5808328272302774,0.5804069936649681
449,0.9258202910423279,0.7646276950836182,0.5839062333106995,1.990882158279419,0.5876126701577191,0.5829714841387456,0.5823763620676593
450,0.9247265458106995,0.7632895708084106,0.5798437595367432,2.0041277408599854,0.5830854746750236,0.5790979429724412,0.5784258101592402
451,0.9241406321525574,0.7694266438484192,0.5811718702316284,1.9862788915634155,0.5846197872948107,0.5800475048469906,0.579155060222617
452,0.9273437261581421,0.760577380657196,0.5787500143051147,2.0004515647888184,0.5818039100591068,0.57752031933258,0.5766813941117761
453,0.9262499809265137,0.763898491859436,0.5849218964576721,1.982014775276184,0.5882414582301796,0.5839098795290553,0.582907900820759
454,0.9251562356948853,0.7700574398040771,0.5796093940734863,1.995872974395752,0.5830493457454095,0.5786109669901233,0.5779297224574514
455,0.9237304925918579,0.7764846086502075,0.5779687762260437,2.0026519298553467,0.5807702296914857,0.5767513326061404,0.5758382856546398
456,0.9258202910423279,0.7662298679351807,0.5797656178474426,1.995739459991455,0.5825434004714374,0.5785386700852437,0.577665497655013
457,0.925976574420929,0.7626203298568726,0.5821874737739563,1.989280343055725,0.585998419850976,0.5812520267388178,0.5805400487832594
458,0.92333984375,0.7749879956245422,0.5766406059265137,1.9961186647415161,0.5800895051159012,0.5758168203579057,0.5752559199420203
459,0.9258202910423279,0.7652344703674316,0.5784375071525574,1.999330997467041,0.5811998120935069,0.5774046924329955,0.5767465462990968
460,0.9262499809265137,0.7674264311790466,0.5858593583106995,1.9947879314422607,0.5890020498738868,0.5845806062694596,0.5843416831307174
461,0.9259570240974426,0.7643802165985107,0.5775781273841858,1.9903656244277954,0.579891631084748,0.5762479706316306,0.5756276724275002
462,0.9258593916893005,0.7678831219673157,0.5785937309265137,1.9798115491867065,0.581748200125483,0.5774043568025055,0.5768270584160984
463,0.9247070550918579,0.7690041065216064,0.579296886920929,1.985158085823059,0.5826083002237559,0.578052146394277,0.5773304603255957
464,0.9234960675239563,0.7749233841896057,0.5755468606948853,2.003239870071411,0.5792282402383393,0.5745165953657079,0.5740346240461949
465,0.9273242354393005,0.7643636465072632,0.580859363079071,2.006450891494751,0.5839091218831355,0.5800318278408013,0.579348558726837
466,0.9270898699760437,0.766965389251709,0.5771093964576721,2.0070571899414062,0.5804524426642241,0.576003398789754,0.5752236990919687
467,0.9264062643051147,0.7638161182403564,0.5792187452316284,1.9914886951446533,0.5813819619686919,0.5778914962553512,0.5770334018507807
468,0.9279101490974426,0.7627992033958435,0.5803906321525574,2.0018999576568604,0.583272714755606,0.5792592373598702,0.57862559545798
469,0.9263671636581421,0.7631465196609497,0.582812488079071,1.9888393878936768,0.5855827519517233,0.5818904129276354,0.5810109438120483
470,0.9279491901397705,0.7595903873443604,0.5857031345367432,1.984910488128662,0.5890947231447257,0.5848286313539971,0.5841957447561085
471,0.929003894329071,0.7564725279808044,0.5785156488418579,2.00022029876709,0.5809582292692648,0.5771989396648898,0.5766204512827017
472,0.9249804615974426,0.7655538320541382,0.5786718726158142,1.9882272481918335,0.5811471358339689,0.5775682296698206,0.5767834519432579
473,0.9241406321525574,0.769528865814209,0.5803124904632568,1.9957629442214966,0.5838508994366446,0.5793802662070102,0.5789412078306476
474,0.9283788800239563,0.7607451677322388,0.5746874809265137,2.0056440830230713,0.5782537728035977,0.5734842184029483,0.5728285937795159
475,0.9254687428474426,0.7684929370880127,0.5809375047683716,2.0087149143218994,0.5846068906583826,0.5797308752636491,0.5792315147774467
476,0.9260547161102295,0.7685102224349976,0.5796093940734863,1.9973794221878052,0.5828653241583872,0.5783952292685266,0.5775924588946082
477,0.9249218702316284,0.7665100693702698,0.574999988079071,2.029721260070801,0.5777296314189568,0.5740521817716895,0.5732247375286583
478,0.9285937547683716,0.758033275604248,0.5814843773841858,1.9998235702514648,0.5847921012444912,0.5803658188752832,0.5796554522199923
479,0.9276953339576721,0.7595374584197998,0.5755468606948853,2.017831563949585,0.5784977183711064,0.5744606446856034,0.573667799403802
480,0.9268554449081421,0.7596943378448486,0.5814843773841858,2.0175962448120117,0.5846486526566685,0.5801395640788294,0.5793470091945451
481,0.9268164038658142,0.7663610577583313,0.5807031393051147,1.9953190088272095,0.5832016283744188,0.5791649924241914,0.5783767395881139
482,0.9259179830551147,0.7643924951553345,0.5846093893051147,1.9951462745666504,0.5879746414794065,0.5831471491018176,0.5827011248164741
483,0.92724609375,0.768449604511261,0.5842187404632568,1.976004958152771,0.5872069757475784,0.582459740095026,0.5817851525645957
484,0.9306250214576721,0.7567752599716187,0.5840625166893005,1.971542477607727,0.5873974093504037,0.5826117162239033,0.5821261802426756
485,0.9279687404632568,0.759575605392456,0.581250011920929,1.991926908493042,0.5837930291699247,0.5803516805004132,0.5796086232505121
486,0.9277539253234863,0.7616239786148071,0.5771093964576721,1.9925390481948853,0.5796359239139179,0.5756810215483563,0.5746636834100323
487,0.9267187714576721,0.7623339295387268,0.5850781202316284,1.9899470806121826,0.5881961886171436,0.5844739291147161,0.5839019934336565
488,0.9274023175239563,0.7607468366622925,0.5817968845367432,1.982406735420227,0.5856356403313452,0.5810950094030758,0.5804911516079893
489,0.9279491901397705,0.7599446177482605,0.5799219012260437,1.996302843093872,0.5825894082047335,0.5784153139826507,0.5778513293434284
490,0.924121081829071,0.7684927582740784,0.5720312595367432,2.029755115509033,0.575623981074141,0.5710841206705533,0.5704093198803315
491,0.9284570217132568,0.7622910141944885,0.5855468511581421,1.9861934185028076,0.5886208011149465,0.58448056260953,0.5841083868548792
492,0.9278515577316284,0.7611081004142761,0.5817187428474426,1.9918010234832764,0.5853670095806384,0.5808201678315832,0.5801127956335748
493,0.927929699420929,0.7591360211372375,0.5817968845367432,1.9894423484802246,0.5844168441995969,0.58074673725641,0.5800850429549721
494,0.9278905987739563,0.7627469897270203,0.5807031393051147,1.9771771430969238,0.5830857403319099,0.5796702559154285,0.5789191910765727
495,0.9254491925239563,0.7664999961853027,0.5828906297683716,1.9927973747253418,0.5851896520543776,0.5820789699177508,0.5812196892692014
496,0.9261718988418579,0.7626519799232483,0.5804687738418579,1.9952747821807861,0.5833152506887902,0.5791447655517743,0.5786017692755523
497,0.9295507669448853,0.7536691427230835,0.5813281536102295,2.0016472339630127,0.5851496484829792,0.5802723336996882,0.5797534219621823
498,0.9255664348602295,0.7671945691108704,0.5814062356948853,1.9855825901031494,0.5841073890964776,0.5802018887385865,0.579706922716885
499,0.9277148246765137,0.7613815069198608,0.5825781226158142,1.978904128074646,0.5864525947939985,0.5814182904896014,0.5808828378621638
500,0.9287890791893005,0.7592008709907532,0.5867968797683716,1.980288028717041,0.5898286351210311,0.5855464622790306,0.5852625876899702
501,0.9292187690734863,0.7547523379325867,0.585156261920929,1.9883472919464111,0.5882832330479889,0.5842842836663587,0.5834078986784655
502,0.9276171922683716,0.7579284906387329,0.5814843773841858,2.004006862640381,0.5852195471514077,0.5802104550336045,0.5797836295804846
503,0.9262499809265137,0.7672131061553955,0.5881249904632568,1.991509199142456,0.5907271458745658,0.5871732218397026,0.5862663102754391
504,0.927734375,0.7612975239753723,0.5798437595367432,2.0042836666107178,0.5828729557022103,0.578553655680411,0.5779472916953142
505,0.9278905987739563,0.7559294104576111,0.5822656154632568,1.9971787929534912,0.5860886619139729,0.581480218404232,0.5807154754470777
506,0.9285351634025574,0.7582367658615112,0.5799999833106995,1.9920955896377563,0.5838195936189458,0.5790467723615299,0.5785485438768957
507,0.9274804592132568,0.7617644667625427,0.5791406035423279,2.0041584968566895,0.5822348822739476,0.5781758887794416,0.5775327699062878
508,0.9283593893051147,0.7584078907966614,0.5876562595367432,1.9803857803344727,0.5904707012281252,0.5865758581199997,0.586152633841315
509,0.9292968511581421,0.757315993309021,0.5835937261581421,1.9840514659881592,0.5868147125188541,0.5826031661793948,0.5824024103356971
510,0.927929699420929,0.7607592940330505,0.5801562666893005,2.0122427940368652,0.5835472818638219,0.5792173644295873,0.5786608948200265
511,0.9294140338897705,0.755839467048645,0.580859363079071,1.995064377784729,0.5848292004841549,0.5795201070389869,0.579104905449649
512,0.9281250238418579,0.7596057653427124,0.5828906297683716,1.9808028936386108,0.5855782560396698,0.5818308409514101,0.5809738888992683
513,0.9296679496765137,0.7550155520439148,0.5813281536102295,1.9872387647628784,0.5835109853240046,0.580229701997522,0.5794974591343625
514,0.9267578125,0.761127233505249,0.5810156464576721,2.0015084743499756,0.5850344040192358,0.5800407168256685,0.5795788200340072
515,0.92724609375,0.7644379138946533,0.5799999833106995,2.0005104541778564,0.5843678267866452,0.5790331609191501,0.5786661535246931
516,0.9279882907867432,0.7619400024414062,0.5787500143051147,2.011672019958496,0.5813390957325487,0.5777019840473613,0.5770315095000134
517,0.9283984303474426,0.7620707154273987,0.5825781226158142,1.9909324645996094,0.5864660627729255,0.5814732088725206,0.5808727978408721
518,0.9278905987739563,0.7583163380622864,0.5854687690734863,1.9881646633148193,0.588103106866804,0.5841983142477258,0.5835482486997573
519,0.9289648532867432,0.7592384815216064,0.5742968916893005,2.0080766677856445,0.5773640501108658,0.5730840792881801,0.5728298198150463
520,0.9270898699760437,0.7606756091117859,0.5821874737739563,1.9791754484176636,0.5858808269189599,0.580888144148383,0.5807498276663345
521,0.9296875,0.7513439059257507,0.5829687714576721,1.9875448942184448,0.5851967226418163,0.5815744942904617,0.5809694023059768
522,0.9307226538658142,0.7535547018051147,0.5883593559265137,1.972874402999878,0.5914825096753363,0.5871544200777399,0.5864575740110283
523,0.9328906536102295,0.7496334314346313,0.5803124904632568,2.011472225189209,0.5837222525073771,0.5791160254206129,0.5783570541910323
524,0.9291601777076721,0.7533742785453796,0.5822656154632568,1.9967385530471802,0.5855368635965608,0.5811233050672665,0.580681049669797
525,0.9292578101158142,0.7528089284896851,0.5817187428474426,1.986419677734375,0.5839646416808804,0.5804200006742761,0.5794664481869986
526,0.9295507669448853,0.7557417154312134,0.5837500095367432,1.9861987829208374,0.5870305446314258,0.5829596645549934,0.5826017283238711
527,0.9286327958106995,0.7539796233177185,0.5841405987739563,1.9904816150665283,0.5873833352412876,0.5833169038901088,0.582815567792506
528,0.9280859231948853,0.7595245242118835,0.5822656154632568,1.9873337745666504,0.5857623686681264,0.581528335631978,0.5809125986230723
529,0.9299218654632568,0.7576661705970764,0.5805468559265137,1.9917947053909302,0.584117581711417,0.5793319602192438,0.5790503620831771
530,0.9284374713897705,0.7565072774887085,0.5841405987739563,1.9835007190704346,0.5873191549488661,0.5833329303620903,0.5829591161607068
531,0.9271484613418579,0.7637304067611694,0.579296886920929,1.9924883842468262,0.582376743237103,0.5783375838141501,0.5775444564226409
532,0.9280078411102295,0.7568139433860779,0.5826562643051147,1.9945042133331299,0.5864048608168084,0.5820521890115287,0.5813232034775292
533,0.9295117259025574,0.7558172345161438,0.5840625166893005,1.9824005365371704,0.5867363367302277,0.5827262140232116,0.5818341895183076
534,0.9300390481948853,0.7543841600418091,0.5832812786102295,1.9577109813690186,0.5862242652723402,0.5822266725448444,0.5816424754108636
535,0.9303905963897705,0.7530413866043091,0.5830468535423279,1.9856460094451904,0.5858719563296854,0.5821903166156382,0.581758030897565
536,0.9293164014816284,0.7555591464042664,0.5807031393051147,1.9992904663085938,0.5839100371453039,0.5797012876938419,0.5790100157907501
537,0.929003894329071,0.7587628364562988,0.5841405987739563,1.9913415908813477,0.5867536875627508,0.5832219848163409,0.5828190566860803
538,0.9283202886581421,0.7571471929550171,0.5840625166893005,1.9882750511169434,0.5868562084067209,0.5829994674954382,0.582550613026378
539,0.9292578101158142,0.7565706372261047,0.5842968821525574,1.9958415031433105,0.5869370513915144,0.5832958880881339,0.5826385102816787
540,0.9276757836341858,0.7630399465560913,0.582812488079071,2.001408338546753,0.5857725662706958,0.5817702930299664,0.5811576869606895
541,0.9289844036102295,0.7565281391143799,0.5779687762260437,1.999720811843872,0.5813135505554049,0.5771543087155607,0.5761924827523723
542,0.927929699420929,0.7620225548744202,0.5778906345367432,2.0112433433532715,0.5813395373603072,0.5769772061587559,0.5763818126722757
543,0.9316601753234863,0.7502162456512451,0.5830468535423279,1.9907668828964233,0.5870255627057273,0.5820140197471614,0.5814719335871741
544,0.9288671612739563,0.7564483880996704,0.5821093916893005,2.0026235580444336,0.5866132215362384,0.5808124805413808,0.5806689715230925
545,0.9295117259025574,0.7541627287864685,0.5787500143051147,1.9958326816558838,0.5818141262790113,0.5776572742272411,0.5771532025612962
546,0.9300585985183716,0.7543700933456421,0.5836718678474426,1.988826036453247,0.5866979902548183,0.5824976831140611,0.5820035228696585
547,0.9298242330551147,0.756651759147644,0.5867968797683716,1.9828789234161377,0.5897237583694346,0.5856506743903014,0.5850541792417238
548,0.9296679496765137,0.7570162415504456,0.5875781178474426,1.9892834424972534,0.5910183058291154,0.5863928372198656,0.586187566533138
549,0.9322070479393005,0.7505874633789062,0.5821874737739563,1.9931601285934448,0.5854490818218958,0.58107264522485,0.5805236309750266
550,0.9290624856948853,0.758971631526947,0.5771874785423279,2.012415647506714,0.5810004133875711,0.5763951690286196,0.5755213638927816
551,0.93017578125,0.7530155777931213,0.5837500095367432,1.9947282075881958,0.5866343561134035,0.5824791298638987,0.5821635094511122
552,0.9307226538658142,0.7531808614730835,0.5831249952316284,1.992073655128479,0.5860828313468409,0.5817650692965499,0.5812645106413415
553,0.9295507669448853,0.7575002312660217,0.5840625166893005,1.9917734861373901,0.5872219162450898,0.5831784576507002,0.5827492343960152
554,0.9304492473602295,0.7486025094985962,0.5862500071525574,2.000436305999756,0.589071657115888,0.5851747810733113,0.5843558703338947
555,0.9309179782867432,0.7526529431343079,0.5807031393051147,1.997047781944275,0.5840210653033531,0.5795727966184184,0.5789192721979638
556,0.9275000095367432,0.7617031931877136,0.5751562714576721,2.0186567306518555,0.5787235719291587,0.5743072833800082,0.5734899662998766
557,0.9315429925918579,0.748221755027771,0.5830468535423279,1.9898648262023926,0.5857348925095389,0.5822711758177201,0.581491643235666
558,0.930468738079071,0.7502278089523315,0.5859375,1.9901007413864136,0.5886972861377315,0.5847918123396579,0.5841537690207492
559,0.9296484589576721,0.7529801726341248,0.5872656106948853,1.9908398389816284,0.5902492670090131,0.586271111474441,0.5854472277364213
560,0.9307812452316284,0.7529359459877014,0.5840625166893005,1.9919884204864502,0.5870336894572687,0.5829198358939794,0.58203141737465
561,0.9303125143051147,0.7529708743095398,0.5783593654632568,2.0228171348571777,0.5820142374262305,0.577562506232528,0.5769699777022421
562,0.9330859184265137,0.7481122612953186,0.5831249952316284,2.012850761413574,0.5867826581679971,0.5820217155606736,0.5814716723326501
563,0.9316601753234863,0.7485049962997437,0.5782812237739563,2.0186805725097656,0.5814337134179268,0.5775053757493747,0.5767008077663025
564,0.933398425579071,0.7461971044540405,0.5883593559265137,1.981553077697754,0.591586332486698,0.5873869053342848,0.5868226368934644
565,0.9298242330551147,0.755078136920929,0.584765613079071,1.9921075105667114,0.5874951153020889,0.5839098858930778,0.5830829156276276
566,0.929980456829071,0.7546370029449463,0.5791406035423279,1.9971407651901245,0.5816274439566339,0.5783478456986284,0.5771795382135233
567,0.9301953315734863,0.7518483996391296,0.5885156393051147,2.004737615585327,0.5908493043398869,0.58784817000894,0.5867794103453617
568,0.9302734136581421,0.7537904977798462,0.5856249928474426,2.0084242820739746,0.5887697825206242,0.584588538262013,0.584009466725845
569,0.9313671588897705,0.7515685558319092,0.5797656178474426,2.010869264602661,0.5824764814356347,0.578925837743857,0.5778937376223356
570,0.9311718940734863,0.7516947984695435,0.5803906321525574,2.005662679672241,0.5819137052546755,0.5793738020815181,0.578320295031304
571,0.9295703172683716,0.7560504674911499,0.5806249976158142,2.015150785446167,0.5831271949486208,0.5795823650856264,0.5787556582781564
572,0.9304296970367432,0.7536293268203735,0.5776562690734863,2.017850875854492,0.5807194081315389,0.5764336043862054,0.5759567591383916
573,0.930371105670929,0.7524002194404602,0.5822656154632568,2.0064542293548584,0.5850540694045088,0.5814968966104488,0.5808136158939938
574,0.9308007955551147,0.7490388751029968,0.5840625166893005,1.9989410638809204,0.5864229882338583,0.5829489639181789,0.5822968707223708
575,0.9291796684265137,0.7588343024253845,0.5810937285423279,1.9981911182403564,0.5835434520602647,0.5800386949797205,0.579077903197261
576,0.9300390481948853,0.752737820148468,0.578906238079071,2.006878137588501,0.5816887723825908,0.5782186840228327,0.5774994637466417
577,0.9288085699081421,0.7559226751327515,0.583203136920929,2.011507034301758,0.5864364070522198,0.581858365713586,0.5811674754243394
578,0.9311718940734863,0.750415563583374,0.5830468535423279,1.9970221519470215,0.5862899056033511,0.5818609130761072,0.5811058546843479
579,0.9329687356948853,0.7458480000495911,0.5803906321525574,2.0035400390625,0.5831295844391506,0.5792650968529869,0.5784815881343555
580,0.9322656393051147,0.746077299118042,0.5843750238418579,1.994712471961975,0.5871418824024859,0.5832367520409794,0.5824901620824527
581,0.9304296970367432,0.7504132986068726,0.5807031393051147,1.997094750404358,0.5830022229347555,0.5794413818723158,0.5783892223345998
582,0.9301171898841858,0.7522014379501343,0.5837500095367432,2.007765769958496,0.5860707362032961,0.5822929121309215,0.5817902822614285
583,0.9333789348602295,0.7459070086479187,0.5839062333106995,2.0029971599578857,0.586142922112769,0.5830325945561653,0.5821304968079807
584,0.931347668170929,0.7477658987045288,0.5810937285423279,2.0114357471466064,0.5836466040614987,0.5798531539845548,0.5789547106757451
585,0.9315234422683716,0.7491360306739807,0.586718738079071,1.9764796495437622,0.5896015183100156,0.5856933884552387,0.5849799753713001
586,0.9317968487739563,0.7450953125953674,0.5888281464576721,2.000361680984497,0.5922632503671814,0.5876358445321628,0.5869122940588887
587,0.9321093559265137,0.7480719685554504,0.5835937261581421,1.9961875677108765,0.5871944396770924,0.5824282634895701,0.5818596907110065
588,0.9301562309265137,0.7504876852035522,0.5814843773841858,2.0009849071502686,0.584570383201338,0.5804068786326471,0.5795010268564056
589,0.9325976371765137,0.7471519708633423,0.586718738079071,1.979163408279419,0.5893414418809058,0.5854772966975403,0.5846944483648993
590,0.9311913847923279,0.750577449798584,0.5885156393051147,1.9868777990341187,0.5914108717915811,0.5872713470641548,0.5867545204892577
591,0.93115234375,0.749153196811676,0.5863281488418579,1.9851806163787842,0.5888686568413938,0.5845378810109622,0.5836978895074105
592,0.9303515553474426,0.7502098679542542,0.5821874737739563,2.000168561935425,0.5848579255657751,0.5810844002047684,0.5802649244509608
593,0.9309179782867432,0.7529512047767639,0.5817968845367432,2.0107083320617676,0.5844206805255875,0.5804615617869269,0.5799299466904597
594,0.928515613079071,0.7576960921287537,0.5889062285423279,1.9850974082946777,0.592685217569264,0.5881495360543056,0.5876813288539839
595,0.9326171875,0.7501878142356873,0.5911718606948853,1.9871368408203125,0.593745986415327,0.5900695790945352,0.5895065502425179
596,0.9301953315734863,0.7517806887626648,0.587109386920929,1.9932600259780884,0.5900083174388298,0.5861360239932965,0.5849823569943173
597,0.9307031035423279,0.7518939971923828,0.5834375023841858,1.9932472705841064,0.5857295117532674,0.5822202010749451,0.5810405363565293
598,0.9304492473602295,0.7531961798667908,0.581250011920929,2.0100605487823486,0.5841794583762658,0.5801086765843784,0.5793007218837745
599,0.9305273294448853,0.7544082403182983,0.5826562643051147,2.002750873565674,0.5859706699992944,0.5815439897694701,0.5806435661929333
600,0.9310156106948853,0.751524806022644,0.5866405963897705,1.996737003326416,0.589631489334655,0.5854610062950836,0.5843431306984491
601,0.9308007955551147,0.7492008805274963,0.5796874761581421,2.023881435394287,0.5826984208634154,0.5782804096017707,0.5775683532159657
602,0.9318945407867432,0.7484846711158752,0.5881249904632568,1.9889459609985352,0.5916441139431916,0.5869635693474966,0.5862153121430106
603,0.9336133003234863,0.7469114065170288,0.5817968845367432,2.0109543800354004,0.5850992250905227,0.5803657948212894,0.5796806970103356
604,0.9364648461341858,0.7399161458015442,0.5829687714576721,1.9914659261703491,0.5862956062850713,0.5822130577260096,0.581617246306993
605,0.9338476657867432,0.7458074688911438,0.5899218916893005,1.9854732751846313,0.5931803216950096,0.5892556146121795,0.5881577629997792
606,0.933300793170929,0.7441490292549133,0.581250011920929,2.0061144828796387,0.5837234785467773,0.5800468169377395,0.579559363437409
607,0.9329687356948853,0.7443709373474121,0.583984375,1.9965384006500244,0.5867961505776975,0.5829356752706547,0.5823427399698031
608,0.9300000071525574,0.7486908435821533,0.5885156393051147,1.9734843969345093,0.5912107507547282,0.5872412646370799,0.5866017421244958
609,0.9314648509025574,0.74875807762146,0.5872656106948853,1.9891002178192139,0.589395214864709,0.5862355124504481,0.5853920417256947
610,0.9288281202316284,0.7565603852272034,0.5849218964576721,1.993031620979309,0.5879695460220065,0.5835868360246137,0.5832072047785235
611,0.9311718940734863,0.7519645690917969,0.5877344012260437,1.9967480897903442,0.5906529939241536,0.5863684190482253,0.5858931230031749
612,0.9296093583106995,0.7516842484474182,0.5872656106948853,1.9919248819351196,0.5909013866095405,0.5860467534651983,0.5854969925602478
613,0.9331836104393005,0.7450214624404907,0.5869531035423279,2.001610279083252,0.5891625634988918,0.585483136955465,0.5847724553253795
614,0.932910144329071,0.7444105744361877,0.5899218916893005,1.9887325763702393,0.5926772404090247,0.5888138752674311,0.5881302292157026
615,0.9310156106948853,0.7515940070152283,0.5797656178474426,2.0056445598602295,0.5828167628014946,0.5783365891547683,0.5775866163281445
616,0.9311133027076721,0.7494114637374878,0.5907031297683716,1.9934388399124146,0.5941833339673821,0.5892682927985574,0.588333606826267
617,0.9327343702316284,0.7451261878013611,0.5843750238418579,2.0122427940368652,0.5884964265694939,0.5832923660378182,0.5828686039628597
618,0.9324609637260437,0.7475078701972961,0.5953124761581421,1.9925789833068848,0.5981531269142908,0.5942104090249886,0.5932788677192121
619,0.93359375,0.7446141242980957,0.5852344036102295,2.001974582672119,0.5884223466739082,0.5839658990902488,0.5835573976765854
620,0.9331250190734863,0.7450814247131348,0.5891406536102295,1.9857475757598877,0.592843586621693,0.5881644723620705,0.5878166146073062
621,0.9336327910423279,0.7435358166694641,0.5924218893051147,1.9911079406738281,0.5950916095180689,0.5913376786042222,0.5908130535630725
622,0.9310937523841858,0.7486275434494019,0.5895312428474426,1.9812977313995361,0.5927082517076956,0.5883590872567199,0.5878074831409306
623,0.93115234375,0.7533234357833862,0.5762500166893005,2.003105878829956,0.5785462435642457,0.5749891436529425,0.5744324039085669
624,0.9312304854393005,0.7495425343513489,0.585156261920929,1.9915945529937744,0.5879804298078785,0.5838816155419675,0.5833105849048563
625,0.9314844012260437,0.7517664432525635,0.5846874713897705,1.9991600513458252,0.5870854006583699,0.5834740263610236,0.5826962604254938
626,0.9361132979393005,0.7389205694198608,0.591015636920929,1.9634474515914917,0.5935894842692855,0.5900656345187164,0.5893222584298627
627,0.9311133027076721,0.746207058429718,0.5782031416893005,2.00827956199646,0.5811011285949826,0.5771584558330217,0.5766172653495543
628,0.9327929615974426,0.7423461675643921,0.5846874713897705,2.0115199089050293,0.5873944569115774,0.5834568736451178,0.582673485195105
629,0.9322460889816284,0.7458155155181885,0.5852344036102295,2.0062427520751953,0.5878358096599221,0.5837577202861053,0.5832226123923923
630,0.9334765672683716,0.7442684769630432,0.5866405963897705,2.000227689743042,0.5899297786951065,0.5854420424526512,0.585316916171515
631,0.9331836104393005,0.746522068977356,0.5857812762260437,2.0068416595458984,0.5898212467048953,0.5847946699922104,0.5843762428816763
632,0.9334179759025574,0.7452436089515686,0.5865625143051147,2.0135715007781982,0.5896156865140267,0.5855383446873028,0.5850096434421381
633,0.9301171898841858,0.7479507327079773,0.5891406536102295,1.9853183031082153,0.5930903452212818,0.587820487729709,0.5874338791197555
634,0.931933581829071,0.7453141808509827,0.5804687738418579,1.9942588806152344,0.5842148976522491,0.579036572645974,0.5785858251449343
635,0.9316210746765137,0.7488582134246826,0.5853906273841858,2.002070426940918,0.5884329386645413,0.5838971227725298,0.5835217660942837
636,0.9330664277076721,0.7461229562759399,0.5867968797683716,1.9863841533660889,0.591022138907061,0.5854906201252204,0.585470845724843
637,0.931933581829071,0.7468591332435608,0.5910937786102295,1.9717789888381958,0.5951353656815778,0.5897923937559115,0.5898212811652359
638,0.9322656393051147,0.7476036548614502,0.5857812762260437,1.9868770837783813,0.5893319082924019,0.5849200972877144,0.5844343136453556
639,0.9329882860183716,0.7464806437492371,0.5914843678474426,1.9819129705429077,0.595053709360922,0.5904087810141199,0.5900173498679477
640,0.9334570169448853,0.7440546154975891,0.5903906226158142,1.9806147813796997,0.5941944848735183,0.589018072197077,0.5885236210662397
641,0.9331445097923279,0.7418373823165894,0.5901562571525574,1.974440097808838,0.5930492599607298,0.5887310055456549,0.5879934092265106
642,0.9354101419448853,0.7370761632919312,0.5920312404632568,1.9941177368164062,0.5949939841797158,0.5909633800685132,0.5902135941821114
643,0.9325585961341858,0.745048999786377,0.5846874713897705,1.9805922508239746,0.5879339940506392,0.5837644465688421,0.5831250159254082
644,0.9334961175918579,0.742694079875946,0.5914843678474426,1.9665443897247314,0.5940822135800431,0.590282044971707,0.5896926530554291
645,0.9336718916893005,0.7437295317649841,0.5853906273841858,1.9961390495300293,0.5890506544711467,0.5846037037536336,0.5840262665129653
646,0.931640625,0.7480953931808472,0.5857031345367432,1.9980305433273315,0.5891212805292765,0.5845959427540943,0.584043011613975
647,0.9361718893051147,0.7367081642150879,0.5836718678474426,2.0113887786865234,0.5868911977370009,0.5830109488054368,0.5822087745243507
648,0.933886706829071,0.7455047369003296,0.5880468487739563,2.012519359588623,0.5913339995645721,0.5872017544241575,0.5865788547214339
649,0.9302734136581421,0.7544277310371399,0.5874218940734863,2.003755569458008,0.5911512228239584,0.5862177502231001,0.5856751089022253
650,0.9340234398841858,0.7461457252502441,0.5858593583106995,2.003347635269165,0.588122627029859,0.5847706753279236,0.5842563702511132
651,0.9327148199081421,0.748126745223999,0.5863281488418579,1.9902113676071167,0.590032154213652,0.5851133527289094,0.5846464369436384
652,0.9333398342132568,0.7394367456436157,0.5860156416893005,1.9931105375289917,0.5882707320278391,0.5847759060773289,0.5841350234417548
653,0.9350390434265137,0.7433421611785889,0.5849218964576721,1.9951794147491455,0.5884916900705907,0.5839823812323492,0.5835504075252872
654,0.933300793170929,0.744759738445282,0.5858593583106995,2.006643295288086,0.5895281319917303,0.5851241014907926,0.5847501292367252
655,0.9339843988418579,0.7414371967315674,0.5860156416893005,2.004469871520996,0.589087537993168,0.5850560029466256,0.5843584063155787
656,0.933886706829071,0.737181544303894,0.5836718678474426,2.007842779159546,0.5870925811567717,0.5824482104981723,0.5819079601410126
657,0.9353906512260437,0.7403193116188049,0.5862500071525574,2.0089118480682373,0.5889887831066776,0.5849827243534979,0.5842251488908617
658,0.9334179759025574,0.742644190788269,0.5853906273841858,1.994835615158081,0.5889223094223469,0.5843051254564056,0.5839058246408595
659,0.9337304830551147,0.7395896911621094,0.5873437523841858,2.004608154296875,0.5902685334244749,0.5863810005755639,0.5858133859167436
660,0.9331640601158142,0.7452504634857178,0.5821093916893005,2.019711971282959,0.5853056378149468,0.580807219661227,0.5801815391793108
661,0.9348242282867432,0.7408866286277771,0.5802343487739563,2.001959800720215,0.5828309514643015,0.5790450205422351,0.5780345183053766
662,0.9353125095367432,0.7374333143234253,0.5861718654632568,1.9988998174667358,0.5892392122170346,0.5851677597921899,0.5843422944593719
663,0.9343163967132568,0.7399554252624512,0.5836718678474426,1.9980911016464233,0.5868946871706462,0.5828165548715325,0.5820961492925805
664,0.9357030987739563,0.7363539934158325,0.583984375,1.999626636505127,0.5865807822391811,0.5830781251844762,0.5823871026145806
665,0.9328320026397705,0.7444556951522827,0.5875781178474426,2.004054307937622,0.5906696228476659,0.5864624979427226,0.5856057395938514
666,0.934374988079071,0.7391049861907959,0.5904687643051147,1.9866859912872314,0.5929619814885688,0.5892970707047603,0.588581183767302
667,0.9355078339576721,0.740501880645752,0.5879687666893005,1.9783663749694824,0.591068254999924,0.5867889752075135,0.586401005769039
668,0.9360937476158142,0.7351427674293518,0.5863281488418579,1.988280177116394,0.58922128989413,0.5853300815936384,0.5847077533128229
669,0.934374988079071,0.7377622723579407,0.5904687643051147,1.9664793014526367,0.5925186380381993,0.5890734723340386,0.5882868296323435
670,0.9360547065734863,0.7317900657653809,0.588671863079071,1.9921077489852905,0.5918987497142603,0.5875528477109713,0.5870790718255569
671,0.9344531297683716,0.7375866770744324,0.5860156416893005,1.9985706806182861,0.5890780459043943,0.5851756587773032,0.584683383414904
672,0.933398425579071,0.7388961315155029,0.5889062285423279,1.996752142906189,0.5923948329416373,0.5879002737603166,0.5873314122463655
673,0.9310742020606995,0.7489214539527893,0.5829687714576721,2.008086919784546,0.5864069853153661,0.5817920536282668,0.5817020489805094
674,0.9339843988418579,0.741137683391571,0.5863281488418579,2.007819175720215,0.5892391595253965,0.585002762880687,0.584576672808113
675,0.9337304830551147,0.7393594980239868,0.5881249904632568,1.9902187585830688,0.5913304525375449,0.586853865954443,0.5866844101220943
676,0.9342382550239563,0.7401812076568604,0.5904687643051147,1.987093210220337,0.5936532436420205,0.5893748398373984,0.5888527758018189
677,0.9332031011581421,0.7454577684402466,0.586718738079071,1.999922752380371,0.5893682516841823,0.5852425267868929,0.5846779854819172
678,0.9328711032867432,0.7430646419525146,0.5874999761581421,2.0014536380767822,0.5907584323387877,0.58641974904539,0.585535854869391
679,0.9335547089576721,0.742275059223175,0.5832812786102295,2.010298728942871,0.5864909917372071,0.5821187042317096,0.5815264363030124
680,0.9319140911102295,0.7455567121505737,0.5846874713897705,1.9949971437454224,0.5877879187233513,0.5834970249645994,0.5832211898908637
681,0.9362499713897705,0.7364292144775391,0.5882812738418579,1.983594536781311,0.5916753349810493,0.5871108357662282,0.5865967634199065
682,0.9337499737739563,0.7430675625801086,0.5907812714576721,1.9931747913360596,0.5942027717115578,0.5894593929192871,0.5889708081965441
683,0.9371093511581421,0.7316074371337891,0.5866405963897705,1.9933110475540161,0.5890277430506414,0.5855201700590694,0.5846390053020679
684,0.9349218606948853,0.738056480884552,0.5910937786102295,1.995447039604187,0.5949663796138095,0.5895762938389595,0.5889203948224253
685,0.9335741996765137,0.7377339005470276,0.5870312452316284,2.0064308643341064,0.5906735400815797,0.5856837375128914,0.5850606376229928
686,0.9341796636581421,0.7403333187103271,0.584765613079071,2.009972333908081,0.5877047868880652,0.5835984633731369,0.5830276301501165
687,0.9326757788658142,0.7447108626365662,0.5849999785423279,2.0052521228790283,0.5881401999638726,0.5836427814103613,0.5830689401361033
688,0.93212890625,0.7467510104179382,0.5853906273841858,2.00870680809021,0.5883088596855842,0.5842245098914972,0.583445035406472
689,0.9336133003234863,0.74097740650177,0.5837500095367432,1.9959384202957153,0.5863664365210703,0.5823117504495251,0.5817442623000153
690,0.93603515625,0.7394537329673767,0.5849999785423279,1.9951035976409912,0.5881864012420808,0.5839219735896775,0.5835028015617623
691,0.9324804544448853,0.7454357743263245,0.5876562595367432,1.9931056499481201,0.5905182431561813,0.5862805048192021,0.5857045577246216
692,0.9345312714576721,0.739774763584137,0.583984375,2.013235569000244,0.5866222163841968,0.5826973332705816,0.5822747360952956
693,0.9333202838897705,0.7442967891693115,0.5840625166893005,2.0207505226135254,0.5868952801601074,0.5831892627489703,0.5823375192109622
694,0.9319726824760437,0.7454882264137268,0.5864843726158142,2.0144166946411133,0.5898443947389466,0.5851899429654004,0.5848597174582113
695,0.933789074420929,0.7396712303161621,0.5860156416893005,1.997231125831604,0.5890732316769185,0.5851540434489594,0.5844563267921649
696,0.9354882836341858,0.7358343601226807,0.587890625,1.9804991483688354,0.5913159212227381,0.5869576218566337,0.5863721918370324
697,0.9361718893051147,0.7344928979873657,0.5933593511581421,1.9921907186508179,0.5963131714414529,0.592548759025874,0.5919836838108173
698,0.9333398342132568,0.7445777058601379,0.5849999785423279,2.0162508487701416,0.5878375680809449,0.5843516531275106,0.5837337374840605
699,0.9366210699081421,0.7338584065437317,0.5881249904632568,1.9966462850570679,0.5904709811428813,0.586873310253865,0.5859117564686683
700,0.93701171875,0.7309530377388,0.5859375,2.007094621658325,0.5889369859286944,0.5851752854099816,0.5845193354048386
701,0.9367773532867432,0.7349615693092346,0.5861718654632568,2.005033016204834,0.5892667472906935,0.5851141795000483,0.5846689571122713
702,0.935839831829071,0.7341600656509399,0.5810156464576721,1.9996129274368286,0.5842218198645198,0.5798302825026209,0.5792214127658448
703,0.9357616901397705,0.7356314063072205,0.5816406011581421,1.9986662864685059,0.5846203023779897,0.5802914807257051,0.5795479769524314
704,0.9329882860183716,0.740700364112854,0.5796093940734863,2.0160181522369385,0.5825735970338349,0.5786560549789788,0.5777857968815028
705,0.9338672161102295,0.7413569092750549,0.5825781226158142,2.0144236087799072,0.5865179396719906,0.5815535305654906,0.5809856595628792
706,0.9353906512260437,0.7344622015953064,0.5814062356948853,2.024567127227783,0.5844827095151226,0.5798524041605677,0.5793933786531356
707,0.9361327886581421,0.7316312193870544,0.5903906226158142,1.9958465099334717,0.593626572329728,0.5891733119166457,0.58877780961672
708,0.9334570169448853,0.7411792874336243,0.5854687690734863,2.0003364086151123,0.5890375378934964,0.5844452952204513,0.5839859800007816
709,0.9334765672683716,0.7407041192054749,0.5837500095367432,2.0055413246154785,0.5863669690299684,0.5825608531240486,0.5821724430955899
710,0.9353906512260437,0.7375823855400085,0.5824218988418579,1.991524338722229,0.5866083011052381,0.5813975511094561,0.581192638391128
711,0.9330078363418579,0.7425052523612976,0.584765613079071,2.020205020904541,0.5879803766368916,0.58350805387161,0.5828752455592514
712,0.9345507621765137,0.7375385761260986,0.5892187356948853,2.0041744709014893,0.5922536554710998,0.5877911202846846,0.5873249051285836
713,0.935253918170929,0.7383418083190918,0.5840625166893005,2.017868757247925,0.5880288517698665,0.5829096749576324,0.5827226343304909
714,0.9332031011581421,0.7422901391983032,0.5760156512260437,2.0289952754974365,0.578573314445697,0.574681731427018,0.5739107602795348
715,0.9345898628234863,0.7396836876869202,0.5868750214576721,2.0107665061950684,0.5897081909157772,0.585886461030392,0.5852917201079366
716,0.9327539205551147,0.7470758557319641,0.5856249928474426,2.012148141860962,0.5880914880119561,0.5843688647457495,0.5839927025825984
717,0.935351550579071,0.7380662560462952,0.5905468463897705,1.9854304790496826,0.5944201102543386,0.5894830286747277,0.589280298205764
718,0.9354882836341858,0.7341070771217346,0.5881249904632568,2.0134689807891846,0.5913548741481462,0.5868446001274966,0.586241290546504
719,0.9370312690734863,0.7327398657798767,0.5825781226158142,2.0129055976867676,0.5856963318622201,0.5814146130466492,0.580792538589027
720,0.9345507621765137,0.7382374405860901,0.5858593583106995,2.011003017425537,0.589486582322783,0.5848500659943208,0.5842038255399735
721,0.9353125095367432,0.7365354895591736,0.5896093845367432,1.998768925666809,0.5941174146628038,0.588615454248971,0.5882286515917186
722,0.9342968463897705,0.7379531860351562,0.589062511920929,2.022749662399292,0.5921319022589087,0.5881105444802952,0.5874704098177905
723,0.9347460865974426,0.7386204600334167,0.5838281512260437,2.025402069091797,0.5869074370552279,0.5826765174333247,0.582279546497741
724,0.9338476657867432,0.7393760085105896,0.5842968821525574,2.023159980773926,0.5871187401336526,0.582674706171296,0.5823243815089421
725,0.9354296922683716,0.7384008765220642,0.5821874737739563,2.015073299407959,0.5853995499774339,0.5810004100889075,0.5806888840678189
726,0.9350195527076721,0.7377929091453552,0.5790625214576721,2.020144462585449,0.5821702800040166,0.5777968353424353,0.5772091493494494
727,0.9336327910423279,0.7417635917663574,0.583984375,2.0144338607788086,0.5869842456581132,0.582940435600372,0.5826601045898037
728,0.9346874952316284,0.7418382167816162,0.5868750214576721,2.0058677196502686,0.589264441566107,0.5858420150112624,0.5852717207303632
729,0.9328320026397705,0.7441484332084656,0.5803124904632568,2.011057138442993,0.5821854896529695,0.5791790013001274,0.578072769293253
730,0.9354882836341858,0.7357704639434814,0.583984375,2.011822462081909,0.5864716146866237,0.5828321718552596,0.582108997747313
731,0.9359375238418579,0.7380441427230835,0.586718738079071,1.9963282346725464,0.5893797645162914,0.585565734306547,0.5848340012860165
732,0.9364062547683716,0.7367363572120667,0.5862500071525574,2.0118160247802734,0.5895031681931405,0.584979787236696,0.5843521113722703
733,0.9371874928474426,0.7318871021270752,0.5849999785423279,2.0233049392700195,0.5883930942671294,0.5840763919411152,0.58357880523608
734,0.9383984208106995,0.7271279692649841,0.5909374952316284,1.9972244501113892,0.5939436193291452,0.589841837324357,0.5893917269399522
735,0.9379101395606995,0.7301588654518127,0.5861718654632568,1.9971312284469604,0.5891755328230143,0.5852855258284606,0.5848338097736772
736,0.9353320598602295,0.7317277789115906,0.5877344012260437,2.0019147396087646,0.5909425173355842,0.586874411616563,0.586292116760725
737,0.9384179711341858,0.7303844690322876,0.5892187356948853,2.005052328109741,0.5922044386711728,0.5879392659928033,0.58742711497009
738,0.9344140887260437,0.7356815934181213,0.5865625143051147,2.004643201828003,0.5891013979855391,0.5854010186360011,0.5844233432402803
739,0.9374609589576721,0.7305666208267212,0.5901562571525574,2.0027546882629395,0.5928559664347117,0.5889079741364636,0.5884156209688287
740,0.9356640577316284,0.7371063232421875,0.5923437476158142,1.990546703338623,0.5960576135085223,0.5912489001710773,0.5906674975649399
741,0.9356250166893005,0.7360599040985107,0.5910937786102295,2.0095460414886475,0.594188820845557,0.5901799235509082,0.5891192039904123
742,0.9381445050239563,0.7292306423187256,0.5897656083106995,1.9987633228302002,0.5925939444901039,0.588368917488209,0.5874180245808427
743,0.9339648485183716,0.7361904978752136,0.5878124833106995,2.0142834186553955,0.5910745761633673,0.5868793789219757,0.585825255608535
744,0.93603515625,0.7355466485023499,0.5835937261581421,2.0148112773895264,0.5858633255311717,0.5825468782759053,0.5816966516730956
745,0.9374023675918579,0.729245662689209,0.5884374976158142,2.001692295074463,0.591228680106582,0.5874749635985622,0.5867079881000371
746,0.9361913800239563,0.7343114614486694,0.5843750238418579,2.0097978115081787,0.5861920123065163,0.5830313614901501,0.5823495579810112
747,0.9364843964576721,0.7316572666168213,0.5839062333106995,2.0227248668670654,0.5872663039175975,0.5828622096833145,0.5823762494932616
748,0.9353125095367432,0.7397043108940125,0.5842187404632568,2.02197527885437,0.5877078571763341,0.5828968785074189,0.5825279179044578
749,0.9354101419448853,0.7346929311752319,0.5885937213897705,2.015735149383545,0.592469628393258,0.587190984391567,0.5870226621235655
750,0.9343945384025574,0.7383804321289062,0.5875781178474426,2.023282766342163,0.5906508735357126,0.5861952075545478,0.585755958685519
751,0.9354882836341858,0.7382984161376953,0.5854687690734863,2.026120185852051,0.5879995073689348,0.5843177011596881,0.5834802251982041
752,0.935253918170929,0.7373111844062805,0.5832812786102295,2.030029535293579,0.5862023329350591,0.5818893969221475,0.5812231398883866
753,0.9370898604393005,0.7287502288818359,0.585156261920929,2.015937566757202,0.5879860223882192,0.5841977057187915,0.583326483236962
754,0.9358984231948853,0.7366589307785034,0.5830468535423279,2.021787166595459,0.5859203842684515,0.5820596444811925,0.581280186473826
755,0.9358593821525574,0.7351642847061157,0.5894531011581421,2.00321888923645,0.5929353311299231,0.5885505125195614,0.5881331805446739
756,0.9368359446525574,0.7356988787651062,0.5874218940734863,2.004164457321167,0.5904418392661442,0.586403435015684,0.586068597395959
757,0.9346874952316284,0.7403949499130249,0.5849999785423279,2.0363075733184814,0.5879864987165109,0.5842245138744433,0.5835649895375062
758,0.9363867044448853,0.73497474193573,0.5862500071525574,2.0122296810150146,0.5889879242664311,0.5849534439828572,0.584109242345112
759,0.9364843964576721,0.7380822896957397,0.5859375,2.015972852706909,0.5892125404638193,0.5847227008806966,0.5842246333228547
760,0.9367969036102295,0.7314172983169556,0.5846093893051147,2.022247552871704,0.5877657284900093,0.583480511012422,0.5827753937411526
761,0.9350976347923279,0.7364664673805237,0.5857812762260437,2.0129337310791016,0.5904351634675027,0.5846830620838527,0.5843305872535255
762,0.9352343678474426,0.7365874648094177,0.587109386920929,2.0210938453674316,0.5902182299888851,0.5861254985967095,0.5854730136679999
763,0.9354687333106995,0.7344129085540771,0.5858593583106995,2.013841390609741,0.5899306570203505,0.5851757930826174,0.584735273256584
764,0.9350390434265137,0.7398297786712646,0.5809375047683716,2.0201995372772217,0.5847710414435554,0.5799564131174493,0.5795445722081841
765,0.9357616901397705,0.7379640936851501,0.5815625190734863,2.031331777572632,0.5849447058154897,0.5803793486976296,0.5797446593322461
766,0.9355664253234863,0.7351329922676086,0.5841405987739563,2.012207269668579,0.5888258164644753,0.5832349144039743,0.5826043445338875
767,0.9382617473602295,0.7299068570137024,0.5835156440734863,2.026315450668335,0.5881457375380503,0.5826314666587178,0.5824532742502468
768,0.9344335794448853,0.7375938296318054,0.580859363079071,2.0334179401397705,0.5841723848702601,0.5799351686876948,0.5793317037013043
769,0.9346484541893005,0.7329046130180359,0.5819531083106995,2.029162645339966,0.5857889641774632,0.5807832128812028,0.5804205665207149
770,0.9341015815734863,0.7434214949607849,0.5759375095367432,2.041853904724121,0.5794627772091813,0.5748931972384912,0.5746128087034186
771,0.9375976324081421,0.7293074727058411,0.5863281488418579,2.013170003890991,0.5902401811417302,0.5851570955372472,0.5847258416506932
772,0.9356640577316284,0.7348085045814514,0.5853124856948853,2.0066864490509033,0.5883950052400786,0.5841858551940415,0.583362671943242
773,0.938183605670929,0.7285420894622803,0.5873437523841858,1.9970697164535522,0.590618957568722,0.5862340142162439,0.5854817917868347
774,0.9366796612739563,0.7308173179626465,0.5860156416893005,2.0031166076660156,0.5886348334914296,0.5848416019949287,0.5841136655517797
775,0.939453125,0.7254486083984375,0.5875781178474426,2.000502824783325,0.590658095877957,0.5865181937560701,0.585939459104605
776,0.9390820264816284,0.7251011729240417,0.5832812786102295,2.010911703109741,0.5868851105029377,0.5821488721540258,0.5815983048741467
777,0.9388867020606995,0.7265074849128723,0.5824999809265137,2.0219759941101074,0.5856221138466544,0.5815543775104484,0.5808113000596119
778,0.93896484375,0.7251968383789062,0.5834375023841858,2.0229921340942383,0.5868971525873387,0.5823971642620466,0.5818989365694484
779,0.9382226467132568,0.7244840264320374,0.5846874713897705,2.0132737159729004,0.5886178073720632,0.5835996442474438,0.5830746340000619
780,0.9351171851158142,0.7342566847801208,0.5842968821525574,2.011331558227539,0.5874124461057586,0.5833044741409262,0.582534989847983
781,0.9362499713897705,0.731769859790802,0.5862500071525574,2.021660566329956,0.5895989820675419,0.5851301462803702,0.5845682339325964
782,0.936230480670929,0.7304216623306274,0.5844531059265137,2.026639461517334,0.5882376575398633,0.5839638947563781,0.5836052770116283
783,0.936816394329071,0.7307156324386597,0.5853124856948853,2.0280022621154785,0.5884888266061072,0.5847024208214362,0.5838411307305935
784,0.9376367330551147,0.7246984243392944,0.5807031393051147,2.026090383529663,0.5831967460685876,0.5798564573868099,0.5788918684062991
785,0.9362890720367432,0.7357258796691895,0.5796874761581421,2.028541326522827,0.583013583730709,0.5791654777688706,0.5783740353741909
786,0.9366015791893005,0.7302009463310242,0.5857031345367432,2.018383502960205,0.587580809803397,0.5847747551026692,0.583781252861796
787,0.9343554973602295,0.7347123622894287,0.5843750238418579,2.022331476211548,0.5874226201111491,0.583533113919309,0.5825162546552767
788,0.935839831829071,0.7373412251472473,0.5895312428474426,2.008798599243164,0.5929349028344808,0.588273173966144,0.5878183052403159
789,0.9362890720367432,0.735603928565979,0.5837500095367432,2.0404207706451416,0.5868910375172933,0.5825474862219002,0.5821862236001709
790,0.9360547065734863,0.731312096118927,0.5875781178474426,2.0060665607452393,0.5908345518095273,0.5865484431289174,0.5858337869660906
791,0.9359765648841858,0.7329140305519104,0.5861718654632568,2.0080792903900146,0.5896471896084439,0.5850557068048575,0.5845721382468554
792,0.9356836080551147,0.7354885935783386,0.587109386920929,2.022946357727051,0.5902060126247644,0.5859224727557126,0.5852580996389936
793,0.9343359470367432,0.7373523116111755,0.583984375,2.0194976329803467,0.5879558258110285,0.5831357084860619,0.582531702716529
794,0.9358593821525574,0.7339138984680176,0.5819531083106995,2.028763771057129,0.5849740592729011,0.5809879498325398,0.5804771395301472
795,0.9364648461341858,0.733639657497406,0.5874999761581421,2.003629207611084,0.5905414549555457,0.5861456275010015,0.5854029474271958
796,0.9369726777076721,0.7363482713699341,0.5835937261581421,2.0184736251831055,0.5871015921792879,0.5825050534281224,0.5820185960109472
797,0.9373437762260437,0.7276540398597717,0.5874999761581421,2.0257842540740967,0.5909677887609932,0.5862681500518269,0.5857927224844783
798,0.9366210699081421,0.7325118184089661,0.5904687643051147,2.0161707401275635,0.5940337871923946,0.5896839897402805,0.5888510523053446
799,0.9346484541893005,0.7380883693695068,0.585156261920929,2.030834436416626,0.5874643519416949,0.5840576456840318,0.5833753149174962
800,0.9366210699081421,0.7302617430686951,0.5893750190734863,2.0098624229431152,0.5922850557762287,0.5879563899221569,0.587462630706321
801,0.9376562237739563,0.7264226675033569,0.5888281464576721,2.006838321685791,0.5920363221348137,0.5875925976847902,0.5868625076840392
802,0.9365624785423279,0.7342662811279297,0.5907812714576721,2.0227832794189453,0.5934497168119648,0.5896699778614216,0.5887688595364334
803,0.9372656345367432,0.7326967120170593,0.585156261920929,2.0211451053619385,0.5879973366530151,0.584027191154088,0.5834005767965194
804,0.9382617473602295,0.726564347743988,0.5884374976158142,2.0360183715820312,0.591745567743282,0.5876143436548111,0.5869747313908396
805,0.935742199420929,0.7352362275123596,0.5824999809265137,2.038304328918457,0.5856651704721354,0.58169678857898,0.581286425180604
806,0.9358984231948853,0.7301143407821655,0.5860156416893005,2.0171687602996826,0.5893022730353176,0.5853842180041825,0.5846961837161988
807,0.9364452958106995,0.73024582862854,0.5844531059265137,2.0336360931396484,0.5875905702868928,0.5834619149797109,0.5826698215246855
808,0.9389452934265137,0.7275688052177429,0.5824218988418579,2.0378458499908447,0.5848641757475628,0.581610173123908,0.5806787873699153
809,0.9370703101158142,0.7310304045677185,0.5807812213897705,2.0266969203948975,0.5841509012672154,0.5801599435811516,0.5796065993455177
810,0.9382421970367432,0.7289581298828125,0.584765613079071,2.032904863357544,0.5879706396514637,0.5840378615771671,0.5835419079259438
811,0.9348242282867432,0.7319688200950623,0.5866405963897705,2.0231707096099854,0.589076493233384,0.5857836182208256,0.5852182746184524
812,0.9367578029632568,0.7342044711112976,0.5810937285423279,2.024118185043335,0.5829862789063498,0.5801114806717804,0.5790196925808518
813,0.9351367354393005,0.7375226020812988,0.5845312476158142,2.0261685848236084,0.5882807218740004,0.583603761104069,0.5828939892588023
814,0.9362499713897705,0.7348772287368774,0.5861718654632568,2.017827033996582,0.5893238178326261,0.5852724542939112,0.5846383255975878
815,0.935351550579071,0.7348305583000183,0.5881249904632568,2.0057730674743652,0.5911699687119425,0.5871644545967599,0.5863474276731266
816,0.9377343654632568,0.7274755239486694,0.5876562595367432,2.0109012126922607,0.5905508154551213,0.5866176350460346,0.5858350985285399
817,0.9354882836341858,0.7377333045005798,0.5764062404632568,2.052241086959839,0.5800998056058189,0.5754525844465128,0.5749059896354176
818,0.9380078315734863,0.7279376983642578,0.5861718654632568,2.0062429904937744,0.5891553497544881,0.585529394516108,0.5847348098461482
819,0.9390038847923279,0.7231071591377258,0.5864062309265137,2.0304417610168457,0.5892392827347381,0.5857133128302129,0.584622364767967
820,0.9387109279632568,0.7284913063049316,0.5850781202316284,2.02199387550354,0.5874887356487892,0.5842810286807635,0.5834874227002428
821,0.9362695217132568,0.7331327199935913,0.5836718678474426,2.0152721405029297,0.586699337326025,0.5830130587989096,0.5821278589094429
822,0.9374023675918579,0.7324059009552002,0.5873437523841858,2.023482084274292,0.5900641230710649,0.5865334249755334,0.5855292238743242
823,0.9378710985183716,0.7297502756118774,0.5829687714576721,2.0387308597564697,0.5859560279762481,0.5822336726946984,0.5814183098679018
824,0.9354492425918579,0.7343973517417908,0.581250011920929,2.0320944786071777,0.5847456326344571,0.5805767349743236,0.5799322661200288
825,0.936816394329071,0.7304649949073792,0.5835156440734863,2.0383546352386475,0.5870388326350386,0.5824452079369373,0.5819089315302817
826,0.9362695217132568,0.7329046130180359,0.5842187404632568,2.0300605297088623,0.5874662389650309,0.5829745863606184,0.5823827839732132
827,0.9380664229393005,0.7290574908256531,0.5844531059265137,2.017076015472412,0.587132110559531,0.5837743658923115,0.5827537580244393
828,0.9374218583106995,0.7345961928367615,0.5881249904632568,2.0155303478240967,0.5913700097938734,0.5873736850194435,0.586479559994039
829,0.9382421970367432,0.7276983857154846,0.5844531059265137,2.0181398391723633,0.5867697775270122,0.5833708394388305,0.5824309501004894
830,0.9388281106948853,0.7241761684417725,0.5863281488418579,2.0196802616119385,0.5897974403182873,0.5854184571898375,0.5848736317640786
831,0.9402539134025574,0.7234992980957031,0.578906238079071,2.041743516921997,0.5820979933702106,0.5776978781670676,0.5770021658751043
832,0.9358593821525574,0.7357253432273865,0.580078125,2.0317115783691406,0.5827632923131033,0.5791793451045422,0.5784797232334555
833,0.9372656345367432,0.7283551692962646,0.5798437595367432,2.040537118911743,0.5825746197393464,0.5787806266550066,0.577822042456988
834,0.9373828172683716,0.7330589294433594,0.5824999809265137,2.0182015895843506,0.5855928528803613,0.5817535084873899,0.5806957491980983
835,0.9394921660423279,0.7291712760925293,0.5884374976158142,2.0053720474243164,0.591816662433698,0.5878255442482097,0.5869194940220515
836,0.9398242235183716,0.7229956984519958,0.5833593606948853,2.0226693153381348,0.5865372510939986,0.5826245015201178,0.5819282827945895
837,0.9388867020606995,0.7229129076004028,0.5872656106948853,2.012066125869751,0.5911638571231175,0.5862411678984651,0.5855158909268323
838,0.9379687309265137,0.7233026027679443,0.5887500047683716,2.0118520259857178,0.5935069754682343,0.5878941176899573,0.5872329964141517
839,0.9408789277076721,0.7202286720275879,0.5874999761581421,2.0007355213165283,0.5904146609129932,0.5867961550139977,0.5858670578134648
840,0.935839831829071,0.7334584593772888,0.5841405987739563,2.024710178375244,0.5873832104802066,0.5831788949103514,0.5823933209362038
841,0.9362695217132568,0.7347369194030762,0.5803124904632568,2.027366876602173,0.5835409813386272,0.5793797599012814,0.5789562446093156
842,0.9362695217132568,0.7359777092933655,0.5861718654632568,2.020418167114258,0.5896365145695039,0.5854736975257058,0.5848083784577648
843,0.9379687309265137,0.7249768972396851,0.5830468535423279,2.0271189212799072,0.5867254563457971,0.5821333715830568,0.5815760503942934
844,0.9373242259025574,0.7324427962303162,0.5843750238418579,2.0171968936920166,0.5880847041268791,0.5836065419443013,0.5829145024149434
845,0.9369921684265137,0.7325742840766907,0.5867968797683716,2.0179078578948975,0.5902250352422822,0.5859983093932397,0.5851432571817231
846,0.9369726777076721,0.7334099411964417,0.5855468511581421,2.014263868331909,0.5882883808009279,0.58455024652786,0.5837392159007959
847,0.9377343654632568,0.7298611998558044,0.5838281512260437,2.009672164916992,0.5865686485910122,0.5829456861490707,0.5819473469266598
848,0.938183605670929,0.7257587313652039,0.5882812738418579,2.015533447265625,0.5906763720642765,0.587333966515777,0.5862571694512975
849,0.9392187595367432,0.7234587073326111,0.5908593535423279,2.006817579269409,0.5939760352234842,0.5897781975596198,0.58881443757591
850,0.9362695217132568,0.7309572100639343,0.5860156416893005,2.0201241970062256,0.5891451435685975,0.5851872770772788,0.5846058334536586
851,0.9401953220367432,0.7248872518539429,0.5818750262260437,2.025667190551758,0.5845711307971945,0.580799690488204,0.5798784855371717
852,0.9386913776397705,0.7232793569564819,0.5828906297683716,2.0429670810699463,0.5866061244066982,0.5817338043203492,0.5808413237030281
853,0.9352929592132568,0.7367312908172607,0.581250011920929,2.053755760192871,0.5846068941123876,0.5802598643175925,0.5793421976559829
854,0.9377539157867432,0.7296186089515686,0.5778124928474426,2.048196315765381,0.5800313579029291,0.5769954145998923,0.5762378279934225
855,0.9370312690734863,0.7295783758163452,0.5828906297683716,2.0312280654907227,0.5860809680956065,0.5817726850786543,0.5812391324415128
856,0.9364648461341858,0.7323088049888611,0.5822656154632568,2.041067123413086,0.5856161848051933,0.5812054433116565,0.580831014244788
857,0.9374023675918579,0.7333632707595825,0.583203136920929,2.0400612354278564,0.5861127751271703,0.5822946481289635,0.5814684199330272
858,0.9363672137260437,0.7342052459716797,0.5842187404632568,2.0492513179779053,0.5877433449421996,0.58321266646535,0.5825820056191318
859,0.9380078315734863,0.7305393815040588,0.5835937261581421,2.023172378540039,0.5864135155285426,0.5825789673965955,0.5819673454405465
860,0.9395117163658142,0.7267652153968811,0.5810937285423279,2.0414533615112305,0.583849310994156,0.5798364611190382,0.5788972978205639
861,0.9371093511581421,0.733339786529541,0.5846874713897705,2.040404796600342,0.5878151361435641,0.5835938660580879,0.5829653330440645
862,0.9363476634025574,0.7310879230499268,0.5859375,2.034954786300659,0.5902315575359441,0.5847609390567703,0.5843459202216998
863,0.9371289014816284,0.729523241519928,0.5779687762260437,2.0469045639038086,0.5819276772495405,0.5770246960382481,0.5766391588871491
864,0.9369921684265137,0.7327314615249634,0.5842187404632568,2.0238866806030273,0.5871503933475349,0.5832315170381295,0.5823473743533157
865,0.9397851824760437,0.7253597974777222,0.5853906273841858,2.025155544281006,0.5882857159837027,0.5843670071152076,0.5838170491927612
866,0.9384570121765137,0.7285566926002502,0.5824218988418579,2.0435423851013184,0.5858093425720057,0.5811926784823134,0.5810360220534818
867,0.9393359422683716,0.7215219140052795,0.5807812213897705,2.0157272815704346,0.5834961550907132,0.579553820580008,0.5790505111455713
868,0.9382030963897705,0.7266367077827454,0.5848437547683716,2.0208005905151367,0.587994776944591,0.5840280269724559,0.5837251829840182
869,0.9368945360183716,0.7301677465438843,0.5814062356948853,2.0607614517211914,0.5849068034215046,0.5804006327140465,0.5796927123163044
870,0.9403515458106995,0.7200934886932373,0.580078125,2.030535936355591,0.5838329031529828,0.5788582679886174,0.5786427103608238
871,0.9379101395606995,0.726457953453064,0.5882031321525574,2.015514612197876,0.5912998904360915,0.5868909310382295,0.5864900570971121
872,0.9372656345367432,0.7302610874176025,0.5836718678474426,2.0324268341064453,0.5870376458461379,0.5825805764670156,0.5819846985088322
873,0.9359179735183716,0.7341650128364563,0.5817968845367432,2.0320992469787598,0.5849127721837379,0.5808944807073878,0.5803733468752872
874,0.9373632669448853,0.7289775609970093,0.5782812237739563,2.0277702808380127,0.5817019459779196,0.577330036831424,0.576630252140722
875,0.940136730670929,0.7252084612846375,0.5814062356948853,2.0417351722717285,0.5839244359513731,0.5805004389429997,0.5796045513563306
876,0.9404296875,0.7239740490913391,0.5841405987739563,2.041764497756958,0.5872341235032443,0.582792401671208,0.5819891716222692
877,0.9409765601158142,0.7160066366195679,0.5840625166893005,2.037337303161621,0.5862391408184562,0.5831619099794906,0.5824215885429054
878,0.9374804496765137,0.7274228930473328,0.5844531059265137,2.040415048599243,0.586686947650719,0.5834007670824624,0.582517403621645
879,0.9375976324081421,0.7237720489501953,0.5835156440734863,2.0286033153533936,0.5861358732487617,0.5825330065084469,0.581916284321448
880,0.9371679425239563,0.7288271188735962,0.5815625190734863,2.043951988220215,0.5842241678510243,0.580335442108117,0.5794889506930182
881,0.9394921660423279,0.7227033972740173,0.5861718654632568,2.0215814113616943,0.5896416680566967,0.5848863283721975,0.5845982474939757
882,0.9400585889816284,0.7235752940177917,0.5830468535423279,2.035984516143799,0.5862917573967965,0.5817921155648917,0.581490592805902
883,0.9396093487739563,0.7195153832435608,0.5846093893051147,2.030388355255127,0.5880838211754054,0.5836741190624154,0.583178236767795
884,0.9383203387260437,0.7263327836990356,0.5785156488418579,2.0631539821624756,0.5816699512935584,0.5775296784695714,0.5771939204524559
885,0.9360156059265137,0.7291315197944641,0.584765613079071,2.047546625137329,0.5883046407897927,0.5836809181179965,0.5832876166650076
886,0.9386913776397705,0.7224124670028687,0.5829687714576721,2.032688856124878,0.585036279380556,0.5818000606690441,0.5809856997324978
887,0.9361327886581421,0.7313078045845032,0.580078125,2.0571587085723877,0.5833554900350727,0.5789571304609687,0.578101759539996
888,0.93798828125,0.7300652265548706,0.5857812762260437,2.031332015991211,0.5885912639035322,0.5847155442216472,0.5840686415881536
889,0.9404296875,0.7208216786384583,0.5841405987739563,2.0393941402435303,0.5876796493477277,0.5832649049042113,0.5826257200310283
890,0.9388476610183716,0.7254339456558228,0.5848437547683716,2.0364673137664795,0.5871558060770325,0.5840667701210824,0.5828820793925931
891,0.9391015768051147,0.722210705280304,0.582812488079071,2.0406107902526855,0.5859685010356898,0.5819589942813861,0.5812169138161339
892,0.9404882788658142,0.7181562185287476,0.5869531035423279,2.029123544692993,0.5898836490516157,0.586064967222599,0.5853883230466705
893,0.9407812356948853,0.7157761454582214,0.5884374976158142,2.018470048904419,0.5918167247673858,0.5877537386369875,0.5868704110233081
894,0.9406445026397705,0.7203733921051025,0.5864062309265137,2.0502371788024902,0.5886793613346664,0.5855496188468139,0.5846106201978065
895,0.9396288990974426,0.7218911647796631,0.583203136920929,2.031238555908203,0.5859429844119846,0.5824628398782349,0.5817384714430922
896,0.9382617473602295,0.7259504199028015,0.5826562643051147,2.068240165710449,0.58451727013573,0.5817031243994081,0.5808851002034031
897,0.93798828125,0.7275376915931702,0.5825781226158142,2.058217763900757,0.584945501718801,0.5819360705605958,0.580956930639327
898,0.9369726777076721,0.7314881086349487,0.5835156440734863,2.0524964332580566,0.5866535477262431,0.5827151120641512,0.5819709143638447
899,0.9366015791893005,0.7337872982025146,0.5853124856948853,2.047114849090576,0.5880938705421168,0.5843034208204169,0.5836990866186933
900,0.936230480670929,0.7323077321052551,0.5841405987739563,2.0392568111419678,0.5878059605821727,0.5830278121015584,0.5828230740307853
901,0.9377148151397705,0.7293576002120972,0.5804687738418579,2.0627493858337402,0.5832940553045727,0.5797568962386044,0.5789593607301189
902,0.9380664229393005,0.7262488603591919,0.5811718702316284,2.0535147190093994,0.5842527954057735,0.5801327621034224,0.5795035458598524
903,0.9422070384025574,0.7166800498962402,0.5798437595367432,2.0574843883514404,0.5833697192127066,0.5790507061111869,0.578384560697902
904,0.9397656321525574,0.722892165184021,0.5842187404632568,2.039763927459717,0.5866226327939716,0.5833463411522022,0.5822743294781748
905,0.9399023652076721,0.7231384515762329,0.591015636920929,2.0511486530303955,0.5945907498083135,0.5900086422557106,0.5894841834676674
906,0.9427539110183716,0.7122529745101929,0.5864062309265137,2.0496950149536133,0.5894909604912025,0.5853294111122453,0.58474601954165
907,0.9413281083106995,0.7168248891830444,0.583984375,2.0512681007385254,0.587339523295568,0.5831171551253498,0.5825122024559987
908,0.9379296898841858,0.7232354879379272,0.5799999833106995,2.0770680904388428,0.5824437295539708,0.5785477843427191,0.5778101214662128
909,0.9377343654632568,0.7257295846939087,0.5832812786102295,2.047152519226074,0.586672646497642,0.5825445144767423,0.5820951082346281
910,0.9380664229393005,0.7249720096588135,0.576953113079071,2.056347608566284,0.579279723396602,0.5758508469753834,0.5749959154152756
911,0.9381445050239563,0.7243772745132446,0.5840625166893005,2.0460479259490967,0.5868263506902882,0.5829332264615334,0.5821745284347828
912,0.9366992115974426,0.7287521362304688,0.5860937237739563,2.0480496883392334,0.589857630144131,0.5849902861843722,0.584287498317971
913,0.9379101395606995,0.7283728718757629,0.5848437547683716,2.0382797718048096,0.5873714001480714,0.5836941197202085,0.5832247963544972
914,0.937695324420929,0.7305164933204651,0.585156261920929,2.040283441543579,0.5880409980200298,0.5842571299168315,0.583649134259561
915,0.9397070407867432,0.7232249975204468,0.5902343988418579,2.027400016784668,0.5928459694901215,0.5891491403007755,0.5882601617153833
916,0.937304675579071,0.7276197671890259,0.5897656083106995,2.0326247215270996,0.591978599486048,0.588733975452994,0.5879742272702702
917,0.9380273222923279,0.7240844964981079,0.5793750286102295,2.061894416809082,0.5818666158199322,0.5786542086355726,0.5777952028719192
918,0.9388672113418579,0.7218965291976929,0.5846093893051147,2.0396127700805664,0.586786938253866,0.5831794838188495,0.5824556577016962
919,0.9410547018051147,0.7173537611961365,0.5829687714576721,2.033968448638916,0.5860443304661968,0.5817159642738278,0.5810435642102056
920,0.9387304782867432,0.7235653400421143,0.5833593606948853,2.0622000694274902,0.5855688643312498,0.5824614287863111,0.5815522332116714
921,0.9388867020606995,0.7269425988197327,0.584765613079071,2.0374627113342285,0.5874905331290117,0.5837852358393425,0.583061540302397
922,0.9405664205551147,0.722331166267395,0.5821874737739563,2.041862964630127,0.5849422053193454,0.5812669494077474,0.5800948109892261
923,0.9400195479393005,0.7189725637435913,0.5896093845367432,2.033076524734497,0.5922241111982813,0.5889586054731117,0.5879080044579967
924,0.9419531226158142,0.7195778489112854,0.580078125,2.045922040939331,0.5830968418284336,0.5791353383028914,0.5783780093234936
925,0.9391210675239563,0.7228568196296692,0.582812488079071,2.0651168823242188,0.5869729209593211,0.5820745894487828,0.5813309419281547
926,0.9398242235183716,0.7214442491531372,0.5803124904632568,2.0645532608032227,0.5845103462669785,0.5797538911844279,0.5789181949024864
927,0.9389062523841858,0.7228929400444031,0.5844531059265137,2.0554726123809814,0.5864824749216241,0.5834489452510483,0.5824203498850398
928,0.9395898580551147,0.7203959822654724,0.5823437571525574,2.0641531944274902,0.5853935701266443,0.5812223094625703,0.5804941135626261
929,0.9391796588897705,0.7229530215263367,0.5785156488418579,2.0582826137542725,0.5809198824793602,0.5773994713048638,0.5763937053637723
930,0.9374609589576721,0.7286540865898132,0.581250011920929,2.060161590576172,0.5842716794971745,0.5800917480094033,0.5794008773332251
931,0.9386913776397705,0.7293676137924194,0.5826562643051147,2.063661575317383,0.5852521709506401,0.5812923526551605,0.5801937608225682
932,0.9404882788658142,0.7204973697662354,0.5864843726158142,2.0534229278564453,0.588929165632407,0.5857186125137726,0.5847827080387046
933,0.938769519329071,0.7264995574951172,0.5881249904632568,2.0314605236053467,0.590419763815625,0.5870120087891948,0.5861784407464847
934,0.9393163919448853,0.7236520648002625,0.5883593559265137,2.03537654876709,0.591336509685215,0.5873524078045735,0.5867292749714257
935,0.9376171827316284,0.7255898118019104,0.5854687690734863,2.0486583709716797,0.588853327799302,0.5842660836563902,0.5837928699366576
936,0.9397656321525574,0.7227972149848938,0.5841405987739563,2.046619176864624,0.5872638808166863,0.5833150069111509,0.582561828102405
937,0.9395507574081421,0.723484218120575,0.580859363079071,2.050046682357788,0.5842898590491181,0.5799729699241163,0.5791579094295003
938,0.9400976300239563,0.7229356169700623,0.5831249952316284,2.037527322769165,0.5862791647182222,0.5817778830959281,0.5813257461282997
939,0.9404492378234863,0.7181905508041382,0.5842968821525574,2.058988094329834,0.5873519286354691,0.5832747460342759,0.5827751300101045
940,0.9391406178474426,0.7211580872535706,0.5765625238418579,2.0551939010620117,0.5782097873247487,0.5755731331957874,0.5743912681185991
941,0.9388086199760437,0.7236543893814087,0.5862500071525574,2.043516159057617,0.5899463632172134,0.5852184191055325,0.5848868151939891
942,0.9397070407867432,0.7262987494468689,0.5829687714576721,2.0233664512634277,0.5861905136926697,0.5822127183847575,0.5815639919879569
943,0.9405078291893005,0.7189879417419434,0.5866405963897705,2.0220787525177,0.5894498262102048,0.5854937874888914,0.5850253130582903
944,0.9400781393051147,0.7165085077285767,0.5853124856948853,2.0155019760131836,0.5872496561786313,0.5843318655591003,0.5832411952467844
945,0.9389843940734863,0.7257368564605713,0.5861718654632568,2.0312774181365967,0.5899761832224154,0.5850447414326825,0.5843282901502144
946,0.9375976324081421,0.7300689220428467,0.5887500047683716,2.0284154415130615,0.5914562642025349,0.5877220423644365,0.587269446367614
947,0.9373242259025574,0.7270041108131409,0.5754687786102295,2.0462937355041504,0.5782716629459248,0.5744107288499345,0.5739673830782577
948,0.9384765625,0.7254675030708313,0.5814843773841858,2.0272035598754883,0.5848066613924425,0.58064029055397,0.580375972167768
949,0.9378906488418579,0.7245058417320251,0.5833593606948853,2.0412371158599854,0.5866875710530246,0.5825935993240208,0.5822104387646393
950,0.9385156035423279,0.7245129942893982,0.5778906345367432,2.0775177478790283,0.5808821824763817,0.576823010167024,0.5763648443160807
951,0.9410741925239563,0.7170511484146118,0.5830468535423279,2.045168399810791,0.5860426626194883,0.581867089791202,0.5812938948722199
952,0.9394921660423279,0.7245119214057922,0.5785156488418579,2.04976224899292,0.5815141141134861,0.5776059285216266,0.5768965729978666
953,0.9408593773841858,0.7165426015853882,0.581250011920929,2.0428197383880615,0.5841978246517118,0.5802130752726574,0.5796808531693007
954,0.939746081829071,0.7184406518936157,0.5791406035423279,2.0574443340301514,0.5822259272975265,0.5780479400132948,0.5775056228591381
955,0.938769519329071,0.7239581346511841,0.5855468511581421,2.0440385341644287,0.5884333293798386,0.5843699555227115,0.5838860391558361
956,0.9392773509025574,0.7216198444366455,0.5821874737739563,2.0446689128875732,0.5851986570497141,0.5809465434653374,0.58037165139933
957,0.9383789300918579,0.7248408794403076,0.580078125,2.0486092567443848,0.5841785530382413,0.5791684067657019,0.5790049216053919
958,0.9385547041893005,0.7252269983291626,0.5826562643051147,2.0399587154388428,0.5853929010375325,0.5812655011513863,0.5807909521443643
959,0.9388281106948853,0.7230051159858704,0.5866405963897705,2.0403547286987305,0.5892251800071828,0.585408727037277,0.5847601015977126
960,0.9385156035423279,0.7248879075050354,0.5846874713897705,2.0397021770477295,0.5876123924096489,0.5835118049051305,0.5827863011364487
961,0.939257800579071,0.7220324873924255,0.5786718726158142,2.0435397624969482,0.5816942374485861,0.5775871339407304,0.5770847349548712
962,0.9380273222923279,0.7245447039604187,0.5810156464576721,2.048750877380371,0.5842756410064847,0.5799117443317107,0.5794051937829331
963,0.9403515458106995,0.7228540778160095,0.5848437547683716,2.03707218170166,0.5873272514450123,0.5840503979818886,0.5834243470074516
964,0.9392773509025574,0.7210748195648193,0.5848437547683716,2.040271043777466,0.5881704705889527,0.5841817549223329,0.5839949782451166
965,0.9388086199760437,0.7205607891082764,0.576171875,2.0613842010498047,0.5796719291517383,0.5749497850349081,0.5746739615657775
966,0.9379492402076721,0.724200963973999,0.5801562666893005,2.055866003036499,0.5828926957596786,0.5789463113116975,0.5784270798910031
967,0.9394921660423279,0.722842276096344,0.58203125,2.0483059883117676,0.5848083589189289,0.5807627211975189,0.5801276004688212
968,0.9393945336341858,0.7229770421981812,0.580078125,2.037660598754883,0.5826885487638913,0.578855054441775,0.5781493649114536
969,0.9384961128234863,0.7236601114273071,0.5845312476158142,2.0484023094177246,0.5876686162761868,0.5836721980959244,0.5830297540630948
970,0.9386327862739563,0.7246783971786499,0.5894531011581421,2.038142204284668,0.59222033010409,0.5883081328577202,0.5879700615625294
971,0.9397656321525574,0.7218641042709351,0.5887500047683716,2.0199108123779297,0.5913288397745902,0.5877243733596857,0.5872045788586147
972,0.9430078268051147,0.7134214043617249,0.5821093916893005,2.049325704574585,0.585360297581228,0.5807269424926247,0.5800289560281916
973,0.9421484470367432,0.7145190238952637,0.5871875286102295,2.048607349395752,0.5901679514511471,0.5860826722488757,0.5853115406906919
974,0.9427539110183716,0.713153064250946,0.586718738079071,2.0489442348480225,0.5903609683390736,0.5854919470060298,0.5848461925352301
975,0.9414258003234863,0.7165758013725281,0.5858593583106995,2.0443308353424072,0.5886434928049114,0.5847953213295981,0.5838984664488542
976,0.9381640553474426,0.7254641056060791,0.5814062356948853,2.0538148880004883,0.584648050044798,0.5800354671171938,0.5792310114033498
977,0.939746081829071,0.7229147553443909,0.5825781226158142,2.046452522277832,0.5849158325806527,0.5816548008786288,0.5807702247755435
978,0.9395312666893005,0.724201500415802,0.5829687714576721,2.052055597305298,0.5860343157813106,0.5817307895550532,0.5811955381365619
979,0.9386132955551147,0.7277963757514954,0.5828906297683716,2.0618393421173096,0.5856630637577049,0.5813895538365795,0.5807861124035423
980,0.9378515481948853,0.7298691272735596,0.5848437547683716,2.0499558448791504,0.5874138375681399,0.5834187916682143,0.5825017820035938
981,0.9382421970367432,0.7257761359214783,0.5787500143051147,2.06843638420105,0.5812376981488829,0.577575874415596,0.5768321806762626
982,0.9376562237739563,0.7265067100524902,0.5786718726158142,2.0660135746002197,0.5816386337827597,0.5772701063357966,0.576536637564637
983,0.9412500262260437,0.7189407348632812,0.5818750262260437,2.0584049224853516,0.5836194388898762,0.5802998636124418,0.5796024985588087
984,0.9392383098602295,0.7218044400215149,0.578906238079071,2.0598361492156982,0.5818358670611481,0.5777406657114177,0.5768467864755491
985,0.9382617473602295,0.7270480990409851,0.5757031440734863,2.072418689727783,0.5779354421227012,0.5745657505588415,0.5734947717987555
986,0.9380664229393005,0.7266584634780884,0.5807031393051147,2.0456435680389404,0.58446111185479,0.5797885525179123,0.5791102573205931
987,0.9374218583106995,0.7249339818954468,0.5807031393051147,2.0589001178741455,0.5830255807940683,0.5795085264798339,0.5786285023757968
988,0.9398828148841858,0.7212546467781067,0.5834375023841858,2.037834644317627,0.5856145813528774,0.5819235115497476,0.5811088871376056
989,0.9393163919448853,0.7252559065818787,0.5806249976158142,2.0495803356170654,0.5832626345779032,0.5792293437234648,0.5787810370446702
990,0.9380859136581421,0.7278006076812744,0.5836718678474426,2.042132616043091,0.5862942749175085,0.5825953212791084,0.5818669081668315
991,0.9409961104393005,0.7231035828590393,0.5807031393051147,2.0543227195739746,0.5823252950644981,0.5794173479155986,0.5785502493822932
992,0.9415234327316284,0.7145873308181763,0.5885937213897705,2.0370192527770996,0.5909461041927904,0.5872760855328278,0.5867137742232171
993,0.9406445026397705,0.7177777886390686,0.578906238079071,2.063814640045166,0.581407646434385,0.5777348712392832,0.5772097145828823
994,0.9395312666893005,0.7218109369277954,0.5864062309265137,2.047701358795166,0.5886324457516382,0.5852678466911703,0.5846886222656023
995,0.9400585889816284,0.7196484208106995,0.5822656154632568,2.0525338649749756,0.5839023438846528,0.5810348216500569,0.5802178523903172
996,0.9418163895606995,0.714647114276886,0.5845312476158142,2.028994560241699,0.5868612499666307,0.583467639971279,0.5829652352204682
997,0.9438281059265137,0.7103421688079834,0.5810156464576721,2.047186851501465,0.5834428751229974,0.5799489474907442,0.579362839043897
998,0.9399218559265137,0.7196189761161804,0.5834375023841858,2.0439858436584473,0.5858506363837408,0.5823088104922581,0.5814694314949558
999,0.9399218559265137,0.7170188426971436,0.5859375,2.0439515113830566,0.588168847389366,0.5851709240659427,0.5842387177681054
