epoch,accuracy,loss,val_accuracy,val_loss,val_precision,val_recall,val_f1
0,0.0042968750931322575,11.142548561096191,0.004609374795109034,10.6024169921875,0.00343133522020233,0.004522391811446938,0.0036003902856376066
1,0.006269531324505806,10.726069450378418,0.0043750000186264515,10.35053825378418,0.004102218478870596,0.004285375216566238,0.00401630607527728
2,0.008457031100988388,10.416391372680664,0.004921874962747097,10.137478828430176,0.004776972692590467,0.004755567536005789,0.0045285198443658975
3,0.009804687462747097,10.108856201171875,0.005703125149011612,9.936705589294434,0.005700511209704244,0.005629269670218172,0.005434247961761727
4,0.012910156510770321,9.832235336303711,0.005625000223517418,9.74475383758545,0.005264656068334381,0.005479036060608221,0.005142018226406054
5,0.015878906473517418,9.564857482910156,0.005937499925494194,9.56074333190918,0.00576196559627873,0.005835911102975046,0.005604396293843251
6,0.018535155802965164,9.319568634033203,0.0054687499068677425,9.384522438049316,0.004851476905720497,0.00530854194718427,0.00489875812667772
7,0.022832030430436134,9.074060440063477,0.005703125149011612,9.215841293334961,0.0048993731652524405,0.0055546171535475995,0.005060947502992118
8,0.0263671875,8.841375350952148,0.006718750111758709,9.05126667022705,0.006173508153115305,0.006593608195557223,0.006181254846208592
9,0.0322265625,8.614791870117188,0.0071875001303851604,8.891580581665039,0.006579037693758495,0.007054403932813536,0.0065269525118061365
10,0.03765625134110451,8.407059669494629,0.008437500335276127,8.73830795288086,0.008359281386502673,0.008330036495972849,0.007998283793716053
11,0.04615234211087227,8.190235137939453,0.008984374813735485,8.583791732788086,0.009285222595148121,0.008907732329721661,0.008732843113259444
12,0.05185546725988388,7.983479022979736,0.010312500409781933,8.428916931152344,0.0101661738894246,0.010131917730361584,0.009757066419138226
13,0.06230468675494194,7.77103328704834,0.01171875,8.271340370178223,0.011380231203629791,0.011528511160510575,0.011061834152666934
14,0.07314453274011612,7.559054374694824,0.014765624888241291,8.108758926391602,0.014336750493793559,0.014572856948073995,0.013900688159018463
15,0.08492187410593033,7.3469390869140625,0.016718750819563866,7.932486057281494,0.016172465428590965,0.01640802179420954,0.015537310301186536
16,0.10318359732627869,7.1155853271484375,0.021406250074505806,7.7472991943359375,0.020781802292490128,0.021030663542802384,0.02024331716530134
17,0.119140625,6.885517597198486,0.02851562574505806,7.550049304962158,0.02848164591726767,0.028022109420278093,0.02718300364739488
18,0.140625,6.647642612457275,0.03617187589406967,7.342790603637695,0.03543437761511875,0.03548307287529147,0.03394428537013247
19,0.16103515028953552,6.409700393676758,0.04546875134110451,7.1246232986450195,0.044201436274031225,0.04458657771686921,0.04248609875537815
20,0.18552733957767487,6.154238224029541,0.05921874940395355,6.888350963592529,0.05912542332091662,0.05837440171743628,0.0562608760675672
21,0.22187499701976776,5.892390727996826,0.07562500238418579,6.638134002685547,0.07437121147429093,0.0743078404803286,0.07131294183122142
22,0.2562304735183716,5.615738391876221,0.09843750298023224,6.368381977081299,0.09635779065228905,0.09697917644931535,0.09308332071797762
23,0.2989453077316284,5.329545497894287,0.13515624403953552,6.085379600524902,0.1357546477949638,0.1333978971068515,0.12945592586670795
24,0.3429296910762787,5.03672456741333,0.17023438215255737,5.782748222351074,0.1683855669966801,0.16780621609850366,0.16266110726322736
25,0.38724610209465027,4.7507758140563965,0.21257811784744263,5.479249477386475,0.21361864991357749,0.21002237494708154,0.20596581963213179
26,0.43654295802116394,4.462296485900879,0.26164063811302185,5.1826395988464355,0.2639329754444615,0.25905136776972076,0.2546613444244459
27,0.4806250035762787,4.2025837898254395,0.30742186307907104,4.892152786254883,0.31097465498768045,0.3047386459937318,0.30124045880830963
28,0.5226367115974426,3.9487130641937256,0.3595312535762787,4.616091728210449,0.36304856089857607,0.3564751617758618,0.3525573870907435
29,0.560351550579071,3.7115392684936523,0.39992186427116394,4.360917091369629,0.4036569433242295,0.3968425352882072,0.3941358614618451
30,0.5974804759025574,3.507107734680176,0.4504687488079071,4.114233493804932,0.45311277890135526,0.4470451925805278,0.44446290683446343
31,0.6322851777076721,3.3097798824310303,0.4893749952316284,3.8940978050231934,0.4934073452631603,0.4861169912015958,0.483434788464355
32,0.6616406440734863,3.135115623474121,0.5311718583106995,3.6903388500213623,0.536462734979431,0.5284762942749871,0.5267173418817698
33,0.6935351490974426,2.9666759967803955,0.5701562762260437,3.49843168258667,0.5757362739797394,0.5677267735579866,0.5668495698024607
34,0.7191992402076721,2.8211612701416016,0.5986718535423279,3.328253746032715,0.6042031276727605,0.5962913541184007,0.5956782112497643
35,0.7360546588897705,2.69293212890625,0.6357031464576721,3.1637134552001953,0.641617150669348,0.6336657096247817,0.6335982719602224
36,0.7603515386581421,2.5650100708007812,0.6637499928474426,3.018822431564331,0.6688159101098936,0.6618647204444509,0.6615459912706186
37,0.7798437476158142,2.4493141174316406,0.6901562213897705,2.8864574432373047,0.6957015674090394,0.6885332197169678,0.6881125332263222
38,0.7953125238418579,2.3445208072662354,0.7123437523841858,2.7551186084747314,0.7178779328003364,0.7108524340839428,0.7107564741445567
39,0.8106836080551147,2.243729591369629,0.7368749976158142,2.6335806846618652,0.7420459189322692,0.7352620204576739,0.7353781865269882
40,0.8238866925239563,2.155146360397339,0.7471093535423279,2.5329270362854004,0.7518052083070866,0.7457828516765499,0.745903236907276
41,0.8323633074760437,2.076439142227173,0.7642187476158142,2.4298503398895264,0.7684923990447726,0.76301419685646,0.763096682342971
42,0.8441015481948853,1.9912099838256836,0.7784374952316284,2.337785243988037,0.782517397607867,0.7771538199943424,0.7774982066043676
43,0.8548632860183716,1.9216762781143188,0.7914843559265137,2.2510225772857666,0.7948567616985416,0.790436786628024,0.7904235329683973
44,0.8641601800918579,1.845961570739746,0.7974218726158142,2.168830156326294,0.8007433546878611,0.7963148213872583,0.7965556921884753
45,0.8709961175918579,1.786970615386963,0.8043749928474426,2.095982551574707,0.8084509742213156,0.8033879153582341,0.8035260241644386
46,0.8732616901397705,1.7307095527648926,0.8109375238418579,2.021347761154175,0.8145358633873155,0.8099803452598922,0.810265995200223
47,0.8810741901397705,1.671840786933899,0.8227343559265137,1.9494441747665405,0.8265078216216843,0.8220300610746709,0.8221374641762015
48,0.8872265815734863,1.619922161102295,0.8321874737739563,1.8839720487594604,0.8355982938144967,0.8315761950103291,0.8315918732203383
49,0.8900390863418579,1.5733927488327026,0.8377344012260437,1.8264559507369995,0.8405760948070256,0.8371172012650809,0.8370041129815298
50,0.8926953077316284,1.5301544666290283,0.8421093821525574,1.7693690061569214,0.8452910511646926,0.8415251774318568,0.8416519189572186
51,0.8973242044448853,1.4844650030136108,0.8460156321525574,1.7175129652023315,0.8487374114744664,0.8453878413163453,0.8454786357713648
52,0.9049609303474426,1.4348565340042114,0.8540624976158142,1.6558436155319214,0.85693281307787,0.853639461648055,0.8535844944900287
53,0.9056249856948853,1.3968174457550049,0.8510937690734863,1.6162365674972534,0.8544098869161652,0.8504404294281951,0.8505738838663277
54,0.9079687595367432,1.3590953350067139,0.8595312237739563,1.5678496360778809,0.8623193577073969,0.8589963892199225,0.859251565567581
55,0.9111523628234863,1.3222975730895996,0.8639843463897705,1.5200921297073364,0.8667531076366832,0.8635420280017306,0.8635618056291632
56,0.9121484160423279,1.2910832166671753,0.8632031083106995,1.4828146696090698,0.8656287490544587,0.8625813410726852,0.8627039887123347
57,0.9131054878234863,1.2601693868637085,0.8619531393051147,1.4487736225128174,0.864713210382893,0.8615851458376418,0.8616290375864342
58,0.9170898199081421,1.2293246984481812,0.868359386920929,1.4078056812286377,0.8709886046075375,0.8680230626090848,0.8679795298485341
59,0.9185156226158142,1.1985042095184326,0.8711718916893005,1.3708306550979614,0.8742024761047742,0.8707644923150519,0.8707973579275645
60,0.9201366901397705,1.171139121055603,0.8759375214576721,1.3354235887527466,0.8782816402081244,0.8758171080512348,0.8756911013087881
61,0.9187109470367432,1.1490147113800049,0.8702343702316284,1.3181506395339966,0.8727164425102245,0.8695364281197893,0.8697073553933891
62,0.9224023222923279,1.1211628913879395,0.876953125,1.2805525064468384,0.8791125438842213,0.8765231275816329,0.8764589417922044
63,0.9216601848602295,1.101353406906128,0.8766406178474426,1.2535263299942017,0.8794822644643278,0.8762338051711018,0.876309021623868
64,0.9225000143051147,1.0772091150283813,0.8792968988418579,1.2270100116729736,0.8816945088972232,0.8790834546388708,0.8791374538076835
65,0.9227148294448853,1.0596251487731934,0.8776562213897705,1.2026194334030151,0.8802868964792349,0.8774276392357669,0.877514479557129
66,0.9256054759025574,1.0366120338439941,0.883593738079071,1.1677451133728027,0.8858839802668637,0.8832262123876394,0.8831286828342595
67,0.9256640672683716,1.0146347284317017,0.8828906416893005,1.1536442041397095,0.8854688055869805,0.8825621639631078,0.8827108080530465
68,0.9271875023841858,0.9977834820747375,0.8846874833106995,1.1223341226577759,0.8873766151950162,0.8844400429523116,0.8845746112876163
69,0.92626953125,0.9844730496406555,0.8845312595367432,1.1074668169021606,0.8871764314388955,0.8843594315585208,0.8842791613401723
70,0.9269140362739563,0.9664748311042786,0.8873437643051147,1.08914315700531,0.8897699515605111,0.8869186882123468,0.8870135033516167
71,0.9279491901397705,0.9479334354400635,0.8874218463897705,1.0718694925308228,0.8901444515110427,0.8870388118830868,0.887122062957686
72,0.9281054735183716,0.9356538653373718,0.8877343535423279,1.0563971996307373,0.8899427811395713,0.8875480621093186,0.8875594338408168
73,0.9282812476158142,0.922392725944519,0.8852343559265137,1.0470608472824097,0.8877034609748213,0.8847404172150105,0.8849857032694958
74,0.9280078411102295,0.910328209400177,0.8885937333106995,1.0254547595977783,0.8907970761182613,0.8882518536963557,0.8883742014624028
75,0.9276757836341858,0.8991298079490662,0.8946874737739563,1.0021648406982422,0.8973014002053158,0.8942483218844635,0.8944018862863375
76,0.9292968511581421,0.8828405737876892,0.8909375071525574,0.9908292889595032,0.8931526840023525,0.8905926236103049,0.8906952312919807
77,0.929882824420929,0.871833324432373,0.8963281512260437,0.971248984336853,0.8984349850154614,0.8961212345015123,0.896073327043167
78,0.9275586009025574,0.8645532131195068,0.8918750286102295,0.9675344228744507,0.8943019229615345,0.8916826361562411,0.891700016870778
79,0.9317578077316284,0.8487453460693359,0.896484375,0.9454669952392578,0.8987234374998276,0.8960986737939003,0.8962241467005394
80,0.9307226538658142,0.8363070487976074,0.8941406011581421,0.9384499192237854,0.8967363922429212,0.8939443950709356,0.8940223005364086
81,0.9316015839576721,0.82958984375,0.9006249904632568,0.9132603406906128,0.9028033642486055,0.900121439968067,0.9002492123548942
82,0.9294140338897705,0.8213557600975037,0.8979687690734863,0.9105170965194702,0.9001932220118085,0.8977684395151928,0.8977357029846909
83,0.9301953315734863,0.815381646156311,0.8956249952316284,0.9067122936248779,0.8977191917528273,0.8954489060840296,0.8954228410088191
84,0.9331445097923279,0.8010189533233643,0.8969531059265137,0.8931821584701538,0.8988086302652447,0.8966439599266314,0.8966564664214673
85,0.9319531321525574,0.7943916320800781,0.8957812786102295,0.8897817134857178,0.8981686789873311,0.8954003943391802,0.8954824098824241
86,0.9331640601158142,0.7855413556098938,0.9012500047683716,0.8666931390762329,0.904013765027045,0.9008988493819985,0.9011313678502187
87,0.9341796636581421,0.7750492691993713,0.9003124833106995,0.8651249408721924,0.9023637736945854,0.8997654178731744,0.9000509797166619
88,0.9374218583106995,0.764362633228302,0.8993750214576721,0.8554257750511169,0.902194935604745,0.8989771168548772,0.8991667781853845
89,0.9330273270606995,0.7621035575866699,0.8981249928474426,0.8602738976478577,0.9005700959850969,0.8978654251940336,0.8979929151949232
90,0.9349804520606995,0.7544888854026794,0.904296875,0.8332931995391846,0.9062557676200622,0.904130370057586,0.9041220796224292
91,0.9349414110183716,0.7489185333251953,0.9028124809265137,0.8375964164733887,0.9049514605186275,0.9023812734138347,0.9024455452050735
92,0.933300793170929,0.7454654574394226,0.897656261920929,0.8402445912361145,0.8998054580437651,0.8973980248275637,0.8974320554066012
93,0.9359961152076721,0.7341682314872742,0.8984375,0.8302451968193054,0.9006809439341801,0.898074742418703,0.8981549272752083
94,0.9378710985183716,0.7217480540275574,0.9048437476158142,0.8070439100265503,0.9067726998859906,0.9045185718898235,0.904631116405623
95,0.9358789324760437,0.72263503074646,0.8998437523841858,0.811266303062439,0.9023226711878503,0.8997042395341674,0.8997751570079043
96,0.9336523413658142,0.724659264087677,0.9019531011581421,0.8005911111831665,0.9041323092594014,0.9018327931388477,0.9018038295876519
97,0.9349218606948853,0.715161144733429,0.9051562547683716,0.790046215057373,0.907648704576614,0.9051507640269121,0.9051937912450465
98,0.9330468773841858,0.7141658663749695,0.903515636920929,0.7927837371826172,0.9053936509235901,0.9034278936487476,0.9032756899215783
99,0.9351562261581421,0.7105886936187744,0.903515636920929,0.791469395160675,0.9056426963134359,0.9033673237145097,0.9032931938225098
100,0.9336523413658142,0.7042498588562012,0.9042187333106995,0.7821360230445862,0.9062476043766594,0.9042450937936695,0.9041877986238696
101,0.9352734088897705,0.6982291340827942,0.9028906226158142,0.7808411121368408,0.9051537605870996,0.9024569611243702,0.9025675633555721
102,0.9348046779632568,0.6950663924217224,0.9077343940734863,0.7648528218269348,0.9097722356187286,0.9075362258216205,0.9075504513342357
103,0.9349804520606995,0.6911665201187134,0.9040625095367432,0.7672958970069885,0.9059086509907388,0.9038274537738588,0.9038406482135205
104,0.9359375238418579,0.6847656965255737,0.9084374904632568,0.7546463012695312,0.910299004061062,0.9080673977286371,0.9081210774393523
105,0.9373828172683716,0.6765419840812683,0.9007812738418579,0.7633422017097473,0.9031274950197139,0.9003154789897536,0.9003058134586197
106,0.9366210699081421,0.6776148080825806,0.9048437476158142,0.7529268860816956,0.9071679474727876,0.9045606028984953,0.904744977155645
107,0.9384961128234863,0.6705758571624756,0.9080469012260437,0.7453175187110901,0.9102832155713368,0.9077134083206733,0.9077476129699344
108,0.9377148151397705,0.6680213212966919,0.9056249856948853,0.7393847107887268,0.9076420300099833,0.9053556862116477,0.9054153078132474
109,0.9371093511581421,0.6657362580299377,0.9098437428474426,0.7275540232658386,0.9117487489186891,0.9095545702408045,0.9096245440437911
110,0.937304675579071,0.6630325317382812,0.9103124737739563,0.729037880897522,0.9121885508455835,0.9099794688758757,0.910090786518239
111,0.9397265911102295,0.6564316749572754,0.9102343916893005,0.7229356169700623,0.9123490332310311,0.9098966819515166,0.9098847063540054
112,0.9364648461341858,0.6577402353286743,0.9069530963897705,0.7299787402153015,0.9086043446926418,0.9065439644375886,0.9065997624832577
113,0.9366601705551147,0.6557909250259399,0.9079687595367432,0.7304569482803345,0.9103813123264679,0.9076623736475178,0.9076610604269164
114,0.938281238079071,0.6539503335952759,0.9090625047683716,0.7234143018722534,0.9111450305676835,0.9086146374814174,0.9088305599727717
115,0.9343945384025574,0.6569804549217224,0.9110937714576721,0.7169364094734192,0.913233532185368,0.9109129851775386,0.9111125220796488
116,0.9338476657867432,0.6593277454376221,0.9083593487739563,0.7185592651367188,0.9104892510516656,0.9080991020453493,0.9081133332491689
117,0.9351953268051147,0.6504009366035461,0.9098437428474426,0.7140501141548157,0.9122496840986168,0.9097371662708154,0.9098162514917975
118,0.9381054639816284,0.6438786387443542,0.9097656011581421,0.7128264904022217,0.9117225259859425,0.9094151231155629,0.9095577849338528
119,0.9357616901397705,0.6446459889411926,0.9073437452316284,0.7129186391830444,0.909424430666155,0.9073289812951157,0.9073195418247033
120,0.9367969036102295,0.6393417716026306,0.9133594036102295,0.7073538899421692,0.9151508349799268,0.912975532267986,0.913052650749131
121,0.9374414086341858,0.6382363438606262,0.9086718559265137,0.6996633410453796,0.911322810647786,0.9083431335986571,0.9085326850674456
122,0.9393554925918579,0.628470242023468,0.912109375,0.6982247829437256,0.9140809903400184,0.9119963454763723,0.9120690239994562
123,0.9388672113418579,0.6290972828865051,0.9116406440734863,0.6920266151428223,0.9136985433889465,0.9116171861037001,0.911558810310928
124,0.9412695169448853,0.6249353885650635,0.9159374833106995,0.6807676553726196,0.9178490924087113,0.9156352177604874,0.9157327321379961
125,0.9398632645606995,0.6274971961975098,0.9135156273841858,0.6893767714500427,0.915453530239231,0.9131900247717765,0.9132321580266569
126,0.9383789300918579,0.6234455704689026,0.9119531512260437,0.6927236914634705,0.9138693755275309,0.9117573507962373,0.9117230228094035
127,0.9375195503234863,0.6253577470779419,0.9142968654632568,0.6855351328849792,0.9163521627878637,0.9141503240180651,0.9141590935376822
128,0.9372265338897705,0.6258967518806458,0.9153906106948853,0.6769999861717224,0.9172439735410387,0.9150047444310305,0.9151004249094722
129,0.9386327862739563,0.6232284307479858,0.9149218797683716,0.6769037842750549,0.9166928302569068,0.9147070457138459,0.9147646570281973
130,0.9406445026397705,0.6141233444213867,0.9105468988418579,0.684908390045166,0.9123048722981484,0.9101880539098315,0.9102122636883255
131,0.9385741949081421,0.6186735033988953,0.9060156345367432,0.6875813007354736,0.9084187184419076,0.9059055569385566,0.9058100260953235
132,0.9390820264816284,0.6149930357933044,0.9123437404632568,0.6822482347488403,0.9145445383536475,0.9119573776830223,0.9119812855513287
133,0.9394335746765137,0.6134103536605835,0.9095312356948853,0.6837161779403687,0.9114195303735235,0.9094288380677168,0.9094003892858769
134,0.940234363079071,0.6109420657157898,0.9160937666893005,0.6704506874084473,0.9179731015314669,0.915876670610559,0.9158302388192818
135,0.941601574420929,0.6053939461708069,0.9142187237739563,0.6711353063583374,0.9155214003034877,0.913880269721171,0.9138162881936494
136,0.9386327862739563,0.6092250943183899,0.913281261920929,0.6738829016685486,0.9150824042187796,0.9131208954146266,0.9131136162451773
137,0.9402148723602295,0.6077774167060852,0.9115625023841858,0.6731152534484863,0.9139984769033973,0.9112682052762281,0.9114037646196567
138,0.9427343606948853,0.6013298630714417,0.9135156273841858,0.6647030115127563,0.9150541613472793,0.9132619954307498,0.913287912559777
139,0.9400781393051147,0.6041746735572815,0.910937488079071,0.6740183234214783,0.9134739250997621,0.9105083320192812,0.9105426632380915
140,0.9413866996765137,0.5999166965484619,0.9121875166893005,0.6657690405845642,0.9140014820050404,0.9119076343775032,0.9119801457421182
141,0.9421679973602295,0.5982698798179626,0.9160937666893005,0.6624839901924133,0.9177166994042424,0.9157224230226126,0.9157753187934572
142,0.9395117163658142,0.6019591093063354,0.914843738079071,0.6630448698997498,0.916818646969791,0.9145835602231989,0.9145906252712466
143,0.9410351514816284,0.5977147817611694,0.9144531488418579,0.659240186214447,0.9161873015402875,0.9143407920349579,0.9142911403779856
144,0.9407031536102295,0.5977925062179565,0.9157812595367432,0.6594761610031128,0.9175348226304224,0.9155891948480488,0.9155721983232246
145,0.9403125047683716,0.5970052480697632,0.912109375,0.6606597304344177,0.9140922706972892,0.9118504383371662,0.9120400395959981
146,0.9398632645606995,0.5959545969963074,0.9172656536102295,0.6548055410385132,0.9191109226869218,0.9169972669969786,0.9170619960905964
147,0.9425976276397705,0.5900391936302185,0.9140625,0.6564071178436279,0.9161240567287112,0.9138027332846141,0.9138950891421539
148,0.94091796875,0.592519223690033,0.9162499904632568,0.6468875408172607,0.9181054151334465,0.9159638676006293,0.9160789395848715
149,0.9405078291893005,0.59210604429245,0.9164843559265137,0.6575135588645935,0.9183065154104236,0.9164052965937065,0.91637090485165
150,0.9378125071525574,0.5964309573173523,0.9139843583106995,0.6490862965583801,0.9161889417749245,0.9138287303135182,0.9138949750373601
151,0.9408203363418579,0.5936622619628906,0.9164062738418579,0.6526390314102173,0.9181948899300838,0.9163855007269934,0.9163345931166026
152,0.9398046731948853,0.5915710926055908,0.9155468940734863,0.647134006023407,0.9175948986331235,0.915413504196936,0.9154140527634049
153,0.9402539134025574,0.5901069045066833,0.9153125286102295,0.6547276377677917,0.9171731251610654,0.914757009987446,0.9149397926937746
154,0.93798828125,0.5927108526229858,0.9135937690734863,0.6538194417953491,0.9156549419999627,0.9132447303750434,0.9133314518069129
155,0.9426953196525574,0.5821261405944824,0.9169531464576721,0.6454153656959534,0.9184896479444451,0.916576832484585,0.9167073747181145
156,0.9408398270606995,0.5848873257637024,0.9142968654632568,0.6541720032691956,0.916477049080656,0.9142582592194162,0.9142924042796096
157,0.942578136920929,0.5798987746238708,0.9180468916893005,0.6400073766708374,0.9197116961125091,0.917884724166722,0.917967756869871
158,0.942578136920929,0.5809637308120728,0.9186718463897705,0.6392523050308228,0.9201504708582948,0.9185933805623223,0.9185489010793714
159,0.9422265887260437,0.5789880156517029,0.9165624976158142,0.6429811120033264,0.918635827138359,0.9163939352110431,0.9165352506173552
160,0.9403320550918579,0.5835667848587036,0.9154687523841858,0.6413388252258301,0.9173184838270586,0.9152270699974044,0.9153493827008193
161,0.9409765601158142,0.5830308794975281,0.9207812547683716,0.6360026001930237,0.9223804286214246,0.920594928739194,0.9206670997525085
162,0.9419335722923279,0.5775883197784424,0.9146875143051147,0.64371657371521,0.9165814499915362,0.9145527574068435,0.9146162912313952
163,0.9420117139816284,0.5782041549682617,0.9147655963897705,0.6454041004180908,0.916621128057252,0.9148172495134466,0.9147098816881527
164,0.9434179663658142,0.5776318311691284,0.9159374833106995,0.6405908465385437,0.9178461069837641,0.9157740690034936,0.9158170868471748
165,0.9380078315734863,0.584837019443512,0.9155468940734863,0.6403757333755493,0.9173585727968536,0.9151543224092109,0.9152581107409036
166,0.9425585865974426,0.5757636427879333,0.9171093702316284,0.6337850093841553,0.9187858146086735,0.9168135302750904,0.9168708635269582
167,0.9415038824081421,0.5787904858589172,0.9194531440734863,0.6280971765518188,0.9211281374650405,0.9191535363448956,0.9191787497696596
168,0.9405078291893005,0.5787326097488403,0.9182812571525574,0.6341937780380249,0.9200311023349717,0.9181363626726893,0.9180874489532603
169,0.9413866996765137,0.5738348960876465,0.919921875,0.6328723430633545,0.921666576188279,0.9197595526167843,0.9198423012032845
170,0.9424804449081421,0.5728563070297241,0.9196875095367432,0.6237725019454956,0.921404114844671,0.919453006181577,0.919526554108296
171,0.9426367282867432,0.5697388052940369,0.9153125286102295,0.6441980600357056,0.9179540399386191,0.9150718414786694,0.9150495635784597
172,0.9435351490974426,0.5709960460662842,0.91796875,0.6295573115348816,0.9200128739864973,0.917671793546192,0.9177254869460127
173,0.9418359398841858,0.5699846744537354,0.9178906083106995,0.633601725101471,0.9200546770342066,0.9176223982372276,0.9176796750802692
174,0.9432421922683716,0.5689789652824402,0.9205468893051147,0.624629020690918,0.9222097427354191,0.9201227085343613,0.9202498852221801
175,0.9411523342132568,0.5705401301383972,0.9185156226158142,0.6293960809707642,0.920546281992874,0.9181407203154188,0.9183233735545957
176,0.9420117139816284,0.5675060749053955,0.9205468893051147,0.6263589262962341,0.9223912531468077,0.9203010029063035,0.9203152147622591
177,0.9417383074760437,0.5711637735366821,0.91796875,0.6237269043922424,0.9194416600353497,0.9177800739764284,0.9177511515880297
178,0.9400195479393005,0.5743857026100159,0.9177343845367432,0.6331494450569153,0.9195838350392109,0.9175288388185081,0.9175014167968026
179,0.9427343606948853,0.5675670504570007,0.9205468893051147,0.6252133250236511,0.9222306944947463,0.9205301924262701,0.920360901464532
180,0.9428125023841858,0.5677599906921387,0.9184374809265137,0.6340102553367615,0.9202620409922166,0.9183138115695794,0.9182974364948407
181,0.9404687285423279,0.5701612830162048,0.91796875,0.6280181407928467,0.9200216739965066,0.9178917101769188,0.9178812943321627
182,0.9423828125,0.5664259791374207,0.916796863079071,0.6396068334579468,0.9191291975831427,0.9166549740653518,0.9166665679255407
183,0.9435351490974426,0.5661908984184265,0.920703113079071,0.6250176429748535,0.9221370079695654,0.9204979860484148,0.9204498533669743
184,0.9414648413658142,0.5671789646148682,0.9213281273841858,0.6251412034034729,0.9229978670301862,0.9210993175364756,0.9210844658142154
185,0.9416797161102295,0.5675318241119385,0.9192187786102295,0.6221305727958679,0.920803768085452,0.9190236290643802,0.9189884119650311
186,0.9444921612739563,0.5583932995796204,0.9214062690734863,0.6166723370552063,0.9229484735731088,0.9212143715442573,0.9212450217900789
187,0.9429296851158142,0.5648557543754578,0.9197656512260437,0.6174817681312561,0.9219498334875145,0.9194728780381436,0.9195709038735649
188,0.9426953196525574,0.5614519715309143,0.9182812571525574,0.6229847073554993,0.9203747428404808,0.9181156660194937,0.918167796593264
189,0.9452539086341858,0.5552947521209717,0.9164062738418579,0.6307353377342224,0.918275126373421,0.9162868242522406,0.9163072328963078
190,0.9447070360183716,0.5569450855255127,0.9173437356948853,0.623343825340271,0.9193229326462177,0.9170175659697926,0.9172036651550488
191,0.9436914324760437,0.5582265257835388,0.9209374785423279,0.6153815388679504,0.9229415524470783,0.9209498276463699,0.9208961317098157
192,0.9448046684265137,0.5579828023910522,0.9193750023841858,0.6225929856300354,0.9210552390907042,0.9190391006310328,0.9191401056192111
193,0.9448828101158142,0.5562713742256165,0.9183593988418579,0.615273118019104,0.9199476589859849,0.9180803411835319,0.9180387537823373
194,0.9415038824081421,0.5591629147529602,0.9202343821525574,0.6125870943069458,0.9220063617729967,0.920047529549668,0.9199594180116941
195,0.9438672065734863,0.5569634437561035,0.9235156178474426,0.6058556437492371,0.9254067274992916,0.9232690396845784,0.9233411092487802
196,0.9437109231948853,0.5573409795761108,0.9236719012260437,0.6112208366394043,0.925701681213087,0.9235596195856655,0.9235641208450733
197,0.9427929520606995,0.5585988759994507,0.9181249737739563,0.6231992244720459,0.9200752514573245,0.9179575059604552,0.9179136826051815
198,0.9451953172683716,0.5526379942893982,0.9192968606948853,0.6202719807624817,0.9208923744668659,0.9191265696434505,0.9191492268683583
199,0.9447265863418579,0.5538480281829834,0.9217187762260437,0.618005096912384,0.9234334122702331,0.9215916752828865,0.9216423536726981
200,0.9433789253234863,0.5566206574440002,0.9232812523841858,0.6015132665634155,0.924531946824663,0.923031928414026,0.9229855811400898
201,0.9433007836341858,0.5554196834564209,0.9169531464576721,0.6322910189628601,0.9201204495096762,0.9166840414127597,0.9168063977507335
202,0.9448046684265137,0.5531623363494873,0.9240624904632568,0.6090288758277893,0.9255967351302554,0.9238271204046684,0.9237652943628951
203,0.9445703029632568,0.5510755181312561,0.9186718463897705,0.6138363480567932,0.9201839806458724,0.9184244679610742,0.9184551076729229
204,0.9443945288658142,0.55101478099823,0.9232812523841858,0.6101608872413635,0.924620250650455,0.9230794362946508,0.923032656070602
205,0.9424414038658142,0.5563202500343323,0.924609363079071,0.6100265979766846,0.9262061629338334,0.9243362907084992,0.9244189260944626
206,0.9404101371765137,0.5606725215911865,0.9240624904632568,0.6041700839996338,0.9257718402589669,0.9237188857660628,0.9237867207575026
207,0.9408593773841858,0.5604194402694702,0.9201562404632568,0.6127780675888062,0.9219603531307929,0.919946296919689,0.9200599549859516
208,0.945117175579071,0.549950122833252,0.9184374809265137,0.610457181930542,0.9201844850391552,0.9182221090073656,0.9182183833096833
209,0.9429296851158142,0.5569038987159729,0.9204687476158142,0.6117433905601501,0.9220595079400552,0.9201592554328086,0.9201585907463903
210,0.9440038800239563,0.5527324676513672,0.9210156202316284,0.6057922840118408,0.9227487488001871,0.9209422748044065,0.920835322455879
211,0.9434570074081421,0.5529074668884277,0.9209374785423279,0.6132568120956421,0.9226985862859869,0.920735938596144,0.9206807394804659
212,0.9453320503234863,0.5490114092826843,0.9219531416893005,0.610098659992218,0.9239244572200345,0.9218286057272398,0.9217919183118423
213,0.9440038800239563,0.5515206456184387,0.9239062666893005,0.5990760326385498,0.9253802473811116,0.9235424063191983,0.9236600408039459
214,0.9453906416893005,0.5494511127471924,0.92578125,0.6012071967124939,0.9275150752192769,0.9255797895287711,0.9256387413033669
215,0.945996105670929,0.5442841053009033,0.9268749952316284,0.5908481478691101,0.9286204006221461,0.9263952388482448,0.9265936600152065
216,0.9485156536102295,0.5385586619377136,0.9228125214576721,0.6013903021812439,0.9247027234439777,0.9225542614819122,0.922632345776945
217,0.945117175579071,0.5433903932571411,0.9214843511581421,0.6074004173278809,0.9230046023565145,0.921133222240778,0.9211402545831127
218,0.945507824420929,0.5460866689682007,0.9225780963897705,0.5997073650360107,0.9243943795707301,0.922436225299512,0.922415627525389
219,0.9443945288658142,0.5470829606056213,0.9239843487739563,0.5989733338356018,0.925546924091896,0.9239035101591524,0.9238648969033383
220,0.9456445574760437,0.5411704778671265,0.9219531416893005,0.6051859259605408,0.9233488981297069,0.9216992555276337,0.9217023707057593
221,0.9443163871765137,0.5458152890205383,0.9185156226158142,0.61114501953125,0.9198609640892863,0.9182201026725635,0.9181969778735072
222,0.9437500238418579,0.5473431348800659,0.926953136920929,0.592013418674469,0.9287475871949926,0.9265380828852745,0.9266806846857046
223,0.9423242211341858,0.5491957664489746,0.9215624928474426,0.6051894426345825,0.923887776709479,0.9213423252445965,0.921398001001966
224,0.943359375,0.5489675402641296,0.9185156226158142,0.6090664863586426,0.9199600330227039,0.9183698858145573,0.9182435881323312
225,0.9430273175239563,0.5508855581283569,0.9227343797683716,0.593040943145752,0.9241600526887868,0.9224839530755939,0.9224248288623358
226,0.946093738079071,0.5417346358299255,0.9223437309265137,0.5987953543663025,0.9238544267936726,0.9220701097626416,0.9220831043611779
227,0.9449414014816284,0.5475915670394897,0.923046886920929,0.6000376343727112,0.9246200747091111,0.9229728549601317,0.9229084476789152
228,0.9432617425918579,0.5488457679748535,0.9249218702316284,0.6017562747001648,0.9265393553572331,0.9248575253098226,0.924687778803277
229,0.9473046660423279,0.5407362580299377,0.9227343797683716,0.5980964303016663,0.9243759392094513,0.9225096007616562,0.922613169205128
230,0.9444335699081421,0.5419948697090149,0.9264843463897705,0.584205150604248,0.9279269173045503,0.9261449696493056,0.9262371129885009
231,0.9463672041893005,0.5371753573417664,0.9236719012260437,0.5948991179466248,0.9255608468405401,0.9234171837924521,0.9234394723447158
232,0.9449023604393005,0.5402740240097046,0.9224218726158142,0.5923969745635986,0.924152907815497,0.9221974080550532,0.9222776506044179
233,0.9449804425239563,0.5413892865180969,0.9234374761581421,0.5942239165306091,0.9255134569160475,0.9232394411371128,0.9233400097284934
234,0.9460351467132568,0.5376453995704651,0.9189843535423279,0.6071192026138306,0.9211296497104354,0.9187350923448926,0.9186467153406892
235,0.9464452862739563,0.538245439529419,0.9215624928474426,0.5933089852333069,0.9231733243697622,0.9212452035149213,0.9212233608592133
236,0.9467383027076721,0.53620445728302,0.9247656464576721,0.5877320766448975,0.9261208889044262,0.9247489689852262,0.924606396238001
237,0.9470508098602295,0.5358288288116455,0.9196093678474426,0.5956122875213623,0.9211951130849145,0.9194301291182088,0.9193695213706032
238,0.9470898509025574,0.5354796051979065,0.921093761920929,0.5945128798484802,0.9223396996577841,0.9210669081270927,0.9209298969107728
239,0.9468554854393005,0.5351024866104126,0.9253125190734863,0.5839060544967651,0.9266852789647977,0.9248975960292525,0.9248839930922819
240,0.9448632597923279,0.5379717946052551,0.9279687404632568,0.5814501047134399,0.9292839427194817,0.9275582539657059,0.927605826320597
241,0.9444335699081421,0.5393140912055969,0.9273437261581421,0.586645245552063,0.9288757107386258,0.9271328777067952,0.9271019642815435
242,0.9458398222923279,0.5360385775566101,0.924609363079071,0.5925162434577942,0.9259753971808018,0.9244750928806573,0.9243677883147103
243,0.9437304735183716,0.5400234460830688,0.9282031059265137,0.5822092294692993,0.9296077800462768,0.9279861650578396,0.9279670678261879
244,0.947265625,0.5319707989692688,0.9287499785423279,0.5799109935760498,0.9304318927187641,0.928477263662132,0.9285592515425862
245,0.9482421875,0.5301095843315125,0.9266406297683716,0.587481677532196,0.9283871669292993,0.9262083742412941,0.9263503047811384
246,0.9482226371765137,0.5281211137771606,0.9246875047683716,0.587780773639679,0.9264875847439966,0.9246093903195771,0.9245205066855156
247,0.9455468654632568,0.5355314016342163,0.9284374713897705,0.5787261724472046,0.9298001238626348,0.9282380860861825,0.9283584294515346
248,0.947070300579071,0.5343959927558899,0.9210156202316284,0.5931771397590637,0.9227525271771929,0.920629167319184,0.920739745785349
249,0.946972668170929,0.5340427160263062,0.9278905987739563,0.5772761106491089,0.9296371603397644,0.9276864017755848,0.9276647770368781
250,0.9459179639816284,0.5353649258613586,0.9242968559265137,0.5859422087669373,0.9260569374576993,0.9239976910428205,0.9239914156651876
251,0.9463086128234863,0.5337181091308594,0.9252343773841858,0.5806170105934143,0.9266353501970527,0.9250611166215048,0.9250387894821261
252,0.9439843893051147,0.5405633449554443,0.9289844036102295,0.5710463523864746,0.9301895043107329,0.9286354673904833,0.9286232982163064
253,0.9463672041893005,0.5339322090148926,0.926562488079071,0.5802745223045349,0.9281892227068346,0.9264210084746072,0.9264487610982315
254,0.9492383003234863,0.5256704092025757,0.9273437261581421,0.5801151394844055,0.9289220277591487,0.9270127561877054,0.9271370863503035
255,0.9463281035423279,0.5302141904830933,0.926953136920929,0.5792547464370728,0.9285034311063112,0.9266741095510544,0.9267343577046399
256,0.9478906393051147,0.5265390872955322,0.9288281202316284,0.5726884603500366,0.9301692055607822,0.9284973229976521,0.928485353635728
257,0.9455468654632568,0.5330818295478821,0.923828125,0.5826265215873718,0.925308477230478,0.9234946447736379,0.9235238606489042
258,0.945605456829071,0.5320540070533752,0.9300000071525574,0.5741304755210876,0.9316503416716648,0.929579777872142,0.929768751035502
259,0.944531261920929,0.5353020429611206,0.9279687404632568,0.576413094997406,0.9294450177437795,0.9275319756213224,0.9276411722770248
260,0.9472460746765137,0.5291341543197632,0.928906261920929,0.5769022107124329,0.9302277945608383,0.9285098951981222,0.9285955456626951
261,0.9480078220367432,0.5298590064048767,0.924609363079071,0.593497097492218,0.9267068205304425,0.9241077996080269,0.9242216516135011
262,0.9470898509025574,0.527330219745636,0.924609363079071,0.5788381695747375,0.9260785767566264,0.9243309779285611,0.9244423744514372
263,0.9456445574760437,0.5327267646789551,0.925000011920929,0.5845840573310852,0.9264703999317362,0.9245079535679632,0.9245682421272625
264,0.9468554854393005,0.5291609764099121,0.9249218702316284,0.5797250270843506,0.9263028396393989,0.924499863829771,0.9246229029000719
265,0.9465038776397705,0.5281404256820679,0.9250781536102295,0.5797910094261169,0.9265085296917285,0.9246813306936456,0.9247335936685289
266,0.9490429759025574,0.5207158327102661,0.9303125143051147,0.5715885758399963,0.9318405270712833,0.9301044737787627,0.9301921909988742
267,0.9443749785423279,0.531539797782898,0.9267187714576721,0.5706610083580017,0.9288570321407884,0.9264926834893236,0.9265870205778823
268,0.9467187523841858,0.5268954038619995,0.9271875023841858,0.5691224336624146,0.9288145711675697,0.9270542144224727,0.9270249854163888
269,0.9461328387260437,0.5279722809791565,0.9272656440734863,0.5801095366477966,0.9290993333161741,0.9270449073967939,0.9271804725310882
270,0.946484386920929,0.528801441192627,0.9278905987739563,0.5705723762512207,0.9297038218425222,0.9277218628878934,0.9276991992028677
271,0.9474804401397705,0.5247889161109924,0.9271875023841858,0.5703825354576111,0.9288073353999244,0.9272042124245343,0.9271138755831628
272,0.9480664134025574,0.5244886875152588,0.9260156154632568,0.5793187618255615,0.9278808140637694,0.9258321790755345,0.9259170769279248
273,0.9486914277076721,0.521242082118988,0.9274218678474426,0.5758140087127686,0.9289270762430477,0.9273753724938462,0.9272851848884911
274,0.9484179615974426,0.52247554063797,0.9220312237739563,0.5871993899345398,0.9238555852786714,0.9218779052316857,0.9219190623870175
275,0.9459375143051147,0.5282853841781616,0.9274218678474426,0.5759584903717041,0.9291358450361016,0.9272989079602967,0.9273474811393307
276,0.9499218463897705,0.5187769532203674,0.9292187690734863,0.569180965423584,0.9307423248696965,0.929121375099416,0.9291300253408548
277,0.9491406083106995,0.5197432041168213,0.9254687428474426,0.5787318348884583,0.9274307061521654,0.9253169360663962,0.9253815672366119
278,0.9498046636581421,0.5186486840248108,0.9250781536102295,0.574612021446228,0.9265351854607402,0.9248258361525793,0.9248573674860653
279,0.9477734565734863,0.5195440649986267,0.9280468821525574,0.5715349912643433,0.9297303664054621,0.9277685207845181,0.9278665116593123
280,0.9485742449760437,0.5207343697547913,0.9287499785423279,0.5707576274871826,0.9302378170688193,0.9283952897982324,0.9285037246706525
281,0.9464257955551147,0.5235673189163208,0.9282812476158142,0.5740671753883362,0.9305000487654466,0.9279530186696989,0.9280279227055358
282,0.9487109184265137,0.521146297454834,0.9291406273841858,0.5663928389549255,0.9310312582395566,0.9288345681672562,0.9290133192617063
283,0.945117175579071,0.528826117515564,0.927734375,0.5719330906867981,0.9294723897011241,0.9276501660302445,0.9276686532746874
284,0.9450585842132568,0.5284019708633423,0.928515613079071,0.5710580348968506,0.9299432765790709,0.9282893811796993,0.9283521145382468
285,0.9482421875,0.5215461850166321,0.9270312786102295,0.5782829523086548,0.9284664128015474,0.9268110951625077,0.9268516389058308
286,0.9470898509025574,0.5243526697158813,0.9294531345367432,0.5732254385948181,0.9309047252762747,0.9293683948494966,0.9293644397867076
287,0.9469531178474426,0.5234078764915466,0.9271093606948853,0.5746940970420837,0.9287637108683655,0.9269716863308077,0.9269547067070899
288,0.9473242163658142,0.5240066647529602,0.9264843463897705,0.5802018046379089,0.9283307619183703,0.9262058339973153,0.9263048078291156
289,0.9460351467132568,0.526197612285614,0.9288281202316284,0.5721564292907715,0.9302868679245428,0.9284654958818166,0.9286140065535538
290,0.9485546946525574,0.5209357142448425,0.9311718940734863,0.565127432346344,0.9327489473906321,0.9308779920177049,0.9309922050535178
291,0.9486132860183716,0.517128586769104,0.9264062643051147,0.5689481496810913,0.9277977500324398,0.9264076540982594,0.926346806014847
292,0.9480664134025574,0.5177270770072937,0.9260937571525574,0.5759524703025818,0.9277042963913892,0.9259168327656953,0.9259185988951888
293,0.9489648342132568,0.5181689262390137,0.925000011920929,0.5746362805366516,0.9269244496730312,0.9250770396484638,0.9250081669026609
294,0.9474413990974426,0.5173719525337219,0.9281250238418579,0.5670986175537109,0.9295482920414657,0.9279624058956367,0.9279800616517797
295,0.9481835961341858,0.514310359954834,0.9250781536102295,0.5795640349388123,0.9272494320070146,0.9249252902101556,0.9250101258991106
296,0.9478515386581421,0.5167855620384216,0.9296875,0.5581419467926025,0.9312008294745003,0.9294090387677185,0.9295624006817735
297,0.9494335651397705,0.5132066607475281,0.926953136920929,0.5709090828895569,0.928735242936953,0.926625149327423,0.9268127932136213
298,0.9489648342132568,0.5151816606521606,0.9257031083106995,0.5691159963607788,0.9273456853730088,0.9256855558905206,0.9256677864889746
299,0.9492383003234863,0.5141240954399109,0.9278125166893005,0.560046911239624,0.9293702908931634,0.9276632924404606,0.9276146047014713
300,0.9483203291893005,0.5153599381446838,0.9307812452316284,0.5538665652275085,0.9324126037671822,0.9305571167978106,0.930534213724262
301,0.949902355670929,0.5111578106880188,0.9305468797683716,0.5643576979637146,0.9325672785293296,0.9303475486182244,0.930389641165337
302,0.949023425579071,0.5149043798446655,0.930468738079071,0.5594117045402527,0.9320760199153827,0.9300551407554765,0.9301952706021275
303,0.9456835985183716,0.5212425589561462,0.9283593893051147,0.5603466629981995,0.929928626857189,0.9284031688508856,0.9284051912206093
304,0.9490039348602295,0.5120241641998291,0.9254687428474426,0.569089412689209,0.9270289374851656,0.9251159170808885,0.9252496369001766
305,0.9462304711341858,0.5207849144935608,0.9237499833106995,0.5802126526832581,0.9252068713930661,0.9235140553084487,0.92355620902896
306,0.9466797113418579,0.5192652940750122,0.9282812476158142,0.5604000091552734,0.9294274944061565,0.9279885972187742,0.9280544439787823
307,0.9486523270606995,0.5160881280899048,0.9290624856948853,0.5633494257926941,0.9307278763025588,0.9287908541883358,0.928929744617029
308,0.9479101300239563,0.5161791443824768,0.9282812476158142,0.5688990950584412,0.9302223782591565,0.9280896477356534,0.9282198826395724
309,0.9479101300239563,0.5137377381324768,0.9264843463897705,0.5614326596260071,0.9277190790136092,0.9262673671165741,0.9262968218190923
310,0.9513086080551147,0.5057183504104614,0.9280468821525574,0.5639267563819885,0.9296046232348365,0.9276944863202179,0.9278917747349015
311,0.9500195384025574,0.5105505585670471,0.9275781512260437,0.5589054822921753,0.9289420422762598,0.927457624523052,0.9274604223349361
312,0.9490429759025574,0.5108923316001892,0.9260156154632568,0.5666128396987915,0.9278899474843916,0.9259587745773514,0.9260351173173563
313,0.9468749761581421,0.513985276222229,0.9273437261581421,0.5615966320037842,0.9289841128790183,0.9272032072143824,0.9271340244094615
314,0.949023425579071,0.5100580453872681,0.9289844036102295,0.5624030232429504,0.9305507478264026,0.9287080491554378,0.928673717699728
315,0.9476367235183716,0.5156450867652893,0.9273437261581421,0.5610477924346924,0.9289056637441454,0.9273447339035199,0.9272985415667616
316,0.9477148652076721,0.5126876831054688,0.9333593845367432,0.549903154373169,0.934649750026979,0.9332644755722488,0.9333037724250051
317,0.9498242139816284,0.510741651058197,0.9270312786102295,0.5614434480667114,0.9287195826937951,0.9266895449165787,0.9267505471833771
318,0.9492968916893005,0.5095615983009338,0.9300000071525574,0.5596357583999634,0.9319471965335144,0.9299351435465846,0.929969066259403
319,0.950488269329071,0.5058196187019348,0.9307812452316284,0.5557557940483093,0.9322655768884895,0.930393920385107,0.9305077489885296
320,0.9482617378234863,0.5118057727813721,0.932421863079071,0.5542594790458679,0.933753847908152,0.9322070371264223,0.9322449595619693
321,0.9517577886581421,0.5029169321060181,0.930468738079071,0.5576973557472229,0.9318184023993128,0.9302506429519612,0.9302914734202397
322,0.9490429759025574,0.5093269348144531,0.9305468797683716,0.5555034875869751,0.9318031843097656,0.930304886789344,0.9303707563611185
323,0.9497656226158142,0.5043485164642334,0.9305468797683716,0.5601605176925659,0.9318486500143803,0.9303489118919446,0.9303360292631241
324,0.9502148628234863,0.5072360634803772,0.9323437213897705,0.5477588772773743,0.9339708359583023,0.9319367961180687,0.9322054968996903
325,0.9516211152076721,0.5018142461776733,0.9253125190734863,0.5642102956771851,0.9276938499493201,0.9248973474915843,0.925153284541275
326,0.9504101276397705,0.5037711262702942,0.9307031035423279,0.5527263879776001,0.932307145569355,0.9305527168914267,0.93058579786037
327,0.9493163824081421,0.5055018663406372,0.9318749904632568,0.5450834035873413,0.9334925649724184,0.9314812251093461,0.9315870227444134
328,0.948437511920929,0.5092435479164124,0.9278905987739563,0.5564069747924805,0.9295668728775226,0.927577520235729,0.9276728521515024
329,0.9481640458106995,0.5090886950492859,0.9320312738418579,0.5460571050643921,0.9333990085604282,0.9319510621263674,0.9318620384088816
330,0.9472265839576721,0.5138170719146729,0.9309375286102295,0.5515850186347961,0.9321665014681084,0.9306059392642323,0.9307413814999813
331,0.9444140791893005,0.518174409866333,0.9295312762260437,0.556553065776825,0.931411347439671,0.929194587779931,0.9293601344914718
332,0.948535144329071,0.5092552304267883,0.9259374737739563,0.5629053711891174,0.9276515627372989,0.9255563449322317,0.9256473846445112
333,0.9501757621765137,0.5071861743927002,0.9290624856948853,0.5510256290435791,0.930707836109865,0.928687471676832,0.9288235862227244
334,0.9508984088897705,0.5036624670028687,0.9323437213897705,0.5439183712005615,0.9339591852957726,0.9320135666312691,0.9321367030400892
335,0.9467187523841858,0.5125352740287781,0.928515613079071,0.551038384437561,0.9303728136758108,0.9282632478323236,0.9283018440423896
336,0.948437511920929,0.5103658437728882,0.9300781488418579,0.5555567741394043,0.9315521243055245,0.9298248841213765,0.9298383792558457
337,0.9498046636581421,0.5041021704673767,0.9307812452316284,0.5511167645454407,0.9321662470310276,0.930423542967721,0.9305483758059043
338,0.9510937333106995,0.5027530789375305,0.9283593893051147,0.561393141746521,0.9297122660685453,0.9282119053327877,0.9282294697269762
339,0.9492968916893005,0.5044207572937012,0.9344531297683716,0.5440590381622314,0.9358696546006733,0.9341263452924895,0.9341690786422864
340,0.9514453411102295,0.5000931620597839,0.9307812452316284,0.5503718852996826,0.9320874157956376,0.9305845525388143,0.9305618299697629
341,0.9492383003234863,0.5021291375160217,0.9285937547683716,0.5510244965553284,0.930341640977688,0.9283241461868754,0.9283308626726082
342,0.951464831829071,0.5020669102668762,0.9313281178474426,0.5490032434463501,0.9324718528815501,0.9309693252812614,0.9310561730180797
343,0.9486132860183716,0.5066856145858765,0.9288281202316284,0.5462758541107178,0.9299064534865097,0.9285986316320356,0.9285965106583614
344,0.9502343535423279,0.5039071440696716,0.9284374713897705,0.5499611496925354,0.9299989294896784,0.9281722935570924,0.9282466564735683
345,0.9502539038658142,0.5036261081695557,0.9299218654632568,0.5525808930397034,0.9314802403861032,0.9294181642372794,0.9295848610742159
346,0.9492968916893005,0.5016964077949524,0.9284374713897705,0.5510063767433167,0.9298726938212262,0.9282165208303028,0.9282544210994679
347,0.9480859637260437,0.5075294971466064,0.9294531345367432,0.5518388152122498,0.9310657208560746,0.9291802337149355,0.9291676729374647
348,0.9495508074760437,0.505044162273407,0.9317968487739563,0.5549879670143127,0.9333063545525384,0.9314554578051253,0.9315462597017836
349,0.9470117092132568,0.5098782181739807,0.9267187714576721,0.5537731051445007,0.9289811586741341,0.9264891674674294,0.9265470509320866
350,0.9480078220367432,0.506904661655426,0.9305468797683716,0.5459786057472229,0.9319763232928775,0.9301747503402655,0.9303731286942865
351,0.9483007788658142,0.5042295455932617,0.9319531321525574,0.5458161234855652,0.9332743567388849,0.9317107907774408,0.9317975091560008
352,0.9514843821525574,0.496849924325943,0.9292968511581421,0.5477684140205383,0.9310492904093315,0.9291162008777647,0.9291454394757325
353,0.9541406035423279,0.4905851483345032,0.9276562333106995,0.5461465716362,0.929133333333529,0.927614266046371,0.9276260402664508
354,0.951171875,0.49583545327186584,0.9299218654632568,0.5512952208518982,0.9314823497862708,0.9298198434623344,0.9298504787667838
355,0.9498242139816284,0.5001103281974792,0.9300781488418579,0.5530895590782166,0.9316808760202687,0.9300704439850693,0.9301151757331818
356,0.9513866901397705,0.49672046303749084,0.931640625,0.5411023497581482,0.933081765989614,0.9316156057106116,0.9315499768538348
357,0.9492383003234863,0.5002604722976685,0.9322656393051147,0.5464017987251282,0.9337657434770664,0.9319361242803672,0.9320472762948495
358,0.9494922161102295,0.499872624874115,0.9300781488418579,0.5490084290504456,0.9314264856713033,0.9298601076872051,0.9299689842794443
359,0.9498046636581421,0.4985942542552948,0.928515613079071,0.5477936863899231,0.9298056753203154,0.9283776856940223,0.9283645417398195
360,0.9489648342132568,0.5049859881401062,0.9309375286102295,0.5496318340301514,0.9324151968913961,0.9307708829859876,0.9308410989345992
361,0.9496288895606995,0.5029289722442627,0.9307031035423279,0.5427029132843018,0.9321726147242202,0.9304792941766113,0.9304890963324841
362,0.9508007764816284,0.49679267406463623,0.9291406273841858,0.5600278377532959,0.9310535877012817,0.9289444052357895,0.9290325181039873
363,0.9509375095367432,0.49829384684562683,0.9328906536102295,0.5413248538970947,0.934439500253563,0.9325692823311116,0.9327338238239049
364,0.9512304663658142,0.49497613310813904,0.9299218654632568,0.5470474362373352,0.9312135472948129,0.9295752506321683,0.929688736586858
365,0.9484765529632568,0.5005451440811157,0.9331250190734863,0.5403338670730591,0.9348220911671006,0.9328832306551392,0.9330478820273
366,0.9509961009025574,0.49692466855049133,0.9281250238418579,0.5529817342758179,0.9299389523691898,0.9279682889334233,0.9280118817325567
367,0.9508984088897705,0.4973303973674774,0.9298437237739563,0.5500827431678772,0.9319211644180625,0.9295358899189893,0.9297126820787489
368,0.9501562714576721,0.49694153666496277,0.9281250238418579,0.5487677454948425,0.9296329064038752,0.9277928388458334,0.9278033492758503
369,0.949414074420929,0.49739786982536316,0.9320312738418579,0.539154589176178,0.9332259838024395,0.9319015294203348,0.931970839113627
370,0.9516797065734863,0.4961327314376831,0.9305468797683716,0.5374498963356018,0.9318968315920719,0.9302264553845309,0.9303207467705438
371,0.951367199420929,0.4980561435222626,0.9286718964576721,0.5444054007530212,0.9305750276045814,0.9283615051023169,0.9284973363199107
372,0.9479296803474426,0.5031642317771912,0.9295312762260437,0.5460130572319031,0.9311148179859252,0.9292682721365899,0.9292703305710024
373,0.9511523246765137,0.4969562292098999,0.9350781440734863,0.537244975566864,0.9364047927758863,0.9350288466559233,0.9348812223543592
374,0.9518749713897705,0.49501553177833557,0.9307031035423279,0.5468224287033081,0.9319214924422151,0.9306112697166427,0.9305965883088994
375,0.951171875,0.4945225119590759,0.9302343726158142,0.5429220199584961,0.9313820408084053,0.9301213711361486,0.9301456885373949
376,0.9518945217132568,0.49366700649261475,0.930859386920929,0.5401707291603088,0.9324639888176994,0.9306002800226791,0.9307219487475951
377,0.9502929449081421,0.4952181875705719,0.9332812428474426,0.5329115390777588,0.9347347149398104,0.9330607741064729,0.9331413340434674
378,0.9509375095367432,0.4916037321090698,0.934374988079071,0.5342827439308167,0.9359241024916974,0.9340266898208602,0.9342115109763625
379,0.951171875,0.49181997776031494,0.9289844036102295,0.5490567088127136,0.9307053547785409,0.9286708554594385,0.9287853284550771
380,0.9495898485183716,0.4955264627933502,0.9259374737739563,0.5569233298301697,0.9271069721758602,0.9256428317133103,0.9256714202930251
381,0.9501171708106995,0.49491211771965027,0.9306250214576721,0.5463582277297974,0.9321089515941033,0.9303396860854999,0.9304024322163509
382,0.9533007740974426,0.4880825877189636,0.9291406273841858,0.5463680028915405,0.9312657650426137,0.9288116755207267,0.9289358653807709
383,0.949999988079071,0.4954460561275482,0.9284374713897705,0.545989453792572,0.9298878871697134,0.9283794676495825,0.9282809106176927
384,0.9508593678474426,0.4922475516796112,0.9306250214576721,0.5439032912254333,0.9317828349006647,0.9303655202651455,0.9304035035808244
385,0.9524999856948853,0.48699817061424255,0.9340624809265137,0.5355131030082703,0.9355675394401444,0.9337998007933148,0.9339013193117413
386,0.9507421851158142,0.49334898591041565,0.9293749928474426,0.550491988658905,0.9307403634697048,0.9290730899523589,0.9291821898267099
387,0.9521679878234863,0.4910368323326111,0.9327343702316284,0.5477032661437988,0.9344695061516689,0.9325208151492743,0.9325559672222301
388,0.9505664110183716,0.4918893873691559,0.9289844036102295,0.5510123372077942,0.9309006497797598,0.9288243104114662,0.9288160768931855
389,0.9534570574760437,0.48691216111183167,0.9297656416893005,0.5494562387466431,0.931146176365352,0.9293749692660148,0.929459798598094
390,0.9505664110183716,0.4918665289878845,0.9310937523841858,0.5381494760513306,0.9323385134672074,0.9308457576504784,0.9308358705877682
391,0.9506445527076721,0.49141308665275574,0.9300781488418579,0.5434845089912415,0.9320974426167637,0.9296296399706672,0.9297042212115884
392,0.9516406059265137,0.4919884204864502,0.934765636920929,0.5347808003425598,0.9359320679249243,0.9344623495360478,0.9345070269254235
393,0.9528906345367432,0.48705777525901794,0.9317968487739563,0.5465804934501648,0.9330489354572962,0.9316082553753107,0.9316303488944464
394,0.9521874785423279,0.488841712474823,0.9305468797683716,0.5346378684043884,0.9318422545441083,0.9302836336561395,0.9303124253273884
395,0.9531640410423279,0.4843186140060425,0.9307812452316284,0.536246120929718,0.9327409559684507,0.930531267932005,0.9304979680344583
396,0.9518359303474426,0.4898001551628113,0.9317187666893005,0.5472612380981445,0.9329726593820072,0.9316432744834098,0.9316106477507673
397,0.9496874809265137,0.49384284019470215,0.9311718940734863,0.5404320955276489,0.932568757659969,0.9308314647219701,0.9308800898068083
398,0.9491601586341858,0.49559473991394043,0.9318749904632568,0.5379130840301514,0.9335443912805321,0.9314867152523914,0.9316079556160817
399,0.9515039324760437,0.4889145791530609,0.9297656416893005,0.5398828387260437,0.9313348168491944,0.9296412593354944,0.9295002352085469
400,0.949414074420929,0.496303915977478,0.9294531345367432,0.5395865440368652,0.9309387385732424,0.9291838782283377,0.9292555711830439
401,0.9506054520606995,0.4927642345428467,0.9338281154632568,0.5300334692001343,0.9350583714106846,0.933563504068481,0.9335596630111851
402,0.9520117044448853,0.4884062111377716,0.9349218606948853,0.5285717248916626,0.9365214921486753,0.9346124420313164,0.9346933952127989
403,0.9512304663658142,0.4916388988494873,0.9353906512260437,0.5270599126815796,0.9368786546028289,0.9352019967141283,0.9352463712652153
404,0.9536718726158142,0.48825743794441223,0.9303125143051147,0.5411960482597351,0.9317926095251732,0.9301213331416478,0.9301124066008337
405,0.9523632526397705,0.48812389373779297,0.932421863079071,0.5294787883758545,0.9338064422710693,0.9322086808342545,0.9321945845015722
406,0.9515039324760437,0.4881468713283539,0.9323437213897705,0.5335015654563904,0.9339480223134836,0.9321966109551425,0.9323075525577424
407,0.9518359303474426,0.4863568842411041,0.9320312738418579,0.5384628176689148,0.9333199923505333,0.9318662673319128,0.9317433847263594
408,0.951855480670929,0.48958468437194824,0.9289844036102295,0.5380064249038696,0.930470041859055,0.9288019292677572,0.9287618076651677
409,0.9535546898841858,0.48020923137664795,0.9300781488418579,0.5320305824279785,0.9317092402418949,0.929814726865729,0.9297944973113417
410,0.9524609446525574,0.48547571897506714,0.9328906536102295,0.5292525291442871,0.9344957707395773,0.9328095847923551,0.932735077432088
411,0.952441394329071,0.4844922721385956,0.931640625,0.5383678078651428,0.9330083005923757,0.9313678551693184,0.9313725446621828
412,0.9516015648841858,0.4850902855396271,0.9312499761581421,0.5387471914291382,0.9326958195309203,0.9310442031844314,0.9310321093677869
413,0.9534570574760437,0.483895868062973,0.9332812428474426,0.5352398753166199,0.9346027025772911,0.9330572449891026,0.9330514837861927
414,0.9549804925918579,0.4782758057117462,0.9317187666893005,0.5313761234283447,0.9331948454515515,0.9314514078526619,0.9315249231408829
415,0.9508593678474426,0.4854324460029602,0.934765636920929,0.5247364640235901,0.936056121788784,0.9345065155884825,0.9345683984333175
416,0.9511132836341858,0.48833367228507996,0.9334375262260437,0.5320652723312378,0.9349299461689766,0.9329444563578614,0.9331430652910357
417,0.9513280987739563,0.48477432131767273,0.9321874976158142,0.5306299328804016,0.9334281479963729,0.9317609981264132,0.9318884692220064
418,0.9530859589576721,0.4809454679489136,0.9296875,0.5365890860557556,0.9313837132205609,0.9295531800490621,0.9295211516904685
419,0.9514453411102295,0.4858959913253784,0.9353906512260437,0.5297831892967224,0.936724037796296,0.9350831397885644,0.9351641121581586
420,0.9508398175239563,0.4875418543815613,0.934765636920929,0.5291285514831543,0.9363734258116616,0.9344546208092475,0.9345523899665175
421,0.9515625238418579,0.4866011142730713,0.9274218678474426,0.5464646816253662,0.9289065256347078,0.9270881647987487,0.9271594205304672
422,0.9524219036102295,0.4854477643966675,0.932812511920929,0.529567539691925,0.934361480578515,0.9322613929819943,0.9323570186159356
423,0.9526953101158142,0.48399651050567627,0.9333593845367432,0.5270954370498657,0.9350934729492981,0.9330171023822087,0.9330894180434787
424,0.9523242115974426,0.4836024343967438,0.9321093559265137,0.5295617580413818,0.9330894152012053,0.9317464767280734,0.931756508247017
425,0.9527929425239563,0.4806363582611084,0.9357812404632568,0.5262078642845154,0.9374663726162056,0.9353985835998624,0.9356010364372038
426,0.9514257907867432,0.4828890562057495,0.9295312762260437,0.5350143313407898,0.93101554313809,0.9293813786284897,0.9292971116852409
427,0.9502148628234863,0.48936575651168823,0.9339062571525574,0.5293208956718445,0.9352491292324123,0.9337253865824668,0.9336796398488842
428,0.9502539038658142,0.4900486469268799,0.9302343726158142,0.5381406545639038,0.9316741194019864,0.9299659145716204,0.9299879417417973
429,0.9489062428474426,0.48779770731925964,0.934374988079071,0.5258386135101318,0.935668335900787,0.9341514358777078,0.9341593577135661
430,0.9528124928474426,0.4811404049396515,0.9327343702316284,0.5338016748428345,0.9340145523043663,0.9323802461004767,0.9323952793464824
431,0.9533593654632568,0.47907519340515137,0.9338281154632568,0.5328506827354431,0.9352094198329934,0.9335639158274325,0.9335664388250704
432,0.9548633098602295,0.4789991080760956,0.9382030963897705,0.5187286138534546,0.9392457632981723,0.9379573115193145,0.9379946962600558
433,0.9524999856948853,0.48198845982551575,0.9346093535423279,0.5262234210968018,0.9362927610950162,0.9343949611103364,0.9345381700603232
434,0.9515039324760437,0.4827536344528198,0.9320312738418579,0.5324913263320923,0.9338536651440414,0.931820118805562,0.9318477580670773
435,0.9547460675239563,0.47540560364723206,0.9317968487739563,0.5333036184310913,0.9335147143638483,0.9315775856404609,0.9315556787071803
436,0.9548046588897705,0.4730800688266754,0.9339843988418579,0.5267946720123291,0.9353334871227535,0.9337985640651598,0.9338374258612512
437,0.9522851705551147,0.4832080602645874,0.9337499737739563,0.528348445892334,0.9356662710325561,0.9336185065183985,0.933679171332185
438,0.9531054496765137,0.47947683930397034,0.9351562261581421,0.5226650834083557,0.9365288827335454,0.9349528536591795,0.9350349247213385
439,0.9535937309265137,0.4772188663482666,0.932421863079071,0.5264020562171936,0.9340415726826699,0.932282337628025,0.9322679801095157
440,0.9515429735183716,0.48003682494163513,0.9310156106948853,0.5364986062049866,0.9322729604934575,0.9308927100643815,0.9307851639203252
441,0.9533789157867432,0.48014575242996216,0.9310156106948853,0.5341199636459351,0.9327787725945402,0.9309898633074039,0.9309355846576641
442,0.9543554782867432,0.4773637652397156,0.9321093559265137,0.5208809971809387,0.9336581156315829,0.9318493590290888,0.9318974838725528
443,0.9523046612739563,0.4805298149585724,0.9303905963897705,0.5306667685508728,0.9318376578925582,0.9301240222297689,0.9301952164746656
444,0.9524609446525574,0.47849246859550476,0.9337499737739563,0.5285596251487732,0.9352206576964014,0.9335965896682121,0.9336504090877917
445,0.952441394329071,0.4788215756416321,0.9317968487739563,0.522956907749176,0.9337016723963067,0.9315310452478616,0.931625038623392
446,0.9536523222923279,0.47480812668800354,0.9339062571525574,0.5181124806404114,0.9352324756921597,0.9337932795470026,0.9337372121131291
447,0.9525585770606995,0.480731725692749,0.9357812404632568,0.5208359360694885,0.936945992987779,0.9354821635720927,0.935509736052633
448,0.9531640410423279,0.4780835211277008,0.9307812452316284,0.5330960154533386,0.9324201592627079,0.9304379932141222,0.9305941470692343
449,0.9519726634025574,0.479376882314682,0.932421863079071,0.5309971570968628,0.9340637340987054,0.932179455431349,0.9322611704380317
450,0.9532812237739563,0.4763658046722412,0.9336718916893005,0.5313722491264343,0.9349701619826138,0.9333618325539608,0.9333896487205623
451,0.9510937333106995,0.48107677698135376,0.9339843988418579,0.5244951844215393,0.935181220212161,0.9337695986000284,0.9337323638608255
452,0.95263671875,0.47522208094596863,0.9353125095367432,0.5125013589859009,0.9368633342196312,0.9351195459955918,0.9351673750162101
453,0.9543359279632568,0.47319427132606506,0.9351562261581421,0.5208845734596252,0.9371921483764818,0.9349684716727076,0.9350452667670388
454,0.9548437595367432,0.4738469421863556,0.9341406226158142,0.5226941704750061,0.9357687444303233,0.9340674794944205,0.9340389700668708
455,0.9533789157867432,0.4746299982070923,0.9339062571525574,0.5203037261962891,0.9353575512968748,0.9337100908566233,0.9337415723055905
456,0.952929675579071,0.47737112641334534,0.9323437213897705,0.524107813835144,0.9336738540446574,0.9321749673564825,0.9321363912000176
457,0.9550585746765137,0.46997299790382385,0.9310156106948853,0.5270490050315857,0.9323359530744828,0.930945181736434,0.9309119517251377
458,0.9535351395606995,0.4748678505420685,0.9346093535423279,0.5199252963066101,0.9359802476905995,0.9343898409652895,0.934428882290828
459,0.9503710865974426,0.4798263609409332,0.9326562285423279,0.5180010795593262,0.9341574555929641,0.9325540501699531,0.9325387079232538
460,0.9527148604393005,0.47569042444229126,0.9354687333106995,0.5184226036071777,0.9366276950431941,0.935142105908368,0.9352688995256556
461,0.9512304663658142,0.47959044575691223,0.9323437213897705,0.5248729586601257,0.9334208128208634,0.9322161876649264,0.9321200972656727
462,0.9524023532867432,0.4792156517505646,0.9356250166893005,0.5122793316841125,0.9370541728828798,0.9355280731355751,0.9355597788196355
463,0.9522265791893005,0.47702085971832275,0.9346874952316284,0.5171059370040894,0.9361768185390693,0.9344167084010528,0.9345001601280736
464,0.9533984661102295,0.47730252146720886,0.934374988079071,0.5211579203605652,0.9354761533118332,0.9340985918003559,0.9342237539450158
465,0.9521288871765137,0.47537779808044434,0.9332812428474426,0.5284892916679382,0.9352646154511517,0.9329835797692323,0.9331669214124596
466,0.9549023509025574,0.4712173342704773,0.9354687333106995,0.5175060033798218,0.936627778532581,0.9350929070557148,0.935213914199422
467,0.9536914229393005,0.4734976291656494,0.9296093583106995,0.5313125848770142,0.9313144363891064,0.9293295959850008,0.929367379968034
468,0.9527734518051147,0.47589612007141113,0.9350000023841858,0.5182649493217468,0.9366104766975545,0.934738555838728,0.9348479684042673
469,0.951464831829071,0.4809461236000061,0.9318749904632568,0.5215758681297302,0.9329461770250531,0.9316857520164923,0.93168070536599
470,0.9524804949760437,0.47865965962409973,0.9339843988418579,0.5228685736656189,0.9354567623525412,0.9337024805294871,0.9337986674705937
471,0.9525585770606995,0.4739406108856201,0.930859386920929,0.5296632647514343,0.9322728858188384,0.9304327286613194,0.9305637823226028
472,0.9549999833106995,0.47128552198410034,0.9338281154632568,0.5206642150878906,0.935080302361175,0.9337158311666418,0.9336945501499032
473,0.9549219012260437,0.4685358703136444,0.9350000023841858,0.5128666162490845,0.9362369330247196,0.9346942371212987,0.9347897117893615
474,0.9559960961341858,0.4679441750049591,0.9333593845367432,0.5227931141853333,0.9349490109691067,0.9331971821085185,0.9333369527941525
475,0.9544726610183716,0.4688645303249359,0.9338281154632568,0.5218530297279358,0.9352578832249878,0.933628898491996,0.9336943821367576
476,0.9541601538658142,0.46842095255851746,0.9315624833106995,0.5258054137229919,0.9331903887471461,0.9313513268552882,0.9315107014912368
477,0.9526757597923279,0.4726780652999878,0.9344531297683716,0.5194343328475952,0.935836961882744,0.9343314769373381,0.9344054839174138
478,0.9554296731948853,0.467458039522171,0.932812511920929,0.5211591124534607,0.9339740452646608,0.9324472826684769,0.9325875671216209
479,0.9541601538658142,0.4718462824821472,0.9344531297683716,0.5136468410491943,0.9356702032883949,0.9341028315991432,0.9342099930072661
480,0.9541406035423279,0.4700155556201935,0.9353906512260437,0.5101097822189331,0.9368235988009344,0.9353013840546234,0.9353502586466771
481,0.9544140696525574,0.46999549865722656,0.9339062571525574,0.5126141309738159,0.9349859880930496,0.9337558923978829,0.9337265854406062
482,0.9522070288658142,0.4718870222568512,0.9337499737739563,0.5136970281600952,0.9352398256989629,0.9335420312069503,0.9336302659660266
483,0.9542577862739563,0.47007542848587036,0.9342187643051147,0.5177292823791504,0.9358459942732603,0.934112721588314,0.9340349400010014
484,0.9495508074760437,0.47879278659820557,0.934374988079071,0.5161231160163879,0.9357438575044504,0.9340489274780726,0.9340464402934723
485,0.9521874785423279,0.4742796719074249,0.9327343702316284,0.526267409324646,0.9340391804108217,0.932399433857958,0.9325088611269102
486,0.9510546922683716,0.47740885615348816,0.9350781440734863,0.5091732144355774,0.9365305140701716,0.934932810751641,0.9349781117867776
487,0.954296886920929,0.46983763575553894,0.9378906488418579,0.5155825018882751,0.9391714895015804,0.9377411818691759,0.9377955017865636
488,0.9535742402076721,0.4728255867958069,0.934374988079071,0.5231980085372925,0.9357588002714088,0.9339387232314338,0.9341090254879083
489,0.9537695050239563,0.4700782895088196,0.9338281154632568,0.5215383768081665,0.9353695956178768,0.9336146257589326,0.933769536625948
490,0.9551953077316284,0.4672844409942627,0.9321874976158142,0.5248446464538574,0.9335301642522355,0.9319948676434875,0.9320630516468258
491,0.9539843797683716,0.46840059757232666,0.9350781440734863,0.5167852640151978,0.9364766466873918,0.9350081932987111,0.9350686751452743
492,0.9525781273841858,0.47318875789642334,0.9325781464576721,0.5195509195327759,0.9345218433351776,0.9323235668599199,0.9325133939818939
493,0.9534375071525574,0.4700717628002167,0.9330468773841858,0.5230064392089844,0.9346373800382545,0.9330144989991751,0.9330719250016828
494,0.9555859565734863,0.4649277925491333,0.935546875,0.5162291526794434,0.9372382278403344,0.9353638103635153,0.9354719811353623
495,0.9550976753234863,0.4659632444381714,0.9332812428474426,0.5211551189422607,0.9349252782985045,0.9329441520927444,0.9331129376039834
496,0.9541015625,0.46493226289749146,0.9317187666893005,0.52206951379776,0.9330911622463085,0.9312406571009164,0.9314036420170708
497,0.9543750286102295,0.4663936197757721,0.9358593821525574,0.5171087980270386,0.9375925405938624,0.9355951719040737,0.9357020073840298
498,0.956835925579071,0.463439404964447,0.9334375262260437,0.5144115686416626,0.9347979427898823,0.9331765215379828,0.9331994036675109
499,0.9541015625,0.46748703718185425,0.9358593821525574,0.5117957592010498,0.93743526541946,0.9355124258068515,0.9356651300647574
500,0.9539453387260437,0.4680079221725464,0.9329687356948853,0.513151228427887,0.9344846967603199,0.9326704467286997,0.9328377283411328
501,0.9549413919448853,0.4649832844734192,0.932421863079071,0.5192954540252686,0.9339139546068422,0.9322682015690057,0.9322804458648549
502,0.954296886920929,0.46796032786369324,0.9332031011581421,0.520386278629303,0.9347346639965299,0.9328720911517665,0.9329610484282493
503,0.9513086080551147,0.4721873998641968,0.9307812452316284,0.5180201530456543,0.9320129023148727,0.930624029863008,0.9306002109928235
504,0.9521874785423279,0.4743630588054657,0.9353125095367432,0.5185543298721313,0.9367279202780825,0.9351139511536486,0.9350478353841039
505,0.9538476467132568,0.4711291491985321,0.932421863079071,0.5236726403236389,0.9340387143929958,0.9321533870777049,0.9321737814892852
506,0.9558984637260437,0.46153178811073303,0.930859386920929,0.5236672163009644,0.9324240944741529,0.9307220221742791,0.9306864443842838
507,0.9571093916893005,0.4602120518684387,0.9346874952316284,0.5134297013282776,0.9362674799890759,0.9343951229974886,0.9345156859768201
508,0.9555468559265137,0.46384087204933167,0.9356250166893005,0.5167226791381836,0.9372152225693503,0.9353696571937125,0.9355424707030062
509,0.9554492235183716,0.46306395530700684,0.9358593821525574,0.514624834060669,0.9371744098654087,0.9356630703014489,0.9357556187611977
510,0.95361328125,0.46869269013404846,0.9332812428474426,0.5137481093406677,0.9347905158860136,0.9330465177176053,0.9330677656555371
511,0.9549219012260437,0.4631531834602356,0.9349218606948853,0.5194094181060791,0.9362732992799729,0.934727479991734,0.934687862258095
512,0.9524804949760437,0.4698576331138611,0.9336718916893005,0.5140461921691895,0.9349547739949129,0.9333088156274016,0.9334465537003602
513,0.9553320407867432,0.46455687284469604,0.9336718916893005,0.5183563232421875,0.9349898778158936,0.9334349361519547,0.9334431996358872
514,0.9555078148841858,0.45969852805137634,0.9346874952316284,0.5111821889877319,0.9359761103129409,0.9343619014654718,0.9344571612400492
515,0.9558007717132568,0.45985332131385803,0.9346874952316284,0.5111520290374756,0.9367827884728308,0.9342965615778132,0.934533278786027
516,0.9577538967132568,0.4558141827583313,0.9354687333106995,0.5139725804328918,0.9370729379271252,0.9351612282392072,0.9353104816666673
517,0.955761730670929,0.45798709988594055,0.9348437786102295,0.5078166723251343,0.9362754022110047,0.9345759749262303,0.9346459791976623
518,0.9560351371765137,0.45809945464134216,0.9334375262260437,0.5105413198471069,0.9348788190218497,0.9331527420371293,0.9332088742348592
519,0.9540234208106995,0.46488404273986816,0.9350781440734863,0.504581093788147,0.9362722698150242,0.9348526976522804,0.9349064650544576
520,0.9546093940734863,0.4631505310535431,0.9353906512260437,0.5072777271270752,0.936790585519421,0.9352361184382033,0.935242748869815
521,0.9529687762260437,0.4655739963054657,0.9359375238418579,0.5096830129623413,0.9372089096525502,0.9357377223037895,0.9357530615010625
522,0.9522265791893005,0.46870219707489014,0.9369531273841858,0.5111492276191711,0.9382861308547461,0.9366698044124191,0.9367210081170572
523,0.9545117020606995,0.4656008183956146,0.9334375262260437,0.5101308226585388,0.9348895958282055,0.9331226342809135,0.9331878906176798
524,0.9518359303474426,0.468445360660553,0.9350781440734863,0.5169271230697632,0.9367336248501795,0.934651278364409,0.9347894726729763
525,0.9537304639816284,0.4668325185775757,0.9342187643051147,0.5088110566139221,0.935982153906961,0.9336854625307753,0.9338837627424352
526,0.9558398723602295,0.45984965562820435,0.9342187643051147,0.5144234895706177,0.9359721122839776,0.9340321725283935,0.9340389380302832
527,0.9534570574760437,0.46679046750068665,0.9345312714576721,0.508995532989502,0.9361356388956136,0.934255154827647,0.934375618294412
528,0.9541015625,0.4681941568851471,0.9349218606948853,0.5115053057670593,0.9363866095030532,0.9348091041910305,0.9348445905356269
529,0.9544336199760437,0.46458062529563904,0.936328113079071,0.5047642588615417,0.9376060360422396,0.9361150441086135,0.9361950900292777
530,0.9554882645606995,0.4561222791671753,0.9345312714576721,0.5130821466445923,0.9358241142379972,0.9343725609341085,0.9343959398345272
531,0.9568554759025574,0.45935919880867004,0.9351562261581421,0.5052976608276367,0.9368624362239981,0.9348914421349764,0.935030848494292
532,0.9588086009025574,0.4513676166534424,0.9332031011581421,0.5091515779495239,0.9349082307214763,0.9328884948115752,0.9330380768549054
533,0.95556640625,0.45862099528312683,0.9351562261581421,0.5091684460639954,0.9367554544453367,0.9348951341990678,0.9350285061897001
534,0.9539648294448853,0.4629252552986145,0.9328906536102295,0.5131894946098328,0.9344778587115561,0.932573682746687,0.9327156545916448
535,0.9540625214576721,0.4636281132698059,0.9354687333106995,0.5088956356048584,0.9370628883936278,0.93525352499792,0.9353403411297345
536,0.9526953101158142,0.46400222182273865,0.9345312714576721,0.5102396607398987,0.9362261886091685,0.9342444033060832,0.9344102088351371
537,0.9553320407867432,0.45831093192100525,0.9356250166893005,0.5076795816421509,0.9371383686957944,0.9352400705081747,0.935359494889485
538,0.9547265768051147,0.4603959918022156,0.9283593893051147,0.5257387757301331,0.930652304595985,0.9281729440031328,0.9282287509075373
539,0.9547656178474426,0.4586905241012573,0.9317968487739563,0.5129166841506958,0.9333566825196096,0.9316311678512417,0.9316040512592348
540,0.9539453387260437,0.462543249130249,0.9346093535423279,0.5065922141075134,0.9363293463742249,0.934417303941421,0.9344660213987015
541,0.9543163776397705,0.460414320230484,0.9346093535423279,0.5119640827178955,0.9360709311093305,0.9344597675075976,0.9344437078827538
542,0.9549609422683716,0.46394288539886475,0.9353906512260437,0.5086105465888977,0.9367885296676632,0.9352263525705693,0.9352187115197139
543,0.952441394329071,0.46695587038993835,0.93359375,0.5146761536598206,0.9354732233640219,0.9334669716977924,0.9334714252923365
544,0.9538476467132568,0.46371224522590637,0.9321874976158142,0.5113719701766968,0.9335978426807081,0.9318816207059052,0.9319158861047203
545,0.9543163776397705,0.46267130970954895,0.9346874952316284,0.5106479525566101,0.9366921708124574,0.9345568971307963,0.934614503695435
546,0.9549804925918579,0.4602072238922119,0.9353906512260437,0.5084765553474426,0.9367839458229388,0.9353475465465324,0.9353175382258974
547,0.9566211104393005,0.4551505744457245,0.9389062523841858,0.49253353476524353,0.9404307751449255,0.9386729800835487,0.9387521004268398
548,0.9558398723602295,0.45761412382125854,0.9332031011581421,0.5108437538146973,0.9351243260741409,0.9330656115793827,0.9330755860394254
549,0.9547070264816284,0.4589534103870392,0.9335156083106995,0.5118046402931213,0.9348924718741385,0.9332054058941626,0.9333240460379533
550,0.9554492235183716,0.4572146534919739,0.9379687309265137,0.49828991293907166,0.9396149702956181,0.9378084616398956,0.9378677856219211
551,0.9565625190734863,0.45526322722435,0.9352343678474426,0.5021026134490967,0.9366051679287875,0.9351989091308883,0.9351777511114296
552,0.9561718702316284,0.45470455288887024,0.9404687285423279,0.49643638730049133,0.9421345586321443,0.9402495709590535,0.9403423029990736
553,0.9550390839576721,0.4577080011367798,0.9358593821525574,0.5038431882858276,0.9375242266655277,0.935723177256643,0.9358157889094649
554,0.9544140696525574,0.4602261483669281,0.9360156059265137,0.503162145614624,0.9374306102693821,0.9359114546962991,0.935930919429427
555,0.9546093940734863,0.4579688310623169,0.9368749856948853,0.503258228302002,0.9386252135455135,0.9366317826234384,0.936758952780189
556,0.9544531106948853,0.45851707458496094,0.9359375238418579,0.5053884983062744,0.9373453118868714,0.9357408439469782,0.9357836669395982
557,0.9548633098602295,0.45762956142425537,0.9321093559265137,0.515968918800354,0.9337813921945189,0.9318035577782868,0.9318451432128185
558,0.9554296731948853,0.4581040143966675,0.9340624809265137,0.507642924785614,0.9357679834330161,0.9338663414581718,0.9338797614398059
559,0.9560742378234863,0.45317864418029785,0.9350000023841858,0.5062804222106934,0.9364501523382307,0.9349646688717992,0.9349568537869817
560,0.9583203196525574,0.4476354122161865,0.9375,0.5023424625396729,0.9387545721409147,0.9371682614068981,0.937251085128735
561,0.9561132788658142,0.4536896049976349,0.9368749856948853,0.5016217231750488,0.9383295628968173,0.9366864920772501,0.9366761650780453
562,0.9564062356948853,0.451471209526062,0.9328906536102295,0.5106191039085388,0.9342882170042333,0.9328203749964117,0.9328101498720534
563,0.9552148580551147,0.4571150541305542,0.9360156059265137,0.5043784976005554,0.93729793949641,0.9360752822041302,0.935997402105811
564,0.9556835889816284,0.452414870262146,0.9348437786102295,0.5085508227348328,0.9368501896046317,0.9346862496022871,0.9346706388111743
565,0.9551562666893005,0.4533225893974304,0.932421863079071,0.509580135345459,0.9339263289820023,0.9323520001512218,0.9323972171804922
566,0.9554492235183716,0.4538648724555969,0.9368749856948853,0.5061653256416321,0.9382987345699831,0.936721582770502,0.9367758508560333
567,0.9575781226158142,0.45033276081085205,0.9375781416893005,0.4989241659641266,0.938903769467243,0.9371582883507568,0.9373303652749406
568,0.9581640362739563,0.4494299590587616,0.9349218606948853,0.5074334740638733,0.9359658066678883,0.9346915097094715,0.9346888268178659
569,0.9536523222923279,0.45685702562332153,0.9379687309265137,0.5024880766868591,0.9395036893561273,0.9377182084082205,0.9378119333158913
570,0.9553906321525574,0.45356234908103943,0.9345312714576721,0.5083687901496887,0.9362753435966203,0.934277045398609,0.9342966091231373
571,0.9544140696525574,0.45690247416496277,0.9379687309265137,0.49848783016204834,0.9394026673877107,0.9377198839522367,0.9376668209316505
572,0.9544726610183716,0.4584100842475891,0.9356250166893005,0.5039500594139099,0.9371102335068121,0.9355515473620155,0.935453761095175
573,0.9551953077316284,0.45588696002960205,0.9378125071525574,0.49888962507247925,0.939477219228493,0.9373914667144329,0.9374976875983616
574,0.9564257860183716,0.447420209646225,0.9368749856948853,0.5027605295181274,0.9383225186623959,0.9366285643825425,0.9366289068318383
575,0.9551367163658142,0.45504674315452576,0.9315624833106995,0.5129254460334778,0.9331126956545721,0.9312785850696388,0.9313238561374111
576,0.9548242092132568,0.4546740651130676,0.9366406202316284,0.5029104948043823,0.9379259728960829,0.9364548322893979,0.9363944161900433
577,0.9550976753234863,0.4560662806034088,0.9340624809265137,0.5077542662620544,0.9354664402682806,0.9338048675917079,0.9338477419352076
578,0.9540820121765137,0.4583079218864441,0.9341406226158142,0.5041854977607727,0.9356051206504652,0.9338177635003911,0.9339113872808127
579,0.9549999833106995,0.45793232321739197,0.9322656393051147,0.5104827284812927,0.9341761994725513,0.9320708489499959,0.9321207209719746
580,0.9576171636581421,0.4475965201854706,0.9385156035423279,0.4954391419887543,0.9398172971777885,0.9383742111166635,0.9383557898808943
581,0.9563086032867432,0.44887635111808777,0.9352343678474426,0.5016878843307495,0.9367539297242475,0.9351163755849059,0.9351445399803621
582,0.9557812213897705,0.4532249867916107,0.9348437786102295,0.5054375529289246,0.9364267765625532,0.9346164653964338,0.9346607782762664
583,0.9562890529632568,0.4508231282234192,0.9336718916893005,0.5067381858825684,0.9355016689696188,0.9333644558922152,0.933487250975077
584,0.9559765458106995,0.4520985782146454,0.9369531273841858,0.4967285096645355,0.9381395848262435,0.9367597347065147,0.9367664226805872
585,0.953808605670929,0.4560374319553375,0.93359375,0.5033299922943115,0.9349113422377948,0.9334143425463065,0.9334394430893489
586,0.9574999809265137,0.44727444648742676,0.9338281154632568,0.5027186870574951,0.9356409515361729,0.9336574270603528,0.9336606053249372
587,0.9560351371765137,0.4508116841316223,0.9361718893051147,0.4955122470855713,0.9374722785147032,0.9360835883197403,0.9360663151331674
588,0.9548242092132568,0.45373666286468506,0.9348437786102295,0.5022501945495605,0.936192038507558,0.9347974042899913,0.9348563833258505
589,0.9568554759025574,0.4466875195503235,0.9351562261581421,0.501722514629364,0.936587191768528,0.9349683275951803,0.9349602388512824
590,0.9559960961341858,0.45084431767463684,0.9378906488418579,0.49249324202537537,0.9392790327123877,0.9377326159025223,0.9377531836136259
591,0.955078125,0.45085179805755615,0.9339062571525574,0.5039783716201782,0.9351426147936343,0.9338444758976665,0.9337635715297123
592,0.9552538990974426,0.45321518182754517,0.9357030987739563,0.5001634955406189,0.9373771184410962,0.9354200409291712,0.9354999551362342
593,0.9558984637260437,0.45196059346199036,0.9378906488418579,0.500272274017334,0.9389891997271747,0.9376954327385867,0.9376722120953127
594,0.9546874761581421,0.45291978120803833,0.9358593821525574,0.49759984016418457,0.9372876447735863,0.9355848607962385,0.9356300141973574
595,0.9536914229393005,0.45668265223503113,0.9367969036102295,0.5007789731025696,0.9386321450194799,0.9363751743931565,0.9365707768078031
596,0.9557031393051147,0.45096394419670105,0.935546875,0.5015662312507629,0.936988867369311,0.9352617700523618,0.9352927768603305
597,0.9567773342132568,0.448696494102478,0.9378125071525574,0.5005308389663696,0.9397558917705684,0.937546049691873,0.9376785144793558
598,0.9568164348602295,0.4490179717540741,0.9368749856948853,0.49750789999961853,0.9387306849031577,0.9366495461536278,0.936812368272351
599,0.9537890553474426,0.45450377464294434,0.9326562285423279,0.5071929693222046,0.9343133903607248,0.9324377253409771,0.9325296112824212
600,0.9571093916893005,0.44796180725097656,0.9366406202316284,0.49589329957962036,0.9386925699686999,0.9363774926753469,0.936574476186594
601,0.9592382907867432,0.4436352550983429,0.9364062547683716,0.4978715479373932,0.9381857997426752,0.936053850606912,0.9362603553034083
602,0.9593945145606995,0.4409201145172119,0.9326562285423279,0.5104075074195862,0.9349850640073812,0.9321998734134369,0.9324106355836232
603,0.9584375023841858,0.4406323730945587,0.9389843940734863,0.49370819330215454,0.9404573713694236,0.9387101706369061,0.938832261072313
604,0.9580664038658142,0.44388240575790405,0.940625011920929,0.4880238473415375,0.9420266901858259,0.9401972590807537,0.9403727805962789
605,0.9568164348602295,0.44702813029289246,0.9384375214576721,0.49112215638160706,0.9398921052064513,0.9380550775782239,0.938142873627652
606,0.9581054449081421,0.44306933879852295,0.936718761920929,0.5002824664115906,0.9384960515064282,0.9363702538934315,0.936508743353155
607,0.957324206829071,0.4439210593700409,0.938671886920929,0.49498283863067627,0.940205187886961,0.9382635103411493,0.9384100284466519
608,0.9571288824081421,0.44217532873153687,0.9403125047683716,0.4879184067249298,0.9417326063665148,0.9398588255162603,0.9399818394200294
609,0.9545702934265137,0.4496532380580902,0.9332031011581421,0.5022019743919373,0.9347500349725687,0.9328935044352552,0.9330061310833138
610,0.9534375071525574,0.45399150252342224,0.9351562261581421,0.4964788854122162,0.9368353128441937,0.9348320654247337,0.9349635665549931
611,0.9539257884025574,0.45185402035713196,0.9387500286102295,0.49302658438682556,0.9402947887225462,0.938452692492181,0.9386025076829978
612,0.9562695026397705,0.44579392671585083,0.9357812404632568,0.4965720474720001,0.9373917311963345,0.9354466505125314,0.9355962933536226
613,0.9547265768051147,0.45167407393455505,0.9392187595367432,0.487915575504303,0.9407632098631433,0.9388482476799831,0.9390694759398287
614,0.9538476467132568,0.4543733596801758,0.9381250143051147,0.49487510323524475,0.9399822138044436,0.9378203343127446,0.9378984111382896
615,0.9552929401397705,0.45078355073928833,0.9369531273841858,0.4947633445262909,0.9384622708553109,0.9366697914762336,0.9366040581533178
616,0.9582812786102295,0.4431512951850891,0.9400781393051147,0.487567663192749,0.9413086082849954,0.9398733316960328,0.939906767265883
617,0.9590429663658142,0.4415989816188812,0.9393749833106995,0.4858352541923523,0.9406806829855365,0.9390514965713137,0.9391586722607234
618,0.9580273628234863,0.4403351843357086,0.9368749856948853,0.48745355010032654,0.938942249305473,0.9366745831492973,0.9367725998296954
619,0.9591991901397705,0.4389623701572418,0.9379687309265137,0.48945900797843933,0.9396589522718557,0.9376886913670044,0.9378107073819334
620,0.956250011920929,0.4437046945095062,0.9365624785423279,0.4909652769565582,0.9380575097258627,0.9363500649139461,0.9364520847547659
621,0.9553124904632568,0.44877585768699646,0.9364843964576721,0.494151771068573,0.9379826655470782,0.93626706598916,0.9362971939501411
622,0.9554492235183716,0.44803082942962646,0.9358593821525574,0.49832355976104736,0.9370976395221254,0.935548033642079,0.9356108734910242
623,0.956835925579071,0.4502011239528656,0.9399218559265137,0.4861929416656494,0.9412483821439717,0.9395993425561029,0.9396894427627496
624,0.9572070240974426,0.44375771284103394,0.9398437738418579,0.4853564500808716,0.9412490790463106,0.9396222897758328,0.9396724761958296
625,0.9571484327316284,0.44318971037864685,0.9337499737739563,0.49558955430984497,0.9351086980156299,0.9334276277813536,0.9335000287614109
626,0.9592968821525574,0.43766406178474426,0.9342968463897705,0.4972486197948456,0.9362689337835413,0.9339689375138682,0.9341108357136676
627,0.956250011920929,0.44509202241897583,0.9348437786102295,0.4972919821739197,0.9363347568341815,0.9344238903242779,0.9345752861565692
628,0.9555273652076721,0.4462389051914215,0.9382030963897705,0.4943734109401703,0.939598455463106,0.9378424136203215,0.9380061559761326
629,0.9551953077316284,0.4489820897579193,0.9376562237739563,0.49107879400253296,0.9389983841793537,0.937511173679973,0.9375472636059207
630,0.954785168170929,0.4508843719959259,0.936718761920929,0.49222099781036377,0.9381985296152486,0.9364051429684651,0.9365665038120075
631,0.955273449420929,0.44813621044158936,0.9362499713897705,0.4897710382938385,0.9375278506434501,0.9360491082899232,0.9360700575344834
632,0.9554492235183716,0.4480500817298889,0.9362499713897705,0.5012531876564026,0.9379016088092955,0.9360293468761647,0.9361009929832402
633,0.9569336175918579,0.4464091956615448,0.9371093511581421,0.49032652378082275,0.9382719901712535,0.9369498402488097,0.9369616073259632
634,0.9574218988418579,0.4428384006023407,0.9346093535423279,0.5001835227012634,0.9363613059086529,0.9344261031181631,0.9343923479499212
635,0.9553124904632568,0.44524872303009033,0.932812511920929,0.4992336332798004,0.9344749836702216,0.9326496329040186,0.9326870105315332
636,0.9558007717132568,0.4472333490848541,0.9389062523841858,0.49068599939346313,0.9400016699718904,0.9386235193028957,0.9386432510046938
637,0.9566211104393005,0.44250527024269104,0.9407812356948853,0.4920273721218109,0.9419195314823419,0.9404217246844591,0.9405228142850296
638,0.9577343463897705,0.44282206892967224,0.9364843964576721,0.4964301288127899,0.9382632617681593,0.9361301256434185,0.9363041511321288
639,0.9577734470367432,0.44001755118370056,0.9352343678474426,0.4952597916126251,0.936742431636024,0.9350457641777411,0.9351384841806192
640,0.9575585722923279,0.4418497085571289,0.9357812404632568,0.49348750710487366,0.9371383568573303,0.9355294406603131,0.9355910202456249
641,0.9559375047683716,0.4464262127876282,0.9374218583106995,0.4942591190338135,0.9386085897517696,0.9371694471142076,0.9371391461184306
642,0.957324206829071,0.4431374669075012,0.9376562237739563,0.48958590626716614,0.9391641690786496,0.9372554002690463,0.9374608192636587
643,0.9554101824760437,0.44698798656463623,0.9399999976158142,0.4856698215007782,0.9411199243507957,0.9396976073628039,0.9397727814086487
644,0.9585546851158142,0.43887755274772644,0.938281238079071,0.4934738278388977,0.9396508796020788,0.9379591007204311,0.9380541377534675
645,0.9598047137260437,0.4350584149360657,0.9370312690734863,0.4895784854888916,0.9387221272940759,0.9367255164382899,0.936862453191339
646,0.956738293170929,0.4402558207511902,0.936718761920929,0.4898272752761841,0.9377561334460016,0.9364642334871512,0.9364927299054879
647,0.9565039277076721,0.4422122538089752,0.9360156059265137,0.49191051721572876,0.9374863068786562,0.9356757232602575,0.9358098867623833
648,0.9580468535423279,0.4407258927822113,0.9389062523841858,0.48879867792129517,0.9400584073968739,0.9386146734182199,0.9386982373969781
649,0.956250011920929,0.44129741191864014,0.9381250143051147,0.49000245332717896,0.9396117148100271,0.9378792147754041,0.9379554152842677
650,0.9570898413658142,0.4406343102455139,0.9381250143051147,0.4850262403488159,0.9400180268822415,0.9379322216643409,0.9380809298936691
651,0.9569140672683716,0.4417889416217804,0.9358593821525574,0.49271178245544434,0.9373298955878373,0.9357071740003328,0.9358198915919901
652,0.9565820097923279,0.44157612323760986,0.9368749856948853,0.4832938313484192,0.9381883291880218,0.9367297818414464,0.9367239025079994
653,0.9571679830551147,0.44264480471611023,0.935546875,0.49309685826301575,0.9366489423398199,0.9353370776909491,0.935313119873366
654,0.9560546875,0.4410404562950134,0.9351562261581421,0.4970892071723938,0.9364320188656694,0.934899249450553,0.9350221913063915
655,0.9566015601158142,0.4405078589916229,0.9384375214576721,0.48395901918411255,0.9399159539560703,0.938162411307553,0.938269899577596
656,0.9589453339576721,0.43695616722106934,0.9408593773841858,0.4776926338672638,0.9420655766967644,0.9405335786428255,0.9406965253719752
657,0.9579101800918579,0.439784437417984,0.9388281106948853,0.4788924753665924,0.9399932271849607,0.938553604399182,0.9385819533941671
658,0.9578320384025574,0.4356527030467987,0.934765636920929,0.48734989762306213,0.9360258013082056,0.934565518548624,0.934592506022222
659,0.9584765434265137,0.43492016196250916,0.9381250143051147,0.48320868611335754,0.9393769216128947,0.9378437975580376,0.9378774852827076
660,0.9581445455551147,0.4370909035205841,0.9346093535423279,0.4951505661010742,0.9361250220699111,0.9343927260736576,0.9344596040964622
661,0.9567577838897705,0.43884754180908203,0.9357030987739563,0.4901197850704193,0.9369830267614768,0.9355098859985115,0.9354861218322332
662,0.9566797018051147,0.4387846887111664,0.9380468726158142,0.48521888256073,0.9394678294594119,0.937582753024574,0.9376911516877849
663,0.9569922089576721,0.4370156526565552,0.9351562261581421,0.48950231075286865,0.9365259288796322,0.9348093847272363,0.9348753393694746
664,0.9586718678474426,0.43366196751594543,0.9401562213897705,0.4805711507797241,0.9414578195076893,0.9400080637004825,0.9399152660870349
665,0.9583984613418579,0.43140169978141785,0.9385937452316284,0.4847705066204071,0.9397065605961937,0.9383727108964085,0.9383835241416538
666,0.956835925579071,0.43983572721481323,0.9385937452316284,0.48923206329345703,0.9400603227628135,0.9383216439917539,0.9384312816269337
667,0.9565234184265137,0.4405384063720703,0.9335156083106995,0.501844584941864,0.9351631006288519,0.933177588081719,0.9332357643930784
668,0.9554687738418579,0.443720281124115,0.932812511920929,0.49956896901130676,0.9341909837412051,0.9325686513300003,0.9325598691005936
669,0.9582421779632568,0.4390479624271393,0.9344531297683716,0.49258941411972046,0.9360375731003067,0.9341379020344903,0.9341956659743932
670,0.9557812213897705,0.4433072805404663,0.9376562237739563,0.491050124168396,0.9390076441635901,0.9372333643309139,0.9373439092147637
671,0.9568945169448853,0.4418469965457916,0.9356250166893005,0.49217021465301514,0.9368653886282788,0.9352152819113577,0.935374237550719
672,0.9567577838897705,0.4404769539833069,0.9371093511581421,0.4902184009552002,0.9384206531033199,0.9368982121912017,0.9368826566059575
673,0.9563281536102295,0.43984973430633545,0.9384375214576721,0.47997933626174927,0.9397306177581579,0.9382466610996285,0.9382305500632391
674,0.9585742354393005,0.435220330953598,0.9351562261581421,0.49240532517433167,0.9367956462814534,0.9349363384606645,0.9349542885473976
675,0.9580468535423279,0.4331591725349426,0.9348437786102295,0.491529643535614,0.9366563758465274,0.934601638990995,0.9347545011363873
676,0.9588086009025574,0.43328335881233215,0.9371093511581421,0.4834590554237366,0.9390487432702621,0.9368260498173395,0.9368959229930238
677,0.9579492211341858,0.43417227268218994,0.9358593821525574,0.4900451898574829,0.9369929568447968,0.9356444625028604,0.9355594464617301
678,0.9582812786102295,0.43491649627685547,0.9399218559265137,0.4794168770313263,0.9411642490214084,0.939799061861829,0.9397736908862346
679,0.9577538967132568,0.43502911925315857,0.936718761920929,0.48275426030158997,0.9382497341713854,0.936561529933525,0.9366367061922201
680,0.9575781226158142,0.43353211879730225,0.9390624761581421,0.48019492626190186,0.9402082887646939,0.9391379949956569,0.9389945713121782
681,0.957812488079071,0.43310096859931946,0.9378906488418579,0.4844905734062195,0.9391383394643612,0.9376106246580209,0.9376666575842937
682,0.9581835865974426,0.43113723397254944,0.939453125,0.47922295331954956,0.9408433900360259,0.9392376539594225,0.939195566856049
683,0.9573047161102295,0.4386059641838074,0.9348437786102295,0.4889422655105591,0.9363050749412194,0.9346314931106395,0.9345938816497411
684,0.9562890529632568,0.43946152925491333,0.9352343678474426,0.49261772632598877,0.9371688992676462,0.9349714258798183,0.9349737301303003
685,0.9572851657867432,0.43863150477409363,0.9368749856948853,0.4881705939769745,0.9384657294290746,0.936712092446021,0.9367845068239538
686,0.9592382907867432,0.43081405758857727,0.9379687309265137,0.4816686511039734,0.9392058441520342,0.937807593977271,0.9378102687207326
687,0.9582617282867432,0.432354211807251,0.9397656321525574,0.4720543324947357,0.941236145900197,0.9395789103263288,0.9396052784371576
688,0.9578515887260437,0.43602168560028076,0.9383593797683716,0.4779287278652191,0.9399598888208489,0.9379926730538161,0.9382118990402772
689,0.9575390815734863,0.43428680300712585,0.9372656345367432,0.4875268042087555,0.9385424297532234,0.9370382226586801,0.9370395496925148
690,0.9566211104393005,0.43843647837638855,0.9344531297683716,0.49576857686042786,0.935941196933987,0.9342143842993658,0.9343318129134208
691,0.9576171636581421,0.4389564096927643,0.9384375214576721,0.4904399812221527,0.9405189106606874,0.9382225675083099,0.9383438272314785
692,0.957324206829071,0.4392840564250946,0.9373437762260437,0.48360294103622437,0.9386721134303484,0.9370098974931932,0.9371841820707001
693,0.9583984613418579,0.4357028603553772,0.9370312690734863,0.4830235242843628,0.9383556545554548,0.9367863085929491,0.9368398573057324
694,0.9575781226158142,0.4348934292793274,0.9379687309265137,0.48333466053009033,0.9391776340702366,0.9379339509168632,0.9379148265823065
695,0.9564062356948853,0.4402413070201874,0.9367969036102295,0.490791916847229,0.9385089869124317,0.9365667895833657,0.9366056280329256
696,0.9571093916893005,0.4351635277271271,0.9389062523841858,0.48213085532188416,0.9405157413418614,0.9387124636383757,0.938725866761154
697,0.9584375023841858,0.43202340602874756,0.9403125047683716,0.4702768325805664,0.9420598786210921,0.9400665660062063,0.9400813318948301
698,0.9571679830551147,0.4362581670284271,0.9385156035423279,0.47676315903663635,0.9398513680558878,0.9382609116534806,0.938324548995334
699,0.9595116972923279,0.43178263306617737,0.9374218583106995,0.48479247093200684,0.9389427022008012,0.9372082245158015,0.9372933408451039
700,0.9589453339576721,0.42861464619636536,0.9373437762260437,0.48298266530036926,0.9387830732955253,0.937174593441056,0.937219341103013
701,0.9578906297683716,0.42876991629600525,0.9357812404632568,0.4898642301559448,0.937421391928726,0.9355542799419767,0.9355709615460697
702,0.9597265720367432,0.4310040771961212,0.9338281154632568,0.4869241714477539,0.935904461254542,0.933570361385595,0.9336750539751448
703,0.9585937261581421,0.42949867248535156,0.934765636920929,0.4903302788734436,0.9364582351478408,0.9344704463495827,0.934542470764097
704,0.9562109112739563,0.43849632143974304,0.9388281106948853,0.47633445262908936,0.9400745754505654,0.9385307190758412,0.9386698836372969
705,0.95556640625,0.4395919144153595,0.9384375214576721,0.48012775182724,0.9396369479177114,0.9384064203487026,0.9383256019244336
706,0.9581054449081421,0.4340774416923523,0.9380468726158142,0.479093998670578,0.9393588451987487,0.9377565415698152,0.9378736461294042
707,0.9587500095367432,0.4298778176307678,0.9370312690734863,0.4794779121875763,0.9384322903976835,0.936712405404464,0.936758247619329
708,0.9568750262260437,0.43553516268730164,0.9368749856948853,0.48726820945739746,0.9380553939583098,0.936630835658834,0.9366562260257822
709,0.9580664038658142,0.4325336813926697,0.9382030963897705,0.4799782931804657,0.9396958869915959,0.9378968521482598,0.937966832427173
710,0.9587109088897705,0.43128323554992676,0.9392187595367432,0.475688636302948,0.9405046158264245,0.9391561039256409,0.9390573150854354
711,0.9578710794448853,0.43121302127838135,0.9403906464576721,0.47642552852630615,0.9419467401034018,0.9402397436782174,0.9402617867820007
712,0.9575781226158142,0.4325307607650757,0.9372656345367432,0.4800862967967987,0.9386068761250462,0.9373199902048467,0.937164313037157
713,0.9571484327316284,0.4316076338291168,0.9391406178474426,0.4794943928718567,0.9404314383891619,0.9389731747399943,0.9390049374910898
714,0.9575976729393005,0.43218994140625,0.9392969012260437,0.47429436445236206,0.9405052392550048,0.9390144032746941,0.9391022454904724
715,0.9552343487739563,0.4375995993614197,0.9426562786102295,0.4740055203437805,0.9438278562480322,0.9425348842907281,0.9425031536434214
716,0.9582617282867432,0.4312644898891449,0.9359375238418579,0.4777161777019501,0.9373701910860349,0.9356890943179899,0.9357238597331397
717,0.9567577838897705,0.4349164068698883,0.9392969012260437,0.47869449853897095,0.940584019934064,0.939144414527388,0.939139911089376
718,0.9596288800239563,0.429045706987381,0.9400781393051147,0.47224143147468567,0.9413700984693287,0.9398059838475354,0.9399363237489423
719,0.9596288800239563,0.425601989030838,0.9398437738418579,0.4751819372177124,0.9411353280560878,0.9395965298672587,0.939649242910038
720,0.9598633050918579,0.42745935916900635,0.9366406202316284,0.48069339990615845,0.938514530834508,0.9365106466090335,0.9365733685273845
721,0.9591601490974426,0.4288635551929474,0.9382030963897705,0.4761374592781067,0.9395972987592647,0.9380153645421565,0.9380570469975835
722,0.9576953053474426,0.42932140827178955,0.9382030963897705,0.4823484420776367,0.9394881857729094,0.9380494366132712,0.9380361821322285
723,0.9597265720367432,0.4260677099227905,0.9418749809265137,0.4729401767253876,0.9431290362462736,0.9417344081008618,0.9417718862826172
724,0.9577929973602295,0.4315120577812195,0.9410156011581421,0.47358977794647217,0.9422623548567889,0.9407711095179553,0.9408295563002378
725,0.95849609375,0.4297510087490082,0.9374218583106995,0.47930777072906494,0.9388404562114576,0.9372707532875096,0.9372530306098615
726,0.9573633074760437,0.43404847383499146,0.939453125,0.4732760488986969,0.9409195461480542,0.9391202211341504,0.9392327215760518
727,0.9588281512260437,0.4288299083709717,0.9378906488418579,0.4799251854419708,0.9392485728003317,0.9375577568388429,0.9376552491011996
728,0.9573047161102295,0.4344961643218994,0.9342187643051147,0.4965685307979584,0.9356809258144365,0.9340510864824763,0.934123528104949
729,0.9580468535423279,0.4319351613521576,0.9367969036102295,0.48292845487594604,0.9382659304656515,0.9365407236104695,0.9366755113313667
730,0.958789050579071,0.43135014176368713,0.9351562261581421,0.48164528608322144,0.9364800216360419,0.9349083726859306,0.934992498462442
731,0.9601953029632568,0.4261215627193451,0.9373437762260437,0.4881213307380676,0.9392374025711263,0.9369028331520225,0.9371008139371878
732,0.9581835865974426,0.4270043671131134,0.936328113079071,0.4849906861782074,0.9379072497293475,0.9361696723173234,0.9362257895577625
733,0.9588281512260437,0.42778098583221436,0.9407031536102295,0.47622185945510864,0.9420885966710372,0.9403423491839188,0.9404645017210042
734,0.9593359231948853,0.4251853823661804,0.9410156011581421,0.46997371315956116,0.942366497310811,0.940826361950391,0.9408890262482076
735,0.9587695598602295,0.4268180727958679,0.9389062523841858,0.47129595279693604,0.9402043588382359,0.9384795452908593,0.9385928560838035
736,0.9584375023841858,0.42799872159957886,0.9389843940734863,0.4829587936401367,0.9406543917332484,0.938834697324481,0.9388819675165305
737,0.9576171636581421,0.42941081523895264,0.9372656345367432,0.4826573133468628,0.9385260910090812,0.9370252768527763,0.9371099441959762
738,0.9585742354393005,0.4287043809890747,0.9362499713897705,0.4792121946811676,0.9375230795525586,0.9361993919855393,0.936189667539801
739,0.9571288824081421,0.43169745802879333,0.9341406226158142,0.49386295676231384,0.9355034355721776,0.933951710664178,0.9340083524664173
740,0.9579687714576721,0.427667498588562,0.9395312666893005,0.47307971119880676,0.9411119955412753,0.9393654973454933,0.9394584737659466
741,0.958691418170929,0.426533967256546,0.9410937428474426,0.4726695716381073,0.942572806027131,0.9410254677172235,0.9410669884744579
742,0.9573047161102295,0.43067264556884766,0.9396874904632568,0.4757692217826843,0.941157137249871,0.9394067038453835,0.9394350364563956
743,0.9568750262260437,0.4337713122367859,0.9410937428474426,0.4726494252681732,0.9424942402593166,0.9408118270350124,0.9408798679074102
744,0.9564062356948853,0.43195411562919617,0.9391406178474426,0.47613510489463806,0.9404710652866223,0.9389515605449121,0.9389384950569543
745,0.9584765434265137,0.4307251274585724,0.9337499737739563,0.49456891417503357,0.9356465352097477,0.9334738876799309,0.9335288662740173
746,0.9576953053474426,0.43008938431739807,0.9361718893051147,0.47831326723098755,0.9377394454529284,0.9360422444103926,0.9360882033055093
747,0.9567187428474426,0.43305766582489014,0.9383593797683716,0.47926804423332214,0.9394741904709015,0.9379820786718855,0.9380425355360822
748,0.958984375,0.42960041761398315,0.9384375214576721,0.47712692618370056,0.9393790538563777,0.9382127987890234,0.9381404238596276
749,0.9577343463897705,0.4314013719558716,0.9399999976158142,0.4736599326133728,0.9414509910835409,0.9398571138666771,0.9398417520476866
750,0.9589453339576721,0.42722758650779724,0.9417968988418579,0.4728362262248993,0.9428745265584164,0.9414872625240536,0.9415556828401522
751,0.9596484303474426,0.42330318689346313,0.9368749856948853,0.47699084877967834,0.9382294194973386,0.9364886756577386,0.9365926134411264
752,0.9619531035423279,0.4183923304080963,0.9393749833106995,0.4699685275554657,0.940796903731156,0.9391846784383131,0.9392910351300179
753,0.9592578411102295,0.42183247208595276,0.9388281106948853,0.467671275138855,0.9402625957147748,0.9385215872617687,0.9386054269669901
754,0.9598242044448853,0.4227888584136963,0.9415624737739563,0.464423269033432,0.9425810730838793,0.9409985342356963,0.94117316614971
755,0.9578906297683716,0.4275278151035309,0.9401562213897705,0.47003811597824097,0.9416193885411809,0.9399044563153176,0.9400159481612925
756,0.9574609398841858,0.4294714629650116,0.9366406202316284,0.4805498421192169,0.9380332321432577,0.9365422741185565,0.9365761188325262
757,0.9569726586341858,0.42853692173957825,0.9395312666893005,0.4687228500843048,0.9406988389523728,0.9392885476601246,0.9393633829545448
758,0.955078125,0.4374582767486572,0.9378125071525574,0.4793550372123718,0.9389189969823161,0.9376193200490499,0.9376612132326667
759,0.9580078125,0.42896026372909546,0.9392969012260437,0.4771631360054016,0.9405197691260726,0.9390353310183102,0.9391437933137953
760,0.9562304615974426,0.4308087229728699,0.9372656345367432,0.48041191697120667,0.9386724264002162,0.9370928228850717,0.937155012504046
761,0.9567577838897705,0.42973700165748596,0.9367969036102295,0.4850650429725647,0.9379829442608667,0.936710988964447,0.9367132186249032
762,0.958789050579071,0.4271766245365143,0.9389843940734863,0.4790297746658325,0.9401962704131182,0.9387865510792808,0.9388232211960936
763,0.9594140648841858,0.42288708686828613,0.9391406178474426,0.47202569246292114,0.9405811437768498,0.9389451673220002,0.9389729065849808
764,0.9603906273841858,0.420042484998703,0.9403125047683716,0.470123827457428,0.9415780671201346,0.9400901203877922,0.9401578505010144
765,0.960644543170929,0.4205254316329956,0.9390624761581421,0.4671737253665924,0.9400945913858981,0.9387823923574175,0.938814408703944
766,0.9581835865974426,0.42736151814460754,0.9412500262260437,0.4704657793045044,0.94218389600417,0.9410835012247241,0.9410446120657154
767,0.9579492211341858,0.4252833425998688,0.9407812356948853,0.4729243814945221,0.942149582595236,0.9404463095098992,0.940614540056893
768,0.9589257836341858,0.42578572034835815,0.9392187595367432,0.4768493175506592,0.9404687423550637,0.9389609421626873,0.9390408222097952
769,0.9580859541893005,0.4266830086708069,0.9364062547683716,0.48421069979667664,0.9378793909928205,0.9360273854655254,0.9361321281708677
770,0.9586718678474426,0.42516058683395386,0.9398437738418579,0.47274383902549744,0.9410269966530043,0.9396893621439727,0.9397127009418986
771,0.9605664014816284,0.4176284074783325,0.9404687285423279,0.4762798547744751,0.9416644620123968,0.9402664947297836,0.9403170597004784
772,0.9591211080551147,0.4214412569999695,0.9400781393051147,0.4714721739292145,0.941372260973591,0.9399972623925261,0.9400571965548695
773,0.9585937261581421,0.4243565797805786,0.938281238079071,0.4821614921092987,0.939844263982831,0.9380687119912615,0.9380861645771269
774,0.9582421779632568,0.4245406687259674,0.9412500262260437,0.47443142533302307,0.9423076651945561,0.9410511773162831,0.9410328411745309
775,0.9574218988418579,0.4255448877811432,0.9368749856948853,0.47520896792411804,0.9380578824499843,0.9368039142377971,0.9367245292482229
776,0.95849609375,0.42376577854156494,0.9428906440734863,0.4673081636428833,0.9439838819281595,0.9426876887654568,0.9426960482143611
777,0.9609765410423279,0.417992502450943,0.942578136920929,0.46469929814338684,0.9437146621149368,0.9423376519771006,0.9423472886503836
778,0.958984375,0.42339569330215454,0.9407031536102295,0.47224804759025574,0.9423458457630804,0.9403359480961095,0.9405146814803398
779,0.9591405987739563,0.42365404963493347,0.9403906464576721,0.47156795859336853,0.9418802875703396,0.9400200614910288,0.9401836003743935
780,0.9598047137260437,0.4214695394039154,0.9376562237739563,0.47562751173973083,0.939217084595352,0.9371869831736823,0.9373449104582212
781,0.9576953053474426,0.4257177710533142,0.94140625,0.46435290575027466,0.9427302554869281,0.9411538378899675,0.9412394651112322
782,0.9595702886581421,0.42066168785095215,0.9392969012260437,0.47437453269958496,0.9404946424340919,0.9390007376248621,0.9390952486757098
783,0.9591601490974426,0.4220546782016754,0.9398437738418579,0.4696669280529022,0.9410712817547078,0.9396008515403835,0.9395985869983591
784,0.9560351371765137,0.4283265173435211,0.9385937452316284,0.47471675276756287,0.9404734206222849,0.9382475683819834,0.9383368463244959
785,0.9578710794448853,0.42602139711380005,0.9403906464576721,0.47001418471336365,0.9417874540755202,0.9401390674675203,0.9402252499610004
786,0.9591211080551147,0.4234044551849365,0.9383593797683716,0.4705710709095001,0.9396619772994079,0.938184152892388,0.9382146854601646
787,0.9580664038658142,0.4250122308731079,0.9387500286102295,0.47535836696624756,0.9402726224691154,0.9385599710449657,0.9386042021906043
788,0.9573633074760437,0.42654159665107727,0.9410156011581421,0.4697193503379822,0.942590106479431,0.9406001517263765,0.9407841026294841
789,0.9594140648841858,0.4227275550365448,0.9391406178474426,0.4722941517829895,0.9407450737401692,0.9388079626630608,0.9388923156122211
790,0.959277331829071,0.42216071486473083,0.9412500262260437,0.4666370451450348,0.9426519677373462,0.9409989146732849,0.9410455726594082
791,0.9586132764816284,0.42328816652297974,0.9384375214576721,0.47458022832870483,0.939941725660051,0.9379952119075845,0.9381295786889388
792,0.9588281512260437,0.423329621553421,0.940234363079071,0.47104376554489136,0.9416395410454269,0.9399344846246563,0.9400495715126997
793,0.9593554735183716,0.4208890199661255,0.9389843940734863,0.47079986333847046,0.9405700900298147,0.9387749395946388,0.938864962475359
794,0.9595507979393005,0.41997992992401123,0.9383593797683716,0.47472161054611206,0.9399026068737814,0.9378930477786462,0.9380621151972279
795,0.9585546851158142,0.422730416059494,0.9364843964576721,0.47620904445648193,0.9382454432192449,0.936329306001618,0.9364174212594368
796,0.9601953029632568,0.41831862926483154,0.9420312643051147,0.46655163168907166,0.9436401606426617,0.9415575350281176,0.9417775741135833
797,0.9604296684265137,0.4170275032520294,0.939453125,0.46968504786491394,0.9408679127860884,0.9390921432075343,0.9392393558956618
798,0.9572460651397705,0.42474424839019775,0.938671886920929,0.4760035574436188,0.9400175012386438,0.9382849212388561,0.9383768801780089
799,0.958984375,0.41963064670562744,0.9381250143051147,0.47961148619651794,0.939506823554297,0.9378499572699915,0.9379956672513692
800,0.9603710770606995,0.41704344749450684,0.9403906464576721,0.47599953413009644,0.9418463170109226,0.9402005572294425,0.9402967076911227
801,0.9598633050918579,0.4178149104118347,0.9361718893051147,0.47845908999443054,0.937701969476576,0.9360093504607858,0.9359927549418545
802,0.960742175579071,0.4139068126678467,0.9365624785423279,0.4745922386646271,0.9378584539992927,0.9362119162661904,0.9363549195341488
803,0.9599218964576721,0.41446632146835327,0.9418749809265137,0.4654170870780945,0.9432537431149569,0.9416293692730903,0.9416822185512841
804,0.9608398675918579,0.41486552357673645,0.9403125047683716,0.47151893377304077,0.9414568913257603,0.9401756462296427,0.9402127300924623
805,0.9624218940734863,0.41092449426651,0.9412500262260437,0.4700760245323181,0.9426038191520942,0.9410256373377285,0.9411083185448408
806,0.9595898389816284,0.41657716035842896,0.9371874928474426,0.47545719146728516,0.9387612125843888,0.9369610847308751,0.9369846808495177
807,0.9576953053474426,0.4234565496444702,0.9387500286102295,0.4727667570114136,0.9398655487267649,0.9385897489810572,0.9385635935859283
808,0.9566211104393005,0.4265323281288147,0.9366406202316284,0.47364428639411926,0.937955844370673,0.9366348687462671,0.9365892592024974
809,0.9593164324760437,0.4214811623096466,0.9352343678474426,0.48066702485084534,0.9366082791697525,0.9349841092918174,0.9350303760178078
810,0.9551953077316284,0.42903271317481995,0.9403906464576721,0.4755527973175049,0.9419686967098602,0.9402056044391728,0.9402502069821457
811,0.957324206829071,0.4253525137901306,0.9417187571525574,0.46894755959510803,0.9428645181615378,0.9415930032825208,0.9414978170479112
812,0.9587500095367432,0.4210549294948578,0.9392969012260437,0.4732077121734619,0.9401990565437037,0.9391890541015395,0.9391270189569518
813,0.9607617259025574,0.4185224175453186,0.9399999976158142,0.47331464290618896,0.9408524219862129,0.9399477663186006,0.9398378722346027
814,0.9608593583106995,0.41562336683273315,0.9378906488418579,0.4683845639228821,0.9387602357632008,0.9376141388570105,0.9375684180701713
815,0.958984375,0.4212634265422821,0.9395312666893005,0.47159838676452637,0.9407851501615342,0.9393730398853596,0.939333912341231
816,0.9585351347923279,0.42068007588386536,0.9390624761581421,0.47718656063079834,0.9402846616708684,0.9388290221936921,0.9388459611876891
817,0.9597461223602295,0.4174848198890686,0.9383593797683716,0.4732043445110321,0.939724237227812,0.9381781219358751,0.9382216302290449
818,0.9587304592132568,0.4209493398666382,0.9400781393051147,0.46621188521385193,0.9414149469502919,0.9399958959658057,0.9399276151585454
819,0.9613671898841858,0.4130258858203888,0.9409375190734863,0.4714951813220978,0.9423147579066784,0.9408169976667595,0.9408248827490103
820,0.9596874713897705,0.4180888831615448,0.9341406226158142,0.47585880756378174,0.9356457950977891,0.934096378174594,0.934067897336101
821,0.9579101800918579,0.42299914360046387,0.9407031536102295,0.4647998511791229,0.9421680137116641,0.9407345724400572,0.9407176306045986
822,0.9584375023841858,0.42138969898223877,0.9429687261581421,0.460988849401474,0.944278356284617,0.9428371464242915,0.9429071720449578
823,0.9606640338897705,0.4159963130950928,0.9332812428474426,0.48211753368377686,0.9349103665336562,0.933054215304117,0.9330963932012956
824,0.9618750214576721,0.41201621294021606,0.9377343654632568,0.4715074896812439,0.9393560271642857,0.9376168303508958,0.9376482008664963
825,0.9600390791893005,0.4131914973258972,0.9382030963897705,0.46676409244537354,0.93973350845786,0.9379254483931243,0.9380103375427362
826,0.9608203172683716,0.4120151400566101,0.9390624761581421,0.47154486179351807,0.9403514021789479,0.9388874378668435,0.9390087905753719
827,0.9616992473602295,0.4114781320095062,0.9387500286102295,0.46877947449684143,0.9401347594481761,0.9385597193865785,0.9386610903867394
828,0.9599804878234863,0.41747257113456726,0.9388281106948853,0.4729648530483246,0.9401973295095338,0.9386343199562888,0.9386964654058636
829,0.9580273628234863,0.4210613965988159,0.9403906464576721,0.4666757583618164,0.9415958360357208,0.9400715740003178,0.9401464510470549
830,0.9588086009025574,0.4192025065422058,0.9369531273841858,0.4760187268257141,0.938617364658103,0.9367761086701905,0.9368698970608318
831,0.95849609375,0.4190288484096527,0.9392187595367432,0.46978959441185,0.9407713201353751,0.9390569625825718,0.93917105037571
832,0.9599609375,0.41791626811027527,0.9407031536102295,0.47089797258377075,0.9418275261107232,0.9407437599967149,0.9406439597151032
833,0.9594336152076721,0.41932690143585205,0.9385156035423279,0.4744194746017456,0.9400352985868359,0.9383890065990161,0.9383753270495543
834,0.9592187404632568,0.41657721996307373,0.9374218583106995,0.47807350754737854,0.9388286459635989,0.9371481744444743,0.9372085210890632
835,0.9581445455551147,0.41854071617126465,0.9364062547683716,0.4718210995197296,0.9376716389447226,0.9361742778500428,0.9361568528595023
836,0.9599413871765137,0.4153417646884918,0.9392969012260437,0.467044472694397,0.9406047827856052,0.9389845964362944,0.939108966019893
837,0.9614843726158142,0.41014230251312256,0.9395312666893005,0.4704248309135437,0.9407694995213283,0.9391374546511323,0.9392135865332946
838,0.9607031345367432,0.4120064973831177,0.9378906488418579,0.47151753306388855,0.9391508087016045,0.9377951255227024,0.9378137151468402
839,0.9604687690734863,0.4138037860393524,0.9407031536102295,0.4655267298221588,0.9419869742590938,0.9405458150119639,0.9405827677144745
840,0.9606054425239563,0.41337478160858154,0.9372656345367432,0.4732305109500885,0.9388759276784724,0.9370935075011497,0.9371829113638248
841,0.9592187404632568,0.41473814845085144,0.9400781393051147,0.46496060490608215,0.9416328803448051,0.9399420912828736,0.9399426998359541
842,0.9593554735183716,0.4170677661895752,0.9395312666893005,0.4647001028060913,0.940659089821751,0.9392466640863398,0.9393440514149687
843,0.9580664038658142,0.4177352786064148,0.9396874904632568,0.46713852882385254,0.9410605611248843,0.9396024711498793,0.9395540458865757
844,0.9579882621765137,0.4194277226924896,0.9375,0.46947944164276123,0.938898655454663,0.937168304265552,0.9373405056493245
845,0.9564843773841858,0.4235052764415741,0.9403906464576721,0.46888431906700134,0.9416512110691548,0.9403323977527894,0.9403792731042608
846,0.9594336152076721,0.41710159182548523,0.9372656345367432,0.475188672542572,0.9386768960602068,0.9370888571399109,0.9372014942533085
847,0.9580859541893005,0.4231265187263489,0.9378906488418579,0.4801246225833893,0.9394202546696665,0.9377058296329652,0.9377945480769938
848,0.9588281512260437,0.4199618101119995,0.9378125071525574,0.47188809514045715,0.9390866320329387,0.9376000400956215,0.9376503023161917
849,0.9608398675918579,0.41302043199539185,0.939453125,0.4667263925075531,0.9407902873330646,0.9393401462469653,0.9393511029348067
850,0.9618359208106995,0.41122663021087646,0.9398437738418579,0.4654003083705902,0.9409620999979125,0.9395961867500127,0.9396090487044929
851,0.9590820074081421,0.41667553782463074,0.9396093487739563,0.4684644341468811,0.9408927602512794,0.9393837803324703,0.9394148197406267
852,0.9609960913658142,0.41063374280929565,0.9404687285423279,0.46524277329444885,0.941816278289723,0.9403737855391638,0.9403509899348717
853,0.9613085985183716,0.40951862931251526,0.9381250143051147,0.47304123640060425,0.9393902782123632,0.9380522930612009,0.9380697127228733
854,0.9588671922683716,0.41701698303222656,0.9388281106948853,0.47362998127937317,0.9401107355368423,0.9386530218718335,0.9386836932275917
855,0.9607812762260437,0.41349026560783386,0.9371093511581421,0.4707033634185791,0.9383586036769074,0.9369769158382975,0.936948848962092
856,0.9598633050918579,0.4135396182537079,0.9410937428474426,0.4632561206817627,0.9423468549614105,0.9408350936033247,0.9409271118697253
857,0.9594336152076721,0.4128894507884979,0.9391406178474426,0.4656763970851898,0.940343522437262,0.9388462671005177,0.9388849156171861
858,0.958203136920929,0.41874051094055176,0.9407812356948853,0.4654986262321472,0.9419654296964857,0.94058329266334,0.9405921791330887
859,0.9595116972923279,0.4161771833896637,0.9360937476158142,0.4814501702785492,0.9376066129771974,0.9360304577298113,0.9360921794820302
860,0.9576562643051147,0.4214375615119934,0.9414843916893005,0.46908387541770935,0.942829577180091,0.9413388576834739,0.9413625064972618
861,0.9590039253234863,0.41790392994880676,0.9398437738418579,0.46802955865859985,0.941139117989998,0.9396869384976594,0.9396939260939616
862,0.9595507979393005,0.4151211977005005,0.9396093487739563,0.46464020013809204,0.9412087976413628,0.9395618110811115,0.9395765684424803
863,0.959667980670929,0.4153328239917755,0.9414843916893005,0.4600001573562622,0.9428730738605731,0.9411266682787258,0.941249296822211
864,0.9593750238418579,0.41336941719055176,0.9399999976158142,0.46476665139198303,0.9416191888462926,0.9397932674094729,0.9398977334203443
865,0.9618554711341858,0.41115355491638184,0.9387500286102295,0.4667644798755646,0.9400887558918425,0.9386244830980816,0.938609979863704
866,0.9610156416893005,0.4106931984424591,0.9407812356948853,0.46364688873291016,0.9422024837873595,0.9404788714006493,0.9406120012567724
867,0.9618945121765137,0.4075816869735718,0.9392187595367432,0.46747422218322754,0.9403764257779308,0.9390396753783375,0.9390400346365626
868,0.9615429639816284,0.4082862138748169,0.9377343654632568,0.4720349907875061,0.938859347686734,0.9376878300007445,0.9375872200611959
869,0.9607031345367432,0.40914225578308105,0.9389062523841858,0.46478116512298584,0.9404124583455725,0.9387340060208524,0.93872394324446
870,0.9599609375,0.41113150119781494,0.9432031512260437,0.459479421377182,0.9440318419569447,0.9430760569961236,0.9430217114156649
871,0.9600390791893005,0.41118094325065613,0.9396874904632568,0.46122437715530396,0.9406878955940027,0.9395489677280551,0.9395395334188692
872,0.9608203172683716,0.41057658195495605,0.9364843964576721,0.4632204473018646,0.9378222364965126,0.936261589464457,0.9363061015128881
873,0.9616015553474426,0.4087387025356293,0.9397656321525574,0.46050190925598145,0.9410988680250726,0.9396171042682904,0.9396991146859404
874,0.9621679782867432,0.4046674966812134,0.9401562213897705,0.46212753653526306,0.9414859932512222,0.9400734913151917,0.9400359365302138
875,0.959277331829071,0.4125170409679413,0.9378906488418579,0.470834881067276,0.9396830332070434,0.9378001102901005,0.9378516705215381
876,0.9617382884025574,0.4072985053062439,0.9413281083106995,0.4642738699913025,0.9425736667361931,0.9410045547276459,0.9410995667203659
877,0.9600195288658142,0.4103676974773407,0.9382030963897705,0.4645749628543854,0.9396034309850445,0.9380484674693266,0.9379988986530831
878,0.9583593606948853,0.41522589325904846,0.9410937428474426,0.45573878288269043,0.9422547032933717,0.9409332597658832,0.9409320894713324
879,0.9604296684265137,0.4114183783531189,0.9416406154632568,0.4638656973838806,0.9432708965320997,0.941475528813399,0.9415777052655409
880,0.959667980670929,0.41441190242767334,0.9424218535423279,0.45769062638282776,0.9435022892612177,0.9422719835428619,0.9423443648161686
881,0.9564648270606995,0.42139193415641785,0.9384375214576721,0.462817907333374,0.9398456715564768,0.9380524311924954,0.9381834182690667
882,0.959277331829071,0.4168446362018585,0.9378125071525574,0.472040057182312,0.93896707733512,0.9376148965548932,0.9376190417532042
883,0.9592382907867432,0.41447213292121887,0.9405468702316284,0.46456095576286316,0.9415990321680073,0.9402126909815064,0.9402410157213408
884,0.9601367115974426,0.4116470217704773,0.938671886920929,0.4648796021938324,0.9397624465712182,0.9385021829000961,0.9384597279890592
885,0.9632031321525574,0.405353844165802,0.9389843940734863,0.469122976064682,0.9402251953261942,0.938869722544742,0.9389105952292135
886,0.9615429639816284,0.40468165278434753,0.938671886920929,0.4659903347492218,0.9402475431521858,0.9384658795027925,0.9385279562850268
887,0.9604296684265137,0.4081135094165802,0.9385937452316284,0.4745461344718933,0.94011468841947,0.9384094174918118,0.9384747060569368
888,0.9610546827316284,0.4084760546684265,0.9408593773841858,0.45734474062919617,0.9421939470730827,0.9405188355703626,0.9406613711121756
889,0.9619922041893005,0.4070475697517395,0.940234363079071,0.46227332949638367,0.9414512381397879,0.9400591199366038,0.9401284421353295
890,0.9591405987739563,0.41142117977142334,0.9392187595367432,0.4649844467639923,0.9404513736243155,0.9390463773723947,0.9390367141756795
891,0.9587109088897705,0.41805243492126465,0.9358593821525574,0.475779265165329,0.9378733197447199,0.9355345839688535,0.9357263342444089
892,0.9591991901397705,0.41180914640426636,0.9366406202316284,0.47500747442245483,0.9382137120249112,0.9363565181905631,0.9364562231186977
893,0.9584570527076721,0.4159705340862274,0.9370312690734863,0.46861588954925537,0.9384857860271069,0.9367849263803568,0.9368770887453887
894,0.958984375,0.41519972681999207,0.938281238079071,0.4637361168861389,0.9396979811208046,0.9381197924451707,0.9381791540717355
895,0.9615039229393005,0.4096769690513611,0.9390624761581421,0.4644436538219452,0.9404412542731044,0.938983908202158,0.9389700368016649
896,0.9615429639816284,0.4060497283935547,0.9398437738418579,0.46422019600868225,0.9411709532426265,0.9396356377312759,0.9397561864365513
897,0.9624999761581421,0.404113233089447,0.9368749856948853,0.46805569529533386,0.9380968684533966,0.9368004354817736,0.9367239996595198
898,0.9624218940734863,0.4031468331813812,0.9393749833106995,0.4647709131240845,0.9402070454617282,0.9391657061505108,0.9391866462450813
899,0.9588867425918579,0.4136410653591156,0.9400781393051147,0.46414896845817566,0.9413082044283779,0.9396162163425926,0.9398049978287069
900,0.960156261920929,0.41032829880714417,0.9358593821525574,0.4771210849285126,0.9372705030937988,0.9355697280779917,0.9356768496028411
901,0.9614648222923279,0.40323248505592346,0.9396874904632568,0.460495263338089,0.9410451346462172,0.9394787341481965,0.9395737981648833
902,0.961718738079071,0.40596821904182434,0.9415624737739563,0.4560777544975281,0.9430030612047504,0.9413136956836857,0.941461354917373
903,0.9620312452316284,0.40313640236854553,0.9422656297683716,0.45265087485313416,0.9432293204846119,0.9421600398033103,0.9421347438237351
904,0.961718738079071,0.4034193754196167,0.938281238079071,0.4653536081314087,0.9396680019451171,0.9380171552583921,0.9381417150043672
905,0.9599999785423279,0.40704405307769775,0.939453125,0.4620858132839203,0.9407004757067929,0.9393162239378982,0.9393990928145394
906,0.9616015553474426,0.40702298283576965,0.9378906488418579,0.46534278988838196,0.9391119466730735,0.9376560242105751,0.9377354805090695
907,0.9591405987739563,0.41017067432403564,0.9390624761581421,0.46311941742897034,0.9403097264495244,0.9388523089649305,0.9389437141745478
908,0.9604687690734863,0.41121169924736023,0.9381250143051147,0.46981605887413025,0.9394436997467386,0.9379431481898184,0.9380565383253293
909,0.9580664038658142,0.41513243317604065,0.938281238079071,0.4659959673881531,0.9393761809011836,0.9381947037399544,0.9381584612782956
910,0.9599609375,0.41232922673225403,0.9381250143051147,0.4638059735298157,0.9393278593316339,0.9379022313093861,0.9379312543071808
911,0.9588281512260437,0.41203197836875916,0.9385156035423279,0.4677771329879761,0.9399682336216186,0.9383285353759209,0.938354776618523
912,0.9598242044448853,0.4108738303184509,0.9380468726158142,0.46851128339767456,0.9393728052450049,0.9378239981470953,0.937847441844083
913,0.9604101777076721,0.4076535105705261,0.9334375262260437,0.4729308784008026,0.9352850503401497,0.9331504598741305,0.9332296327613794
914,0.962207019329071,0.40462714433670044,0.9384375214576721,0.46108540892601013,0.9399905916687735,0.9381485115939776,0.938295005314634
915,0.9586523175239563,0.4136246144771576,0.9378906488418579,0.4619086980819702,0.9391343471411349,0.9375911700082105,0.9376811797371204
916,0.9604101777076721,0.40821120142936707,0.9348437786102295,0.4701739549636841,0.9364363717068727,0.9345692889335578,0.9346479307315321
917,0.9609179496765137,0.4066486656665802,0.9415624737739563,0.4568006992340088,0.9427330919127648,0.941295536682764,0.9414187443345603
918,0.9594336152076721,0.410281777381897,0.9383593797683716,0.46923959255218506,0.9394507114841454,0.9380824573647205,0.9381508328281951
919,0.9615039229393005,0.40375664830207825,0.9420312643051147,0.4622911214828491,0.9433870477905961,0.9417406874464134,0.9418984535573549
920,0.9625585675239563,0.40129610896110535,0.9390624761581421,0.46180999279022217,0.9399835723849262,0.9388522663040915,0.9388519914639326
921,0.9622656106948853,0.400974839925766,0.9373437762260437,0.4724862277507782,0.9385942768971748,0.9370945805227575,0.937195542781581
922,0.9616015553474426,0.40573203563690186,0.9375781416893005,0.4690183997154236,0.9390608631204435,0.9373562237038476,0.9373453748771265
923,0.9616601467132568,0.4044419527053833,0.9373437762260437,0.46421340107917786,0.9387276942612915,0.9370761915216375,0.9371657513222972
924,0.9596874713897705,0.40787652134895325,0.9385156035423279,0.46336647868156433,0.9395154759641035,0.9381321280879547,0.9382637890820132
925,0.959765613079071,0.40887466073036194,0.9391406178474426,0.46723315119743347,0.9402282181851191,0.9388636808687957,0.9389677653458126
926,0.961132824420929,0.40597429871559143,0.9405468702316284,0.4572352468967438,0.9416909607312348,0.9403124672900418,0.9403510566654045
927,0.9601367115974426,0.4083772897720337,0.9385937452316284,0.46308982372283936,0.9399604725468176,0.9383693671692992,0.9383774114394106
928,0.9595702886581421,0.4120344817638397,0.9411718845367432,0.46150481700897217,0.9424594008123341,0.9407345834945886,0.9409304889460725
929,0.9577734470367432,0.4138060510158539,0.9380468726158142,0.46484309434890747,0.9390115006539775,0.9376903065111466,0.9377805238650868
930,0.9603320360183716,0.40781283378601074,0.9395312666893005,0.46156200766563416,0.9406689225493061,0.9390905536813083,0.9392332617007826
931,0.9593359231948853,0.4101935923099518,0.9381250143051147,0.46691498160362244,0.9395868290765534,0.9378786421068317,0.9380206805984039
932,0.9588867425918579,0.4139583706855774,0.9404687285423279,0.4649360775947571,0.9414876914853625,0.940085863155349,0.940183471997255
933,0.9590039253234863,0.4127456247806549,0.9383593797683716,0.4695179760456085,0.9394616172631521,0.9380368732504011,0.9381102965116305
934,0.960156261920929,0.4088088572025299,0.9370312690734863,0.47206375002861023,0.9382614722496183,0.9369003500437445,0.9368881031834702
935,0.962207019329071,0.40615153312683105,0.9393749833106995,0.46073052287101746,0.9406493002900336,0.9391320915042013,0.9391763159070309
936,0.9587500095367432,0.4109293818473816,0.9380468726158142,0.467324435710907,0.9392887211273274,0.9378680139017136,0.9379022467944705
937,0.9580078125,0.41300323605537415,0.9396093487739563,0.457706481218338,0.9408031312210863,0.9394696639372292,0.939521496470334
938,0.9601757526397705,0.40655139088630676,0.9371874928474426,0.46726441383361816,0.9388410045132272,0.9368747052702144,0.9369883003547674
939,0.9613476395606995,0.4053419530391693,0.9378125071525574,0.46079957485198975,0.9386874983990197,0.93746315979928,0.9375203587123045
940,0.9619531035423279,0.4038230776786804,0.94140625,0.4584905207157135,0.9422239017757534,0.9412291050216068,0.9411388219008642
941,0.9595116972923279,0.4094385504722595,0.9364843964576721,0.4740096628665924,0.9383313351901597,0.9362222110505918,0.9362954064410988
942,0.9616992473602295,0.40323948860168457,0.9384375214576721,0.45815470814704895,0.9396641119920341,0.9382370928151296,0.9382427365583534
943,0.9610351324081421,0.40336379408836365,0.9407812356948853,0.4516604542732239,0.9420976116660722,0.9404982042905164,0.9405607591375698
944,0.9607617259025574,0.4049159586429596,0.9398437738418579,0.4527985751628876,0.9410561725676303,0.9395357787453994,0.9396609647792015
945,0.9618554711341858,0.3990374505519867,0.9432812333106995,0.4529167115688324,0.9444534298586762,0.9431154285399721,0.9431558796237133
946,0.9634960889816284,0.3964568078517914,0.942187488079071,0.4548172056674957,0.9432658449962688,0.9417683993814125,0.9419337157335794
947,0.9622851610183716,0.3993823528289795,0.944531261920929,0.44519564509391785,0.9455664298641518,0.9441324048520076,0.9443062889258311
948,0.9619922041893005,0.4025117754936218,0.9410156011581421,0.461345911026001,0.9421142789576892,0.9408211676846473,0.9408554234689042
949,0.9613281488418579,0.40590161085128784,0.9393749833106995,0.463139146566391,0.9407865583951012,0.9391392256754816,0.9392757043914686
950,0.9576562643051147,0.41045910120010376,0.9362499713897705,0.47072941064834595,0.937541485997759,0.9358688255772583,0.9359702822478209
951,0.9598047137260437,0.4065403342247009,0.9360156059265137,0.4638911485671997,0.9370522249071856,0.9358487491330069,0.935848479161505
952,0.9603710770606995,0.40505680441856384,0.9392187595367432,0.45921561121940613,0.9403478312483211,0.9389202998524094,0.9389728445107536
953,0.96044921875,0.4059024453163147,0.9390624761581421,0.46036651730537415,0.9403010866776125,0.9387350287610083,0.9388356422602807
954,0.9615039229393005,0.40593111515045166,0.9389062523841858,0.4591279625892639,0.9400195885299523,0.9386412189988455,0.9387115528559804
955,0.9609375,0.40465572476387024,0.9377343654632568,0.45880088210105896,0.9389887224504212,0.9374939702573682,0.9375756670191666
956,0.9602734446525574,0.40661609172821045,0.940234363079071,0.46029132604599,0.9414449184401458,0.9401279103184477,0.9401688505483298
957,0.9590429663658142,0.41121265292167664,0.9384375214576721,0.4635084867477417,0.9399377632546143,0.9382825503396719,0.9382527446970547
958,0.9611718654632568,0.40520453453063965,0.9423437714576721,0.454351007938385,0.9435036662595342,0.9420853850700168,0.9421166286825635
959,0.9617773294448853,0.4033322036266327,0.9408593773841858,0.45144757628440857,0.9421200901505107,0.9407423983001604,0.9407846994105425
960,0.9614843726158142,0.4017026126384735,0.9398437738418579,0.4595257639884949,0.9411109334564107,0.9395954007073622,0.9397217868900649
961,0.9636328220367432,0.3965511620044708,0.9401562213897705,0.452551007270813,0.9413244202998847,0.9399233520721308,0.9399632984155601
962,0.9633007645606995,0.39694729447364807,0.9392187595367432,0.45732516050338745,0.9405303379931309,0.9389690251135165,0.9390566956603397
963,0.9634570479393005,0.3942650854587555,0.9392187595367432,0.4557265043258667,0.9405551843637027,0.9391373839177913,0.93909435847216
964,0.9609765410423279,0.40107306838035583,0.9391406178474426,0.45650818943977356,0.9406718409434071,0.9390096296811048,0.9390925172383764
965,0.9612695574760437,0.4008956551551819,0.9392187595367432,0.4570509195327759,0.9404546675205216,0.9390692620078782,0.9391093513028836
966,0.9604687690734863,0.40482211112976074,0.9382030963897705,0.4592098891735077,0.9394735221270015,0.9379444803445325,0.9380699152138972
967,0.9621484279632568,0.40029317140579224,0.9392969012260437,0.4633360803127289,0.9413629616389035,0.9390613290775567,0.9392220970373449
968,0.9609765410423279,0.4001295566558838,0.9409375190734863,0.45432591438293457,0.9424960366472547,0.9406023921356386,0.9407835276485591
969,0.96142578125,0.40360262989997864,0.9399218559265137,0.45811331272125244,0.9412891157240588,0.9394349165951594,0.9396488499749086
970,0.959179699420929,0.40529417991638184,0.9439843893051147,0.44868114590644836,0.9452027506843187,0.9437390774536012,0.9437800174492108
971,0.9612890481948853,0.4018850028514862,0.9443749785423279,0.4459105432033539,0.945385504981855,0.9441131074196568,0.9441374002451891
972,0.9615234136581421,0.40100517868995667,0.938671886920929,0.4533282220363617,0.9398185357286074,0.9384553942965451,0.9385310259726112
973,0.9589257836341858,0.40774983167648315,0.9390624761581421,0.46071967482566833,0.9403541693282128,0.9387345641523492,0.9388129908255645
974,0.9607812762260437,0.40650561451911926,0.9389843940734863,0.45726704597473145,0.9403663433175163,0.9387680460713351,0.9388798984578419
975,0.9594531059265137,0.40847328305244446,0.9370312690734863,0.4596090614795685,0.938627031620368,0.9366924059826981,0.9368125068009485
976,0.9599804878234863,0.4069885015487671,0.9375,0.463922917842865,0.9387144102919205,0.9372771355818004,0.9372940354660803
977,0.9596288800239563,0.40756773948669434,0.9373437762260437,0.46535855531692505,0.9389430506555905,0.9369262525986619,0.937110513604215
978,0.9599804878234863,0.40508583188056946,0.9380468726158142,0.4623366594314575,0.9393530753668828,0.9377428309502659,0.9378290493740862
979,0.9601367115974426,0.40381455421447754,0.9391406178474426,0.4598817825317383,0.9400175297307858,0.9388493715493802,0.9389196851026158
980,0.9609765410423279,0.40578269958496094,0.9391406178474426,0.45583412051200867,0.9402633890666805,0.9387771551135174,0.938833983926706
981,0.9620507955551147,0.39983704686164856,0.9346874952316284,0.4669231176376343,0.9360822401311016,0.9344313772139272,0.9344647164292661
982,0.9617578387260437,0.3981693387031555,0.9408593773841858,0.451343297958374,0.9419165202130939,0.9406017179114283,0.940606985488875
983,0.9606054425239563,0.4016402065753937,0.94140625,0.4541674852371216,0.9425639634612991,0.9411563556847451,0.9411909233644199
984,0.9604101777076721,0.4055095613002777,0.939453125,0.46019402146339417,0.9407407201136029,0.9391693334910765,0.9392065311638713
985,0.9619336128234863,0.39954784512519836,0.9378906488418579,0.4565345346927643,0.9391726328978953,0.9374794913184374,0.9375950536534806
986,0.9603710770606995,0.40444087982177734,0.9419531226158142,0.4580021798610687,0.9430799149226715,0.941721529767506,0.9418159728309985
987,0.9614453315734863,0.401920884847641,0.9396874904632568,0.45998507738113403,0.9409109668863549,0.9394992585374605,0.9395551080153135
988,0.9621875286102295,0.3990699052810669,0.9364062547683716,0.4674295485019684,0.9378472339067421,0.9361027406908651,0.9361631603836399
989,0.9604687690734863,0.4053576588630676,0.9398437738418579,0.45590290427207947,0.9408102401023228,0.9395298211731967,0.939542673107163
990,0.9628320336341858,0.3976152539253235,0.9393749833106995,0.4564911127090454,0.9407051947597878,0.9391499145992612,0.9392075074004722
991,0.9632226824760437,0.39718300104141235,0.938671886920929,0.4512211084365845,0.9398166955179947,0.9382568293608569,0.9383549577609008
992,0.96142578125,0.39877474308013916,0.9390624761581421,0.45997101068496704,0.9403802900601166,0.9387970482034542,0.938810847245631
993,0.9624413847923279,0.3986110985279083,0.9404687285423279,0.45961055159568787,0.9415322834060715,0.9402375809961045,0.9403002318367905
994,0.9604882597923279,0.4007904529571533,0.9389062523841858,0.4560660123825073,0.9402437684588687,0.9386351776732526,0.9386986184357529
995,0.9610546827316284,0.40071800351142883,0.9405468702316284,0.45808836817741394,0.941700463065661,0.9402087498580292,0.9402592713869189
996,0.9608203172683716,0.4005124568939209,0.9437500238418579,0.4535731077194214,0.9450772129174251,0.943516748346922,0.9435044782719044
997,0.9605664014816284,0.40036866068840027,0.9384375214576721,0.45635032653808594,0.9398258458121846,0.9381358285500602,0.9381494974056502
998,0.9606249928474426,0.40060940384864807,0.9348437786102295,0.46324339509010315,0.9364773055446638,0.9346741376776637,0.9347140931506943
999,0.9604296684265137,0.4041650891304016,0.9427343606948853,0.45248210430145264,0.9440020168915675,0.9424717718227927,0.942446331552575
