epoch,accuracy,loss,val_accuracy,val_loss,val_precision,val_recall,val_f1
0,0.004062499850988388,11.13204574584961,0.0045312498696148396,10.591411590576172,0.004052827779379134,0.004533113337476955,0.0035146126675453153
1,0.005527343600988388,10.720237731933594,0.006562499795109034,10.325616836547852,0.006182781784584328,0.006514980084784313,0.005937349544626131
2,0.0077929687686264515,10.390970230102539,0.0064062499441206455,10.102461814880371,0.006287213615037608,0.006352075379117826,0.005988950211832377
3,0.010898437350988388,10.070371627807617,0.006796875037252903,9.889266014099121,0.006369284380359205,0.006692385320842536,0.006303559282212537
4,0.013632812537252903,9.777336120605469,0.008671875111758709,9.680110931396484,0.008639974837191951,0.008539447039071954,0.008252370573766344
5,0.017519531771540642,9.494050025939941,0.009531250223517418,9.473896980285645,0.0100293658602971,0.009458259527904703,0.009450165159067943
6,0.023808592930436134,9.210922241210938,0.011484375223517418,9.26793098449707,0.011165008844580968,0.011254549639279462,0.01074590524960109
7,0.03150390461087227,8.93652057647705,0.01406249962747097,9.056187629699707,0.013102083493085783,0.01379641896731712,0.013032697781560413
8,0.04078124836087227,8.64424991607666,0.019453125074505806,8.83085823059082,0.019120988606389062,0.019113051328739167,0.01817481656907235
9,0.05126953125,8.355741500854492,0.02656250074505806,8.582975387573242,0.026449918355165115,0.026159817002593663,0.024755058891619785
10,0.06878906488418579,8.033343315124512,0.03460937365889549,8.3034029006958,0.03344225756775039,0.03406441017657849,0.031547637886054615
11,0.09341797232627869,7.693477630615234,0.04843749850988388,7.99061393737793,0.04581961326571073,0.04766583408521216,0.04340114537284555
12,0.12052734196186066,7.327895641326904,0.06687500327825546,7.643215179443359,0.06521172041539691,0.06573620817487738,0.06048705765753358
13,0.15371093153953552,6.960937976837158,0.08453124761581421,7.2814178466796875,0.08254836784313804,0.08315980985416396,0.07716324025602847
14,0.18925781548023224,6.583763599395752,0.11367187649011612,6.922038555145264,0.11044401025199277,0.11168482952859654,0.1038116135229391
15,0.22798828780651093,6.222970008850098,0.14234374463558197,6.570798397064209,0.14087735689747632,0.1398381603711224,0.1319534723368347
16,0.2701757848262787,5.876987457275391,0.1784375011920929,6.230398178100586,0.17767377407862753,0.1756870303908411,0.16762320075647064
17,0.31556642055511475,5.5407915115356445,0.2155468761920929,5.904085636138916,0.21536275757832266,0.21248214143845143,0.20463570089052843
18,0.3563476502895355,5.22538948059082,0.2632812559604645,5.580991744995117,0.2630000815043355,0.2600178127144733,0.25242616188265743
19,0.40833985805511475,4.910459041595459,0.30671873688697815,5.2741193771362305,0.3082082836364649,0.3033817709175327,0.2960543629548778
20,0.45119139552116394,4.629846572875977,0.34914061427116394,4.985940456390381,0.35173409071617423,0.3458569698792099,0.3399086244778751
21,0.4920312464237213,4.359954357147217,0.39601561427116394,4.717258453369141,0.3997859246087381,0.3925337596354832,0.38780130489796155
22,0.5330469012260437,4.1158318519592285,0.4369531273841858,4.4664998054504395,0.44187692313176785,0.43363411772415744,0.42875495898461813
23,0.569140613079071,3.882005214691162,0.47289061546325684,4.2315168380737305,0.4769702724451125,0.46936647025759903,0.4653956523762116
24,0.6056249737739563,3.6734845638275146,0.5030468702316284,4.024183750152588,0.5101872986201321,0.49979026636446566,0.49689184348397286
25,0.6321874856948853,3.484611749649048,0.5364062786102295,3.826345443725586,0.5416961949569368,0.5331305392184091,0.5304842617952947
26,0.6629297137260437,3.3000588417053223,0.5639062523841858,3.652557373046875,0.5701055046036968,0.5612715764791112,0.5595784300674562
27,0.6832422018051147,3.1421563625335693,0.5871875286102295,3.489497423171997,0.5924645538867157,0.5843375483885545,0.5826855135991384
28,0.7048437595367432,2.993884801864624,0.6051562428474426,3.3397433757781982,0.6096010767318635,0.6023868229043012,0.6009898095660555
29,0.7265234589576721,2.8518786430358887,0.6262500286102295,3.1974098682403564,0.6304698617541522,0.6238961375373293,0.622705587363555
30,0.7433398365974426,2.7323999404907227,0.6403124928474426,3.069521427154541,0.6448919945979503,0.638055668237922,0.6373034353210786
31,0.7634570598602295,2.602260112762451,0.6578906178474426,2.9488046169281006,0.6626205998137974,0.655517177398338,0.6546973774499909
32,0.7728515863418579,2.5005788803100586,0.6673437356948853,2.843470573425293,0.6718318267337244,0.6651590252210758,0.6645729809954798
33,0.7901952862739563,2.3891658782958984,0.6839843988418579,2.7341959476470947,0.6887025412073335,0.68173095313042,0.6813266340255533
34,0.7999804615974426,2.2914421558380127,0.6918749809265137,2.6374776363372803,0.6964861763324002,0.6897467042164152,0.6895713596890775
35,0.8127343654632568,2.2014451026916504,0.7015625238418579,2.549191474914551,0.7068457157762236,0.699789697206159,0.6993359406750408
36,0.8208398222923279,2.120925188064575,0.7096874713897705,2.461977481842041,0.7146931893576727,0.707893394996242,0.7076201111881697
37,0.8315625190734863,2.042790174484253,0.7149218916893005,2.3788557052612305,0.7186587024522622,0.7129117540921189,0.7125379712184806
38,0.8382031321525574,1.968559741973877,0.7292187213897705,2.2947821617126465,0.7337734982499382,0.7275166040611765,0.7275504021005212
39,0.8497851490974426,1.8916758298873901,0.7300000190734863,2.230309247970581,0.7346408165533417,0.7284517296162577,0.7282031147798882
40,0.8583202958106995,1.8194926977157593,0.7398437261581421,2.1610610485076904,0.7446467806646749,0.7383254425750249,0.738461195271551
41,0.8613085746765137,1.7591995000839233,0.7473437786102295,2.096254587173462,0.7517225151237987,0.7460621619077807,0.7459718725597225
42,0.8667968511581421,1.703720211982727,0.7475781440734863,2.0421390533447266,0.7509740124877655,0.7460584885951309,0.7459543136928649
43,0.8718554973602295,1.6463615894317627,0.7529687285423279,1.9786486625671387,0.7573195269193587,0.7515190273320089,0.7515530695655621
44,0.875781238079071,1.5935919284820557,0.7537500262260437,1.9351195096969604,0.758121042863133,0.7523940130065581,0.7525651325751622
45,0.8810937404632568,1.541880488395691,0.7608593702316284,1.880627155303955,0.7645170148110277,0.7593888997988998,0.7592088095882552
46,0.8852148652076721,1.4941356182098389,0.760937511920929,1.8296791315078735,0.7647083511649314,0.7597311283679617,0.7597237645966228
47,0.8900195360183716,1.4435944557189941,0.7685156464576721,1.7753757238388062,0.7729684829897019,0.767381947827745,0.7672584594628149
48,0.8949413895606995,1.400170087814331,0.7721874713897705,1.7305476665496826,0.7761552242957408,0.771027964735959,0.7710245388834821
49,0.8951953053474426,1.3639991283416748,0.7747656106948853,1.6985960006713867,0.7782574626392005,0.7735553261711672,0.7736845937128243
50,0.8996679782867432,1.3243237733840942,0.7746875286102295,1.6548763513565063,0.7784908515191804,0.7736172637371558,0.7735753127868237
51,0.9014062285423279,1.288306474685669,0.7791406512260437,1.6139224767684937,0.7823223196176481,0.7779509685731951,0.7778680324135678
52,0.9056249856948853,1.2528105974197388,0.782031238079071,1.5755834579467773,0.7856683914499912,0.7807224459187665,0.7806919289415202
53,0.9053906202316284,1.2201790809631348,0.7842968702316284,1.5464890003204346,0.7880639835869585,0.7832612300009699,0.7831839397867201
54,0.9086132645606995,1.1892945766448975,0.7905468940734863,1.5097150802612305,0.7947363076180108,0.7895073310786269,0.7895993541261039
55,0.9113671779632568,1.1593811511993408,0.794921875,1.4700522422790527,0.7988651438780375,0.7937624244648371,0.7939705958635122
56,0.9126562476158142,1.129124402999878,0.7904687523841858,1.4535119533538818,0.7943667479745461,0.7893637281862236,0.7895424705235958
57,0.9147851467132568,1.1047579050064087,0.8003125190734863,1.4090951681137085,0.8034053380862549,0.7990036830355525,0.799237548272654
58,0.9150000214576721,1.0802122354507446,0.8043749928474426,1.3868417739868164,0.8076664465277982,0.8033590157511981,0.8034017501535041
59,0.9161718487739563,1.055858850479126,0.8032812476158142,1.3634816408157349,0.8070788142730559,0.8023510909675361,0.8023463032074105
60,0.9168750047683716,1.0333127975463867,0.7994531393051147,1.344809889793396,0.8027677358230456,0.798288390240085,0.7983029139362122
61,0.9218554496765137,1.0077263116836548,0.8038281202316284,1.3194448947906494,0.8072324300694913,0.8027055807163102,0.8029517419926749
62,0.9203906059265137,0.9876561164855957,0.8073437213897705,1.2927541732788086,0.8113792362282439,0.8061072609178852,0.8062800704928368
63,0.9203320145606995,0.9702996015548706,0.8063281178474426,1.274077296257019,0.8098640704108441,0.805525505968745,0.8056702505823248
64,0.9227734208106995,0.9513625502586365,0.8037499785423279,1.2530148029327393,0.807718898668495,0.8028117534675354,0.8030103087640157
65,0.9204491972923279,0.9374098181724548,0.8067187666893005,1.2397006750106812,0.8092926621048994,0.8057605805105731,0.8056961472797721
66,0.9219921827316284,0.9218535423278809,0.8117969036102295,1.217829942703247,0.8151376511980196,0.8105991770939699,0.8108674682144392
67,0.9233788847923279,0.9057899713516235,0.8121874928474426,1.1969658136367798,0.8164701235828357,0.810897949341981,0.8111477598274368
68,0.9240429401397705,0.8892903923988342,0.8135156035423279,1.1815333366394043,0.8163281194132913,0.8127043937684701,0.8126075369459925
69,0.9239257574081421,0.8777698278427124,0.8142969012260437,1.1662781238555908,0.8176751369040125,0.8132286992952944,0.8136402710916525
70,0.9286913871765137,0.85608971118927,0.8166406154632568,1.1452224254608154,0.8200951359241353,0.8156814114421387,0.815940502004691
71,0.9284374713897705,0.8388645648956299,0.8188281059265137,1.12677001953125,0.8219835938897454,0.8181487017566629,0.818091678021857
72,0.9277734160423279,0.8315650820732117,0.8193749785423279,1.1231290102005005,0.8226483172387141,0.8184065621875438,0.8184802862469936
73,0.929394543170929,0.8165492415428162,0.8246093988418579,1.0997695922851562,0.8279592470782011,0.823566084298182,0.8236767876961386
74,0.9292382597923279,0.8034161925315857,0.8232031464576721,1.0942332744598389,0.8266015778098952,0.8226741201611727,0.8228827750455687
75,0.9318163990974426,0.7926403284072876,0.828906238079071,1.0700807571411133,0.8329188868765451,0.8278646383543298,0.8278888479090226
76,0.9305664300918579,0.7854263782501221,0.829296886920929,1.0564216375350952,0.8322328066505232,0.8284074677415862,0.8284337613675229
77,0.9331445097923279,0.7709665894508362,0.8238281011581421,1.0688281059265137,0.8268577412892724,0.822960622885828,0.8229968323288834
78,0.931835949420929,0.7639029026031494,0.8285937309265137,1.0457606315612793,0.8319540552110625,0.8276217813452617,0.8278001451632742
79,0.9333202838897705,0.7527335286140442,0.830078125,1.0311447381973267,0.83307982050236,0.8290078193166346,0.8291367374288034
80,0.9332812428474426,0.7418762445449829,0.8335156440734863,1.0176278352737427,0.8368104261577459,0.8328295410269804,0.8329241927403028
81,0.933398425579071,0.7383036017417908,0.827343761920929,1.0164744853973389,0.830109259484455,0.8266638206111339,0.8268398922325471
82,0.9326367378234863,0.7290074825286865,0.8297656178474426,1.009299874305725,0.8331805150766263,0.8287451214187446,0.8288901889105929
83,0.9323632717132568,0.7225379347801208,0.8292187452316284,1.0069105625152588,0.8325647455122377,0.8284154795123879,0.828540851508424
84,0.9328906536102295,0.7146162390708923,0.8321874737739563,0.9936526417732239,0.835751554257625,0.8311667406105847,0.8313543121638144
85,0.9346874952316284,0.7051843404769897,0.8345312476158142,0.9876978993415833,0.8374224922692616,0.8336284676242265,0.8337279291782713
86,0.9332422018051147,0.7042189836502075,0.8335937261581421,0.9771928191184998,0.836400033009916,0.8324885714818422,0.8325616168914349
87,0.9345117211341858,0.6952486634254456,0.8375781178474426,0.9683815240859985,0.840401807700903,0.8369236109790841,0.8369745272365543
88,0.93359375,0.6904621720314026,0.8353124856948853,0.964844822883606,0.838352110848315,0.8343858804044602,0.8346129563587785
89,0.9380859136581421,0.6774874329566956,0.83984375,0.94354647397995,0.8429667078664116,0.839260771719452,0.8392951845925085
90,0.9340234398841858,0.6759567856788635,0.8348437547683716,0.9547955989837646,0.838000235672594,0.8343315392956315,0.8345786967326361
91,0.9352734088897705,0.6688831448554993,0.8379687666893005,0.9419265985488892,0.840799312381822,0.8371269604985103,0.837169445858569
92,0.9364843964576721,0.6638786792755127,0.8428124785423279,0.9272449612617493,0.8457876189223248,0.8421434101154481,0.8421981335062607
93,0.9365234375,0.6562728881835938,0.8375781178474426,0.9290058612823486,0.8413835233986507,0.8369580277709476,0.837014316597368
94,0.9368749856948853,0.6551238894462585,0.8426562547683716,0.9154775142669678,0.8461396777897323,0.8420778361980086,0.8422637401754904
95,0.9393163919448853,0.6443126797676086,0.839062511920929,0.9115390777587891,0.8415818401737484,0.8385786566347337,0.8384611832451543
96,0.9379101395606995,0.644284725189209,0.8496875166893005,0.8938097953796387,0.8526219575915329,0.8489740160970939,0.8492161624681189
97,0.93896484375,0.6345980167388916,0.8499218821525574,0.8853272795677185,0.8525270869068686,0.8491028512399923,0.8493012522495227
98,0.9384570121765137,0.6321911811828613,0.844921886920929,0.896197497844696,0.8477376793984696,0.8440423893310534,0.8442946307111306
99,0.9380078315734863,0.6288477182388306,0.8466406464576721,0.8898963332176208,0.8493053423954089,0.8457168134536114,0.8459011501346247
100,0.9381054639816284,0.6270009875297546,0.8448437452316284,0.8880685567855835,0.8476593159911194,0.8440045191733405,0.844269805346739
101,0.9388281106948853,0.6222372055053711,0.8497655987739563,0.8763054609298706,0.8523376379097236,0.8490139480199774,0.8489750066252824
102,0.9389452934265137,0.6213631629943848,0.8458593487739563,0.8801912665367126,0.8484712756965724,0.8450151841047527,0.8454647860143685
103,0.9404101371765137,0.609751284122467,0.8518750071525574,0.8772618174552917,0.8548653757611464,0.8512401683320621,0.8513928291834456
104,0.9398437738418579,0.6099741458892822,0.8541406393051147,0.8581417798995972,0.8567053860793308,0.8534760510778745,0.8534903583577804
105,0.9390624761581421,0.6078968048095703,0.8465625047683716,0.8719624280929565,0.8496802763244835,0.845847502392781,0.8459334945111723
106,0.9393163919448853,0.6042876243591309,0.8526562452316284,0.8562026023864746,0.8555717476534941,0.851671982942314,0.8518845118728442
107,0.940234363079071,0.6030522584915161,0.8492187261581421,0.8503204584121704,0.8522337608598636,0.8485815727677182,0.8488234167143145
108,0.9388476610183716,0.6032426357269287,0.8529687523841858,0.848501980304718,0.8559257442354369,0.8519169579704793,0.8521644672344937
109,0.9404687285423279,0.5948455929756165,0.8499218821525574,0.8503413200378418,0.8525846735497203,0.8492170649993087,0.8493262552909122
110,0.9392187595367432,0.5940455198287964,0.8560156226158142,0.8382089138031006,0.8588590560864936,0.8554320345876868,0.8555001096550598
111,0.9391992092132568,0.5922350883483887,0.848828136920929,0.8505036234855652,0.8523372607523552,0.8481453436333917,0.848308938257125
112,0.9418749809265137,0.5832558870315552,0.8556249737739563,0.8359290361404419,0.8588028697458405,0.8548933932063434,0.8549665552256868
113,0.9416210651397705,0.5833230018615723,0.8542187213897705,0.8276446461677551,0.8572214188551365,0.8536299656074902,0.8538372875621163
114,0.9415820240974426,0.5832992196083069,0.8587499856948853,0.8276631832122803,0.861433410092556,0.8580027238651157,0.8581311968533297
115,0.9404492378234863,0.580417275428772,0.8545312285423279,0.8371570110321045,0.8573090523189641,0.8536288157372354,0.8537540147825413
116,0.9419140815734863,0.5793457627296448,0.8567187786102295,0.8317411541938782,0.8593686284885119,0.8562472104073237,0.8561900410956269
117,0.9408984184265137,0.5748841166496277,0.8606250286102295,0.818987250328064,0.8632676164456529,0.8599606976591607,0.8600843621014606
118,0.93994140625,0.5789238214492798,0.8582812547683716,0.8163373470306396,0.8610694019651417,0.857441552359156,0.8576191839067371
119,0.9415234327316284,0.5724875926971436,0.8570312261581421,0.8189375996589661,0.8599325539733396,0.8562377459152517,0.8564900680935306
120,0.941113293170929,0.5702456831932068,0.8632031083106995,0.8114137053489685,0.8657209023020608,0.8623883297383869,0.8626188573510201
121,0.9402929544448853,0.5731198787689209,0.8607031106948853,0.8053258657455444,0.8632573862316796,0.8599943361949302,0.8601896951367329
122,0.9429882764816284,0.5662004947662354,0.8607031106948853,0.8104976415634155,0.8634903430473039,0.8602975418262464,0.8602686575158499
123,0.9424218535423279,0.5672195553779602,0.8581249713897705,0.82225501537323,0.8611479160205139,0.857233732134008,0.8574407532828285
124,0.9426953196525574,0.5615560412406921,0.8587499856948853,0.8059921860694885,0.8612366186183338,0.85808784535341,0.8582603183247332
125,0.9415429830551147,0.5600794553756714,0.8671093583106995,0.7905175089836121,0.8699119056779963,0.8664778929255141,0.8667203269146698
126,0.9442968964576721,0.5566564798355103,0.8614843487739563,0.7927286028862,0.8640100291563875,0.8606617158311654,0.8608008150139754
127,0.943359375,0.5561769604682922,0.8619531393051147,0.8007373809814453,0.8652154456638901,0.8615378827250669,0.8617162765212121
128,0.9434765577316284,0.5517982244491577,0.8681250214576721,0.7845937609672546,0.8707791414379781,0.8673914251573693,0.8676169780466209
129,0.9451953172683716,0.5466427206993103,0.8660937547683716,0.7777323722839355,0.8685632695111635,0.8654086720758758,0.8656150553629907
130,0.9449218511581421,0.5470783114433289,0.8611719012260437,0.7921621203422546,0.8641378933198502,0.860377806836937,0.8607532485902109
131,0.9454296827316284,0.5454452633857727,0.8638281226158142,0.7822235226631165,0.866776863882289,0.8631540461472396,0.8634763671214714
132,0.9454687237739563,0.5433738231658936,0.8631250262260437,0.7821143269538879,0.8659404773517064,0.8626049611529503,0.8628153712843126
133,0.9446094036102295,0.5431444644927979,0.8671875,0.7746652364730835,0.8697143050604652,0.8666334027874129,0.8666854789349846
134,0.9442968964576721,0.5426812171936035,0.8682031035423279,0.7756162881851196,0.8710655129191398,0.86761676145138,0.8678676222096587
135,0.9445117115974426,0.5408869981765747,0.8637499809265137,0.7776858806610107,0.8664203879539278,0.8631587477508753,0.8633258399317847
136,0.9433007836341858,0.5447739958763123,0.8627343773841858,0.7791413068771362,0.865627679897947,0.8620691646233453,0.8623229100107161
137,0.9413086175918579,0.5483459234237671,0.8666406273841858,0.7730807662010193,0.8695883130854964,0.8661328988969927,0.8662980993403737
138,0.9448046684265137,0.5410425662994385,0.8689062595367432,0.7704731822013855,0.8717774719422455,0.8682124232312048,0.8684926515682023
139,0.9438086152076721,0.5421308279037476,0.8681250214576721,0.7667921185493469,0.8710763743789143,0.8675870794351725,0.8676675112221007
140,0.9482226371765137,0.5290683507919312,0.8732030987739563,0.7526076436042786,0.8759786652469066,0.8724563652234036,0.8727073660613223
141,0.9462890625,0.5332424640655518,0.8692187666893005,0.7669854164123535,0.8718056482704123,0.8686784200035935,0.8688384385530852
142,0.9444531202316284,0.5351015329360962,0.8661718964576721,0.7677366733551025,0.8689013909803591,0.8657410664816094,0.8660205149518772
143,0.9438866972923279,0.5367026329040527,0.8692968487739563,0.7637107372283936,0.8719615387700261,0.8686711688428159,0.8688883060311994
144,0.9447265863418579,0.5350353717803955,0.8713281154632568,0.7580585479736328,0.8737651914748429,0.8707978958526034,0.8710276731405135
145,0.94580078125,0.5317872166633606,0.8686718940734863,0.7602545022964478,0.8708966788545309,0.867911273237324,0.868133289303292
146,0.9452148675918579,0.5325461030006409,0.8708593845367432,0.7564308047294617,0.8731623179526434,0.8703350911454458,0.8705559667684735
147,0.9440038800239563,0.5344811081886292,0.8714843988418579,0.7537297606468201,0.8736938517175313,0.8709830383973959,0.8711528971024076
148,0.9449414014816284,0.5319218635559082,0.8740624785423279,0.7555733323097229,0.8767799708690278,0.8733663768262552,0.8736193702078869
149,0.9454101324081421,0.5272300243377686,0.8711718916893005,0.7518494129180908,0.8739174548784676,0.8706153387040234,0.8707966472677557
150,0.9474218487739563,0.5241638422012329,0.8754687309265137,0.7442667484283447,0.877821032722478,0.8748276265461505,0.8750904311086412
151,0.9447265863418579,0.527296781539917,0.8752343654632568,0.7466722130775452,0.8778204554042943,0.8746809558224673,0.8748733341293454
152,0.9469140768051147,0.5226506590843201,0.8705468773841858,0.7536582350730896,0.8739320238943822,0.8699084744325337,0.8702241118794576
153,0.9450976848602295,0.528499960899353,0.8728906512260437,0.7499698400497437,0.874819107089262,0.8722470049567286,0.8721918671860749
154,0.9464062452316284,0.5230783224105835,0.8685156106948853,0.7652712464332581,0.871545360081916,0.8679109158594794,0.8680358892524376
155,0.9461523294448853,0.5230592489242554,0.8729687333106995,0.7381932139396667,0.8756716050918203,0.8723637588127116,0.8724279000738764
156,0.9474413990974426,0.5202502608299255,0.8756250143051147,0.7473435401916504,0.8783931631724697,0.8745703516572966,0.8748970977805751
157,0.9456640481948853,0.520272433757782,0.8726562261581421,0.7442935705184937,0.8751069678123519,0.8718718811051137,0.8720426238001998
158,0.9462304711341858,0.5235128998756409,0.8757030963897705,0.741413950920105,0.8782517126006526,0.8753401528318084,0.8754462121952564
159,0.9474804401397705,0.5185726881027222,0.8758593797683716,0.7411394715309143,0.8783195357745659,0.8752061171595407,0.8753540732534646
160,0.9461132884025574,0.5194966197013855,0.873828113079071,0.7436860799789429,0.8764467226658295,0.8730485141812593,0.873272916013645
161,0.94580078125,0.5216586589813232,0.8793749809265137,0.726209819316864,0.8822316350882083,0.8785141666086423,0.878803155491357
162,0.9464648365974426,0.5185287594795227,0.8749218583106995,0.7430534958839417,0.8772079017806882,0.874303890006888,0.8744299137705023
163,0.9463672041893005,0.5197033882141113,0.8778125047683716,0.7396900653839111,0.8803743809813884,0.8772645869276663,0.8774247537231818
164,0.9469335675239563,0.5179842710494995,0.8757030963897705,0.7430588603019714,0.8784697202691187,0.8750689816420432,0.8754016056569853
165,0.9461328387260437,0.5194564461708069,0.8778125047683716,0.7393879890441895,0.8800695390430306,0.8773145896018721,0.8774427885360552
166,0.9459765553474426,0.5188392400741577,0.880078136920929,0.7204305529594421,0.882304887635543,0.8796211792970631,0.8798509625498009
167,0.947070300579071,0.5150647163391113,0.8767969012260437,0.7299354076385498,0.8789702965598285,0.8762916271190833,0.8764725970194182
168,0.9480664134025574,0.5131121277809143,0.883984386920929,0.7200409770011902,0.8857290857726456,0.8833876065704782,0.8835241313189259
169,0.947558581829071,0.5125656723976135,0.881640613079071,0.7250434160232544,0.8837491363258174,0.8809875313717932,0.8812956043447775
170,0.9484961032867432,0.5095515847206116,0.8776562213897705,0.7334411144256592,0.8800729303825017,0.8770004994298057,0.8772232296266025
171,0.9455664157867432,0.5173701643943787,0.8821094036102295,0.7295880317687988,0.8845071335833717,0.8814754011463641,0.8815680730937829
172,0.9465234279632568,0.5133811831474304,0.8810937404632568,0.7274922132492065,0.8832843686966882,0.8802997327952734,0.880481874136035
173,0.9477343559265137,0.5134941339492798,0.8811718821525574,0.7145569324493408,0.8831023083713592,0.8804364515932277,0.8805341830065471
174,0.9506640434265137,0.5044111013412476,0.8805468678474426,0.7233381867408752,0.8828368741558081,0.8798754589856916,0.8800955940400665
175,0.9471874833106995,0.5129266977310181,0.8818749785423279,0.7204329967498779,0.8843080770671798,0.880995476157718,0.8812718748580923
176,0.9484179615974426,0.5085219144821167,0.8802343606948853,0.7222044467926025,0.8827312443107396,0.8793509702945154,0.8797541613238138
177,0.9491601586341858,0.5088933706283569,0.8814843893051147,0.716032087802887,0.8839150766351239,0.8809149682079844,0.8811330592263359
178,0.9493359327316284,0.5064482092857361,0.8821094036102295,0.7230488657951355,0.8845019997291395,0.8816841094852279,0.8819147631637885
179,0.9488672018051147,0.5051273703575134,0.8783593773841858,0.7298374176025391,0.8805453864200204,0.8778144018431413,0.8778884291796056
180,0.9491406083106995,0.507953405380249,0.8839062452316284,0.7173566222190857,0.8860433427587515,0.8835479798577517,0.8836119362169352
181,0.948535144329071,0.5068700313568115,0.8818749785423279,0.7188549041748047,0.8846484470295419,0.8814231671098609,0.8816175965801887
182,0.9479687213897705,0.5078040361404419,0.8833593726158142,0.7233663201332092,0.8851711721350335,0.8825598881221138,0.8827008940558092
183,0.9472851753234863,0.5099716782569885,0.8833593726158142,0.7139019966125488,0.8854599185691386,0.8829128975578682,0.8831347366338381
184,0.9460351467132568,0.5148016810417175,0.8810155987739563,0.7282357811927795,0.8833623511051403,0.8804125223368896,0.8805877349675899
185,0.9479882717132568,0.5072749853134155,0.8838281035423279,0.7113839983940125,0.8859230675540741,0.8831796873720329,0.8833738650853911
186,0.9493359327316284,0.5036974549293518,0.8784375190734863,0.7266137599945068,0.8810478559155752,0.8776261275973201,0.8778369021892312
187,0.9461132884025574,0.511250376701355,0.8837500214576721,0.7169744968414307,0.8860090318368832,0.8830641381960787,0.8832762057181599
188,0.947265625,0.5077433586120605,0.8856250047683716,0.7071750164031982,0.8878800513268013,0.8851573959882877,0.8853208711222211
189,0.9507812261581421,0.4992850422859192,0.8849999904632568,0.7124478816986084,0.8875165183214593,0.8842186428973076,0.8844880042564072
190,0.9494726657867432,0.5025845170021057,0.8832812309265137,0.7160653471946716,0.8853717916276401,0.8824220667741507,0.882642021273544
191,0.9483007788658142,0.5053681135177612,0.8828125,0.7140604257583618,0.8855817135058003,0.8821524944586817,0.8824260124170794
192,0.9472070336341858,0.5070827007293701,0.8841406106948853,0.7119554877281189,0.8866863550332835,0.8836985566389319,0.8837950778654793
193,0.9474413990974426,0.5079615116119385,0.8841406106948853,0.7155276536941528,0.8864341007087981,0.8835104631112273,0.8837190213961301
194,0.9496288895606995,0.5035534501075745,0.8877343535423279,0.710144579410553,0.8901400928271859,0.8871734388912252,0.8873366555591057
195,0.9490039348602295,0.5024535059928894,0.8833593726158142,0.7087435722351074,0.8852918971468482,0.8827520132866031,0.8828857773808354
196,0.9495702981948853,0.5022318363189697,0.8852343559265137,0.7018880248069763,0.8872998342112798,0.8844459898863204,0.8846465466894259
197,0.9497851729393005,0.5010378956794739,0.8863281011581421,0.709333598613739,0.8884734421380621,0.885579759503538,0.8857519730851702
198,0.9497460722923279,0.5002086758613586,0.8825781345367432,0.7066348791122437,0.8849944157513028,0.8820827136721142,0.8821227852532558
199,0.9524023532867432,0.4929982125759125,0.8867968916893005,0.7021772861480713,0.8889879867596429,0.886455041864904,0.886603048730733
200,0.9487890601158142,0.5023841857910156,0.8861718773841858,0.7072407007217407,0.8877024460123535,0.8858233072626819,0.8858354904906659
201,0.9496093988418579,0.5029698610305786,0.8842187523841858,0.7128508687019348,0.8863100449154792,0.8835572817796455,0.8837558275579165
202,0.9459570050239563,0.5094396471977234,0.8860937356948853,0.7121718525886536,0.8885919569965353,0.8854056259279953,0.8857028279380149
203,0.9474804401397705,0.5046578645706177,0.8910156488418579,0.6938849091529846,0.893087234362106,0.8902146887248964,0.8905645784763505
204,0.9502734541893005,0.4986659288406372,0.8877343535423279,0.6946790814399719,0.8900308475505458,0.8871574071743922,0.8873861880362103
205,0.9512109160423279,0.49709728360176086,0.8903906345367432,0.692552924156189,0.8926275467516251,0.8898595102450664,0.8900442439507256
206,0.9497460722923279,0.4977167844772339,0.8919531106948853,0.6878801584243774,0.8944074916391472,0.891308202367625,0.8916033607554626
207,0.9522265791893005,0.4918079376220703,0.8923437595367432,0.6827019453048706,0.8948343299385557,0.8918671411653134,0.8919951330389764
208,0.9539453387260437,0.488320916891098,0.8932031393051147,0.6925585865974426,0.8956416759517062,0.8929064387881989,0.8931324899045213
209,0.95263671875,0.4927856922149658,0.8924999833106995,0.6910154819488525,0.8947832410221496,0.8919693860899588,0.8921244398964857
210,0.951367199420929,0.4949445426464081,0.8893749713897705,0.6945807933807373,0.8914786130924928,0.8886304748422696,0.8888493209653574
211,0.9505078196525574,0.4942738711833954,0.8881250023841858,0.6932619214057922,0.8904659894075231,0.8878137391964371,0.8880126977280858
212,0.9504296779632568,0.4940142333507538,0.88671875,0.706447958946228,0.8890362762536163,0.8861032358742265,0.8864326684829584
213,0.9496679902076721,0.4960331618785858,0.8930468559265137,0.6875305771827698,0.8951123384688339,0.892645915409995,0.8928455439114936
214,0.9476953148841858,0.49967700242996216,0.8862500190734863,0.701130211353302,0.888266392151718,0.8855908001093871,0.8857892393693323
215,0.9470117092132568,0.504298985004425,0.8882031440734863,0.6952223181724548,0.8899844944229865,0.8875055682860061,0.887725901640509
216,0.9486523270606995,0.5013332366943359,0.8881250023841858,0.6973512172698975,0.8901086842896262,0.8877536922782974,0.8878628132907611
217,0.9513866901397705,0.4945772886276245,0.8899999856948853,0.694472074508667,0.8925126565878125,0.8894590286168736,0.8895989199248413
218,0.9481835961341858,0.4986620843410492,0.8928906321525574,0.6903913021087646,0.8947515666819079,0.8924227823597524,0.8925405464817564
219,0.9498828053474426,0.49612030386924744,0.8899999856948853,0.6926961541175842,0.8923069286420189,0.8893233311457287,0.8895872617416176
220,0.9504687786102295,0.4943050742149353,0.8957812786102295,0.6831779479980469,0.8981075355621713,0.8953222442612545,0.8955832614618287
221,0.9510742425918579,0.4944494366645813,0.8951562643051147,0.6757401823997498,0.8972080587059015,0.8947636161421585,0.8948809039354455
222,0.9500195384025574,0.4943010210990906,0.8882812261581421,0.7037893533706665,0.8903116702155942,0.8878036055867689,0.8879875274329616
223,0.9526171684265137,0.4890105128288269,0.8907812237739563,0.696247398853302,0.8926975856881157,0.8903250014407279,0.8904590316519883
224,0.9524023532867432,0.4915350377559662,0.8924999833106995,0.6882580518722534,0.894541977729646,0.8920003569368355,0.892192596544539
225,0.9502148628234863,0.4959356188774109,0.8885156512260437,0.7067692279815674,0.8907725510178504,0.8882923170402756,0.8884301637010341
226,0.9497851729393005,0.49667689204216003,0.8913280963897705,0.6868882775306702,0.8937173626553035,0.8909200699047185,0.8910708871860252
227,0.9496288895606995,0.49679577350616455,0.8935937285423279,0.6846577525138855,0.8960287327511277,0.893131996390888,0.8933109082873035
228,0.952343761920929,0.4926733374595642,0.8905468583106995,0.6815305352210999,0.8927254561933201,0.8901148759764332,0.890169313741018
229,0.9522851705551147,0.49244824051856995,0.8990625143051147,0.6749902367591858,0.9013767036653544,0.8986762225541267,0.8987875962101741
230,0.9507031440734863,0.49411579966545105,0.8928906321525574,0.6891621947288513,0.8954619585859278,0.8923881933098008,0.8926495827838641
231,0.9496288895606995,0.49377742409706116,0.8928906321525574,0.6850079298019409,0.8952192188284711,0.892398682954427,0.8925780196486384
232,0.9510937333106995,0.49114149808883667,0.897656261920929,0.6737937331199646,0.8996302293163347,0.8971295224822129,0.8973479203701897
233,0.9510937333106995,0.49072083830833435,0.8969531059265137,0.6708112359046936,0.8988480375682666,0.8965267780594346,0.896672328330687
234,0.9516797065734863,0.488358736038208,0.8994531035423279,0.6660305261611938,0.9012932387602183,0.898813565595429,0.8989546678812319
235,0.9530273675918579,0.4868481457233429,0.8953906297683716,0.681435227394104,0.897060357219606,0.894976023186834,0.8950429916915982
236,0.9500781297683716,0.49402496218681335,0.8971093893051147,0.6763013601303101,0.8991332656748056,0.8965227858671528,0.896823980002946
237,0.9525195360183716,0.4883683919906616,0.8952343463897705,0.6759721636772156,0.897321686637198,0.8947162404622506,0.8949768900425348
238,0.9505664110183716,0.4916756749153137,0.8929687738418579,0.6836190819740295,0.8951020367168823,0.8923545854222992,0.8925237093668039
239,0.9530468583106995,0.48747488856315613,0.9001562595367432,0.6671441793441772,0.9026902206100367,0.8996323502083483,0.8998972978339727
240,0.9507421851158142,0.4919736385345459,0.8897656202316284,0.6907173991203308,0.8923280809383678,0.8891847531486385,0.8894996360578595
241,0.9501953125,0.4898793697357178,0.8973437547683716,0.6693204641342163,0.9002321191261666,0.8965743253592768,0.8969919924437132
242,0.9517187476158142,0.49090540409088135,0.8983593583106995,0.6692928075790405,0.9006261697483953,0.8979646980010269,0.8982149547416396
243,0.9503124952316284,0.49356552958488464,0.8988281488418579,0.6763976812362671,0.9008646624119614,0.8982185729897098,0.8984384841457813
244,0.9510742425918579,0.491373211145401,0.8997656106948853,0.6654706597328186,0.9019048040676079,0.899253225772087,0.8995333524136213
245,0.950488269329071,0.49037665128707886,0.8983593583106995,0.6707645654678345,0.9000904988763192,0.8977403237822282,0.8979605586239046
246,0.9520117044448853,0.4899718463420868,0.9005468487739563,0.6602368950843811,0.9027061591041102,0.9001230294478342,0.9002612809660737
247,0.9541797041893005,0.4837075173854828,0.8960156440734863,0.6719062924385071,0.8986610945409693,0.895453711804456,0.8957154444467275
248,0.953808605670929,0.4822565019130707,0.8935937285423279,0.6820074319839478,0.8959469626984524,0.8929987782531003,0.8932417632799499
249,0.9530859589576721,0.4854615330696106,0.899218738079071,0.6641733646392822,0.9012961007237728,0.8986925005984174,0.8989463794558854
250,0.9519336223602295,0.4878444969654083,0.891406238079071,0.6829466223716736,0.8938131777314345,0.8908061319733942,0.8910863136799811
251,0.9521288871765137,0.4860328435897827,0.8948437571525574,0.6753047108650208,0.8974106968631752,0.8942013917478842,0.8945047824900056
252,0.9491601586341858,0.4928279221057892,0.8982031345367432,0.6690494418144226,0.9005008231809222,0.8976647511355238,0.8979077896257577
253,0.949999988079071,0.4947531223297119,0.8975781202316284,0.6758885383605957,0.8995634946142086,0.897185990580089,0.8973970727317454
254,0.9518163800239563,0.4875192642211914,0.8931249976158142,0.6868284344673157,0.8951282764768267,0.8928350668680612,0.892887257944639
255,0.9540625214576721,0.4834713339805603,0.8974999785423279,0.6702880859375,0.8994802561742634,0.8967935715741587,0.8970436729958818
256,0.9504687786102295,0.49077075719833374,0.8966405987739563,0.6693915724754333,0.8988481655652028,0.8962156922475104,0.8964891798709855
257,0.9512304663658142,0.48867446184158325,0.899218738079071,0.668079674243927,0.901744280576416,0.8983221067461187,0.8986755323215694
258,0.9545508027076721,0.4811830222606659,0.8971874713897705,0.6702553033828735,0.8994648581649358,0.8966268233347479,0.89692138416876
259,0.9513476490974426,0.48602229356765747,0.9009374976158142,0.6582169532775879,0.9027925876025835,0.9000924920925782,0.9003737650946686
260,0.9522265791893005,0.4865666925907135,0.9020312428474426,0.6645897030830383,0.9038321781639633,0.9015704167008747,0.9017460092034084
261,0.9518359303474426,0.4865197241306305,0.9007812738418579,0.6684502959251404,0.903208590813608,0.9001572946964917,0.9005003286837832
262,0.9526171684265137,0.48716652393341064,0.9020312428474426,0.6638988256454468,0.9041715319860716,0.9017108352061183,0.9018230064699784
263,0.9516015648841858,0.4876284897327423,0.9009374976158142,0.6616981625556946,0.902866185988901,0.9003617202655445,0.9005156792214829
264,0.9530468583106995,0.48610782623291016,0.9029687643051147,0.6625102162361145,0.905159495454886,0.9023861588886626,0.9026499101737471
265,0.9522851705551147,0.4859105944633484,0.9043750166893005,0.6596710085868835,0.906584187131323,0.9038977132045054,0.9040739557345082
266,0.9529687762260437,0.4838283061981201,0.8990625143051147,0.6643025279045105,0.9015041230515572,0.8985737476242259,0.8987446199376987
267,0.9534375071525574,0.48375990986824036,0.9047656059265137,0.6572310924530029,0.9069024551701595,0.9041761577805286,0.9043915870719378
268,0.9529492259025574,0.4821203947067261,0.9004687666893005,0.6638900637626648,0.9024602342902424,0.8998903676874608,0.9001714875509134
269,0.9515039324760437,0.4858015775680542,0.900390625,0.6620382070541382,0.9021276730450576,0.9000056842118311,0.9001435636293296
270,0.9520508050918579,0.4860050678253174,0.899609386920929,0.662844181060791,0.9019734871648003,0.8991414948197247,0.8993112338979324
271,0.9551953077316284,0.48041126132011414,0.8978124856948853,0.6758984327316284,0.8997499409980816,0.8971520183066657,0.8973322146586971
272,0.9538280963897705,0.4824668765068054,0.9003124833106995,0.6614230275154114,0.9025899727778455,0.8995342598106462,0.8998056549967353
273,0.9528710842132568,0.4827345609664917,0.903124988079071,0.6594036221504211,0.9049215075620289,0.9025694578905421,0.9027449590645197
274,0.9522070288658142,0.48294296860694885,0.9042187333106995,0.6479055285453796,0.9062006172935322,0.9038555367908626,0.9040486541811974
275,0.9501757621765137,0.489176869392395,0.9024999737739563,0.6564691662788391,0.9046788192553062,0.9018820473164555,0.9021589696153836
276,0.950390636920929,0.4894631505012512,0.8980468511581421,0.6672395467758179,0.8998300010162497,0.8973119397037745,0.8975215197945299
277,0.9510546922683716,0.48818439245224,0.9055469036102295,0.6562074422836304,0.9075430242655071,0.9049373019474052,0.9051816367708173
278,0.9517382979393005,0.4879116714000702,0.9010156393051147,0.6583715081214905,0.9031949279955316,0.9003549368747374,0.9005752404206389
279,0.9509961009025574,0.4874904751777649,0.8981249928474426,0.6691441535949707,0.9001981158608556,0.8976271095394863,0.8978138681671888
280,0.9511328339576721,0.48902037739753723,0.8999218940734863,0.656863808631897,0.9022865701847302,0.8993500505558301,0.8996903875617825
281,0.9516015648841858,0.4864501953125,0.9046875238418579,0.6546586751937866,0.906791182904886,0.9042886947813982,0.9045457083691797
282,0.9518359303474426,0.48833519220352173,0.9029687643051147,0.6541513204574585,0.9047816154239633,0.902426156697181,0.9026655160469266
283,0.9532617330551147,0.48153549432754517,0.905468761920929,0.6498827338218689,0.9071954268152103,0.9049577999617395,0.9051567732446417
284,0.9524219036102295,0.4840849041938782,0.9038281440734863,0.6531820893287659,0.9061475234839889,0.9032601538955576,0.9035315593939508
285,0.9529687762260437,0.4830615222454071,0.9068750143051147,0.6383263468742371,0.9086984334915376,0.9064564340516222,0.906676575617974
286,0.9542577862739563,0.4763777554035187,0.9098437428474426,0.6410195827484131,0.9121337642930087,0.9093884274891002,0.9096424743254403
287,0.953906238079071,0.4806586802005768,0.903515636920929,0.6568156480789185,0.9055087891902515,0.902683343996814,0.9028742176300477
288,0.9538476467132568,0.48186004161834717,0.9045312404632568,0.6487503051757812,0.9063539728390693,0.9042087146069409,0.9043051989940373
289,0.9525195360183716,0.4850620925426483,0.9057031273841858,0.6534679532051086,0.9076297949551558,0.9051760880226356,0.9054260142864868
290,0.9524609446525574,0.4847607910633087,0.90234375,0.6672439575195312,0.9042407384036989,0.901818737389038,0.9020089359929051
291,0.9522265791893005,0.4838700592517853,0.9063281416893005,0.6553443074226379,0.9077326840095462,0.9054862312514568,0.905755241223998
292,0.9541015625,0.48029232025146484,0.9066406488418579,0.6504518389701843,0.9083859367716529,0.9062866973491674,0.9064158595956584
293,0.9535742402076721,0.48009636998176575,0.9085937738418579,0.6468075513839722,0.9105162691547468,0.9082844049150093,0.9084235656072857
294,0.9533593654632568,0.48277100920677185,0.908203125,0.6461554169654846,0.910150919648131,0.9078316120711809,0.9079681444282908
295,0.9537304639816284,0.4784383475780487,0.9051562547683716,0.6556759476661682,0.9068059328287366,0.9048203128822807,0.9049495445360665
296,0.9521679878234863,0.48337799310684204,0.9045312404632568,0.6544886827468872,0.9060995688482365,0.9041871651213981,0.904286709000693
297,0.9533007740974426,0.4811490774154663,0.9049999713897705,0.6573002338409424,0.9069996526208768,0.904773561251141,0.9048473917263946
298,0.9509570598602295,0.4885866045951843,0.9028124809265137,0.6613578200340271,0.9044421288621711,0.9024712264540766,0.9025579166708247
299,0.9537109136581421,0.48056575655937195,0.9118750095367432,0.6421620845794678,0.913787076088912,0.9116193032357668,0.9117287362519837
300,0.9540234208106995,0.48015105724334717,0.908203125,0.6552069783210754,0.910385904464145,0.9078014582073057,0.9078888681942632
301,0.9540820121765137,0.4777769446372986,0.9049999713897705,0.6538524031639099,0.9067836779736733,0.904640001361934,0.9047242304234888
302,0.9537695050239563,0.4792102873325348,0.905078113079071,0.6542213559150696,0.9071198719642118,0.9048857561221442,0.9049618357728371
303,0.9552538990974426,0.47367560863494873,0.9021093845367432,0.6544301509857178,0.9040286189512222,0.901762925496874,0.9018614334919404
304,0.9549609422683716,0.47563645243644714,0.9099218845367432,0.6390101313591003,0.9118176665197402,0.909425256546188,0.9095275824819214
305,0.9558007717132568,0.47365322709083557,0.9051562547683716,0.6476077437400818,0.9070594564174859,0.9048634055618325,0.9049540920576868
306,0.9560156464576721,0.47387656569480896,0.9069530963897705,0.6452890634536743,0.9089021481868396,0.9065500144462049,0.9067513073488541
307,0.952929675579071,0.4793810248374939,0.9076562523841858,0.6512851119041443,0.9093396339557431,0.9072792922757995,0.9074274310632352
308,0.9547460675239563,0.4776412546634674,0.9066406488418579,0.6487476229667664,0.9085452742215595,0.9061318779402253,0.9062501391107646
309,0.9522265791893005,0.4806254208087921,0.9049999713897705,0.6525293588638306,0.9070445884945909,0.9044326223682169,0.9046457886904751
310,0.9548437595367432,0.47695961594581604,0.9010156393051147,0.6607921123504639,0.9030950233421942,0.9005980968339139,0.9006840840505363
311,0.9538280963897705,0.4793761968612671,0.9060937762260437,0.6492859721183777,0.9077136291702674,0.9056132385832041,0.9056865166656999
312,0.9546093940734863,0.4743577539920807,0.9071875214576721,0.6384784579277039,0.908931156349323,0.9065851828296054,0.9068064556090993
313,0.9538476467132568,0.47467267513275146,0.9088281393051147,0.6481019854545593,0.9107936341351238,0.9083587146800776,0.908583014407042
314,0.9540429711341858,0.479959100484848,0.9067968726158142,0.6456360816955566,0.9085219686413999,0.9062838590664068,0.9065020440429061
315,0.9540234208106995,0.48088473081588745,0.9094531536102295,0.6389142870903015,0.9109468779695951,0.9089199406227421,0.9090340682670225
316,0.9532226324081421,0.47862258553504944,0.9065625071525574,0.6498512029647827,0.908805943089604,0.9061578858529744,0.9064264979104723
317,0.9511132836341858,0.4834141433238983,0.9071875214576721,0.6412876844406128,0.9090818784951366,0.9067431906764263,0.9069299133969546
318,0.9550195336341858,0.4767671823501587,0.9024999737739563,0.6619653105735779,0.9047082864606815,0.9020186114411283,0.9022132658707818
319,0.9549413919448853,0.4755147099494934,0.9071093797683716,0.6521348357200623,0.9089781935254903,0.906584376191178,0.9068159383844006
320,0.9546484351158142,0.4801594018936157,0.9077343940734863,0.6394970417022705,0.9101056117188612,0.9069467733102686,0.9074351472568603
321,0.9510937333106995,0.48549437522888184,0.9076562523841858,0.6406024098396301,0.9096044393120808,0.907160234475459,0.90737503043543
322,0.9541211128234863,0.47903522849082947,0.9085156321525574,0.6431352496147156,0.9100959149852414,0.9080597633633347,0.9082043301646703
323,0.9523828029632568,0.4808259904384613,0.9068750143051147,0.6412755846977234,0.9090024707975666,0.9063750582171648,0.9066041309452886
324,0.9533984661102295,0.4793148338794708,0.9108593463897705,0.6376092433929443,0.9129022832146984,0.9103104704167928,0.9105144114695997
325,0.9542577862739563,0.4776265025138855,0.9057812690734863,0.6489450931549072,0.9080123481426576,0.9052061712475034,0.9054636572156807
326,0.9551367163658142,0.4740229845046997,0.9102343916893005,0.6322181224822998,0.9125071895022354,0.909663125699862,0.9100288458381572
327,0.9564843773841858,0.47107163071632385,0.91015625,0.6382339596748352,0.9116163309984542,0.909494533987565,0.9097452483904345
328,0.9559765458106995,0.4725939631462097,0.9071093797683716,0.6405012011528015,0.9088145033919682,0.9065210033230866,0.9066477645206306
329,0.9550585746765137,0.4714149236679077,0.9094531536102295,0.6373217701911926,0.9112114108498681,0.9088923165025293,0.9091378118549056
330,0.9551562666893005,0.4710276126861572,0.9072656035423279,0.6531574130058289,0.9092700240750817,0.9067274255153217,0.9069470474029785
331,0.953417956829071,0.4772525429725647,0.9106249809265137,0.6313106417655945,0.9125072061188835,0.9100802322086516,0.9103106379975341
332,0.9569140672683716,0.4709843099117279,0.9096093773841858,0.6374199390411377,0.9111666688619958,0.9091342888071008,0.9092613738212291
333,0.9552929401397705,0.47188377380371094,0.9125781059265137,0.6317527890205383,0.9140032513689162,0.912120383178405,0.9122953473695449
334,0.9534765481948853,0.4765486419200897,0.9078906178474426,0.6481800675392151,0.9097881305331335,0.907388897287183,0.9075204430407651
335,0.9523046612739563,0.47963595390319824,0.9063281416893005,0.6463923454284668,0.9083332103046526,0.9059395865608608,0.9060619627093174
336,0.9530664086341858,0.4779556691646576,0.9117968678474426,0.6315996050834656,0.9133694098810391,0.9113083221220548,0.9115086098621039
337,0.9549609422683716,0.47389674186706543,0.9108593463897705,0.6327524185180664,0.9130557554824568,0.9103875933607505,0.9106591048924977
338,0.952441394329071,0.47984424233436584,0.9092187285423279,0.6373120546340942,0.9110244959043928,0.908939766348704,0.9090498675880766
339,0.9554101824760437,0.4742433428764343,0.9115625023841858,0.6281377077102661,0.9133068218918416,0.9112525112867773,0.911464469882225
340,0.9535937309265137,0.4779002070426941,0.9125000238418579,0.6289341449737549,0.9141891239982052,0.9121001037614632,0.9122466436598746
341,0.952832043170929,0.4799947738647461,0.9129687547683716,0.6231855154037476,0.9143621725460379,0.9126999853738398,0.9127221344287402
342,0.9560742378234863,0.4736555814743042,0.9079687595367432,0.6395990252494812,0.9101123066379847,0.9075371555036098,0.907776274712143
343,0.955273449420929,0.47175419330596924,0.913281261920929,0.6316982507705688,0.9146377064368462,0.9128162894401294,0.9128821995388819
344,0.9551953077316284,0.47184041142463684,0.9053124785423279,0.6552331447601318,0.9077317168809006,0.904752419889447,0.9048171485624787
345,0.9539453387260437,0.4776403307914734,0.9123437404632568,0.6347160935401917,0.9139114460528119,0.9118809196378236,0.912007517263916
346,0.950976550579071,0.481587290763855,0.912109375,0.6325483918190002,0.9136444290461516,0.9115649331583993,0.9116741608163313
347,0.9546288847923279,0.4736662209033966,0.9096875190734863,0.6290882229804993,0.9113787556780557,0.9092604291587789,0.9094080636206905
348,0.9536328315734863,0.477331280708313,0.916796863079071,0.6235496401786804,0.9184752245826708,0.9162543999317587,0.9163925168696528
349,0.9543163776397705,0.47467976808547974,0.9112499952316284,0.6281259059906006,0.9131466277689074,0.9108592256015342,0.911011320160563
350,0.9549413919448853,0.4733855724334717,0.91015625,0.6265757083892822,0.9118011315588704,0.9097019079721332,0.9099086609323144
351,0.9547656178474426,0.47465458512306213,0.912890613079071,0.6306145191192627,0.9148503347735825,0.9127463796155526,0.9128211514143949
352,0.9533398151397705,0.47619038820266724,0.9135937690734863,0.6227129697799683,0.9155854180904925,0.9130647996845137,0.9132836221333906
353,0.9556445479393005,0.4720737934112549,0.9166406393051147,0.6200206875801086,0.9186820461730836,0.9162948499969422,0.9164641886887099
354,0.957812488079071,0.46697860956192017,0.9072656035423279,0.645372211933136,0.9090345881872155,0.9067863675110343,0.9070550321927597
355,0.9554101824760437,0.4733789563179016,0.9094531536102295,0.6278004050254822,0.9108746798314404,0.909182640946744,0.9091356230882438
356,0.9546484351158142,0.47150731086730957,0.908984363079071,0.6294620037078857,0.9108139400564881,0.9084397786073497,0.9086053004554075
357,0.9569336175918579,0.46640413999557495,0.91015625,0.6349630355834961,0.9116004195199049,0.9097728511692142,0.9098365623367995
358,0.954882800579071,0.4708876311779022,0.911328136920929,0.6238329410552979,0.9135845088597365,0.9109645789778358,0.9111397129182346
359,0.9565039277076721,0.46962589025497437,0.9106249809265137,0.6251088380813599,0.912793521983846,0.9103665024474423,0.9105133908753504
360,0.9550195336341858,0.4705263078212738,0.9118750095367432,0.6270118355751038,0.9137775949224233,0.9114156220691609,0.9115491639964088
361,0.9573827981948853,0.46690765023231506,0.9123437404632568,0.6246622204780579,0.9141656054873917,0.911674199236003,0.9119495760482117
362,0.9537109136581421,0.47668933868408203,0.9117968678474426,0.6293217539787292,0.9135388305435553,0.9112217367032007,0.9114062057457148
363,0.9554296731948853,0.4703008234500885,0.9114062786102295,0.6404618620872498,0.9128828451774458,0.9108315651549903,0.9110776793376548
364,0.9544922113418579,0.47172537446022034,0.916796863079071,0.6142397522926331,0.9183132358733657,0.9164234944618606,0.9165685666154689
365,0.9565234184265137,0.470905601978302,0.9124218821525574,0.6210438013076782,0.9141127432058618,0.9120126523384079,0.9121991231814679
366,0.9527734518051147,0.4774456322193146,0.9140625,0.6219624876976013,0.9156317668659137,0.9135081806445805,0.9137327561659164
367,0.9554687738418579,0.4723321497440338,0.9135937690734863,0.6177923083305359,0.9154250289370083,0.9129739516552249,0.9132141589075987
368,0.9556249976158142,0.46975597739219666,0.9125000238418579,0.616955041885376,0.9142109173772532,0.9121050020560488,0.9122894228375767
369,0.9581054449081421,0.46697917580604553,0.9151562452316284,0.6222476959228516,0.9170976699951483,0.9147025223884402,0.9149621261831709
370,0.9552343487739563,0.4694065451622009,0.9183593988418579,0.6119385361671448,0.9197214410886484,0.9179386983250923,0.9180761083922424
371,0.9533398151397705,0.47798478603363037,0.9122655987739563,0.6234657764434814,0.9144523351812311,0.9119299675948922,0.9121597818444905
372,0.955371081829071,0.46995559334754944,0.9114843606948853,0.6230072975158691,0.9133249132279901,0.911013239407193,0.9112791036972481
373,0.9564843773841858,0.4669070839881897,0.9153906106948853,0.6101586818695068,0.9171090191352738,0.9151027182325695,0.9152115121728371
374,0.9557031393051147,0.47008663415908813,0.9164843559265137,0.6132821440696716,0.9180220927918046,0.9159924448156691,0.9161110290463252
375,0.9574218988418579,0.46474945545196533,0.9135937690734863,0.6142148971557617,0.9151699063392037,0.9130445560204631,0.9132623237704568
376,0.9548633098602295,0.4687317907810211,0.9169531464576721,0.613175094127655,0.9184018051500648,0.9164866940884756,0.9166303415527708
377,0.9586523175239563,0.46371355652809143,0.9135937690734863,0.6228258609771729,0.9150924203352482,0.9129585425583091,0.9130332368792755
378,0.9560546875,0.46972060203552246,0.9146875143051147,0.6216052770614624,0.9162690293869016,0.9139874361809449,0.9141424015178994
379,0.9556640386581421,0.46815821528434753,0.9147655963897705,0.6198481321334839,0.9162482265123146,0.9141099564413,0.9142996292218533
380,0.9549413919448853,0.4692498445510864,0.9141406416893005,0.6199905276298523,0.9162015539111887,0.9136912072215373,0.9139950657963571
381,0.9573437571525574,0.4643307626247406,0.9153125286102295,0.6192415356636047,0.9170255915070946,0.9144781729537491,0.9147939068565631
382,0.9540429711341858,0.47111350297927856,0.9143750071525574,0.6229839324951172,0.9163337364148073,0.9139859986060553,0.9141648395387718
383,0.9535351395606995,0.47281017899513245,0.9157812595367432,0.6191913485527039,0.9177621133647255,0.9154393762683065,0.9156255357793
384,0.9531445503234863,0.47475212812423706,0.9162499904632568,0.6159221529960632,0.9181946049078255,0.9157795913521054,0.9160816117127513
385,0.955078125,0.4712986648082733,0.9162499904632568,0.6211221218109131,0.917772910663373,0.9160096035217175,0.9160482693058721
386,0.9545508027076721,0.4700118899345398,0.910937488079071,0.6268866658210754,0.9129524182161866,0.9106630330863714,0.9107837584870951
387,0.9576757550239563,0.46404868364334106,0.9189062714576721,0.6097338199615479,0.9204863247182715,0.9186314835241891,0.9186980547062357
388,0.9570898413658142,0.46451613306999207,0.9225780963897705,0.5994300842285156,0.9238911601164186,0.9222958730307678,0.9222949507927226
389,0.9552538990974426,0.4690873324871063,0.9150000214576721,0.6095576286315918,0.916562640843918,0.9144786587354705,0.914650434477694
390,0.9579296708106995,0.46420031785964966,0.9162499904632568,0.6200568079948425,0.9178086662882678,0.915825850464884,0.9160156806251427
391,0.9571679830551147,0.46392539143562317,0.9153906106948853,0.6204171776771545,0.9169749802311128,0.9151526314651701,0.9152644325445093
392,0.955273449420929,0.4695016145706177,0.9183593988418579,0.6108542680740356,0.9198433783481502,0.9180852085182145,0.9181241036850893
393,0.9532617330551147,0.47555774450302124,0.9178125262260437,0.6144956350326538,0.9196704906443258,0.917510243283723,0.9177507616716534
394,0.9545312523841858,0.4733266532421112,0.9203125238418579,0.6028208136558533,0.9217343855892028,0.9200198464011974,0.9201950088913937
395,0.956347644329071,0.4646107852458954,0.919140636920929,0.6032337546348572,0.9202997616363152,0.9187897106948282,0.9188118506650169
396,0.960253894329071,0.45459893345832825,0.9192187786102295,0.6087046265602112,0.9211584468936049,0.9188678170249841,0.9190349835424044
397,0.9572656154632568,0.46233534812927246,0.9157812595367432,0.614555299282074,0.9173404106852954,0.9153666912175263,0.9155124949208028
398,0.955761730670929,0.4677840769290924,0.9132031202316284,0.6168715953826904,0.9151134847626184,0.9126883242781884,0.9128865450628164
399,0.9567968845367432,0.4633880853652954,0.9158594012260437,0.6124123334884644,0.9174487301750396,0.9155226730000179,0.9155917629428325
400,0.9542382955551147,0.4676572382450104,0.9119531512260437,0.6252749562263489,0.9136318498618896,0.9115240886445857,0.9115978367717297
401,0.9546484351158142,0.46829116344451904,0.9118750095367432,0.6216050386428833,0.9135291783944228,0.9114417779621089,0.9114619211577324
402,0.9542382955551147,0.4721265435218811,0.9149218797683716,0.622724711894989,0.9167653515893355,0.9144969690678881,0.9146520507665787
403,0.9543750286102295,0.4726279377937317,0.9146875143051147,0.6190488934516907,0.9166773625605631,0.9143643190179345,0.9144225272657278
404,0.9550976753234863,0.4703812301158905,0.9156249761581421,0.6192847490310669,0.917520852604913,0.9154055900790643,0.9155057149304628
405,0.955078125,0.4680790603160858,0.9156249761581421,0.6174623370170593,0.9173053348108473,0.9152231812820797,0.9153336225629268
406,0.9553124904632568,0.46681511402130127,0.9155468940734863,0.6123843193054199,0.9172043915304682,0.9151209927392532,0.9152750113745414
407,0.9546484351158142,0.47067877650260925,0.9151562452316284,0.6138744354248047,0.9166102848513707,0.9148176724341145,0.9148907972512355
408,0.954882800579071,0.46894970536231995,0.9192187786102295,0.6106934547424316,0.9208185483898315,0.9188282135891502,0.9190725413180432
409,0.9534765481948853,0.47333312034606934,0.9162499904632568,0.611234724521637,0.9185657283290477,0.915638526690131,0.9159997899618599
410,0.9551953077316284,0.47044703364372253,0.9146875143051147,0.6131377220153809,0.9164512018659658,0.9144125595682416,0.9145632938234524
411,0.95703125,0.463296502828598,0.9174218773841858,0.6044027805328369,0.9190098339355783,0.9170869293042365,0.9171090273303483
412,0.9566601514816284,0.465450644493103,0.9182812571525574,0.6043027639389038,0.9199257788427075,0.9180281819845182,0.918157533649983
413,0.9572851657867432,0.4645977020263672,0.9153906106948853,0.6162889003753662,0.9168973124482165,0.915063494667963,0.9150520548567428
414,0.9564062356948853,0.46651142835617065,0.918749988079071,0.6054455041885376,0.9203627673372302,0.9184591713220182,0.9185171370549987
415,0.9541991949081421,0.47112175822257996,0.917187511920929,0.6180670261383057,0.9189453880604019,0.9168270007590275,0.9169304922325077
416,0.9585156440734863,0.4594704508781433,0.9178125262260437,0.6031256318092346,0.9194997672906848,0.9173263461209339,0.9174785807467428
417,0.9590234160423279,0.4572291970252991,0.9192187786102295,0.6053495407104492,0.9210657131086784,0.9187922392404938,0.9189036387442622
418,0.956347644329071,0.4633062779903412,0.9169531464576721,0.609660267829895,0.9188758852287753,0.9165796978725222,0.9167099554644307
419,0.9557031393051147,0.46643707156181335,0.9189062714576721,0.6049942374229431,0.9205812337006928,0.9187793720162207,0.9189362321498747
420,0.9559375047683716,0.46722471714019775,0.9209374785423279,0.6028441190719604,0.9226401810789373,0.9203812026088348,0.9206407122444711
421,0.9562890529632568,0.4670906066894531,0.9163281321525574,0.6086196303367615,0.9180895585857001,0.915863654729913,0.9159390529039365
422,0.9562304615974426,0.46678799390792847,0.918749988079071,0.6073455214500427,0.920661455239888,0.9183159107161083,0.9184964102432752
423,0.9549219012260437,0.4693768620491028,0.9196093678474426,0.6013415455818176,0.9211059964927704,0.9191276911866773,0.9192758951818767
424,0.9548046588897705,0.469625860452652,0.916796863079071,0.6168099641799927,0.9184367133027861,0.9164740115803511,0.9166709644937852
425,0.9555078148841858,0.4649490714073181,0.9209374785423279,0.6048431992530823,0.922344167555532,0.9205300937769485,0.9207009623904867
426,0.9557226300239563,0.46878570318222046,0.9219531416893005,0.6014474630355835,0.9233677347530498,0.921675749984796,0.9217068874493373
427,0.9566797018051147,0.4668779671192169,0.9207812547683716,0.6107742190361023,0.922145511583256,0.920406534271075,0.9205415805331734
428,0.9572070240974426,0.46255725622177124,0.9192968606948853,0.6093514561653137,0.9208558443182987,0.9190816549738261,0.919137620610295
429,0.9578906297683716,0.46227383613586426,0.9207812547683716,0.6052011847496033,0.9224562252507194,0.9203115672583156,0.9205097769753536
430,0.9562890529632568,0.46621227264404297,0.9168750047683716,0.61165452003479,0.9185203438157241,0.9164896121587662,0.9167050993596513
431,0.9566991925239563,0.46174168586730957,0.916015625,0.6119611859321594,0.9175357355747495,0.915627511254545,0.915816774143132
432,0.9562695026397705,0.46683669090270996,0.917187511920929,0.6080114245414734,0.9187539999775125,0.9166490677294272,0.9169218356351739
433,0.956347644329071,0.462070494890213,0.9175781011581421,0.6146227717399597,0.9192671611364613,0.9170857584802585,0.9173258450040462
434,0.9579492211341858,0.4576531648635864,0.9170312285423279,0.6045695543289185,0.9184297341467613,0.9166589227322106,0.9167713822412485
435,0.9597070217132568,0.4552763104438782,0.9167187213897705,0.6064651608467102,0.9184408605959471,0.9163942976493052,0.9164754159738722
436,0.9554687738418579,0.4616284668445587,0.9182031154632568,0.6067163348197937,0.9199837090318278,0.9177353914101098,0.9179458230948283
437,0.9577929973602295,0.46106812357902527,0.9203125238418579,0.5997044444084167,0.9223753599551051,0.9198616809852005,0.9200554668671082
438,0.95556640625,0.46672022342681885,0.9183593988418579,0.6104721426963806,0.9199891305772314,0.9179853491198928,0.918067057734483
439,0.9551171660423279,0.46903666853904724,0.921093761920929,0.6061670184135437,0.9226168925642667,0.9207485049360983,0.9208373503649625
440,0.9564843773841858,0.4645423889160156,0.9180468916893005,0.6099867224693298,0.9197814730365912,0.9176768261177071,0.91782970294684
441,0.9575781226158142,0.4619021713733673,0.9206249713897705,0.6035100817680359,0.9218343973567155,0.9202942589452823,0.9203042884948425
442,0.9565039277076721,0.4623238444328308,0.916015625,0.6160812973976135,0.9173461121823676,0.9157830831361969,0.915731981508555
443,0.9548242092132568,0.46806713938713074,0.9157812595367432,0.6144155263900757,0.9174777916392618,0.915294003507529,0.9155347016939694
444,0.9560937285423279,0.4652360677719116,0.9208593964576721,0.5959809422492981,0.9225661942568273,0.9203780745660026,0.9206742390197293
445,0.9583593606948853,0.45764124393463135,0.9201562404632568,0.598157525062561,0.9217974695093817,0.9197902147338868,0.9198936656893058
446,0.957714855670929,0.4568313956260681,0.9197656512260437,0.6042184829711914,0.9215312941817067,0.9194241849793182,0.9196183534550407
447,0.9574804902076721,0.46033981442451477,0.9211719036102295,0.5976265072822571,0.922736600103437,0.9206097138177356,0.9208220040539339
448,0.9598437547683716,0.4541279673576355,0.9220312237739563,0.590926468372345,0.9238344328688148,0.92184042306925,0.9219507688994992
449,0.9563086032867432,0.45999661087989807,0.9200780987739563,0.5950211882591248,0.921701828286326,0.9197030685248634,0.9198345285518293
450,0.954296886920929,0.46933287382125854,0.9222656488418579,0.5978209972381592,0.9237490965865978,0.9219529573985836,0.9219151617744122
451,0.9553515911102295,0.4664766192436218,0.9210156202316284,0.5985618829727173,0.92271116958059,0.9205393542988316,0.9207121912006158
452,0.9554492235183716,0.46607550978660583,0.9205468893051147,0.6012424230575562,0.9222140888794459,0.9200444366810834,0.9202463915742711
453,0.9573633074760437,0.4626774191856384,0.9235937595367432,0.5934703350067139,0.9250065945537522,0.9229824962850585,0.923209874373361
454,0.9571288824081421,0.4633786082267761,0.9200000166893005,0.5977389812469482,0.9215661248496977,0.919614890431938,0.9197672730309188
455,0.9571093916893005,0.4619850516319275,0.9227343797683716,0.5930501818656921,0.9244157132643362,0.9223028920975576,0.9224630815920625
456,0.9579101800918579,0.46223077178001404,0.9224218726158142,0.5944141149520874,0.9242151622318164,0.9220893138104337,0.9222663156183437
457,0.9543163776397705,0.4684121608734131,0.9217968583106995,0.5941165685653687,0.9235531045008214,0.9213380761114871,0.9215489530172252
458,0.9543554782867432,0.4689764380455017,0.9210156202316284,0.5963372588157654,0.9229097480772941,0.9206830970489674,0.9208453316241121
459,0.9556054472923279,0.46550044417381287,0.9220312237739563,0.5932745337486267,0.9236965784313407,0.9216332366712948,0.9218097197945223
460,0.9566015601158142,0.462753027677536,0.925000011920929,0.5954465866088867,0.9263578125324472,0.9246057101397225,0.9247703032662811
461,0.9592187404632568,0.45390331745147705,0.9223437309265137,0.5969374179840088,0.9240999532594953,0.9219459421513811,0.9221432375162344
462,0.9578515887260437,0.4577885568141937,0.9203125238418579,0.5943812727928162,0.9219889764367202,0.920103900642082,0.920206242883709
463,0.9601953029632568,0.4533412456512451,0.9223437309265137,0.5983754396438599,0.9239798629917457,0.9219711117653616,0.9220820807063016
464,0.9576953053474426,0.45505186915397644,0.9223437309265137,0.5947359204292297,0.9240084216887936,0.9221332164268239,0.9222073638783309
465,0.9588086009025574,0.4555785059928894,0.9221093654632568,0.5904966592788696,0.923710740815751,0.9218654599044072,0.9220237425123737
466,0.9575781226158142,0.4572734534740448,0.9185937643051147,0.6036140322685242,0.9200834644238889,0.9182057271644881,0.9182767434198458
467,0.956835925579071,0.4600960910320282,0.9229687452316284,0.5862099528312683,0.9245073571675828,0.9228468148349737,0.9229265986984023
468,0.9575585722923279,0.4567809998989105,0.9219531416893005,0.5939456224441528,0.9232245411681455,0.9217284914703048,0.9217779694428581
469,0.9550976753234863,0.46274566650390625,0.923828125,0.5919581651687622,0.9254178324863437,0.9237845174854772,0.9238845528329105
470,0.9554296731948853,0.46411803364753723,0.920703113079071,0.6031394600868225,0.9222366845540327,0.9203395728968904,0.920506859971197
471,0.9570508003234863,0.460459440946579,0.9176562428474426,0.6013380289077759,0.9194686850868836,0.9172278284600816,0.9173545801859504
472,0.9569726586341858,0.46108385920524597,0.9202343821525574,0.5932990312576294,0.9217194989802916,0.9198391569894324,0.9199563190636693
473,0.9573047161102295,0.45857542753219604,0.9189843535423279,0.5930933952331543,0.9203446899782368,0.918595874327675,0.9187333387057712
474,0.956738293170929,0.4604213237762451,0.9200780987739563,0.6025820970535278,0.9218316684621914,0.9196610478943965,0.9198122819158617
475,0.9556249976158142,0.46486204862594604,0.9200780987739563,0.5990386009216309,0.9216251807329308,0.9197058650203849,0.9198039867541081
476,0.9557421803474426,0.4634544253349304,0.9205468893051147,0.5994610786437988,0.9223672553802955,0.9201999146015851,0.9204403650379043
477,0.9572460651397705,0.4613829553127289,0.9213281273841858,0.5894096493721008,0.9232905442605954,0.9211293377282087,0.9213264196774503
478,0.956250011920929,0.4592445492744446,0.9214843511581421,0.5975703597068787,0.9231126407820912,0.9212229532419854,0.9212754779014491
479,0.95849609375,0.45770227909088135,0.9239843487739563,0.5956076979637146,0.9251185281125236,0.9236780297023153,0.9237013367420948
480,0.957812488079071,0.4566255509853363,0.9195312261581421,0.6020514965057373,0.9211708459130928,0.9191852129228915,0.9192662395309305
481,0.9575390815734863,0.4594321846961975,0.9224218726158142,0.5853263735771179,0.9237903071037876,0.9221944718965154,0.9221888050236565
482,0.9571288824081421,0.4605483114719391,0.920703113079071,0.5932864546775818,0.9226351757784768,0.9202434312760575,0.9204899336005663
483,0.9574609398841858,0.45653587579727173,0.9215624928474426,0.5923162698745728,0.9229216637386504,0.9211366294958918,0.9211884122449854
484,0.9569922089576721,0.4604554772377014,0.9228125214576721,0.595358669757843,0.9244077343443713,0.9224635253289233,0.9225806574853918
485,0.9586328268051147,0.4541044533252716,0.9214843511581421,0.5986469984054565,0.9231226543840377,0.921058744180054,0.9212254671514718
486,0.9578906297683716,0.45838096737861633,0.9194531440734863,0.6048644781112671,0.9210285820245067,0.9189226754343491,0.9191153285654998
487,0.9573633074760437,0.45755985379219055,0.91796875,0.6059369444847107,0.9198924745334365,0.9176183470255372,0.9178855514632251
488,0.9573827981948853,0.4587319493293762,0.9211719036102295,0.5944290161132812,0.9226665503585136,0.9210479143027746,0.9210719281403564
489,0.9592578411102295,0.45375773310661316,0.9248437285423279,0.594914972782135,0.9264906371321024,0.9246154489763749,0.924690684842217
490,0.9569140672683716,0.45916348695755005,0.9221875071525574,0.5944622159004211,0.9239287040335995,0.9220772365978449,0.9222196161512382
491,0.9557226300239563,0.46297943592071533,0.9235937595367432,0.5869523882865906,0.9250244004066825,0.9233413868220366,0.92347930955422
492,0.9562695026397705,0.45903530716896057,0.9251562356948853,0.5929420590400696,0.9267771770679649,0.9248943710197128,0.9250296618728229
493,0.9578320384025574,0.45632684230804443,0.9268749952316284,0.5871099233627319,0.928470560307476,0.9266100027598122,0.926744678652736
494,0.9570702910423279,0.4573088586330414,0.9239843487739563,0.5944293737411499,0.9253454563081216,0.92368520996428,0.9237876533347071
495,0.9583203196525574,0.4536408483982086,0.9253125190734863,0.5887249112129211,0.9271980185201147,0.9249475223894883,0.925108326681872
496,0.9580273628234863,0.4550549387931824,0.9258593916893005,0.5828337669372559,0.9273472490178787,0.925530390366064,0.9256379708675893
497,0.9552343487739563,0.4617311358451843,0.9253125190734863,0.5826506018638611,0.9269811409822188,0.9248674229937884,0.9250640800815348
498,0.9549413919448853,0.4645964801311493,0.9240624904632568,0.5896760821342468,0.925335088603733,0.9235908322394775,0.9237522956589885
499,0.9595702886581421,0.4546521008014679,0.9232812523841858,0.5856195092201233,0.9249222142696526,0.9230223717017199,0.923112543343518
500,0.9566015601158142,0.4590311050415039,0.9219531416893005,0.5917356610298157,0.9236079878510233,0.9214884904948304,0.9216830539798977
501,0.9570508003234863,0.459092378616333,0.9275781512260437,0.5769264698028564,0.9289737353738374,0.9272899692129398,0.9273158727787927
502,0.956835925579071,0.45772990584373474,0.9275781512260437,0.5850836038589478,0.9290189377737611,0.9272579102024139,0.927378767272306
503,0.9569726586341858,0.4609237313270569,0.9214843511581421,0.5970274209976196,0.9231700239113063,0.9210341320282655,0.921167401200295
504,0.9586132764816284,0.4573906362056732,0.9256250262260437,0.5818886756896973,0.9270962632271917,0.9251054524929601,0.9252311426774527
505,0.9580273628234863,0.45746955275535583,0.9261718988418579,0.5869014859199524,0.9279283009954764,0.9259295998593163,0.9259969559903598
506,0.9589453339576721,0.45438846945762634,0.9252343773841858,0.588035523891449,0.9272270454808395,0.9248794225674613,0.9251019590593179
507,0.9593554735183716,0.45257580280303955,0.9237499833106995,0.5920982956886292,0.9253826932100585,0.9235529621830914,0.923690149544829
508,0.9574023485183716,0.4546777009963989,0.9237499833106995,0.590434193611145,0.9251364889762768,0.9235299496282853,0.9235773798329272
509,0.9594922065734863,0.45170077681541443,0.9234374761581421,0.596175491809845,0.9249483065596228,0.9230361215329801,0.923248795139716
510,0.9599804878234863,0.45008835196495056,0.9236719012260437,0.584432065486908,0.9252124447613699,0.9232748715618577,0.9234734889110463
511,0.9599804878234863,0.4499408006668091,0.9263281226158142,0.5781762003898621,0.9282667653089451,0.9259738925241481,0.9261801182599689
512,0.9585742354393005,0.45347678661346436,0.9250781536102295,0.5807637572288513,0.9263880267678647,0.9247989161321257,0.9249645473715298
513,0.9572851657867432,0.45630547404289246,0.925000011920929,0.5852388143539429,0.9265952985140122,0.924718878825888,0.9249003083451693
514,0.9557421803474426,0.4597889184951782,0.9239062666893005,0.5885851383209229,0.9254922167997084,0.9235692980662906,0.923685230066235
515,0.9549219012260437,0.4625806510448456,0.9271875023841858,0.5854606628417969,0.9290200699592067,0.9268488866430603,0.9270666932002428
516,0.9554492235183716,0.4627426266670227,0.9251562356948853,0.5825449228286743,0.9267722550416939,0.9248946710650593,0.9250010521845846
517,0.9548633098602295,0.46251606941223145,0.9271093606948853,0.5894007682800293,0.9285616704630477,0.9268961349309902,0.9270430772592798
518,0.9566406011581421,0.46094363927841187,0.9256250262260437,0.5857740044593811,0.9268974897099296,0.9252016680556137,0.9253280681160587
519,0.9575390815734863,0.45748069882392883,0.9246875047683716,0.5833484530448914,0.9260037507349199,0.9244072486395616,0.9244067643048595
520,0.9564648270606995,0.4620196521282196,0.9252343773841858,0.5816149711608887,0.9270094203371614,0.924966338858664,0.9250746150391289
521,0.9589062333106995,0.4530602991580963,0.9223437309265137,0.5904576778411865,0.9238752437094684,0.9219982317730456,0.9221026579563362
522,0.95654296875,0.45825332403182983,0.9197656512260437,0.6011306643486023,0.921027608927161,0.9193845322708047,0.9194986279549175
523,0.9575390815734863,0.4567338824272156,0.923828125,0.5896731019020081,0.9258736637836115,0.9234434310358117,0.9236089246663213
524,0.9580468535423279,0.4539426565170288,0.9214062690734863,0.6032800078392029,0.922926202854478,0.9209973132422806,0.9211281388841994
525,0.9592382907867432,0.45451027154922485,0.9221093654632568,0.5885559916496277,0.9239746064846542,0.9217641190043038,0.9220268975611228
526,0.9575390815734863,0.45584842562675476,0.9273437261581421,0.5800262093544006,0.9287257074521897,0.9271615780483881,0.9270739256634652
527,0.9598242044448853,0.44689425826072693,0.9250781536102295,0.5762832164764404,0.9265354353706081,0.9246225809625563,0.9248375843963226
528,0.9585546851158142,0.4555489718914032,0.9232031106948853,0.5901843905448914,0.9249643612290871,0.9227932585356285,0.9229641935878774
529,0.9572070240974426,0.45888736844062805,0.9255468845367432,0.5796273350715637,0.927291817317593,0.9251707293567284,0.9253710259586694
530,0.9579296708106995,0.4533154368400574,0.9267968535423279,0.5765562653541565,0.9282806078561749,0.9265019828903616,0.9265889534145364
531,0.9586132764816284,0.44991061091423035,0.9275781512260437,0.5765167474746704,0.9289543736710194,0.92707169284396,0.9272457148947206
532,0.9599023461341858,0.44769227504730225,0.925000011920929,0.5737900733947754,0.9264559727611758,0.9247007949464177,0.9247924381925058
533,0.9570898413658142,0.4548361301422119,0.9256250262260437,0.5857757329940796,0.9272050619251605,0.9253109571389585,0.9253486873763832
534,0.9580859541893005,0.4536150395870209,0.925000011920929,0.5853191018104553,0.9266670606488614,0.9248280698837944,0.9248588718147344
535,0.9604101777076721,0.44732239842414856,0.9229687452316284,0.5918221473693848,0.9242547728583168,0.9226451947351046,0.9226574202059662
536,0.9584765434265137,0.4528004825115204,0.9228125214576721,0.5877997279167175,0.9243405605601644,0.9223820591037869,0.9224752808133951
537,0.9563086032867432,0.45949608087539673,0.9214843511581421,0.5934474468231201,0.9233468757557513,0.921133837424174,0.9213279073917289
538,0.9554492235183716,0.46090167760849,0.9228906035423279,0.5923964977264404,0.924282478422523,0.9224414587358978,0.9226421252797925
539,0.9594922065734863,0.4537712037563324,0.9249218702316284,0.5808409452438354,0.9263030469868359,0.9245363332984481,0.9245875896081697
540,0.9589062333106995,0.45464271306991577,0.9244531393051147,0.5903083682060242,0.9258509221760731,0.9240639500115876,0.9240955686012526
541,0.9557421803474426,0.46139755845069885,0.9242968559265137,0.5843522548675537,0.9258830158273996,0.9238288833875801,0.9240929569263646
542,0.9573437571525574,0.456788569688797,0.9260937571525574,0.5815386772155762,0.9274557824032517,0.9257684847989581,0.9258252038319983
543,0.9586523175239563,0.4519396722316742,0.9223437309265137,0.5898206233978271,0.9239968144629569,0.9221167638731942,0.9221613432077223
544,0.9558789134025574,0.45925888419151306,0.9236719012260437,0.5818400979042053,0.9249080753896208,0.9234101683830462,0.9234128904647574
545,0.9599609375,0.45205557346343994,0.9247656464576721,0.5805904269218445,0.9260172188949325,0.9244523666767189,0.9244944199536267
546,0.9582421779632568,0.45580416917800903,0.9203906059265137,0.5978702902793884,0.9216340551158375,0.9201802503321245,0.920178633733922
547,0.9569726586341858,0.4566890299320221,0.926562488079071,0.5804798007011414,0.9275886194828402,0.9263229185317718,0.9262703000457722
548,0.9595312476158142,0.4551665484905243,0.927734375,0.5834329724311829,0.9291861212557908,0.9273784851392755,0.9274406313277062
549,0.9605273604393005,0.4489894509315491,0.9236719012260437,0.5963013768196106,0.9257470100323455,0.9232810583091398,0.923535843539874
550,0.9571288824081421,0.4544825255870819,0.9260937571525574,0.5827718377113342,0.927306466482111,0.9258973678651642,0.9259581845124373
551,0.957714855670929,0.4548856317996979,0.9248437285423279,0.5876178741455078,0.9262506660233019,0.9247365275481341,0.924708795774585
552,0.9564062356948853,0.4587284326553345,0.926562488079071,0.5824257135391235,0.927979256330936,0.9262289688041684,0.9263822144452347
553,0.9582421779632568,0.45607486367225647,0.9235937595367432,0.589244544506073,0.9249400926917455,0.923161980528201,0.9232409447148504
554,0.9575585722923279,0.4559512734413147,0.9271093606948853,0.5839470624923706,0.9285510906053964,0.9269169288725175,0.926988914567162
555,0.9594140648841858,0.4539289176464081,0.9250781536102295,0.5875118970870972,0.9264019011412226,0.9247154235744783,0.9249182158117003
556,0.9582226276397705,0.45144009590148926,0.9258593916893005,0.5894818902015686,0.9270254760069336,0.9257172873885903,0.9256923353838065
557,0.9595312476158142,0.4536602795124054,0.9300000071525574,0.5738376379013062,0.931253536594143,0.929827540770805,0.9298776893944278
558,0.9606054425239563,0.4506186246871948,0.9263281226158142,0.5850679278373718,0.9279850206880671,0.9260228503716845,0.9260949875591216
559,0.9576367139816284,0.45332545042037964,0.9244531393051147,0.5832943916320801,0.9259578894006838,0.9240145953904507,0.9241407959183324
560,0.9597461223602295,0.4499940574169159,0.9292187690734863,0.5784115791320801,0.9304071026281544,0.9288163481825812,0.9289774957390468
561,0.95703125,0.4540669322013855,0.9267968535423279,0.5874232649803162,0.928316200667543,0.9264877670854188,0.9266046771842783
562,0.9590625166893005,0.4489995837211609,0.9229687452316284,0.5957521796226501,0.9241958045655545,0.9225971249772453,0.9227154999209195
563,0.9587304592132568,0.45178109407424927,0.9242187738418579,0.5804517269134521,0.92580229792363,0.9237046366365875,0.9239971385704069
564,0.9589453339576721,0.4489774703979492,0.9302343726158142,0.576434850692749,0.931663903739834,0.929867426805779,0.9300155663345537
565,0.957324206829071,0.4534665048122406,0.925000011920929,0.583000659942627,0.9266644623786241,0.9246591994393294,0.9247892884709488
566,0.9564453363418579,0.4568714499473572,0.9239062666893005,0.5949199199676514,0.9252428978579138,0.9236259249571731,0.9237363172557744
567,0.9567773342132568,0.45585373044013977,0.9249218702316284,0.5799642205238342,0.9264036880317207,0.9245709264637542,0.924665102124517
568,0.956347644329071,0.4578123986721039,0.9228125214576721,0.5903589725494385,0.9242620822491947,0.9224988780269159,0.9226595655396953
569,0.9574804902076721,0.4569002091884613,0.9273437261581421,0.5786897540092468,0.9291003537926417,0.9269584224016815,0.9271845932253335
570,0.9571288824081421,0.45764368772506714,0.9254687428474426,0.5801560878753662,0.926617928912298,0.925158022628168,0.9252365998787281
571,0.9591211080551147,0.44830238819122314,0.9237499833106995,0.582456111907959,0.9252242351857772,0.9233948813683195,0.9235555675499293
572,0.9600585699081421,0.4488585293292999,0.9225780963897705,0.5873148441314697,0.9238275514915868,0.9220784751769646,0.9222027451212824
573,0.959667980670929,0.4460521638393402,0.9222656488418579,0.5886594653129578,0.923500051407813,0.9219755646824528,0.9220745899091376
574,0.9589062333106995,0.4499702453613281,0.9252343773841858,0.5799435973167419,0.9267100895554863,0.9248262073151605,0.9250149953930601
575,0.958691418170929,0.45017340779304504,0.9252343773841858,0.5791051387786865,0.9265951394879186,0.9248684034100736,0.9250154950110537
576,0.959765613079071,0.44487789273262024,0.927734375,0.5746551752090454,0.9290886788224986,0.9274626732977245,0.9275308928306127
577,0.9585742354393005,0.4490257501602173,0.9264843463897705,0.5857672691345215,0.9281246769566744,0.9261744423840357,0.9263110867912938
578,0.9571874737739563,0.45363131165504456,0.9247656464576721,0.5852685570716858,0.9262644906123788,0.9244572661784116,0.9245859850803975
579,0.9569726586341858,0.4555732309818268,0.9257031083106995,0.57962965965271,0.9272604724530296,0.9254008765850704,0.9256195568203223
580,0.9603320360183716,0.44614487886428833,0.9253125190734863,0.5749744176864624,0.9266007489746226,0.925097193762482,0.9251316337942752
581,0.9591601490974426,0.4515428841114044,0.9222656488418579,0.5836518406867981,0.9238160417501791,0.9220284677865821,0.9220723766168231
582,0.9584179520606995,0.45108941197395325,0.9204687476158142,0.5981915593147278,0.9218806362413582,0.920293146265091,0.920314577963381
583,0.957324206829071,0.4540538787841797,0.9257031083106995,0.5833938121795654,0.9270311537586916,0.9252853527142213,0.9254618427304241
584,0.9581249952316284,0.4527537524700165,0.9253906011581421,0.5850122570991516,0.927119321621905,0.9251224885279087,0.9252533434852235
585,0.9571484327316284,0.453868567943573,0.9249218702316284,0.5818482041358948,0.9265125431565998,0.9245620470449517,0.9247591716644366
586,0.9595507979393005,0.44910892844200134,0.9236719012260437,0.5865426063537598,0.9251220655402645,0.9234336857390514,0.9235229648890441
587,0.9579882621765137,0.4536474645137787,0.9257031083106995,0.5857136249542236,0.9268536634760618,0.9253885528183114,0.925381807319768
588,0.9581249952316284,0.4536917805671692,0.9219531416893005,0.5856220126152039,0.923515540969108,0.9214743643650134,0.9216345314938666
589,0.9592382907867432,0.44889581203460693,0.9254687428474426,0.5812175869941711,0.9268983292454398,0.9251112732360527,0.9252864309983311
590,0.9596874713897705,0.4483518898487091,0.9251562356948853,0.5791817307472229,0.9265633216433377,0.9248261235077251,0.9248980725718823
591,0.96044921875,0.4466078579425812,0.9264062643051147,0.5808252096176147,0.9278703411552005,0.9261266489819411,0.9262502976207312
592,0.9589648246765137,0.44944050908088684,0.9281250238418579,0.580111563205719,0.9295987401078241,0.9276668669425059,0.9279050126849262
593,0.9593945145606995,0.4469273090362549,0.9239843487739563,0.5805217027664185,0.9254763869981886,0.9236045025030661,0.9237798122170573
594,0.9583203196525574,0.4482377767562866,0.9252343773841858,0.587476909160614,0.9265601607505362,0.9249995407200515,0.9249874244063454
595,0.9597461223602295,0.4471968114376068,0.926562488079071,0.5776276588439941,0.9278766516700698,0.9261329171529153,0.9262531443607511
596,0.9581054449081421,0.44998088479042053,0.9261718988418579,0.5740311741828918,0.9272929963447736,0.925773042110011,0.9258217489257319
597,0.957812488079071,0.45249709486961365,0.9272656440734863,0.5768547058105469,0.9283830128273377,0.9269031417147007,0.9269230792629535
598,0.9589648246765137,0.44888100028038025,0.9200000166893005,0.5942448973655701,0.9214320343804645,0.9194478814140311,0.9197561283469398
599,0.9590429663658142,0.446670264005661,0.9254687428474426,0.5856640934944153,0.9269528927155727,0.9251215688376597,0.9252756274085984
600,0.9599609375,0.44980865716934204,0.9263281226158142,0.5846582055091858,0.927687248612221,0.9260995224318331,0.9260835734018229
601,0.9603906273841858,0.4461762309074402,0.9290624856948853,0.5734172463417053,0.9304676203125939,0.9288775944246889,0.9288492820801987
602,0.9582812786102295,0.4501664340496063,0.9272656440734863,0.5784103870391846,0.9287517945909253,0.9268597950719297,0.9270284732045736
603,0.9583593606948853,0.45140647888183594,0.9261718988418579,0.5807957649230957,0.9274455380698099,0.9260192413294467,0.9260713605050015
604,0.9584765434265137,0.4482325613498688,0.9285937547683716,0.5757071375846863,0.92983084981715,0.9283359669503322,0.9284401466035122
605,0.9610546827316284,0.44414669275283813,0.9234374761581421,0.5826491713523865,0.9248642428334984,0.9231574298867256,0.923187057416196
606,0.9588476419448853,0.4461996555328369,0.9229687452316284,0.5818896293640137,0.9245047345066874,0.9226627556827647,0.922811432240491
607,0.9611523151397705,0.4418933093547821,0.922656238079071,0.5782468914985657,0.9240938175601496,0.9225040966936263,0.9226191459329753
608,0.959277331829071,0.4475986361503601,0.9264062643051147,0.5771783590316772,0.9278797245796322,0.9261356560376713,0.9263448304681319
609,0.9607226848602295,0.4424571990966797,0.9247656464576721,0.5836498737335205,0.9264376665107756,0.924664711415703,0.9247198281172582
610,0.9592187404632568,0.44635841250419617,0.9282031059265137,0.5701805949211121,0.9298915318640204,0.9279949241502514,0.9282313315581857
611,0.9583398699760437,0.4510239362716675,0.9279687404632568,0.5759232044219971,0.929410285990224,0.927461151422305,0.9277375804570771
612,0.958984375,0.44706520438194275,0.9219531416893005,0.5903716683387756,0.9236257251206872,0.9215868965561593,0.9217425846994963
613,0.9578906297683716,0.44914889335632324,0.9272656440734863,0.5714568495750427,0.9287891884433569,0.9269127945481593,0.9270481421100686
614,0.9585156440734863,0.4458010494709015,0.9253125190734863,0.5814688801765442,0.9267466276184464,0.9250068574569297,0.925167934486709
615,0.9609765410423279,0.44614508748054504,0.9283593893051147,0.5707943439483643,0.92996449437975,0.9279440921510018,0.9281203638839342
616,0.9594922065734863,0.4456307888031006,0.9220312237739563,0.5908049941062927,0.9237739275213688,0.9217716120239878,0.92191081434616
617,0.9574609398841858,0.4537903964519501,0.9245312213897705,0.5860300660133362,0.9260436086453308,0.9241235682989992,0.9242517528510594
618,0.9584179520606995,0.45099711418151855,0.9243749976158142,0.5867145657539368,0.9258588212104131,0.9239876387955271,0.9241795334610075
619,0.9568945169448853,0.45521241426467896,0.9267968535423279,0.5778054594993591,0.9280694324477812,0.9264156788776321,0.9265121863234813
620,0.9578515887260437,0.4503662884235382,0.9280468821525574,0.5788636803627014,0.9296140965850215,0.9276942070212478,0.9278494758010758
621,0.959179699420929,0.4490054249763489,0.9279687404632568,0.5699238777160645,0.929149794264997,0.9276281701405614,0.9277528010080108
622,0.9599413871765137,0.4466577470302582,0.9286718964576721,0.5760982036590576,0.9300288846638181,0.928357637369978,0.9284358532526196
623,0.95947265625,0.4473322629928589,0.9278125166893005,0.5723475813865662,0.9294287508856847,0.9275258420712722,0.9277142556284838
624,0.9600781202316284,0.4434044659137726,0.9262499809265137,0.5812000036239624,0.9275880430579162,0.9258517858621265,0.9259958840121618
625,0.9592382907867432,0.45065510272979736,0.9278125166893005,0.5758275389671326,0.9291457425914345,0.9276650169110192,0.9277875215499651
626,0.9586328268051147,0.45077669620513916,0.9249218702316284,0.5845997929573059,0.926520642471614,0.9247679210466789,0.9248541563314853
627,0.9592187404632568,0.44882190227508545,0.9250781536102295,0.5633289813995361,0.9264448688194143,0.9247162941233409,0.9247916096718463
628,0.9599609375,0.44654467701911926,0.9275781512260437,0.5667273998260498,0.928847818561787,0.9272182434303169,0.9273757042679169
629,0.9595898389816284,0.4478176236152649,0.9290624856948853,0.5671579241752625,0.9304873369092219,0.9288490976734928,0.9289303419013593
630,0.9604296684265137,0.4454803466796875,0.9232812523841858,0.5783137083053589,0.9248275100822259,0.9229507142353564,0.9229757396831222
631,0.9588476419448853,0.4495706558227539,0.9276562333106995,0.5701215267181396,0.9293898103165243,0.9272496236468004,0.9274343686055944
632,0.9599609375,0.4457249343395233,0.9245312213897705,0.571691632270813,0.9260614618661351,0.9242851584701111,0.9243185395910956
633,0.9582617282867432,0.44975489377975464,0.9272656440734863,0.5726757645606995,0.9287578610655295,0.9269613089397801,0.9270755085004546
634,0.9606054425239563,0.4420703649520874,0.9303125143051147,0.5660363435745239,0.9319141757343186,0.9297000829440549,0.9299561940541685
635,0.9602148532867432,0.44439563155174255,0.926562488079071,0.569489598274231,0.9283739973549536,0.9261105617041705,0.9263668757002647
636,0.9593359231948853,0.4469209611415863,0.9305468797683716,0.5669207572937012,0.9323017649203672,0.9303012669447456,0.93049207654633
637,0.9593750238418579,0.4456021189689636,0.9300781488418579,0.5669538378715515,0.9316763010148468,0.9298290430896881,0.9298611158268967
638,0.9588476419448853,0.44854736328125,0.927734375,0.5753600597381592,0.9289057151985447,0.9275660936040933,0.9275657987108925
639,0.9577929973602295,0.45324161648750305,0.9286718964576721,0.5703319311141968,0.9300325649718661,0.928210818025403,0.9283726803911767
640,0.9611914157867432,0.4431847631931305,0.9273437261581421,0.5731486678123474,0.9289355821931471,0.9270046074617991,0.9270924501355585
641,0.9585937261581421,0.4473172128200531,0.9268749952316284,0.5709882974624634,0.9281799738145047,0.9265872176828216,0.9267193836287309
642,0.9591991901397705,0.44932982325553894,0.927734375,0.570976734161377,0.9291854725541286,0.9274719599115517,0.9275908074146767
643,0.9583593606948853,0.44806694984436035,0.9294531345367432,0.5732420682907104,0.9307965113122268,0.9290508884819042,0.9291991233856269
644,0.9581054449081421,0.4509619474411011,0.9266406297683716,0.5797615647315979,0.9278795092548227,0.9262285260892185,0.9263246738135853
645,0.9567773342132568,0.45054829120635986,0.9286718964576721,0.5701619982719421,0.9303195627175914,0.9284797633122901,0.9285499035915878
646,0.958300769329071,0.44913968443870544,0.9232031106948853,0.5775215029716492,0.9247255656592712,0.9230882630804402,0.92310126961225
647,0.9605859518051147,0.44403254985809326,0.9261718988418579,0.5766675472259521,0.9278662942679834,0.925826798100902,0.9260189853033107
648,0.9591405987739563,0.44761693477630615,0.9292187690734863,0.571826696395874,0.9305354164927929,0.9289448076028939,0.9289775232506912
649,0.9582226276397705,0.4480045437812805,0.9271093606948853,0.5717442631721497,0.9283902963873871,0.9267933167346225,0.9268001385903033
650,0.957714855670929,0.44945117831230164,0.930468738079071,0.5663564205169678,0.9321268594340711,0.9301670974596583,0.9303537482003706
651,0.9601367115974426,0.4461846947669983,0.9331250190734863,0.5619415044784546,0.9344292213670862,0.9326819746984363,0.9328077318306108
652,0.9588086009025574,0.449665904045105,0.9275000095367432,0.5704591870307922,0.9289263998781419,0.9272155221130973,0.9272984768974516
653,0.9591601490974426,0.4464965760707855,0.927734375,0.5699546933174133,0.9289574214506742,0.9274660804198378,0.927571573608269
654,0.9599609375,0.44275376200675964,0.931640625,0.5616825222969055,0.9325163099912275,0.9313928687229318,0.9313494784952675
655,0.9600976705551147,0.44302794337272644,0.9257031083106995,0.5776546597480774,0.9270699436331161,0.925331913765432,0.925475938164558
656,0.9604687690734863,0.44255152344703674,0.9296093583106995,0.5706402659416199,0.9310731779679678,0.9294045036362955,0.9295307142215683
657,0.9593945145606995,0.4468139708042145,0.9300000071525574,0.5614733099937439,0.9311519091754998,0.9297379588625628,0.9298079623589134
658,0.9595898389816284,0.442489355802536,0.9297656416893005,0.5681339502334595,0.9313319611440418,0.9294228709952836,0.9295834460628555
659,0.9606835842132568,0.4429655075073242,0.9271875023841858,0.5703805088996887,0.9287659747598027,0.9269502368444374,0.9270897973584074
660,0.9586718678474426,0.44681254029273987,0.9286718964576721,0.5777762532234192,0.9301544711387746,0.9283112723652864,0.9284875091334229
661,0.9593945145606995,0.44469088315963745,0.9282031059265137,0.5695377588272095,0.9296915805997931,0.9277556638157771,0.927967279147242
662,0.9604296684265137,0.4455372095108032,0.9274218678474426,0.5701696276664734,0.9290850930642334,0.9272227774249868,0.9272778302906264
663,0.9619336128234863,0.4387340545654297,0.9290624856948853,0.5714617967605591,0.9308448747583644,0.928702035697241,0.9289084691571052
664,0.9593554735183716,0.44414252042770386,0.9292187690734863,0.5699618458747864,0.9307645511527551,0.9290129510153775,0.9291304097810693
665,0.9608398675918579,0.4426403343677521,0.928515613079071,0.5735829472541809,0.9299603691160961,0.9283287993110023,0.9284284139208356
666,0.9608789086341858,0.44320908188819885,0.9285937547683716,0.5718338489532471,0.9301343030606218,0.9282098438286279,0.9284084320056185
667,0.9591015577316284,0.44650664925575256,0.9282031059265137,0.5773046612739563,0.9295682868482735,0.9280519046995167,0.9281497518662593
668,0.9594922065734863,0.44228965044021606,0.9295312762260437,0.5688393712043762,0.9308676531274995,0.9292849913298302,0.9293745873249861
669,0.9586523175239563,0.4451955556869507,0.9317968487739563,0.5639923214912415,0.9332005231161862,0.9315572720629326,0.9317207324971752
670,0.9601953029632568,0.4446766972541809,0.9274218678474426,0.5787999629974365,0.9289271462767619,0.927174548732099,0.9272337113976437
671,0.9590429663658142,0.4448660910129547,0.9317187666893005,0.5649710893630981,0.9333660950269621,0.9314409874651686,0.9316409945708626
672,0.961621105670929,0.4422878921031952,0.9296875,0.5623009204864502,0.9313035867777624,0.9293592166899795,0.9295476801856333
673,0.9588671922683716,0.44465920329093933,0.9270312786102295,0.5693798661231995,0.9285461349560967,0.926742111902808,0.926782195970735
674,0.9599804878234863,0.4428403973579407,0.9242968559265137,0.5771341323852539,0.9257981896872649,0.924026324120955,0.9240597998744392
675,0.9605859518051147,0.44107115268707275,0.9264843463897705,0.5732052326202393,0.9276331948069667,0.9261596366749842,0.92625325101584
676,0.9569726586341858,0.450693815946579,0.928515613079071,0.5583077669143677,0.9300018807271504,0.9280286765743728,0.9282239362567486
677,0.9601953029632568,0.44006234407424927,0.9293749928474426,0.5703909397125244,0.9308411459914755,0.9289336462216161,0.9290745415157522
678,0.9582617282867432,0.4455341100692749,0.9278905987739563,0.5656733512878418,0.9293303006479334,0.9275568440874489,0.9276563043858046
679,0.9584570527076721,0.4474450349807739,0.9298437237739563,0.5704205632209778,0.9313396821524665,0.929303315805596,0.9295728258348106
680,0.9609765410423279,0.44368159770965576,0.9254687428474426,0.5716328620910645,0.9268715502262423,0.9250244003703001,0.9251734361809112
681,0.96044921875,0.4399804174900055,0.9299218654632568,0.5687302350997925,0.9310941581027746,0.9294953718639165,0.9296365140369321
682,0.9600781202316284,0.43969517946243286,0.9319531321525574,0.5652825832366943,0.9334786248570248,0.931515114282279,0.9318097258509799
683,0.9607226848602295,0.44011521339416504,0.927734375,0.5665798783302307,0.9295790726185116,0.9274013684626704,0.9276832545802183
684,0.9603320360183716,0.4411861002445221,0.9273437261581421,0.5749472975730896,0.9289112372912246,0.9269527861418292,0.927057355029286
685,0.9610156416893005,0.43907421827316284,0.9297656416893005,0.5754218101501465,0.9312825316957147,0.9294115983497717,0.9295653909055205
686,0.9614062309265137,0.4369398355484009,0.9281250238418579,0.5703837871551514,0.9297697325509418,0.9277144462739395,0.9278705772708098
687,0.9604101777076721,0.4410490095615387,0.9290624856948853,0.5760719180107117,0.9306246427378215,0.9287595886061717,0.9287994997446921
688,0.9609960913658142,0.4429430067539215,0.9311718940734863,0.5630508065223694,0.93254384139026,0.9307495068345669,0.9308568361904443
689,0.9606835842132568,0.44134455919265747,0.9280468821525574,0.5726878643035889,0.9293386216513162,0.9276350561906366,0.9276909005585989
690,0.9613085985183716,0.43850013613700867,0.9279687404632568,0.5681447982788086,0.9291185250038907,0.9274876158462324,0.9275940559495666
691,0.9583984613418579,0.4434833526611328,0.9270312786102295,0.5728959441184998,0.9282795032975413,0.9267990166998435,0.9268834060986766
692,0.9608593583106995,0.4391722083091736,0.9274218678474426,0.5670760869979858,0.9287779405894407,0.9269220311259516,0.9270545190280659
693,0.9580078125,0.44506630301475525,0.9284374713897705,0.5716161131858826,0.9299634765442824,0.9281853299083085,0.9282773849694366
694,0.9607617259025574,0.4414139986038208,0.9276562333106995,0.5757337212562561,0.9292058218552394,0.927492080846015,0.927603692202849
695,0.9572460651397705,0.4492720365524292,0.922656238079071,0.5806111693382263,0.9241756784023609,0.9223898076641418,0.9224446469911552
696,0.9568945169448853,0.45128101110458374,0.9255468845367432,0.5756047964096069,0.92699251749298,0.9253152167797317,0.9253652116868978
697,0.9596874713897705,0.44478094577789307,0.9267187714576721,0.5790955424308777,0.9283542351403156,0.926389174549653,0.9265102278469919
698,0.9597070217132568,0.44175103306770325,0.9300781488418579,0.5604419708251953,0.9315657191974103,0.9297750494865238,0.9298594815736878
699,0.9594140648841858,0.44388842582702637,0.9285937547683716,0.5590059757232666,0.9301109593346554,0.9281130015670667,0.9282858418743418
700,0.9582812786102295,0.44638001918792725,0.92578125,0.5792900323867798,0.9272788379522332,0.9254870794966592,0.9255581339213539
701,0.9586328268051147,0.4475244879722595,0.9284374713897705,0.5660684108734131,0.9299688326960924,0.9280663105230749,0.9281732820403324
702,0.9597851634025574,0.44320565462112427,0.9314062595367432,0.5647777915000916,0.9330208050206141,0.9311406151790058,0.9312460228812149
703,0.9610351324081421,0.4395226240158081,0.9296875,0.5622760057449341,0.9314161164370267,0.929463883334875,0.9296240425145836
704,0.9607812762260437,0.4380584955215454,0.9292968511581421,0.5714979767799377,0.9308865608140501,0.9289937308686405,0.9291317209019327
705,0.958203136920929,0.44667184352874756,0.9286718964576721,0.5677013993263245,0.9302393924532002,0.9283404776960595,0.9284795943761253
706,0.9588281512260437,0.4471549987792969,0.9256250262260437,0.5697267651557922,0.9273579015589763,0.9253782121087322,0.9254967286888427
707,0.95947265625,0.44263458251953125,0.9292968511581421,0.5722982287406921,0.9308944911118384,0.9289958566579766,0.929093928645979
708,0.9613476395606995,0.4373047351837158,0.9328906536102295,0.5631089806556702,0.9342425644098672,0.9325461213969621,0.9326302776759473
709,0.9587695598602295,0.4454112946987152,0.9325781464576721,0.5652861595153809,0.9337364252340667,0.9323431989431505,0.9323999652909529
710,0.9602929949760437,0.4403122663497925,0.9295312762260437,0.5654249787330627,0.9309784054400223,0.9292155940375442,0.9293719306765118
711,0.9602929949760437,0.4403093457221985,0.9325781464576721,0.5663450360298157,0.9339483367920409,0.9323303965118792,0.9324424052902263
712,0.9595116972923279,0.44438400864601135,0.9298437237739563,0.5762802362442017,0.9310148705574366,0.9295648541738237,0.9295816315828644
713,0.9590234160423279,0.44447752833366394,0.9317187666893005,0.5705692768096924,0.9332040265403037,0.931394348886369,0.9314716814578918
714,0.9610937237739563,0.4408619999885559,0.9271875023841858,0.5744388699531555,0.9289536898308846,0.9268612147883375,0.9269319344595353
715,0.9577538967132568,0.44944536685943604,0.9276562333106995,0.5720250606536865,0.9290366051814949,0.927249720942932,0.9273921933816485
716,0.9567968845367432,0.45217564702033997,0.9315624833106995,0.5574855208396912,0.9327635406381976,0.9312114204180081,0.9312710635447153
717,0.9597265720367432,0.44174450635910034,0.9300781488418579,0.5578567385673523,0.9313399732563528,0.9298089155895745,0.9298359349185448
718,0.9607031345367432,0.43736106157302856,0.9319531321525574,0.5680025815963745,0.9332225380826155,0.9316159558556298,0.9317706123242161
719,0.9609570503234863,0.43817028403282166,0.9307812452316284,0.5580967664718628,0.9321729043599885,0.9303813182172607,0.9304719677903582
720,0.9613671898841858,0.43686798214912415,0.9286718964576721,0.5637757778167725,0.9299751699406077,0.9284854494988136,0.9285868627099567
721,0.9602148532867432,0.43813812732696533,0.930468738079071,0.5657286643981934,0.9317227657960057,0.9300613629022866,0.930129016769083
722,0.9602929949760437,0.4389679431915283,0.9287499785423279,0.5691612362861633,0.9300836151140903,0.9284900450251488,0.9285547932009175
723,0.9611523151397705,0.437791645526886,0.9293749928474426,0.5631570816040039,0.9306948347739886,0.9292973281095951,0.9293562620713423
724,0.9613085985183716,0.436437726020813,0.9279687404632568,0.5664639472961426,0.9294185378719536,0.9279764640233297,0.9279888311209743
725,0.9607031345367432,0.4376608729362488,0.9300781488418579,0.5668842196464539,0.93138944274111,0.9298485662431966,0.9299658455874142
726,0.9601171612739563,0.4413181245326996,0.9279687404632568,0.5700502395629883,0.92959208427677,0.927696509663976,0.9278166181849015
727,0.9585742354393005,0.4437565505504608,0.9286718964576721,0.5738310217857361,0.9302482655548954,0.9286403059549682,0.9285863288558132
728,0.9582421779632568,0.4466586709022522,0.9279687404632568,0.5714224576950073,0.9295849260728533,0.9276484198955743,0.9277861579091595
729,0.9599804878234863,0.44205883145332336,0.9310937523841858,0.5682730674743652,0.9327783449839622,0.9309116534627071,0.930947656510963
730,0.9608789086341858,0.4384467601776123,0.9275781512260437,0.5737881064414978,0.9290857737967417,0.9274158839643158,0.9274643227703744
731,0.9588281512260437,0.44455745816230774,0.9310156106948853,0.5677633881568909,0.9325637536178277,0.9306167917729657,0.9307816114983919
732,0.9611523151397705,0.43927520513534546,0.9328906536102295,0.5600788593292236,0.9342960312676232,0.9326222142996743,0.9326891374761506
733,0.9618359208106995,0.4377163350582123,0.9303905963897705,0.5726416707038879,0.9318090432638562,0.9299862074920693,0.930048167413358
734,0.9617773294448853,0.4354085624217987,0.9270312786102295,0.5680927634239197,0.9284360387140045,0.9267482284799518,0.9267828767333439
735,0.9612109661102295,0.4392068386077881,0.9286718964576721,0.5680407881736755,0.9299509035547688,0.928447508747118,0.9284582393820859
736,0.9599023461341858,0.440409779548645,0.9281250238418579,0.5729469656944275,0.9294363089392924,0.928032338128646,0.9279934793952225
737,0.9600781202316284,0.4411812722682953,0.9306250214576721,0.5601996779441833,0.931783132232856,0.9303160474348978,0.9304187347805777
738,0.9604882597923279,0.4412766396999359,0.9283593893051147,0.5664660930633545,0.9296153306117173,0.9279788674880205,0.9280234220258441
739,0.9589257836341858,0.44332703948020935,0.9292968511581421,0.570425271987915,0.9305033425551865,0.9291197692427233,0.9290661423681368
740,0.9603906273841858,0.4393433630466461,0.9302343726158142,0.5654534697532654,0.9314991689568797,0.9298805323832593,0.929959490683383
741,0.9594531059265137,0.44200360774993896,0.9311718940734863,0.559097170829773,0.9324822538240416,0.9309284839784758,0.9309825268018583
742,0.9590234160423279,0.4410247504711151,0.9283593893051147,0.5675298571586609,0.9299083412369344,0.9283163703443136,0.9281935219060845
743,0.9623047113418579,0.4334099292755127,0.9287499785423279,0.557041347026825,0.9304902119303842,0.9283053714635645,0.92847195027869
744,0.9602734446525574,0.44228553771972656,0.9303125143051147,0.5678656101226807,0.9318463921359972,0.9299398972487192,0.9301708637938917
745,0.9593554735183716,0.443243145942688,0.9303905963897705,0.5642478466033936,0.9317993586610599,0.9301911664928414,0.9302724055651699
746,0.9613085985183716,0.4394929111003876,0.9298437237739563,0.5639363527297974,0.9312882343880979,0.9295847279056197,0.9295905416974692
747,0.9584179520606995,0.4460170865058899,0.9323437213897705,0.5629101395606995,0.9340011958947301,0.9320773668045781,0.93225185156892
748,0.9610742330551147,0.4373580515384674,0.932421863079071,0.560438871383667,0.9335909869275594,0.932057901014575,0.9321719632274185
749,0.9593554735183716,0.4401863217353821,0.9291406273841858,0.5650932788848877,0.9304802137265962,0.9288130440290621,0.9289592194467831
750,0.9606249928474426,0.4395371377468109,0.9329687356948853,0.5651254057884216,0.9348253341201623,0.9325649946331814,0.9328655506820116
751,0.9623827934265137,0.4347943067550659,0.9315624833106995,0.561690092086792,0.9331553070253207,0.9311582486091596,0.9313091611124454
752,0.9589648246765137,0.44497260451316833,0.9275000095367432,0.5695037245750427,0.9289895330604224,0.9273454541613732,0.9273654416022077
753,0.9591991901397705,0.4431957006454468,0.9259374737739563,0.5768944025039673,0.9275261970389286,0.9256691207694983,0.9258275465288601
754,0.9596484303474426,0.4422866404056549,0.9314844012260437,0.5629829168319702,0.9326815691035701,0.9312067925070142,0.931285222346804
755,0.9569140672683716,0.4488886594772339,0.9321093559265137,0.557149350643158,0.9335591157429297,0.9319058103805326,0.9319865853929283
756,0.9606054425239563,0.44216930866241455,0.9282812476158142,0.5702300071716309,0.9297701961919898,0.9279700997330897,0.9280813767307297
757,0.9588671922683716,0.4451514482498169,0.9283593893051147,0.5767137408256531,0.9300667620358108,0.9282501423490056,0.9282395185561787
758,0.9600585699081421,0.4391214847564697,0.9296875,0.5660834312438965,0.9308823444254186,0.9296430581718089,0.9295506542136193
759,0.9599804878234863,0.44163429737091064,0.9345312714576721,0.5566503405570984,0.9359266454268493,0.9344427127120436,0.9344509171641512
760,0.9617382884025574,0.4378887116909027,0.9296875,0.5696395039558411,0.9309494043316716,0.9294867407492438,0.9294634364310452
761,0.961230456829071,0.4367324411869049,0.9321093559265137,0.5563381314277649,0.9332268604135929,0.9320143205867157,0.9319460822924321
762,0.9614648222923279,0.4372342824935913,0.9315624833106995,0.5601382255554199,0.9329078251165839,0.9314005799516047,0.9314542528620489
763,0.9596484303474426,0.43937546014785767,0.9296093583106995,0.5638553500175476,0.9309573855339798,0.9294405056460215,0.929472654088203
764,0.9596484303474426,0.4431581497192383,0.9312499761581421,0.5641807913780212,0.9329490809480632,0.9310223200967831,0.9312013617478323
765,0.9606054425239563,0.44025424122810364,0.9295312762260437,0.5637407898902893,0.930820253884586,0.9294418681761589,0.929405446889485
766,0.9602148532867432,0.4403883218765259,0.9300000071525574,0.5662555694580078,0.9314311129908314,0.9298496952588793,0.9298589041550392
767,0.9612500071525574,0.4395182728767395,0.9306250214576721,0.5625353455543518,0.9321667658060626,0.9304699198428947,0.9305370565356117
768,0.9601171612739563,0.4424917995929718,0.9310937523841858,0.561476469039917,0.9327191256691261,0.9309165055833564,0.9310249145324178
769,0.961230456829071,0.4358268082141876,0.9310156106948853,0.5605111122131348,0.9326865785134286,0.9308253983099843,0.9309808599724865
770,0.9594140648841858,0.43976402282714844,0.93359375,0.5590503811836243,0.935017964033695,0.9334138705390825,0.9334307089462415
771,0.9598242044448853,0.4392410218715668,0.928906261920929,0.5729836821556091,0.9305028801716935,0.9287274122820777,0.9287970843974518
772,0.9600585699081421,0.44229698181152344,0.9297656416893005,0.565318763256073,0.9310601528744972,0.9294428065597377,0.929532500950567
773,0.9619140625,0.43500807881355286,0.9294531345367432,0.5554507970809937,0.930714002177201,0.9291709702105373,0.9292461660839698
774,0.9621679782867432,0.43576163053512573,0.9278905987739563,0.564380407333374,0.9293034548421298,0.9274985228690811,0.9275802993857779
775,0.9633593559265137,0.43239814043045044,0.928515613079071,0.5633885264396667,0.9293480682294888,0.9280192109948535,0.9280548278619067
776,0.9627148509025574,0.43025684356689453,0.9292968511581421,0.5637321472167969,0.9306587705464524,0.9291306984048799,0.9291524039622183
777,0.961230456829071,0.43787872791290283,0.9300781488418579,0.5540298223495483,0.931262187300679,0.9297034124139069,0.9298195992952614
778,0.9603124856948853,0.4395880103111267,0.930468738079071,0.5564700365066528,0.9318111731309349,0.9302752450855623,0.9303189645125951
779,0.9609375,0.435596764087677,0.9309375286102295,0.5632122159004211,0.9322969103356616,0.9306578710910998,0.9307826904005787
780,0.9611718654632568,0.439856618642807,0.9258593916893005,0.5733516216278076,0.927198795253866,0.9255923640638217,0.9256966421304648
781,0.960156261920929,0.4386948049068451,0.9291406273841858,0.5588183403015137,0.9304335323494755,0.9288343846918903,0.929002244001739
782,0.9593750238418579,0.4402199983596802,0.9310156106948853,0.5613817572593689,0.9326036070471118,0.9307367004112325,0.9308947803452889
783,0.9603124856948853,0.4421057403087616,0.9305468797683716,0.5600219368934631,0.9320352889273662,0.9302148091917559,0.930339576544841
784,0.9604101777076721,0.438973993062973,0.9288281202316284,0.5653837323188782,0.9305332451849843,0.9285393272475256,0.9286767484596503
785,0.961718738079071,0.435453325510025,0.9291406273841858,0.5669524669647217,0.9307712321222784,0.9286858465837263,0.9288364722204597
786,0.9608203172683716,0.4373934268951416,0.9319531321525574,0.558901309967041,0.9331821484795791,0.9317245186536934,0.9317926230508704
787,0.9633398652076721,0.4294663667678833,0.9292968511581421,0.560477614402771,0.9307136876667931,0.9289553768121965,0.9290800668618245
788,0.9601953029632568,0.4355197250843048,0.93359375,0.5554449558258057,0.9349889483341356,0.9333200619991859,0.9333955686881049
789,0.9602148532867432,0.43978822231292725,0.9325781464576721,0.5550556778907776,0.9337584812376608,0.9323559130842449,0.932401863966565
790,0.9599609375,0.43922993540763855,0.930468738079071,0.5605096817016602,0.9316651238950217,0.9301648014750366,0.9302836039435607
791,0.9601367115974426,0.4422158896923065,0.9252343773841858,0.5736214518547058,0.9267036044022796,0.9251573669995246,0.9251462618243069
792,0.9609375,0.43689456582069397,0.9291406273841858,0.5631287097930908,0.9306176915424331,0.9289813840573437,0.9289768699243509
793,0.960742175579071,0.4388510584831238,0.9309375286102295,0.5593050122261047,0.9323935696453506,0.9306785220929235,0.9308371682875172
794,0.9618164300918579,0.43578338623046875,0.9301562309265137,0.5649254322052002,0.9317014863452316,0.9297559315946143,0.9300101656245168
795,0.9621288776397705,0.4338487982749939,0.9346093535423279,0.5508487224578857,0.9358940090069688,0.93431767980475,0.9344793485008098
796,0.96142578125,0.4363482594490051,0.9283593893051147,0.5702365040779114,0.9297026924870871,0.9280871440997269,0.9282172617503559
797,0.9606640338897705,0.4369061589241028,0.9337499737739563,0.5537548065185547,0.9348334638948674,0.9334562316965094,0.9335100196819457
798,0.9608203172683716,0.43213698267936707,0.9284374713897705,0.5633804202079773,0.9297800118880466,0.9281208273169725,0.9282715116534026
799,0.9623827934265137,0.4338850677013397,0.926562488079071,0.5708184242248535,0.9277594188450817,0.9263895324947194,0.9263854335357862
800,0.9602148532867432,0.4369950592517853,0.9300000071525574,0.5613705515861511,0.9313361999014299,0.9298677073391264,0.929912395820389
801,0.9616015553474426,0.4341776371002197,0.9317968487739563,0.558769941329956,0.9330953552175459,0.9316161950497439,0.9317282745685711
802,0.9589062333106995,0.4396710693836212,0.9273437261581421,0.5766079425811768,0.9289973500501031,0.927054828880248,0.9272141685320621
803,0.9596484303474426,0.4424554705619812,0.9317968487739563,0.5603541731834412,0.9331059376728988,0.9316302636803638,0.9316291591193544
804,0.960644543170929,0.4384394884109497,0.9273437261581421,0.5721412301063538,0.9288590660539472,0.9271641817574356,0.9272643142965447
805,0.9598437547683716,0.43921414017677307,0.9292187690734863,0.5671592354774475,0.9307308145259434,0.9288469669180506,0.9290290558678324
806,0.9598047137260437,0.44044360518455505,0.9278905987739563,0.5679667592048645,0.9295977802840353,0.9276719044759989,0.927822095566625
807,0.9595312476158142,0.4407944977283478,0.9314062595367432,0.5641833543777466,0.9329654634449283,0.9311870631741286,0.9313097464462773
808,0.9619140625,0.4358873665332794,0.9321093559265137,0.5552412867546082,0.9334151188390317,0.9320455016979592,0.932052534787726
809,0.9620312452316284,0.43525946140289307,0.9303905963897705,0.5698415040969849,0.9317105743909051,0.9301716288208184,0.9302903847013294
810,0.9622851610183716,0.43301159143447876,0.926953136920929,0.5718103051185608,0.9286194272854311,0.9268474746027255,0.9269528845065458
811,0.9596874713897705,0.44043174386024475,0.9286718964576721,0.5720230340957642,0.9298952754828824,0.9283880355476368,0.9284508700526416
812,0.9600585699081421,0.438405305147171,0.9284374713897705,0.572449266910553,0.9295990782852382,0.928268458504049,0.9282379592386338
813,0.9607617259025574,0.4370095729827881,0.9275000095367432,0.5706585049629211,0.9286174339499091,0.9272212172723575,0.9272901560403729
814,0.9594336152076721,0.4378174841403961,0.9300000071525574,0.577542245388031,0.9310526044340814,0.9298385725795508,0.9298403897662151
815,0.9591601490974426,0.441843718290329,0.9261718988418579,0.568854033946991,0.9274438023751037,0.9259748961565506,0.925947902273486
816,0.9599999785423279,0.4368983507156372,0.9284374713897705,0.5757340788841248,0.9299936470224766,0.9281833680381167,0.9282299644046113
817,0.9604296684265137,0.4364062547683716,0.9287499785423279,0.5683175921440125,0.9300454141723979,0.9284553865723717,0.9284652721351461
818,0.9598047137260437,0.4389677941799164,0.9254687428474426,0.5729295611381531,0.9270609875971715,0.9252128663000573,0.9252917450572575
819,0.9633984565734863,0.4283312261104584,0.9345312714576721,0.5582430362701416,0.9358784478892976,0.9343130853985926,0.9343854313322192
820,0.9615429639816284,0.43670520186424255,0.9275781512260437,0.5692325234413147,0.9288730826035074,0.9273120904548624,0.9273281696344615
821,0.9611718654632568,0.4348989725112915,0.9279687404632568,0.5649197101593018,0.929258053820543,0.9277371407133927,0.9278065060439913
822,0.9620116949081421,0.4341019093990326,0.9296093583106995,0.5710551142692566,0.9308945523119435,0.9293841416372565,0.9293772433984545
823,0.960644543170929,0.4356769621372223,0.9310937523841858,0.5693168640136719,0.9324134917522053,0.9307893060982274,0.9308741222696069
824,0.960156261920929,0.43629753589630127,0.9322656393051147,0.5592724084854126,0.9337793231272822,0.9321030546408828,0.932184598538413
825,0.9599804878234863,0.4380444586277008,0.9301562309265137,0.5662198066711426,0.9317132641771615,0.9300359607676992,0.9300976688398018
826,0.9604882597923279,0.43860024213790894,0.9264843463897705,0.5731781125068665,0.9278981292650701,0.9263278047810588,0.9263373904252499
827,0.9620702862739563,0.43153059482574463,0.9314844012260437,0.5564132928848267,0.9328543482414706,0.9310973105894453,0.9312125535953989
828,0.9606835842132568,0.43645772337913513,0.9310937523841858,0.5631422996520996,0.9325572568760185,0.930754377841503,0.9308737484268929
829,0.9602734446525574,0.4367278814315796,0.9322656393051147,0.5665084719657898,0.9334946078535128,0.9319110275987739,0.9320175758598865
830,0.9605273604393005,0.4350358843803406,0.9259374737739563,0.5771971940994263,0.9274502573023404,0.9258296223856075,0.9258261930195939
831,0.9613671898841858,0.4354301393032074,0.9305468797683716,0.5615167617797852,0.9315971618518238,0.9303032312125796,0.930276838280393
832,0.9607617259025574,0.43618595600128174,0.9261718988418579,0.5737897753715515,0.9273917716009068,0.9259608176076081,0.9260855304530218
833,0.9608789086341858,0.43594253063201904,0.9312499761581421,0.5621212720870972,0.9326809019390992,0.9309640072866151,0.9311110950963817
834,0.9607226848602295,0.4348432421684265,0.9292187690734863,0.5731777548789978,0.9303713638909591,0.9292377914831883,0.9291687729792848
835,0.960742175579071,0.4381709396839142,0.9321874976158142,0.5765218734741211,0.9335550619942271,0.9319794424251402,0.9320933083067147
836,0.9618164300918579,0.4329363703727722,0.9323437213897705,0.5583541393280029,0.9333575858269703,0.932180259609537,0.9322076434110316
837,0.9599999785423279,0.4367077350616455,0.9283593893051147,0.5678805708885193,0.9298507463687156,0.9282598639323165,0.9283154686363597
838,0.9608984589576721,0.4353554844856262,0.9317187666893005,0.565097987651825,0.9329090329572762,0.9314840071780307,0.931576700936982
839,0.9616015553474426,0.43440529704093933,0.9302343726158142,0.5681952834129333,0.9316609242653047,0.9300165415841766,0.9300662674382804
840,0.9635546803474426,0.4281877279281616,0.932421863079071,0.5611417293548584,0.9337637578568065,0.9322972471126827,0.9322811078685781
841,0.9619531035423279,0.4311109781265259,0.9298437237739563,0.564818263053894,0.9311079742886563,0.9296631232733569,0.9296895623462736
842,0.9619922041893005,0.4319725036621094,0.9329687356948853,0.5654113292694092,0.9341829612085408,0.932852525658161,0.9328660379558203
843,0.9598827958106995,0.4357958734035492,0.9305468797683716,0.564217746257782,0.9318975536303047,0.9304128513891291,0.9304615720849043
844,0.9597461223602295,0.4353289306163788,0.9352343678474426,0.5567606091499329,0.9365338443276935,0.9349662975671861,0.9351250015178876
845,0.9612500071525574,0.43428751826286316,0.9319531321525574,0.562734842300415,0.9331261914835614,0.9316351053052363,0.9317230362773101
846,0.96044921875,0.43730372190475464,0.9299218654632568,0.5652053952217102,0.9313541824812125,0.9297808549381614,0.9298572987063054
847,0.9595507979393005,0.43811357021331787,0.9318749904632568,0.565606951713562,0.9333273691641517,0.9315810364691405,0.931641206320331
848,0.9614062309265137,0.43092238903045654,0.9283593893051147,0.5705125331878662,0.9296261678259149,0.9280672944497211,0.9281350273250188
849,0.9615429639816284,0.43138444423675537,0.9291406273841858,0.5576847195625305,0.9307619856689014,0.9290408605745636,0.9289927295342277
850,0.9614648222923279,0.4311213195323944,0.9302343726158142,0.559349536895752,0.9321340041550821,0.9300777825991656,0.9302118355066543
851,0.961621105670929,0.43353497982025146,0.9323437213897705,0.5551186203956604,0.9339537037240513,0.9320122617579789,0.9322057011446866
852,0.9627344012260437,0.4295760989189148,0.930468738079071,0.5547885298728943,0.9321617390132764,0.9301181842751572,0.9303306927942734
853,0.9611523151397705,0.4315425157546997,0.9309375286102295,0.5624729990959167,0.9326677917643242,0.9305833812328403,0.9307091114281492
854,0.9618164300918579,0.4309746026992798,0.9332812428474426,0.5511317253112793,0.9346714424386864,0.9329259826720091,0.9330764229523771
855,0.9618945121765137,0.43170344829559326,0.9298437237739563,0.5574229955673218,0.9310948992565253,0.9296713533005699,0.9297489945803917
856,0.9589648246765137,0.4386835992336273,0.9257031083106995,0.5751850605010986,0.9272467596546228,0.9255546040515897,0.9257051742707803
857,0.9588086009025574,0.43809613585472107,0.9301562309265137,0.5562653541564941,0.9317838213538228,0.9299919782174113,0.930110700709792
858,0.9597070217132568,0.43790698051452637,0.9300000071525574,0.5629042387008667,0.9313910622170881,0.9296680562885987,0.9298371254472194
859,0.9608593583106995,0.43392887711524963,0.9297656416893005,0.5567586421966553,0.9313534620717248,0.9294411923581116,0.9295694225157918
860,0.9624218940734863,0.43072617053985596,0.9350000023841858,0.550147294998169,0.9361614385089707,0.93466336191336,0.9347497736051635
861,0.9614648222923279,0.43213585019111633,0.9274218678474426,0.5559700131416321,0.9286111485974522,0.9270689641050753,0.9271436600233474
862,0.961230456829071,0.43460768461227417,0.9303905963897705,0.5542634725570679,0.932039508391462,0.9301499077744665,0.9303005329207124
863,0.9599804878234863,0.43584662675857544,0.9285937547683716,0.5557730793952942,0.9296722206943107,0.928281706477734,0.9283308135130595
864,0.9597461223602295,0.43928733468055725,0.9303125143051147,0.5608639717102051,0.9318829830666937,0.9301572399645068,0.9301627876622478
865,0.9610351324081421,0.43716561794281006,0.9297656416893005,0.5639354586601257,0.93110390072583,0.929547242347817,0.9296402612475714
866,0.9605273604393005,0.4362332224845886,0.9285937547683716,0.5615383982658386,0.9297800253919339,0.9283044895618413,0.928405035630125
867,0.9603124856948853,0.4381990432739258,0.932421863079071,0.5547351241111755,0.9335784435473713,0.9321662383124638,0.9322862482036616
868,0.9602929949760437,0.4373972415924072,0.9297656416893005,0.5621782541275024,0.9312518942745663,0.9294102515368006,0.9295891429798191
869,0.9614062309265137,0.4324943423271179,0.9300000071525574,0.5565527677536011,0.9314155695430217,0.9296485046294645,0.9297770388494866
870,0.9603124856948853,0.4344794452190399,0.9295312762260437,0.561333417892456,0.9307995273930514,0.9294686785750064,0.9293057421388734
871,0.9627734422683716,0.4326086938381195,0.9279687404632568,0.5596184134483337,0.9294129902185035,0.9278631140559686,0.9278985998095226
872,0.9620507955551147,0.43136367201805115,0.9321874976158142,0.558179497718811,0.933691026827918,0.9318928872126505,0.9321065157886145
873,0.9616601467132568,0.43058452010154724,0.9259374737739563,0.5658048987388611,0.9276537007384773,0.9258215500657053,0.9259473510900217
874,0.9609179496765137,0.4336911141872406,0.9271875023841858,0.5728166103363037,0.9287880440825422,0.9269314582149657,0.9270424056678025
875,0.9632226824760437,0.427920937538147,0.9270312786102295,0.5721418857574463,0.9284151343106439,0.926844127942564,0.9268107307443703
876,0.9596288800239563,0.4343770146369934,0.9279687404632568,0.560996949672699,0.9294520736709241,0.9275711662138812,0.9276750611513174
877,0.9616992473602295,0.43013995885849,0.9278905987739563,0.5614029765129089,0.9296908325319527,0.9277009969810326,0.9278709864067748
878,0.9600390791893005,0.43586841225624084,0.9300781488418579,0.5583345293998718,0.9318795803720842,0.9298945533875802,0.930023091621516
879,0.9603320360183716,0.4345709979534149,0.9314844012260437,0.5471887588500977,0.9329864738941911,0.9312830002731785,0.9313555188193068
880,0.9615820050239563,0.4322761297225952,0.9314844012260437,0.5525690317153931,0.9328713156607833,0.9313240299782548,0.9313435595283187
881,0.9600976705551147,0.43803760409355164,0.9342187643051147,0.5501910448074341,0.9356671823271571,0.9339595853817126,0.9340052722184249
882,0.9609765410423279,0.4346459209918976,0.9318749904632568,0.5536195635795593,0.9330876587851102,0.9317070955881006,0.9317048459964095
883,0.9591601490974426,0.43936002254486084,0.9292968511581421,0.5650255680084229,0.9309010905106412,0.9290570497421738,0.9291763369837389
884,0.9593554735183716,0.4386827051639557,0.9296093583106995,0.5653431415557861,0.9313692760607366,0.9295786684488819,0.9296550758444209
885,0.9618554711341858,0.43336036801338196,0.9301562309265137,0.5621532201766968,0.9316330205220216,0.9299947577478431,0.930051934375355
886,0.9626171588897705,0.4291625916957855,0.9307812452316284,0.5603154897689819,0.932162411899853,0.9304055547377217,0.9305450571230652
887,0.9611132740974426,0.43264371156692505,0.9329687356948853,0.550976037979126,0.9344773383235996,0.9327478638730484,0.9328811784011452
888,0.9622656106948853,0.4288637936115265,0.9313281178474426,0.5552531480789185,0.9328873671918823,0.9308498962706037,0.931136818888147
889,0.9606835842132568,0.4338081479072571,0.928515613079071,0.5629256963729858,0.9300432274461496,0.9282261961801688,0.928366980483581
890,0.9607617259025574,0.43410515785217285,0.9310937523841858,0.5560694336891174,0.9326731011514307,0.9306817561783767,0.9308854872362823
891,0.9614062309265137,0.43120530247688293,0.9337499737739563,0.550504744052887,0.9353468935058106,0.9332874817872644,0.9336130437920235
892,0.9636132717132568,0.4275711178779602,0.9346874952316284,0.5556535720825195,0.9361971656230503,0.9344662098602519,0.934608319247005
893,0.9619726538658142,0.427127480506897,0.9297656416893005,0.5561940670013428,0.9311676900088852,0.9295166175284737,0.9296107939281153
894,0.9621679782867432,0.42707616090774536,0.9282031059265137,0.5640023946762085,0.9297563896598724,0.9280098843591934,0.9280469706064448
895,0.9624804854393005,0.4274578392505646,0.9314844012260437,0.5561199188232422,0.9331211582767329,0.9311221052618317,0.9313473967873287
896,0.9620898365974426,0.4287063181400299,0.9305468797683716,0.559429407119751,0.931845417995878,0.9303721208022051,0.9304227783822893
897,0.9605664014816284,0.43522483110427856,0.9298437237739563,0.5557039380073547,0.9310763610786372,0.9296306943392612,0.9296840388310547
898,0.9619922041893005,0.42782604694366455,0.9329687356948853,0.5506868958473206,0.9341708534317839,0.9325404546854026,0.9327185262866331
899,0.9601367115974426,0.4331228733062744,0.9313281178474426,0.5597684383392334,0.9326978277172482,0.9311396186925398,0.9311628136682653
900,0.9587500095367432,0.43901392817497253,0.9307031035423279,0.5641496181488037,0.9320823608351254,0.930552309244125,0.930588948965494
901,0.9589648246765137,0.441549152135849,0.9309375286102295,0.5557296872138977,0.9323459319309038,0.9307501263352254,0.9308932487329603
902,0.9599609375,0.4373098611831665,0.9282812476158142,0.5632970929145813,0.9297907711528629,0.9279776619921334,0.9280860233174482
903,0.9597851634025574,0.4348759949207306,0.9299218654632568,0.5699494481086731,0.9311581297708128,0.9296152823238099,0.9296680470980364
904,0.9606054425239563,0.43151894211769104,0.9288281202316284,0.565895676612854,0.9300909632562344,0.9284089711043314,0.9285072132482377
905,0.9595898389816284,0.4372461438179016,0.9300781488418579,0.56076580286026,0.9314606664233358,0.9297841292993919,0.9298531945479617
906,0.9611718654632568,0.4334479570388794,0.9322656393051147,0.5521490573883057,0.9338227195418414,0.9319947155583667,0.9321280440498559
907,0.9612890481948853,0.434044748544693,0.9296093583106995,0.5584815740585327,0.9308973637438065,0.9292886990605375,0.9293700915209347
908,0.9616992473602295,0.4294554591178894,0.9301562309265137,0.5598137974739075,0.9313385303193435,0.929800262299604,0.9299374198284334
909,0.9620702862739563,0.4296046495437622,0.9332812428474426,0.5430389046669006,0.934600302748331,0.9328374638990322,0.932997488314075
910,0.9636132717132568,0.42479538917541504,0.9299218654632568,0.5634444952011108,0.9314772493061376,0.9299024598811525,0.9298722177046561
911,0.9618359208106995,0.4309784173965454,0.930859386920929,0.5550376176834106,0.9320232716557353,0.9306504286103547,0.9307553637315268
912,0.9621679782867432,0.4280077815055847,0.9339062571525574,0.5508110523223877,0.9349863048018345,0.9337299679527424,0.9337675048816253
913,0.9612109661102295,0.4316593110561371,0.9313281178474426,0.5607778429985046,0.9324933437346657,0.9310905063687165,0.9311899775139986
914,0.9617578387260437,0.4332531988620758,0.9294531345367432,0.5652409195899963,0.9308304010619692,0.9291529363975292,0.929255084285191
915,0.9613476395606995,0.4263995885848999,0.9291406273841858,0.5608680248260498,0.9306163034731673,0.9290440815735403,0.9290843404588245
916,0.9626367092132568,0.4267291724681854,0.9271875023841858,0.5650964975357056,0.9285506070086238,0.9270047988453102,0.9270947338298368
917,0.9615039229393005,0.43154454231262207,0.9289844036102295,0.5637329816818237,0.9303688077118731,0.928743791086988,0.9288493744612608
918,0.9623242020606995,0.42807093262672424,0.9306250214576721,0.5546818971633911,0.9318857183088157,0.9304698255008921,0.9305477841054218
919,0.9611132740974426,0.4321557879447937,0.9300781488418579,0.5545089244842529,0.9311573383242682,0.9295909079160232,0.9297299992889991
920,0.9619140625,0.4284643232822418,0.9305468797683716,0.5622522830963135,0.9321135717184799,0.9303387499190365,0.9304022834576524
921,0.9610937237739563,0.42900702357292175,0.9310156106948853,0.560068666934967,0.9323677516857249,0.9307860852523288,0.9308185534206794
922,0.9619726538658142,0.43149226903915405,0.9292968511581421,0.5571126341819763,0.9309014909587972,0.9291669332254939,0.9292012484461666
923,0.9643359184265137,0.42270293831825256,0.9321093559265137,0.5551317930221558,0.9333073216375497,0.9318473140645587,0.9319151613286177
924,0.9631445407867432,0.4249899387359619,0.9300781488418579,0.5616142153739929,0.9313542252592875,0.9298812925569315,0.9299050292631057
925,0.9619531035423279,0.42891380190849304,0.9301562309265137,0.5552259087562561,0.9317119074608186,0.9298420589042602,0.9298939228496297
926,0.962109386920929,0.4281681478023529,0.9287499785423279,0.5553192496299744,0.9301879772544647,0.9284981749672654,0.9285904042521065
927,0.9619726538658142,0.4277879297733307,0.93359375,0.553525984287262,0.9351848524060212,0.9331064917757601,0.93340753267428
928,0.9617773294448853,0.4317656457424164,0.9312499761581421,0.560136079788208,0.9326300966783299,0.930688581310646,0.9309110077131584
929,0.9628710746765137,0.4262160062789917,0.9336718916893005,0.5535871386528015,0.9350678744772195,0.9331520814103815,0.9332975824695449
930,0.9613867402076721,0.43235456943511963,0.9272656440734863,0.5649045705795288,0.9288748824269757,0.9269851800039068,0.9270338938961356
931,0.9610156416893005,0.43290770053863525,0.9297656416893005,0.563483476638794,0.9309355571842575,0.9295215755861292,0.9294966889002738
932,0.9625195264816284,0.4287289083003998,0.9289844036102295,0.5627439022064209,0.9303148252408817,0.9287103448348781,0.9286791716117492
933,0.9621288776397705,0.426265150308609,0.9295312762260437,0.5562887191772461,0.9309612835224638,0.9293223417514287,0.9294196461484935
934,0.9615234136581421,0.43031683564186096,0.9312499761581421,0.5560548305511475,0.9325744416458795,0.9308817110392811,0.9310066824682446
935,0.9615039229393005,0.4294982850551605,0.9303905963897705,0.5659822225570679,0.9317496793064635,0.9300466083958482,0.9301397916003276
936,0.961718738079071,0.43221375346183777,0.9303905963897705,0.5567947626113892,0.9319119287096141,0.9301267125866575,0.9302250733849812
937,0.9615234136581421,0.4282148778438568,0.9298437237739563,0.5590757131576538,0.9311814350182741,0.9296175704031511,0.9296768495973402
938,0.9595116972923279,0.4361281991004944,0.930468738079071,0.553402304649353,0.9319345543599198,0.9302624287865507,0.9303402822066451
939,0.9606835842132568,0.43286940455436707,0.9295312762260437,0.5522122383117676,0.9307957649696132,0.9293344876218048,0.9294200580523382
940,0.9608398675918579,0.43549644947052,0.9270312786102295,0.566113293170929,0.9284862110594962,0.9268800463057535,0.9268207977952894
941,0.9610937237739563,0.43139398097991943,0.9322656393051147,0.5541577339172363,0.9333176366049032,0.9320279794600161,0.9320993928791295
942,0.9618164300918579,0.42955082654953003,0.9303905963897705,0.5635664463043213,0.9319384494115523,0.9301412272584545,0.9302456823381999
943,0.9615820050239563,0.4300592541694641,0.9307812452316284,0.5517151951789856,0.932008373806275,0.9306604875802318,0.9306951465047109
944,0.9619922041893005,0.4259789288043976,0.9321093559265137,0.5517889857292175,0.9336413335268625,0.9318161265235545,0.9319204344853502
945,0.9633398652076721,0.4274415075778961,0.9323437213897705,0.552222490310669,0.9337485603551507,0.9321417775808485,0.9321385262263941
946,0.9608789086341858,0.4293804466724396,0.9312499761581421,0.5576738119125366,0.9327429308789745,0.9308226854301815,0.9310128180383956
947,0.9626758098602295,0.42719435691833496,0.9319531321525574,0.546225905418396,0.9333865645025474,0.931629868267233,0.9317155940932544
948,0.9615625143051147,0.429071843624115,0.9276562333106995,0.5603267550468445,0.9292032108900499,0.9275263078239673,0.92756003232662
949,0.9617968797683716,0.4264827072620392,0.926953136920929,0.5656936168670654,0.9283839462368378,0.926735200272311,0.926741060568839
950,0.9620702862739563,0.4262376129627228,0.9317968487739563,0.5540289878845215,0.9331759121422087,0.9317161104552685,0.9317551348577136
951,0.9630273580551147,0.42454615235328674,0.9289844036102295,0.557523250579834,0.9307373449238315,0.928822845010248,0.928900366331935
952,0.9639648199081421,0.4207671284675598,0.9281250238418579,0.5665326118469238,0.9295158566656347,0.927805049293408,0.9279533300462313
953,0.9617773294448853,0.42625728249549866,0.9303905963897705,0.5540148615837097,0.9318039216380994,0.9300627812403575,0.9302713223796693
954,0.9614453315734863,0.42986953258514404,0.9278905987739563,0.5622075796127319,0.9294128527128218,0.9276246283848923,0.9277976154354866
955,0.96044921875,0.4341728091239929,0.9291406273841858,0.5580278635025024,0.9304693646454691,0.9286975308436219,0.9288915701598393
956,0.9614453315734863,0.4261596202850342,0.9326562285423279,0.5569173693656921,0.9340885007331495,0.9322274121982721,0.9323436016769637
957,0.9629492163658142,0.42543917894363403,0.930468738079071,0.5502188205718994,0.9318138573593868,0.9300491617817135,0.9302207383789876
958,0.9616992473602295,0.43278443813323975,0.9282812476158142,0.5575466752052307,0.9295833962106732,0.9279942172404303,0.9279807279915254
959,0.9624804854393005,0.42629772424697876,0.9280468821525574,0.5640950202941895,0.9295274415126007,0.9276297863024534,0.9277920945407298
960,0.9628515839576721,0.4249925911426544,0.9275781512260437,0.5575196146965027,0.9293774102320846,0.9272697069998461,0.9274635372115785
961,0.9615820050239563,0.4285579323768616,0.9292187690734863,0.5643638372421265,0.9307976246271243,0.9287525571266445,0.9289391470637363
962,0.9617382884025574,0.4325776994228363,0.9309375286102295,0.552650511264801,0.9323993116146998,0.9307172641132263,0.9307221680870539
963,0.9602734446525574,0.4307519793510437,0.9310937523841858,0.561798095703125,0.9324438813013513,0.930956790339028,0.930995323738291
964,0.9614062309265137,0.43049782514572144,0.9307031035423279,0.5563235282897949,0.9325378693771778,0.9305531742606385,0.9306898219238487
965,0.9597070217132568,0.43230488896369934,0.9310156106948853,0.5575830340385437,0.9323241858491802,0.93072904343572,0.9308604429433425
966,0.9620116949081421,0.4269753396511078,0.9290624856948853,0.5515227317810059,0.9304220183386743,0.9286727065203353,0.9288046441666598
967,0.9637695550918579,0.4224962294101715,0.9322656393051147,0.5473480820655823,0.9335993788029423,0.93204879628163,0.9321211438745151
968,0.9634960889816284,0.423021137714386,0.9333593845367432,0.5487565398216248,0.9347904844374624,0.9332199196913125,0.9332024345540675
969,0.9624804854393005,0.4222992956638336,0.9307031035423279,0.5522863864898682,0.9321433064942177,0.9304907554216663,0.9306095790050021
970,0.9619922041893005,0.4248902499675751,0.9328906536102295,0.5500901937484741,0.9342801373387207,0.9327529626499604,0.9328642180740638
971,0.9638085961341858,0.4210595190525055,0.9342968463897705,0.544689416885376,0.9357135535129424,0.9340291481370725,0.9341499133093415
972,0.9630078077316284,0.4202052056789398,0.9315624833106995,0.5486247539520264,0.9329008294867717,0.9312888183537538,0.9314249737858522
973,0.9609765410423279,0.4271085858345032,0.9267187714576721,0.5669970512390137,0.9280268009714208,0.9264102929997717,0.9265089579968732
974,0.9603515863418579,0.43011006712913513,0.9307031035423279,0.5542779564857483,0.9319282290297324,0.9305305896814278,0.9306000381618209
975,0.9603320360183716,0.431019127368927,0.9284374713897705,0.5626146197319031,0.9294174363411749,0.9281271166581566,0.9281274807638427
976,0.962695300579071,0.42438480257987976,0.9335156083106995,0.5490143299102783,0.9347143462051207,0.9331059681058692,0.9333233169369162
977,0.9608789086341858,0.42685726284980774,0.9301562309265137,0.5584779381752014,0.9316304087041973,0.9297836085331932,0.9299420820509527
978,0.96044921875,0.43308380246162415,0.9282031059265137,0.5648305416107178,0.9297099261382722,0.9280795776024304,0.9281104133820006
979,0.9602734446525574,0.43406447768211365,0.9307812452316284,0.5592233538627625,0.9321584054995321,0.9304230502557775,0.9305617204111383
980,0.9619140625,0.4265475869178772,0.9305468797683716,0.5615072846412659,0.9316854390317301,0.9302478394828372,0.9303419929819291
981,0.9607617259025574,0.42898696660995483,0.9337499737739563,0.5603194236755371,0.9351073492878565,0.933594829770092,0.9336456109722888
982,0.9612500071525574,0.4271325170993805,0.9332031011581421,0.5572242736816406,0.9344139794531696,0.9329403522269422,0.9330017723904682
983,0.9609765410423279,0.43148890137672424,0.9342968463897705,0.5473793148994446,0.9357697522076354,0.933963401056192,0.9341275389747457
984,0.9637695550918579,0.4223877191543579,0.9342968463897705,0.547442615032196,0.9355806593946012,0.9340576370652884,0.9341480583214747
985,0.9648047089576721,0.41906365752220154,0.927734375,0.5631508827209473,0.9290184999090298,0.9272503044098268,0.9274348675993429
986,0.9612109661102295,0.4289407432079315,0.9328906536102295,0.5490822792053223,0.9340805384552786,0.9326299957278721,0.9327261513402607
987,0.9632617235183716,0.422017365694046,0.9292187690734863,0.5571101903915405,0.9307414904834916,0.9291669868527621,0.9291800981098786
988,0.9611718654632568,0.4286152124404907,0.9291406273841858,0.5633244514465332,0.9310495062794221,0.9288955212260351,0.928984033286318
989,0.9597851634025574,0.4312160015106201,0.9323437213897705,0.5547794103622437,0.9337773375694636,0.9322625020618651,0.9322564655228911
990,0.9615429639816284,0.42865410447120667,0.9275000095367432,0.5654545426368713,0.9287373855129919,0.9272979735936553,0.9274194078742612
991,0.9620116949081421,0.4260549247264862,0.9320312738418579,0.5516223907470703,0.9333039328710604,0.9317836830965038,0.9318370926087615
992,0.96142578125,0.4268706440925598,0.9298437237739563,0.5631042718887329,0.9311911513833883,0.9296139031462386,0.929686317354997
993,0.9627538919448853,0.4229171872138977,0.930859386920929,0.5487675070762634,0.9318094496070255,0.9303895673400855,0.9304619272016827
994,0.9622265696525574,0.4253149926662445,0.9264062643051147,0.5715522170066833,0.9276288509253057,0.9260960014175479,0.9261785854963177
995,0.960644543170929,0.4298919439315796,0.9306250214576721,0.5548508167266846,0.9319111363188965,0.9301704389360976,0.9303045803199006
996,0.960644543170929,0.429951936006546,0.9330468773841858,0.5536392331123352,0.934524927453652,0.9326534642489486,0.9328277766786008
997,0.9611132740974426,0.4288032650947571,0.9321874976158142,0.5550018548965454,0.9334173110825184,0.9318893946943516,0.9320240176409045
998,0.961230456829071,0.4293956458568573,0.9319531321525574,0.551800549030304,0.9332613658197979,0.9317023875692959,0.9317548281035355
999,0.9609765410423279,0.4276929795742035,0.9331250190734863,0.5493372678756714,0.934097913840098,0.933096550942169,0.9329829491707217
