epoch,accuracy,loss,val_accuracy,val_loss,val_precision,val_recall,val_f1
0,0.003867187537252903,11.142520904541016,0.0042968750931322575,10.593135833740234,0.003464785099479277,0.004208639636710038,0.0033044925072479845
1,0.006015624850988388,10.741616249084473,0.004609374795109034,10.339038848876953,0.004409311871697992,0.0045115472470571,0.004256762017848988
2,0.0071875001303851604,10.411632537841797,0.0044531249441206455,10.12192153930664,0.004272151968402584,0.004363453282688333,0.004134266347085948
3,0.010273437947034836,10.110422134399414,0.004921874962747097,9.918119430541992,0.004688102412141264,0.0048380824599683955,0.004538706917812739
4,0.012773437425494194,9.816659927368164,0.007109375204890966,9.720898628234863,0.007178755065268614,0.007007998030251839,0.0068170575946377415
5,0.015078124590218067,9.549713134765625,0.006796875037252903,9.530065536499023,0.006565945334703156,0.006670336303845469,0.006333351405273617
6,0.019121093675494194,9.290088653564453,0.007499999832361937,9.340913772583008,0.007524514438437548,0.00742351097894131,0.0071678030989541204
7,0.02431640587747097,9.028092384338379,0.008750000037252903,9.152384757995605,0.009171731968248144,0.00869497319044239,0.00853321432567351
8,0.029550781473517418,8.772805213928223,0.010234374552965164,8.96084213256836,0.010335038098873104,0.010051788699697202,0.009686679947712615
9,0.035820312798023224,8.521361351013184,0.010078124701976776,8.7654390335083,0.009801893997080802,0.009921948777167741,0.009343496190377675
10,0.04468749836087227,8.272211074829102,0.012343750335276127,8.563587188720703,0.012811997264486917,0.012165276182356561,0.01170115389317884
11,0.051777344197034836,8.018978118896484,0.011640625074505806,8.362008094787598,0.011779163645285884,0.011444294006000043,0.010887676928354668
12,0.06505859643220901,7.770848274230957,0.013515625149011612,8.16843318939209,0.012562345731595615,0.013290907417625286,0.012277480860207565
13,0.07068359106779099,7.5403733253479,0.017031250521540642,7.977669715881348,0.01742752039101051,0.01684954947658629,0.016231655904352653
14,0.08591797202825546,7.3056559562683105,0.019999999552965164,7.802606105804443,0.020030294840967796,0.019692471175317562,0.0189805885754317
15,0.0949999988079071,7.104934215545654,0.021250000223517418,7.634644031524658,0.02142371143839107,0.020893625286172172,0.0202658434698472
16,0.10480468720197678,6.898294448852539,0.024765625596046448,7.473134994506836,0.025550727473417162,0.02451042271353176,0.023912370889999666
17,0.12091796845197678,6.695058822631836,0.026875000447034836,7.312017440795898,0.026344203172795504,0.026373605134313857,0.025097801086732575
18,0.13349609076976776,6.494741916656494,0.03031250089406967,7.150674343109131,0.03228846066203507,0.029988147920942544,0.029406687597252547
19,0.14689452946186066,6.303100109100342,0.03296874836087227,6.991839408874512,0.03388760102959378,0.03251462950729771,0.031511396093365236
20,0.16728515923023224,6.112359523773193,0.03726562485098839,6.835583686828613,0.03798712444780514,0.03681799485244219,0.03576543590654538
21,0.18556641042232513,5.918051719665527,0.04289062321186066,6.6811957359313965,0.04248931265646276,0.0422895757416676,0.04073088623510257
22,0.20472656190395355,5.734149932861328,0.047734376043081284,6.528771877288818,0.048204752164613375,0.04708763576755879,0.045898796516167205
23,0.22126953303813934,5.5488128662109375,0.053203124552965164,6.377070426940918,0.05330222868715718,0.052448891953574016,0.05090974814975893
24,0.24205078184604645,5.372229099273682,0.06078125163912773,6.229475021362305,0.06109062159064581,0.0600959390426083,0.05852063138054764
25,0.26685547828674316,5.1874566078186035,0.07062499970197678,6.083331108093262,0.0709163744142597,0.06983251580646997,0.06805481816619338
26,0.28996095061302185,5.006730556488037,0.07765624672174454,5.9413557052612305,0.07847787078849452,0.07683547994233407,0.07547628856020805
27,0.31486329436302185,4.845609664916992,0.09117187559604645,5.798969268798828,0.09050574700494833,0.09018359973326187,0.08808802846238648
28,0.3309960961341858,4.674627304077148,0.09679687768220901,5.659124851226807,0.095995028438316,0.09568238754956147,0.09370714780742889
29,0.3516210913658142,4.518332004547119,0.10976562649011612,5.5204291343688965,0.10940909338096819,0.10867326701797181,0.10690204153395783
30,0.37767577171325684,4.355726718902588,0.12062499672174454,5.39246940612793,0.12006403609192123,0.11952318396890588,0.11752457534256866
31,0.3980468809604645,4.201608657836914,0.13023437559604645,5.26547384262085,0.13006317725988853,0.12904049495895692,0.12722118393394605
32,0.4166796803474426,4.072268486022949,0.13906249403953552,5.151623725891113,0.13862013617678803,0.1379267415566291,0.1360844054444887
33,0.4356640577316284,3.931709051132202,0.14992187917232513,5.03126859664917,0.14952284031054422,0.14883432518841266,0.14690616086514552
34,0.45851561427116394,3.8009636402130127,0.16132812201976776,4.9206342697143555,0.1611676597157895,0.16002799151150088,0.15813546796360864
35,0.47517576813697815,3.6789560317993164,0.1700781285762787,4.820596694946289,0.16997962106292325,0.16871876945529302,0.16685288073961219
36,0.49324217438697815,3.5550124645233154,0.18085937201976776,4.7161993980407715,0.18051979797984305,0.17962613718440112,0.17801600560794847
37,0.511914074420929,3.4420101642608643,0.1919531226158142,4.622103214263916,0.191549357757032,0.1907245393844048,0.18923956229999447
38,0.5269531011581421,3.3323662281036377,0.20140625536441803,4.53415060043335,0.20119062925664388,0.20019276469645897,0.19863452221379108
39,0.5463085770606995,3.2299716472625732,0.20468750596046448,4.450338363647461,0.20437374558422977,0.20361256127919547,0.20196841511402325
40,0.5584375262260437,3.1387906074523926,0.21843749284744263,4.361544609069824,0.21876441224729218,0.21716380279674607,0.21572864371566572
41,0.5707226395606995,3.053030490875244,0.224609375,4.29015588760376,0.225505804248965,0.22358584091420614,0.2223183338768506
42,0.5927148461341858,2.9525091648101807,0.22960937023162842,4.221615791320801,0.2297314341939024,0.22850217678553286,0.22687410293518334
43,0.6043164134025574,2.8678085803985596,0.24476562440395355,4.143145561218262,0.2447956845836629,0.2435273870507228,0.24192150599038398
44,0.6157616972923279,2.7914116382598877,0.24703125655651093,4.071773529052734,0.24651670668266887,0.24567550667854665,0.24395618593363075
45,0.6277929544448853,2.709348440170288,0.25757813453674316,4.007772445678711,0.25703825150082354,0.2562703444257335,0.25460096250985864
46,0.6402343511581421,2.6398117542266846,0.26851561665534973,3.9491629600524902,0.2690245300668313,0.2672609807008074,0.2654901346896422
47,0.64990234375,2.572108268737793,0.27156248688697815,3.8899316787719727,0.2720290980305451,0.2702719608878179,0.26878383999012995
48,0.6627734303474426,2.5088915824890137,0.2837499976158142,3.8281760215759277,0.28555573131881906,0.28252179520111476,0.2812247609726928
49,0.6728320121765137,2.436666965484619,0.28242188692092896,3.7719457149505615,0.28209653600881535,0.2811582251887605,0.27897365265076257
50,0.6811133027076721,2.3869619369506836,0.2860156297683716,3.7292511463165283,0.2872741476146874,0.28470063907902177,0.28370959861076406
51,0.6923632621765137,2.327695369720459,0.2953124940395355,3.68467378616333,0.29717460898963344,0.29430752584472714,0.2930989383177163
52,0.699999988079071,2.277996301651001,0.30445313453674316,3.6249823570251465,0.3057190147835221,0.3030440675440063,0.3018754185215552
53,0.7073827981948853,2.224691867828369,0.3110937476158142,3.5854272842407227,0.3135312136986133,0.3102549753059044,0.30954413218121773
54,0.7181640863418579,2.1740784645080566,0.3098437488079071,3.5415561199188232,0.31092151148519875,0.30864930052179407,0.3072729680103975
55,0.7283398509025574,2.121242046356201,0.31812500953674316,3.503028154373169,0.3206896439783615,0.3173216202762255,0.3160377670360618
56,0.7357617020606995,2.072380542755127,0.31843748688697815,3.4645943641662598,0.31977922580299517,0.31723952123134314,0.3160596075904033
57,0.7428125143051147,2.0365183353424072,0.32664063572883606,3.415534019470215,0.32918485582009943,0.325732844160907,0.3249180740101657
58,0.7412499785423279,2.009624481201172,0.33265626430511475,3.373622417449951,0.3357837453377569,0.33163351696818544,0.3309488447932051
59,0.7527148723602295,1.9559874534606934,0.33304688334465027,3.344904899597168,0.3352040872426094,0.3322834854216054,0.3315411374611566
60,0.759472668170929,1.9190869331359863,0.3396874964237213,3.311964750289917,0.34247879255480695,0.3389280790462794,0.3381001585457178
61,0.763378918170929,1.887391209602356,0.34328123927116394,3.271897792816162,0.34439117634484484,0.3421484453039572,0.3407884682141453
62,0.7657617330551147,1.8621350526809692,0.345703125,3.2423081398010254,0.34673461112256354,0.344492843558614,0.34311700037478343
63,0.7730078101158142,1.8195925951004028,0.3480468690395355,3.215355634689331,0.3504056562975136,0.3471242396655777,0.34613467829314126
64,0.779980480670929,1.7847727537155151,0.3590624928474426,3.181674003601074,0.3599573643072357,0.3580192141033406,0.356209556547907
65,0.7848437428474426,1.7561596632003784,0.3560156226158142,3.1571719646453857,0.3587779360454504,0.3550785912508778,0.35437065998272227
66,0.7859765887260437,1.7311482429504395,0.36515626311302185,3.123175621032715,0.36734289153100874,0.3641039063097409,0.36300632297005087
67,0.7916796803474426,1.7035046815872192,0.3717968761920929,3.1000449657440186,0.3733125977476872,0.3708486793721007,0.36963738886158726
68,0.7954687476158142,1.6773812770843506,0.3760937452316284,3.0729312896728516,0.3781532153881615,0.3752171629368815,0.37403199089909694
69,0.7982031106948853,1.6506059169769287,0.37210938334465027,3.060206890106201,0.3747977257170467,0.3713798479279554,0.37017933616844445
70,0.8039257526397705,1.624995231628418,0.38218748569488525,3.0278308391571045,0.3847256624582288,0.3811322935641987,0.3798468539958959
71,0.8049218654632568,1.6023026704788208,0.37953126430511475,2.9983277320861816,0.3828803425065096,0.3786126426562288,0.37807416857110143
72,0.8063085675239563,1.5843504667282104,0.38679686188697815,2.982224702835083,0.3882532383913515,0.3859735232969515,0.3846231084768273
73,0.8110547065734863,1.5631794929504395,0.3897656202316284,2.959752082824707,0.3911361820153366,0.3888844925576117,0.38711932766816765
74,0.8134179711341858,1.543641209602356,0.39015623927116394,2.9347963333129883,0.3918389517929838,0.3890692146958194,0.3875136170700042
75,0.8163281083106995,1.5229089260101318,0.39445313811302185,2.9123592376708984,0.39571908687131174,0.39306079043549225,0.3914606571763948
76,0.8182421922683716,1.5016762018203735,0.40140625834465027,2.893181800842285,0.4027831225265566,0.4002654059965406,0.3984325022357534
77,0.8236914277076721,1.4803636074066162,0.4034374952316284,2.8762524127960205,0.40488631119260576,0.4026524341800173,0.4007921467459311
78,0.8246093988418579,1.4670954942703247,0.40437498688697815,2.8557329177856445,0.40628760621373006,0.40337452219058045,0.4020699113978723
79,0.8290039300918579,1.4427310228347778,0.4136718809604645,2.828477382659912,0.4158293242123746,0.4125418961721954,0.4112901774139962
80,0.8295702934265137,1.4337033033370972,0.4074999988079071,2.826009511947632,0.4093068216429619,0.40632907679392993,0.4045419063651865
81,0.8295312523841858,1.4178285598754883,0.4119531214237213,2.8102715015411377,0.4140125417517668,0.4109153424187341,0.4096853177409872
82,0.8344531059265137,1.399955153465271,0.4117968678474426,2.7920219898223877,0.41338733891605656,0.4109897123167929,0.4091295047655546
83,0.8319140672683716,1.3986713886260986,0.4172656238079071,2.7677371501922607,0.4190708366108252,0.41596265941622856,0.41458772175597475
84,0.8366992473602295,1.3727930784225464,0.4207812547683716,2.7555670738220215,0.42322385666389506,0.41961830754491036,0.4183786326234952
85,0.8407617211341858,1.359555721282959,0.4220312535762787,2.736513614654541,0.4236904376466005,0.42070246921106136,0.4188674179223356
86,0.8417187333106995,1.344316005706787,0.4268749952316284,2.725759983062744,0.42858461580295865,0.4259836212083645,0.42455543212321695
87,0.8431445360183716,1.332106351852417,0.4168750047683716,2.721306800842285,0.4192355328294483,0.4160295942577197,0.4149065055205503
88,0.844433605670929,1.3176873922348022,0.4266406297683716,2.6903204917907715,0.42938933722470096,0.42585862318470236,0.4246233796452951
89,0.8448827862739563,1.309996485710144,0.43046873807907104,2.678765058517456,0.4332114943302906,0.42934837178518703,0.42794056510657696
90,0.850390613079071,1.2906261682510376,0.43031251430511475,2.669321298599243,0.4315030099954871,0.429213727214676,0.4273923616691564
91,0.8482421636581421,1.2811545133590698,0.4351562559604645,2.6520209312438965,0.4384763328090054,0.43426566792806415,0.4329753288663808
92,0.8493945598602295,1.276033878326416,0.43437498807907104,2.6510541439056396,0.43859544100464704,0.4332397490909912,0.4325543743651541
93,0.8526366949081421,1.2641615867614746,0.43562498688697815,2.638399600982666,0.43706458834476203,0.43462685111898014,0.433228939666375
94,0.8516210913658142,1.2532440423965454,0.4325000047683716,2.6293270587921143,0.43461142198056324,0.4317192413464189,0.43034278232692136
95,0.854785144329071,1.235929250717163,0.4371093809604645,2.617729425430298,0.4397764037132505,0.4360233348154105,0.4349916761153542
96,0.8548242449760437,1.2304483652114868,0.4424999952316284,2.5851640701293945,0.44463283882864163,0.44166346964286307,0.4398725524609783
97,0.8585156202316284,1.2158421277999878,0.44468748569488525,2.5850391387939453,0.44794928289931113,0.4440828904450178,0.4432025780313227
98,0.8615820407867432,1.202519416809082,0.4467187523841858,2.5709774494171143,0.44866311867527287,0.4456827836086207,0.444084298482043
99,0.8577734231948853,1.2042186260223389,0.43828123807907104,2.583289861679077,0.4410936683254144,0.4373493860384573,0.43615042820243427
100,0.8551172018051147,1.2029582262039185,0.4460156261920929,2.5671393871307373,0.4480709450999613,0.4450809693821358,0.443399244392866
101,0.8625781536102295,1.1860909461975098,0.44968751072883606,2.541372776031494,0.4522924455120575,0.448511930074881,0.4471729814289133
102,0.8625390529632568,1.17562735080719,0.45304688811302185,2.5270590782165527,0.4555627441020145,0.45230292275918227,0.4506525593842736
103,0.8633788824081421,1.1691542863845825,0.45070311427116394,2.528553009033203,0.4529997029916234,0.44981304748361634,0.44815203286327815
104,0.8674609661102295,1.1565024852752686,0.4547656178474426,2.5216240882873535,0.457155934512292,0.4538216792684642,0.45242582229694445
105,0.8619531393051147,1.159731388092041,0.45265623927116394,2.5061278343200684,0.4554246828626286,0.45155673850529565,0.45062746015843963
106,0.8638085722923279,1.1539360284805298,0.46046873927116394,2.499502182006836,0.46274315254636056,0.4595601655063075,0.4580098778504278
107,0.8661913871765137,1.143859624862671,0.4585937559604645,2.50386381149292,0.4605139056206392,0.45772347899951993,0.4563747903420404
108,0.8672070503234863,1.1315749883651733,0.4614843726158142,2.4984993934631348,0.46349273686486914,0.46024021656550573,0.4588373913858742
109,0.8687109351158142,1.1275981664657593,0.46226561069488525,2.4757258892059326,0.46454145306570227,0.46137603176663344,0.46001979875619387
110,0.8681836128234863,1.125078558921814,0.46757811307907104,2.453551769256592,0.47080324007616636,0.46667597288758095,0.4654229508957446
111,0.8730859160423279,1.103201150894165,0.4673437476158142,2.475585460662842,0.47066839473196587,0.4663546103106834,0.46548537070030993
112,0.8716210722923279,1.1054930686950684,0.4646874964237213,2.4574432373046875,0.46671749008537144,0.46375551508109325,0.46250738527015534
113,0.870898425579071,1.1020896434783936,0.4698437452316284,2.4356870651245117,0.4728744127198738,0.46866165815334876,0.46748583234526897
114,0.8687695264816284,1.1032692193984985,0.47632813453674316,2.424517869949341,0.4782462271428932,0.4750622226152527,0.47369878864570436
115,0.8694726824760437,1.096196174621582,0.47171875834465027,2.4300644397735596,0.47454128778817806,0.47032525559526217,0.46950977571843455
116,0.8704296946525574,1.0888463258743286,0.47046875953674316,2.4224889278411865,0.47321082757764127,0.46929083357591383,0.46816743650890896
117,0.8747656345367432,1.0726066827774048,0.470703125,2.420572519302368,0.47376272645005824,0.4695419830590797,0.4688066822658698
118,0.873828113079071,1.073650598526001,0.47414061427116394,2.4130475521087646,0.47747489879151817,0.47277398441660945,0.4720220603898251
119,0.8740624785423279,1.066832184791565,0.4753125011920929,2.3828933238983154,0.47860465635591537,0.47415512067328164,0.473048619846436
120,0.87646484375,1.0614843368530273,0.47734373807907104,2.3990862369537354,0.47924388279184815,0.47617667011198794,0.47530651587984973
121,0.8763867020606995,1.059976577758789,0.4757031202316284,2.3856470584869385,0.4780923053012753,0.475119417612473,0.47360835840060256
122,0.8745898604393005,1.0608083009719849,0.47632813453674316,2.3782951831817627,0.47808140328399595,0.4750899272265421,0.47401564039523436
123,0.8774609565734863,1.0471470355987549,0.47484374046325684,2.374169111251831,0.4778980970009664,0.4735388941213925,0.4723534174467242
124,0.8750390410423279,1.0512306690216064,0.47632813453674316,2.3847603797912598,0.47794823495969174,0.47544175961646207,0.47383920570965454
125,0.8777929544448853,1.0388834476470947,0.48374998569488525,2.3536462783813477,0.4863368408485135,0.482467002254679,0.4812546912627993
126,0.8774999976158142,1.0392694473266602,0.4852343797683716,2.3398449420928955,0.4878731950445177,0.4841343065439967,0.4833672453835775
127,0.8780664205551147,1.0347857475280762,0.4849218726158142,2.341207504272461,0.4877578390810985,0.48370516446938394,0.48267265207998367
128,0.8793749809265137,1.0316801071166992,0.48390623927116394,2.3443551063537598,0.485418598829112,0.48281250068434817,0.481509672095976
129,0.8799218535423279,1.028139352798462,0.48828125,2.326072931289673,0.490671826710517,0.4873722803734808,0.4861113231627559
130,0.8818554878234863,1.0183998346328735,0.48781248927116394,2.3207576274871826,0.490596611014472,0.48681101082931877,0.4858115073550826
131,0.8793554902076721,1.0172648429870605,0.4937500059604645,2.2976748943328857,0.4959848786497638,0.49261377517999994,0.491194588049393
132,0.8833398222923279,1.0087618827819824,0.4966406226158142,2.2980737686157227,0.4990171650148535,0.49536388456802666,0.4939245790198773
133,0.8815038800239563,1.0086039304733276,0.49531251192092896,2.291243076324463,0.49851385458002506,0.49437009344224736,0.4931081867762743
134,0.8843163847923279,1.0011197328567505,0.49421873688697815,2.2897117137908936,0.4973171376492551,0.49333744749978303,0.4923628332049126
135,0.8837304711341858,1.0002639293670654,0.49335938692092896,2.288999557495117,0.4965634820936191,0.4925729111622697,0.4910992890082298
136,0.8843945264816284,0.9929130673408508,0.4957031309604645,2.293271541595459,0.49867681481740495,0.49459031141787124,0.4935196531035837
137,0.8845508098602295,0.9943890571594238,0.49906250834465027,2.295462131500244,0.5026227373634176,0.4978188810886227,0.4967522091526475
138,0.8861718773841858,0.9854385852813721,0.4984374940395355,2.274186611175537,0.5003730800443872,0.49722371428714945,0.4960684508109263
139,0.8844531178474426,0.9863342046737671,0.501953125,2.258085250854492,0.5050956424867268,0.5009425753951631,0.49985721398941885
140,0.8865625262260437,0.978227436542511,0.5043749809265137,2.2570722103118896,0.506669914598161,0.503165561280085,0.5020099104809327
141,0.8837695121765137,0.9875457882881165,0.49710938334465027,2.252403497695923,0.49931956754539863,0.4960945470861807,0.4950704215506162
142,0.8861914277076721,0.9764446020126343,0.5032812356948853,2.2506771087646484,0.5059175544792087,0.5022083946619356,0.5013157873789555
143,0.8871874809265137,0.9729772806167603,0.4984374940395355,2.2666444778442383,0.5003895531023692,0.49736057679357626,0.49585843057314527
144,0.8876367211341858,0.9696402549743652,0.502734363079071,2.2458858489990234,0.5052067392588169,0.5020231909028093,0.5007430629243769
145,0.8875976800918579,0.9699296355247498,0.5010156035423279,2.25642466545105,0.5039206198639372,0.49996246919888776,0.49903772080673836
146,0.8868163824081421,0.965950071811676,0.5029687285423279,2.250469207763672,0.5054739984196831,0.5016938033673849,0.5007079242156904
147,0.8883203268051147,0.9653530120849609,0.503125011920929,2.253577470779419,0.5066658643184498,0.5020050715075713,0.5010358906692564
148,0.8892968893051147,0.9593445062637329,0.505859375,2.2398579120635986,0.5081796861126107,0.505077615900395,0.5035219079804508
149,0.8882226347923279,0.9594624042510986,0.5121093988418579,2.2169086933135986,0.5146109560144095,0.5113343467205347,0.5100426211294549
150,0.8881250023841858,0.957532525062561,0.5069531202316284,2.2239670753479004,0.5093802052909416,0.5060134953693142,0.5047000933266681
151,0.8897460699081421,0.9472086429595947,0.5108593702316284,2.2253968715667725,0.5127651577455445,0.5098926396029079,0.508338169872444
152,0.890332043170929,0.948384165763855,0.51171875,2.208918809890747,0.5142463870145322,0.5110851197293071,0.5099899714463876
153,0.8943554759025574,0.9357642531394958,0.5179687738418579,2.1931540966033936,0.5199019441399712,0.5171047017564293,0.515598440490809
154,0.8913280963897705,0.9397549629211426,0.5098437666893005,2.210460901260376,0.5124463333447087,0.5090327605812668,0.5075568345342114
155,0.8906835913658142,0.9396011829376221,0.5146093964576721,2.2070353031158447,0.5174070751126263,0.513456133976226,0.512608458851219
156,0.892871081829071,0.935021162033081,0.5128124952316284,2.2068557739257812,0.5161310914194318,0.5119517438401722,0.511197193110919
157,0.8924023509025574,0.936180830001831,0.522265613079071,2.1802961826324463,0.5253000732801232,0.5213740773667775,0.5207673891458932
158,0.8918163776397705,0.934974730014801,0.5134375095367432,2.190605401992798,0.5164039252047238,0.5124642410907017,0.511120406864443
159,0.8910156488418579,0.933754026889801,0.518359363079071,2.1910014152526855,0.5217213678266697,0.5169537611840258,0.5161608248413747
160,0.8925390839576721,0.9289805889129639,0.5185937285423279,2.1901400089263916,0.5218359147808895,0.5174409000319741,0.5164681793807162
161,0.8921874761581421,0.9293426275253296,0.5188281536102295,2.189112901687622,0.5217359825681082,0.5174550731881877,0.5165215945285848
162,0.8919922113418579,0.9305689930915833,0.51953125,2.1987757682800293,0.5221388015752205,0.5182981753333372,0.5172036163822882
163,0.8938671946525574,0.9224294424057007,0.518750011920929,2.1767377853393555,0.5206489340204681,0.5173928143856847,0.5159408546880322
164,0.8935742378234863,0.9184173345565796,0.5243750214576721,2.149087429046631,0.5275360979102971,0.5230806657815745,0.5225812757320469
165,0.8912500143051147,0.9235475063323975,0.5199999809265137,2.1672627925872803,0.5221095732299319,0.518910602564734,0.5177434054271605
166,0.8943750262260437,0.9199420809745789,0.517578125,2.1727616786956787,0.5197599916430835,0.5165794618198378,0.5153488163803179
167,0.8950781226158142,0.9143509864807129,0.5221874713897705,2.173367977142334,0.524617847378495,0.5210586989319369,0.5197378577260888
168,0.8965625166893005,0.9114561676979065,0.5291406512260437,2.152737855911255,0.5312306153578653,0.5283119558128094,0.5270443464011663
169,0.8944336175918579,0.9127975702285767,0.5240625143051147,2.1588315963745117,0.5267613150999633,0.5229925674827753,0.5217179627110257
170,0.8916015625,0.9160371422767639,0.5260156393051147,2.1615734100341797,0.5283826592741049,0.524838019719661,0.5236330326203668
171,0.8950781226158142,0.9117028117179871,0.5285937786102295,2.1444122791290283,0.5315168663928688,0.5274724181556059,0.5265598831958411
172,0.8928906321525574,0.916034996509552,0.5234375,2.1466622352600098,0.5271870266715735,0.5222891049303915,0.5218820535883523
173,0.8972070217132568,0.9059951305389404,0.534375011920929,2.1298089027404785,0.5374332237811275,0.5332757553811063,0.5327758912850795
174,0.8941601514816284,0.9087769389152527,0.5293750166893005,2.1280012130737305,0.5316788205032643,0.5284701530943362,0.5274441969904555
175,0.897753894329071,0.8997077345848083,0.5367968678474426,2.1377599239349365,0.5400340108901395,0.5360186735753869,0.5350315943219193
176,0.8981054425239563,0.8962822556495667,0.5346093773841858,2.1212499141693115,0.5370289461540503,0.5334502784393048,0.5326739070802016
177,0.8974999785423279,0.8951119780540466,0.5341406464576721,2.127500534057617,0.5380585626902608,0.5334249141386366,0.5328313194698996
178,0.8967578411102295,0.89995276927948,0.52734375,2.128814458847046,0.5302822154273277,0.5265676104316804,0.5254514986700309
179,0.8988281488418579,0.8919898867607117,0.5266406536102295,2.126807928085327,0.52920968949398,0.5253071540243076,0.5243067697515607
180,0.8954296708106995,0.8981960415840149,0.5313281416893005,2.1252024173736572,0.5343082667246546,0.5302255337301489,0.5290085016270752
181,0.898144543170929,0.891696035861969,0.5355468988418579,2.109732151031494,0.5378818044385014,0.5345179545214702,0.5332124824839153
182,0.8987500071525574,0.8888651132583618,0.5330469012260437,2.1340715885162354,0.5355751906778329,0.5318299115484534,0.5308587853636157
183,0.8974413871765137,0.8864085674285889,0.5369531512260437,2.1080126762390137,0.5405444675164357,0.5359136566877754,0.5351506993200372
184,0.8993359208106995,0.8858100771903992,0.539843738079071,2.118852138519287,0.5428594455422298,0.5389008004248516,0.5378096295157964
185,0.9004101753234863,0.8855578899383545,0.5330469012260437,2.1263980865478516,0.5363255548383964,0.5320054656940516,0.5310891617210275
186,0.8994140625,0.8857842087745667,0.5394531488418579,2.091571092605591,0.5432462643429568,0.5385329264073377,0.5380010361942758
187,0.902636706829071,0.8767421245574951,0.5329687595367432,2.116149663925171,0.5374965178119013,0.5317607347433869,0.5312534688926439
188,0.9017968773841858,0.8744053840637207,0.5338281393051147,2.1028847694396973,0.5374354368479325,0.5325611099674017,0.5320282033446484
189,0.9027343988418579,0.8717003464698792,0.5341406464576721,2.1067726612091064,0.5368386485188228,0.5334749374544112,0.5322082820516545
190,0.8985351324081421,0.8821980953216553,0.5389843583106995,2.099534511566162,0.541353427315541,0.5381541775395158,0.5374016648268676
191,0.8999413847923279,0.8767064809799194,0.5360937714576721,2.100674629211426,0.5386872660378308,0.5350721406587002,0.5339500179452481
192,0.8995898365974426,0.8760855793952942,0.5374218821525574,2.103304862976074,0.5402197234628662,0.5363679943377105,0.535685156965229
193,0.9009374976158142,0.8770623803138733,0.5361718535423279,2.0943055152893066,0.5388296913538781,0.5349497681872073,0.5338047733597411
194,0.9003515839576721,0.875693678855896,0.5393750071525574,2.090122938156128,0.5433093162637023,0.5381349329639874,0.5376410311602124
195,0.9003124833106995,0.8753858208656311,0.5403906106948853,2.078822135925293,0.5438046015751249,0.5389234127165183,0.5380474751175286
196,0.9017773270606995,0.8685243129730225,0.5406249761581421,2.08297061920166,0.544393479542554,0.539187062008453,0.5386256145655918
197,0.9002538919448853,0.8734386563301086,0.545703113079071,2.0807738304138184,0.5482384338214585,0.5444248151920619,0.5430855142047104
198,0.9011328220367432,0.869586169719696,0.5392968654632568,2.076233148574829,0.5414718808414157,0.5381771921424163,0.5369930025228515
199,0.903124988079071,0.8683013916015625,0.5471875071525574,2.072323799133301,0.5498025838483674,0.5458319872590285,0.545206117413233
200,0.8995312452316284,0.8715924620628357,0.5346093773841858,2.0856878757476807,0.5377997043068214,0.5335055771832379,0.5328857470113186
201,0.9018359184265137,0.8650416731834412,0.5384374856948853,2.080467939376831,0.5410650688935517,0.5370979382236138,0.5359186507133977
202,0.9019531011581421,0.8678330183029175,0.5399218797683716,2.06616473197937,0.542906869995,0.538618050520324,0.537661716353391
203,0.9041406512260437,0.8615826368331909,0.5442187786102295,2.070617198944092,0.546117754970114,0.5429992680021911,0.5415472056257374
204,0.9052148461341858,0.8558904528617859,0.54296875,2.0610342025756836,0.5455634362142228,0.5417610937045881,0.5406823992758343
205,0.903515636920929,0.8575170636177063,0.5428906083106995,2.0680716037750244,0.5456252881893506,0.5415221003894052,0.5408232713465738
206,0.90478515625,0.8548798561096191,0.5423437356948853,2.077829360961914,0.5457211059732747,0.5412180364998198,0.5402509105844285
207,0.9041601419448853,0.8558892011642456,0.546093761920929,2.057586908340454,0.5488680810631499,0.5450209247713627,0.5443866243570724
208,0.90576171875,0.8522847890853882,0.5424218773841858,2.0703470706939697,0.546528354530585,0.5412103980074568,0.5404884207773326
209,0.9070898294448853,0.8466371893882751,0.5508593916893005,2.0348639488220215,0.5534384844609068,0.5496984092538156,0.5487325987351157
210,0.9066992402076721,0.8496023416519165,0.5485937595367432,2.0520009994506836,0.5518206760752098,0.5474666899595382,0.5468399118886393
211,0.9051367044448853,0.8532867431640625,0.546875,2.0615150928497314,0.5505154946725999,0.5456902601355025,0.5452361216031208
212,0.9043359160423279,0.8530134558677673,0.5486719012260437,2.0455193519592285,0.5523430283707064,0.5477445669805638,0.5469245276039292
213,0.9052538871765137,0.8507933616638184,0.5438281297683716,2.063283681869507,0.5477698552876731,0.5428788436717236,0.5421538606628826
214,0.9054101705551147,0.8496363162994385,0.5550000071525574,2.0461249351501465,0.5578813179357971,0.5540052314546069,0.5534095101593739
215,0.9025976657867432,0.8547523617744446,0.544140636920929,2.071357488632202,0.5487265524735195,0.5430390415994406,0.5428515352137477
216,0.9060156345367432,0.8485502600669861,0.5494531393051147,2.057098627090454,0.5533509998229869,0.5483972491248752,0.5477224630348368
217,0.9053515791893005,0.8512820601463318,0.5491406321525574,2.0605995655059814,0.5530900675835286,0.5485703278077797,0.5481271332806184
218,0.9069140553474426,0.8449941277503967,0.5494531393051147,2.0523345470428467,0.5526520910022498,0.5480377661944457,0.5472626852033285
219,0.9051758050918579,0.8473169207572937,0.5478906035423279,2.050224781036377,0.5521109111424556,0.5470568915356128,0.5461420251899373
220,0.9046093821525574,0.8467382788658142,0.5450780987739563,2.0571513175964355,0.5492813591473752,0.5440678893824262,0.5434780933422876
221,0.9053320288658142,0.8463561534881592,0.5479687452316284,2.0438146591186523,0.5507100960788289,0.5467194375218327,0.54581610604921
222,0.9066601395606995,0.8446301221847534,0.5509374737739563,2.0432262420654297,0.5538922697571983,0.5496662481777175,0.5489167049309548
223,0.905566394329071,0.8456436991691589,0.5553125143051147,2.0183606147766113,0.5577010760444087,0.5541556821675633,0.5531468566894798
224,0.90283203125,0.8523520827293396,0.546875,2.0318076610565186,0.5493167840873214,0.5456006897158361,0.5446019876939368
225,0.9065625071525574,0.8447971343994141,0.5581250190734863,2.0213799476623535,0.5614227599926296,0.5569027928623114,0.5562779473793679
226,0.90576171875,0.8422442674636841,0.5489843487739563,2.0246338844299316,0.5526369259068558,0.5482252064534316,0.5471203533218786
227,0.9087499976158142,0.8371551036834717,0.5582812428474426,2.0241808891296387,0.5616709394415524,0.5571680599640593,0.5561413845985814
228,0.9070117473602295,0.840828537940979,0.5542187690734863,2.0281221866607666,0.5566925694137534,0.5527295929631979,0.5517433711165165
229,0.9066992402076721,0.8390411138534546,0.5482031106948853,2.0265886783599854,0.5521269566355496,0.5470788504496582,0.5463886840412351
230,0.9058789014816284,0.8399826288223267,0.5584375262260437,2.0212650299072266,0.5609656851477756,0.5571171418756247,0.5562866472780275
231,0.9089062213897705,0.8338966369628906,0.5543749928474426,2.023759603500366,0.5573166770648366,0.553346090189857,0.552545459864642
232,0.9089453220367432,0.834197998046875,0.5522656440734863,2.033737897872925,0.5555717404099578,0.550891684016195,0.550005831024126
233,0.9060351848602295,0.8398158550262451,0.5485156178474426,2.0409603118896484,0.5504255543429943,0.5472036903384637,0.5458288569937803
234,0.9078320264816284,0.8345081806182861,0.559765636920929,2.010971784591675,0.5623586692690932,0.558565920938412,0.557665676381937
235,0.9066601395606995,0.8381388783454895,0.557421863079071,2.017627000808716,0.5601652486372846,0.5560442035230326,0.5554051951991512
236,0.9072265625,0.835553765296936,0.5609375238418579,2.0113425254821777,0.5638148609328106,0.5599365313717843,0.5593448617802281
237,0.9100781083106995,0.8287197351455688,0.5553125143051147,2.018298387527466,0.5579403540567822,0.5542690783967938,0.5533025214370367
238,0.9095117449760437,0.8318410515785217,0.5570312738418579,2.0179319381713867,0.5595854972022364,0.5555761137758254,0.5549605858216969
239,0.9097070097923279,0.8314364552497864,0.5603906512260437,2.0195131301879883,0.5634132195027347,0.5591849419394759,0.5584008019487208
240,0.9083203077316284,0.8288151025772095,0.5607812404632568,2.02858567237854,0.5643922457544961,0.5592472944693979,0.5586397026051637
241,0.9099804759025574,0.8257088661193848,0.5621093511581421,2.0202198028564453,0.5651265978299653,0.5612860842371973,0.5606093862643973
242,0.9116015434265137,0.8175361156463623,0.5650781393051147,2.0048253536224365,0.5689699257105223,0.563916489072583,0.5632985106420416
243,0.9093554615974426,0.8278489112854004,0.5610937476158142,2.011087417602539,0.5645894476085822,0.5600307526372316,0.5593771038042155
244,0.9102929830551147,0.8270210027694702,0.5607812404632568,1.9940601587295532,0.5638761674099262,0.5594777617566955,0.5589098423222361
245,0.9108984470367432,0.8251089453697205,0.5674999952316284,1.9868448972702026,0.5713774658778165,0.5662820904864894,0.5657782518499805
246,0.9115625023841858,0.8203201293945312,0.5629687309265137,1.9839739799499512,0.56636343590036,0.5615711418668987,0.5610523544707315
247,0.9078906178474426,0.8326372504234314,0.5646093487739563,1.9969898462295532,0.567947993059862,0.5637698608403169,0.5631062536930507
248,0.9123632907867432,0.8199589252471924,0.5592968463897705,2.011976718902588,0.5615463639222412,0.5583776554016173,0.5573028797064087
249,0.9094921946525574,0.827258288860321,0.5653125047683716,1.9961166381835938,0.5690748322165028,0.5641918326054426,0.5634017621242349
250,0.9103710651397705,0.8218048214912415,0.5689843893051147,2.00000262260437,0.5722455884390918,0.5679375034456358,0.5671228040188067
251,0.9089257717132568,0.824128270149231,0.5687500238418579,1.9779553413391113,0.5722939845397388,0.5676354814527942,0.5668758252748151
252,0.9125000238418579,0.8173022270202637,0.5671093463897705,1.9968371391296387,0.5697587113271828,0.5656738568203723,0.5646175504402973
253,0.9066015481948853,0.8306549191474915,0.5696094036102295,1.9856799840927124,0.5736479908620855,0.5684425151058665,0.5677203273665218
254,0.9100390672683716,0.8234148621559143,0.5680468678474426,1.9915149211883545,0.5707328715377438,0.5666084600938844,0.5657384126012567
255,0.9115820527076721,0.8152397871017456,0.5688281059265137,1.9983489513397217,0.5713040577529925,0.5676359244511134,0.5667686434801751
256,0.9113085865974426,0.8215605020523071,0.5645312666893005,1.9884669780731201,0.5681133722283935,0.5634385907809712,0.5627043452696685
257,0.9116796851158142,0.8160192370414734,0.5686718821525574,1.9944376945495605,0.5713675672408045,0.5676040112445094,0.5666075517514371
258,0.9135156273841858,0.8186996579170227,0.5630468726158142,1.9872941970825195,0.5667420336860669,0.5618037953512139,0.5611766124952986
259,0.9080859422683716,0.8245817422866821,0.563671886920929,2.0121915340423584,0.5666077805753249,0.5627611965890817,0.5619650213411543
260,0.9097851514816284,0.8246147632598877,0.568359375,1.9796345233917236,0.5713072977133951,0.5674521979951901,0.5667298940029677
261,0.9109960794448853,0.8199674487113953,0.5674218535423279,1.9790825843811035,0.5705340422005748,0.5663436777581872,0.5652943870374226
262,0.9130273461341858,0.8136596083641052,0.5684375166893005,1.9856280088424683,0.5715083122861409,0.5673897091027842,0.5663257395276238
263,0.9113085865974426,0.8148179054260254,0.565234363079071,2.0117554664611816,0.5690644451575608,0.5648315809523909,0.5639454676563901
264,0.9134179949760437,0.8111405372619629,0.5693749785423279,1.9836218357086182,0.572821046824016,0.5684441703267655,0.5676314224685493
265,0.9141015410423279,0.8067949414253235,0.5714062452316284,1.9850096702575684,0.5746619416809622,0.5703676720204105,0.5695269598242612
266,0.9127343893051147,0.8105800747871399,0.5682031512260437,1.9853683710098267,0.5722355307513558,0.5670995122724257,0.5668616008687442
267,0.9115039110183716,0.8158023953437805,0.5655468702316284,2.0083892345428467,0.5700271184604644,0.5638646830322398,0.5635951992880036
268,0.9148828387260437,0.8048267364501953,0.5693749785423279,1.9711337089538574,0.5730845846637646,0.5681457844477761,0.5677628567073787
269,0.9121875166893005,0.8131824731826782,0.5717968940734863,1.9983710050582886,0.5756604751707479,0.5710906606464975,0.5706239394604187
270,0.910839855670929,0.8164770007133484,0.5707812309265137,1.9822050333023071,0.574389573750628,0.5695326445274362,0.5688931002990636
271,0.9142187237739563,0.809812605381012,0.5745312571525574,1.9829784631729126,0.5779194012445004,0.5731801523888097,0.5722637737916487
272,0.9134960770606995,0.8100590705871582,0.5728906393051147,1.9671863317489624,0.5767892371421097,0.5717183982528078,0.5710435643931594
273,0.912304699420929,0.8143543004989624,0.5738281011581421,1.9591542482376099,0.5778215776934653,0.57283565744934,0.5720858927970549
274,0.9139843583106995,0.8052648901939392,0.5746874809265137,1.9565658569335938,0.578977442146875,0.5733100791797057,0.5727708426576223
275,0.9139257669448853,0.8076000213623047,0.5766406059265137,1.9630924463272095,0.580391347595929,0.575362873546539,0.5749866825691319
276,0.9120898246765137,0.810634970664978,0.5774999856948853,1.963039755821228,0.5808018738988261,0.576321703369634,0.5758431329295093
277,0.9125390648841858,0.8136770129203796,0.5778906345367432,1.9716688394546509,0.5814463799623766,0.5768245896139867,0.5763675806930242
278,0.9135351777076721,0.8095154762268066,0.576171875,1.973588228225708,0.5794357505885613,0.5750399506193253,0.5744059635215812
279,0.9153711199760437,0.8041204810142517,0.5792187452316284,1.9563182592391968,0.5833608762230078,0.5782367859083516,0.577360351624391
280,0.912402331829071,0.8100447654724121,0.5767968893051147,1.9678635597229004,0.5817014284338957,0.5756521631952123,0.5752177416004638
281,0.9103320240974426,0.8107118010520935,0.5735937356948853,1.9590872526168823,0.5778854357687653,0.5726238600523613,0.571998458912192
282,0.9123632907867432,0.8102918267250061,0.5760937333106995,1.9689732789993286,0.5803183895649117,0.575494304772646,0.5749555420074426
283,0.9112304449081421,0.8138882517814636,0.5657031536102295,1.992802381515503,0.5691520724386377,0.5648194172913608,0.5638993348659503
284,0.91357421875,0.8085374236106873,0.5762500166893005,1.9640378952026367,0.5790553835422526,0.5751970677049805,0.574484891573602
285,0.9123437404632568,0.8091789484024048,0.5757812261581421,1.9739470481872559,0.579675203232201,0.5747789513704311,0.574254600375247
286,0.9132617115974426,0.8113119006156921,0.5732812285423279,1.973597526550293,0.5766147930090415,0.5724866950248467,0.5718820175715393
287,0.9124414324760437,0.8135749697685242,0.5778124928474426,1.9557093381881714,0.5804838346388,0.5774636164885992,0.5765818927921962
288,0.9116015434265137,0.8126984238624573,0.5725781321525574,1.968258261680603,0.5761496167323807,0.5719048252663376,0.5711176118204355
289,0.9133594036102295,0.8065670132637024,0.579296886920929,1.9444502592086792,0.58185662025276,0.5782119179270749,0.5774939680750961
290,0.9159570336341858,0.7999553084373474,0.5776562690734863,1.9432346820831299,0.5813185854504226,0.5767231882731828,0.5760804382948057
291,0.9166015386581421,0.7996877431869507,0.5777343511581421,1.9701876640319824,0.5806843165583019,0.5766151067191866,0.5757996091915563
292,0.9136132597923279,0.8064812421798706,0.575390636920929,1.96537184715271,0.5781280346456863,0.5740299980847875,0.5733368758133661
293,0.9168554544448853,0.7959262132644653,0.5774999856948853,1.9588161706924438,0.5810542264250862,0.5764814245355814,0.5759156601141563
294,0.9181835651397705,0.7952070832252502,0.5782031416893005,1.9724183082580566,0.5822582336451219,0.5770333164455195,0.5762138552845625
295,0.9160937666893005,0.7993943691253662,0.5766406059265137,1.9599647521972656,0.5804343085468986,0.5757832066318955,0.5752494148712475
296,0.9138085842132568,0.8059895038604736,0.573046863079071,1.9586787223815918,0.5766799413313083,0.5719831959385339,0.5714034857625132
297,0.9146289229393005,0.8026914000511169,0.5757031440734863,1.9637844562530518,0.5794730415256608,0.5744804778815241,0.573491633083446
298,0.9175390601158142,0.795789361000061,0.5774999856948853,1.9433232545852661,0.5801282077341015,0.5761402302355155,0.5754017935342818
299,0.916308581829071,0.7993840575218201,0.5863281488418579,1.9292391538619995,0.58985516144865,0.5849749161479401,0.5845802271817566
300,0.9173828363418579,0.7908389568328857,0.5839062333106995,1.9337654113769531,0.5877474942505083,0.5830427907575458,0.5823487155872972
301,0.9144335985183716,0.7990908026695251,0.5797656178474426,1.9308857917785645,0.5829593655937901,0.5792624327589578,0.5784889009181714
302,0.9169531464576721,0.7936528921127319,0.5790625214576721,1.9446508884429932,0.5828182974167797,0.5778491541766169,0.5770156513311713
303,0.9158008098602295,0.7997658252716064,0.5796093940734863,1.9476505517959595,0.5826648740116535,0.5786796786373504,0.578007728286664
304,0.9175586104393005,0.794996440410614,0.5856249928474426,1.9373823404312134,0.5893509884793884,0.5849179558366607,0.5841008547929969
305,0.9174218773841858,0.7912159562110901,0.5842187404632568,1.9366368055343628,0.5867153457822074,0.5831332051445237,0.5821849199517668
306,0.9172070026397705,0.7895123362541199,0.5843750238418579,1.9295939207077026,0.587203205676676,0.5832391889836493,0.5825015938886555
307,0.9144335985183716,0.8023558855056763,0.5788280963897705,1.9536575078964233,0.5816013350217699,0.5780969599045624,0.5772849228217038
308,0.9154297113418579,0.7969478368759155,0.5799999833106995,1.9431424140930176,0.5828273702464685,0.5790134245075671,0.5781075109530656
309,0.9183984398841858,0.7904377579689026,0.582812488079071,1.9523708820343018,0.5853860888371176,0.582060557881013,0.581122388096668
310,0.9158398509025574,0.7945714592933655,0.5824218988418579,1.9424889087677002,0.5859499739218184,0.5813285968324958,0.5805696664557987
311,0.9177343845367432,0.7907804250717163,0.5920312404632568,1.9182173013687134,0.5954800540672907,0.5910055295539534,0.5901767269774756
312,0.9172461032867432,0.7927335500717163,0.5867968797683716,1.912705659866333,0.5894418571044324,0.585585242536834,0.5845785835176851
313,0.914257824420929,0.8011521697044373,0.5829687714576721,1.9426970481872559,0.5860494555502433,0.5819137748025695,0.581146898155984
314,0.9168945550918579,0.798104465007782,0.5841405987739563,1.9325759410858154,0.5871984238578407,0.5829269314783524,0.581896344635833
315,0.9151172041893005,0.7990861535072327,0.5849999785423279,1.9251294136047363,0.5884464915785963,0.5839089028922122,0.5831679086151149
316,0.9187304973602295,0.7866385579109192,0.5914843678474426,1.9221171140670776,0.5950402829324482,0.590440121421449,0.5899794048270791
317,0.9182422161102295,0.7918561697006226,0.5871875286102295,1.930579662322998,0.5906569461600545,0.5857787437397787,0.5849704090079888
318,0.9155663847923279,0.7926647067070007,0.5811718702316284,1.9582895040512085,0.5843889660422067,0.5798996087335933,0.5791774807481583
319,0.9169921875,0.7911728620529175,0.5860937237739563,1.9358958005905151,0.5886225699945746,0.5849746602888071,0.5840835539594029
320,0.9180859327316284,0.7928938269615173,0.5850781202316284,1.9504508972167969,0.5882824049157414,0.5838755724639634,0.5834152848373328
321,0.9170507788658142,0.7932556867599487,0.5857031345367432,1.9329938888549805,0.588000370511409,0.5849796613451526,0.5841852189829051
322,0.9173828363418579,0.7944322228431702,0.5859375,1.9369274377822876,0.5888254264592252,0.5849849000964745,0.5843122906020517
323,0.9189648628234863,0.7876671552658081,0.5859375,1.9325312376022339,0.5890507127529256,0.584522458090343,0.5839072140521316
324,0.9150586128234863,0.7979748249053955,0.5823437571525574,1.9474338293075562,0.5857185903552393,0.5807589566320476,0.5801744296630609
325,0.9179491996765137,0.7910832762718201,0.5852344036102295,1.9439436197280884,0.588695401571097,0.5839090781836349,0.5836113806149379
326,0.9181835651397705,0.7874189019203186,0.5877344012260437,1.9386929273605347,0.5907450075617753,0.5866943937223714,0.5859587819809045
327,0.920214831829071,0.7870844006538391,0.5871875286102295,1.934374213218689,0.5906276969172191,0.5861931850642951,0.5851939430073557
328,0.9201953411102295,0.7807910442352295,0.5857812762260437,1.9352003335952759,0.5888823295766701,0.5847348519739678,0.5840611930195041
329,0.9176366925239563,0.7889859676361084,0.5896093845367432,1.929549217224121,0.5934312388287886,0.5886488296210037,0.5878659375250103
330,0.9185546636581421,0.7888531684875488,0.5846874713897705,1.938217282295227,0.5885108802470834,0.5835216744902355,0.5828474674388544
331,0.9202734231948853,0.7836440205574036,0.589062511920929,1.9312416315078735,0.5930895950442493,0.5876190342633362,0.5869803485940541
332,0.9193164110183716,0.7834188938140869,0.58984375,1.9378573894500732,0.5930577302299094,0.5883108532035393,0.5877376400297392
333,0.9171484112739563,0.784885585308075,0.5882812738418579,1.914677619934082,0.5916735839103463,0.5874330476796901,0.5865479537259322
334,0.91796875,0.788245439529419,0.5881249904632568,1.9234379529953003,0.5906775013552954,0.5872529533019594,0.5860720285697681
335,0.9183398485183716,0.7873125672340393,0.5892968773841858,1.9206936359405518,0.5915062392679553,0.5879525643385661,0.586617382534405
336,0.9180077910423279,0.7887365221977234,0.5899218916893005,1.9234709739685059,0.5933953202723891,0.588964932021874,0.5881214729100562
337,0.917773425579071,0.7869353294372559,0.5887500047683716,1.916329026222229,0.5914023870355836,0.587535655055698,0.5869357644236413
338,0.9192773699760437,0.782778799533844,0.5921875238418579,1.9027572870254517,0.5947198140077189,0.5909288235902015,0.5901084070258575
339,0.9177343845367432,0.7862333655357361,0.5953124761581421,1.90004301071167,0.5977965274538171,0.5942782252654065,0.5931430002937443
340,0.9181835651397705,0.7837729454040527,0.5957812666893005,1.9025349617004395,0.5992895071887747,0.5944208986278836,0.5936906935873695
341,0.9189648628234863,0.7867003083229065,0.588671863079071,1.9036040306091309,0.5927521283652781,0.5876065332657863,0.5872791531489979
342,0.9194726347923279,0.7848119139671326,0.596875011920929,1.8976761102676392,0.5999281332686971,0.5962735516611387,0.5952927651657173
343,0.9211132526397705,0.7811617851257324,0.583984375,1.9318249225616455,0.5871073742104267,0.5830795474925901,0.5823104083423677
344,0.9215429425239563,0.7806990742683411,0.5899218916893005,1.92750883102417,0.5927822067953339,0.5889194307882568,0.5878520538945315
345,0.9201953411102295,0.7789889574050903,0.5922656059265137,1.9254390001296997,0.5958341599342601,0.5910833527105391,0.5903213712419257
346,0.9205273389816284,0.7801454067230225,0.5963281393051147,1.910570502281189,0.6002409031043314,0.5951811277500016,0.59475508321598
347,0.9187890887260437,0.783081591129303,0.5888281464576721,1.9123011827468872,0.5921922032677007,0.5878683647817408,0.5869122269441509
348,0.9204297065734863,0.7795091867446899,0.5970312356948853,1.9084011316299438,0.6001178143475367,0.5957321574318897,0.5950067763835425
349,0.9175781011581421,0.7859782576560974,0.5895312428474426,1.925844669342041,0.5929749691815902,0.5882733805315836,0.5876775196553681
350,0.9207812547683716,0.7790399193763733,0.5938281416893005,1.9198685884475708,0.5970144842608774,0.5926866626622408,0.5919501844169944
351,0.9187695384025574,0.7847891449928284,0.5959374904632568,1.9073258638381958,0.5987267794466289,0.594867732410574,0.5939774228104799
352,0.9178320169448853,0.7841938734054565,0.5936718583106995,1.8954341411590576,0.5966970653003629,0.5926766991568435,0.5917855711271406
353,0.92041015625,0.7819074392318726,0.5928906202316284,1.9080193042755127,0.5959169739613699,0.5918660496825481,0.590933609164916
354,0.919238269329071,0.7827739715576172,0.5933593511581421,1.9092365503311157,0.595753755321347,0.5922701541004001,0.5913172926490535
355,0.9200586080551147,0.7795404195785522,0.5932031273841858,1.9084844589233398,0.5965839011992347,0.5923656584379593,0.5913532850608609
356,0.9179297089576721,0.7858314514160156,0.5961718559265137,1.9011313915252686,0.5992444402883452,0.5950103430311788,0.5944880126887992
357,0.9206640720367432,0.77898770570755,0.58984375,1.9317889213562012,0.5925884739653238,0.5888480500778888,0.5878044652912515
358,0.9190624952316284,0.7854825854301453,0.5928906202316284,1.912285566329956,0.5961457398987278,0.5919531952255541,0.5914835086555759
359,0.9222265481948853,0.777820885181427,0.5915625095367432,1.9047602415084839,0.5942101142774547,0.5902848562466636,0.5897794682989144
360,0.9231836199760437,0.7726349830627441,0.5930469036102295,1.898671269416809,0.5955006311932052,0.591865067397866,0.591017768349194
361,0.9243554472923279,0.7681995630264282,0.5965625047683716,1.9063594341278076,0.5983030326108165,0.5957698708063077,0.5943713393217469
362,0.9213281273841858,0.7759503722190857,0.5889062285423279,1.9194855690002441,0.5915568818004588,0.5878200081351871,0.5870911867517807
363,0.9206836223602295,0.7772879600524902,0.5946093797683716,1.9180225133895874,0.597394876504048,0.5934530985423742,0.5928755947354867
364,0.9203320145606995,0.7782433032989502,0.5932031273841858,1.9016684293746948,0.5959548391088517,0.5920064429670207,0.5910060118290701
365,0.9227148294448853,0.7729775905609131,0.5891406536102295,1.9114147424697876,0.5920565187079478,0.5876133561279172,0.5868932181563926
366,0.920605480670929,0.7793406844139099,0.5907031297683716,1.9087376594543457,0.593141792047629,0.589755591261427,0.5885378118719037
367,0.9212499856948853,0.7755266427993774,0.595703125,1.895660400390625,0.59810310239984,0.5945409259032326,0.5939001087992064
368,0.921875,0.777397632598877,0.5975000262260437,1.880833625793457,0.6013816407753995,0.5965055602841727,0.5960684376890535
369,0.9190039038658142,0.7819782495498657,0.5997655987739563,1.8923392295837402,0.6032414370931954,0.5988599061769482,0.5982621977090874
370,0.9207422137260437,0.7770774364471436,0.5928906202316284,1.8940675258636475,0.5951950964294082,0.5917727951746632,0.5911827728601982
371,0.9209765791893005,0.776872456073761,0.5973437428474426,1.8891322612762451,0.6014815982275082,0.5964003716311805,0.5960719511069758
372,0.9207226634025574,0.7814071178436279,0.5965625047683716,1.8866257667541504,0.6000221428597948,0.5954530537893639,0.5948632389777455
373,0.920703113079071,0.7747676968574524,0.5942187309265137,1.8952679634094238,0.5964740912251913,0.5929623555843266,0.5923980891680996
374,0.9226757884025574,0.771860659122467,0.5957812666893005,1.8862903118133545,0.5983138171009657,0.5944644892693972,0.5940894910340069
375,0.9209570288658142,0.777668297290802,0.5969531536102295,1.9004076719284058,0.5997758544740222,0.5955758112442957,0.5950702219747227
376,0.9224804639816284,0.7724664211273193,0.5950000286102295,1.9043748378753662,0.5974378043016451,0.5941133760404684,0.5934296054971444
377,0.9210742115974426,0.7755720615386963,0.5953124761581421,1.9136133193969727,0.5988868855246321,0.5944432093138404,0.5935653144701525
378,0.921191394329071,0.7742347121238708,0.600781261920929,1.888604760169983,0.6032890173842302,0.5997803543848335,0.5985118012817103
379,0.9222070574760437,0.7731873393058777,0.5909374952316284,1.9132217168807983,0.5934063427008247,0.5898644174889465,0.5889782684168957
380,0.9229101538658142,0.7743791937828064,0.594531238079071,1.9074537754058838,0.5971391874752219,0.5934460392153296,0.5925798895953478
381,0.9215234518051147,0.7742900848388672,0.5932031273841858,1.9031884670257568,0.5965913886442538,0.5925349375130138,0.5922102488195686
382,0.9218554496765137,0.7720568180084229,0.5921093821525574,1.9097517728805542,0.5957629983103518,0.5909028278817849,0.5900781190083149
383,0.9236133098602295,0.7705077528953552,0.596875011920929,1.9079296588897705,0.5999367309299781,0.5957318408660558,0.5951773151855511
384,0.9242578148841858,0.7688928842544556,0.5989062786102295,1.9104201793670654,0.6016402715647463,0.5978200532301086,0.5970872965794196
385,0.9218164086341858,0.7724968791007996,0.598437488079071,1.9121626615524292,0.6013175346054791,0.597446843398124,0.5967552849682275
386,0.9232031106948853,0.7693430185317993,0.59375,1.9065905809402466,0.5969139893569786,0.5927418548182944,0.5921069987729395
387,0.9238671660423279,0.7706801891326904,0.5959374904632568,1.9030616283416748,0.5993097470034514,0.5946668811649012,0.5939589061903888
388,0.9208398461341858,0.77768874168396,0.5957812666893005,1.9137213230133057,0.5989525274606982,0.594672965555736,0.5935401269492597
389,0.9227148294448853,0.7696865797042847,0.5966406464576721,1.8963040113449097,0.5999144886140627,0.5958415816104806,0.5945170140116272
390,0.9222070574760437,0.7707578539848328,0.5958593487739563,1.9092931747436523,0.6000980873732588,0.5948939015712975,0.5941566688995511
391,0.9223828315734863,0.7744704484939575,0.5989843606948853,1.8948826789855957,0.6017579802368493,0.5976187652560555,0.5968476811240232
392,0.9233008027076721,0.7728647589683533,0.59375,1.9012750387191772,0.5970457276117129,0.5926009193336623,0.5920161131060824
393,0.9231054782867432,0.7705898284912109,0.5943750143051147,1.8971302509307861,0.5971729054005537,0.5932049982128691,0.5921917850404153
394,0.9246484637260437,0.7695876955986023,0.5953124761581421,1.90024733543396,0.5983945148438893,0.5943544711636872,0.5933368768820618
395,0.921679675579071,0.7725641131401062,0.5959374904632568,1.8973267078399658,0.599654818216307,0.5946301203966373,0.5938419211396377
396,0.9208398461341858,0.7757560610771179,0.6016406416893005,1.9011552333831787,0.6055591102279112,0.6004544843308428,0.6003696984106816
397,0.922070324420929,0.7761796712875366,0.595703125,1.9190446138381958,0.5993100134634217,0.5945324280780555,0.594140543330168
398,0.9217773675918579,0.7759749889373779,0.6014062762260437,1.89325749874115,0.6053362365990171,0.600539777200271,0.5999912407514557
399,0.9212109446525574,0.7749930620193481,0.5972656011581421,1.9052746295928955,0.6012096773730289,0.5964450323872416,0.5956169187149464
400,0.9256445169448853,0.7637597918510437,0.6014843583106995,1.899318814277649,0.6056717964538922,0.6004802508756177,0.6000762977748899
401,0.923632800579071,0.7690489292144775,0.602343738079071,1.8804603815078735,0.6056447428957705,0.6015631585055023,0.6006119445587377
402,0.9230859279632568,0.768951952457428,0.5972656011581421,1.909288763999939,0.6000134749995375,0.5963100980880488,0.5956376823577914
403,0.9227539300918579,0.7695836424827576,0.6010156273841858,1.8972384929656982,0.6048995677105813,0.6002720917023758,0.5997074347644965
404,0.9260547161102295,0.7612466216087341,0.5986718535423279,1.9059693813323975,0.6018330447417072,0.5976703240551848,0.5971262805796593
405,0.9242187738418579,0.7626343369483948,0.6017187237739563,1.871101975440979,0.6056449743633077,0.6006264806971698,0.5999959370529395
406,0.9251757860183716,0.7631644606590271,0.5965625047683716,1.8900386095046997,0.6001074593799767,0.5957502470990197,0.5950474887140209
407,0.9255664348602295,0.7609193921089172,0.6007031202316284,1.8764774799346924,0.6032766112661916,0.599541310947497,0.5984787180115362
408,0.9276171922683716,0.757432758808136,0.604687511920929,1.879719853401184,0.6085240227102577,0.6039948083829549,0.6032758928069555
409,0.9287304878234863,0.7574182152748108,0.6008594036102295,1.8877205848693848,0.6039009316822626,0.6000162765024579,0.5994267204810272
410,0.9251757860183716,0.7623653411865234,0.6017187237739563,1.886220097541809,0.6047900708335459,0.6005854885432733,0.6001050927115862
411,0.9233984351158142,0.7674317359924316,0.5996875166893005,1.9035215377807617,0.6020482223137247,0.5985455668035802,0.597629674029359
412,0.922167956829071,0.7740247845649719,0.6047656536102295,1.887139916419983,0.6081042668660501,0.603876307968098,0.6036047873457233
413,0.9247265458106995,0.7654160261154175,0.6059374809265137,1.8803231716156006,0.6092560669321969,0.6049733458665345,0.6043152752776548
414,0.9234765768051147,0.770682156085968,0.6028125286102295,1.9048463106155396,0.6071955057084828,0.6016543285424437,0.6011273375494879
415,0.9242578148841858,0.7690331339836121,0.5986718535423279,1.900762677192688,0.601994748183339,0.5979032915879292,0.5970566344109971
416,0.92333984375,0.7697042226791382,0.6096875071525574,1.8732997179031372,0.6136060085124524,0.6084904156641608,0.6080454556055792
417,0.9228711128234863,0.7637535929679871,0.6014062762260437,1.8876692056655884,0.6048327622915121,0.6000703826913473,0.5998743749830955
418,0.9228125214576721,0.7682936787605286,0.5986718535423279,1.8963251113891602,0.6018577115790419,0.5976990805218619,0.5970594236466262
419,0.9217968583106995,0.7688694000244141,0.6056249737739563,1.8972604274749756,0.6087290935168298,0.6046556889798955,0.6037025771399958
420,0.9226953387260437,0.7713229656219482,0.599609375,1.9126695394515991,0.6022443670130393,0.5986259217383383,0.5978695137896093
421,0.9230077862739563,0.7707701325416565,0.6064062714576721,1.8865456581115723,0.6101038004831072,0.6054528192213893,0.6046455985159518
422,0.9238476753234863,0.7661221027374268,0.6020312309265137,1.8932900428771973,0.6050233565159916,0.6012571674711195,0.6004165071229131
423,0.9275976419448853,0.7568643689155579,0.6025000214576721,1.8909661769866943,0.6057028779176133,0.6013569390785614,0.6006793963232708
424,0.9241601824760437,0.7604292035102844,0.6021875143051147,1.8984774351119995,0.6050738410884013,0.6014752573192748,0.6006695157860038
425,0.926953136920929,0.758034348487854,0.6033594012260437,1.894100546836853,0.6068622461155111,0.6024350639932955,0.6018714755512491
426,0.9260156154632568,0.7623773217201233,0.6012499928474426,1.895198106765747,0.6043655147962563,0.6005040324608113,0.5996018201689288
427,0.9267968535423279,0.7597180008888245,0.6032031178474426,1.8781031370162964,0.605501974631257,0.6020633808582554,0.6011258703897921
428,0.9246875047683716,0.76568204164505,0.6042187213897705,1.8900668621063232,0.6071107491254925,0.6033680941083288,0.6025631991874738
429,0.9258008003234863,0.7619848847389221,0.6014843583106995,1.8949012756347656,0.6050619674546847,0.600703311962654,0.6004270374516469
430,0.923046886920929,0.7705643177032471,0.5974218845367432,1.9019584655761719,0.6005346023248544,0.596521474991154,0.5957600869497547
431,0.9227539300918579,0.7697668671607971,0.5960156321525574,1.9089338779449463,0.5985700437297428,0.5953742525326887,0.5947344541652128
432,0.9256054759025574,0.7627290487289429,0.596484363079071,1.904524564743042,0.6000719317292256,0.5954756423033132,0.5947289429609711
433,0.9235742092132568,0.7697931528091431,0.5932031273841858,1.9242870807647705,0.5962266517647886,0.5921475955806901,0.5913507745627316
434,0.9237499833106995,0.7688257694244385,0.6000000238418579,1.8982434272766113,0.6038957313137041,0.5991902818093471,0.5984047446421672
435,0.9257616996765137,0.7637556195259094,0.5960156321525574,1.894505500793457,0.5982948636030583,0.5952618419953273,0.5942800935085526
436,0.92578125,0.7604914307594299,0.6050000190734863,1.8923965692520142,0.6082936276493316,0.6046111292212687,0.6038418150472068
437,0.9249414205551147,0.7619112133979797,0.6043750047683716,1.8842984437942505,0.6083734647376348,0.6034075107038498,0.6029553549243614
438,0.9240624904632568,0.7652109265327454,0.6045312285423279,1.8832546472549438,0.6076224721333491,0.6033917158973896,0.6028665272006333
439,0.926953136920929,0.759385347366333,0.5985937714576721,1.9060341119766235,0.6012869234730678,0.5977656623794199,0.5970599375682392
440,0.9254297018051147,0.7607104778289795,0.6044531464576721,1.8844293355941772,0.6070383819800574,0.6037803459737925,0.6025750818662452
441,0.9254101514816284,0.7616065144538879,0.6032812595367432,1.8759651184082031,0.6057964414177083,0.6022922467837285,0.6013324986656118
442,0.9272656440734863,0.7553999423980713,0.6040624976158142,1.8902391195297241,0.6077092967120298,0.6030888843864879,0.6022568512761987
443,0.9270898699760437,0.7575386166572571,0.5996875166893005,1.903623342514038,0.6030824284674583,0.5986658601330199,0.5981896497466312
444,0.9255468845367432,0.7605505585670471,0.608593761920929,1.8799384832382202,0.6114084386204028,0.6073640107045635,0.6065739123720872
445,0.9271484613418579,0.7541136145591736,0.6072656512260437,1.8601716756820679,0.6105289294536366,0.6060625116340239,0.6052056475348155
446,0.92529296875,0.7605946063995361,0.6050781011581421,1.8790723085403442,0.6080625798753879,0.6038528948242881,0.602991000366788
447,0.9252734184265137,0.7584552764892578,0.6017968654632568,1.8887704610824585,0.6041829247751915,0.6008768837447461,0.599955694710448
448,0.9280078411102295,0.7555341124534607,0.6036718487739563,1.8873554468154907,0.6058807038674363,0.6028288310339168,0.6018595498991599
449,0.9266796708106995,0.7600225806236267,0.6069531440734863,1.876818060874939,0.6102677411857305,0.6062385847871516,0.6051577962184351
450,0.9250781536102295,0.7609525918960571,0.6032812595367432,1.8941153287887573,0.6072073960006765,0.6027043622386381,0.6022252646293786
451,0.9245898723602295,0.7646858096122742,0.6069531440734863,1.880377173423767,0.6106981537525724,0.6060523469065994,0.6054495391572793
452,0.9251562356948853,0.7669717669487,0.6094531416893005,1.8709715604782104,0.6124861536405944,0.6084702176358965,0.6077406159513159
453,0.9252539277076721,0.7635791897773743,0.6051562428474426,1.8766762018203735,0.6084417924813308,0.6043356450039539,0.6033451023896153
454,0.9275781512260437,0.7529577016830444,0.6060937643051147,1.872055172920227,0.608807207407588,0.6051580124924989,0.6043664599223302
455,0.929492175579071,0.7532978653907776,0.608203113079071,1.8720059394836426,0.610917239328935,0.6072426256242729,0.606447830119909
456,0.9282422065734863,0.7517749071121216,0.6061718463897705,1.8732436895370483,0.6090849034990876,0.6054196006482828,0.6045773441504899
457,0.9265038967132568,0.757213830947876,0.6064843535423279,1.8725786209106445,0.6100352266214686,0.6057757499653347,0.604988100019388
458,0.928027331829071,0.7553359866142273,0.6085156202316284,1.8881044387817383,0.6118799395934855,0.60776641480016,0.607081169489811
459,0.9269140362739563,0.7563508749008179,0.6088281273841858,1.8632375001907349,0.6118407466263509,0.6077920292609044,0.6075191201798447
460,0.9268359541893005,0.7568127512931824,0.6042187213897705,1.8774075508117676,0.6072607454288367,0.6032963070059383,0.6027377618189637
461,0.9266992211341858,0.7554437518119812,0.6039843559265137,1.8903570175170898,0.6067785842105581,0.603010159733232,0.6022904653401451
462,0.928027331829071,0.7596170902252197,0.604296863079071,1.887524127960205,0.6075257013366698,0.6032022184594141,0.6023124393943946
463,0.9237890839576721,0.7643285393714905,0.607421875,1.8891595602035522,0.6098878396912062,0.6062468387743891,0.60571516771651
464,0.9246484637260437,0.7688719034194946,0.5982031226158142,1.903923511505127,0.6010979465540633,0.596897490207535,0.5962233885979076
465,0.9273437261581421,0.7629191875457764,0.6116406321525574,1.8767123222351074,0.6138191509201347,0.6108483327414822,0.6098394892186361
466,0.9267578125,0.7626845836639404,0.5997655987739563,1.894869327545166,0.6034265730607349,0.5987652300478048,0.5981792307406895
467,0.9266210794448853,0.7554980516433716,0.6028906106948853,1.9087612628936768,0.6063201514799121,0.6021463852208114,0.6016156111679745
468,0.924121081829071,0.7698981761932373,0.6048437356948853,1.8974717855453491,0.608672927466092,0.6036984398948384,0.6028590485293304
469,0.9270312786102295,0.758938193321228,0.6024218797683716,1.8987336158752441,0.6053559907180464,0.6015032719659617,0.6007161192175807
470,0.9266992211341858,0.7570880651473999,0.6091406345367432,1.8760534524917603,0.6127435523511515,0.6077663097145714,0.6071591841769731
471,0.928515613079071,0.7534511089324951,0.6114843487739563,1.8764921426773071,0.6142257227949226,0.6104845680239619,0.6099584254529856
472,0.9281445145606995,0.7553344964981079,0.6070312261581421,1.8903759717941284,0.6095237174141983,0.6061748390853223,0.6052493975109733
473,0.9304882884025574,0.7489272952079773,0.6052343845367432,1.9012359380722046,0.608740500140952,0.6043605150069427,0.6039782544534281
474,0.9293359518051147,0.7488100528717041,0.6045312285423279,1.896256685256958,0.6066364516075339,0.603348366571397,0.6025185638863677
475,0.9271289110183716,0.7552120685577393,0.6035937666893005,1.8888616561889648,0.6069307687191057,0.6028446313266,0.6022408148727956
476,0.9287695288658142,0.7522729635238647,0.5981249809265137,1.9120745658874512,0.6010492456837475,0.597256563734059,0.5963981071963989
477,0.9268554449081421,0.7553018927574158,0.6039062738418579,1.8960597515106201,0.6070063227352376,0.6028254733688048,0.6025496140869795
478,0.927441418170929,0.7528460621833801,0.6086719036102295,1.8920162916183472,0.612202177552488,0.6077120728330316,0.606650880472956
479,0.9253906011581421,0.7604402303695679,0.6031249761581421,1.8880168199539185,0.6061532633842734,0.6021516568373908,0.6013039743612689
480,0.9268164038658142,0.7557967305183411,0.6060156226158142,1.8862814903259277,0.6084507825995303,0.6049665516236978,0.6041086757479687
481,0.9270117282867432,0.7538949847221375,0.6038281321525574,1.9003411531448364,0.6064800544552811,0.602986189135788,0.6023884302692268
482,0.9294531345367432,0.7545207738876343,0.6043750047683716,1.8906776905059814,0.608221016504403,0.603568623478208,0.6026452197084734
483,0.9283202886581421,0.7510749101638794,0.6064843535423279,1.8786123991012573,0.608990014350131,0.6056144569502149,0.6049709605970603
484,0.9271289110183716,0.7603952288627625,0.6071875095367432,1.8886874914169312,0.6097049155849023,0.6060701319368464,0.60530200292674
485,0.9276953339576721,0.7539174556732178,0.604296863079071,1.9006896018981934,0.6069900907083239,0.6034983118535924,0.6026070268891384
486,0.927734375,0.7543007135391235,0.6067968606948853,1.8831568956375122,0.6104414583850667,0.6058792732384439,0.6051511927660966
487,0.9280859231948853,0.7517148852348328,0.6060937643051147,1.8800894021987915,0.6078912188989023,0.6049980125473048,0.6039957478025513
488,0.9290624856948853,0.7527210712432861,0.6079687476158142,1.8860681056976318,0.610814301049963,0.6069281368666544,0.606405413979607
489,0.9289844036102295,0.7493441700935364,0.6053906083106995,1.8921713829040527,0.6091552669624989,0.6043152272426111,0.603730275160539
490,0.9290429949760437,0.7500138282775879,0.6073437333106995,1.8862727880477905,0.6096682963135677,0.6063460848559012,0.605429306264917
491,0.9274804592132568,0.7561471462249756,0.5997655987739563,1.9120086431503296,0.603388672391469,0.5986508671128203,0.5980150194314386
492,0.9281640648841858,0.755429208278656,0.603515625,1.893837571144104,0.60595798739023,0.6022727020976559,0.6012578626237932
493,0.9271484613418579,0.7528443932533264,0.6067968606948853,1.8842543363571167,0.6102001127789551,0.6059765930331948,0.605457568038442
494,0.92724609375,0.755238950252533,0.6010937690734863,1.892985224723816,0.6041896222849714,0.5999481638450859,0.5993750423514219
495,0.9290624856948853,0.7540858387947083,0.5998437404632568,1.8935916423797607,0.602815423877082,0.5990019755638417,0.5980752533050299
496,0.9296289086341858,0.750213623046875,0.6064062714576721,1.8794598579406738,0.6090172104887512,0.6054307588300087,0.6044385034492759
497,0.9298437237739563,0.7496820688247681,0.6036718487739563,1.908272385597229,0.606949417226391,0.6025219665578763,0.6017151900365247
498,0.9251757860183716,0.7618470191955566,0.6004687547683716,1.8991122245788574,0.603035271593542,0.5994226756332321,0.5985820758790874
499,0.9291406273841858,0.7488299012184143,0.6014062762260437,1.903346300125122,0.6042801370596103,0.6003048006691822,0.5994164187893756
500,0.9285351634025574,0.7528768181800842,0.6049218773841858,1.8987915515899658,0.6077395470038327,0.6041344422930316,0.6033403161610289
501,0.929492175579071,0.7553750872612,0.6058593988418579,1.8978346586227417,0.6076632218834832,0.604791935183314,0.6037295611261608
502,0.9286327958106995,0.7470393180847168,0.606249988079071,1.892791748046875,0.6092833436541607,0.6051079413657785,0.6041554520077393
503,0.930468738079071,0.7427078485488892,0.6077343821525574,1.891035795211792,0.6100915419375261,0.6064884578795199,0.6056668080669512
504,0.9298437237739563,0.7458775043487549,0.6067968606948853,1.8932777643203735,0.6100495183740626,0.6055015495579207,0.6047249666140624
505,0.9319531321525574,0.7418408989906311,0.6082812547683716,1.8710969686508179,0.6124939913915036,0.6072811508670815,0.6066348077576651
506,0.93017578125,0.7442964911460876,0.6044531464576721,1.8844445943832397,0.6069593448448032,0.6033523191714856,0.6028478354212392
507,0.9303125143051147,0.7444719076156616,0.5978124737739563,1.8999384641647339,0.6002726138324139,0.5971210858673517,0.5963055472566355
508,0.9294335842132568,0.7452916502952576,0.6123437285423279,1.8661967515945435,0.6148490057163742,0.6114333097012334,0.610672510468611
509,0.9272656440734863,0.7521607279777527,0.6063281297683716,1.8789145946502686,0.6100553220991632,0.6055629922829169,0.6050666171424446
510,0.9269726276397705,0.7547868490219116,0.604687511920929,1.8783507347106934,0.6081422185816658,0.6034253513734764,0.603036409255373
511,0.9306445121765137,0.7461975812911987,0.6084374785423279,1.8760778903961182,0.6117194368606448,0.6073484233613374,0.6066729534504993
512,0.9294335842132568,0.7454448938369751,0.6053125262260437,1.8965164422988892,0.6086991283489451,0.6042978384494997,0.6038023528859731
513,0.9273242354393005,0.7501210570335388,0.6071093678474426,1.8922014236450195,0.6104714825525634,0.606622222272704,0.6059064672809231
514,0.926562488079071,0.7572025060653687,0.6049218773841858,1.902148723602295,0.6072831604748027,0.6039873971659767,0.6033787549689436
515,0.9305078387260437,0.7436673045158386,0.6057812571525574,1.8987891674041748,0.6081087443767011,0.6045271906733586,0.6036848643575774
516,0.9302539229393005,0.7500854730606079,0.6034374833106995,1.9043159484863281,0.6060123513836058,0.6022480125729222,0.6013786856429045
517,0.9271679520606995,0.7557428479194641,0.6097656488418579,1.8885595798492432,0.6132336871165591,0.6088867035365583,0.6081509311808777
518,0.9275586009025574,0.753909707069397,0.6075780987739563,1.8912407159805298,0.6105802929367717,0.6064422773820984,0.6058176721766491
519,0.927929699420929,0.7554139494895935,0.6104687452316284,1.8845086097717285,0.6135917088711912,0.6092804168165111,0.6085967896269463
520,0.9320703148841858,0.7409654259681702,0.6029687523841858,1.8937197923660278,0.6056281854360794,0.6022651803004775,0.6014066890380951
521,0.9303515553474426,0.7451414465904236,0.6089843511581421,1.8860154151916504,0.6117104718509131,0.6080455183586142,0.6072226237445401
522,0.9291210770606995,0.751613974571228,0.608203113079071,1.886655330657959,0.6110484198004786,0.6073362886390308,0.6063837478554943
523,0.928906261920929,0.749315619468689,0.6121875047683716,1.8841694593429565,0.6153157637377416,0.6114935498184793,0.6105680236225304
524,0.9307031035423279,0.7442079186439514,0.6119531393051147,1.8789677619934082,0.6151452758914288,0.6109073872087334,0.6104377655551252
525,0.9297265410423279,0.7493927478790283,0.6128125190734863,1.895859718322754,0.6167587912607492,0.6120839655974786,0.6113828563892211
526,0.9300000071525574,0.7479422092437744,0.6091406345367432,1.8816660642623901,0.6121401283251653,0.6082124533644004,0.6076402059472094
527,0.9285547137260437,0.750446617603302,0.6100000143051147,1.8870054483413696,0.6128548786243428,0.6088296398125198,0.6080530581953807
528,0.9294531345367432,0.7495425343513489,0.6043750047683716,1.8960493803024292,0.6066277015951904,0.6035180442678585,0.602472202394767
529,0.9291601777076721,0.7486296892166138,0.6085156202316284,1.8980008363723755,0.6119152852616984,0.6075821798309987,0.6064346759983572
530,0.9291601777076721,0.7518432140350342,0.6100780963897705,1.8909493684768677,0.612203381739656,0.6091123699224361,0.6079642227402023
531,0.9291601777076721,0.750633716583252,0.6077343821525574,1.8779819011688232,0.6106845468548826,0.6066941547731052,0.6056811107160942
532,0.9291796684265137,0.7508352398872375,0.6030468940734863,1.8997150659561157,0.6055383625560394,0.6019825607521566,0.6008806990851651
533,0.9312304854393005,0.7442405223846436,0.6059374809265137,1.8944423198699951,0.6086129532635679,0.6045337820416417,0.6037490982890243
534,0.9314258098602295,0.7416202425956726,0.6114843487739563,1.881880521774292,0.6141372905858464,0.6105801084031124,0.6098009200423248
535,0.9309375286102295,0.7447730302810669,0.6067187786102295,1.882925271987915,0.6101788179620851,0.6055352932265179,0.6048949087031601
536,0.9300195574760437,0.7475947737693787,0.6096093654632568,1.8725857734680176,0.6123974108099252,0.6082376343388269,0.6076337868618
537,0.93115234375,0.7449302077293396,0.6078906059265137,1.8737865686416626,0.6112980197239314,0.6069186349383827,0.6062570245170854
538,0.9291601777076721,0.7512784600257874,0.607421875,1.8996461629867554,0.6108621579880711,0.6066040825495697,0.605915761697533
539,0.9302539229393005,0.7414200305938721,0.6088281273841858,1.8917601108551025,0.6119866747582849,0.6080559001513532,0.6073113120363345
540,0.9339062571525574,0.7387422323226929,0.6088281273841858,1.886346697807312,0.611632141192233,0.6076598170069569,0.6066934881387547
541,0.9317968487739563,0.7395109534263611,0.6136718988418579,1.8851011991500854,0.6169452146441767,0.6127581687198878,0.6121918789949755
542,0.9308398365974426,0.7450395822525024,0.6075000166893005,1.8967665433883667,0.6111106726821043,0.606729953430349,0.605799470289881
543,0.92822265625,0.7495125532150269,0.6082812547683716,1.8844021558761597,0.611045275788475,0.6072341788946833,0.606162009449705
544,0.9313671588897705,0.7399783134460449,0.6059374809265137,1.897037386894226,0.6100727502836472,0.6052244594263584,0.6044054110391363
545,0.9287499785423279,0.7515190839767456,0.6084374785423279,1.8890924453735352,0.6123968530755437,0.6074895161870454,0.6067977429681122
546,0.9283202886581421,0.7551054358482361,0.6087499856948853,1.8948864936828613,0.6121454833517543,0.6079187083774857,0.6072655256212588
547,0.9294335842132568,0.7442623972892761,0.6053125262260437,1.8881574869155884,0.6087032705182895,0.6043908487910616,0.6035804673118959
548,0.9315038919448853,0.7418652176856995,0.6114843487739563,1.8810577392578125,0.6147212085412215,0.6105953044113804,0.6098059229595634
549,0.9279101490974426,0.7514575123786926,0.6051562428474426,1.8966833353042603,0.6076218652959186,0.6045506374957187,0.6035680873489955
550,0.9305859208106995,0.7458202242851257,0.6116406321525574,1.8928865194320679,0.6150544292681976,0.6106460701123695,0.6101688530327565
551,0.9311327934265137,0.7445313930511475,0.6053125262260437,1.9019112586975098,0.6083847030742322,0.6045997472967614,0.6038107618303432
552,0.9297460913658142,0.7455400824546814,0.606640636920929,1.8730342388153076,0.6097540706170432,0.6056946156184762,0.6051771641606403
553,0.9306250214576721,0.7439283132553101,0.6103125214576721,1.883827567100525,0.6130550699931822,0.6092005697696781,0.6085500532614598
554,0.9309179782867432,0.7437024116516113,0.6112499833106995,1.8704887628555298,0.6143861441773744,0.6101493838862388,0.6095578933663883
555,0.9325390458106995,0.7436387538909912,0.6116406321525574,1.8762142658233643,0.6148164041466677,0.6110262493569097,0.6103384315821927
556,0.9319726824760437,0.7432833313941956,0.6110937595367432,1.8778390884399414,0.613655752360155,0.6104495226078761,0.6094777021242257
557,0.929980456829071,0.7428322434425354,0.608593761920929,1.8899188041687012,0.6115681936072046,0.6077934243455809,0.6068812598267042
558,0.9300195574760437,0.7464318871498108,0.6119531393051147,1.88556706905365,0.6144141073022277,0.611150469236653,0.6102666841553016
559,0.9289648532867432,0.7479076385498047,0.6081249713897705,1.8837344646453857,0.6108412203100204,0.6069803002669703,0.6062751360873662
560,0.932910144329071,0.7382871508598328,0.6108593940734863,1.8736779689788818,0.6147857497291435,0.6100611556790809,0.609316202867122
561,0.9317382574081421,0.7416874766349792,0.6135937571525574,1.887058973312378,0.617049158727577,0.6125915258784207,0.611934598894917
562,0.9309375286102295,0.7399594783782959,0.6084374785423279,1.8964518308639526,0.612106591802185,0.6076249024148968,0.6070392916421234
563,0.9288671612739563,0.7499372959136963,0.6106250286102295,1.8731167316436768,0.6138076287729618,0.6096383397042093,0.608557404367533
564,0.9322070479393005,0.7415013313293457,0.6089062690734863,1.8940856456756592,0.6121268324036483,0.6079879217790674,0.6074585594647943
565,0.9330078363418579,0.7395269274711609,0.6050000190734863,1.8997948169708252,0.6076551749893686,0.6039904616104452,0.6033043169801038
566,0.9301367402076721,0.7437390685081482,0.6104687452316284,1.8887629508972168,0.6138522897641108,0.6096417059333836,0.6092436688092051
567,0.9319140911102295,0.7442490458488464,0.6092968583106995,1.8886924982070923,0.6121846240801978,0.6086766164548293,0.608055390676033
568,0.931835949420929,0.7418032884597778,0.603515625,1.895479440689087,0.6070955765246094,0.6027440512587532,0.6020023320429931
569,0.9275586009025574,0.7513685822486877,0.6078125238418579,1.8982691764831543,0.6097047880665638,0.6065701783022637,0.6054752347309288
570,0.9278320074081421,0.7535884380340576,0.6081249713897705,1.9001944065093994,0.6112609601958252,0.6072059184454328,0.6065472043610007
571,0.9290429949760437,0.7510969042778015,0.6109374761581421,1.8958927392959595,0.6147160686585368,0.6102639885129824,0.6094864408807161
572,0.9297460913658142,0.7478664517402649,0.6053906083106995,1.9042139053344727,0.6076983769545283,0.6045437943621597,0.6036510781456625
573,0.9304882884025574,0.7465837001800537,0.6065624952316284,1.9017441272735596,0.6095955026899909,0.6055168096838723,0.6047137730567931
574,0.9296484589576721,0.7454645037651062,0.6103125214576721,1.8944697380065918,0.6145466850036427,0.6094905077401338,0.6089236884302918
575,0.9317382574081421,0.7436520457267761,0.6085156202316284,1.908873438835144,0.611943019846421,0.6074779130865353,0.6068985599953534
576,0.9283788800239563,0.7509642243385315,0.6089843511581421,1.9024864435195923,0.6120002430120666,0.6078947141720557,0.6073575556361046
577,0.9293359518051147,0.7449665069580078,0.6114062666893005,1.896496295928955,0.6149634500824408,0.6107565664102699,0.6098354485277743
578,0.934277355670929,0.737834095954895,0.6060937643051147,1.8932727575302124,0.6105190075103455,0.6058778197440542,0.6051527391032228
579,0.9330664277076721,0.7364985942840576,0.6102343797683716,1.884739875793457,0.6133053453627839,0.6096467355269392,0.6087906880275065
580,0.9349218606948853,0.7347442507743835,0.6164844036102295,1.8787977695465088,0.6190649486190503,0.6153926412639639,0.614738704345558
581,0.9313085675239563,0.7419629096984863,0.6040624976158142,1.8950146436691284,0.6069899774676001,0.6026994225475263,0.6020593521535977
582,0.9317382574081421,0.7399501800537109,0.6069531440734863,1.8846232891082764,0.6099891735052441,0.6059690346123068,0.6056071365676068
583,0.9327148199081421,0.7405158877372742,0.6076562404632568,1.8823535442352295,0.6106978310590833,0.6068481714546352,0.6062099429030514
584,0.9307812452316284,0.7402141094207764,0.6096093654632568,1.8748594522476196,0.6125941000682869,0.6086896265975805,0.6077532979340866
585,0.9314258098602295,0.7405501008033752,0.6092968583106995,1.8788330554962158,0.6109839451546897,0.6083290430760264,0.6072762666703883
586,0.9311718940734863,0.7434617877006531,0.6102343797683716,1.875267744064331,0.6134407387705796,0.6091558838730828,0.6084142321324715
587,0.9305664300918579,0.7439893484115601,0.6110156178474426,1.8888548612594604,0.6145386477812478,0.6100167437039199,0.6093415525174875
588,0.9327734112739563,0.7407346367835999,0.6053125262260437,1.903825044631958,0.6092928344325537,0.6046007096927764,0.604016352249313
589,0.9326757788658142,0.7407524585723877,0.608593761920929,1.875702977180481,0.6119429145026292,0.6074905389112104,0.6066897024928161
590,0.9310937523841858,0.7421687245368958,0.6117187738418579,1.8815529346466064,0.6150551847983178,0.6109743626693509,0.6102866852124081
591,0.9321679472923279,0.7423126697540283,0.6102343797683716,1.8795465230941772,0.6142440891974973,0.6090550452030028,0.6086420004238584
592,0.9328515529632568,0.7393224835395813,0.6102343797683716,1.9059768915176392,0.6139406511099875,0.6089454292277712,0.6084935871766601
593,0.9327148199081421,0.7402474880218506,0.6129687428474426,1.8881616592407227,0.6164568419191749,0.6121585497029797,0.611595311713756
594,0.9339843988418579,0.7355750203132629,0.6127343773841858,1.8816453218460083,0.6144591927592347,0.6117787855923634,0.6108486953331546
595,0.9319921731948853,0.7419295310974121,0.6068750023841858,1.9060888290405273,0.6099641274120213,0.6059236235569814,0.6050945918474216
596,0.9309765696525574,0.7443077564239502,0.604687511920929,1.9050084352493286,0.6081919882919452,0.6036299323553898,0.602876366566405
597,0.9302734136581421,0.7452062368392944,0.6083593964576721,1.9076106548309326,0.6115017652861903,0.6070742124481991,0.6061662839393411
598,0.9322070479393005,0.7417383790016174,0.6128906011581421,1.9011207818984985,0.6159685727148165,0.6117467111482875,0.6106568720559307
599,0.9327929615974426,0.7408362030982971,0.6063281297683716,1.9149060249328613,0.6091006051018786,0.6053430876469752,0.6046747198117426
600,0.9305273294448853,0.7450649738311768,0.6070312261581421,1.9090701341629028,0.6099335037180325,0.606016132546676,0.6055316718334971
601,0.9326757788658142,0.7355053424835205,0.6068750023841858,1.9002975225448608,0.6103745424656296,0.606142661537354,0.6054239052776451
602,0.9317578077316284,0.7422602772712708,0.6064843535423279,1.9044489860534668,0.6105108953952785,0.6058873550881851,0.6055606589973385
603,0.9311718940734863,0.7430971264839172,0.6071875095367432,1.9122555255889893,0.6103880017515174,0.6063132589807582,0.6056998423584478
604,0.9318163990974426,0.7420095205307007,0.6117968559265137,1.8905311822891235,0.6159750184393642,0.6113069402673152,0.6106951043653412
605,0.9310156106948853,0.7451545000076294,0.6096093654632568,1.8875945806503296,0.6134211551858305,0.6093163261192036,0.6084457406389536
606,0.9336523413658142,0.7362221479415894,0.609375,1.884165644645691,0.6120713269459755,0.6088126105490247,0.6079755655564363
607,0.9324804544448853,0.7405840158462524,0.6103906035423279,1.8985050916671753,0.6134073256937637,0.6095551684406819,0.6088103506086273
608,0.9332422018051147,0.7407628893852234,0.6090624928474426,1.8928097486495972,0.6122940141415295,0.6083757806752654,0.6072931954372555
609,0.9331250190734863,0.7395831942558289,0.6107031106948853,1.8976064920425415,0.6139624230786703,0.6098692498658915,0.609062117737652
610,0.9328320026397705,0.7399269938468933,0.6141406297683716,1.86936616897583,0.6164938366540431,0.6131223087761404,0.6119758656998296
611,0.9345312714576721,0.7346897125244141,0.6090624928474426,1.9024080038070679,0.611866819438772,0.6083693581413373,0.6076357400191753
612,0.933398425579071,0.7370584607124329,0.602734386920929,1.899935007095337,0.6052284814650413,0.6020916446298623,0.6009848204489455
613,0.9309179782867432,0.7447000741958618,0.6089843511581421,1.9063401222229004,0.6116399183096266,0.6082714954272652,0.6073351660582385
614,0.9313281178474426,0.7396316528320312,0.6094531416893005,1.8999005556106567,0.6132162965999757,0.6087254853339821,0.6081035743920545
615,0.9328711032867432,0.7365921139717102,0.6092968583106995,1.8924273252487183,0.6128530281991758,0.608646721374408,0.6082260327210683
616,0.9333789348602295,0.7381762862205505,0.6142187714576721,1.8634408712387085,0.6178140294256255,0.6130301189397289,0.6123485854467678
617,0.9336327910423279,0.7355412840843201,0.6119531393051147,1.872667670249939,0.6157675053137988,0.61106261053294,0.6105161421457049
618,0.9333593845367432,0.7344837784767151,0.610156238079071,1.8782464265823364,0.6131512331890111,0.6094554796881915,0.6087565597993231
619,0.9327929615974426,0.7361418008804321,0.6084374785423279,1.9051626920700073,0.6115976739026201,0.6078069217816686,0.6067549043431972
620,0.9307812452316284,0.7422762513160706,0.6064843535423279,1.8917536735534668,0.6092179164727108,0.6057551667070986,0.6044965885795546
621,0.9327539205551147,0.7388656139373779,0.6112499833106995,1.8913331031799316,0.614710688498376,0.6105987695888618,0.609943249662197
622,0.9332616925239563,0.7382267117500305,0.6061718463897705,1.8960461616516113,0.6088659645120778,0.6054701925360844,0.6042570614616536
623,0.9331640601158142,0.7389063239097595,0.6068750023841858,1.9051690101623535,0.6100377147940053,0.6062212450263086,0.6051760948741965
624,0.9317968487739563,0.744912326335907,0.6068750023841858,1.9055392742156982,0.6104554850180463,0.6061254860885144,0.6056153719898953
625,0.9348046779632568,0.7361450791358948,0.610546886920929,1.886910080909729,0.6132883804214193,0.6093740166018202,0.6089031285877844
626,0.9321679472923279,0.7402153611183167,0.612500011920929,1.8922189474105835,0.6147550894604972,0.6114171968548496,0.6105179612152942
627,0.932910144329071,0.7331553101539612,0.6096875071525574,1.9046847820281982,0.612875321775803,0.6088915266604061,0.608334510255108
628,0.9336133003234863,0.7354574799537659,0.6096093654632568,1.9119629859924316,0.6125311331215763,0.6084338146632946,0.6079495839996755
629,0.9339648485183716,0.7372543811798096,0.6127343773841858,1.8927668333053589,0.6171113495975961,0.6121796016017912,0.6121634794515656
630,0.9333593845367432,0.7341998815536499,0.6111719012260437,1.88218355178833,0.6134860775406803,0.6102785441988962,0.6093009560311831
631,0.9341406226158142,0.7340671420097351,0.610546886920929,1.9011143445968628,0.6140484893874377,0.6093589409361571,0.6087869100023896
632,0.9334375262260437,0.7389481067657471,0.6079687476158142,1.898605465888977,0.6110483022640503,0.6070237478585985,0.6062572339105523
633,0.9326367378234863,0.7393544912338257,0.6145312786102295,1.8787188529968262,0.6181084972366946,0.613781827677407,0.6131505675738609
634,0.9340038895606995,0.7388933300971985,0.61328125,1.8788819313049316,0.6164498045668609,0.6124057894750863,0.6117867014318623
635,0.934863269329071,0.7371596693992615,0.6142968535423279,1.8868529796600342,0.617506915622178,0.6132000136004503,0.6124863492273969
636,0.9355078339576721,0.7328150868415833,0.6080468893051147,1.9005130529403687,0.6113068787685134,0.6069817144706909,0.6065448083134021
637,0.9330078363418579,0.7396122217178345,0.6083593964576721,1.9068695306777954,0.612173624636519,0.6073120382933731,0.6065839294005465
638,0.9334961175918579,0.7416641116142273,0.6108593940734863,1.884466290473938,0.6139081892147971,0.610117788432954,0.6093432030315997
639,0.9338085651397705,0.7328827381134033,0.6122656464576721,1.8819416761398315,0.6149736374654746,0.6114917677983989,0.6105849190361392
640,0.932812511920929,0.7421204447746277,0.614062488079071,1.8900507688522339,0.6172361401946179,0.6132873220003603,0.6128424930256221
641,0.9339648485183716,0.7345596551895142,0.6216406226158142,1.8765870332717896,0.6250267517275593,0.6207370325188316,0.6201626911698169
642,0.9315038919448853,0.740580141544342,0.611328125,1.910740852355957,0.6157071753367973,0.6105553818357955,0.6098427262080037
643,0.9316601753234863,0.7403694987297058,0.6111719012260437,1.8929970264434814,0.6148857969952568,0.6106708011654005,0.6099190293875256
644,0.9361718893051147,0.7319759130477905,0.6123437285423279,1.8898495435714722,0.6159464709669845,0.6113699507985664,0.6108699276136463
645,0.9339258074760437,0.7328949570655823,0.6136718988418579,1.8835469484329224,0.6190573555892219,0.6129850461954122,0.6127108118950044
646,0.9342968463897705,0.734342098236084,0.6088281273841858,1.8979839086532593,0.6128614429522858,0.6083883577830065,0.6076495106404379
647,0.9344335794448853,0.7332664728164673,0.6092968583106995,1.915814995765686,0.6125611729409958,0.6083714226052783,0.6076478712178252
648,0.9327929615974426,0.7387657165527344,0.6061718463897705,1.901739239692688,0.6086688246961585,0.6055667846224106,0.6044571324368474
649,0.9346093535423279,0.7336540818214417,0.6082812547683716,1.9063681364059448,0.6111882760392524,0.6074335875973829,0.6065932303952057
650,0.9342187643051147,0.7326976656913757,0.610546886920929,1.882736086845398,0.6138316190188289,0.610074648263824,0.6092002553741638
651,0.9339062571525574,0.7334703803062439,0.6057031154632568,1.9134939908981323,0.6083410506011191,0.6049708419385119,0.6038795624829737
652,0.935253918170929,0.7333186268806458,0.6110156178474426,1.8959251642227173,0.6134326324831294,0.6104690957481639,0.6094047196583029
653,0.9351953268051147,0.730211079120636,0.6082812547683716,1.8943467140197754,0.611925225520662,0.6072347995436218,0.6072044055942575
654,0.932812511920929,0.7397958636283875,0.61328125,1.8837246894836426,0.6163947354563858,0.6126813813476132,0.612173931909844
655,0.9350781440734863,0.7331821918487549,0.6150000095367432,1.8865684270858765,0.6177866933759644,0.6139678593893396,0.6132518032131989
656,0.9354492425918579,0.728461742401123,0.6123437285423279,1.8950016498565674,0.6154310292077895,0.6116299193631054,0.6110251521840566
657,0.9340429902076721,0.7316824197769165,0.6086719036102295,1.9012160301208496,0.6119690138753743,0.6078870155815903,0.6072188307400141
658,0.9361132979393005,0.7298477292060852,0.6136718988418579,1.8837616443634033,0.6172656419586027,0.6128754381007618,0.6121318749500178
659,0.9333398342132568,0.736320436000824,0.6086719036102295,1.8895237445831299,0.6120707805329219,0.6078272222027998,0.6071163813668135
660,0.9334961175918579,0.7324262857437134,0.6098437309265137,1.884934663772583,0.6137578504645071,0.608906299254033,0.6083631357259077
661,0.9340234398841858,0.734710156917572,0.61328125,1.872786283493042,0.6168656973184152,0.6123732537183333,0.611915194240748
662,0.9356836080551147,0.7324507236480713,0.612109363079071,1.9032301902770996,0.6157219664874373,0.6109888143826963,0.6102502527329308
663,0.9320117235183716,0.7378590106964111,0.6077343821525574,1.903334379196167,0.6099054238618349,0.6064254450652967,0.605511856396593
664,0.9350000023841858,0.7319486141204834,0.6128906011581421,1.8876245021820068,0.6167906910605548,0.6121975115239373,0.6116561501085549
665,0.9358984231948853,0.7322117686271667,0.6114062666893005,1.9035286903381348,0.6142054020207794,0.6107010638646934,0.6096941391114037
666,0.9362890720367432,0.7309636473655701,0.6086719036102295,1.895272970199585,0.6115411838981736,0.6078872725884392,0.6071528708165754
667,0.935742199420929,0.7293289303779602,0.6086719036102295,1.8958932161331177,0.6111954061706335,0.6076201765098843,0.6067166524957333
668,0.9349609613418579,0.7308197021484375,0.6088281273841858,1.8897895812988281,0.6125370495059939,0.6077562739782594,0.6070766410682602
669,0.9325585961341858,0.7348712086677551,0.6078906059265137,1.8923203945159912,0.6113632331848944,0.6069067710200696,0.6063233291769852
670,0.9342968463897705,0.7310794591903687,0.6147656440734863,1.878943681716919,0.6172776918839893,0.6139460963340799,0.6129253792630613
671,0.9364843964576721,0.7243257761001587,0.6153125166893005,1.887068510055542,0.6178371676689154,0.6146020130733161,0.613582744799936
672,0.934765636920929,0.730271577835083,0.6107812523841858,1.8932631015777588,0.6136146472406315,0.6100987097278514,0.6092840205591934
673,0.935742199420929,0.7302036285400391,0.6125781536102295,1.8848387002944946,0.6156936833100835,0.6118069347769017,0.6111876437121363
674,0.9324023723602295,0.7391520738601685,0.6051562428474426,1.9163252115249634,0.6085071647691959,0.6043465891191468,0.6036188359083081
675,0.9320312738418579,0.7405006885528564,0.609375,1.9079889059066772,0.6120874384795612,0.6088439229882396,0.6076518906264308
676,0.9331250190734863,0.7398572564125061,0.6075780987739563,1.8999791145324707,0.610728189335465,0.6065492489927293,0.6057551996795951
677,0.9346093535423279,0.729875922203064,0.6097656488418579,1.902645230293274,0.613466515518944,0.609272842474542,0.6084806873805638
678,0.9311133027076721,0.7415582537651062,0.6141406297683716,1.8870052099227905,0.617190620381385,0.6133840819577459,0.6125582415600637
679,0.9316992163658142,0.738343358039856,0.6139843463897705,1.8891890048980713,0.6172583132598368,0.6133032248705266,0.6124281437171477
680,0.9353711009025574,0.7318862080574036,0.6123437285423279,1.880279541015625,0.6148060226803114,0.6115438020072546,0.6103737068679622
681,0.9340624809265137,0.7370439171791077,0.6175781488418579,1.8767036199569702,0.6205819636810224,0.6167448191545049,0.6159290905282534
682,0.9346679449081421,0.7326670289039612,0.6096093654632568,1.8846435546875,0.6118417992102767,0.6086888789418252,0.6077781654104699
683,0.9313281178474426,0.7404850125312805,0.6077343821525574,1.8908777236938477,0.6112020289206989,0.6069850706626713,0.6061362651994873
684,0.93359375,0.7362297177314758,0.6095312237739563,1.8967198133468628,0.612692964031911,0.6082415337845353,0.6075383302067208
685,0.9351171851158142,0.7338882684707642,0.6162499785423279,1.8936700820922852,0.61874602181426,0.6153117579311613,0.6144927543787958
686,0.9338476657867432,0.7344701886177063,0.6067187786102295,1.898786187171936,0.6098404473594887,0.605978134320833,0.6053889719388297
687,0.9364843964576721,0.7284441590309143,0.6085156202316284,1.9178515672683716,0.6115741310853484,0.6075754052603082,0.6067061787056585
688,0.9363476634025574,0.7299437522888184,0.6089843511581421,1.890535831451416,0.6122800046291225,0.6082241493591036,0.6073708582316283
689,0.9385156035423279,0.7240050435066223,0.6107031106948853,1.9014531373977661,0.6132779485267666,0.609596440462117,0.6089083094838796
690,0.9368554949760437,0.7248221635818481,0.6057812571525574,1.8965648412704468,0.6082237475252218,0.605105572128432,0.6042491407419883
691,0.93408203125,0.7369164824485779,0.608203113079071,1.9100439548492432,0.6107536731241253,0.6073075607697757,0.6064442701025173
692,0.9356445074081421,0.7279456257820129,0.6058593988418579,1.90730619430542,0.6087778278348559,0.6051750886068663,0.6041500071385586
693,0.9362695217132568,0.7288707494735718,0.607421875,1.9005340337753296,0.6110733246055992,0.6063082000595521,0.6057683486389775
694,0.9344531297683716,0.7296688556671143,0.6106250286102295,1.9056880474090576,0.6136353100211701,0.6094631184243733,0.6090137709268595
695,0.9341406226158142,0.7368932962417603,0.6102343797683716,1.8881423473358154,0.612546115043215,0.6092805968256477,0.6085320313767418
696,0.9358789324760437,0.7275478839874268,0.608203113079071,1.904882550239563,0.6114336113257407,0.6071562497512109,0.6069013499589335
697,0.93603515625,0.7316627502441406,0.6135937571525574,1.8962314128875732,0.6176459814089941,0.6127603421004139,0.612390761310009
698,0.9371484518051147,0.7221325039863586,0.6104687452316284,1.9057856798171997,0.6125259074110115,0.6090956479291537,0.6083690961274302
699,0.9345507621765137,0.7274794578552246,0.6110937595367432,1.8899893760681152,0.6142277805917761,0.6100631055947487,0.6097720768608413
700,0.9350976347923279,0.7269605398178101,0.6159374713897705,1.8861889839172363,0.6192542589636705,0.6147480316767742,0.614614153231194
701,0.9350781440734863,0.7320494055747986,0.61328125,1.8966113328933716,0.614997183605418,0.6122965131002832,0.6113666544370643
702,0.9341601729393005,0.732863187789917,0.6136718988418579,1.901911735534668,0.61707683345588,0.6127852920897803,0.6122689331759142
703,0.9341601729393005,0.7368389368057251,0.6092187762260437,1.8841159343719482,0.612260882538789,0.6082208792521167,0.6076893960978498
704,0.9354296922683716,0.7328891158103943,0.6158593893051147,1.899560570716858,0.6186210177594088,0.6147854757394839,0.6141627693916636
705,0.9351562261581421,0.7325982451438904,0.610546886920929,1.8957664966583252,0.613193123045042,0.6096169391861481,0.6086933684292866
706,0.9350000023841858,0.7336357235908508,0.6134374737739563,1.8876457214355469,0.615698842819539,0.6125950843807308,0.6117600340163138
707,0.9345507621765137,0.72991943359375,0.6136718988418579,1.8842207193374634,0.6164805320129485,0.612889745661654,0.6119842687049519
708,0.9355859160423279,0.7333752512931824,0.6128906011581421,1.898612380027771,0.6161457948085755,0.6123051227369428,0.611461197083303
709,0.9339452981948853,0.7342855334281921,0.6049218773841858,1.890451192855835,0.6073947860699394,0.6038929986174206,0.6030821536742532
710,0.9355078339576721,0.7313005328178406,0.6100000143051147,1.8918861150741577,0.6133207422947559,0.608887675641703,0.6082261870243804
711,0.9352929592132568,0.7314080595970154,0.6181250214576721,1.8635923862457275,0.621909117022116,0.6171667969391665,0.6166570766089506
712,0.9383789300918579,0.7252638339996338,0.614062488079071,1.8811389207839966,0.6162832162488612,0.6131172857037406,0.612445873375106
713,0.9383593797683716,0.7200899720191956,0.6148437261581421,1.8737598657608032,0.6183632127765228,0.6138814448164448,0.6134508381661745
714,0.9359570145606995,0.7272685766220093,0.6175781488418579,1.8752315044403076,0.621198443812031,0.6169211200172136,0.6162029137829996
715,0.9347265362739563,0.7302644848823547,0.6173437237739563,1.869608759880066,0.6194257554098144,0.6163305804993113,0.6153148957800554
716,0.9350976347923279,0.7269752621650696,0.6102343797683716,1.8908401727676392,0.6135023880285244,0.6092334037016107,0.6089541760394394
717,0.9372460842132568,0.7204857468605042,0.6118749976158142,1.894853949546814,0.6143263138936007,0.6112159951373849,0.6105605802232191
718,0.9356836080551147,0.7295904755592346,0.6053125262260437,1.90437650680542,0.60823770425802,0.604553777806735,0.603957565828497
719,0.9359570145606995,0.7258775234222412,0.6118749976158142,1.8959171772003174,0.6147886183479401,0.6110493417129965,0.6103797533649814
720,0.9356445074081421,0.7285716533660889,0.6115624904632568,1.8880417346954346,0.6144255446143179,0.6104272226809813,0.6098309209272104
721,0.9359179735183716,0.7264028191566467,0.6142187714576721,1.9058852195739746,0.6173684261459456,0.6134160294615458,0.6130627294452847
722,0.9356445074081421,0.7278400659561157,0.6137499809265137,1.8954201936721802,0.617154914173194,0.612696327817954,0.6119737347882194
723,0.9366015791893005,0.7274224162101746,0.6076562404632568,1.8968991041183472,0.6105925514642769,0.6069795403220755,0.6063255754317138
724,0.9377343654632568,0.7225633859634399,0.614062488079071,1.8875749111175537,0.6164561714021006,0.6130925866471929,0.6124092986409109
725,0.9371484518051147,0.721388578414917,0.6085156202316284,1.8937946557998657,0.6121382160078215,0.6076267573190215,0.6072271329437327
726,0.9377734661102295,0.72298264503479,0.6131250262260437,1.897403597831726,0.6158326296929526,0.6121548152451843,0.6115130268137243
727,0.9332226514816284,0.7334567904472351,0.6141406297683716,1.904683232307434,0.6175791955959135,0.6133356712439904,0.6130240726845421
728,0.9356445074081421,0.7309260368347168,0.614453136920929,1.9020564556121826,0.6180951996835102,0.6133644784917278,0.6129864773303805
729,0.933300793170929,0.7357085347175598,0.6135156154632568,1.895906686782837,0.615775696597195,0.6127433374640558,0.6120125309815954
730,0.9342968463897705,0.7299402356147766,0.6117187738418579,1.912882685661316,0.6142227070218469,0.6110563248381138,0.6101088377693944
731,0.934277355670929,0.7333645820617676,0.6073437333106995,1.9094054698944092,0.6101729588675654,0.606636456163388,0.6060531731205862
732,0.9341992139816284,0.7353255748748779,0.6115624904632568,1.9051406383514404,0.6149419108155443,0.6111006363551625,0.6104534045728587
733,0.9360156059265137,0.7316315174102783,0.6133593916893005,1.8962820768356323,0.6167143267293715,0.6124893957752126,0.612075377688136
734,0.9349804520606995,0.7292325496673584,0.6139062643051147,1.8908544778823853,0.6177386395173479,0.6131149195186534,0.612489590129303
735,0.9329882860183716,0.7382426261901855,0.6160937547683716,1.881110668182373,0.619220369620944,0.6153826803695484,0.6148231232801171
736,0.9365429878234863,0.7290165424346924,0.6133593916893005,1.8909595012664795,0.6170454311456224,0.6126037831359565,0.6121471080658414
737,0.9355664253234863,0.7282347679138184,0.6111719012260437,1.8910346031188965,0.615282525141812,0.6105259946930413,0.6102214884051366
738,0.9395312666893005,0.7215116024017334,0.6158593893051147,1.883620262145996,0.6203239011664362,0.6155044687193651,0.6145879324561325
739,0.937304675579071,0.7276753187179565,0.6146093606948853,1.886293649673462,0.6190409066950309,0.6141473086642917,0.6134954680508193
740,0.9348242282867432,0.7296141982078552,0.6135156154632568,1.8907853364944458,0.616800222776448,0.6128801015174428,0.6121706572305444
741,0.93798828125,0.7237690687179565,0.6127343773841858,1.8869309425354004,0.6167123419550606,0.6117308604369242,0.6112064568981667
742,0.9375976324081421,0.721804141998291,0.6142187714576721,1.883518099784851,0.6171347224853695,0.6132365797515092,0.612672786298521
743,0.9354296922683716,0.7299970388412476,0.61328125,1.9096200466156006,0.6174878924183235,0.6121633543875882,0.6119758470825671
744,0.9358593821525574,0.7273886799812317,0.6109374761581421,1.911207675933838,0.6145497587596493,0.6101321343492059,0.6095764155585385
745,0.9360741972923279,0.7236064672470093,0.6128125190734863,1.9043264389038086,0.6157022126887568,0.612225139940814,0.6113023121474617
746,0.9354687333106995,0.7272229790687561,0.6131250262260437,1.909205436706543,0.6163390407951025,0.6122981129939109,0.6115953702544579
747,0.9373437762260437,0.7285885810852051,0.6103125214576721,1.914919376373291,0.6132495145932226,0.6098071199892656,0.6088260960666395
748,0.9365624785423279,0.7265640497207642,0.6127343773841858,1.9049339294433594,0.6167324403131571,0.6116221499996031,0.6115766763741706
749,0.9358203411102295,0.7262417078018188,0.6079687476158142,1.9055278301239014,0.610928690242651,0.6069817466088994,0.6058581609583782
750,0.9390820264816284,0.7195156216621399,0.6156250238418579,1.9077404737472534,0.6190032485300583,0.6146787743516219,0.6140060389444246
751,0.9369726777076721,0.7231371998786926,0.6155468821525574,1.899385690689087,0.6186316490977763,0.6146325271758122,0.6139709588207236
752,0.9362499713897705,0.7247092723846436,0.6157031059265137,1.8873817920684814,0.6188636660114859,0.6148934807422842,0.6142107608766738
753,0.9357030987739563,0.7296864986419678,0.6137499809265137,1.9010908603668213,0.6172237908473501,0.6129437638083167,0.6125838893453763
754,0.93505859375,0.7301453351974487,0.610546886920929,1.9004509449005127,0.6135861994154027,0.6095032940794713,0.6089169961487804
755,0.9372656345367432,0.7224647998809814,0.612500011920929,1.9007209539413452,0.6153161657100974,0.6112900536678819,0.6109165843219732
756,0.9348828196525574,0.7293128371238708,0.6075000166893005,1.906650185585022,0.6103899528959726,0.6067055292093795,0.6060680977494142
757,0.9341406226158142,0.7352412939071655,0.6064062714576721,1.924960970878601,0.6099855568881434,0.6059644608739229,0.6053346168622917
758,0.93896484375,0.7224382758140564,0.6076562404632568,1.9000227451324463,0.6114805770374009,0.6068061473236951,0.6060592647452626
759,0.93408203125,0.7346374988555908,0.6135156154632568,1.8970472812652588,0.6169509675404543,0.6126612831067682,0.6122563100465396
760,0.9364258050918579,0.7250728011131287,0.611328125,1.8983221054077148,0.6151650365609289,0.6107086446829983,0.6102209735717721
761,0.933886706829071,0.7348842024803162,0.6075000166893005,1.9138879776000977,0.6104905688958361,0.6065733903672674,0.6058907025457967
762,0.9365038871765137,0.7269063591957092,0.6131250262260437,1.9007627964019775,0.6158158327529202,0.6121781613767974,0.6114053089702105
763,0.9358789324760437,0.7253134250640869,0.6102343797683716,1.9054521322250366,0.6131522422541019,0.6094384950063348,0.6087125280860484
764,0.9383789300918579,0.720629096031189,0.6108593940734863,1.911563515663147,0.6138391811128951,0.6099768309272187,0.6093929649910033
765,0.9380273222923279,0.7184058427810669,0.6110156178474426,1.895186424255371,0.6139716443490345,0.6103271138055025,0.6093396371206842
766,0.9374804496765137,0.7240572571754456,0.6089843511581421,1.909874439239502,0.6121959365892906,0.6084227447795587,0.607821113476207
767,0.9376562237739563,0.7223590016365051,0.6142968535423279,1.8941502571105957,0.6173757529639512,0.613832288969613,0.6131166549673996
768,0.9366992115974426,0.7233095765113831,0.614062488079071,1.8895114660263062,0.6167059611790423,0.613447611317057,0.6128179947613375
769,0.9358203411102295,0.7261335253715515,0.6064062714576721,1.908069133758545,0.60960657460572,0.6058223167460977,0.6054848972409718
770,0.934277355670929,0.7340714335441589,0.6063281297683716,1.9241304397583008,0.6099659270296907,0.6057172263906396,0.6049397834212934
771,0.9388476610183716,0.721392810344696,0.611328125,1.8991367816925049,0.61501860774624,0.610888220985252,0.6101691389815291
772,0.9371874928474426,0.7219935655593872,0.6061718463897705,1.9117966890335083,0.6094815673686483,0.6055900175194042,0.6051056955050466
773,0.93798828125,0.7227392792701721,0.6123437285423279,1.9037638902664185,0.6156532308492593,0.6117678379114634,0.6110466076167931
774,0.9378906488418579,0.7225335836410522,0.6129687428474426,1.9101431369781494,0.6166677450933632,0.6120607936382971,0.6117113797481345
775,0.935839831829071,0.7290881872177124,0.6086719036102295,1.9285666942596436,0.611920163548678,0.6080860186605886,0.6076832918164985
776,0.9354882836341858,0.7325531244277954,0.61328125,1.9132593870162964,0.616372913005161,0.6121617149989735,0.6116738490997238
777,0.9381054639816284,0.7196943759918213,0.6043750047683716,1.9282546043395996,0.6074979360071922,0.6038535857126011,0.6032197228857858
778,0.9373242259025574,0.7250382900238037,0.6075780987739563,1.9312626123428345,0.6110477825006747,0.6071036020390207,0.6063582416530526
779,0.9363476634025574,0.7264482378959656,0.6107031106948853,1.9236029386520386,0.6139759617358003,0.6104241145659939,0.6092678403979009
780,0.9378515481948853,0.7243154644966125,0.6145312786102295,1.9027087688446045,0.616938120970622,0.6137301892136493,0.6128319344557736
781,0.9354687333106995,0.7280118465423584,0.6100780963897705,1.926099419593811,0.6133677107725681,0.6093220071052623,0.6086838568660871
782,0.9371289014816284,0.7221845388412476,0.6096093654632568,1.9090558290481567,0.6131779620448279,0.6091890598989347,0.6082529524871902
783,0.9374218583106995,0.7203845381736755,0.6136718988418579,1.9068397283554077,0.6166914065853171,0.6132037512104385,0.6122346235019531
784,0.9360741972923279,0.7260090112686157,0.609375,1.9207463264465332,0.613173540932072,0.6087302353102826,0.608121639717076
785,0.9362890720367432,0.7274761199951172,0.6103906035423279,1.921910047531128,0.6132559893052731,0.6095278229661725,0.6085896130355941
786,0.9383007884025574,0.7196587920188904,0.609375,1.908841609954834,0.612561798721012,0.60851158035819,0.6079819363906745
787,0.9366796612739563,0.7264418601989746,0.6067968606948853,1.9375964403152466,0.6109484825924415,0.6060976140862446,0.6058209876357693
788,0.9379296898841858,0.7215142250061035,0.6045312285423279,1.9155594110488892,0.6086596288511033,0.6038356961778568,0.6035954307450706
789,0.9365820288658142,0.7294376492500305,0.6077343821525574,1.9132646322250366,0.6109076578162262,0.6067207767076395,0.6062412899585203
790,0.9375,0.7222695350646973,0.6092968583106995,1.905454158782959,0.612605828409932,0.6081826035980891,0.6076287412691039
791,0.9367578029632568,0.7242085337638855,0.603515625,1.9094642400741577,0.6067666243509022,0.602803464653146,0.6018327765695306
792,0.9389062523841858,0.7203707695007324,0.6110156178474426,1.9071564674377441,0.6160617050358267,0.6105387688920498,0.6097186129117342
793,0.9364258050918579,0.7273174524307251,0.6077343821525574,1.9289195537567139,0.6111888044169367,0.6070145615819122,0.6062394600081669
794,0.9373242259025574,0.7264490723609924,0.6094531416893005,1.9163964986801147,0.6126637743621011,0.6088215044214921,0.607773630269998
795,0.937304675579071,0.7243488430976868,0.6134374737739563,1.9018038511276245,0.6166654751136389,0.6129645171730748,0.6122377540837801
796,0.9372460842132568,0.7238888740539551,0.6112499833106995,1.8918377161026,0.6144175604656027,0.6106063707886062,0.609658118924602
797,0.9368749856948853,0.7255805730819702,0.6097656488418579,1.9070029258728027,0.6134822970466539,0.6094427379388057,0.6086335240558896
798,0.9366406202316284,0.7265403270721436,0.6069531440734863,1.9222880601882935,0.6108610186920378,0.6064811867662441,0.6057862853362419
799,0.9373632669448853,0.7242071628570557,0.6071093678474426,1.9181427955627441,0.6107093743371137,0.6062563905644347,0.6056653142034802
800,0.9380859136581421,0.7234042286872864,0.6079687476158142,1.9162068367004395,0.611235027739049,0.6073536029073918,0.6068313629353356
801,0.9373242259025574,0.7260658144950867,0.6069531440734863,1.9214751720428467,0.6097927271666231,0.6064693796509205,0.6056483552351313
802,0.9369531273841858,0.7252710461616516,0.6085156202316284,1.9222966432571411,0.6117773669651076,0.6075929433067433,0.6069269959479164
803,0.9375390410423279,0.7232010364532471,0.6099218726158142,1.910040259361267,0.6129181639154266,0.6089212478965456,0.6083696182003885
804,0.9419531226158142,0.712768018245697,0.6075780987739563,1.9030934572219849,0.6119830247648406,0.606887368879957,0.6063384882998323
805,0.9386132955551147,0.7150115966796875,0.6081249713897705,1.9137492179870605,0.61147768567092,0.6074933245881491,0.606739034997801
806,0.9397070407867432,0.7176681756973267,0.6072656512260437,1.9151228666305542,0.6109067846585664,0.6062342610634375,0.6056946144641127
807,0.9388867020606995,0.7164060473442078,0.6081249713897705,1.908581256866455,0.6104937952452675,0.6071048493148257,0.6065402190551133
808,0.9379687309265137,0.7213233709335327,0.6032812595367432,1.9132429361343384,0.6068934752881734,0.6021847960115313,0.6019681533287395
809,0.9365429878234863,0.7234749794006348,0.6030468940734863,1.928507685661316,0.606444303654634,0.602727145343869,0.6018895717438524
810,0.9388086199760437,0.7191303372383118,0.6133593916893005,1.9250651597976685,0.6163741116385376,0.6125447490101447,0.6119068454800682
811,0.9364843964576721,0.7236731648445129,0.6039062738418579,1.9439706802368164,0.6072149743506867,0.6033603173573312,0.6026072686306002
812,0.9384375214576721,0.7173089385032654,0.6124218702316284,1.9101710319519043,0.6151338804332649,0.6113984310191618,0.6107566950966736
813,0.9380078315734863,0.7187609076499939,0.6067968606948853,1.9327410459518433,0.6096456122391167,0.6062549716736161,0.605466056639105
814,0.9395507574081421,0.7173832058906555,0.6104687452316284,1.9136488437652588,0.6133889496941862,0.6099042043696452,0.6090571749210878
815,0.9376562237739563,0.7192577123641968,0.6102343797683716,1.9026473760604858,0.6135816337715011,0.6091563969192371,0.6082466848863674
816,0.9375976324081421,0.7270913124084473,0.6058593988418579,1.9370933771133423,0.6095226970954771,0.6052420799253708,0.6044857408668376
817,0.9372656345367432,0.7242175936698914,0.6107812523841858,1.9366058111190796,0.6142740814615082,0.6102721627939054,0.6093880896156993
818,0.9351562261581421,0.7285879254341125,0.6092187762260437,1.9357467889785767,0.6138297582783345,0.6084987713943033,0.6079805718774491
819,0.9365820288658142,0.7295775413513184,0.6061718463897705,1.9295408725738525,0.6100223403112325,0.6055023524429102,0.6046926383927673
820,0.9371289014816284,0.7245981097221375,0.6174218654632568,1.9078047275543213,0.621382251218491,0.6168849188779658,0.6162056574029631
821,0.940234363079071,0.7177680134773254,0.6150000095367432,1.913844347000122,0.6182584767872459,0.6143736823190187,0.6134848754837978
822,0.9387500286102295,0.7189579606056213,0.6108593940734863,1.9230353832244873,0.6155592428049724,0.6103770561141082,0.6099012264759858
823,0.9400781393051147,0.7167693972587585,0.6069531440734863,1.9190454483032227,0.6109531830631525,0.606724761990969,0.6057825864447927
824,0.9385156035423279,0.720660924911499,0.6112499833106995,1.9194515943527222,0.6140528877675095,0.6106486857541112,0.6100310530203918
825,0.93701171875,0.7257844805717468,0.6119531393051147,1.9272156953811646,0.6141950341678755,0.6115076537127381,0.6103860979084967
826,0.9376562237739563,0.7234403491020203,0.6083593964576721,1.9206541776657104,0.6116283205462323,0.6077698565321618,0.6069493408169824
827,0.9354101419448853,0.7299551367759705,0.606640636920929,1.9253361225128174,0.6098275873819875,0.605688221366482,0.6049255035359159
828,0.9375976324081421,0.7261918783187866,0.6089062690734863,1.9363083839416504,0.611806126534222,0.6082463544569978,0.6077509457210486
829,0.9369531273841858,0.7263911962509155,0.6049218773841858,1.9401968717575073,0.6086035585992368,0.6045999325699775,0.6039578079370573
830,0.9360547065734863,0.7288684248924255,0.6094531416893005,1.9456045627593994,0.6130244429336429,0.6087501567284623,0.608263311770075
831,0.9390820264816284,0.7178019881248474,0.6087499856948853,1.9229974746704102,0.6117491929427847,0.6080341425278262,0.6072367126040055
832,0.9385156035423279,0.7227358222007751,0.6112499833106995,1.940201997756958,0.6155765838054099,0.6106785821597266,0.6101231353092662
833,0.9386327862739563,0.7196256518363953,0.6013281345367432,1.9461069107055664,0.6051512225974615,0.6008237214516761,0.6003011217029475
834,0.9392969012260437,0.7173747420310974,0.608593761920929,1.9279354810714722,0.611899049784812,0.6078252786311906,0.6073474325685599
835,0.9385937452316284,0.7176100015640259,0.606249988079071,1.9221683740615845,0.6088053882357979,0.6057005162097308,0.604916929530003
836,0.9410351514816284,0.7137763500213623,0.606249988079071,1.9348913431167603,0.6100514774873278,0.6056850709552002,0.6052670034935033
837,0.9362695217132568,0.7251494526863098,0.6044531464576721,1.9295144081115723,0.6076596103720739,0.6038774525777946,0.6030286262516176
838,0.9392187595367432,0.7193783521652222,0.6039062738418579,1.9479440450668335,0.6070284236108399,0.6032574941343334,0.6024353353410643
839,0.9366992115974426,0.7261105179786682,0.6018750071525574,1.9456720352172852,0.6046819544514284,0.6011950289922672,0.6005107110336101
840,0.9369335770606995,0.7202951908111572,0.6036718487739563,1.9412117004394531,0.6062684189269865,0.6027100766318745,0.6019598974074778
841,0.9395507574081421,0.7162826657295227,0.6075780987739563,1.9211323261260986,0.6104276201420828,0.6061498354753344,0.6055123107042937
842,0.9402929544448853,0.7132465243339539,0.6079687476158142,1.9194128513336182,0.6106293765521205,0.6070735591257301,0.6061801308508351
843,0.9368359446525574,0.7225977182388306,0.6073437333106995,1.9182049036026,0.6118616531942478,0.6067550871985642,0.6063749931714337
844,0.9395312666893005,0.7144205570220947,0.6035937666893005,1.9418036937713623,0.6062619597085406,0.6026452169008243,0.6020689384647673
845,0.9369921684265137,0.7253434658050537,0.6067968606948853,1.9358391761779785,0.6099025010558681,0.6063388651274971,0.6054961560966867
846,0.9373242259025574,0.7237006425857544,0.6104687452316284,1.9190452098846436,0.6136791741834363,0.6096162379908443,0.6089508423885267
847,0.93798828125,0.7209079265594482,0.6097656488418579,1.9412949085235596,0.6126233639171799,0.6089962744782986,0.608234897299134
848,0.9369140863418579,0.7235608100891113,0.6085156202316284,1.9306155443191528,0.6113823961894054,0.6080481225998857,0.6071980683760716
849,0.9389258027076721,0.721001148223877,0.6065624952316284,1.9487488269805908,0.6100506404458881,0.6057731376398056,0.6049502185538626
850,0.9401562213897705,0.7171557545661926,0.6117187738418579,1.9291937351226807,0.6152071377370574,0.6107800714018188,0.6103727884862342
851,0.9372265338897705,0.7215301394462585,0.6064062714576721,1.9395442008972168,0.6096255701579323,0.6054617739082246,0.6044250951868777
852,0.93798828125,0.7243615984916687,0.5998437404632568,1.94657301902771,0.6030378683202795,0.5988162929922134,0.5979722401327408
853,0.9383789300918579,0.7193947434425354,0.6085156202316284,1.9238888025283813,0.6121780199554455,0.6078262130094763,0.6072043267084815
854,0.9380468726158142,0.7211799025535583,0.6039843559265137,1.9506994485855103,0.6078002087500674,0.6034534134663609,0.6024795064953965
855,0.937207043170929,0.7228609323501587,0.6051562428474426,1.9507404565811157,0.6075442695198114,0.6043268352176843,0.603491308465384
856,0.9368554949760437,0.7253403663635254,0.6052343845367432,1.948639988899231,0.6078104656457828,0.6042479851810972,0.6034739394446533
857,0.93896484375,0.7202121019363403,0.6057812571525574,1.950109839439392,0.6088767768157153,0.6049634311034027,0.604333303213564
858,0.93896484375,0.7210568785667419,0.6051562428474426,1.9362701177597046,0.6076176555727074,0.6043319105843977,0.603524301059591
859,0.9376562237739563,0.7234753966331482,0.6060937643051147,1.9381710290908813,0.6095258223147663,0.6055889992443885,0.6046682524818339
860,0.9397265911102295,0.7150561809539795,0.608203113079071,1.9209851026535034,0.6113334281260976,0.6076991092863597,0.6070421255107237
861,0.9395703077316284,0.7156394720077515,0.6052343845367432,1.928328275680542,0.6091928890605977,0.604725453363141,0.6041854838266049
862,0.9408593773841858,0.7126154899597168,0.6035937666893005,1.927460789680481,0.6073518899506736,0.6034003681730057,0.6025997636107479
863,0.9421679973602295,0.7093509435653687,0.612109363079071,1.9218494892120361,0.615745474573995,0.6118744421838559,0.6112796329406098
864,0.9364452958106995,0.7218943238258362,0.6110156178474426,1.9446749687194824,0.6146557097491753,0.610411280831351,0.6099812595524932
865,0.9395898580551147,0.7152389287948608,0.6058593988418579,1.9459608793258667,0.6097708660323675,0.6054451630984223,0.6047804095358071
866,0.9383593797683716,0.7170745730400085,0.6049218773841858,1.937010645866394,0.607726501263776,0.604069442731919,0.6032874860356631
867,0.9380273222923279,0.7195020318031311,0.60546875,1.9279855489730835,0.6077832257111706,0.6046625116838866,0.6041407541566127
868,0.9390234351158142,0.7175944447517395,0.6095312237739563,1.940141201019287,0.6141227557909652,0.6092397108414487,0.608963541445994
869,0.9388476610183716,0.7186451554298401,0.6048437356948853,1.9210500717163086,0.607963714605326,0.6040655730377968,0.603725880209115
870,0.9408203363418579,0.7121778130531311,0.6036718487739563,1.9423006772994995,0.606610433865928,0.602923357121367,0.602432508013257
871,0.9403125047683716,0.7113702893257141,0.6015625,1.9344840049743652,0.6049164658400794,0.6009010889958097,0.6003356586325923
872,0.93896484375,0.71642005443573,0.6028125286102295,1.9244041442871094,0.6060180828620292,0.6020204389103737,0.6014999406586626
873,0.9385351538658142,0.7185016870498657,0.6071093678474426,1.908145546913147,0.6105236389256652,0.6059075280380398,0.6056338123273718
874,0.9385156035423279,0.7184086441993713,0.6083593964576721,1.9186691045761108,0.6114847893317623,0.6078453264885973,0.6073050687869861
875,0.9370898604393005,0.7233743071556091,0.6030468940734863,1.9451006650924683,0.6063409732911652,0.6022196836034281,0.6018790945751082
876,0.9359570145606995,0.7256354689598083,0.6057031154632568,1.9219697713851929,0.6092306990311753,0.6047843237759369,0.6042205194541415
877,0.9397265911102295,0.7182918787002563,0.6079687476158142,1.9191209077835083,0.6120381300911726,0.6069306653767872,0.6066322130097459
878,0.9399609565734863,0.7153401374816895,0.611328125,1.925758719444275,0.6139239713509932,0.6106624064675861,0.609868940689803
879,0.9407031536102295,0.7140985131263733,0.6018750071525574,1.9538636207580566,0.6056752962134612,0.6010983374120487,0.6005791638664082
880,0.9392969012260437,0.7159935832023621,0.6065624952316284,1.939469337463379,0.6106225561623257,0.6057362790787135,0.6050924805430384
881,0.9339843988418579,0.7308907508850098,0.6075000166893005,1.9515750408172607,0.6112958863906932,0.6066779213515103,0.6060757690138305
882,0.938671886920929,0.7203576564788818,0.6048437356948853,1.9429110288619995,0.6082346626192857,0.6040786946404679,0.6033331138161289
883,0.9387890696525574,0.7213578224182129,0.6036718487739563,1.9297840595245361,0.6061351567595535,0.6029054112193283,0.6019215593550686
884,0.9364648461341858,0.7272945642471313,0.6064843535423279,1.9453418254852295,0.6099089011614878,0.6054023652241399,0.604922958899822
885,0.9381445050239563,0.7208144664764404,0.5990625023841858,1.9601188898086548,0.601974925914865,0.5981557072836403,0.5975094495386266
886,0.9376171827316284,0.7219224572181702,0.6043750047683716,1.94923734664917,0.6082418841258558,0.6037448405610919,0.6034315075688589
887,0.9390234351158142,0.7208988070487976,0.6032812595367432,1.9582159519195557,0.6062237712507346,0.6021528460767847,0.6017189973037188
888,0.9395898580551147,0.7158350348472595,0.6017187237739563,1.9477847814559937,0.6049976008809853,0.6009260544286976,0.600739872187046
889,0.9403906464576721,0.7126270532608032,0.608593761920929,1.9314031600952148,0.612094873417718,0.6078479847037991,0.6075525880229585
890,0.9414648413658142,0.7112510800361633,0.608203113079071,1.9425461292266846,0.611114064538078,0.6071513161929435,0.6066550395106747
891,0.940722644329071,0.7078815698623657,0.6039843559265137,1.9640084505081177,0.6072703673787087,0.6033358374505178,0.6027675129375947
892,0.9388281106948853,0.7167535424232483,0.6005468964576721,1.9573062658309937,0.604158320952876,0.5997311287961564,0.599252753014359
893,0.9406054615974426,0.7148383855819702,0.6107812523841858,1.9352892637252808,0.6141758303830511,0.6098250397297743,0.6091085430871128
894,0.9380078315734863,0.7184731960296631,0.6063281297683716,1.9446552991867065,0.6094507609390598,0.6055167781830313,0.6049950495154905
895,0.9385156035423279,0.7198363542556763,0.6059374809265137,1.95281183719635,0.609094770624001,0.6051498508854749,0.6045681444816263
896,0.9388867020606995,0.7169477939605713,0.6011718511581421,1.9500956535339355,0.6050494629742997,0.6003998628106693,0.5998554174438323
897,0.939257800579071,0.7181791663169861,0.6029687523841858,1.9545924663543701,0.6061263926904131,0.6021793500883894,0.6015814506306427
898,0.9382421970367432,0.7201189994812012,0.6046093702316284,1.9439259767532349,0.6072960712460658,0.6037245651239628,0.6031354267998794
899,0.9388672113418579,0.7206057906150818,0.6044531464576721,1.9426674842834473,0.6076904712623582,0.6036017474428254,0.6027535610228849
900,0.9376171827316284,0.7210712432861328,0.610156238079071,1.9410810470581055,0.6133877207181273,0.6092859927767968,0.6086017123848338
901,0.938281238079071,0.7230571508407593,0.6092187762260437,1.940091609954834,0.6124668751148108,0.6085125550418016,0.6079244204813259
902,0.9411523342132568,0.7134634256362915,0.6050781011581421,1.9338078498840332,0.6074850013860322,0.6042623631967585,0.6033510680939851
903,0.9378320574760437,0.7174080014228821,0.6089062690734863,1.9337399005889893,0.6121269923867899,0.6083965203249793,0.6074933149421742
904,0.9394921660423279,0.7155330181121826,0.6057812571525574,1.9453948736190796,0.608615067339173,0.604971537090407,0.6039561130610978
905,0.9383398294448853,0.7159926891326904,0.6069531440734863,1.934828758239746,0.6100668355291526,0.6060606756519633,0.6054348896158361
906,0.9401171803474426,0.7160284519195557,0.6040624976158142,1.9471124410629272,0.6074229895033983,0.603275588950618,0.6027400169435394
907,0.9392969012260437,0.717170238494873,0.6075000166893005,1.9529681205749512,0.6112898180184202,0.6067061914572599,0.6059261349951102
908,0.9410351514816284,0.7174819111824036,0.6122656464576721,1.9221028089523315,0.6150540836318392,0.6112908133679202,0.6103259733604686
909,0.9413476586341858,0.7124863266944885,0.6121875047683716,1.9283103942871094,0.6150790001408184,0.611581533514231,0.6107880729535013
910,0.9412500262260437,0.7122655510902405,0.6060937643051147,1.9306962490081787,0.6094776054737652,0.6054042508823166,0.6049654793986208
911,0.9406054615974426,0.713348388671875,0.606640636920929,1.9597642421722412,0.6097404926275106,0.6060458110708205,0.6051141378728959
912,0.9369531273841858,0.7222902774810791,0.6065624952316284,1.9460456371307373,0.6102139044873006,0.6055937049420229,0.604814270025536
913,0.9394726753234863,0.715195894241333,0.6086719036102295,1.927950143814087,0.6113093490955339,0.6078655543288561,0.6071937434613879
914,0.9385351538658142,0.7220543026924133,0.6019531488418579,1.9531670808792114,0.6049255499850726,0.6012082656247746,0.6008099490816189
915,0.9408789277076721,0.7122657895088196,0.6094531416893005,1.9265198707580566,0.6127630676225346,0.6086656922156961,0.6082670312738783
916,0.9398046731948853,0.7156251668930054,0.6119531393051147,1.9187754392623901,0.6156574996062887,0.6113045191224765,0.611002394096641
917,0.9382421970367432,0.7199571132659912,0.6004687547683716,1.9513472318649292,0.6039024736144262,0.5997740453056702,0.5994318664974698
918,0.9390038847923279,0.7165120840072632,0.6123437285423279,1.9499667882919312,0.6160495986900476,0.6114169155703986,0.611180735951393
919,0.9394921660423279,0.7156330347061157,0.6089062690734863,1.9372729063034058,0.611799548504516,0.6082158558356106,0.6075751161409877
920,0.9392383098602295,0.7132216095924377,0.6064843535423279,1.9468910694122314,0.6094730768149946,0.6056144762885004,0.6047946037800109
921,0.9399804472923279,0.7139257192611694,0.6103906035423279,1.9246255159378052,0.6144941117794598,0.6096383636792974,0.6092602342577422
922,0.9408593773841858,0.7159925699234009,0.6078125238418579,1.9330267906188965,0.6111015642162655,0.6075930502032685,0.60698767047125
923,0.937304675579071,0.7226071357727051,0.6049218773841858,1.9487398862838745,0.608029524817373,0.6039983691163187,0.6034887705640308
924,0.9404687285423279,0.7140424847602844,0.6060937643051147,1.9407697916030884,0.609395198727331,0.6052352334642985,0.6047220666020792
925,0.9378906488418579,0.722438633441925,0.6111719012260437,1.9206962585449219,0.6150703046814163,0.6105687037201053,0.6099289235307439
926,0.9395117163658142,0.7176488637924194,0.604687511920929,1.9329320192337036,0.6080092317155479,0.6038833122294722,0.6030999593670392
927,0.9405468702316284,0.7171972393989563,0.6154687404632568,1.9054884910583496,0.6198661965407248,0.6147200651411961,0.6144137172356618
928,0.9399999976158142,0.7193261981010437,0.609375,1.9220128059387207,0.6131523284841505,0.6089470280819321,0.6084593183937985
929,0.9398242235183716,0.7137259840965271,0.6039062738418579,1.9215120077133179,0.6070584818384229,0.6032467205280134,0.6026439761003014
930,0.9399609565734863,0.7098894715309143,0.6096875071525574,1.9214063882827759,0.6128415591416805,0.6092815654629589,0.6084205959875009
931,0.9416210651397705,0.7158892154693604,0.6077343821525574,1.9317387342453003,0.6106304138373164,0.607442423032574,0.6065532956378951
932,0.9419921636581421,0.7127483487129211,0.6099218726158142,1.9272868633270264,0.6130888289914865,0.6093518820933052,0.6089312539134955
933,0.94091796875,0.7081435322761536,0.6097656488418579,1.9276745319366455,0.6127695351562117,0.6091585919547782,0.608652076757508
934,0.9404101371765137,0.7143906354904175,0.6052343845367432,1.937307596206665,0.6096716824888352,0.6044076034448518,0.603756967157358
935,0.9393749833106995,0.7134945392608643,0.6067968606948853,1.949811577796936,0.6096990719090678,0.6059783379775295,0.604927845018831
936,0.9398632645606995,0.7157506346702576,0.6064843535423279,1.942917823791504,0.6093575585094483,0.6058883169722191,0.6050577257627654
937,0.9394726753234863,0.7152473330497742,0.6097656488418579,1.9186744689941406,0.6129526358258286,0.6088530496761092,0.6083407619192934
938,0.937304675579071,0.7219334244728088,0.6081249713897705,1.9411816596984863,0.6118057637415544,0.607416718226389,0.6067565206533363
939,0.9389452934265137,0.7179485559463501,0.6067187786102295,1.9405044317245483,0.6103929585832658,0.6057736165470342,0.6052182548982759
940,0.9396288990974426,0.7163276076316833,0.6025000214576721,1.9356584548950195,0.6065645970160273,0.6018527110435539,0.6015203588279792
941,0.9395507574081421,0.7124143838882446,0.6040624976158142,1.937098503112793,0.607872788841777,0.6032179637055051,0.6026684799543542
942,0.9412890672683716,0.7101384997367859,0.6078125238418579,1.9238860607147217,0.6108087045786736,0.6069373745008538,0.605977573510885
943,0.94140625,0.7085239291191101,0.6092968583106995,1.918770432472229,0.612300978746428,0.6084646998976796,0.607848359993679
944,0.9414452910423279,0.7085053324699402,0.6078906059265137,1.9369369745254517,0.6112567988988533,0.6071662135203579,0.6068227808874878
945,0.9396288990974426,0.7176647186279297,0.606640636920929,1.9199577569961548,0.6103029268794246,0.6059372698967478,0.6054406502988534
946,0.9400781393051147,0.7136198282241821,0.6060937643051147,1.937301754951477,0.609393410781035,0.6050672101208876,0.6044383705078855
947,0.9398632645606995,0.7147200703620911,0.6030468940734863,1.9542416334152222,0.6067657263702356,0.6020780854441183,0.6014304740100743
948,0.9408007860183716,0.7123600244522095,0.6132031083106995,1.9077284336090088,0.6167364278295593,0.6123120405994287,0.6117827245955269
949,0.9407812356948853,0.7101021409034729,0.6068750023841858,1.923820972442627,0.6100826996276841,0.6059043010247641,0.6055541787432942
950,0.9383984208106995,0.7161250114440918,0.6053125262260437,1.9401872158050537,0.608810921997578,0.6044715230195722,0.6041037884788943
951,0.9386913776397705,0.7190104126930237,0.6060937643051147,1.9315110445022583,0.6078090192501495,0.605011188186571,0.6043050758954722
952,0.9409375190734863,0.7093396186828613,0.5994531512260437,1.9455586671829224,0.6021008649087602,0.5987147166508224,0.5980279821753121
953,0.9436328411102295,0.7044162750244141,0.6100000143051147,1.9190490245819092,0.6124321783530735,0.6094222123607962,0.6086343291497702
954,0.9423046708106995,0.7076827883720398,0.6039062738418579,1.9226047992706299,0.606530642646468,0.6032002116801999,0.6025916535754061
955,0.9410156011581421,0.7067162990570068,0.604687511920929,1.9480515718460083,0.6069312245080711,0.6037655688181987,0.6029777476629332
956,0.9384179711341858,0.7172676920890808,0.5995312333106995,1.9575790166854858,0.6014285980027861,0.5985013411402934,0.597533717916977
957,0.9401562213897705,0.7130879759788513,0.6050781011581421,1.9559489488601685,0.6079198425352919,0.6043698292874586,0.6037057876403155
958,0.9405468702316284,0.7122072577476501,0.6056249737739563,1.9263525009155273,0.6081827850639545,0.6048011716675167,0.604049821414657
959,0.9395898580551147,0.7175639867782593,0.6053906083106995,1.9311814308166504,0.6090810381050856,0.6047189717852066,0.6044492584294787
960,0.9393945336341858,0.717405378818512,0.6049218773841858,1.9334132671356201,0.6075504149567161,0.6040984555818452,0.6034294917857708
961,0.9394140839576721,0.7159460186958313,0.6107812523841858,1.928748369216919,0.6136984086391944,0.6101144040881874,0.6094689771758207
962,0.9414452910423279,0.7097233533859253,0.6126562356948853,1.9113764762878418,0.6157175103424681,0.6119536965879536,0.6115060711442173
963,0.939160168170929,0.7151947617530823,0.6050781011581421,1.9300869703292847,0.6086919636894844,0.6044115058379795,0.6037847139882819
964,0.9393945336341858,0.716127336025238,0.6034374833106995,1.935314655303955,0.6061511265901033,0.602707176559887,0.6018559460037876
965,0.9398046731948853,0.7171729803085327,0.6091406345367432,1.935880422592163,0.612515957204357,0.6085549390959274,0.6080646335364093
966,0.9391992092132568,0.7177183628082275,0.6046093702316284,1.9439349174499512,0.6076555670951307,0.6037345258571918,0.6029250857634116
967,0.9396093487739563,0.7157517075538635,0.6037499904632568,1.942383885383606,0.6074763741221263,0.6027697910278016,0.6024630430446078
968,0.9392383098602295,0.7162102460861206,0.6059374809265137,1.9395190477371216,0.6090615843812796,0.6052374971147243,0.6047434586401261
969,0.9384765625,0.7162916660308838,0.603515625,1.942032814025879,0.60617400566696,0.602652955270008,0.6019708619172681
970,0.941699206829071,0.7080667018890381,0.6017968654632568,1.9439692497253418,0.6032467688680039,0.6007840206428954,0.5997595197751274
971,0.9420312643051147,0.7093435525894165,0.6090624928474426,1.9360095262527466,0.6115491806613572,0.6080313289417407,0.6073490900638738
972,0.9397851824760437,0.7128142714500427,0.6060156226158142,1.950127363204956,0.6090492908669147,0.6050894733612115,0.6045675740449623
973,0.9368749856948853,0.7201736569404602,0.606640636920929,1.9428237676620483,0.6096858025703622,0.6058448805799452,0.6052661782168609
974,0.9384179711341858,0.715594470500946,0.6051562428474426,1.9368205070495605,0.6082959985678382,0.6044433810710004,0.6040650662386822
975,0.940625011920929,0.7117052674293518,0.6112499833106995,1.9144150018692017,0.6137401724517045,0.6107412621700934,0.6098291885875211
976,0.942578136920929,0.7053606510162354,0.5995312333106995,1.96799635887146,0.602587341701066,0.5987716751944065,0.5981276717033788
977,0.9426367282867432,0.7065523266792297,0.6003124713897705,1.9546597003936768,0.6032565444365479,0.5991903640879506,0.5985748341818599
978,0.9433984160423279,0.7050595879554749,0.6060937643051147,1.9438589811325073,0.6092178110814239,0.6049472521036772,0.6040872672679242
979,0.9399023652076721,0.7076323628425598,0.6043750047683716,1.9421764612197876,0.6073426315997162,0.6035218830981199,0.6029282463495604
980,0.9387304782867432,0.7158165574073792,0.6016406416893005,1.9534820318222046,0.6057102853336672,0.6010083075330084,0.6004114853778432
981,0.9407031536102295,0.7159404158592224,0.6053125262260437,1.946172833442688,0.6084733059982559,0.604981074130699,0.6043104400356415
982,0.9400195479393005,0.712574303150177,0.6014843583106995,1.9703052043914795,0.6044790124371674,0.6008705733505426,0.5999654003703441
983,0.9398046731948853,0.7186648845672607,0.6048437356948853,1.9601129293441772,0.6086155207920155,0.604207477968669,0.6033194765760677
984,0.9415234327316284,0.7127938270568848,0.6052343845367432,1.9583338499069214,0.6091951621668872,0.6042004298949193,0.6036339959710949
985,0.940234363079071,0.7134084105491638,0.6007031202316284,1.9599409103393555,0.6037355314569526,0.5994042065493159,0.5984131754339334
986,0.938769519329071,0.7191522717475891,0.5978906154632568,1.9780447483062744,0.6019981643717951,0.5973403627349185,0.5967941062507289
987,0.9384765625,0.7160579562187195,0.6032812595367432,1.9480509757995605,0.606824255209663,0.602478176078945,0.6020021705149917
988,0.9403906464576721,0.7129675149917603,0.6029687523841858,1.9491015672683716,0.6068047705748385,0.6023065391259476,0.6016765758984877
989,0.9415038824081421,0.7065322399139404,0.5989062786102295,1.9580501317977905,0.6026743200169571,0.5981244663837499,0.5975478152651239
990,0.9438086152076721,0.7006340622901917,0.5960937738418579,1.9571152925491333,0.5997765874023742,0.5953996836807558,0.59483761631337
991,0.9401562213897705,0.7113690376281738,0.6017968654632568,1.9529163837432861,0.6052327828163178,0.601219546079661,0.6004314997655547
992,0.93994140625,0.7137718200683594,0.5991406440734863,1.957693338394165,0.6024577471516589,0.5986118677134702,0.5978202019216122
993,0.9391796588897705,0.7149397134780884,0.603515625,1.9566820859909058,0.6066883119283413,0.6027596576454239,0.6022347720605381
994,0.9414258003234863,0.7109884023666382,0.6047656536102295,1.9426132440567017,0.6080115241904169,0.6043048590039906,0.6037301165732865
995,0.9412304759025574,0.7121484279632568,0.6018750071525574,1.9423350095748901,0.6046021293503748,0.6012420454226901,0.6004935297229675
996,0.9396874904632568,0.7143927216529846,0.6078906059265137,1.9264775514602661,0.6113522894972148,0.6075555557763406,0.6068807234763879
997,0.9399023652076721,0.7109033465385437,0.602343738079071,1.9644782543182373,0.606111821447139,0.6020150152857455,0.6012078809934966
998,0.9402734637260437,0.7164562344551086,0.603515625,1.9753167629241943,0.6065640515714585,0.6029411461602241,0.6023130461018273
999,0.9414258003234863,0.7132143974304199,0.6018750071525574,1.9608502388000488,0.6048992923220651,0.6011433958337764,0.6003723668123885
